	2	2	2	2	2	2	2	2	2	2	2	2	2	2	2	2	2	2	2	0	0	0	0	0	0	0	0	0	0	0	0	0	0	0	0	0	0	0	0	0	0	0	0	0	0	0	0	0	0	0	0	0	0	0	0	0	0	0	0	0	0	0	0	0	0	0	0	0	0	0	0	0	0	0	0	0	0	0	0	0	0	0	0	0	0	0	0	0	0	0	0	0	0	0	0	0	0	0	0	0	0	0	0	0	0	0	0	0	0	0	0	0	0	0	0	0	0	0	0	0	0	0	0	0	0	0	0	0	0	0	0	0	0	0	0	0	0	0	0	0	0	0	0	0	0	0	0	0	0	0	0	0	0	0	0	0	0	0	0	0	0	0	0	0	0	0	0	0	0	0	0	0	0	0	0	0	0	0	0	0	0	0	0	0	0	0	0	0	0	0	0	0	0	0	0	0	0	0	0	0	0	0	0	0	0	0	0	0	0	0	0	0	0	0	0	0	0	0	0	0	0	0	0	0	0	0	0	0	0	0	0	0	0	0	0	0	0	0	0	0	0	0	0	0	0	0	0	0	0	0	0	1	1	1	1	1	1	1	1	1	1	1	1	1	1	1	1	1	1	1	1	1	1	1	1	1	1	1	1	1	1	1	1	1	1	1	1	1	1	1	1	1	1	1	1	1	1	1	1	1
0	0.0228	0.0228	0.0228	0.0228	0.0228	0.0228	0.0228	0.0228	0.0228	0.0228	0.0228	0.0228	0.0228	0.0228	0.0228	0.0228	0.0228	0.0228	0.0228	0.0014	0.0014	0.0014	0.0014	0.0014	0.0014	0.0014	0.0014	0.0014	0.0014	0.0014	0.0014	0.0014	0.0014	0.0014	0.0014	0.0014	0.0014	0.0014	0.0014	0.0014	0.0014	0.0014	0.0014	0.0014	0.0014	0.0014	0.0014	0.0014	0.0014	0.0014	0.0014	0.0014	0.0014	0.0014	0.0014	0.0014	0.0014	0.0014	0.0014	0.0014	0.0014	0.0014	0.0014	0.0014	0.0014	0.0014	0.0014	0.0014	0.0014	0.0014	0.0014	0.0014	0.0014	0.0014	0.0014	0.0014	0.0014	0.0014	0.0014	0.0014	0.0014	0.0014	0.0014	0.0014	0.0014	0.0014	0.0014	0.0014	0.0014	0.0014	0.0014	0.0014	0.0014	0.0014	0.0014	0.0014	0.0014	0.0014	0.0014	0.0014	0.0014	0.0014	0.0014	0.0014	0.0014	0.0014	0.0014	0.0014	0.0014	0.0014	0.0014	0.0014	0.0014	0.0014	0.0014	0.0014	0.0014	0.0014	0.0014	0.0014	0.0014	0.0014	0.0014	0.0014	0.0014	0.0014	0.0014	0.0014	0.0014	0.0014	0.0014	0.0014	0.0014	0.0014	0.0014	0.0014	0.0014	0.0014	0.0014	0.0014	0.0014	0.0014	0.0014	0.0014	0.0014	0.0014	0.0014	0.0014	0.0014	0.0014	0.0014	0.0014	0.0014	0.0014	0.0014	0.0014	0.0014	0.0014	0.0014	0.0014	0.0014	0.0014	0.0014	0.0014	0.0014	0.0014	0.0014	0.0014	0.0014	0.0014	0.0014	0.0014	0.0014	0.0014	0.0014	0.0014	0.0014	0.0014	0.0014	0.0014	0.0014	0.0014	0.0014	0.0014	0.0014	0.0014	0.0014	0.0014	0.0014	0.0014	0.0014	0.0014	0.0014	0.0014	0.0014	0.0014	0.0014	0.0014	0.0014	0.0014	0.0014	0.0014	0.0014	0.0014	0.0014	0.0014	0.0014	0.0014	0.0014	0.0014	0.0014	0.0014	0.0014	0.0014	0.0014	0.0014	0.0014	0.0014	0.0014	0.0014	0.0014	0.0014	0.0014	0.0014	0.0014	0.0014	0.0014	0.0014	0.0014	0.0014	0.0014	0.0014	0.0014	0.0014	0.0014	0.0014	0.0014	0.0014	0.0014	0.0014	0.0014	0.0014	0.0014	0.0014	0.0014	0.0014	0.0014	0.0014	0.0014	0.0014	0.0014	0.0336	0.0336	0.0336	0.0336	0.0336	0.0336	0.0336	0.0336	0.0336	0.0336	0.0336	0.0336	0.0336	0.0336	0.0336	0.0336	0.0336	0.0336	0.0336	0.0336	0.0336	0.0336	0.0336	0.0336	0.0336	0.0336	0.0336	0.0336	0.0336	0.0336	0.0336	0.0336	0.0336	0.0336	0.0336	0.0336	0.0336	0.0336	0.0336	0.0336	0.0336	0.0336	0.0336	0.0336	0.0336	0.0336	0.0336	0.0336	0.0336
1	0.0996	0.0996	0.0996	0.0996	0.0996	0.0996	0.0996	0.0996	0.0996	0.0996	0.0996	0.0996	0.0996	0.0996	0.0996	0.0996	0.0996	0.0996	0.0996	0.0222	0.0222	0.0222	0.0222	0.0222	0.0222	0.0222	0.0222	0.0222	0.0222	0.0222	0.0222	0.0222	0.0222	0.0222	0.0222	0.0222	0.0222	0.0222	0.0222	0.0222	0.0222	0.0222	0.0222	0.0222	0.0222	0.0222	0.0222	0.0222	0.0222	0.0222	0.0222	0.0222	0.0222	0.0222	0.0222	0.0222	0.0222	0.0222	0.0222	0.0222	0.0222	0.0222	0.0222	0.0222	0.0222	0.0222	0.0222	0.0222	0.0222	0.0222	0.0222	0.0222	0.0222	0.0222	0.0222	0.0222	0.0222	0.0222	0.0222	0.0222	0.0222	0.0222	0.0222	0.0222	0.0222	0.0222	0.0222	0.0222	0.0222	0.0222	0.0222	0.0222	0.0222	0.0222	0.0222	0.0222	0.0222	0.0222	0.0222	0.0222	0.0222	0.0222	0.0222	0.0222	0.0222	0.0222	0.0222	0.0222	0.0222	0.0222	0.0222	0.0222	0.0222	0.0222	0.0222	0.0222	0.0222	0.0222	0.0222	0.0222	0.0222	0.0222	0.0222	0.0222	0.0222	0.0222	0.0222	0.0222	0.0222	0.0222	0.0222	0.0222	0.0222	0.0222	0.0222	0.0222	0.0222	0.0222	0.0222	0.0222	0.0222	0.0222	0.0222	0.0222	0.0222	0.0222	0.0222	0.0222	0.0222	0.0222	0.0222	0.0222	0.0222	0.0222	0.0222	0.0222	0.0222	0.0222	0.0222	0.0222	0.0222	0.0222	0.0222	0.0222	0.0222	0.0222	0.0222	0.0222	0.0222	0.0222	0.0222	0.0222	0.0222	0.0222	0.0222	0.0222	0.0222	0.0222	0.0222	0.0222	0.0222	0.0222	0.0222	0.0222	0.0222	0.0222	0.0222	0.0222	0.0222	0.0222	0.0222	0.0222	0.0222	0.0222	0.0222	0.0222	0.0222	0.0222	0.0222	0.0222	0.0222	0.0222	0.0222	0.0222	0.0222	0.0222	0.0222	0.0222	0.0222	0.0222	0.0222	0.0222	0.0222	0.0222	0.0222	0.0222	0.0222	0.0222	0.0222	0.0222	0.0222	0.0222	0.0222	0.0222	0.0222	0.0222	0.0222	0.0222	0.0222	0.0222	0.0222	0.0222	0.0222	0.0222	0.0222	0.0222	0.0222	0.0222	0.0222	0.0222	0.0222	0.0222	0.0222	0.0222	0.0222	0.0222	0.0222	0.0222	0.0222	0.0222	0.0222	0.0072	0.0072	0.0072	0.0072	0.0072	0.0072	0.0072	0.0072	0.0072	0.0072	0.0072	0.0072	0.0072	0.0072	0.0072	0.0072	0.0072	0.0072	0.0072	0.0072	0.0072	0.0072	0.0072	0.0072	0.0072	0.0072	0.0072	0.0072	0.0072	0.0072	0.0072	0.0072	0.0072	0.0072	0.0072	0.0072	0.0072	0.0072	0.0072	0.0072	0.0072	0.0072	0.0072	0.0072	0.0072	0.0072	0.0072	0.0072	0.0072
2	0.0145	0.0145	0.0145	0.0145	0.0145	0.0145	0.0145	0.0145	0.0145	0.0145	0.0145	0.0145	0.0145	0.0145	0.0145	0.0145	0.0145	0.0145	0.0145	0.0003	0.0003	0.0003	0.0003	0.0003	0.0003	0.0003	0.0003	0.0003	0.0003	0.0003	0.0003	0.0003	0.0003	0.0003	0.0003	0.0003	0.0003	0.0003	0.0003	0.0003	0.0003	0.0003	0.0003	0.0003	0.0003	0.0003	0.0003	0.0003	0.0003	0.0003	0.0003	0.0003	0.0003	0.0003	0.0003	0.0003	0.0003	0.0003	0.0003	0.0003	0.0003	0.0003	0.0003	0.0003	0.0003	0.0003	0.0003	0.0003	0.0003	0.0003	0.0003	0.0003	0.0003	0.0003	0.0003	0.0003	0.0003	0.0003	0.0003	0.0003	0.0003	0.0003	0.0003	0.0003	0.0003	0.0003	0.0003	0.0003	0.0003	0.0003	0.0003	0.0003	0.0003	0.0003	0.0003	0.0003	0.0003	0.0003	0.0003	0.0003	0.0003	0.0003	0.0003	0.0003	0.0003	0.0003	0.0003	0.0003	0.0003	0.0003	0.0003	0.0003	0.0003	0.0003	0.0003	0.0003	0.0003	0.0003	0.0003	0.0003	0.0003	0.0003	0.0003	0.0003	0.0003	0.0003	0.0003	0.0003	0.0003	0.0003	0.0003	0.0003	0.0003	0.0003	0.0003	0.0003	0.0003	0.0003	0.0003	0.0003	0.0003	0.0003	0.0003	0.0003	0.0003	0.0003	0.0003	0.0003	0.0003	0.0003	0.0003	0.0003	0.0003	0.0003	0.0003	0.0003	0.0003	0.0003	0.0003	0.0003	0.0003	0.0003	0.0003	0.0003	0.0003	0.0003	0.0003	0.0003	0.0003	0.0003	0.0003	0.0003	0.0003	0.0003	0.0003	0.0003	0.0003	0.0003	0.0003	0.0003	0.0003	0.0003	0.0003	0.0003	0.0003	0.0003	0.0003	0.0003	0.0003	0.0003	0.0003	0.0003	0.0003	0.0003	0.0003	0.0003	0.0003	0.0003	0.0003	0.0003	0.0003	0.0003	0.0003	0.0003	0.0003	0.0003	0.0003	0.0003	0.0003	0.0003	0.0003	0.0003	0.0003	0.0003	0.0003	0.0003	0.0003	0.0003	0.0003	0.0003	0.0003	0.0003	0.0003	0.0003	0.0003	0.0003	0.0003	0.0003	0.0003	0.0003	0.0003	0.0003	0.0003	0.0003	0.0003	0.0003	0.0003	0.0003	0.0003	0.0003	0.0003	0.0003	0.0003	0.0003	0.0003	0.0003	0.0003	0.0003	0.0003	0.0003	0.0003	0.0319	0.0319	0.0319	0.0319	0.0319	0.0319	0.0319	0.0319	0.0319	0.0319	0.0319	0.0319	0.0319	0.0319	0.0319	0.0319	0.0319	0.0319	0.0319	0.0319	0.0319	0.0319	0.0319	0.0319	0.0319	0.0319	0.0319	0.0319	0.0319	0.0319	0.0319	0.0319	0.0319	0.0319	0.0319	0.0319	0.0319	0.0319	0.0319	0.0319	0.0319	0.0319	0.0319	0.0319	0.0319	0.0319	0.0319	0.0319	0.0319
3	0.0197	0.0197	0.0197	0.0197	0.0197	0.0197	0.0197	0.0197	0.0197	0.0197	0.0197	0.0197	0.0197	0.0197	0.0197	0.0197	0.0197	0.0197	0.0197	0.0068	0.0068	0.0068	0.0068	0.0068	0.0068	0.0068	0.0068	0.0068	0.0068	0.0068	0.0068	0.0068	0.0068	0.0068	0.0068	0.0068	0.0068	0.0068	0.0068	0.0068	0.0068	0.0068	0.0068	0.0068	0.0068	0.0068	0.0068	0.0068	0.0068	0.0068	0.0068	0.0068	0.0068	0.0068	0.0068	0.0068	0.0068	0.0068	0.0068	0.0068	0.0068	0.0068	0.0068	0.0068	0.0068	0.0068	0.0068	0.0068	0.0068	0.0068	0.0068	0.0068	0.0068	0.0068	0.0068	0.0068	0.0068	0.0068	0.0068	0.0068	0.0068	0.0068	0.0068	0.0068	0.0068	0.0068	0.0068	0.0068	0.0068	0.0068	0.0068	0.0068	0.0068	0.0068	0.0068	0.0068	0.0068	0.0068	0.0068	0.0068	0.0068	0.0068	0.0068	0.0068	0.0068	0.0068	0.0068	0.0068	0.0068	0.0068	0.0068	0.0068	0.0068	0.0068	0.0068	0.0068	0.0068	0.0068	0.0068	0.0068	0.0068	0.0068	0.0068	0.0068	0.0068	0.0068	0.0068	0.0068	0.0068	0.0068	0.0068	0.0068	0.0068	0.0068	0.0068	0.0068	0.0068	0.0068	0.0068	0.0068	0.0068	0.0068	0.0068	0.0068	0.0068	0.0068	0.0068	0.0068	0.0068	0.0068	0.0068	0.0068	0.0068	0.0068	0.0068	0.0068	0.0068	0.0068	0.0068	0.0068	0.0068	0.0068	0.0068	0.0068	0.0068	0.0068	0.0068	0.0068	0.0068	0.0068	0.0068	0.0068	0.0068	0.0068	0.0068	0.0068	0.0068	0.0068	0.0068	0.0068	0.0068	0.0068	0.0068	0.0068	0.0068	0.0068	0.0068	0.0068	0.0068	0.0068	0.0068	0.0068	0.0068	0.0068	0.0068	0.0068	0.0068	0.0068	0.0068	0.0068	0.0068	0.0068	0.0068	0.0068	0.0068	0.0068	0.0068	0.0068	0.0068	0.0068	0.0068	0.0068	0.0068	0.0068	0.0068	0.0068	0.0068	0.0068	0.0068	0.0068	0.0068	0.0068	0.0068	0.0068	0.0068	0.0068	0.0068	0.0068	0.0068	0.0068	0.0068	0.0068	0.0068	0.0068	0.0068	0.0068	0.0068	0.0068	0.0068	0.0068	0.0068	0.0068	0.0068	0.0068	0.0068	0.0068	0.0068	0.0068	0.0068	0.0068	0.0068	0.0081	0.0081	0.0081	0.0081	0.0081	0.0081	0.0081	0.0081	0.0081	0.0081	0.0081	0.0081	0.0081	0.0081	0.0081	0.0081	0.0081	0.0081	0.0081	0.0081	0.0081	0.0081	0.0081	0.0081	0.0081	0.0081	0.0081	0.0081	0.0081	0.0081	0.0081	0.0081	0.0081	0.0081	0.0081	0.0081	0.0081	0.0081	0.0081	0.0081	0.0081	0.0081	0.0081	0.0081	0.0081	0.0081	0.0081	0.0081	0.0081
4	0.0169	0.0169	0.0169	0.0169	0.0169	0.0169	0.0169	0.0169	0.0169	0.0169	0.0169	0.0169	0.0169	0.0169	0.0169	0.0169	0.0169	0.0169	0.0169	0.0006	0.0006	0.0006	0.0006	0.0006	0.0006	0.0006	0.0006	0.0006	0.0006	0.0006	0.0006	0.0006	0.0006	0.0006	0.0006	0.0006	0.0006	0.0006	0.0006	0.0006	0.0006	0.0006	0.0006	0.0006	0.0006	0.0006	0.0006	0.0006	0.0006	0.0006	0.0006	0.0006	0.0006	0.0006	0.0006	0.0006	0.0006	0.0006	0.0006	0.0006	0.0006	0.0006	0.0006	0.0006	0.0006	0.0006	0.0006	0.0006	0.0006	0.0006	0.0006	0.0006	0.0006	0.0006	0.0006	0.0006	0.0006	0.0006	0.0006	0.0006	0.0006	0.0006	0.0006	0.0006	0.0006	0.0006	0.0006	0.0006	0.0006	0.0006	0.0006	0.0006	0.0006	0.0006	0.0006	0.0006	0.0006	0.0006	0.0006	0.0006	0.0006	0.0006	0.0006	0.0006	0.0006	0.0006	0.0006	0.0006	0.0006	0.0006	0.0006	0.0006	0.0006	0.0006	0.0006	0.0006	0.0006	0.0006	0.0006	0.0006	0.0006	0.0006	0.0006	0.0006	0.0006	0.0006	0.0006	0.0006	0.0006	0.0006	0.0006	0.0006	0.0006	0.0006	0.0006	0.0006	0.0006	0.0006	0.0006	0.0006	0.0006	0.0006	0.0006	0.0006	0.0006	0.0006	0.0006	0.0006	0.0006	0.0006	0.0006	0.0006	0.0006	0.0006	0.0006	0.0006	0.0006	0.0006	0.0006	0.0006	0.0006	0.0006	0.0006	0.0006	0.0006	0.0006	0.0006	0.0006	0.0006	0.0006	0.0006	0.0006	0.0006	0.0006	0.0006	0.0006	0.0006	0.0006	0.0006	0.0006	0.0006	0.0006	0.0006	0.0006	0.0006	0.0006	0.0006	0.0006	0.0006	0.0006	0.0006	0.0006	0.0006	0.0006	0.0006	0.0006	0.0006	0.0006	0.0006	0.0006	0.0006	0.0006	0.0006	0.0006	0.0006	0.0006	0.0006	0.0006	0.0006	0.0006	0.0006	0.0006	0.0006	0.0006	0.0006	0.0006	0.0006	0.0006	0.0006	0.0006	0.0006	0.0006	0.0006	0.0006	0.0006	0.0006	0.0006	0.0006	0.0006	0.0006	0.0006	0.0006	0.0006	0.0006	0.0006	0.0006	0.0006	0.0006	0.0006	0.0006	0.0006	0.0006	0.0006	0.0006	0.0006	0.0006	0.0006	0.0006	0.0006	0.0006	0.0006	0.0076	0.0076	0.0076	0.0076	0.0076	0.0076	0.0076	0.0076	0.0076	0.0076	0.0076	0.0076	0.0076	0.0076	0.0076	0.0076	0.0076	0.0076	0.0076	0.0076	0.0076	0.0076	0.0076	0.0076	0.0076	0.0076	0.0076	0.0076	0.0076	0.0076	0.0076	0.0076	0.0076	0.0076	0.0076	0.0076	0.0076	0.0076	0.0076	0.0076	0.0076	0.0076	0.0076	0.0076	0.0076	0.0076	0.0076	0.0076	0.0076
5	0.0168	0.0168	0.0168	0.0168	0.0168	0.0168	0.0168	0.0168	0.0168	0.0168	0.0168	0.0168	0.0168	0.0168	0.0168	0.0168	0.0168	0.0168	0.0168	0.0108	0.0108	0.0108	0.0108	0.0108	0.0108	0.0108	0.0108	0.0108	0.0108	0.0108	0.0108	0.0108	0.0108	0.0108	0.0108	0.0108	0.0108	0.0108	0.0108	0.0108	0.0108	0.0108	0.0108	0.0108	0.0108	0.0108	0.0108	0.0108	0.0108	0.0108	0.0108	0.0108	0.0108	0.0108	0.0108	0.0108	0.0108	0.0108	0.0108	0.0108	0.0108	0.0108	0.0108	0.0108	0.0108	0.0108	0.0108	0.0108	0.0108	0.0108	0.0108	0.0108	0.0108	0.0108	0.0108	0.0108	0.0108	0.0108	0.0108	0.0108	0.0108	0.0108	0.0108	0.0108	0.0108	0.0108	0.0108	0.0108	0.0108	0.0108	0.0108	0.0108	0.0108	0.0108	0.0108	0.0108	0.0108	0.0108	0.0108	0.0108	0.0108	0.0108	0.0108	0.0108	0.0108	0.0108	0.0108	0.0108	0.0108	0.0108	0.0108	0.0108	0.0108	0.0108	0.0108	0.0108	0.0108	0.0108	0.0108	0.0108	0.0108	0.0108	0.0108	0.0108	0.0108	0.0108	0.0108	0.0108	0.0108	0.0108	0.0108	0.0108	0.0108	0.0108	0.0108	0.0108	0.0108	0.0108	0.0108	0.0108	0.0108	0.0108	0.0108	0.0108	0.0108	0.0108	0.0108	0.0108	0.0108	0.0108	0.0108	0.0108	0.0108	0.0108	0.0108	0.0108	0.0108	0.0108	0.0108	0.0108	0.0108	0.0108	0.0108	0.0108	0.0108	0.0108	0.0108	0.0108	0.0108	0.0108	0.0108	0.0108	0.0108	0.0108	0.0108	0.0108	0.0108	0.0108	0.0108	0.0108	0.0108	0.0108	0.0108	0.0108	0.0108	0.0108	0.0108	0.0108	0.0108	0.0108	0.0108	0.0108	0.0108	0.0108	0.0108	0.0108	0.0108	0.0108	0.0108	0.0108	0.0108	0.0108	0.0108	0.0108	0.0108	0.0108	0.0108	0.0108	0.0108	0.0108	0.0108	0.0108	0.0108	0.0108	0.0108	0.0108	0.0108	0.0108	0.0108	0.0108	0.0108	0.0108	0.0108	0.0108	0.0108	0.0108	0.0108	0.0108	0.0108	0.0108	0.0108	0.0108	0.0108	0.0108	0.0108	0.0108	0.0108	0.0108	0.0108	0.0108	0.0108	0.0108	0.0108	0.0108	0.0108	0.0108	0.0108	0.0108	0.0108	0.0108	0.0108	0.0301	0.0301	0.0301	0.0301	0.0301	0.0301	0.0301	0.0301	0.0301	0.0301	0.0301	0.0301	0.0301	0.0301	0.0301	0.0301	0.0301	0.0301	0.0301	0.0301	0.0301	0.0301	0.0301	0.0301	0.0301	0.0301	0.0301	0.0301	0.0301	0.0301	0.0301	0.0301	0.0301	0.0301	0.0301	0.0301	0.0301	0.0301	0.0301	0.0301	0.0301	0.0301	0.0301	0.0301	0.0301	0.0301	0.0301	0.0301	0.0301
6	0.019	0.019	0.019	0.019	0.019	0.019	0.019	0.019	0.019	0.019	0.019	0.019	0.019	0.019	0.019	0.019	0.019	0.019	0.019	0.001	0.001	0.001	0.001	0.001	0.001	0.001	0.001	0.001	0.001	0.001	0.001	0.001	0.001	0.001	0.001	0.001	0.001	0.001	0.001	0.001	0.001	0.001	0.001	0.001	0.001	0.001	0.001	0.001	0.001	0.001	0.001	0.001	0.001	0.001	0.001	0.001	0.001	0.001	0.001	0.001	0.001	0.001	0.001	0.001	0.001	0.001	0.001	0.001	0.001	0.001	0.001	0.001	0.001	0.001	0.001	0.001	0.001	0.001	0.001	0.001	0.001	0.001	0.001	0.001	0.001	0.001	0.001	0.001	0.001	0.001	0.001	0.001	0.001	0.001	0.001	0.001	0.001	0.001	0.001	0.001	0.001	0.001	0.001	0.001	0.001	0.001	0.001	0.001	0.001	0.001	0.001	0.001	0.001	0.001	0.001	0.001	0.001	0.001	0.001	0.001	0.001	0.001	0.001	0.001	0.001	0.001	0.001	0.001	0.001	0.001	0.001	0.001	0.001	0.001	0.001	0.001	0.001	0.001	0.001	0.001	0.001	0.001	0.001	0.001	0.001	0.001	0.001	0.001	0.001	0.001	0.001	0.001	0.001	0.001	0.001	0.001	0.001	0.001	0.001	0.001	0.001	0.001	0.001	0.001	0.001	0.001	0.001	0.001	0.001	0.001	0.001	0.001	0.001	0.001	0.001	0.001	0.001	0.001	0.001	0.001	0.001	0.001	0.001	0.001	0.001	0.001	0.001	0.001	0.001	0.001	0.001	0.001	0.001	0.001	0.001	0.001	0.001	0.001	0.001	0.001	0.001	0.001	0.001	0.001	0.001	0.001	0.001	0.001	0.001	0.001	0.001	0.001	0.001	0.001	0.001	0.001	0.001	0.001	0.001	0.001	0.001	0.001	0.001	0.001	0.001	0.001	0.001	0.001	0.001	0.001	0.001	0.001	0.001	0.001	0.001	0.001	0.001	0.001	0.001	0.001	0.001	0.001	0.001	0.001	0.001	0.001	0.001	0.001	0.001	0.001	0.001	0.0546	0.0546	0.0546	0.0546	0.0546	0.0546	0.0546	0.0546	0.0546	0.0546	0.0546	0.0546	0.0546	0.0546	0.0546	0.0546	0.0546	0.0546	0.0546	0.0546	0.0546	0.0546	0.0546	0.0546	0.0546	0.0546	0.0546	0.0546	0.0546	0.0546	0.0546	0.0546	0.0546	0.0546	0.0546	0.0546	0.0546	0.0546	0.0546	0.0546	0.0546	0.0546	0.0546	0.0546	0.0546	0.0546	0.0546	0.0546	0.0546
7	0.0234	0.0234	0.0234	0.0234	0.0234	0.0234	0.0234	0.0234	0.0234	0.0234	0.0234	0.0234	0.0234	0.0234	0.0234	0.0234	0.0234	0.0234	0.0234	0.0412	0.0412	0.0412	0.0412	0.0412	0.0412	0.0412	0.0412	0.0412	0.0412	0.0412	0.0412	0.0412	0.0412	0.0412	0.0412	0.0412	0.0412	0.0412	0.0412	0.0412	0.0412	0.0412	0.0412	0.0412	0.0412	0.0412	0.0412	0.0412	0.0412	0.0412	0.0412	0.0412	0.0412	0.0412	0.0412	0.0412	0.0412	0.0412	0.0412	0.0412	0.0412	0.0412	0.0412	0.0412	0.0412	0.0412	0.0412	0.0412	0.0412	0.0412	0.0412	0.0412	0.0412	0.0412	0.0412	0.0412	0.0412	0.0412	0.0412	0.0412	0.0412	0.0412	0.0412	0.0412	0.0412	0.0412	0.0412	0.0412	0.0412	0.0412	0.0412	0.0412	0.0412	0.0412	0.0412	0.0412	0.0412	0.0412	0.0412	0.0412	0.0412	0.0412	0.0412	0.0412	0.0412	0.0412	0.0412	0.0412	0.0412	0.0412	0.0412	0.0412	0.0412	0.0412	0.0412	0.0412	0.0412	0.0412	0.0412	0.0412	0.0412	0.0412	0.0412	0.0412	0.0412	0.0412	0.0412	0.0412	0.0412	0.0412	0.0412	0.0412	0.0412	0.0412	0.0412	0.0412	0.0412	0.0412	0.0412	0.0412	0.0412	0.0412	0.0412	0.0412	0.0412	0.0412	0.0412	0.0412	0.0412	0.0412	0.0412	0.0412	0.0412	0.0412	0.0412	0.0412	0.0412	0.0412	0.0412	0.0412	0.0412	0.0412	0.0412	0.0412	0.0412	0.0412	0.0412	0.0412	0.0412	0.0412	0.0412	0.0412	0.0412	0.0412	0.0412	0.0412	0.0412	0.0412	0.0412	0.0412	0.0412	0.0412	0.0412	0.0412	0.0412	0.0412	0.0412	0.0412	0.0412	0.0412	0.0412	0.0412	0.0412	0.0412	0.0412	0.0412	0.0412	0.0412	0.0412	0.0412	0.0412	0.0412	0.0412	0.0412	0.0412	0.0412	0.0412	0.0412	0.0412	0.0412	0.0412	0.0412	0.0412	0.0412	0.0412	0.0412	0.0412	0.0412	0.0412	0.0412	0.0412	0.0412	0.0412	0.0412	0.0412	0.0412	0.0412	0.0412	0.0412	0.0412	0.0412	0.0412	0.0412	0.0412	0.0412	0.0412	0.0412	0.0412	0.0412	0.0412	0.0412	0.0412	0.0412	0.0412	0.0412	0.0412	0.0412	0.0412	0.0412	0.0412	0.0412	0.0325	0.0325	0.0325	0.0325	0.0325	0.0325	0.0325	0.0325	0.0325	0.0325	0.0325	0.0325	0.0325	0.0325	0.0325	0.0325	0.0325	0.0325	0.0325	0.0325	0.0325	0.0325	0.0325	0.0325	0.0325	0.0325	0.0325	0.0325	0.0325	0.0325	0.0325	0.0325	0.0325	0.0325	0.0325	0.0325	0.0325	0.0325	0.0325	0.0325	0.0325	0.0325	0.0325	0.0325	0.0325	0.0325	0.0325	0.0325	0.0325
8	0.0239	0.0239	0.0239	0.0239	0.0239	0.0239	0.0239	0.0239	0.0239	0.0239	0.0239	0.0239	0.0239	0.0239	0.0239	0.0239	0.0239	0.0239	0.0239	0.0321	0.0321	0.0321	0.0321	0.0321	0.0321	0.0321	0.0321	0.0321	0.0321	0.0321	0.0321	0.0321	0.0321	0.0321	0.0321	0.0321	0.0321	0.0321	0.0321	0.0321	0.0321	0.0321	0.0321	0.0321	0.0321	0.0321	0.0321	0.0321	0.0321	0.0321	0.0321	0.0321	0.0321	0.0321	0.0321	0.0321	0.0321	0.0321	0.0321	0.0321	0.0321	0.0321	0.0321	0.0321	0.0321	0.0321	0.0321	0.0321	0.0321	0.0321	0.0321	0.0321	0.0321	0.0321	0.0321	0.0321	0.0321	0.0321	0.0321	0.0321	0.0321	0.0321	0.0321	0.0321	0.0321	0.0321	0.0321	0.0321	0.0321	0.0321	0.0321	0.0321	0.0321	0.0321	0.0321	0.0321	0.0321	0.0321	0.0321	0.0321	0.0321	0.0321	0.0321	0.0321	0.0321	0.0321	0.0321	0.0321	0.0321	0.0321	0.0321	0.0321	0.0321	0.0321	0.0321	0.0321	0.0321	0.0321	0.0321	0.0321	0.0321	0.0321	0.0321	0.0321	0.0321	0.0321	0.0321	0.0321	0.0321	0.0321	0.0321	0.0321	0.0321	0.0321	0.0321	0.0321	0.0321	0.0321	0.0321	0.0321	0.0321	0.0321	0.0321	0.0321	0.0321	0.0321	0.0321	0.0321	0.0321	0.0321	0.0321	0.0321	0.0321	0.0321	0.0321	0.0321	0.0321	0.0321	0.0321	0.0321	0.0321	0.0321	0.0321	0.0321	0.0321	0.0321	0.0321	0.0321	0.0321	0.0321	0.0321	0.0321	0.0321	0.0321	0.0321	0.0321	0.0321	0.0321	0.0321	0.0321	0.0321	0.0321	0.0321	0.0321	0.0321	0.0321	0.0321	0.0321	0.0321	0.0321	0.0321	0.0321	0.0321	0.0321	0.0321	0.0321	0.0321	0.0321	0.0321	0.0321	0.0321	0.0321	0.0321	0.0321	0.0321	0.0321	0.0321	0.0321	0.0321	0.0321	0.0321	0.0321	0.0321	0.0321	0.0321	0.0321	0.0321	0.0321	0.0321	0.0321	0.0321	0.0321	0.0321	0.0321	0.0321	0.0321	0.0321	0.0321	0.0321	0.0321	0.0321	0.0321	0.0321	0.0321	0.0321	0.0321	0.0321	0.0321	0.0321	0.0321	0.0321	0.0321	0.0321	0.0321	0.0321	0.0321	0.0321	0.0321	0.0321	0.0321	0.0321	0.0065	0.0065	0.0065	0.0065	0.0065	0.0065	0.0065	0.0065	0.0065	0.0065	0.0065	0.0065	0.0065	0.0065	0.0065	0.0065	0.0065	0.0065	0.0065	0.0065	0.0065	0.0065	0.0065	0.0065	0.0065	0.0065	0.0065	0.0065	0.0065	0.0065	0.0065	0.0065	0.0065	0.0065	0.0065	0.0065	0.0065	0.0065	0.0065	0.0065	0.0065	0.0065	0.0065	0.0065	0.0065	0.0065	0.0065	0.0065	0.0065
9	0.0134	0.0134	0.0134	0.0134	0.0134	0.0134	0.0134	0.0134	0.0134	0.0134	0.0134	0.0134	0.0134	0.0134	0.0134	0.0134	0.0134	0.0134	0.0134	0.0016	0.0016	0.0016	0.0016	0.0016	0.0016	0.0016	0.0016	0.0016	0.0016	0.0016	0.0016	0.0016	0.0016	0.0016	0.0016	0.0016	0.0016	0.0016	0.0016	0.0016	0.0016	0.0016	0.0016	0.0016	0.0016	0.0016	0.0016	0.0016	0.0016	0.0016	0.0016	0.0016	0.0016	0.0016	0.0016	0.0016	0.0016	0.0016	0.0016	0.0016	0.0016	0.0016	0.0016	0.0016	0.0016	0.0016	0.0016	0.0016	0.0016	0.0016	0.0016	0.0016	0.0016	0.0016	0.0016	0.0016	0.0016	0.0016	0.0016	0.0016	0.0016	0.0016	0.0016	0.0016	0.0016	0.0016	0.0016	0.0016	0.0016	0.0016	0.0016	0.0016	0.0016	0.0016	0.0016	0.0016	0.0016	0.0016	0.0016	0.0016	0.0016	0.0016	0.0016	0.0016	0.0016	0.0016	0.0016	0.0016	0.0016	0.0016	0.0016	0.0016	0.0016	0.0016	0.0016	0.0016	0.0016	0.0016	0.0016	0.0016	0.0016	0.0016	0.0016	0.0016	0.0016	0.0016	0.0016	0.0016	0.0016	0.0016	0.0016	0.0016	0.0016	0.0016	0.0016	0.0016	0.0016	0.0016	0.0016	0.0016	0.0016	0.0016	0.0016	0.0016	0.0016	0.0016	0.0016	0.0016	0.0016	0.0016	0.0016	0.0016	0.0016	0.0016	0.0016	0.0016	0.0016	0.0016	0.0016	0.0016	0.0016	0.0016	0.0016	0.0016	0.0016	0.0016	0.0016	0.0016	0.0016	0.0016	0.0016	0.0016	0.0016	0.0016	0.0016	0.0016	0.0016	0.0016	0.0016	0.0016	0.0016	0.0016	0.0016	0.0016	0.0016	0.0016	0.0016	0.0016	0.0016	0.0016	0.0016	0.0016	0.0016	0.0016	0.0016	0.0016	0.0016	0.0016	0.0016	0.0016	0.0016	0.0016	0.0016	0.0016	0.0016	0.0016	0.0016	0.0016	0.0016	0.0016	0.0016	0.0016	0.0016	0.0016	0.0016	0.0016	0.0016	0.0016	0.0016	0.0016	0.0016	0.0016	0.0016	0.0016	0.0016	0.0016	0.0016	0.0016	0.0016	0.0016	0.0016	0.0016	0.0016	0.0016	0.0016	0.0016	0.0016	0.0016	0.0016	0.0016	0.0016	0.0016	0.0016	0.0016	0.0016	0.0016	0.0016	0.0016	0.0016	0.0016	0.0016	0.0077	0.0077	0.0077	0.0077	0.0077	0.0077	0.0077	0.0077	0.0077	0.0077	0.0077	0.0077	0.0077	0.0077	0.0077	0.0077	0.0077	0.0077	0.0077	0.0077	0.0077	0.0077	0.0077	0.0077	0.0077	0.0077	0.0077	0.0077	0.0077	0.0077	0.0077	0.0077	0.0077	0.0077	0.0077	0.0077	0.0077	0.0077	0.0077	0.0077	0.0077	0.0077	0.0077	0.0077	0.0077	0.0077	0.0077	0.0077	0.0077
10	0.0866	0.0866	0.0866	0.0866	0.0866	0.0866	0.0866	0.0866	0.0866	0.0866	0.0866	0.0866	0.0866	0.0866	0.0866	0.0866	0.0866	0.0866	0.0866	0.0048	0.0048	0.0048	0.0048	0.0048	0.0048	0.0048	0.0048	0.0048	0.0048	0.0048	0.0048	0.0048	0.0048	0.0048	0.0048	0.0048	0.0048	0.0048	0.0048	0.0048	0.0048	0.0048	0.0048	0.0048	0.0048	0.0048	0.0048	0.0048	0.0048	0.0048	0.0048	0.0048	0.0048	0.0048	0.0048	0.0048	0.0048	0.0048	0.0048	0.0048	0.0048	0.0048	0.0048	0.0048	0.0048	0.0048	0.0048	0.0048	0.0048	0.0048	0.0048	0.0048	0.0048	0.0048	0.0048	0.0048	0.0048	0.0048	0.0048	0.0048	0.0048	0.0048	0.0048	0.0048	0.0048	0.0048	0.0048	0.0048	0.0048	0.0048	0.0048	0.0048	0.0048	0.0048	0.0048	0.0048	0.0048	0.0048	0.0048	0.0048	0.0048	0.0048	0.0048	0.0048	0.0048	0.0048	0.0048	0.0048	0.0048	0.0048	0.0048	0.0048	0.0048	0.0048	0.0048	0.0048	0.0048	0.0048	0.0048	0.0048	0.0048	0.0048	0.0048	0.0048	0.0048	0.0048	0.0048	0.0048	0.0048	0.0048	0.0048	0.0048	0.0048	0.0048	0.0048	0.0048	0.0048	0.0048	0.0048	0.0048	0.0048	0.0048	0.0048	0.0048	0.0048	0.0048	0.0048	0.0048	0.0048	0.0048	0.0048	0.0048	0.0048	0.0048	0.0048	0.0048	0.0048	0.0048	0.0048	0.0048	0.0048	0.0048	0.0048	0.0048	0.0048	0.0048	0.0048	0.0048	0.0048	0.0048	0.0048	0.0048	0.0048	0.0048	0.0048	0.0048	0.0048	0.0048	0.0048	0.0048	0.0048	0.0048	0.0048	0.0048	0.0048	0.0048	0.0048	0.0048	0.0048	0.0048	0.0048	0.0048	0.0048	0.0048	0.0048	0.0048	0.0048	0.0048	0.0048	0.0048	0.0048	0.0048	0.0048	0.0048	0.0048	0.0048	0.0048	0.0048	0.0048	0.0048	0.0048	0.0048	0.0048	0.0048	0.0048	0.0048	0.0048	0.0048	0.0048	0.0048	0.0048	0.0048	0.0048	0.0048	0.0048	0.0048	0.0048	0.0048	0.0048	0.0048	0.0048	0.0048	0.0048	0.0048	0.0048	0.0048	0.0048	0.0048	0.0048	0.0048	0.0048	0.0048	0.0048	0.0048	0.0048	0.0048	0.0048	0.0048	0.0048	0.0048	0.0048	0.0078	0.0078	0.0078	0.0078	0.0078	0.0078	0.0078	0.0078	0.0078	0.0078	0.0078	0.0078	0.0078	0.0078	0.0078	0.0078	0.0078	0.0078	0.0078	0.0078	0.0078	0.0078	0.0078	0.0078	0.0078	0.0078	0.0078	0.0078	0.0078	0.0078	0.0078	0.0078	0.0078	0.0078	0.0078	0.0078	0.0078	0.0078	0.0078	0.0078	0.0078	0.0078	0.0078	0.0078	0.0078	0.0078	0.0078	0.0078	0.0078
11	0.0224	0.0224	0.0224	0.0224	0.0224	0.0224	0.0224	0.0224	0.0224	0.0224	0.0224	0.0224	0.0224	0.0224	0.0224	0.0224	0.0224	0.0224	0.0224	0.0059	0.0059	0.0059	0.0059	0.0059	0.0059	0.0059	0.0059	0.0059	0.0059	0.0059	0.0059	0.0059	0.0059	0.0059	0.0059	0.0059	0.0059	0.0059	0.0059	0.0059	0.0059	0.0059	0.0059	0.0059	0.0059	0.0059	0.0059	0.0059	0.0059	0.0059	0.0059	0.0059	0.0059	0.0059	0.0059	0.0059	0.0059	0.0059	0.0059	0.0059	0.0059	0.0059	0.0059	0.0059	0.0059	0.0059	0.0059	0.0059	0.0059	0.0059	0.0059	0.0059	0.0059	0.0059	0.0059	0.0059	0.0059	0.0059	0.0059	0.0059	0.0059	0.0059	0.0059	0.0059	0.0059	0.0059	0.0059	0.0059	0.0059	0.0059	0.0059	0.0059	0.0059	0.0059	0.0059	0.0059	0.0059	0.0059	0.0059	0.0059	0.0059	0.0059	0.0059	0.0059	0.0059	0.0059	0.0059	0.0059	0.0059	0.0059	0.0059	0.0059	0.0059	0.0059	0.0059	0.0059	0.0059	0.0059	0.0059	0.0059	0.0059	0.0059	0.0059	0.0059	0.0059	0.0059	0.0059	0.0059	0.0059	0.0059	0.0059	0.0059	0.0059	0.0059	0.0059	0.0059	0.0059	0.0059	0.0059	0.0059	0.0059	0.0059	0.0059	0.0059	0.0059	0.0059	0.0059	0.0059	0.0059	0.0059	0.0059	0.0059	0.0059	0.0059	0.0059	0.0059	0.0059	0.0059	0.0059	0.0059	0.0059	0.0059	0.0059	0.0059	0.0059	0.0059	0.0059	0.0059	0.0059	0.0059	0.0059	0.0059	0.0059	0.0059	0.0059	0.0059	0.0059	0.0059	0.0059	0.0059	0.0059	0.0059	0.0059	0.0059	0.0059	0.0059	0.0059	0.0059	0.0059	0.0059	0.0059	0.0059	0.0059	0.0059	0.0059	0.0059	0.0059	0.0059	0.0059	0.0059	0.0059	0.0059	0.0059	0.0059	0.0059	0.0059	0.0059	0.0059	0.0059	0.0059	0.0059	0.0059	0.0059	0.0059	0.0059	0.0059	0.0059	0.0059	0.0059	0.0059	0.0059	0.0059	0.0059	0.0059	0.0059	0.0059	0.0059	0.0059	0.0059	0.0059	0.0059	0.0059	0.0059	0.0059	0.0059	0.0059	0.0059	0.0059	0.0059	0.0059	0.0059	0.0059	0.0059	0.0059	0.0059	0.0059	0.0059	0.0059	0.0059	0.0059	0.0059	0.0079	0.0079	0.0079	0.0079	0.0079	0.0079	0.0079	0.0079	0.0079	0.0079	0.0079	0.0079	0.0079	0.0079	0.0079	0.0079	0.0079	0.0079	0.0079	0.0079	0.0079	0.0079	0.0079	0.0079	0.0079	0.0079	0.0079	0.0079	0.0079	0.0079	0.0079	0.0079	0.0079	0.0079	0.0079	0.0079	0.0079	0.0079	0.0079	0.0079	0.0079	0.0079	0.0079	0.0079	0.0079	0.0079	0.0079	0.0079	0.0079
12	0.0165	0.0165	0.0165	0.0165	0.0165	0.0165	0.0165	0.0165	0.0165	0.0165	0.0165	0.0165	0.0165	0.0165	0.0165	0.0165	0.0165	0.0165	0.0165	0.026	0.026	0.026	0.026	0.026	0.026	0.026	0.026	0.026	0.026	0.026	0.026	0.026	0.026	0.026	0.026	0.026	0.026	0.026	0.026	0.026	0.026	0.026	0.026	0.026	0.026	0.026	0.026	0.026	0.026	0.026	0.026	0.026	0.026	0.026	0.026	0.026	0.026	0.026	0.026	0.026	0.026	0.026	0.026	0.026	0.026	0.026	0.026	0.026	0.026	0.026	0.026	0.026	0.026	0.026	0.026	0.026	0.026	0.026	0.026	0.026	0.026	0.026	0.026	0.026	0.026	0.026	0.026	0.026	0.026	0.026	0.026	0.026	0.026	0.026	0.026	0.026	0.026	0.026	0.026	0.026	0.026	0.026	0.026	0.026	0.026	0.026	0.026	0.026	0.026	0.026	0.026	0.026	0.026	0.026	0.026	0.026	0.026	0.026	0.026	0.026	0.026	0.026	0.026	0.026	0.026	0.026	0.026	0.026	0.026	0.026	0.026	0.026	0.026	0.026	0.026	0.026	0.026	0.026	0.026	0.026	0.026	0.026	0.026	0.026	0.026	0.026	0.026	0.026	0.026	0.026	0.026	0.026	0.026	0.026	0.026	0.026	0.026	0.026	0.026	0.026	0.026	0.026	0.026	0.026	0.026	0.026	0.026	0.026	0.026	0.026	0.026	0.026	0.026	0.026	0.026	0.026	0.026	0.026	0.026	0.026	0.026	0.026	0.026	0.026	0.026	0.026	0.026	0.026	0.026	0.026	0.026	0.026	0.026	0.026	0.026	0.026	0.026	0.026	0.026	0.026	0.026	0.026	0.026	0.026	0.026	0.026	0.026	0.026	0.026	0.026	0.026	0.026	0.026	0.026	0.026	0.026	0.026	0.026	0.026	0.026	0.026	0.026	0.026	0.026	0.026	0.026	0.026	0.026	0.026	0.026	0.026	0.026	0.026	0.026	0.026	0.026	0.026	0.026	0.026	0.026	0.026	0.026	0.026	0.026	0.026	0.026	0.026	0.026	0.026	0.026	0.026	0.0068	0.0068	0.0068	0.0068	0.0068	0.0068	0.0068	0.0068	0.0068	0.0068	0.0068	0.0068	0.0068	0.0068	0.0068	0.0068	0.0068	0.0068	0.0068	0.0068	0.0068	0.0068	0.0068	0.0068	0.0068	0.0068	0.0068	0.0068	0.0068	0.0068	0.0068	0.0068	0.0068	0.0068	0.0068	0.0068	0.0068	0.0068	0.0068	0.0068	0.0068	0.0068	0.0068	0.0068	0.0068	0.0068	0.0068	0.0068	0.0068
13	0.0242	0.0242	0.0242	0.0242	0.0242	0.0242	0.0242	0.0242	0.0242	0.0242	0.0242	0.0242	0.0242	0.0242	0.0242	0.0242	0.0242	0.0242	0.0242	0.0123	0.0123	0.0123	0.0123	0.0123	0.0123	0.0123	0.0123	0.0123	0.0123	0.0123	0.0123	0.0123	0.0123	0.0123	0.0123	0.0123	0.0123	0.0123	0.0123	0.0123	0.0123	0.0123	0.0123	0.0123	0.0123	0.0123	0.0123	0.0123	0.0123	0.0123	0.0123	0.0123	0.0123	0.0123	0.0123	0.0123	0.0123	0.0123	0.0123	0.0123	0.0123	0.0123	0.0123	0.0123	0.0123	0.0123	0.0123	0.0123	0.0123	0.0123	0.0123	0.0123	0.0123	0.0123	0.0123	0.0123	0.0123	0.0123	0.0123	0.0123	0.0123	0.0123	0.0123	0.0123	0.0123	0.0123	0.0123	0.0123	0.0123	0.0123	0.0123	0.0123	0.0123	0.0123	0.0123	0.0123	0.0123	0.0123	0.0123	0.0123	0.0123	0.0123	0.0123	0.0123	0.0123	0.0123	0.0123	0.0123	0.0123	0.0123	0.0123	0.0123	0.0123	0.0123	0.0123	0.0123	0.0123	0.0123	0.0123	0.0123	0.0123	0.0123	0.0123	0.0123	0.0123	0.0123	0.0123	0.0123	0.0123	0.0123	0.0123	0.0123	0.0123	0.0123	0.0123	0.0123	0.0123	0.0123	0.0123	0.0123	0.0123	0.0123	0.0123	0.0123	0.0123	0.0123	0.0123	0.0123	0.0123	0.0123	0.0123	0.0123	0.0123	0.0123	0.0123	0.0123	0.0123	0.0123	0.0123	0.0123	0.0123	0.0123	0.0123	0.0123	0.0123	0.0123	0.0123	0.0123	0.0123	0.0123	0.0123	0.0123	0.0123	0.0123	0.0123	0.0123	0.0123	0.0123	0.0123	0.0123	0.0123	0.0123	0.0123	0.0123	0.0123	0.0123	0.0123	0.0123	0.0123	0.0123	0.0123	0.0123	0.0123	0.0123	0.0123	0.0123	0.0123	0.0123	0.0123	0.0123	0.0123	0.0123	0.0123	0.0123	0.0123	0.0123	0.0123	0.0123	0.0123	0.0123	0.0123	0.0123	0.0123	0.0123	0.0123	0.0123	0.0123	0.0123	0.0123	0.0123	0.0123	0.0123	0.0123	0.0123	0.0123	0.0123	0.0123	0.0123	0.0123	0.0123	0.0123	0.0123	0.0123	0.0123	0.0123	0.0123	0.0123	0.0123	0.0123	0.0123	0.0123	0.0123	0.0123	0.0123	0.0123	0.0123	0.0123	0.0123	0.0123	0.0123	0.0123	0.0099	0.0099	0.0099	0.0099	0.0099	0.0099	0.0099	0.0099	0.0099	0.0099	0.0099	0.0099	0.0099	0.0099	0.0099	0.0099	0.0099	0.0099	0.0099	0.0099	0.0099	0.0099	0.0099	0.0099	0.0099	0.0099	0.0099	0.0099	0.0099	0.0099	0.0099	0.0099	0.0099	0.0099	0.0099	0.0099	0.0099	0.0099	0.0099	0.0099	0.0099	0.0099	0.0099	0.0099	0.0099	0.0099	0.0099	0.0099	0.0099
14	0.0224	0.0224	0.0224	0.0224	0.0224	0.0224	0.0224	0.0224	0.0224	0.0224	0.0224	0.0224	0.0224	0.0224	0.0224	0.0224	0.0224	0.0224	0.0224	0.0135	0.0135	0.0135	0.0135	0.0135	0.0135	0.0135	0.0135	0.0135	0.0135	0.0135	0.0135	0.0135	0.0135	0.0135	0.0135	0.0135	0.0135	0.0135	0.0135	0.0135	0.0135	0.0135	0.0135	0.0135	0.0135	0.0135	0.0135	0.0135	0.0135	0.0135	0.0135	0.0135	0.0135	0.0135	0.0135	0.0135	0.0135	0.0135	0.0135	0.0135	0.0135	0.0135	0.0135	0.0135	0.0135	0.0135	0.0135	0.0135	0.0135	0.0135	0.0135	0.0135	0.0135	0.0135	0.0135	0.0135	0.0135	0.0135	0.0135	0.0135	0.0135	0.0135	0.0135	0.0135	0.0135	0.0135	0.0135	0.0135	0.0135	0.0135	0.0135	0.0135	0.0135	0.0135	0.0135	0.0135	0.0135	0.0135	0.0135	0.0135	0.0135	0.0135	0.0135	0.0135	0.0135	0.0135	0.0135	0.0135	0.0135	0.0135	0.0135	0.0135	0.0135	0.0135	0.0135	0.0135	0.0135	0.0135	0.0135	0.0135	0.0135	0.0135	0.0135	0.0135	0.0135	0.0135	0.0135	0.0135	0.0135	0.0135	0.0135	0.0135	0.0135	0.0135	0.0135	0.0135	0.0135	0.0135	0.0135	0.0135	0.0135	0.0135	0.0135	0.0135	0.0135	0.0135	0.0135	0.0135	0.0135	0.0135	0.0135	0.0135	0.0135	0.0135	0.0135	0.0135	0.0135	0.0135	0.0135	0.0135	0.0135	0.0135	0.0135	0.0135	0.0135	0.0135	0.0135	0.0135	0.0135	0.0135	0.0135	0.0135	0.0135	0.0135	0.0135	0.0135	0.0135	0.0135	0.0135	0.0135	0.0135	0.0135	0.0135	0.0135	0.0135	0.0135	0.0135	0.0135	0.0135	0.0135	0.0135	0.0135	0.0135	0.0135	0.0135	0.0135	0.0135	0.0135	0.0135	0.0135	0.0135	0.0135	0.0135	0.0135	0.0135	0.0135	0.0135	0.0135	0.0135	0.0135	0.0135	0.0135	0.0135	0.0135	0.0135	0.0135	0.0135	0.0135	0.0135	0.0135	0.0135	0.0135	0.0135	0.0135	0.0135	0.0135	0.0135	0.0135	0.0135	0.0135	0.0135	0.0135	0.0135	0.0135	0.0135	0.0135	0.0135	0.0135	0.0135	0.0135	0.0135	0.0135	0.0135	0.0135	0.0135	0.0135	0.0135	0.0135	0.0135	0.0135	0.0135	0.0102	0.0102	0.0102	0.0102	0.0102	0.0102	0.0102	0.0102	0.0102	0.0102	0.0102	0.0102	0.0102	0.0102	0.0102	0.0102	0.0102	0.0102	0.0102	0.0102	0.0102	0.0102	0.0102	0.0102	0.0102	0.0102	0.0102	0.0102	0.0102	0.0102	0.0102	0.0102	0.0102	0.0102	0.0102	0.0102	0.0102	0.0102	0.0102	0.0102	0.0102	0.0102	0.0102	0.0102	0.0102	0.0102	0.0102	0.0102	0.0102
15	0.0901	0.0901	0.0901	0.0901	0.0901	0.0901	0.0901	0.0901	0.0901	0.0901	0.0901	0.0901	0.0901	0.0901	0.0901	0.0901	0.0901	0.0901	0.0901	0.0139	0.0139	0.0139	0.0139	0.0139	0.0139	0.0139	0.0139	0.0139	0.0139	0.0139	0.0139	0.0139	0.0139	0.0139	0.0139	0.0139	0.0139	0.0139	0.0139	0.0139	0.0139	0.0139	0.0139	0.0139	0.0139	0.0139	0.0139	0.0139	0.0139	0.0139	0.0139	0.0139	0.0139	0.0139	0.0139	0.0139	0.0139	0.0139	0.0139	0.0139	0.0139	0.0139	0.0139	0.0139	0.0139	0.0139	0.0139	0.0139	0.0139	0.0139	0.0139	0.0139	0.0139	0.0139	0.0139	0.0139	0.0139	0.0139	0.0139	0.0139	0.0139	0.0139	0.0139	0.0139	0.0139	0.0139	0.0139	0.0139	0.0139	0.0139	0.0139	0.0139	0.0139	0.0139	0.0139	0.0139	0.0139	0.0139	0.0139	0.0139	0.0139	0.0139	0.0139	0.0139	0.0139	0.0139	0.0139	0.0139	0.0139	0.0139	0.0139	0.0139	0.0139	0.0139	0.0139	0.0139	0.0139	0.0139	0.0139	0.0139	0.0139	0.0139	0.0139	0.0139	0.0139	0.0139	0.0139	0.0139	0.0139	0.0139	0.0139	0.0139	0.0139	0.0139	0.0139	0.0139	0.0139	0.0139	0.0139	0.0139	0.0139	0.0139	0.0139	0.0139	0.0139	0.0139	0.0139	0.0139	0.0139	0.0139	0.0139	0.0139	0.0139	0.0139	0.0139	0.0139	0.0139	0.0139	0.0139	0.0139	0.0139	0.0139	0.0139	0.0139	0.0139	0.0139	0.0139	0.0139	0.0139	0.0139	0.0139	0.0139	0.0139	0.0139	0.0139	0.0139	0.0139	0.0139	0.0139	0.0139	0.0139	0.0139	0.0139	0.0139	0.0139	0.0139	0.0139	0.0139	0.0139	0.0139	0.0139	0.0139	0.0139	0.0139	0.0139	0.0139	0.0139	0.0139	0.0139	0.0139	0.0139	0.0139	0.0139	0.0139	0.0139	0.0139	0.0139	0.0139	0.0139	0.0139	0.0139	0.0139	0.0139	0.0139	0.0139	0.0139	0.0139	0.0139	0.0139	0.0139	0.0139	0.0139	0.0139	0.0139	0.0139	0.0139	0.0139	0.0139	0.0139	0.0139	0.0139	0.0139	0.0139	0.0139	0.0139	0.0139	0.0139	0.0139	0.0139	0.0139	0.0139	0.0139	0.0139	0.0139	0.0139	0.0139	0.0139	0.0139	0.0139	0.0139	0.0139	0.0274	0.0274	0.0274	0.0274	0.0274	0.0274	0.0274	0.0274	0.0274	0.0274	0.0274	0.0274	0.0274	0.0274	0.0274	0.0274	0.0274	0.0274	0.0274	0.0274	0.0274	0.0274	0.0274	0.0274	0.0274	0.0274	0.0274	0.0274	0.0274	0.0274	0.0274	0.0274	0.0274	0.0274	0.0274	0.0274	0.0274	0.0274	0.0274	0.0274	0.0274	0.0274	0.0274	0.0274	0.0274	0.0274	0.0274	0.0274	0.0274
16	0.0243	0.0243	0.0243	0.0243	0.0243	0.0243	0.0243	0.0243	0.0243	0.0243	0.0243	0.0243	0.0243	0.0243	0.0243	0.0243	0.0243	0.0243	0.0243	0.004	0.004	0.004	0.004	0.004	0.004	0.004	0.004	0.004	0.004	0.004	0.004	0.004	0.004	0.004	0.004	0.004	0.004	0.004	0.004	0.004	0.004	0.004	0.004	0.004	0.004	0.004	0.004	0.004	0.004	0.004	0.004	0.004	0.004	0.004	0.004	0.004	0.004	0.004	0.004	0.004	0.004	0.004	0.004	0.004	0.004	0.004	0.004	0.004	0.004	0.004	0.004	0.004	0.004	0.004	0.004	0.004	0.004	0.004	0.004	0.004	0.004	0.004	0.004	0.004	0.004	0.004	0.004	0.004	0.004	0.004	0.004	0.004	0.004	0.004	0.004	0.004	0.004	0.004	0.004	0.004	0.004	0.004	0.004	0.004	0.004	0.004	0.004	0.004	0.004	0.004	0.004	0.004	0.004	0.004	0.004	0.004	0.004	0.004	0.004	0.004	0.004	0.004	0.004	0.004	0.004	0.004	0.004	0.004	0.004	0.004	0.004	0.004	0.004	0.004	0.004	0.004	0.004	0.004	0.004	0.004	0.004	0.004	0.004	0.004	0.004	0.004	0.004	0.004	0.004	0.004	0.004	0.004	0.004	0.004	0.004	0.004	0.004	0.004	0.004	0.004	0.004	0.004	0.004	0.004	0.004	0.004	0.004	0.004	0.004	0.004	0.004	0.004	0.004	0.004	0.004	0.004	0.004	0.004	0.004	0.004	0.004	0.004	0.004	0.004	0.004	0.004	0.004	0.004	0.004	0.004	0.004	0.004	0.004	0.004	0.004	0.004	0.004	0.004	0.004	0.004	0.004	0.004	0.004	0.004	0.004	0.004	0.004	0.004	0.004	0.004	0.004	0.004	0.004	0.004	0.004	0.004	0.004	0.004	0.004	0.004	0.004	0.004	0.004	0.004	0.004	0.004	0.004	0.004	0.004	0.004	0.004	0.004	0.004	0.004	0.004	0.004	0.004	0.004	0.004	0.004	0.004	0.004	0.004	0.004	0.004	0.004	0.004	0.004	0.004	0.004	0.004	0.0097	0.0097	0.0097	0.0097	0.0097	0.0097	0.0097	0.0097	0.0097	0.0097	0.0097	0.0097	0.0097	0.0097	0.0097	0.0097	0.0097	0.0097	0.0097	0.0097	0.0097	0.0097	0.0097	0.0097	0.0097	0.0097	0.0097	0.0097	0.0097	0.0097	0.0097	0.0097	0.0097	0.0097	0.0097	0.0097	0.0097	0.0097	0.0097	0.0097	0.0097	0.0097	0.0097	0.0097	0.0097	0.0097	0.0097	0.0097	0.0097
17	0.0126	0.0126	0.0126	0.0126	0.0126	0.0126	0.0126	0.0126	0.0126	0.0126	0.0126	0.0126	0.0126	0.0126	0.0126	0.0126	0.0126	0.0126	0.0126	0.0194	0.0194	0.0194	0.0194	0.0194	0.0194	0.0194	0.0194	0.0194	0.0194	0.0194	0.0194	0.0194	0.0194	0.0194	0.0194	0.0194	0.0194	0.0194	0.0194	0.0194	0.0194	0.0194	0.0194	0.0194	0.0194	0.0194	0.0194	0.0194	0.0194	0.0194	0.0194	0.0194	0.0194	0.0194	0.0194	0.0194	0.0194	0.0194	0.0194	0.0194	0.0194	0.0194	0.0194	0.0194	0.0194	0.0194	0.0194	0.0194	0.0194	0.0194	0.0194	0.0194	0.0194	0.0194	0.0194	0.0194	0.0194	0.0194	0.0194	0.0194	0.0194	0.0194	0.0194	0.0194	0.0194	0.0194	0.0194	0.0194	0.0194	0.0194	0.0194	0.0194	0.0194	0.0194	0.0194	0.0194	0.0194	0.0194	0.0194	0.0194	0.0194	0.0194	0.0194	0.0194	0.0194	0.0194	0.0194	0.0194	0.0194	0.0194	0.0194	0.0194	0.0194	0.0194	0.0194	0.0194	0.0194	0.0194	0.0194	0.0194	0.0194	0.0194	0.0194	0.0194	0.0194	0.0194	0.0194	0.0194	0.0194	0.0194	0.0194	0.0194	0.0194	0.0194	0.0194	0.0194	0.0194	0.0194	0.0194	0.0194	0.0194	0.0194	0.0194	0.0194	0.0194	0.0194	0.0194	0.0194	0.0194	0.0194	0.0194	0.0194	0.0194	0.0194	0.0194	0.0194	0.0194	0.0194	0.0194	0.0194	0.0194	0.0194	0.0194	0.0194	0.0194	0.0194	0.0194	0.0194	0.0194	0.0194	0.0194	0.0194	0.0194	0.0194	0.0194	0.0194	0.0194	0.0194	0.0194	0.0194	0.0194	0.0194	0.0194	0.0194	0.0194	0.0194	0.0194	0.0194	0.0194	0.0194	0.0194	0.0194	0.0194	0.0194	0.0194	0.0194	0.0194	0.0194	0.0194	0.0194	0.0194	0.0194	0.0194	0.0194	0.0194	0.0194	0.0194	0.0194	0.0194	0.0194	0.0194	0.0194	0.0194	0.0194	0.0194	0.0194	0.0194	0.0194	0.0194	0.0194	0.0194	0.0194	0.0194	0.0194	0.0194	0.0194	0.0194	0.0194	0.0194	0.0194	0.0194	0.0194	0.0194	0.0194	0.0194	0.0194	0.0194	0.0194	0.0194	0.0194	0.0194	0.0194	0.0194	0.0194	0.0194	0.0194	0.0194	0.0194	0.0194	0.0194	0.0194	0.0076	0.0076	0.0076	0.0076	0.0076	0.0076	0.0076	0.0076	0.0076	0.0076	0.0076	0.0076	0.0076	0.0076	0.0076	0.0076	0.0076	0.0076	0.0076	0.0076	0.0076	0.0076	0.0076	0.0076	0.0076	0.0076	0.0076	0.0076	0.0076	0.0076	0.0076	0.0076	0.0076	0.0076	0.0076	0.0076	0.0076	0.0076	0.0076	0.0076	0.0076	0.0076	0.0076	0.0076	0.0076	0.0076	0.0076	0.0076	0.0076
18	0.0201	0.0201	0.0201	0.0201	0.0201	0.0201	0.0201	0.0201	0.0201	0.0201	0.0201	0.0201	0.0201	0.0201	0.0201	0.0201	0.0201	0.0201	0.0201	0.0102	0.0102	0.0102	0.0102	0.0102	0.0102	0.0102	0.0102	0.0102	0.0102	0.0102	0.0102	0.0102	0.0102	0.0102	0.0102	0.0102	0.0102	0.0102	0.0102	0.0102	0.0102	0.0102	0.0102	0.0102	0.0102	0.0102	0.0102	0.0102	0.0102	0.0102	0.0102	0.0102	0.0102	0.0102	0.0102	0.0102	0.0102	0.0102	0.0102	0.0102	0.0102	0.0102	0.0102	0.0102	0.0102	0.0102	0.0102	0.0102	0.0102	0.0102	0.0102	0.0102	0.0102	0.0102	0.0102	0.0102	0.0102	0.0102	0.0102	0.0102	0.0102	0.0102	0.0102	0.0102	0.0102	0.0102	0.0102	0.0102	0.0102	0.0102	0.0102	0.0102	0.0102	0.0102	0.0102	0.0102	0.0102	0.0102	0.0102	0.0102	0.0102	0.0102	0.0102	0.0102	0.0102	0.0102	0.0102	0.0102	0.0102	0.0102	0.0102	0.0102	0.0102	0.0102	0.0102	0.0102	0.0102	0.0102	0.0102	0.0102	0.0102	0.0102	0.0102	0.0102	0.0102	0.0102	0.0102	0.0102	0.0102	0.0102	0.0102	0.0102	0.0102	0.0102	0.0102	0.0102	0.0102	0.0102	0.0102	0.0102	0.0102	0.0102	0.0102	0.0102	0.0102	0.0102	0.0102	0.0102	0.0102	0.0102	0.0102	0.0102	0.0102	0.0102	0.0102	0.0102	0.0102	0.0102	0.0102	0.0102	0.0102	0.0102	0.0102	0.0102	0.0102	0.0102	0.0102	0.0102	0.0102	0.0102	0.0102	0.0102	0.0102	0.0102	0.0102	0.0102	0.0102	0.0102	0.0102	0.0102	0.0102	0.0102	0.0102	0.0102	0.0102	0.0102	0.0102	0.0102	0.0102	0.0102	0.0102	0.0102	0.0102	0.0102	0.0102	0.0102	0.0102	0.0102	0.0102	0.0102	0.0102	0.0102	0.0102	0.0102	0.0102	0.0102	0.0102	0.0102	0.0102	0.0102	0.0102	0.0102	0.0102	0.0102	0.0102	0.0102	0.0102	0.0102	0.0102	0.0102	0.0102	0.0102	0.0102	0.0102	0.0102	0.0102	0.0102	0.0102	0.0102	0.0102	0.0102	0.0102	0.0102	0.0102	0.0102	0.0102	0.0102	0.0102	0.0102	0.0102	0.0102	0.0102	0.0102	0.0102	0.0102	0.0102	0.0102	0.0102	0.0102	0.0102	0.0102	0.0058	0.0058	0.0058	0.0058	0.0058	0.0058	0.0058	0.0058	0.0058	0.0058	0.0058	0.0058	0.0058	0.0058	0.0058	0.0058	0.0058	0.0058	0.0058	0.0058	0.0058	0.0058	0.0058	0.0058	0.0058	0.0058	0.0058	0.0058	0.0058	0.0058	0.0058	0.0058	0.0058	0.0058	0.0058	0.0058	0.0058	0.0058	0.0058	0.0058	0.0058	0.0058	0.0058	0.0058	0.0058	0.0058	0.0058	0.0058	0.0058
19	0.0198	0.0198	0.0198	0.0198	0.0198	0.0198	0.0198	0.0198	0.0198	0.0198	0.0198	0.0198	0.0198	0.0198	0.0198	0.0198	0.0198	0.0198	0.0198	0.0007	0.0007	0.0007	0.0007	0.0007	0.0007	0.0007	0.0007	0.0007	0.0007	0.0007	0.0007	0.0007	0.0007	0.0007	0.0007	0.0007	0.0007	0.0007	0.0007	0.0007	0.0007	0.0007	0.0007	0.0007	0.0007	0.0007	0.0007	0.0007	0.0007	0.0007	0.0007	0.0007	0.0007	0.0007	0.0007	0.0007	0.0007	0.0007	0.0007	0.0007	0.0007	0.0007	0.0007	0.0007	0.0007	0.0007	0.0007	0.0007	0.0007	0.0007	0.0007	0.0007	0.0007	0.0007	0.0007	0.0007	0.0007	0.0007	0.0007	0.0007	0.0007	0.0007	0.0007	0.0007	0.0007	0.0007	0.0007	0.0007	0.0007	0.0007	0.0007	0.0007	0.0007	0.0007	0.0007	0.0007	0.0007	0.0007	0.0007	0.0007	0.0007	0.0007	0.0007	0.0007	0.0007	0.0007	0.0007	0.0007	0.0007	0.0007	0.0007	0.0007	0.0007	0.0007	0.0007	0.0007	0.0007	0.0007	0.0007	0.0007	0.0007	0.0007	0.0007	0.0007	0.0007	0.0007	0.0007	0.0007	0.0007	0.0007	0.0007	0.0007	0.0007	0.0007	0.0007	0.0007	0.0007	0.0007	0.0007	0.0007	0.0007	0.0007	0.0007	0.0007	0.0007	0.0007	0.0007	0.0007	0.0007	0.0007	0.0007	0.0007	0.0007	0.0007	0.0007	0.0007	0.0007	0.0007	0.0007	0.0007	0.0007	0.0007	0.0007	0.0007	0.0007	0.0007	0.0007	0.0007	0.0007	0.0007	0.0007	0.0007	0.0007	0.0007	0.0007	0.0007	0.0007	0.0007	0.0007	0.0007	0.0007	0.0007	0.0007	0.0007	0.0007	0.0007	0.0007	0.0007	0.0007	0.0007	0.0007	0.0007	0.0007	0.0007	0.0007	0.0007	0.0007	0.0007	0.0007	0.0007	0.0007	0.0007	0.0007	0.0007	0.0007	0.0007	0.0007	0.0007	0.0007	0.0007	0.0007	0.0007	0.0007	0.0007	0.0007	0.0007	0.0007	0.0007	0.0007	0.0007	0.0007	0.0007	0.0007	0.0007	0.0007	0.0007	0.0007	0.0007	0.0007	0.0007	0.0007	0.0007	0.0007	0.0007	0.0007	0.0007	0.0007	0.0007	0.0007	0.0007	0.0007	0.0007	0.0007	0.0007	0.0007	0.0007	0.0007	0.0007	0.0007	0.0007	0.0007	0.0089	0.0089	0.0089	0.0089	0.0089	0.0089	0.0089	0.0089	0.0089	0.0089	0.0089	0.0089	0.0089	0.0089	0.0089	0.0089	0.0089	0.0089	0.0089	0.0089	0.0089	0.0089	0.0089	0.0089	0.0089	0.0089	0.0089	0.0089	0.0089	0.0089	0.0089	0.0089	0.0089	0.0089	0.0089	0.0089	0.0089	0.0089	0.0089	0.0089	0.0089	0.0089	0.0089	0.0089	0.0089	0.0089	0.0089	0.0089	0.0089
20	0.0208	0.0208	0.0208	0.0208	0.0208	0.0208	0.0208	0.0208	0.0208	0.0208	0.0208	0.0208	0.0208	0.0208	0.0208	0.0208	0.0208	0.0208	0.0208	0.0056	0.0056	0.0056	0.0056	0.0056	0.0056	0.0056	0.0056	0.0056	0.0056	0.0056	0.0056	0.0056	0.0056	0.0056	0.0056	0.0056	0.0056	0.0056	0.0056	0.0056	0.0056	0.0056	0.0056	0.0056	0.0056	0.0056	0.0056	0.0056	0.0056	0.0056	0.0056	0.0056	0.0056	0.0056	0.0056	0.0056	0.0056	0.0056	0.0056	0.0056	0.0056	0.0056	0.0056	0.0056	0.0056	0.0056	0.0056	0.0056	0.0056	0.0056	0.0056	0.0056	0.0056	0.0056	0.0056	0.0056	0.0056	0.0056	0.0056	0.0056	0.0056	0.0056	0.0056	0.0056	0.0056	0.0056	0.0056	0.0056	0.0056	0.0056	0.0056	0.0056	0.0056	0.0056	0.0056	0.0056	0.0056	0.0056	0.0056	0.0056	0.0056	0.0056	0.0056	0.0056	0.0056	0.0056	0.0056	0.0056	0.0056	0.0056	0.0056	0.0056	0.0056	0.0056	0.0056	0.0056	0.0056	0.0056	0.0056	0.0056	0.0056	0.0056	0.0056	0.0056	0.0056	0.0056	0.0056	0.0056	0.0056	0.0056	0.0056	0.0056	0.0056	0.0056	0.0056	0.0056	0.0056	0.0056	0.0056	0.0056	0.0056	0.0056	0.0056	0.0056	0.0056	0.0056	0.0056	0.0056	0.0056	0.0056	0.0056	0.0056	0.0056	0.0056	0.0056	0.0056	0.0056	0.0056	0.0056	0.0056	0.0056	0.0056	0.0056	0.0056	0.0056	0.0056	0.0056	0.0056	0.0056	0.0056	0.0056	0.0056	0.0056	0.0056	0.0056	0.0056	0.0056	0.0056	0.0056	0.0056	0.0056	0.0056	0.0056	0.0056	0.0056	0.0056	0.0056	0.0056	0.0056	0.0056	0.0056	0.0056	0.0056	0.0056	0.0056	0.0056	0.0056	0.0056	0.0056	0.0056	0.0056	0.0056	0.0056	0.0056	0.0056	0.0056	0.0056	0.0056	0.0056	0.0056	0.0056	0.0056	0.0056	0.0056	0.0056	0.0056	0.0056	0.0056	0.0056	0.0056	0.0056	0.0056	0.0056	0.0056	0.0056	0.0056	0.0056	0.0056	0.0056	0.0056	0.0056	0.0056	0.0056	0.0056	0.0056	0.0056	0.0056	0.0056	0.0056	0.0056	0.0056	0.0056	0.0056	0.0056	0.0056	0.0056	0.0056	0.0056	0.0056	0.0056	0.0056	0.0329	0.0329	0.0329	0.0329	0.0329	0.0329	0.0329	0.0329	0.0329	0.0329	0.0329	0.0329	0.0329	0.0329	0.0329	0.0329	0.0329	0.0329	0.0329	0.0329	0.0329	0.0329	0.0329	0.0329	0.0329	0.0329	0.0329	0.0329	0.0329	0.0329	0.0329	0.0329	0.0329	0.0329	0.0329	0.0329	0.0329	0.0329	0.0329	0.0329	0.0329	0.0329	0.0329	0.0329	0.0329	0.0329	0.0329	0.0329	0.0329
21	0.0198	0.0198	0.0198	0.0198	0.0198	0.0198	0.0198	0.0198	0.0198	0.0198	0.0198	0.0198	0.0198	0.0198	0.0198	0.0198	0.0198	0.0198	0.0198	0.0158	0.0158	0.0158	0.0158	0.0158	0.0158	0.0158	0.0158	0.0158	0.0158	0.0158	0.0158	0.0158	0.0158	0.0158	0.0158	0.0158	0.0158	0.0158	0.0158	0.0158	0.0158	0.0158	0.0158	0.0158	0.0158	0.0158	0.0158	0.0158	0.0158	0.0158	0.0158	0.0158	0.0158	0.0158	0.0158	0.0158	0.0158	0.0158	0.0158	0.0158	0.0158	0.0158	0.0158	0.0158	0.0158	0.0158	0.0158	0.0158	0.0158	0.0158	0.0158	0.0158	0.0158	0.0158	0.0158	0.0158	0.0158	0.0158	0.0158	0.0158	0.0158	0.0158	0.0158	0.0158	0.0158	0.0158	0.0158	0.0158	0.0158	0.0158	0.0158	0.0158	0.0158	0.0158	0.0158	0.0158	0.0158	0.0158	0.0158	0.0158	0.0158	0.0158	0.0158	0.0158	0.0158	0.0158	0.0158	0.0158	0.0158	0.0158	0.0158	0.0158	0.0158	0.0158	0.0158	0.0158	0.0158	0.0158	0.0158	0.0158	0.0158	0.0158	0.0158	0.0158	0.0158	0.0158	0.0158	0.0158	0.0158	0.0158	0.0158	0.0158	0.0158	0.0158	0.0158	0.0158	0.0158	0.0158	0.0158	0.0158	0.0158	0.0158	0.0158	0.0158	0.0158	0.0158	0.0158	0.0158	0.0158	0.0158	0.0158	0.0158	0.0158	0.0158	0.0158	0.0158	0.0158	0.0158	0.0158	0.0158	0.0158	0.0158	0.0158	0.0158	0.0158	0.0158	0.0158	0.0158	0.0158	0.0158	0.0158	0.0158	0.0158	0.0158	0.0158	0.0158	0.0158	0.0158	0.0158	0.0158	0.0158	0.0158	0.0158	0.0158	0.0158	0.0158	0.0158	0.0158	0.0158	0.0158	0.0158	0.0158	0.0158	0.0158	0.0158	0.0158	0.0158	0.0158	0.0158	0.0158	0.0158	0.0158	0.0158	0.0158	0.0158	0.0158	0.0158	0.0158	0.0158	0.0158	0.0158	0.0158	0.0158	0.0158	0.0158	0.0158	0.0158	0.0158	0.0158	0.0158	0.0158	0.0158	0.0158	0.0158	0.0158	0.0158	0.0158	0.0158	0.0158	0.0158	0.0158	0.0158	0.0158	0.0158	0.0158	0.0158	0.0158	0.0158	0.0158	0.0158	0.0158	0.0158	0.0158	0.0158	0.0158	0.0158	0.0158	0.0158	0.0158	0.0158	0.0158	0.03	0.03	0.03	0.03	0.03	0.03	0.03	0.03	0.03	0.03	0.03	0.03	0.03	0.03	0.03	0.03	0.03	0.03	0.03	0.03	0.03	0.03	0.03	0.03	0.03	0.03	0.03	0.03	0.03	0.03	0.03	0.03	0.03	0.03	0.03	0.03	0.03	0.03	0.03	0.03	0.03	0.03	0.03	0.03	0.03	0.03	0.03	0.03	0.03
22	0.0238	0.0238	0.0238	0.0238	0.0238	0.0238	0.0238	0.0238	0.0238	0.0238	0.0238	0.0238	0.0238	0.0238	0.0238	0.0238	0.0238	0.0238	0.0238	0.0	0.0	0.0	0.0	0.0	0.0	0.0	0.0	0.0	0.0	0.0	0.0	0.0	0.0	0.0	0.0	0.0	0.0	0.0	0.0	0.0	0.0	0.0	0.0	0.0	0.0	0.0	0.0	0.0	0.0	0.0	0.0	0.0	0.0	0.0	0.0	0.0	0.0	0.0	0.0	0.0	0.0	0.0	0.0	0.0	0.0	0.0	0.0	0.0	0.0	0.0	0.0	0.0	0.0	0.0	0.0	0.0	0.0	0.0	0.0	0.0	0.0	0.0	0.0	0.0	0.0	0.0	0.0	0.0	0.0	0.0	0.0	0.0	0.0	0.0	0.0	0.0	0.0	0.0	0.0	0.0	0.0	0.0	0.0	0.0	0.0	0.0	0.0	0.0	0.0	0.0	0.0	0.0	0.0	0.0	0.0	0.0	0.0	0.0	0.0	0.0	0.0	0.0	0.0	0.0	0.0	0.0	0.0	0.0	0.0	0.0	0.0	0.0	0.0	0.0	0.0	0.0	0.0	0.0	0.0	0.0	0.0	0.0	0.0	0.0	0.0	0.0	0.0	0.0	0.0	0.0	0.0	0.0	0.0	0.0	0.0	0.0	0.0	0.0	0.0	0.0	0.0	0.0	0.0	0.0	0.0	0.0	0.0	0.0	0.0	0.0	0.0	0.0	0.0	0.0	0.0	0.0	0.0	0.0	0.0	0.0	0.0	0.0	0.0	0.0	0.0	0.0	0.0	0.0	0.0	0.0	0.0	0.0	0.0	0.0	0.0	0.0	0.0	0.0	0.0	0.0	0.0	0.0	0.0	0.0	0.0	0.0	0.0	0.0	0.0	0.0	0.0	0.0	0.0	0.0	0.0	0.0	0.0	0.0	0.0	0.0	0.0	0.0	0.0	0.0	0.0	0.0	0.0	0.0	0.0	0.0	0.0	0.0	0.0	0.0	0.0	0.0	0.0	0.0	0.0	0.0	0.0	0.0	0.0	0.0	0.0	0.0	0.0	0.0	0.0	0.0	0.0	0.0081	0.0081	0.0081	0.0081	0.0081	0.0081	0.0081	0.0081	0.0081	0.0081	0.0081	0.0081	0.0081	0.0081	0.0081	0.0081	0.0081	0.0081	0.0081	0.0081	0.0081	0.0081	0.0081	0.0081	0.0081	0.0081	0.0081	0.0081	0.0081	0.0081	0.0081	0.0081	0.0081	0.0081	0.0081	0.0081	0.0081	0.0081	0.0081	0.0081	0.0081	0.0081	0.0081	0.0081	0.0081	0.0081	0.0081	0.0081	0.0081
23	0.0124	0.0124	0.0124	0.0124	0.0124	0.0124	0.0124	0.0124	0.0124	0.0124	0.0124	0.0124	0.0124	0.0124	0.0124	0.0124	0.0124	0.0124	0.0124	0.0076	0.0076	0.0076	0.0076	0.0076	0.0076	0.0076	0.0076	0.0076	0.0076	0.0076	0.0076	0.0076	0.0076	0.0076	0.0076	0.0076	0.0076	0.0076	0.0076	0.0076	0.0076	0.0076	0.0076	0.0076	0.0076	0.0076	0.0076	0.0076	0.0076	0.0076	0.0076	0.0076	0.0076	0.0076	0.0076	0.0076	0.0076	0.0076	0.0076	0.0076	0.0076	0.0076	0.0076	0.0076	0.0076	0.0076	0.0076	0.0076	0.0076	0.0076	0.0076	0.0076	0.0076	0.0076	0.0076	0.0076	0.0076	0.0076	0.0076	0.0076	0.0076	0.0076	0.0076	0.0076	0.0076	0.0076	0.0076	0.0076	0.0076	0.0076	0.0076	0.0076	0.0076	0.0076	0.0076	0.0076	0.0076	0.0076	0.0076	0.0076	0.0076	0.0076	0.0076	0.0076	0.0076	0.0076	0.0076	0.0076	0.0076	0.0076	0.0076	0.0076	0.0076	0.0076	0.0076	0.0076	0.0076	0.0076	0.0076	0.0076	0.0076	0.0076	0.0076	0.0076	0.0076	0.0076	0.0076	0.0076	0.0076	0.0076	0.0076	0.0076	0.0076	0.0076	0.0076	0.0076	0.0076	0.0076	0.0076	0.0076	0.0076	0.0076	0.0076	0.0076	0.0076	0.0076	0.0076	0.0076	0.0076	0.0076	0.0076	0.0076	0.0076	0.0076	0.0076	0.0076	0.0076	0.0076	0.0076	0.0076	0.0076	0.0076	0.0076	0.0076	0.0076	0.0076	0.0076	0.0076	0.0076	0.0076	0.0076	0.0076	0.0076	0.0076	0.0076	0.0076	0.0076	0.0076	0.0076	0.0076	0.0076	0.0076	0.0076	0.0076	0.0076	0.0076	0.0076	0.0076	0.0076	0.0076	0.0076	0.0076	0.0076	0.0076	0.0076	0.0076	0.0076	0.0076	0.0076	0.0076	0.0076	0.0076	0.0076	0.0076	0.0076	0.0076	0.0076	0.0076	0.0076	0.0076	0.0076	0.0076	0.0076	0.0076	0.0076	0.0076	0.0076	0.0076	0.0076	0.0076	0.0076	0.0076	0.0076	0.0076	0.0076	0.0076	0.0076	0.0076	0.0076	0.0076	0.0076	0.0076	0.0076	0.0076	0.0076	0.0076	0.0076	0.0076	0.0076	0.0076	0.0076	0.0076	0.0076	0.0076	0.0076	0.0076	0.0076	0.0076	0.0076	0.0076	0.0076	0.008	0.008	0.008	0.008	0.008	0.008	0.008	0.008	0.008	0.008	0.008	0.008	0.008	0.008	0.008	0.008	0.008	0.008	0.008	0.008	0.008	0.008	0.008	0.008	0.008	0.008	0.008	0.008	0.008	0.008	0.008	0.008	0.008	0.008	0.008	0.008	0.008	0.008	0.008	0.008	0.008	0.008	0.008	0.008	0.008	0.008	0.008	0.008	0.008
24	0.9437	0.9437	0.9437	0.9437	0.9437	0.9437	0.9437	0.9437	0.9437	0.9437	0.9437	0.9437	0.9437	0.9437	0.9437	0.9437	0.9437	0.9437	0.9437	0.9825	0.9825	0.9825	0.9825	0.9825	0.9825	0.9825	0.9825	0.9825	0.9825	0.9825	0.9825	0.9825	0.9825	0.9825	0.9825	0.9825	0.9825	0.9825	0.9825	0.9825	0.9825	0.9825	0.9825	0.9825	0.9825	0.9825	0.9825	0.9825	0.9825	0.9825	0.9825	0.9825	0.9825	0.9825	0.9825	0.9825	0.9825	0.9825	0.9825	0.9825	0.9825	0.9825	0.9825	0.9825	0.9825	0.9825	0.9825	0.9825	0.9825	0.9825	0.9825	0.9825	0.9825	0.9825	0.9825	0.9825	0.9825	0.9825	0.9825	0.9825	0.9825	0.9825	0.9825	0.9825	0.9825	0.9825	0.9825	0.9825	0.9825	0.9825	0.9825	0.9825	0.9825	0.9825	0.9825	0.9825	0.9825	0.9825	0.9825	0.9825	0.9825	0.9825	0.9825	0.9825	0.9825	0.9825	0.9825	0.9825	0.9825	0.9825	0.9825	0.9825	0.9825	0.9825	0.9825	0.9825	0.9825	0.9825	0.9825	0.9825	0.9825	0.9825	0.9825	0.9825	0.9825	0.9825	0.9825	0.9825	0.9825	0.9825	0.9825	0.9825	0.9825	0.9825	0.9825	0.9825	0.9825	0.9825	0.9825	0.9825	0.9825	0.9825	0.9825	0.9825	0.9825	0.9825	0.9825	0.9825	0.9825	0.9825	0.9825	0.9825	0.9825	0.9825	0.9825	0.9825	0.9825	0.9825	0.9825	0.9825	0.9825	0.9825	0.9825	0.9825	0.9825	0.9825	0.9825	0.9825	0.9825	0.9825	0.9825	0.9825	0.9825	0.9825	0.9825	0.9825	0.9825	0.9825	0.9825	0.9825	0.9825	0.9825	0.9825	0.9825	0.9825	0.9825	0.9825	0.9825	0.9825	0.9825	0.9825	0.9825	0.9825	0.9825	0.9825	0.9825	0.9825	0.9825	0.9825	0.9825	0.9825	0.9825	0.9825	0.9825	0.9825	0.9825	0.9825	0.9825	0.9825	0.9825	0.9825	0.9825	0.9825	0.9825	0.9825	0.9825	0.9825	0.9825	0.9825	0.9825	0.9825	0.9825	0.9825	0.9825	0.9825	0.9825	0.9825	0.9825	0.9825	0.9825	0.9825	0.9825	0.9825	0.9825	0.9825	0.9825	0.9825	0.9825	0.9825	0.9825	0.9825	0.9825	0.9825	0.9825	0.9825	0.9825	0.9825	0.9825	0.9825	0.9825	0.9825	0.9195	0.9195	0.9195	0.9195	0.9195	0.9195	0.9195	0.9195	0.9195	0.9195	0.9195	0.9195	0.9195	0.9195	0.9195	0.9195	0.9195	0.9195	0.9195	0.9195	0.9195	0.9195	0.9195	0.9195	0.9195	0.9195	0.9195	0.9195	0.9195	0.9195	0.9195	0.9195	0.9195	0.9195	0.9195	0.9195	0.9195	0.9195	0.9195	0.9195	0.9195	0.9195	0.9195	0.9195	0.9195	0.9195	0.9195	0.9195	0.9195
25	0.948	0.948	0.948	0.948	0.948	0.948	0.948	0.948	0.948	0.948	0.948	0.948	0.948	0.948	0.948	0.948	0.948	0.948	0.948	0.95	0.95	0.95	0.95	0.95	0.95	0.95	0.95	0.95	0.95	0.95	0.95	0.95	0.95	0.95	0.95	0.95	0.95	0.95	0.95	0.95	0.95	0.95	0.95	0.95	0.95	0.95	0.95	0.95	0.95	0.95	0.95	0.95	0.95	0.95	0.95	0.95	0.95	0.95	0.95	0.95	0.95	0.95	0.95	0.95	0.95	0.95	0.95	0.95	0.95	0.95	0.95	0.95	0.95	0.95	0.95	0.95	0.95	0.95	0.95	0.95	0.95	0.95	0.95	0.95	0.95	0.95	0.95	0.95	0.95	0.95	0.95	0.95	0.95	0.95	0.95	0.95	0.95	0.95	0.95	0.95	0.95	0.95	0.95	0.95	0.95	0.95	0.95	0.95	0.95	0.95	0.95	0.95	0.95	0.95	0.95	0.95	0.95	0.95	0.95	0.95	0.95	0.95	0.95	0.95	0.95	0.95	0.95	0.95	0.95	0.95	0.95	0.95	0.95	0.95	0.95	0.95	0.95	0.95	0.95	0.95	0.95	0.95	0.95	0.95	0.95	0.95	0.95	0.95	0.95	0.95	0.95	0.95	0.95	0.95	0.95	0.95	0.95	0.95	0.95	0.95	0.95	0.95	0.95	0.95	0.95	0.95	0.95	0.95	0.95	0.95	0.95	0.95	0.95	0.95	0.95	0.95	0.95	0.95	0.95	0.95	0.95	0.95	0.95	0.95	0.95	0.95	0.95	0.95	0.95	0.95	0.95	0.95	0.95	0.95	0.95	0.95	0.95	0.95	0.95	0.95	0.95	0.95	0.95	0.95	0.95	0.95	0.95	0.95	0.95	0.95	0.95	0.95	0.95	0.95	0.95	0.95	0.95	0.95	0.95	0.95	0.95	0.95	0.95	0.95	0.95	0.95	0.95	0.95	0.95	0.95	0.95	0.95	0.95	0.95	0.95	0.95	0.95	0.95	0.95	0.95	0.95	0.95	0.95	0.95	0.95	0.95	0.95	0.95	0.95	0.95	0.95	0.9336	0.9336	0.9336	0.9336	0.9336	0.9336	0.9336	0.9336	0.9336	0.9336	0.9336	0.9336	0.9336	0.9336	0.9336	0.9336	0.9336	0.9336	0.9336	0.9336	0.9336	0.9336	0.9336	0.9336	0.9336	0.9336	0.9336	0.9336	0.9336	0.9336	0.9336	0.9336	0.9336	0.9336	0.9336	0.9336	0.9336	0.9336	0.9336	0.9336	0.9336	0.9336	0.9336	0.9336	0.9336	0.9336	0.9336	0.9336	0.9336
26	0.9415	0.9415	0.9415	0.9415	0.9415	0.9415	0.9415	0.9415	0.9415	0.9415	0.9415	0.9415	0.9415	0.9415	0.9415	0.9415	0.9415	0.9415	0.9415	0.8614	0.8614	0.8614	0.8614	0.8614	0.8614	0.8614	0.8614	0.8614	0.8614	0.8614	0.8614	0.8614	0.8614	0.8614	0.8614	0.8614	0.8614	0.8614	0.8614	0.8614	0.8614	0.8614	0.8614	0.8614	0.8614	0.8614	0.8614	0.8614	0.8614	0.8614	0.8614	0.8614	0.8614	0.8614	0.8614	0.8614	0.8614	0.8614	0.8614	0.8614	0.8614	0.8614	0.8614	0.8614	0.8614	0.8614	0.8614	0.8614	0.8614	0.8614	0.8614	0.8614	0.8614	0.8614	0.8614	0.8614	0.8614	0.8614	0.8614	0.8614	0.8614	0.8614	0.8614	0.8614	0.8614	0.8614	0.8614	0.8614	0.8614	0.8614	0.8614	0.8614	0.8614	0.8614	0.8614	0.8614	0.8614	0.8614	0.8614	0.8614	0.8614	0.8614	0.8614	0.8614	0.8614	0.8614	0.8614	0.8614	0.8614	0.8614	0.8614	0.8614	0.8614	0.8614	0.8614	0.8614	0.8614	0.8614	0.8614	0.8614	0.8614	0.8614	0.8614	0.8614	0.8614	0.8614	0.8614	0.8614	0.8614	0.8614	0.8614	0.8614	0.8614	0.8614	0.8614	0.8614	0.8614	0.8614	0.8614	0.8614	0.8614	0.8614	0.8614	0.8614	0.8614	0.8614	0.8614	0.8614	0.8614	0.8614	0.8614	0.8614	0.8614	0.8614	0.8614	0.8614	0.8614	0.8614	0.8614	0.8614	0.8614	0.8614	0.8614	0.8614	0.8614	0.8614	0.8614	0.8614	0.8614	0.8614	0.8614	0.8614	0.8614	0.8614	0.8614	0.8614	0.8614	0.8614	0.8614	0.8614	0.8614	0.8614	0.8614	0.8614	0.8614	0.8614	0.8614	0.8614	0.8614	0.8614	0.8614	0.8614	0.8614	0.8614	0.8614	0.8614	0.8614	0.8614	0.8614	0.8614	0.8614	0.8614	0.8614	0.8614	0.8614	0.8614	0.8614	0.8614	0.8614	0.8614	0.8614	0.8614	0.8614	0.8614	0.8614	0.8614	0.8614	0.8614	0.8614	0.8614	0.8614	0.8614	0.8614	0.8614	0.8614	0.8614	0.8614	0.8614	0.8614	0.8614	0.8614	0.8614	0.8614	0.8614	0.8614	0.8614	0.8614	0.8614	0.8614	0.8614	0.8614	0.8614	0.8614	0.8614	0.8614	0.8614	0.8614	0.8614	0.8614	0.8614	0.8614	0.9544	0.9544	0.9544	0.9544	0.9544	0.9544	0.9544	0.9544	0.9544	0.9544	0.9544	0.9544	0.9544	0.9544	0.9544	0.9544	0.9544	0.9544	0.9544	0.9544	0.9544	0.9544	0.9544	0.9544	0.9544	0.9544	0.9544	0.9544	0.9544	0.9544	0.9544	0.9544	0.9544	0.9544	0.9544	0.9544	0.9544	0.9544	0.9544	0.9544	0.9544	0.9544	0.9544	0.9544	0.9544	0.9544	0.9544	0.9544	0.9544
27	0.9548	0.9548	0.9548	0.9548	0.9548	0.9548	0.9548	0.9548	0.9548	0.9548	0.9548	0.9548	0.9548	0.9548	0.9548	0.9548	0.9548	0.9548	0.9548	0.9793	0.9793	0.9793	0.9793	0.9793	0.9793	0.9793	0.9793	0.9793	0.9793	0.9793	0.9793	0.9793	0.9793	0.9793	0.9793	0.9793	0.9793	0.9793	0.9793	0.9793	0.9793	0.9793	0.9793	0.9793	0.9793	0.9793	0.9793	0.9793	0.9793	0.9793	0.9793	0.9793	0.9793	0.9793	0.9793	0.9793	0.9793	0.9793	0.9793	0.9793	0.9793	0.9793	0.9793	0.9793	0.9793	0.9793	0.9793	0.9793	0.9793	0.9793	0.9793	0.9793	0.9793	0.9793	0.9793	0.9793	0.9793	0.9793	0.9793	0.9793	0.9793	0.9793	0.9793	0.9793	0.9793	0.9793	0.9793	0.9793	0.9793	0.9793	0.9793	0.9793	0.9793	0.9793	0.9793	0.9793	0.9793	0.9793	0.9793	0.9793	0.9793	0.9793	0.9793	0.9793	0.9793	0.9793	0.9793	0.9793	0.9793	0.9793	0.9793	0.9793	0.9793	0.9793	0.9793	0.9793	0.9793	0.9793	0.9793	0.9793	0.9793	0.9793	0.9793	0.9793	0.9793	0.9793	0.9793	0.9793	0.9793	0.9793	0.9793	0.9793	0.9793	0.9793	0.9793	0.9793	0.9793	0.9793	0.9793	0.9793	0.9793	0.9793	0.9793	0.9793	0.9793	0.9793	0.9793	0.9793	0.9793	0.9793	0.9793	0.9793	0.9793	0.9793	0.9793	0.9793	0.9793	0.9793	0.9793	0.9793	0.9793	0.9793	0.9793	0.9793	0.9793	0.9793	0.9793	0.9793	0.9793	0.9793	0.9793	0.9793	0.9793	0.9793	0.9793	0.9793	0.9793	0.9793	0.9793	0.9793	0.9793	0.9793	0.9793	0.9793	0.9793	0.9793	0.9793	0.9793	0.9793	0.9793	0.9793	0.9793	0.9793	0.9793	0.9793	0.9793	0.9793	0.9793	0.9793	0.9793	0.9793	0.9793	0.9793	0.9793	0.9793	0.9793	0.9793	0.9793	0.9793	0.9793	0.9793	0.9793	0.9793	0.9793	0.9793	0.9793	0.9793	0.9793	0.9793	0.9793	0.9793	0.9793	0.9793	0.9793	0.9793	0.9793	0.9793	0.9793	0.9793	0.9793	0.9793	0.9793	0.9793	0.9793	0.9793	0.9793	0.9793	0.9793	0.9793	0.9793	0.9793	0.9793	0.9793	0.9793	0.9793	0.9793	0.9793	0.9793	0.9793	0.9793	0.9793	0.9601	0.9601	0.9601	0.9601	0.9601	0.9601	0.9601	0.9601	0.9601	0.9601	0.9601	0.9601	0.9601	0.9601	0.9601	0.9601	0.9601	0.9601	0.9601	0.9601	0.9601	0.9601	0.9601	0.9601	0.9601	0.9601	0.9601	0.9601	0.9601	0.9601	0.9601	0.9601	0.9601	0.9601	0.9601	0.9601	0.9601	0.9601	0.9601	0.9601	0.9601	0.9601	0.9601	0.9601	0.9601	0.9601	0.9601	0.9601	0.9601
28	0.9542	0.9542	0.9542	0.9542	0.9542	0.9542	0.9542	0.9542	0.9542	0.9542	0.9542	0.9542	0.9542	0.9542	0.9542	0.9542	0.9542	0.9542	0.9542	0.9113	0.9113	0.9113	0.9113	0.9113	0.9113	0.9113	0.9113	0.9113	0.9113	0.9113	0.9113	0.9113	0.9113	0.9113	0.9113	0.9113	0.9113	0.9113	0.9113	0.9113	0.9113	0.9113	0.9113	0.9113	0.9113	0.9113	0.9113	0.9113	0.9113	0.9113	0.9113	0.9113	0.9113	0.9113	0.9113	0.9113	0.9113	0.9113	0.9113	0.9113	0.9113	0.9113	0.9113	0.9113	0.9113	0.9113	0.9113	0.9113	0.9113	0.9113	0.9113	0.9113	0.9113	0.9113	0.9113	0.9113	0.9113	0.9113	0.9113	0.9113	0.9113	0.9113	0.9113	0.9113	0.9113	0.9113	0.9113	0.9113	0.9113	0.9113	0.9113	0.9113	0.9113	0.9113	0.9113	0.9113	0.9113	0.9113	0.9113	0.9113	0.9113	0.9113	0.9113	0.9113	0.9113	0.9113	0.9113	0.9113	0.9113	0.9113	0.9113	0.9113	0.9113	0.9113	0.9113	0.9113	0.9113	0.9113	0.9113	0.9113	0.9113	0.9113	0.9113	0.9113	0.9113	0.9113	0.9113	0.9113	0.9113	0.9113	0.9113	0.9113	0.9113	0.9113	0.9113	0.9113	0.9113	0.9113	0.9113	0.9113	0.9113	0.9113	0.9113	0.9113	0.9113	0.9113	0.9113	0.9113	0.9113	0.9113	0.9113	0.9113	0.9113	0.9113	0.9113	0.9113	0.9113	0.9113	0.9113	0.9113	0.9113	0.9113	0.9113	0.9113	0.9113	0.9113	0.9113	0.9113	0.9113	0.9113	0.9113	0.9113	0.9113	0.9113	0.9113	0.9113	0.9113	0.9113	0.9113	0.9113	0.9113	0.9113	0.9113	0.9113	0.9113	0.9113	0.9113	0.9113	0.9113	0.9113	0.9113	0.9113	0.9113	0.9113	0.9113	0.9113	0.9113	0.9113	0.9113	0.9113	0.9113	0.9113	0.9113	0.9113	0.9113	0.9113	0.9113	0.9113	0.9113	0.9113	0.9113	0.9113	0.9113	0.9113	0.9113	0.9113	0.9113	0.9113	0.9113	0.9113	0.9113	0.9113	0.9113	0.9113	0.9113	0.9113	0.9113	0.9113	0.9113	0.9113	0.9113	0.9113	0.9113	0.9113	0.9113	0.9113	0.9113	0.9113	0.9113	0.9113	0.9113	0.9113	0.9113	0.9113	0.9113	0.9113	0.9113	0.9113	0.9113	0.9113	0.9113	0.962	0.962	0.962	0.962	0.962	0.962	0.962	0.962	0.962	0.962	0.962	0.962	0.962	0.962	0.962	0.962	0.962	0.962	0.962	0.962	0.962	0.962	0.962	0.962	0.962	0.962	0.962	0.962	0.962	0.962	0.962	0.962	0.962	0.962	0.962	0.962	0.962	0.962	0.962	0.962	0.962	0.962	0.962	0.962	0.962	0.962	0.962	0.962	0.962
29	0.9062	0.9062	0.9062	0.9062	0.9062	0.9062	0.9062	0.9062	0.9062	0.9062	0.9062	0.9062	0.9062	0.9062	0.9062	0.9062	0.9062	0.9062	0.9062	0.9969	0.9969	0.9969	0.9969	0.9969	0.9969	0.9969	0.9969	0.9969	0.9969	0.9969	0.9969	0.9969	0.9969	0.9969	0.9969	0.9969	0.9969	0.9969	0.9969	0.9969	0.9969	0.9969	0.9969	0.9969	0.9969	0.9969	0.9969	0.9969	0.9969	0.9969	0.9969	0.9969	0.9969	0.9969	0.9969	0.9969	0.9969	0.9969	0.9969	0.9969	0.9969	0.9969	0.9969	0.9969	0.9969	0.9969	0.9969	0.9969	0.9969	0.9969	0.9969	0.9969	0.9969	0.9969	0.9969	0.9969	0.9969	0.9969	0.9969	0.9969	0.9969	0.9969	0.9969	0.9969	0.9969	0.9969	0.9969	0.9969	0.9969	0.9969	0.9969	0.9969	0.9969	0.9969	0.9969	0.9969	0.9969	0.9969	0.9969	0.9969	0.9969	0.9969	0.9969	0.9969	0.9969	0.9969	0.9969	0.9969	0.9969	0.9969	0.9969	0.9969	0.9969	0.9969	0.9969	0.9969	0.9969	0.9969	0.9969	0.9969	0.9969	0.9969	0.9969	0.9969	0.9969	0.9969	0.9969	0.9969	0.9969	0.9969	0.9969	0.9969	0.9969	0.9969	0.9969	0.9969	0.9969	0.9969	0.9969	0.9969	0.9969	0.9969	0.9969	0.9969	0.9969	0.9969	0.9969	0.9969	0.9969	0.9969	0.9969	0.9969	0.9969	0.9969	0.9969	0.9969	0.9969	0.9969	0.9969	0.9969	0.9969	0.9969	0.9969	0.9969	0.9969	0.9969	0.9969	0.9969	0.9969	0.9969	0.9969	0.9969	0.9969	0.9969	0.9969	0.9969	0.9969	0.9969	0.9969	0.9969	0.9969	0.9969	0.9969	0.9969	0.9969	0.9969	0.9969	0.9969	0.9969	0.9969	0.9969	0.9969	0.9969	0.9969	0.9969	0.9969	0.9969	0.9969	0.9969	0.9969	0.9969	0.9969	0.9969	0.9969	0.9969	0.9969	0.9969	0.9969	0.9969	0.9969	0.9969	0.9969	0.9969	0.9969	0.9969	0.9969	0.9969	0.9969	0.9969	0.9969	0.9969	0.9969	0.9969	0.9969	0.9969	0.9969	0.9969	0.9969	0.9969	0.9969	0.9969	0.9969	0.9969	0.9969	0.9969	0.9969	0.9969	0.9969	0.9969	0.9969	0.9969	0.9969	0.9969	0.9969	0.9969	0.9969	0.9969	0.9969	0.9969	0.9969	0.9969	0.9737	0.9737	0.9737	0.9737	0.9737	0.9737	0.9737	0.9737	0.9737	0.9737	0.9737	0.9737	0.9737	0.9737	0.9737	0.9737	0.9737	0.9737	0.9737	0.9737	0.9737	0.9737	0.9737	0.9737	0.9737	0.9737	0.9737	0.9737	0.9737	0.9737	0.9737	0.9737	0.9737	0.9737	0.9737	0.9737	0.9737	0.9737	0.9737	0.9737	0.9737	0.9737	0.9737	0.9737	0.9737	0.9737	0.9737	0.9737	0.9737
30	0.9349	0.9349	0.9349	0.9349	0.9349	0.9349	0.9349	0.9349	0.9349	0.9349	0.9349	0.9349	0.9349	0.9349	0.9349	0.9349	0.9349	0.9349	0.9349	0.8982	0.8982	0.8982	0.8982	0.8982	0.8982	0.8982	0.8982	0.8982	0.8982	0.8982	0.8982	0.8982	0.8982	0.8982	0.8982	0.8982	0.8982	0.8982	0.8982	0.8982	0.8982	0.8982	0.8982	0.8982	0.8982	0.8982	0.8982	0.8982	0.8982	0.8982	0.8982	0.8982	0.8982	0.8982	0.8982	0.8982	0.8982	0.8982	0.8982	0.8982	0.8982	0.8982	0.8982	0.8982	0.8982	0.8982	0.8982	0.8982	0.8982	0.8982	0.8982	0.8982	0.8982	0.8982	0.8982	0.8982	0.8982	0.8982	0.8982	0.8982	0.8982	0.8982	0.8982	0.8982	0.8982	0.8982	0.8982	0.8982	0.8982	0.8982	0.8982	0.8982	0.8982	0.8982	0.8982	0.8982	0.8982	0.8982	0.8982	0.8982	0.8982	0.8982	0.8982	0.8982	0.8982	0.8982	0.8982	0.8982	0.8982	0.8982	0.8982	0.8982	0.8982	0.8982	0.8982	0.8982	0.8982	0.8982	0.8982	0.8982	0.8982	0.8982	0.8982	0.8982	0.8982	0.8982	0.8982	0.8982	0.8982	0.8982	0.8982	0.8982	0.8982	0.8982	0.8982	0.8982	0.8982	0.8982	0.8982	0.8982	0.8982	0.8982	0.8982	0.8982	0.8982	0.8982	0.8982	0.8982	0.8982	0.8982	0.8982	0.8982	0.8982	0.8982	0.8982	0.8982	0.8982	0.8982	0.8982	0.8982	0.8982	0.8982	0.8982	0.8982	0.8982	0.8982	0.8982	0.8982	0.8982	0.8982	0.8982	0.8982	0.8982	0.8982	0.8982	0.8982	0.8982	0.8982	0.8982	0.8982	0.8982	0.8982	0.8982	0.8982	0.8982	0.8982	0.8982	0.8982	0.8982	0.8982	0.8982	0.8982	0.8982	0.8982	0.8982	0.8982	0.8982	0.8982	0.8982	0.8982	0.8982	0.8982	0.8982	0.8982	0.8982	0.8982	0.8982	0.8982	0.8982	0.8982	0.8982	0.8982	0.8982	0.8982	0.8982	0.8982	0.8982	0.8982	0.8982	0.8982	0.8982	0.8982	0.8982	0.8982	0.8982	0.8982	0.8982	0.8982	0.8982	0.8982	0.8982	0.8982	0.8982	0.8982	0.8982	0.8982	0.8982	0.8982	0.8982	0.8982	0.8982	0.8982	0.8982	0.8982	0.8982	0.8982	0.8982	0.8982	0.8982	0.8982	0.8982	0.9574	0.9574	0.9574	0.9574	0.9574	0.9574	0.9574	0.9574	0.9574	0.9574	0.9574	0.9574	0.9574	0.9574	0.9574	0.9574	0.9574	0.9574	0.9574	0.9574	0.9574	0.9574	0.9574	0.9574	0.9574	0.9574	0.9574	0.9574	0.9574	0.9574	0.9574	0.9574	0.9574	0.9574	0.9574	0.9574	0.9574	0.9574	0.9574	0.9574	0.9574	0.9574	0.9574	0.9574	0.9574	0.9574	0.9574	0.9574	0.9574
31	0.6853	0.6853	0.6853	0.6853	0.6853	0.6853	0.6853	0.6853	0.6853	0.6853	0.6853	0.6853	0.6853	0.6853	0.6853	0.6853	0.6853	0.6853	0.6853	0.9809	0.9809	0.9809	0.9809	0.9809	0.9809	0.9809	0.9809	0.9809	0.9809	0.9809	0.9809	0.9809	0.9809	0.9809	0.9809	0.9809	0.9809	0.9809	0.9809	0.9809	0.9809	0.9809	0.9809	0.9809	0.9809	0.9809	0.9809	0.9809	0.9809	0.9809	0.9809	0.9809	0.9809	0.9809	0.9809	0.9809	0.9809	0.9809	0.9809	0.9809	0.9809	0.9809	0.9809	0.9809	0.9809	0.9809	0.9809	0.9809	0.9809	0.9809	0.9809	0.9809	0.9809	0.9809	0.9809	0.9809	0.9809	0.9809	0.9809	0.9809	0.9809	0.9809	0.9809	0.9809	0.9809	0.9809	0.9809	0.9809	0.9809	0.9809	0.9809	0.9809	0.9809	0.9809	0.9809	0.9809	0.9809	0.9809	0.9809	0.9809	0.9809	0.9809	0.9809	0.9809	0.9809	0.9809	0.9809	0.9809	0.9809	0.9809	0.9809	0.9809	0.9809	0.9809	0.9809	0.9809	0.9809	0.9809	0.9809	0.9809	0.9809	0.9809	0.9809	0.9809	0.9809	0.9809	0.9809	0.9809	0.9809	0.9809	0.9809	0.9809	0.9809	0.9809	0.9809	0.9809	0.9809	0.9809	0.9809	0.9809	0.9809	0.9809	0.9809	0.9809	0.9809	0.9809	0.9809	0.9809	0.9809	0.9809	0.9809	0.9809	0.9809	0.9809	0.9809	0.9809	0.9809	0.9809	0.9809	0.9809	0.9809	0.9809	0.9809	0.9809	0.9809	0.9809	0.9809	0.9809	0.9809	0.9809	0.9809	0.9809	0.9809	0.9809	0.9809	0.9809	0.9809	0.9809	0.9809	0.9809	0.9809	0.9809	0.9809	0.9809	0.9809	0.9809	0.9809	0.9809	0.9809	0.9809	0.9809	0.9809	0.9809	0.9809	0.9809	0.9809	0.9809	0.9809	0.9809	0.9809	0.9809	0.9809	0.9809	0.9809	0.9809	0.9809	0.9809	0.9809	0.9809	0.9809	0.9809	0.9809	0.9809	0.9809	0.9809	0.9809	0.9809	0.9809	0.9809	0.9809	0.9809	0.9809	0.9809	0.9809	0.9809	0.9809	0.9809	0.9809	0.9809	0.9809	0.9809	0.9809	0.9809	0.9809	0.9809	0.9809	0.9809	0.9809	0.9809	0.9809	0.9809	0.9809	0.9809	0.9809	0.9809	0.9809	0.9809	0.9809	0.9809	0.9809	0.9809	0.9433	0.9433	0.9433	0.9433	0.9433	0.9433	0.9433	0.9433	0.9433	0.9433	0.9433	0.9433	0.9433	0.9433	0.9433	0.9433	0.9433	0.9433	0.9433	0.9433	0.9433	0.9433	0.9433	0.9433	0.9433	0.9433	0.9433	0.9433	0.9433	0.9433	0.9433	0.9433	0.9433	0.9433	0.9433	0.9433	0.9433	0.9433	0.9433	0.9433	0.9433	0.9433	0.9433	0.9433	0.9433	0.9433	0.9433	0.9433	0.9433
32	0.7764	0.7764	0.7764	0.7764	0.7764	0.7764	0.7764	0.7764	0.7764	0.7764	0.7764	0.7764	0.7764	0.7764	0.7764	0.7764	0.7764	0.7764	0.7764	0.8763	0.8763	0.8763	0.8763	0.8763	0.8763	0.8763	0.8763	0.8763	0.8763	0.8763	0.8763	0.8763	0.8763	0.8763	0.8763	0.8763	0.8763	0.8763	0.8763	0.8763	0.8763	0.8763	0.8763	0.8763	0.8763	0.8763	0.8763	0.8763	0.8763	0.8763	0.8763	0.8763	0.8763	0.8763	0.8763	0.8763	0.8763	0.8763	0.8763	0.8763	0.8763	0.8763	0.8763	0.8763	0.8763	0.8763	0.8763	0.8763	0.8763	0.8763	0.8763	0.8763	0.8763	0.8763	0.8763	0.8763	0.8763	0.8763	0.8763	0.8763	0.8763	0.8763	0.8763	0.8763	0.8763	0.8763	0.8763	0.8763	0.8763	0.8763	0.8763	0.8763	0.8763	0.8763	0.8763	0.8763	0.8763	0.8763	0.8763	0.8763	0.8763	0.8763	0.8763	0.8763	0.8763	0.8763	0.8763	0.8763	0.8763	0.8763	0.8763	0.8763	0.8763	0.8763	0.8763	0.8763	0.8763	0.8763	0.8763	0.8763	0.8763	0.8763	0.8763	0.8763	0.8763	0.8763	0.8763	0.8763	0.8763	0.8763	0.8763	0.8763	0.8763	0.8763	0.8763	0.8763	0.8763	0.8763	0.8763	0.8763	0.8763	0.8763	0.8763	0.8763	0.8763	0.8763	0.8763	0.8763	0.8763	0.8763	0.8763	0.8763	0.8763	0.8763	0.8763	0.8763	0.8763	0.8763	0.8763	0.8763	0.8763	0.8763	0.8763	0.8763	0.8763	0.8763	0.8763	0.8763	0.8763	0.8763	0.8763	0.8763	0.8763	0.8763	0.8763	0.8763	0.8763	0.8763	0.8763	0.8763	0.8763	0.8763	0.8763	0.8763	0.8763	0.8763	0.8763	0.8763	0.8763	0.8763	0.8763	0.8763	0.8763	0.8763	0.8763	0.8763	0.8763	0.8763	0.8763	0.8763	0.8763	0.8763	0.8763	0.8763	0.8763	0.8763	0.8763	0.8763	0.8763	0.8763	0.8763	0.8763	0.8763	0.8763	0.8763	0.8763	0.8763	0.8763	0.8763	0.8763	0.8763	0.8763	0.8763	0.8763	0.8763	0.8763	0.8763	0.8763	0.8763	0.8763	0.8763	0.8763	0.8763	0.8763	0.8763	0.8763	0.8763	0.8763	0.8763	0.8763	0.8763	0.8763	0.8763	0.8763	0.8763	0.8763	0.8763	0.8763	0.8763	0.8763	0.8763	0.9812	0.9812	0.9812	0.9812	0.9812	0.9812	0.9812	0.9812	0.9812	0.9812	0.9812	0.9812	0.9812	0.9812	0.9812	0.9812	0.9812	0.9812	0.9812	0.9812	0.9812	0.9812	0.9812	0.9812	0.9812	0.9812	0.9812	0.9812	0.9812	0.9812	0.9812	0.9812	0.9812	0.9812	0.9812	0.9812	0.9812	0.9812	0.9812	0.9812	0.9812	0.9812	0.9812	0.9812	0.9812	0.9812	0.9812	0.9812	0.9812
33	0.9413	0.9413	0.9413	0.9413	0.9413	0.9413	0.9413	0.9413	0.9413	0.9413	0.9413	0.9413	0.9413	0.9413	0.9413	0.9413	0.9413	0.9413	0.9413	0.9396	0.9396	0.9396	0.9396	0.9396	0.9396	0.9396	0.9396	0.9396	0.9396	0.9396	0.9396	0.9396	0.9396	0.9396	0.9396	0.9396	0.9396	0.9396	0.9396	0.9396	0.9396	0.9396	0.9396	0.9396	0.9396	0.9396	0.9396	0.9396	0.9396	0.9396	0.9396	0.9396	0.9396	0.9396	0.9396	0.9396	0.9396	0.9396	0.9396	0.9396	0.9396	0.9396	0.9396	0.9396	0.9396	0.9396	0.9396	0.9396	0.9396	0.9396	0.9396	0.9396	0.9396	0.9396	0.9396	0.9396	0.9396	0.9396	0.9396	0.9396	0.9396	0.9396	0.9396	0.9396	0.9396	0.9396	0.9396	0.9396	0.9396	0.9396	0.9396	0.9396	0.9396	0.9396	0.9396	0.9396	0.9396	0.9396	0.9396	0.9396	0.9396	0.9396	0.9396	0.9396	0.9396	0.9396	0.9396	0.9396	0.9396	0.9396	0.9396	0.9396	0.9396	0.9396	0.9396	0.9396	0.9396	0.9396	0.9396	0.9396	0.9396	0.9396	0.9396	0.9396	0.9396	0.9396	0.9396	0.9396	0.9396	0.9396	0.9396	0.9396	0.9396	0.9396	0.9396	0.9396	0.9396	0.9396	0.9396	0.9396	0.9396	0.9396	0.9396	0.9396	0.9396	0.9396	0.9396	0.9396	0.9396	0.9396	0.9396	0.9396	0.9396	0.9396	0.9396	0.9396	0.9396	0.9396	0.9396	0.9396	0.9396	0.9396	0.9396	0.9396	0.9396	0.9396	0.9396	0.9396	0.9396	0.9396	0.9396	0.9396	0.9396	0.9396	0.9396	0.9396	0.9396	0.9396	0.9396	0.9396	0.9396	0.9396	0.9396	0.9396	0.9396	0.9396	0.9396	0.9396	0.9396	0.9396	0.9396	0.9396	0.9396	0.9396	0.9396	0.9396	0.9396	0.9396	0.9396	0.9396	0.9396	0.9396	0.9396	0.9396	0.9396	0.9396	0.9396	0.9396	0.9396	0.9396	0.9396	0.9396	0.9396	0.9396	0.9396	0.9396	0.9396	0.9396	0.9396	0.9396	0.9396	0.9396	0.9396	0.9396	0.9396	0.9396	0.9396	0.9396	0.9396	0.9396	0.9396	0.9396	0.9396	0.9396	0.9396	0.9396	0.9396	0.9396	0.9396	0.9396	0.9396	0.9396	0.9396	0.9396	0.9396	0.9396	0.9396	0.9396	0.9396	0.9396	0.9396	0.8652	0.8652	0.8652	0.8652	0.8652	0.8652	0.8652	0.8652	0.8652	0.8652	0.8652	0.8652	0.8652	0.8652	0.8652	0.8652	0.8652	0.8652	0.8652	0.8652	0.8652	0.8652	0.8652	0.8652	0.8652	0.8652	0.8652	0.8652	0.8652	0.8652	0.8652	0.8652	0.8652	0.8652	0.8652	0.8652	0.8652	0.8652	0.8652	0.8652	0.8652	0.8652	0.8652	0.8652	0.8652	0.8652	0.8652	0.8652	0.8652
34	0.9423	0.9423	0.9423	0.9423	0.9423	0.9423	0.9423	0.9423	0.9423	0.9423	0.9423	0.9423	0.9423	0.9423	0.9423	0.9423	0.9423	0.9423	0.9423	0.9975	0.9975	0.9975	0.9975	0.9975	0.9975	0.9975	0.9975	0.9975	0.9975	0.9975	0.9975	0.9975	0.9975	0.9975	0.9975	0.9975	0.9975	0.9975	0.9975	0.9975	0.9975	0.9975	0.9975	0.9975	0.9975	0.9975	0.9975	0.9975	0.9975	0.9975	0.9975	0.9975	0.9975	0.9975	0.9975	0.9975	0.9975	0.9975	0.9975	0.9975	0.9975	0.9975	0.9975	0.9975	0.9975	0.9975	0.9975	0.9975	0.9975	0.9975	0.9975	0.9975	0.9975	0.9975	0.9975	0.9975	0.9975	0.9975	0.9975	0.9975	0.9975	0.9975	0.9975	0.9975	0.9975	0.9975	0.9975	0.9975	0.9975	0.9975	0.9975	0.9975	0.9975	0.9975	0.9975	0.9975	0.9975	0.9975	0.9975	0.9975	0.9975	0.9975	0.9975	0.9975	0.9975	0.9975	0.9975	0.9975	0.9975	0.9975	0.9975	0.9975	0.9975	0.9975	0.9975	0.9975	0.9975	0.9975	0.9975	0.9975	0.9975	0.9975	0.9975	0.9975	0.9975	0.9975	0.9975	0.9975	0.9975	0.9975	0.9975	0.9975	0.9975	0.9975	0.9975	0.9975	0.9975	0.9975	0.9975	0.9975	0.9975	0.9975	0.9975	0.9975	0.9975	0.9975	0.9975	0.9975	0.9975	0.9975	0.9975	0.9975	0.9975	0.9975	0.9975	0.9975	0.9975	0.9975	0.9975	0.9975	0.9975	0.9975	0.9975	0.9975	0.9975	0.9975	0.9975	0.9975	0.9975	0.9975	0.9975	0.9975	0.9975	0.9975	0.9975	0.9975	0.9975	0.9975	0.9975	0.9975	0.9975	0.9975	0.9975	0.9975	0.9975	0.9975	0.9975	0.9975	0.9975	0.9975	0.9975	0.9975	0.9975	0.9975	0.9975	0.9975	0.9975	0.9975	0.9975	0.9975	0.9975	0.9975	0.9975	0.9975	0.9975	0.9975	0.9975	0.9975	0.9975	0.9975	0.9975	0.9975	0.9975	0.9975	0.9975	0.9975	0.9975	0.9975	0.9975	0.9975	0.9975	0.9975	0.9975	0.9975	0.9975	0.9975	0.9975	0.9975	0.9975	0.9975	0.9975	0.9975	0.9975	0.9975	0.9975	0.9975	0.9975	0.9975	0.9975	0.9975	0.9975	0.9975	0.9975	0.9975	0.9975	0.9975	0.9975	0.9975	0.9975	0.9975	0.9975	0.9344	0.9344	0.9344	0.9344	0.9344	0.9344	0.9344	0.9344	0.9344	0.9344	0.9344	0.9344	0.9344	0.9344	0.9344	0.9344	0.9344	0.9344	0.9344	0.9344	0.9344	0.9344	0.9344	0.9344	0.9344	0.9344	0.9344	0.9344	0.9344	0.9344	0.9344	0.9344	0.9344	0.9344	0.9344	0.9344	0.9344	0.9344	0.9344	0.9344	0.9344	0.9344	0.9344	0.9344	0.9344	0.9344	0.9344	0.9344	0.9344
35	0.8824	0.8824	0.8824	0.8824	0.8824	0.8824	0.8824	0.8824	0.8824	0.8824	0.8824	0.8824	0.8824	0.8824	0.8824	0.8824	0.8824	0.8824	0.8824	0.9984	0.9984	0.9984	0.9984	0.9984	0.9984	0.9984	0.9984	0.9984	0.9984	0.9984	0.9984	0.9984	0.9984	0.9984	0.9984	0.9984	0.9984	0.9984	0.9984	0.9984	0.9984	0.9984	0.9984	0.9984	0.9984	0.9984	0.9984	0.9984	0.9984	0.9984	0.9984	0.9984	0.9984	0.9984	0.9984	0.9984	0.9984	0.9984	0.9984	0.9984	0.9984	0.9984	0.9984	0.9984	0.9984	0.9984	0.9984	0.9984	0.9984	0.9984	0.9984	0.9984	0.9984	0.9984	0.9984	0.9984	0.9984	0.9984	0.9984	0.9984	0.9984	0.9984	0.9984	0.9984	0.9984	0.9984	0.9984	0.9984	0.9984	0.9984	0.9984	0.9984	0.9984	0.9984	0.9984	0.9984	0.9984	0.9984	0.9984	0.9984	0.9984	0.9984	0.9984	0.9984	0.9984	0.9984	0.9984	0.9984	0.9984	0.9984	0.9984	0.9984	0.9984	0.9984	0.9984	0.9984	0.9984	0.9984	0.9984	0.9984	0.9984	0.9984	0.9984	0.9984	0.9984	0.9984	0.9984	0.9984	0.9984	0.9984	0.9984	0.9984	0.9984	0.9984	0.9984	0.9984	0.9984	0.9984	0.9984	0.9984	0.9984	0.9984	0.9984	0.9984	0.9984	0.9984	0.9984	0.9984	0.9984	0.9984	0.9984	0.9984	0.9984	0.9984	0.9984	0.9984	0.9984	0.9984	0.9984	0.9984	0.9984	0.9984	0.9984	0.9984	0.9984	0.9984	0.9984	0.9984	0.9984	0.9984	0.9984	0.9984	0.9984	0.9984	0.9984	0.9984	0.9984	0.9984	0.9984	0.9984	0.9984	0.9984	0.9984	0.9984	0.9984	0.9984	0.9984	0.9984	0.9984	0.9984	0.9984	0.9984	0.9984	0.9984	0.9984	0.9984	0.9984	0.9984	0.9984	0.9984	0.9984	0.9984	0.9984	0.9984	0.9984	0.9984	0.9984	0.9984	0.9984	0.9984	0.9984	0.9984	0.9984	0.9984	0.9984	0.9984	0.9984	0.9984	0.9984	0.9984	0.9984	0.9984	0.9984	0.9984	0.9984	0.9984	0.9984	0.9984	0.9984	0.9984	0.9984	0.9984	0.9984	0.9984	0.9984	0.9984	0.9984	0.9984	0.9984	0.9984	0.9984	0.9984	0.9984	0.9984	0.9984	0.9984	0.9984	0.9984	0.9984	0.9984	0.9984	0.9164	0.9164	0.9164	0.9164	0.9164	0.9164	0.9164	0.9164	0.9164	0.9164	0.9164	0.9164	0.9164	0.9164	0.9164	0.9164	0.9164	0.9164	0.9164	0.9164	0.9164	0.9164	0.9164	0.9164	0.9164	0.9164	0.9164	0.9164	0.9164	0.9164	0.9164	0.9164	0.9164	0.9164	0.9164	0.9164	0.9164	0.9164	0.9164	0.9164	0.9164	0.9164	0.9164	0.9164	0.9164	0.9164	0.9164	0.9164	0.9164
36	0.9098	0.9098	0.9098	0.9098	0.9098	0.9098	0.9098	0.9098	0.9098	0.9098	0.9098	0.9098	0.9098	0.9098	0.9098	0.9098	0.9098	0.9098	0.9098	0.0034	0.0034	0.0034	0.0034	0.0034	0.0034	0.0034	0.0034	0.0034	0.0034	0.0034	0.0034	0.0034	0.0034	0.0034	0.0034	0.0034	0.0034	0.0034	0.0034	0.0034	0.0034	0.0034	0.0034	0.0034	0.0034	0.0034	0.0034	0.0034	0.0034	0.0034	0.0034	0.0034	0.0034	0.0034	0.0034	0.0034	0.0034	0.0034	0.0034	0.0034	0.0034	0.0034	0.0034	0.0034	0.0034	0.0034	0.0034	0.0034	0.0034	0.0034	0.0034	0.0034	0.0034	0.0034	0.0034	0.0034	0.0034	0.0034	0.0034	0.0034	0.0034	0.0034	0.0034	0.0034	0.0034	0.0034	0.0034	0.0034	0.0034	0.0034	0.0034	0.0034	0.0034	0.0034	0.0034	0.0034	0.0034	0.0034	0.0034	0.0034	0.0034	0.0034	0.0034	0.0034	0.0034	0.0034	0.0034	0.0034	0.0034	0.0034	0.0034	0.0034	0.0034	0.0034	0.0034	0.0034	0.0034	0.0034	0.0034	0.0034	0.0034	0.0034	0.0034	0.0034	0.0034	0.0034	0.0034	0.0034	0.0034	0.0034	0.0034	0.0034	0.0034	0.0034	0.0034	0.0034	0.0034	0.0034	0.0034	0.0034	0.0034	0.0034	0.0034	0.0034	0.0034	0.0034	0.0034	0.0034	0.0034	0.0034	0.0034	0.0034	0.0034	0.0034	0.0034	0.0034	0.0034	0.0034	0.0034	0.0034	0.0034	0.0034	0.0034	0.0034	0.0034	0.0034	0.0034	0.0034	0.0034	0.0034	0.0034	0.0034	0.0034	0.0034	0.0034	0.0034	0.0034	0.0034	0.0034	0.0034	0.0034	0.0034	0.0034	0.0034	0.0034	0.0034	0.0034	0.0034	0.0034	0.0034	0.0034	0.0034	0.0034	0.0034	0.0034	0.0034	0.0034	0.0034	0.0034	0.0034	0.0034	0.0034	0.0034	0.0034	0.0034	0.0034	0.0034	0.0034	0.0034	0.0034	0.0034	0.0034	0.0034	0.0034	0.0034	0.0034	0.0034	0.0034	0.0034	0.0034	0.0034	0.0034	0.0034	0.0034	0.0034	0.0034	0.0034	0.0034	0.0034	0.0034	0.0034	0.0034	0.0034	0.0034	0.0034	0.0034	0.0034	0.0034	0.0034	0.0034	0.0034	0.0034	0.0034	0.0034	0.0034	0.0034	0.0034	0.0034	0.0034	0.0034	0.0034	0.0126	0.0126	0.0126	0.0126	0.0126	0.0126	0.0126	0.0126	0.0126	0.0126	0.0126	0.0126	0.0126	0.0126	0.0126	0.0126	0.0126	0.0126	0.0126	0.0126	0.0126	0.0126	0.0126	0.0126	0.0126	0.0126	0.0126	0.0126	0.0126	0.0126	0.0126	0.0126	0.0126	0.0126	0.0126	0.0126	0.0126	0.0126	0.0126	0.0126	0.0126	0.0126	0.0126	0.0126	0.0126	0.0126	0.0126	0.0126	0.0126
37	0.9259	0.9259	0.9259	0.9259	0.9259	0.9259	0.9259	0.9259	0.9259	0.9259	0.9259	0.9259	0.9259	0.9259	0.9259	0.9259	0.9259	0.9259	0.9259	0.0364	0.0364	0.0364	0.0364	0.0364	0.0364	0.0364	0.0364	0.0364	0.0364	0.0364	0.0364	0.0364	0.0364	0.0364	0.0364	0.0364	0.0364	0.0364	0.0364	0.0364	0.0364	0.0364	0.0364	0.0364	0.0364	0.0364	0.0364	0.0364	0.0364	0.0364	0.0364	0.0364	0.0364	0.0364	0.0364	0.0364	0.0364	0.0364	0.0364	0.0364	0.0364	0.0364	0.0364	0.0364	0.0364	0.0364	0.0364	0.0364	0.0364	0.0364	0.0364	0.0364	0.0364	0.0364	0.0364	0.0364	0.0364	0.0364	0.0364	0.0364	0.0364	0.0364	0.0364	0.0364	0.0364	0.0364	0.0364	0.0364	0.0364	0.0364	0.0364	0.0364	0.0364	0.0364	0.0364	0.0364	0.0364	0.0364	0.0364	0.0364	0.0364	0.0364	0.0364	0.0364	0.0364	0.0364	0.0364	0.0364	0.0364	0.0364	0.0364	0.0364	0.0364	0.0364	0.0364	0.0364	0.0364	0.0364	0.0364	0.0364	0.0364	0.0364	0.0364	0.0364	0.0364	0.0364	0.0364	0.0364	0.0364	0.0364	0.0364	0.0364	0.0364	0.0364	0.0364	0.0364	0.0364	0.0364	0.0364	0.0364	0.0364	0.0364	0.0364	0.0364	0.0364	0.0364	0.0364	0.0364	0.0364	0.0364	0.0364	0.0364	0.0364	0.0364	0.0364	0.0364	0.0364	0.0364	0.0364	0.0364	0.0364	0.0364	0.0364	0.0364	0.0364	0.0364	0.0364	0.0364	0.0364	0.0364	0.0364	0.0364	0.0364	0.0364	0.0364	0.0364	0.0364	0.0364	0.0364	0.0364	0.0364	0.0364	0.0364	0.0364	0.0364	0.0364	0.0364	0.0364	0.0364	0.0364	0.0364	0.0364	0.0364	0.0364	0.0364	0.0364	0.0364	0.0364	0.0364	0.0364	0.0364	0.0364	0.0364	0.0364	0.0364	0.0364	0.0364	0.0364	0.0364	0.0364	0.0364	0.0364	0.0364	0.0364	0.0364	0.0364	0.0364	0.0364	0.0364	0.0364	0.0364	0.0364	0.0364	0.0364	0.0364	0.0364	0.0364	0.0364	0.0364	0.0364	0.0364	0.0364	0.0364	0.0364	0.0364	0.0364	0.0364	0.0364	0.0364	0.0364	0.0364	0.0364	0.0364	0.0364	0.0364	0.0364	0.0364	0.0364	0.0364	0.0364	0.0364	0.0059	0.0059	0.0059	0.0059	0.0059	0.0059	0.0059	0.0059	0.0059	0.0059	0.0059	0.0059	0.0059	0.0059	0.0059	0.0059	0.0059	0.0059	0.0059	0.0059	0.0059	0.0059	0.0059	0.0059	0.0059	0.0059	0.0059	0.0059	0.0059	0.0059	0.0059	0.0059	0.0059	0.0059	0.0059	0.0059	0.0059	0.0059	0.0059	0.0059	0.0059	0.0059	0.0059	0.0059	0.0059	0.0059	0.0059	0.0059	0.0059
38	0.9535	0.9535	0.9535	0.9535	0.9535	0.9535	0.9535	0.9535	0.9535	0.9535	0.9535	0.9535	0.9535	0.9535	0.9535	0.9535	0.9535	0.9535	0.9535	0.0068	0.0068	0.0068	0.0068	0.0068	0.0068	0.0068	0.0068	0.0068	0.0068	0.0068	0.0068	0.0068	0.0068	0.0068	0.0068	0.0068	0.0068	0.0068	0.0068	0.0068	0.0068	0.0068	0.0068	0.0068	0.0068	0.0068	0.0068	0.0068	0.0068	0.0068	0.0068	0.0068	0.0068	0.0068	0.0068	0.0068	0.0068	0.0068	0.0068	0.0068	0.0068	0.0068	0.0068	0.0068	0.0068	0.0068	0.0068	0.0068	0.0068	0.0068	0.0068	0.0068	0.0068	0.0068	0.0068	0.0068	0.0068	0.0068	0.0068	0.0068	0.0068	0.0068	0.0068	0.0068	0.0068	0.0068	0.0068	0.0068	0.0068	0.0068	0.0068	0.0068	0.0068	0.0068	0.0068	0.0068	0.0068	0.0068	0.0068	0.0068	0.0068	0.0068	0.0068	0.0068	0.0068	0.0068	0.0068	0.0068	0.0068	0.0068	0.0068	0.0068	0.0068	0.0068	0.0068	0.0068	0.0068	0.0068	0.0068	0.0068	0.0068	0.0068	0.0068	0.0068	0.0068	0.0068	0.0068	0.0068	0.0068	0.0068	0.0068	0.0068	0.0068	0.0068	0.0068	0.0068	0.0068	0.0068	0.0068	0.0068	0.0068	0.0068	0.0068	0.0068	0.0068	0.0068	0.0068	0.0068	0.0068	0.0068	0.0068	0.0068	0.0068	0.0068	0.0068	0.0068	0.0068	0.0068	0.0068	0.0068	0.0068	0.0068	0.0068	0.0068	0.0068	0.0068	0.0068	0.0068	0.0068	0.0068	0.0068	0.0068	0.0068	0.0068	0.0068	0.0068	0.0068	0.0068	0.0068	0.0068	0.0068	0.0068	0.0068	0.0068	0.0068	0.0068	0.0068	0.0068	0.0068	0.0068	0.0068	0.0068	0.0068	0.0068	0.0068	0.0068	0.0068	0.0068	0.0068	0.0068	0.0068	0.0068	0.0068	0.0068	0.0068	0.0068	0.0068	0.0068	0.0068	0.0068	0.0068	0.0068	0.0068	0.0068	0.0068	0.0068	0.0068	0.0068	0.0068	0.0068	0.0068	0.0068	0.0068	0.0068	0.0068	0.0068	0.0068	0.0068	0.0068	0.0068	0.0068	0.0068	0.0068	0.0068	0.0068	0.0068	0.0068	0.0068	0.0068	0.0068	0.0068	0.0068	0.0068	0.0068	0.0068	0.0068	0.0068	0.0068	0.0068	0.0068	0.0068	0.0267	0.0267	0.0267	0.0267	0.0267	0.0267	0.0267	0.0267	0.0267	0.0267	0.0267	0.0267	0.0267	0.0267	0.0267	0.0267	0.0267	0.0267	0.0267	0.0267	0.0267	0.0267	0.0267	0.0267	0.0267	0.0267	0.0267	0.0267	0.0267	0.0267	0.0267	0.0267	0.0267	0.0267	0.0267	0.0267	0.0267	0.0267	0.0267	0.0267	0.0267	0.0267	0.0267	0.0267	0.0267	0.0267	0.0267	0.0267	0.0267
39	0.887	0.887	0.887	0.887	0.887	0.887	0.887	0.887	0.887	0.887	0.887	0.887	0.887	0.887	0.887	0.887	0.887	0.887	0.887	0.0031	0.0031	0.0031	0.0031	0.0031	0.0031	0.0031	0.0031	0.0031	0.0031	0.0031	0.0031	0.0031	0.0031	0.0031	0.0031	0.0031	0.0031	0.0031	0.0031	0.0031	0.0031	0.0031	0.0031	0.0031	0.0031	0.0031	0.0031	0.0031	0.0031	0.0031	0.0031	0.0031	0.0031	0.0031	0.0031	0.0031	0.0031	0.0031	0.0031	0.0031	0.0031	0.0031	0.0031	0.0031	0.0031	0.0031	0.0031	0.0031	0.0031	0.0031	0.0031	0.0031	0.0031	0.0031	0.0031	0.0031	0.0031	0.0031	0.0031	0.0031	0.0031	0.0031	0.0031	0.0031	0.0031	0.0031	0.0031	0.0031	0.0031	0.0031	0.0031	0.0031	0.0031	0.0031	0.0031	0.0031	0.0031	0.0031	0.0031	0.0031	0.0031	0.0031	0.0031	0.0031	0.0031	0.0031	0.0031	0.0031	0.0031	0.0031	0.0031	0.0031	0.0031	0.0031	0.0031	0.0031	0.0031	0.0031	0.0031	0.0031	0.0031	0.0031	0.0031	0.0031	0.0031	0.0031	0.0031	0.0031	0.0031	0.0031	0.0031	0.0031	0.0031	0.0031	0.0031	0.0031	0.0031	0.0031	0.0031	0.0031	0.0031	0.0031	0.0031	0.0031	0.0031	0.0031	0.0031	0.0031	0.0031	0.0031	0.0031	0.0031	0.0031	0.0031	0.0031	0.0031	0.0031	0.0031	0.0031	0.0031	0.0031	0.0031	0.0031	0.0031	0.0031	0.0031	0.0031	0.0031	0.0031	0.0031	0.0031	0.0031	0.0031	0.0031	0.0031	0.0031	0.0031	0.0031	0.0031	0.0031	0.0031	0.0031	0.0031	0.0031	0.0031	0.0031	0.0031	0.0031	0.0031	0.0031	0.0031	0.0031	0.0031	0.0031	0.0031	0.0031	0.0031	0.0031	0.0031	0.0031	0.0031	0.0031	0.0031	0.0031	0.0031	0.0031	0.0031	0.0031	0.0031	0.0031	0.0031	0.0031	0.0031	0.0031	0.0031	0.0031	0.0031	0.0031	0.0031	0.0031	0.0031	0.0031	0.0031	0.0031	0.0031	0.0031	0.0031	0.0031	0.0031	0.0031	0.0031	0.0031	0.0031	0.0031	0.0031	0.0031	0.0031	0.0031	0.0031	0.0031	0.0031	0.0031	0.0031	0.0031	0.0031	0.0031	0.0031	0.0031	0.0031	0.0031	0.0031	0.0067	0.0067	0.0067	0.0067	0.0067	0.0067	0.0067	0.0067	0.0067	0.0067	0.0067	0.0067	0.0067	0.0067	0.0067	0.0067	0.0067	0.0067	0.0067	0.0067	0.0067	0.0067	0.0067	0.0067	0.0067	0.0067	0.0067	0.0067	0.0067	0.0067	0.0067	0.0067	0.0067	0.0067	0.0067	0.0067	0.0067	0.0067	0.0067	0.0067	0.0067	0.0067	0.0067	0.0067	0.0067	0.0067	0.0067	0.0067	0.0067
40	0.9694	0.9694	0.9694	0.9694	0.9694	0.9694	0.9694	0.9694	0.9694	0.9694	0.9694	0.9694	0.9694	0.9694	0.9694	0.9694	0.9694	0.9694	0.9694	0.0189	0.0189	0.0189	0.0189	0.0189	0.0189	0.0189	0.0189	0.0189	0.0189	0.0189	0.0189	0.0189	0.0189	0.0189	0.0189	0.0189	0.0189	0.0189	0.0189	0.0189	0.0189	0.0189	0.0189	0.0189	0.0189	0.0189	0.0189	0.0189	0.0189	0.0189	0.0189	0.0189	0.0189	0.0189	0.0189	0.0189	0.0189	0.0189	0.0189	0.0189	0.0189	0.0189	0.0189	0.0189	0.0189	0.0189	0.0189	0.0189	0.0189	0.0189	0.0189	0.0189	0.0189	0.0189	0.0189	0.0189	0.0189	0.0189	0.0189	0.0189	0.0189	0.0189	0.0189	0.0189	0.0189	0.0189	0.0189	0.0189	0.0189	0.0189	0.0189	0.0189	0.0189	0.0189	0.0189	0.0189	0.0189	0.0189	0.0189	0.0189	0.0189	0.0189	0.0189	0.0189	0.0189	0.0189	0.0189	0.0189	0.0189	0.0189	0.0189	0.0189	0.0189	0.0189	0.0189	0.0189	0.0189	0.0189	0.0189	0.0189	0.0189	0.0189	0.0189	0.0189	0.0189	0.0189	0.0189	0.0189	0.0189	0.0189	0.0189	0.0189	0.0189	0.0189	0.0189	0.0189	0.0189	0.0189	0.0189	0.0189	0.0189	0.0189	0.0189	0.0189	0.0189	0.0189	0.0189	0.0189	0.0189	0.0189	0.0189	0.0189	0.0189	0.0189	0.0189	0.0189	0.0189	0.0189	0.0189	0.0189	0.0189	0.0189	0.0189	0.0189	0.0189	0.0189	0.0189	0.0189	0.0189	0.0189	0.0189	0.0189	0.0189	0.0189	0.0189	0.0189	0.0189	0.0189	0.0189	0.0189	0.0189	0.0189	0.0189	0.0189	0.0189	0.0189	0.0189	0.0189	0.0189	0.0189	0.0189	0.0189	0.0189	0.0189	0.0189	0.0189	0.0189	0.0189	0.0189	0.0189	0.0189	0.0189	0.0189	0.0189	0.0189	0.0189	0.0189	0.0189	0.0189	0.0189	0.0189	0.0189	0.0189	0.0189	0.0189	0.0189	0.0189	0.0189	0.0189	0.0189	0.0189	0.0189	0.0189	0.0189	0.0189	0.0189	0.0189	0.0189	0.0189	0.0189	0.0189	0.0189	0.0189	0.0189	0.0189	0.0189	0.0189	0.0189	0.0189	0.0189	0.0189	0.0189	0.0189	0.0189	0.0189	0.0189	0.0189	0.0189	0.0189	0.0189	0.0189	0.0065	0.0065	0.0065	0.0065	0.0065	0.0065	0.0065	0.0065	0.0065	0.0065	0.0065	0.0065	0.0065	0.0065	0.0065	0.0065	0.0065	0.0065	0.0065	0.0065	0.0065	0.0065	0.0065	0.0065	0.0065	0.0065	0.0065	0.0065	0.0065	0.0065	0.0065	0.0065	0.0065	0.0065	0.0065	0.0065	0.0065	0.0065	0.0065	0.0065	0.0065	0.0065	0.0065	0.0065	0.0065	0.0065	0.0065	0.0065	0.0065
41	0.9448	0.9448	0.9448	0.9448	0.9448	0.9448	0.9448	0.9448	0.9448	0.9448	0.9448	0.9448	0.9448	0.9448	0.9448	0.9448	0.9448	0.9448	0.9448	0.0001	0.0001	0.0001	0.0001	0.0001	0.0001	0.0001	0.0001	0.0001	0.0001	0.0001	0.0001	0.0001	0.0001	0.0001	0.0001	0.0001	0.0001	0.0001	0.0001	0.0001	0.0001	0.0001	0.0001	0.0001	0.0001	0.0001	0.0001	0.0001	0.0001	0.0001	0.0001	0.0001	0.0001	0.0001	0.0001	0.0001	0.0001	0.0001	0.0001	0.0001	0.0001	0.0001	0.0001	0.0001	0.0001	0.0001	0.0001	0.0001	0.0001	0.0001	0.0001	0.0001	0.0001	0.0001	0.0001	0.0001	0.0001	0.0001	0.0001	0.0001	0.0001	0.0001	0.0001	0.0001	0.0001	0.0001	0.0001	0.0001	0.0001	0.0001	0.0001	0.0001	0.0001	0.0001	0.0001	0.0001	0.0001	0.0001	0.0001	0.0001	0.0001	0.0001	0.0001	0.0001	0.0001	0.0001	0.0001	0.0001	0.0001	0.0001	0.0001	0.0001	0.0001	0.0001	0.0001	0.0001	0.0001	0.0001	0.0001	0.0001	0.0001	0.0001	0.0001	0.0001	0.0001	0.0001	0.0001	0.0001	0.0001	0.0001	0.0001	0.0001	0.0001	0.0001	0.0001	0.0001	0.0001	0.0001	0.0001	0.0001	0.0001	0.0001	0.0001	0.0001	0.0001	0.0001	0.0001	0.0001	0.0001	0.0001	0.0001	0.0001	0.0001	0.0001	0.0001	0.0001	0.0001	0.0001	0.0001	0.0001	0.0001	0.0001	0.0001	0.0001	0.0001	0.0001	0.0001	0.0001	0.0001	0.0001	0.0001	0.0001	0.0001	0.0001	0.0001	0.0001	0.0001	0.0001	0.0001	0.0001	0.0001	0.0001	0.0001	0.0001	0.0001	0.0001	0.0001	0.0001	0.0001	0.0001	0.0001	0.0001	0.0001	0.0001	0.0001	0.0001	0.0001	0.0001	0.0001	0.0001	0.0001	0.0001	0.0001	0.0001	0.0001	0.0001	0.0001	0.0001	0.0001	0.0001	0.0001	0.0001	0.0001	0.0001	0.0001	0.0001	0.0001	0.0001	0.0001	0.0001	0.0001	0.0001	0.0001	0.0001	0.0001	0.0001	0.0001	0.0001	0.0001	0.0001	0.0001	0.0001	0.0001	0.0001	0.0001	0.0001	0.0001	0.0001	0.0001	0.0001	0.0001	0.0001	0.0001	0.0001	0.0001	0.0001	0.0001	0.0001	0.0001	0.0001	0.0001	0.0329	0.0329	0.0329	0.0329	0.0329	0.0329	0.0329	0.0329	0.0329	0.0329	0.0329	0.0329	0.0329	0.0329	0.0329	0.0329	0.0329	0.0329	0.0329	0.0329	0.0329	0.0329	0.0329	0.0329	0.0329	0.0329	0.0329	0.0329	0.0329	0.0329	0.0329	0.0329	0.0329	0.0329	0.0329	0.0329	0.0329	0.0329	0.0329	0.0329	0.0329	0.0329	0.0329	0.0329	0.0329	0.0329	0.0329	0.0329	0.0329
42	0.7726	0.7726	0.7726	0.7726	0.7726	0.7726	0.7726	0.7726	0.7726	0.7726	0.7726	0.7726	0.7726	0.7726	0.7726	0.7726	0.7726	0.7726	0.7726	0.0022	0.0022	0.0022	0.0022	0.0022	0.0022	0.0022	0.0022	0.0022	0.0022	0.0022	0.0022	0.0022	0.0022	0.0022	0.0022	0.0022	0.0022	0.0022	0.0022	0.0022	0.0022	0.0022	0.0022	0.0022	0.0022	0.0022	0.0022	0.0022	0.0022	0.0022	0.0022	0.0022	0.0022	0.0022	0.0022	0.0022	0.0022	0.0022	0.0022	0.0022	0.0022	0.0022	0.0022	0.0022	0.0022	0.0022	0.0022	0.0022	0.0022	0.0022	0.0022	0.0022	0.0022	0.0022	0.0022	0.0022	0.0022	0.0022	0.0022	0.0022	0.0022	0.0022	0.0022	0.0022	0.0022	0.0022	0.0022	0.0022	0.0022	0.0022	0.0022	0.0022	0.0022	0.0022	0.0022	0.0022	0.0022	0.0022	0.0022	0.0022	0.0022	0.0022	0.0022	0.0022	0.0022	0.0022	0.0022	0.0022	0.0022	0.0022	0.0022	0.0022	0.0022	0.0022	0.0022	0.0022	0.0022	0.0022	0.0022	0.0022	0.0022	0.0022	0.0022	0.0022	0.0022	0.0022	0.0022	0.0022	0.0022	0.0022	0.0022	0.0022	0.0022	0.0022	0.0022	0.0022	0.0022	0.0022	0.0022	0.0022	0.0022	0.0022	0.0022	0.0022	0.0022	0.0022	0.0022	0.0022	0.0022	0.0022	0.0022	0.0022	0.0022	0.0022	0.0022	0.0022	0.0022	0.0022	0.0022	0.0022	0.0022	0.0022	0.0022	0.0022	0.0022	0.0022	0.0022	0.0022	0.0022	0.0022	0.0022	0.0022	0.0022	0.0022	0.0022	0.0022	0.0022	0.0022	0.0022	0.0022	0.0022	0.0022	0.0022	0.0022	0.0022	0.0022	0.0022	0.0022	0.0022	0.0022	0.0022	0.0022	0.0022	0.0022	0.0022	0.0022	0.0022	0.0022	0.0022	0.0022	0.0022	0.0022	0.0022	0.0022	0.0022	0.0022	0.0022	0.0022	0.0022	0.0022	0.0022	0.0022	0.0022	0.0022	0.0022	0.0022	0.0022	0.0022	0.0022	0.0022	0.0022	0.0022	0.0022	0.0022	0.0022	0.0022	0.0022	0.0022	0.0022	0.0022	0.0022	0.0022	0.0022	0.0022	0.0022	0.0022	0.0022	0.0022	0.0022	0.0022	0.0022	0.0022	0.0022	0.0022	0.0022	0.0022	0.0022	0.0022	0.0022	0.0022	0.0022	0.0071	0.0071	0.0071	0.0071	0.0071	0.0071	0.0071	0.0071	0.0071	0.0071	0.0071	0.0071	0.0071	0.0071	0.0071	0.0071	0.0071	0.0071	0.0071	0.0071	0.0071	0.0071	0.0071	0.0071	0.0071	0.0071	0.0071	0.0071	0.0071	0.0071	0.0071	0.0071	0.0071	0.0071	0.0071	0.0071	0.0071	0.0071	0.0071	0.0071	0.0071	0.0071	0.0071	0.0071	0.0071	0.0071	0.0071	0.0071	0.0071
43	0.8655	0.8655	0.8655	0.8655	0.8655	0.8655	0.8655	0.8655	0.8655	0.8655	0.8655	0.8655	0.8655	0.8655	0.8655	0.8655	0.8655	0.8655	0.8655	0.011	0.011	0.011	0.011	0.011	0.011	0.011	0.011	0.011	0.011	0.011	0.011	0.011	0.011	0.011	0.011	0.011	0.011	0.011	0.011	0.011	0.011	0.011	0.011	0.011	0.011	0.011	0.011	0.011	0.011	0.011	0.011	0.011	0.011	0.011	0.011	0.011	0.011	0.011	0.011	0.011	0.011	0.011	0.011	0.011	0.011	0.011	0.011	0.011	0.011	0.011	0.011	0.011	0.011	0.011	0.011	0.011	0.011	0.011	0.011	0.011	0.011	0.011	0.011	0.011	0.011	0.011	0.011	0.011	0.011	0.011	0.011	0.011	0.011	0.011	0.011	0.011	0.011	0.011	0.011	0.011	0.011	0.011	0.011	0.011	0.011	0.011	0.011	0.011	0.011	0.011	0.011	0.011	0.011	0.011	0.011	0.011	0.011	0.011	0.011	0.011	0.011	0.011	0.011	0.011	0.011	0.011	0.011	0.011	0.011	0.011	0.011	0.011	0.011	0.011	0.011	0.011	0.011	0.011	0.011	0.011	0.011	0.011	0.011	0.011	0.011	0.011	0.011	0.011	0.011	0.011	0.011	0.011	0.011	0.011	0.011	0.011	0.011	0.011	0.011	0.011	0.011	0.011	0.011	0.011	0.011	0.011	0.011	0.011	0.011	0.011	0.011	0.011	0.011	0.011	0.011	0.011	0.011	0.011	0.011	0.011	0.011	0.011	0.011	0.011	0.011	0.011	0.011	0.011	0.011	0.011	0.011	0.011	0.011	0.011	0.011	0.011	0.011	0.011	0.011	0.011	0.011	0.011	0.011	0.011	0.011	0.011	0.011	0.011	0.011	0.011	0.011	0.011	0.011	0.011	0.011	0.011	0.011	0.011	0.011	0.011	0.011	0.011	0.011	0.011	0.011	0.011	0.011	0.011	0.011	0.011	0.011	0.011	0.011	0.011	0.011	0.011	0.011	0.011	0.011	0.011	0.011	0.011	0.011	0.011	0.011	0.011	0.011	0.011	0.011	0.011	0.011	0.0126	0.0126	0.0126	0.0126	0.0126	0.0126	0.0126	0.0126	0.0126	0.0126	0.0126	0.0126	0.0126	0.0126	0.0126	0.0126	0.0126	0.0126	0.0126	0.0126	0.0126	0.0126	0.0126	0.0126	0.0126	0.0126	0.0126	0.0126	0.0126	0.0126	0.0126	0.0126	0.0126	0.0126	0.0126	0.0126	0.0126	0.0126	0.0126	0.0126	0.0126	0.0126	0.0126	0.0126	0.0126	0.0126	0.0126	0.0126	0.0126
44	0.9561	0.9561	0.9561	0.9561	0.9561	0.9561	0.9561	0.9561	0.9561	0.9561	0.9561	0.9561	0.9561	0.9561	0.9561	0.9561	0.9561	0.9561	0.9561	0.0138	0.0138	0.0138	0.0138	0.0138	0.0138	0.0138	0.0138	0.0138	0.0138	0.0138	0.0138	0.0138	0.0138	0.0138	0.0138	0.0138	0.0138	0.0138	0.0138	0.0138	0.0138	0.0138	0.0138	0.0138	0.0138	0.0138	0.0138	0.0138	0.0138	0.0138	0.0138	0.0138	0.0138	0.0138	0.0138	0.0138	0.0138	0.0138	0.0138	0.0138	0.0138	0.0138	0.0138	0.0138	0.0138	0.0138	0.0138	0.0138	0.0138	0.0138	0.0138	0.0138	0.0138	0.0138	0.0138	0.0138	0.0138	0.0138	0.0138	0.0138	0.0138	0.0138	0.0138	0.0138	0.0138	0.0138	0.0138	0.0138	0.0138	0.0138	0.0138	0.0138	0.0138	0.0138	0.0138	0.0138	0.0138	0.0138	0.0138	0.0138	0.0138	0.0138	0.0138	0.0138	0.0138	0.0138	0.0138	0.0138	0.0138	0.0138	0.0138	0.0138	0.0138	0.0138	0.0138	0.0138	0.0138	0.0138	0.0138	0.0138	0.0138	0.0138	0.0138	0.0138	0.0138	0.0138	0.0138	0.0138	0.0138	0.0138	0.0138	0.0138	0.0138	0.0138	0.0138	0.0138	0.0138	0.0138	0.0138	0.0138	0.0138	0.0138	0.0138	0.0138	0.0138	0.0138	0.0138	0.0138	0.0138	0.0138	0.0138	0.0138	0.0138	0.0138	0.0138	0.0138	0.0138	0.0138	0.0138	0.0138	0.0138	0.0138	0.0138	0.0138	0.0138	0.0138	0.0138	0.0138	0.0138	0.0138	0.0138	0.0138	0.0138	0.0138	0.0138	0.0138	0.0138	0.0138	0.0138	0.0138	0.0138	0.0138	0.0138	0.0138	0.0138	0.0138	0.0138	0.0138	0.0138	0.0138	0.0138	0.0138	0.0138	0.0138	0.0138	0.0138	0.0138	0.0138	0.0138	0.0138	0.0138	0.0138	0.0138	0.0138	0.0138	0.0138	0.0138	0.0138	0.0138	0.0138	0.0138	0.0138	0.0138	0.0138	0.0138	0.0138	0.0138	0.0138	0.0138	0.0138	0.0138	0.0138	0.0138	0.0138	0.0138	0.0138	0.0138	0.0138	0.0138	0.0138	0.0138	0.0138	0.0138	0.0138	0.0138	0.0138	0.0138	0.0138	0.0138	0.0138	0.0138	0.0138	0.0138	0.0138	0.0138	0.0138	0.0138	0.0138	0.0138	0.0138	0.0138	0.0052	0.0052	0.0052	0.0052	0.0052	0.0052	0.0052	0.0052	0.0052	0.0052	0.0052	0.0052	0.0052	0.0052	0.0052	0.0052	0.0052	0.0052	0.0052	0.0052	0.0052	0.0052	0.0052	0.0052	0.0052	0.0052	0.0052	0.0052	0.0052	0.0052	0.0052	0.0052	0.0052	0.0052	0.0052	0.0052	0.0052	0.0052	0.0052	0.0052	0.0052	0.0052	0.0052	0.0052	0.0052	0.0052	0.0052	0.0052	0.0052
45	0.0213	0.0213	0.0213	0.0213	0.0213	0.0213	0.0213	0.0213	0.0213	0.0213	0.0213	0.0213	0.0213	0.0213	0.0213	0.0213	0.0213	0.0213	0.0213	0.005	0.005	0.005	0.005	0.005	0.005	0.005	0.005	0.005	0.005	0.005	0.005	0.005	0.005	0.005	0.005	0.005	0.005	0.005	0.005	0.005	0.005	0.005	0.005	0.005	0.005	0.005	0.005	0.005	0.005	0.005	0.005	0.005	0.005	0.005	0.005	0.005	0.005	0.005	0.005	0.005	0.005	0.005	0.005	0.005	0.005	0.005	0.005	0.005	0.005	0.005	0.005	0.005	0.005	0.005	0.005	0.005	0.005	0.005	0.005	0.005	0.005	0.005	0.005	0.005	0.005	0.005	0.005	0.005	0.005	0.005	0.005	0.005	0.005	0.005	0.005	0.005	0.005	0.005	0.005	0.005	0.005	0.005	0.005	0.005	0.005	0.005	0.005	0.005	0.005	0.005	0.005	0.005	0.005	0.005	0.005	0.005	0.005	0.005	0.005	0.005	0.005	0.005	0.005	0.005	0.005	0.005	0.005	0.005	0.005	0.005	0.005	0.005	0.005	0.005	0.005	0.005	0.005	0.005	0.005	0.005	0.005	0.005	0.005	0.005	0.005	0.005	0.005	0.005	0.005	0.005	0.005	0.005	0.005	0.005	0.005	0.005	0.005	0.005	0.005	0.005	0.005	0.005	0.005	0.005	0.005	0.005	0.005	0.005	0.005	0.005	0.005	0.005	0.005	0.005	0.005	0.005	0.005	0.005	0.005	0.005	0.005	0.005	0.005	0.005	0.005	0.005	0.005	0.005	0.005	0.005	0.005	0.005	0.005	0.005	0.005	0.005	0.005	0.005	0.005	0.005	0.005	0.005	0.005	0.005	0.005	0.005	0.005	0.005	0.005	0.005	0.005	0.005	0.005	0.005	0.005	0.005	0.005	0.005	0.005	0.005	0.005	0.005	0.005	0.005	0.005	0.005	0.005	0.005	0.005	0.005	0.005	0.005	0.005	0.005	0.005	0.005	0.005	0.005	0.005	0.005	0.005	0.005	0.005	0.005	0.005	0.005	0.005	0.005	0.005	0.005	0.005	0.9643	0.9643	0.9643	0.9643	0.9643	0.9643	0.9643	0.9643	0.9643	0.9643	0.9643	0.9643	0.9643	0.9643	0.9643	0.9643	0.9643	0.9643	0.9643	0.9643	0.9643	0.9643	0.9643	0.9643	0.9643	0.9643	0.9643	0.9643	0.9643	0.9643	0.9643	0.9643	0.9643	0.9643	0.9643	0.9643	0.9643	0.9643	0.9643	0.9643	0.9643	0.9643	0.9643	0.9643	0.9643	0.9643	0.9643	0.9643	0.9643
46	0.0152	0.0152	0.0152	0.0152	0.0152	0.0152	0.0152	0.0152	0.0152	0.0152	0.0152	0.0152	0.0152	0.0152	0.0152	0.0152	0.0152	0.0152	0.0152	0.0013	0.0013	0.0013	0.0013	0.0013	0.0013	0.0013	0.0013	0.0013	0.0013	0.0013	0.0013	0.0013	0.0013	0.0013	0.0013	0.0013	0.0013	0.0013	0.0013	0.0013	0.0013	0.0013	0.0013	0.0013	0.0013	0.0013	0.0013	0.0013	0.0013	0.0013	0.0013	0.0013	0.0013	0.0013	0.0013	0.0013	0.0013	0.0013	0.0013	0.0013	0.0013	0.0013	0.0013	0.0013	0.0013	0.0013	0.0013	0.0013	0.0013	0.0013	0.0013	0.0013	0.0013	0.0013	0.0013	0.0013	0.0013	0.0013	0.0013	0.0013	0.0013	0.0013	0.0013	0.0013	0.0013	0.0013	0.0013	0.0013	0.0013	0.0013	0.0013	0.0013	0.0013	0.0013	0.0013	0.0013	0.0013	0.0013	0.0013	0.0013	0.0013	0.0013	0.0013	0.0013	0.0013	0.0013	0.0013	0.0013	0.0013	0.0013	0.0013	0.0013	0.0013	0.0013	0.0013	0.0013	0.0013	0.0013	0.0013	0.0013	0.0013	0.0013	0.0013	0.0013	0.0013	0.0013	0.0013	0.0013	0.0013	0.0013	0.0013	0.0013	0.0013	0.0013	0.0013	0.0013	0.0013	0.0013	0.0013	0.0013	0.0013	0.0013	0.0013	0.0013	0.0013	0.0013	0.0013	0.0013	0.0013	0.0013	0.0013	0.0013	0.0013	0.0013	0.0013	0.0013	0.0013	0.0013	0.0013	0.0013	0.0013	0.0013	0.0013	0.0013	0.0013	0.0013	0.0013	0.0013	0.0013	0.0013	0.0013	0.0013	0.0013	0.0013	0.0013	0.0013	0.0013	0.0013	0.0013	0.0013	0.0013	0.0013	0.0013	0.0013	0.0013	0.0013	0.0013	0.0013	0.0013	0.0013	0.0013	0.0013	0.0013	0.0013	0.0013	0.0013	0.0013	0.0013	0.0013	0.0013	0.0013	0.0013	0.0013	0.0013	0.0013	0.0013	0.0013	0.0013	0.0013	0.0013	0.0013	0.0013	0.0013	0.0013	0.0013	0.0013	0.0013	0.0013	0.0013	0.0013	0.0013	0.0013	0.0013	0.0013	0.0013	0.0013	0.0013	0.0013	0.0013	0.0013	0.0013	0.0013	0.0013	0.0013	0.0013	0.0013	0.0013	0.0013	0.0013	0.0013	0.0013	0.0013	0.0013	0.0013	0.0013	0.0013	0.0013	0.0013	0.0013	0.0013	0.0013	0.9342	0.9342	0.9342	0.9342	0.9342	0.9342	0.9342	0.9342	0.9342	0.9342	0.9342	0.9342	0.9342	0.9342	0.9342	0.9342	0.9342	0.9342	0.9342	0.9342	0.9342	0.9342	0.9342	0.9342	0.9342	0.9342	0.9342	0.9342	0.9342	0.9342	0.9342	0.9342	0.9342	0.9342	0.9342	0.9342	0.9342	0.9342	0.9342	0.9342	0.9342	0.9342	0.9342	0.9342	0.9342	0.9342	0.9342	0.9342	0.9342
47	0.0186	0.0186	0.0186	0.0186	0.0186	0.0186	0.0186	0.0186	0.0186	0.0186	0.0186	0.0186	0.0186	0.0186	0.0186	0.0186	0.0186	0.0186	0.0186	0.0234	0.0234	0.0234	0.0234	0.0234	0.0234	0.0234	0.0234	0.0234	0.0234	0.0234	0.0234	0.0234	0.0234	0.0234	0.0234	0.0234	0.0234	0.0234	0.0234	0.0234	0.0234	0.0234	0.0234	0.0234	0.0234	0.0234	0.0234	0.0234	0.0234	0.0234	0.0234	0.0234	0.0234	0.0234	0.0234	0.0234	0.0234	0.0234	0.0234	0.0234	0.0234	0.0234	0.0234	0.0234	0.0234	0.0234	0.0234	0.0234	0.0234	0.0234	0.0234	0.0234	0.0234	0.0234	0.0234	0.0234	0.0234	0.0234	0.0234	0.0234	0.0234	0.0234	0.0234	0.0234	0.0234	0.0234	0.0234	0.0234	0.0234	0.0234	0.0234	0.0234	0.0234	0.0234	0.0234	0.0234	0.0234	0.0234	0.0234	0.0234	0.0234	0.0234	0.0234	0.0234	0.0234	0.0234	0.0234	0.0234	0.0234	0.0234	0.0234	0.0234	0.0234	0.0234	0.0234	0.0234	0.0234	0.0234	0.0234	0.0234	0.0234	0.0234	0.0234	0.0234	0.0234	0.0234	0.0234	0.0234	0.0234	0.0234	0.0234	0.0234	0.0234	0.0234	0.0234	0.0234	0.0234	0.0234	0.0234	0.0234	0.0234	0.0234	0.0234	0.0234	0.0234	0.0234	0.0234	0.0234	0.0234	0.0234	0.0234	0.0234	0.0234	0.0234	0.0234	0.0234	0.0234	0.0234	0.0234	0.0234	0.0234	0.0234	0.0234	0.0234	0.0234	0.0234	0.0234	0.0234	0.0234	0.0234	0.0234	0.0234	0.0234	0.0234	0.0234	0.0234	0.0234	0.0234	0.0234	0.0234	0.0234	0.0234	0.0234	0.0234	0.0234	0.0234	0.0234	0.0234	0.0234	0.0234	0.0234	0.0234	0.0234	0.0234	0.0234	0.0234	0.0234	0.0234	0.0234	0.0234	0.0234	0.0234	0.0234	0.0234	0.0234	0.0234	0.0234	0.0234	0.0234	0.0234	0.0234	0.0234	0.0234	0.0234	0.0234	0.0234	0.0234	0.0234	0.0234	0.0234	0.0234	0.0234	0.0234	0.0234	0.0234	0.0234	0.0234	0.0234	0.0234	0.0234	0.0234	0.0234	0.0234	0.0234	0.0234	0.0234	0.0234	0.0234	0.0234	0.0234	0.0234	0.0234	0.0234	0.0234	0.0234	0.0234	0.0234	0.0234	0.0234	0.0234	0.0234	0.8953	0.8953	0.8953	0.8953	0.8953	0.8953	0.8953	0.8953	0.8953	0.8953	0.8953	0.8953	0.8953	0.8953	0.8953	0.8953	0.8953	0.8953	0.8953	0.8953	0.8953	0.8953	0.8953	0.8953	0.8953	0.8953	0.8953	0.8953	0.8953	0.8953	0.8953	0.8953	0.8953	0.8953	0.8953	0.8953	0.8953	0.8953	0.8953	0.8953	0.8953	0.8953	0.8953	0.8953	0.8953	0.8953	0.8953	0.8953	0.8953
48	0.0159	0.0159	0.0159	0.0159	0.0159	0.0159	0.0159	0.0159	0.0159	0.0159	0.0159	0.0159	0.0159	0.0159	0.0159	0.0159	0.0159	0.0159	0.0159	0.0	0.0	0.0	0.0	0.0	0.0	0.0	0.0	0.0	0.0	0.0	0.0	0.0	0.0	0.0	0.0	0.0	0.0	0.0	0.0	0.0	0.0	0.0	0.0	0.0	0.0	0.0	0.0	0.0	0.0	0.0	0.0	0.0	0.0	0.0	0.0	0.0	0.0	0.0	0.0	0.0	0.0	0.0	0.0	0.0	0.0	0.0	0.0	0.0	0.0	0.0	0.0	0.0	0.0	0.0	0.0	0.0	0.0	0.0	0.0	0.0	0.0	0.0	0.0	0.0	0.0	0.0	0.0	0.0	0.0	0.0	0.0	0.0	0.0	0.0	0.0	0.0	0.0	0.0	0.0	0.0	0.0	0.0	0.0	0.0	0.0	0.0	0.0	0.0	0.0	0.0	0.0	0.0	0.0	0.0	0.0	0.0	0.0	0.0	0.0	0.0	0.0	0.0	0.0	0.0	0.0	0.0	0.0	0.0	0.0	0.0	0.0	0.0	0.0	0.0	0.0	0.0	0.0	0.0	0.0	0.0	0.0	0.0	0.0	0.0	0.0	0.0	0.0	0.0	0.0	0.0	0.0	0.0	0.0	0.0	0.0	0.0	0.0	0.0	0.0	0.0	0.0	0.0	0.0	0.0	0.0	0.0	0.0	0.0	0.0	0.0	0.0	0.0	0.0	0.0	0.0	0.0	0.0	0.0	0.0	0.0	0.0	0.0	0.0	0.0	0.0	0.0	0.0	0.0	0.0	0.0	0.0	0.0	0.0	0.0	0.0	0.0	0.0	0.0	0.0	0.0	0.0	0.0	0.0	0.0	0.0	0.0	0.0	0.0	0.0	0.0	0.0	0.0	0.0	0.0	0.0	0.0	0.0	0.0	0.0	0.0	0.0	0.0	0.0	0.0	0.0	0.0	0.0	0.0	0.0	0.0	0.0	0.0	0.0	0.0	0.0	0.0	0.0	0.0	0.0	0.0	0.0	0.0	0.0	0.0	0.0	0.0	0.0	0.0	0.0	0.0	0.0	0.9472	0.9472	0.9472	0.9472	0.9472	0.9472	0.9472	0.9472	0.9472	0.9472	0.9472	0.9472	0.9472	0.9472	0.9472	0.9472	0.9472	0.9472	0.9472	0.9472	0.9472	0.9472	0.9472	0.9472	0.9472	0.9472	0.9472	0.9472	0.9472	0.9472	0.9472	0.9472	0.9472	0.9472	0.9472	0.9472	0.9472	0.9472	0.9472	0.9472	0.9472	0.9472	0.9472	0.9472	0.9472	0.9472	0.9472	0.9472	0.9472
49	0.0963	0.0963	0.0963	0.0963	0.0963	0.0963	0.0963	0.0963	0.0963	0.0963	0.0963	0.0963	0.0963	0.0963	0.0963	0.0963	0.0963	0.0963	0.0963	0.0065	0.0065	0.0065	0.0065	0.0065	0.0065	0.0065	0.0065	0.0065	0.0065	0.0065	0.0065	0.0065	0.0065	0.0065	0.0065	0.0065	0.0065	0.0065	0.0065	0.0065	0.0065	0.0065	0.0065	0.0065	0.0065	0.0065	0.0065	0.0065	0.0065	0.0065	0.0065	0.0065	0.0065	0.0065	0.0065	0.0065	0.0065	0.0065	0.0065	0.0065	0.0065	0.0065	0.0065	0.0065	0.0065	0.0065	0.0065	0.0065	0.0065	0.0065	0.0065	0.0065	0.0065	0.0065	0.0065	0.0065	0.0065	0.0065	0.0065	0.0065	0.0065	0.0065	0.0065	0.0065	0.0065	0.0065	0.0065	0.0065	0.0065	0.0065	0.0065	0.0065	0.0065	0.0065	0.0065	0.0065	0.0065	0.0065	0.0065	0.0065	0.0065	0.0065	0.0065	0.0065	0.0065	0.0065	0.0065	0.0065	0.0065	0.0065	0.0065	0.0065	0.0065	0.0065	0.0065	0.0065	0.0065	0.0065	0.0065	0.0065	0.0065	0.0065	0.0065	0.0065	0.0065	0.0065	0.0065	0.0065	0.0065	0.0065	0.0065	0.0065	0.0065	0.0065	0.0065	0.0065	0.0065	0.0065	0.0065	0.0065	0.0065	0.0065	0.0065	0.0065	0.0065	0.0065	0.0065	0.0065	0.0065	0.0065	0.0065	0.0065	0.0065	0.0065	0.0065	0.0065	0.0065	0.0065	0.0065	0.0065	0.0065	0.0065	0.0065	0.0065	0.0065	0.0065	0.0065	0.0065	0.0065	0.0065	0.0065	0.0065	0.0065	0.0065	0.0065	0.0065	0.0065	0.0065	0.0065	0.0065	0.0065	0.0065	0.0065	0.0065	0.0065	0.0065	0.0065	0.0065	0.0065	0.0065	0.0065	0.0065	0.0065	0.0065	0.0065	0.0065	0.0065	0.0065	0.0065	0.0065	0.0065	0.0065	0.0065	0.0065	0.0065	0.0065	0.0065	0.0065	0.0065	0.0065	0.0065	0.0065	0.0065	0.0065	0.0065	0.0065	0.0065	0.0065	0.0065	0.0065	0.0065	0.0065	0.0065	0.0065	0.0065	0.0065	0.0065	0.0065	0.0065	0.0065	0.0065	0.0065	0.0065	0.0065	0.0065	0.0065	0.0065	0.0065	0.0065	0.0065	0.0065	0.0065	0.0065	0.0065	0.0065	0.0065	0.0065	0.0065	0.0065	0.0065	0.0065	0.9213	0.9213	0.9213	0.9213	0.9213	0.9213	0.9213	0.9213	0.9213	0.9213	0.9213	0.9213	0.9213	0.9213	0.9213	0.9213	0.9213	0.9213	0.9213	0.9213	0.9213	0.9213	0.9213	0.9213	0.9213	0.9213	0.9213	0.9213	0.9213	0.9213	0.9213	0.9213	0.9213	0.9213	0.9213	0.9213	0.9213	0.9213	0.9213	0.9213	0.9213	0.9213	0.9213	0.9213	0.9213	0.9213	0.9213	0.9213	0.9213
50	0.0178	0.0178	0.0178	0.0178	0.0178	0.0178	0.0178	0.0178	0.0178	0.0178	0.0178	0.0178	0.0178	0.0178	0.0178	0.0178	0.0178	0.0178	0.0178	0.0051	0.0051	0.0051	0.0051	0.0051	0.0051	0.0051	0.0051	0.0051	0.0051	0.0051	0.0051	0.0051	0.0051	0.0051	0.0051	0.0051	0.0051	0.0051	0.0051	0.0051	0.0051	0.0051	0.0051	0.0051	0.0051	0.0051	0.0051	0.0051	0.0051	0.0051	0.0051	0.0051	0.0051	0.0051	0.0051	0.0051	0.0051	0.0051	0.0051	0.0051	0.0051	0.0051	0.0051	0.0051	0.0051	0.0051	0.0051	0.0051	0.0051	0.0051	0.0051	0.0051	0.0051	0.0051	0.0051	0.0051	0.0051	0.0051	0.0051	0.0051	0.0051	0.0051	0.0051	0.0051	0.0051	0.0051	0.0051	0.0051	0.0051	0.0051	0.0051	0.0051	0.0051	0.0051	0.0051	0.0051	0.0051	0.0051	0.0051	0.0051	0.0051	0.0051	0.0051	0.0051	0.0051	0.0051	0.0051	0.0051	0.0051	0.0051	0.0051	0.0051	0.0051	0.0051	0.0051	0.0051	0.0051	0.0051	0.0051	0.0051	0.0051	0.0051	0.0051	0.0051	0.0051	0.0051	0.0051	0.0051	0.0051	0.0051	0.0051	0.0051	0.0051	0.0051	0.0051	0.0051	0.0051	0.0051	0.0051	0.0051	0.0051	0.0051	0.0051	0.0051	0.0051	0.0051	0.0051	0.0051	0.0051	0.0051	0.0051	0.0051	0.0051	0.0051	0.0051	0.0051	0.0051	0.0051	0.0051	0.0051	0.0051	0.0051	0.0051	0.0051	0.0051	0.0051	0.0051	0.0051	0.0051	0.0051	0.0051	0.0051	0.0051	0.0051	0.0051	0.0051	0.0051	0.0051	0.0051	0.0051	0.0051	0.0051	0.0051	0.0051	0.0051	0.0051	0.0051	0.0051	0.0051	0.0051	0.0051	0.0051	0.0051	0.0051	0.0051	0.0051	0.0051	0.0051	0.0051	0.0051	0.0051	0.0051	0.0051	0.0051	0.0051	0.0051	0.0051	0.0051	0.0051	0.0051	0.0051	0.0051	0.0051	0.0051	0.0051	0.0051	0.0051	0.0051	0.0051	0.0051	0.0051	0.0051	0.0051	0.0051	0.0051	0.0051	0.0051	0.0051	0.0051	0.0051	0.0051	0.0051	0.0051	0.0051	0.0051	0.0051	0.0051	0.0051	0.0051	0.0051	0.0051	0.0051	0.0051	0.0051	0.0051	0.0051	0.0051	0.0051	0.0051	0.0051	0.0051	0.8944	0.8944	0.8944	0.8944	0.8944	0.8944	0.8944	0.8944	0.8944	0.8944	0.8944	0.8944	0.8944	0.8944	0.8944	0.8944	0.8944	0.8944	0.8944	0.8944	0.8944	0.8944	0.8944	0.8944	0.8944	0.8944	0.8944	0.8944	0.8944	0.8944	0.8944	0.8944	0.8944	0.8944	0.8944	0.8944	0.8944	0.8944	0.8944	0.8944	0.8944	0.8944	0.8944	0.8944	0.8944	0.8944	0.8944	0.8944	0.8944
51	0.081	0.081	0.081	0.081	0.081	0.081	0.081	0.081	0.081	0.081	0.081	0.081	0.081	0.081	0.081	0.081	0.081	0.081	0.081	0.0001	0.0001	0.0001	0.0001	0.0001	0.0001	0.0001	0.0001	0.0001	0.0001	0.0001	0.0001	0.0001	0.0001	0.0001	0.0001	0.0001	0.0001	0.0001	0.0001	0.0001	0.0001	0.0001	0.0001	0.0001	0.0001	0.0001	0.0001	0.0001	0.0001	0.0001	0.0001	0.0001	0.0001	0.0001	0.0001	0.0001	0.0001	0.0001	0.0001	0.0001	0.0001	0.0001	0.0001	0.0001	0.0001	0.0001	0.0001	0.0001	0.0001	0.0001	0.0001	0.0001	0.0001	0.0001	0.0001	0.0001	0.0001	0.0001	0.0001	0.0001	0.0001	0.0001	0.0001	0.0001	0.0001	0.0001	0.0001	0.0001	0.0001	0.0001	0.0001	0.0001	0.0001	0.0001	0.0001	0.0001	0.0001	0.0001	0.0001	0.0001	0.0001	0.0001	0.0001	0.0001	0.0001	0.0001	0.0001	0.0001	0.0001	0.0001	0.0001	0.0001	0.0001	0.0001	0.0001	0.0001	0.0001	0.0001	0.0001	0.0001	0.0001	0.0001	0.0001	0.0001	0.0001	0.0001	0.0001	0.0001	0.0001	0.0001	0.0001	0.0001	0.0001	0.0001	0.0001	0.0001	0.0001	0.0001	0.0001	0.0001	0.0001	0.0001	0.0001	0.0001	0.0001	0.0001	0.0001	0.0001	0.0001	0.0001	0.0001	0.0001	0.0001	0.0001	0.0001	0.0001	0.0001	0.0001	0.0001	0.0001	0.0001	0.0001	0.0001	0.0001	0.0001	0.0001	0.0001	0.0001	0.0001	0.0001	0.0001	0.0001	0.0001	0.0001	0.0001	0.0001	0.0001	0.0001	0.0001	0.0001	0.0001	0.0001	0.0001	0.0001	0.0001	0.0001	0.0001	0.0001	0.0001	0.0001	0.0001	0.0001	0.0001	0.0001	0.0001	0.0001	0.0001	0.0001	0.0001	0.0001	0.0001	0.0001	0.0001	0.0001	0.0001	0.0001	0.0001	0.0001	0.0001	0.0001	0.0001	0.0001	0.0001	0.0001	0.0001	0.0001	0.0001	0.0001	0.0001	0.0001	0.0001	0.0001	0.0001	0.0001	0.0001	0.0001	0.0001	0.0001	0.0001	0.0001	0.0001	0.0001	0.0001	0.0001	0.0001	0.0001	0.0001	0.0001	0.0001	0.0001	0.0001	0.0001	0.0001	0.0001	0.0001	0.0001	0.0001	0.0001	0.0001	0.0001	0.0001	0.0323	0.0323	0.0323	0.0323	0.0323	0.0323	0.0323	0.0323	0.0323	0.0323	0.0323	0.0323	0.0323	0.0323	0.0323	0.0323	0.0323	0.0323	0.0323	0.0323	0.0323	0.0323	0.0323	0.0323	0.0323	0.0323	0.0323	0.0323	0.0323	0.0323	0.0323	0.0323	0.0323	0.0323	0.0323	0.0323	0.0323	0.0323	0.0323	0.0323	0.0323	0.0323	0.0323	0.0323	0.0323	0.0323	0.0323	0.0323	0.0323
52	0.8594	0.8594	0.8594	0.8594	0.8594	0.8594	0.8594	0.8594	0.8594	0.8594	0.8594	0.8594	0.8594	0.8594	0.8594	0.8594	0.8594	0.8594	0.8594	0.8975	0.8975	0.8975	0.8975	0.8975	0.8975	0.8975	0.8975	0.8975	0.8975	0.8975	0.8975	0.8975	0.8975	0.8975	0.8975	0.8975	0.8975	0.8975	0.8975	0.8975	0.8975	0.8975	0.8975	0.8975	0.8975	0.8975	0.8975	0.8975	0.8975	0.8975	0.8975	0.8975	0.8975	0.8975	0.8975	0.8975	0.8975	0.8975	0.8975	0.8975	0.8975	0.8975	0.8975	0.8975	0.8975	0.8975	0.8975	0.8975	0.8975	0.8975	0.8975	0.8975	0.8975	0.8975	0.8975	0.8975	0.8975	0.8975	0.8975	0.8975	0.8975	0.8975	0.8975	0.8975	0.8975	0.8975	0.8975	0.8975	0.8975	0.8975	0.8975	0.8975	0.8975	0.8975	0.8975	0.8975	0.8975	0.8975	0.8975	0.8975	0.8975	0.8975	0.8975	0.8975	0.8975	0.8975	0.8975	0.8975	0.8975	0.8975	0.8975	0.8975	0.8975	0.8975	0.8975	0.8975	0.8975	0.8975	0.8975	0.8975	0.8975	0.8975	0.8975	0.8975	0.8975	0.8975	0.8975	0.8975	0.8975	0.8975	0.8975	0.8975	0.8975	0.8975	0.8975	0.8975	0.8975	0.8975	0.8975	0.8975	0.8975	0.8975	0.8975	0.8975	0.8975	0.8975	0.8975	0.8975	0.8975	0.8975	0.8975	0.8975	0.8975	0.8975	0.8975	0.8975	0.8975	0.8975	0.8975	0.8975	0.8975	0.8975	0.8975	0.8975	0.8975	0.8975	0.8975	0.8975	0.8975	0.8975	0.8975	0.8975	0.8975	0.8975	0.8975	0.8975	0.8975	0.8975	0.8975	0.8975	0.8975	0.8975	0.8975	0.8975	0.8975	0.8975	0.8975	0.8975	0.8975	0.8975	0.8975	0.8975	0.8975	0.8975	0.8975	0.8975	0.8975	0.8975	0.8975	0.8975	0.8975	0.8975	0.8975	0.8975	0.8975	0.8975	0.8975	0.8975	0.8975	0.8975	0.8975	0.8975	0.8975	0.8975	0.8975	0.8975	0.8975	0.8975	0.8975	0.8975	0.8975	0.8975	0.8975	0.8975	0.8975	0.8975	0.8975	0.8975	0.8975	0.8975	0.8975	0.8975	0.8975	0.8975	0.8975	0.8975	0.8975	0.8975	0.8975	0.8975	0.8975	0.8975	0.8975	0.8975	0.8975	0.8975	0.8975	0.8975	0.8975	0.8975	0.8975	0.9141	0.9141	0.9141	0.9141	0.9141	0.9141	0.9141	0.9141	0.9141	0.9141	0.9141	0.9141	0.9141	0.9141	0.9141	0.9141	0.9141	0.9141	0.9141	0.9141	0.9141	0.9141	0.9141	0.9141	0.9141	0.9141	0.9141	0.9141	0.9141	0.9141	0.9141	0.9141	0.9141	0.9141	0.9141	0.9141	0.9141	0.9141	0.9141	0.9141	0.9141	0.9141	0.9141	0.9141	0.9141	0.9141	0.9141	0.9141	0.9141
53	0.0168	0.0168	0.0168	0.0168	0.0168	0.0168	0.0168	0.0168	0.0168	0.0168	0.0168	0.0168	0.0168	0.0168	0.0168	0.0168	0.0168	0.0168	0.0168	0.0	0.0	0.0	0.0	0.0	0.0	0.0	0.0	0.0	0.0	0.0	0.0	0.0	0.0	0.0	0.0	0.0	0.0	0.0	0.0	0.0	0.0	0.0	0.0	0.0	0.0	0.0	0.0	0.0	0.0	0.0	0.0	0.0	0.0	0.0	0.0	0.0	0.0	0.0	0.0	0.0	0.0	0.0	0.0	0.0	0.0	0.0	0.0	0.0	0.0	0.0	0.0	0.0	0.0	0.0	0.0	0.0	0.0	0.0	0.0	0.0	0.0	0.0	0.0	0.0	0.0	0.0	0.0	0.0	0.0	0.0	0.0	0.0	0.0	0.0	0.0	0.0	0.0	0.0	0.0	0.0	0.0	0.0	0.0	0.0	0.0	0.0	0.0	0.0	0.0	0.0	0.0	0.0	0.0	0.0	0.0	0.0	0.0	0.0	0.0	0.0	0.0	0.0	0.0	0.0	0.0	0.0	0.0	0.0	0.0	0.0	0.0	0.0	0.0	0.0	0.0	0.0	0.0	0.0	0.0	0.0	0.0	0.0	0.0	0.0	0.0	0.0	0.0	0.0	0.0	0.0	0.0	0.0	0.0	0.0	0.0	0.0	0.0	0.0	0.0	0.0	0.0	0.0	0.0	0.0	0.0	0.0	0.0	0.0	0.0	0.0	0.0	0.0	0.0	0.0	0.0	0.0	0.0	0.0	0.0	0.0	0.0	0.0	0.0	0.0	0.0	0.0	0.0	0.0	0.0	0.0	0.0	0.0	0.0	0.0	0.0	0.0	0.0	0.0	0.0	0.0	0.0	0.0	0.0	0.0	0.0	0.0	0.0	0.0	0.0	0.0	0.0	0.0	0.0	0.0	0.0	0.0	0.0	0.0	0.0	0.0	0.0	0.0	0.0	0.0	0.0	0.0	0.0	0.0	0.0	0.0	0.0	0.0	0.0	0.0	0.0	0.0	0.0	0.0	0.0	0.0	0.0	0.0	0.0	0.0	0.0	0.0	0.0	0.0	0.0	0.0	0.0	0.9087	0.9087	0.9087	0.9087	0.9087	0.9087	0.9087	0.9087	0.9087	0.9087	0.9087	0.9087	0.9087	0.9087	0.9087	0.9087	0.9087	0.9087	0.9087	0.9087	0.9087	0.9087	0.9087	0.9087	0.9087	0.9087	0.9087	0.9087	0.9087	0.9087	0.9087	0.9087	0.9087	0.9087	0.9087	0.9087	0.9087	0.9087	0.9087	0.9087	0.9087	0.9087	0.9087	0.9087	0.9087	0.9087	0.9087	0.9087	0.9087
54	0.0175	0.0175	0.0175	0.0175	0.0175	0.0175	0.0175	0.0175	0.0175	0.0175	0.0175	0.0175	0.0175	0.0175	0.0175	0.0175	0.0175	0.0175	0.0175	0.0	0.0	0.0	0.0	0.0	0.0	0.0	0.0	0.0	0.0	0.0	0.0	0.0	0.0	0.0	0.0	0.0	0.0	0.0	0.0	0.0	0.0	0.0	0.0	0.0	0.0	0.0	0.0	0.0	0.0	0.0	0.0	0.0	0.0	0.0	0.0	0.0	0.0	0.0	0.0	0.0	0.0	0.0	0.0	0.0	0.0	0.0	0.0	0.0	0.0	0.0	0.0	0.0	0.0	0.0	0.0	0.0	0.0	0.0	0.0	0.0	0.0	0.0	0.0	0.0	0.0	0.0	0.0	0.0	0.0	0.0	0.0	0.0	0.0	0.0	0.0	0.0	0.0	0.0	0.0	0.0	0.0	0.0	0.0	0.0	0.0	0.0	0.0	0.0	0.0	0.0	0.0	0.0	0.0	0.0	0.0	0.0	0.0	0.0	0.0	0.0	0.0	0.0	0.0	0.0	0.0	0.0	0.0	0.0	0.0	0.0	0.0	0.0	0.0	0.0	0.0	0.0	0.0	0.0	0.0	0.0	0.0	0.0	0.0	0.0	0.0	0.0	0.0	0.0	0.0	0.0	0.0	0.0	0.0	0.0	0.0	0.0	0.0	0.0	0.0	0.0	0.0	0.0	0.0	0.0	0.0	0.0	0.0	0.0	0.0	0.0	0.0	0.0	0.0	0.0	0.0	0.0	0.0	0.0	0.0	0.0	0.0	0.0	0.0	0.0	0.0	0.0	0.0	0.0	0.0	0.0	0.0	0.0	0.0	0.0	0.0	0.0	0.0	0.0	0.0	0.0	0.0	0.0	0.0	0.0	0.0	0.0	0.0	0.0	0.0	0.0	0.0	0.0	0.0	0.0	0.0	0.0	0.0	0.0	0.0	0.0	0.0	0.0	0.0	0.0	0.0	0.0	0.0	0.0	0.0	0.0	0.0	0.0	0.0	0.0	0.0	0.0	0.0	0.0	0.0	0.0	0.0	0.0	0.0	0.0	0.0	0.0	0.0	0.0	0.0	0.0	0.0	0.8668	0.8668	0.8668	0.8668	0.8668	0.8668	0.8668	0.8668	0.8668	0.8668	0.8668	0.8668	0.8668	0.8668	0.8668	0.8668	0.8668	0.8668	0.8668	0.8668	0.8668	0.8668	0.8668	0.8668	0.8668	0.8668	0.8668	0.8668	0.8668	0.8668	0.8668	0.8668	0.8668	0.8668	0.8668	0.8668	0.8668	0.8668	0.8668	0.8668	0.8668	0.8668	0.8668	0.8668	0.8668	0.8668	0.8668	0.8668	0.8668
55	0.9752	0.9752	0.9752	0.9752	0.9752	0.9752	0.9752	0.9752	0.9752	0.9752	0.9752	0.9752	0.9752	0.9752	0.9752	0.9752	0.9752	0.9752	0.9752	0.0012	0.0012	0.0012	0.0012	0.0012	0.0012	0.0012	0.0012	0.0012	0.0012	0.0012	0.0012	0.0012	0.0012	0.0012	0.0012	0.0012	0.0012	0.0012	0.0012	0.0012	0.0012	0.0012	0.0012	0.0012	0.0012	0.0012	0.0012	0.0012	0.0012	0.0012	0.0012	0.0012	0.0012	0.0012	0.0012	0.0012	0.0012	0.0012	0.0012	0.0012	0.0012	0.0012	0.0012	0.0012	0.0012	0.0012	0.0012	0.0012	0.0012	0.0012	0.0012	0.0012	0.0012	0.0012	0.0012	0.0012	0.0012	0.0012	0.0012	0.0012	0.0012	0.0012	0.0012	0.0012	0.0012	0.0012	0.0012	0.0012	0.0012	0.0012	0.0012	0.0012	0.0012	0.0012	0.0012	0.0012	0.0012	0.0012	0.0012	0.0012	0.0012	0.0012	0.0012	0.0012	0.0012	0.0012	0.0012	0.0012	0.0012	0.0012	0.0012	0.0012	0.0012	0.0012	0.0012	0.0012	0.0012	0.0012	0.0012	0.0012	0.0012	0.0012	0.0012	0.0012	0.0012	0.0012	0.0012	0.0012	0.0012	0.0012	0.0012	0.0012	0.0012	0.0012	0.0012	0.0012	0.0012	0.0012	0.0012	0.0012	0.0012	0.0012	0.0012	0.0012	0.0012	0.0012	0.0012	0.0012	0.0012	0.0012	0.0012	0.0012	0.0012	0.0012	0.0012	0.0012	0.0012	0.0012	0.0012	0.0012	0.0012	0.0012	0.0012	0.0012	0.0012	0.0012	0.0012	0.0012	0.0012	0.0012	0.0012	0.0012	0.0012	0.0012	0.0012	0.0012	0.0012	0.0012	0.0012	0.0012	0.0012	0.0012	0.0012	0.0012	0.0012	0.0012	0.0012	0.0012	0.0012	0.0012	0.0012	0.0012	0.0012	0.0012	0.0012	0.0012	0.0012	0.0012	0.0012	0.0012	0.0012	0.0012	0.0012	0.0012	0.0012	0.0012	0.0012	0.0012	0.0012	0.0012	0.0012	0.0012	0.0012	0.0012	0.0012	0.0012	0.0012	0.0012	0.0012	0.0012	0.0012	0.0012	0.0012	0.0012	0.0012	0.0012	0.0012	0.0012	0.0012	0.0012	0.0012	0.0012	0.0012	0.0012	0.0012	0.0012	0.0012	0.0012	0.0012	0.0012	0.0012	0.0012	0.0012	0.0012	0.0012	0.0012	0.0012	0.0012	0.0012	0.0012	0.0012	0.006	0.006	0.006	0.006	0.006	0.006	0.006	0.006	0.006	0.006	0.006	0.006	0.006	0.006	0.006	0.006	0.006	0.006	0.006	0.006	0.006	0.006	0.006	0.006	0.006	0.006	0.006	0.006	0.006	0.006	0.006	0.006	0.006	0.006	0.006	0.006	0.006	0.006	0.006	0.006	0.006	0.006	0.006	0.006	0.006	0.006	0.006	0.006	0.006
56	0.9419	0.9419	0.9419	0.9419	0.9419	0.9419	0.9419	0.9419	0.9419	0.9419	0.9419	0.9419	0.9419	0.9419	0.9419	0.9419	0.9419	0.9419	0.9419	0.0069	0.0069	0.0069	0.0069	0.0069	0.0069	0.0069	0.0069	0.0069	0.0069	0.0069	0.0069	0.0069	0.0069	0.0069	0.0069	0.0069	0.0069	0.0069	0.0069	0.0069	0.0069	0.0069	0.0069	0.0069	0.0069	0.0069	0.0069	0.0069	0.0069	0.0069	0.0069	0.0069	0.0069	0.0069	0.0069	0.0069	0.0069	0.0069	0.0069	0.0069	0.0069	0.0069	0.0069	0.0069	0.0069	0.0069	0.0069	0.0069	0.0069	0.0069	0.0069	0.0069	0.0069	0.0069	0.0069	0.0069	0.0069	0.0069	0.0069	0.0069	0.0069	0.0069	0.0069	0.0069	0.0069	0.0069	0.0069	0.0069	0.0069	0.0069	0.0069	0.0069	0.0069	0.0069	0.0069	0.0069	0.0069	0.0069	0.0069	0.0069	0.0069	0.0069	0.0069	0.0069	0.0069	0.0069	0.0069	0.0069	0.0069	0.0069	0.0069	0.0069	0.0069	0.0069	0.0069	0.0069	0.0069	0.0069	0.0069	0.0069	0.0069	0.0069	0.0069	0.0069	0.0069	0.0069	0.0069	0.0069	0.0069	0.0069	0.0069	0.0069	0.0069	0.0069	0.0069	0.0069	0.0069	0.0069	0.0069	0.0069	0.0069	0.0069	0.0069	0.0069	0.0069	0.0069	0.0069	0.0069	0.0069	0.0069	0.0069	0.0069	0.0069	0.0069	0.0069	0.0069	0.0069	0.0069	0.0069	0.0069	0.0069	0.0069	0.0069	0.0069	0.0069	0.0069	0.0069	0.0069	0.0069	0.0069	0.0069	0.0069	0.0069	0.0069	0.0069	0.0069	0.0069	0.0069	0.0069	0.0069	0.0069	0.0069	0.0069	0.0069	0.0069	0.0069	0.0069	0.0069	0.0069	0.0069	0.0069	0.0069	0.0069	0.0069	0.0069	0.0069	0.0069	0.0069	0.0069	0.0069	0.0069	0.0069	0.0069	0.0069	0.0069	0.0069	0.0069	0.0069	0.0069	0.0069	0.0069	0.0069	0.0069	0.0069	0.0069	0.0069	0.0069	0.0069	0.0069	0.0069	0.0069	0.0069	0.0069	0.0069	0.0069	0.0069	0.0069	0.0069	0.0069	0.0069	0.0069	0.0069	0.0069	0.0069	0.0069	0.0069	0.0069	0.0069	0.0069	0.0069	0.0069	0.0069	0.0069	0.0069	0.0069	0.0069	0.0069	0.0069	0.0069	0.0069	0.0069	0.0085	0.0085	0.0085	0.0085	0.0085	0.0085	0.0085	0.0085	0.0085	0.0085	0.0085	0.0085	0.0085	0.0085	0.0085	0.0085	0.0085	0.0085	0.0085	0.0085	0.0085	0.0085	0.0085	0.0085	0.0085	0.0085	0.0085	0.0085	0.0085	0.0085	0.0085	0.0085	0.0085	0.0085	0.0085	0.0085	0.0085	0.0085	0.0085	0.0085	0.0085	0.0085	0.0085	0.0085	0.0085	0.0085	0.0085	0.0085	0.0085
57	0.8815	0.8815	0.8815	0.8815	0.8815	0.8815	0.8815	0.8815	0.8815	0.8815	0.8815	0.8815	0.8815	0.8815	0.8815	0.8815	0.8815	0.8815	0.8815	0.9242	0.9242	0.9242	0.9242	0.9242	0.9242	0.9242	0.9242	0.9242	0.9242	0.9242	0.9242	0.9242	0.9242	0.9242	0.9242	0.9242	0.9242	0.9242	0.9242	0.9242	0.9242	0.9242	0.9242	0.9242	0.9242	0.9242	0.9242	0.9242	0.9242	0.9242	0.9242	0.9242	0.9242	0.9242	0.9242	0.9242	0.9242	0.9242	0.9242	0.9242	0.9242	0.9242	0.9242	0.9242	0.9242	0.9242	0.9242	0.9242	0.9242	0.9242	0.9242	0.9242	0.9242	0.9242	0.9242	0.9242	0.9242	0.9242	0.9242	0.9242	0.9242	0.9242	0.9242	0.9242	0.9242	0.9242	0.9242	0.9242	0.9242	0.9242	0.9242	0.9242	0.9242	0.9242	0.9242	0.9242	0.9242	0.9242	0.9242	0.9242	0.9242	0.9242	0.9242	0.9242	0.9242	0.9242	0.9242	0.9242	0.9242	0.9242	0.9242	0.9242	0.9242	0.9242	0.9242	0.9242	0.9242	0.9242	0.9242	0.9242	0.9242	0.9242	0.9242	0.9242	0.9242	0.9242	0.9242	0.9242	0.9242	0.9242	0.9242	0.9242	0.9242	0.9242	0.9242	0.9242	0.9242	0.9242	0.9242	0.9242	0.9242	0.9242	0.9242	0.9242	0.9242	0.9242	0.9242	0.9242	0.9242	0.9242	0.9242	0.9242	0.9242	0.9242	0.9242	0.9242	0.9242	0.9242	0.9242	0.9242	0.9242	0.9242	0.9242	0.9242	0.9242	0.9242	0.9242	0.9242	0.9242	0.9242	0.9242	0.9242	0.9242	0.9242	0.9242	0.9242	0.9242	0.9242	0.9242	0.9242	0.9242	0.9242	0.9242	0.9242	0.9242	0.9242	0.9242	0.9242	0.9242	0.9242	0.9242	0.9242	0.9242	0.9242	0.9242	0.9242	0.9242	0.9242	0.9242	0.9242	0.9242	0.9242	0.9242	0.9242	0.9242	0.9242	0.9242	0.9242	0.9242	0.9242	0.9242	0.9242	0.9242	0.9242	0.9242	0.9242	0.9242	0.9242	0.9242	0.9242	0.9242	0.9242	0.9242	0.9242	0.9242	0.9242	0.9242	0.9242	0.9242	0.9242	0.9242	0.9242	0.9242	0.9242	0.9242	0.9242	0.9242	0.9242	0.9242	0.9242	0.9242	0.9242	0.9242	0.9242	0.9242	0.9242	0.9242	0.9242	0.9242	0.9242	0.9242	0.9454	0.9454	0.9454	0.9454	0.9454	0.9454	0.9454	0.9454	0.9454	0.9454	0.9454	0.9454	0.9454	0.9454	0.9454	0.9454	0.9454	0.9454	0.9454	0.9454	0.9454	0.9454	0.9454	0.9454	0.9454	0.9454	0.9454	0.9454	0.9454	0.9454	0.9454	0.9454	0.9454	0.9454	0.9454	0.9454	0.9454	0.9454	0.9454	0.9454	0.9454	0.9454	0.9454	0.9454	0.9454	0.9454	0.9454	0.9454	0.9454
58	0.9562	0.9562	0.9562	0.9562	0.9562	0.9562	0.9562	0.9562	0.9562	0.9562	0.9562	0.9562	0.9562	0.9562	0.9562	0.9562	0.9562	0.9562	0.9562	0.9104	0.9104	0.9104	0.9104	0.9104	0.9104	0.9104	0.9104	0.9104	0.9104	0.9104	0.9104	0.9104	0.9104	0.9104	0.9104	0.9104	0.9104	0.9104	0.9104	0.9104	0.9104	0.9104	0.9104	0.9104	0.9104	0.9104	0.9104	0.9104	0.9104	0.9104	0.9104	0.9104	0.9104	0.9104	0.9104	0.9104	0.9104	0.9104	0.9104	0.9104	0.9104	0.9104	0.9104	0.9104	0.9104	0.9104	0.9104	0.9104	0.9104	0.9104	0.9104	0.9104	0.9104	0.9104	0.9104	0.9104	0.9104	0.9104	0.9104	0.9104	0.9104	0.9104	0.9104	0.9104	0.9104	0.9104	0.9104	0.9104	0.9104	0.9104	0.9104	0.9104	0.9104	0.9104	0.9104	0.9104	0.9104	0.9104	0.9104	0.9104	0.9104	0.9104	0.9104	0.9104	0.9104	0.9104	0.9104	0.9104	0.9104	0.9104	0.9104	0.9104	0.9104	0.9104	0.9104	0.9104	0.9104	0.9104	0.9104	0.9104	0.9104	0.9104	0.9104	0.9104	0.9104	0.9104	0.9104	0.9104	0.9104	0.9104	0.9104	0.9104	0.9104	0.9104	0.9104	0.9104	0.9104	0.9104	0.9104	0.9104	0.9104	0.9104	0.9104	0.9104	0.9104	0.9104	0.9104	0.9104	0.9104	0.9104	0.9104	0.9104	0.9104	0.9104	0.9104	0.9104	0.9104	0.9104	0.9104	0.9104	0.9104	0.9104	0.9104	0.9104	0.9104	0.9104	0.9104	0.9104	0.9104	0.9104	0.9104	0.9104	0.9104	0.9104	0.9104	0.9104	0.9104	0.9104	0.9104	0.9104	0.9104	0.9104	0.9104	0.9104	0.9104	0.9104	0.9104	0.9104	0.9104	0.9104	0.9104	0.9104	0.9104	0.9104	0.9104	0.9104	0.9104	0.9104	0.9104	0.9104	0.9104	0.9104	0.9104	0.9104	0.9104	0.9104	0.9104	0.9104	0.9104	0.9104	0.9104	0.9104	0.9104	0.9104	0.9104	0.9104	0.9104	0.9104	0.9104	0.9104	0.9104	0.9104	0.9104	0.9104	0.9104	0.9104	0.9104	0.9104	0.9104	0.9104	0.9104	0.9104	0.9104	0.9104	0.9104	0.9104	0.9104	0.9104	0.9104	0.9104	0.9104	0.9104	0.9104	0.9104	0.9104	0.9104	0.9104	0.9104	0.9104	0.9104	0.9104	0.9452	0.9452	0.9452	0.9452	0.9452	0.9452	0.9452	0.9452	0.9452	0.9452	0.9452	0.9452	0.9452	0.9452	0.9452	0.9452	0.9452	0.9452	0.9452	0.9452	0.9452	0.9452	0.9452	0.9452	0.9452	0.9452	0.9452	0.9452	0.9452	0.9452	0.9452	0.9452	0.9452	0.9452	0.9452	0.9452	0.9452	0.9452	0.9452	0.9452	0.9452	0.9452	0.9452	0.9452	0.9452	0.9452	0.9452	0.9452	0.9452
59	0.015	0.015	0.015	0.015	0.015	0.015	0.015	0.015	0.015	0.015	0.015	0.015	0.015	0.015	0.015	0.015	0.015	0.015	0.015	0.0476	0.0476	0.0476	0.0476	0.0476	0.0476	0.0476	0.0476	0.0476	0.0476	0.0476	0.0476	0.0476	0.0476	0.0476	0.0476	0.0476	0.0476	0.0476	0.0476	0.0476	0.0476	0.0476	0.0476	0.0476	0.0476	0.0476	0.0476	0.0476	0.0476	0.0476	0.0476	0.0476	0.0476	0.0476	0.0476	0.0476	0.0476	0.0476	0.0476	0.0476	0.0476	0.0476	0.0476	0.0476	0.0476	0.0476	0.0476	0.0476	0.0476	0.0476	0.0476	0.0476	0.0476	0.0476	0.0476	0.0476	0.0476	0.0476	0.0476	0.0476	0.0476	0.0476	0.0476	0.0476	0.0476	0.0476	0.0476	0.0476	0.0476	0.0476	0.0476	0.0476	0.0476	0.0476	0.0476	0.0476	0.0476	0.0476	0.0476	0.0476	0.0476	0.0476	0.0476	0.0476	0.0476	0.0476	0.0476	0.0476	0.0476	0.0476	0.0476	0.0476	0.0476	0.0476	0.0476	0.0476	0.0476	0.0476	0.0476	0.0476	0.0476	0.0476	0.0476	0.0476	0.0476	0.0476	0.0476	0.0476	0.0476	0.0476	0.0476	0.0476	0.0476	0.0476	0.0476	0.0476	0.0476	0.0476	0.0476	0.0476	0.0476	0.0476	0.0476	0.0476	0.0476	0.0476	0.0476	0.0476	0.0476	0.0476	0.0476	0.0476	0.0476	0.0476	0.0476	0.0476	0.0476	0.0476	0.0476	0.0476	0.0476	0.0476	0.0476	0.0476	0.0476	0.0476	0.0476	0.0476	0.0476	0.0476	0.0476	0.0476	0.0476	0.0476	0.0476	0.0476	0.0476	0.0476	0.0476	0.0476	0.0476	0.0476	0.0476	0.0476	0.0476	0.0476	0.0476	0.0476	0.0476	0.0476	0.0476	0.0476	0.0476	0.0476	0.0476	0.0476	0.0476	0.0476	0.0476	0.0476	0.0476	0.0476	0.0476	0.0476	0.0476	0.0476	0.0476	0.0476	0.0476	0.0476	0.0476	0.0476	0.0476	0.0476	0.0476	0.0476	0.0476	0.0476	0.0476	0.0476	0.0476	0.0476	0.0476	0.0476	0.0476	0.0476	0.0476	0.0476	0.0476	0.0476	0.0476	0.0476	0.0476	0.0476	0.0476	0.0476	0.0476	0.0476	0.0476	0.0476	0.0476	0.0476	0.0476	0.0476	0.0476	0.0476	0.0476	0.0476	0.0476	0.0476	0.0476	0.9657	0.9657	0.9657	0.9657	0.9657	0.9657	0.9657	0.9657	0.9657	0.9657	0.9657	0.9657	0.9657	0.9657	0.9657	0.9657	0.9657	0.9657	0.9657	0.9657	0.9657	0.9657	0.9657	0.9657	0.9657	0.9657	0.9657	0.9657	0.9657	0.9657	0.9657	0.9657	0.9657	0.9657	0.9657	0.9657	0.9657	0.9657	0.9657	0.9657	0.9657	0.9657	0.9657	0.9657	0.9657	0.9657	0.9657	0.9657	0.9657
60	0.9688	0.9688	0.9688	0.9688	0.9688	0.9688	0.9688	0.9688	0.9688	0.9688	0.9688	0.9688	0.9688	0.9688	0.9688	0.9688	0.9688	0.9688	0.9688	0.9478	0.9478	0.9478	0.9478	0.9478	0.9478	0.9478	0.9478	0.9478	0.9478	0.9478	0.9478	0.9478	0.9478	0.9478	0.9478	0.9478	0.9478	0.9478	0.9478	0.9478	0.9478	0.9478	0.9478	0.9478	0.9478	0.9478	0.9478	0.9478	0.9478	0.9478	0.9478	0.9478	0.9478	0.9478	0.9478	0.9478	0.9478	0.9478	0.9478	0.9478	0.9478	0.9478	0.9478	0.9478	0.9478	0.9478	0.9478	0.9478	0.9478	0.9478	0.9478	0.9478	0.9478	0.9478	0.9478	0.9478	0.9478	0.9478	0.9478	0.9478	0.9478	0.9478	0.9478	0.9478	0.9478	0.9478	0.9478	0.9478	0.9478	0.9478	0.9478	0.9478	0.9478	0.9478	0.9478	0.9478	0.9478	0.9478	0.9478	0.9478	0.9478	0.9478	0.9478	0.9478	0.9478	0.9478	0.9478	0.9478	0.9478	0.9478	0.9478	0.9478	0.9478	0.9478	0.9478	0.9478	0.9478	0.9478	0.9478	0.9478	0.9478	0.9478	0.9478	0.9478	0.9478	0.9478	0.9478	0.9478	0.9478	0.9478	0.9478	0.9478	0.9478	0.9478	0.9478	0.9478	0.9478	0.9478	0.9478	0.9478	0.9478	0.9478	0.9478	0.9478	0.9478	0.9478	0.9478	0.9478	0.9478	0.9478	0.9478	0.9478	0.9478	0.9478	0.9478	0.9478	0.9478	0.9478	0.9478	0.9478	0.9478	0.9478	0.9478	0.9478	0.9478	0.9478	0.9478	0.9478	0.9478	0.9478	0.9478	0.9478	0.9478	0.9478	0.9478	0.9478	0.9478	0.9478	0.9478	0.9478	0.9478	0.9478	0.9478	0.9478	0.9478	0.9478	0.9478	0.9478	0.9478	0.9478	0.9478	0.9478	0.9478	0.9478	0.9478	0.9478	0.9478	0.9478	0.9478	0.9478	0.9478	0.9478	0.9478	0.9478	0.9478	0.9478	0.9478	0.9478	0.9478	0.9478	0.9478	0.9478	0.9478	0.9478	0.9478	0.9478	0.9478	0.9478	0.9478	0.9478	0.9478	0.9478	0.9478	0.9478	0.9478	0.9478	0.9478	0.9478	0.9478	0.9478	0.9478	0.9478	0.9478	0.9478	0.9478	0.9478	0.9478	0.9478	0.9478	0.9478	0.9478	0.9478	0.9478	0.9478	0.9478	0.9478	0.9478	0.9478	0.9478	0.9478	0.9478	0.8576	0.8576	0.8576	0.8576	0.8576	0.8576	0.8576	0.8576	0.8576	0.8576	0.8576	0.8576	0.8576	0.8576	0.8576	0.8576	0.8576	0.8576	0.8576	0.8576	0.8576	0.8576	0.8576	0.8576	0.8576	0.8576	0.8576	0.8576	0.8576	0.8576	0.8576	0.8576	0.8576	0.8576	0.8576	0.8576	0.8576	0.8576	0.8576	0.8576	0.8576	0.8576	0.8576	0.8576	0.8576	0.8576	0.8576	0.8576	0.8576
