	2	2	2	2	2	2	2	2	2	2	2	2	2	2	2	2	2	2	2	0	0	0	0	0	0	0	0	0	0	0	0	0	0	1	0	0	0	0	0	0	0	0	0	0	0	0	0	0	0	0	0	0	0	0	0	0	0	0	0	0	0	0	0	1	0	0	1	0	0	0	0	0	0	0	0	0	0	0	0	0	0	0	0	0	0	0	0	0	0	0	0	0	0	0	0	0	0	0	0	0	0	0	0	0	1	0	0	0	0	0	0	0	0	0	0	0	0	0	0	0	0	0	0	0	0	0	0	0	0	1	0	0	0	0	0	0	0	0	0	0	0	0	0	0	0	0	0	0	0	0	0	0	0	0	0	0	0	0	0	0	0	0	0	0	0	0	0	0	0	1	0	0	0	0	0	0	0	0	0	0	0	0	0	0	0	0	0	0	0	0	0	0	0	0	0	0	0	0	0	0	0	0	0	0	0	0	0	0	0	0	0	0	0	0	0	0	0	0	0	0	0	0	0	0	0	1	0	0	0	0	0	0	0	0	0	0	0	0	0	0	0	0	0	0	0	0	0	0	0	0	0	3	3	3	3	3	3	3	3	3	3	3	3	3	3	3	3	3	3	3	3	3	3	3	3	3	3	3	3	3	3	3	3	3	3	3	3	3	3	3	3	3	3	3	3	3	3	3	3	3
0	0.0183	0.0183	0.0183	0.0183	0.0183	0.0183	0.0183	0.0183	0.0183	0.0183	0.0183	0.0183	0.0183	0.0183	0.0183	0.0183	0.0183	0.0183	0.0183	0.0075	0.0075	0.0075	0.0075	0.0075	0.0075	0.0075	0.0075	0.0075	0.0075	0.0075	0.0075	0.0075	0.0075	0.0075	0.0075	0.0075	0.0075	0.0075	0.0075	0.0075	0.0075	0.0075	0.0075	0.0075	0.0075	0.0075	0.0075	0.0075	0.0075	0.0075	0.0075	0.0075	0.0075	0.0075	0.0075	0.0075	0.0075	0.0075	0.0075	0.0075	0.0075	0.0075	0.0075	0.0075	0.0075	0.0075	0.0075	0.0075	0.0075	0.0075	0.0075	0.0075	0.0075	0.0075	0.0075	0.0075	0.0075	0.0075	0.0075	0.0075	0.0075	0.0075	0.0075	0.0075	0.0075	0.0075	0.0075	0.0075	0.0075	0.0075	0.0075	0.0075	0.0075	0.0075	0.0075	0.0075	0.0075	0.0075	0.0075	0.0075	0.0075	0.0075	0.0075	0.0075	0.0075	0.0075	0.0075	0.0075	0.0075	0.0075	0.0075	0.0075	0.0075	0.0075	0.0075	0.0075	0.0075	0.0075	0.0075	0.0075	0.0075	0.0075	0.0075	0.0075	0.0075	0.0075	0.0075	0.0075	0.0075	0.0075	0.0075	0.0075	0.0075	0.0075	0.0075	0.0075	0.0075	0.0075	0.0075	0.0075	0.0075	0.0075	0.0075	0.0075	0.0075	0.0075	0.0075	0.0075	0.0075	0.0075	0.0075	0.0075	0.0075	0.0075	0.0075	0.0075	0.0075	0.0075	0.0075	0.0075	0.0075	0.0075	0.0075	0.0075	0.0075	0.0075	0.0075	0.0075	0.0075	0.0075	0.0075	0.0075	0.0075	0.0075	0.0075	0.0075	0.0075	0.0075	0.0075	0.0075	0.0075	0.0075	0.0075	0.0075	0.0075	0.0075	0.0075	0.0075	0.0075	0.0075	0.0075	0.0075	0.0075	0.0075	0.0075	0.0075	0.0075	0.0075	0.0075	0.0075	0.0075	0.0075	0.0075	0.0075	0.0075	0.0075	0.0075	0.0075	0.0075	0.0075	0.0075	0.0075	0.0075	0.0075	0.0075	0.0075	0.0075	0.0075	0.0075	0.0075	0.0075	0.0075	0.0075	0.0075	0.0075	0.0075	0.0075	0.0075	0.0075	0.0075	0.0075	0.0075	0.0075	0.0075	0.0075	0.0075	0.0075	0.0075	0.0075	0.0075	0.0075	0.0075	0.0075	0.0075	0.0075	0.0075	0.0075	0.0075	0.0075	0.0075	0.0075	0.0273	0.0273	0.0273	0.0273	0.0273	0.0273	0.0273	0.0273	0.0273	0.0273	0.0273	0.0273	0.0273	0.0273	0.0273	0.0273	0.0273	0.0273	0.0273	0.0273	0.0273	0.0273	0.0273	0.0273	0.0273	0.0273	0.0273	0.0273	0.0273	0.0273	0.0273	0.0273	0.0273	0.0273	0.0273	0.0273	0.0273	0.0273	0.0273	0.0273	0.0273	0.0273	0.0273	0.0273	0.0273	0.0273	0.0273	0.0273	0.0273
1	0.0921	0.0921	0.0921	0.0921	0.0921	0.0921	0.0921	0.0921	0.0921	0.0921	0.0921	0.0921	0.0921	0.0921	0.0921	0.0921	0.0921	0.0921	0.0921	0.0179	0.0179	0.0179	0.0179	0.0179	0.0179	0.0179	0.0179	0.0179	0.0179	0.0179	0.0179	0.0179	0.0179	0.0353	0.0179	0.0179	0.0179	0.0179	0.0179	0.0179	0.0179	0.0179	0.0179	0.0179	0.0179	0.0179	0.0179	0.0179	0.0179	0.0179	0.0179	0.0179	0.0179	0.0179	0.0179	0.0179	0.0179	0.0179	0.0179	0.0179	0.0179	0.0179	0.0179	0.0353	0.0179	0.0179	0.0353	0.0179	0.0179	0.0179	0.0179	0.0179	0.0179	0.0179	0.0179	0.0179	0.0179	0.0179	0.0179	0.0179	0.0179	0.0179	0.0179	0.0179	0.0179	0.0179	0.0179	0.0179	0.0179	0.0179	0.0179	0.0179	0.0179	0.0179	0.0179	0.0179	0.0179	0.0179	0.0179	0.0179	0.0179	0.0179	0.0179	0.0179	0.0353	0.0179	0.0179	0.0179	0.0179	0.0179	0.0179	0.0179	0.0179	0.0179	0.0179	0.0179	0.0179	0.0179	0.0179	0.0179	0.0179	0.0179	0.0179	0.0179	0.0179	0.0179	0.0179	0.0179	0.0179	0.0353	0.0179	0.0179	0.0179	0.0179	0.0179	0.0179	0.0179	0.0179	0.0179	0.0179	0.0179	0.0179	0.0179	0.0179	0.0179	0.0179	0.0179	0.0179	0.0179	0.0179	0.0179	0.0179	0.0179	0.0179	0.0179	0.0179	0.0179	0.0179	0.0179	0.0179	0.0179	0.0179	0.0179	0.0179	0.0179	0.0179	0.0179	0.0179	0.0179	0.0353	0.0179	0.0179	0.0179	0.0179	0.0179	0.0179	0.0179	0.0179	0.0179	0.0179	0.0179	0.0179	0.0179	0.0179	0.0179	0.0179	0.0179	0.0179	0.0179	0.0179	0.0179	0.0179	0.0179	0.0179	0.0179	0.0179	0.0179	0.0179	0.0179	0.0179	0.0179	0.0179	0.0179	0.0179	0.0179	0.0179	0.0179	0.0179	0.0179	0.0179	0.0179	0.0179	0.0179	0.0179	0.0179	0.0179	0.0179	0.0179	0.0179	0.0179	0.0179	0.0179	0.0179	0.0179	0.0179	0.0353	0.0179	0.0179	0.0179	0.0179	0.0179	0.0179	0.0179	0.0179	0.0179	0.0179	0.0179	0.0179	0.0179	0.0179	0.0179	0.0179	0.0179	0.0179	0.0179	0.0179	0.0179	0.0179	0.0179	0.0179	0.0179	0.007	0.007	0.007	0.007	0.007	0.007	0.007	0.007	0.007	0.007	0.007	0.007	0.007	0.007	0.007	0.007	0.007	0.007	0.007	0.007	0.007	0.007	0.007	0.007	0.007	0.007	0.007	0.007	0.007	0.007	0.007	0.007	0.007	0.007	0.007	0.007	0.007	0.007	0.007	0.007	0.007	0.007	0.007	0.007	0.007	0.007	0.007	0.007	0.007
2	0.0213	0.0213	0.0213	0.0213	0.0213	0.0213	0.0213	0.0213	0.0213	0.0213	0.0213	0.0213	0.0213	0.0213	0.0213	0.0213	0.0213	0.0213	0.0213	0.0046	0.0046	0.0046	0.0046	0.0046	0.0046	0.0046	0.0046	0.0046	0.0046	0.0046	0.0046	0.0046	0.0046	0.0049	0.0046	0.0046	0.0046	0.0046	0.0046	0.0046	0.0046	0.0046	0.0046	0.0046	0.0046	0.0046	0.0046	0.0046	0.0046	0.0046	0.0046	0.0046	0.0046	0.0046	0.0046	0.0046	0.0046	0.0046	0.0046	0.0046	0.0046	0.0046	0.0046	0.0049	0.0046	0.0046	0.0049	0.0046	0.0046	0.0046	0.0046	0.0046	0.0046	0.0046	0.0046	0.0046	0.0046	0.0046	0.0046	0.0046	0.0046	0.0046	0.0046	0.0046	0.0046	0.0046	0.0046	0.0046	0.0046	0.0046	0.0046	0.0046	0.0046	0.0046	0.0046	0.0046	0.0046	0.0046	0.0046	0.0046	0.0046	0.0046	0.0046	0.0046	0.0049	0.0046	0.0046	0.0046	0.0046	0.0046	0.0046	0.0046	0.0046	0.0046	0.0046	0.0046	0.0046	0.0046	0.0046	0.0046	0.0046	0.0046	0.0046	0.0046	0.0046	0.0046	0.0046	0.0046	0.0046	0.0049	0.0046	0.0046	0.0046	0.0046	0.0046	0.0046	0.0046	0.0046	0.0046	0.0046	0.0046	0.0046	0.0046	0.0046	0.0046	0.0046	0.0046	0.0046	0.0046	0.0046	0.0046	0.0046	0.0046	0.0046	0.0046	0.0046	0.0046	0.0046	0.0046	0.0046	0.0046	0.0046	0.0046	0.0046	0.0046	0.0046	0.0046	0.0046	0.0046	0.0049	0.0046	0.0046	0.0046	0.0046	0.0046	0.0046	0.0046	0.0046	0.0046	0.0046	0.0046	0.0046	0.0046	0.0046	0.0046	0.0046	0.0046	0.0046	0.0046	0.0046	0.0046	0.0046	0.0046	0.0046	0.0046	0.0046	0.0046	0.0046	0.0046	0.0046	0.0046	0.0046	0.0046	0.0046	0.0046	0.0046	0.0046	0.0046	0.0046	0.0046	0.0046	0.0046	0.0046	0.0046	0.0046	0.0046	0.0046	0.0046	0.0046	0.0046	0.0046	0.0046	0.0046	0.0046	0.0046	0.0049	0.0046	0.0046	0.0046	0.0046	0.0046	0.0046	0.0046	0.0046	0.0046	0.0046	0.0046	0.0046	0.0046	0.0046	0.0046	0.0046	0.0046	0.0046	0.0046	0.0046	0.0046	0.0046	0.0046	0.0046	0.0046	0.0343	0.0343	0.0343	0.0343	0.0343	0.0343	0.0343	0.0343	0.0343	0.0343	0.0343	0.0343	0.0343	0.0343	0.0343	0.0343	0.0343	0.0343	0.0343	0.0343	0.0343	0.0343	0.0343	0.0343	0.0343	0.0343	0.0343	0.0343	0.0343	0.0343	0.0343	0.0343	0.0343	0.0343	0.0343	0.0343	0.0343	0.0343	0.0343	0.0343	0.0343	0.0343	0.0343	0.0343	0.0343	0.0343	0.0343	0.0343	0.0343
3	0.0172	0.0172	0.0172	0.0172	0.0172	0.0172	0.0172	0.0172	0.0172	0.0172	0.0172	0.0172	0.0172	0.0172	0.0172	0.0172	0.0172	0.0172	0.0172	0.0171	0.0171	0.0171	0.0171	0.0171	0.0171	0.0171	0.0171	0.0171	0.0171	0.0171	0.0171	0.0171	0.0171	0.0408	0.0171	0.0171	0.0171	0.0171	0.0171	0.0171	0.0171	0.0171	0.0171	0.0171	0.0171	0.0171	0.0171	0.0171	0.0171	0.0171	0.0171	0.0171	0.0171	0.0171	0.0171	0.0171	0.0171	0.0171	0.0171	0.0171	0.0171	0.0171	0.0171	0.0408	0.0171	0.0171	0.0408	0.0171	0.0171	0.0171	0.0171	0.0171	0.0171	0.0171	0.0171	0.0171	0.0171	0.0171	0.0171	0.0171	0.0171	0.0171	0.0171	0.0171	0.0171	0.0171	0.0171	0.0171	0.0171	0.0171	0.0171	0.0171	0.0171	0.0171	0.0171	0.0171	0.0171	0.0171	0.0171	0.0171	0.0171	0.0171	0.0171	0.0171	0.0408	0.0171	0.0171	0.0171	0.0171	0.0171	0.0171	0.0171	0.0171	0.0171	0.0171	0.0171	0.0171	0.0171	0.0171	0.0171	0.0171	0.0171	0.0171	0.0171	0.0171	0.0171	0.0171	0.0171	0.0171	0.0408	0.0171	0.0171	0.0171	0.0171	0.0171	0.0171	0.0171	0.0171	0.0171	0.0171	0.0171	0.0171	0.0171	0.0171	0.0171	0.0171	0.0171	0.0171	0.0171	0.0171	0.0171	0.0171	0.0171	0.0171	0.0171	0.0171	0.0171	0.0171	0.0171	0.0171	0.0171	0.0171	0.0171	0.0171	0.0171	0.0171	0.0171	0.0171	0.0171	0.0408	0.0171	0.0171	0.0171	0.0171	0.0171	0.0171	0.0171	0.0171	0.0171	0.0171	0.0171	0.0171	0.0171	0.0171	0.0171	0.0171	0.0171	0.0171	0.0171	0.0171	0.0171	0.0171	0.0171	0.0171	0.0171	0.0171	0.0171	0.0171	0.0171	0.0171	0.0171	0.0171	0.0171	0.0171	0.0171	0.0171	0.0171	0.0171	0.0171	0.0171	0.0171	0.0171	0.0171	0.0171	0.0171	0.0171	0.0171	0.0171	0.0171	0.0171	0.0171	0.0171	0.0171	0.0171	0.0171	0.0408	0.0171	0.0171	0.0171	0.0171	0.0171	0.0171	0.0171	0.0171	0.0171	0.0171	0.0171	0.0171	0.0171	0.0171	0.0171	0.0171	0.0171	0.0171	0.0171	0.0171	0.0171	0.0171	0.0171	0.0171	0.0171	0.0043	0.0043	0.0043	0.0043	0.0043	0.0043	0.0043	0.0043	0.0043	0.0043	0.0043	0.0043	0.0043	0.0043	0.0043	0.0043	0.0043	0.0043	0.0043	0.0043	0.0043	0.0043	0.0043	0.0043	0.0043	0.0043	0.0043	0.0043	0.0043	0.0043	0.0043	0.0043	0.0043	0.0043	0.0043	0.0043	0.0043	0.0043	0.0043	0.0043	0.0043	0.0043	0.0043	0.0043	0.0043	0.0043	0.0043	0.0043	0.0043
4	0.0279	0.0279	0.0279	0.0279	0.0279	0.0279	0.0279	0.0279	0.0279	0.0279	0.0279	0.0279	0.0279	0.0279	0.0279	0.0279	0.0279	0.0279	0.0279	0.0047	0.0047	0.0047	0.0047	0.0047	0.0047	0.0047	0.0047	0.0047	0.0047	0.0047	0.0047	0.0047	0.0047	0.0056	0.0047	0.0047	0.0047	0.0047	0.0047	0.0047	0.0047	0.0047	0.0047	0.0047	0.0047	0.0047	0.0047	0.0047	0.0047	0.0047	0.0047	0.0047	0.0047	0.0047	0.0047	0.0047	0.0047	0.0047	0.0047	0.0047	0.0047	0.0047	0.0047	0.0056	0.0047	0.0047	0.0056	0.0047	0.0047	0.0047	0.0047	0.0047	0.0047	0.0047	0.0047	0.0047	0.0047	0.0047	0.0047	0.0047	0.0047	0.0047	0.0047	0.0047	0.0047	0.0047	0.0047	0.0047	0.0047	0.0047	0.0047	0.0047	0.0047	0.0047	0.0047	0.0047	0.0047	0.0047	0.0047	0.0047	0.0047	0.0047	0.0047	0.0047	0.0056	0.0047	0.0047	0.0047	0.0047	0.0047	0.0047	0.0047	0.0047	0.0047	0.0047	0.0047	0.0047	0.0047	0.0047	0.0047	0.0047	0.0047	0.0047	0.0047	0.0047	0.0047	0.0047	0.0047	0.0047	0.0056	0.0047	0.0047	0.0047	0.0047	0.0047	0.0047	0.0047	0.0047	0.0047	0.0047	0.0047	0.0047	0.0047	0.0047	0.0047	0.0047	0.0047	0.0047	0.0047	0.0047	0.0047	0.0047	0.0047	0.0047	0.0047	0.0047	0.0047	0.0047	0.0047	0.0047	0.0047	0.0047	0.0047	0.0047	0.0047	0.0047	0.0047	0.0047	0.0047	0.0056	0.0047	0.0047	0.0047	0.0047	0.0047	0.0047	0.0047	0.0047	0.0047	0.0047	0.0047	0.0047	0.0047	0.0047	0.0047	0.0047	0.0047	0.0047	0.0047	0.0047	0.0047	0.0047	0.0047	0.0047	0.0047	0.0047	0.0047	0.0047	0.0047	0.0047	0.0047	0.0047	0.0047	0.0047	0.0047	0.0047	0.0047	0.0047	0.0047	0.0047	0.0047	0.0047	0.0047	0.0047	0.0047	0.0047	0.0047	0.0047	0.0047	0.0047	0.0047	0.0047	0.0047	0.0047	0.0047	0.0056	0.0047	0.0047	0.0047	0.0047	0.0047	0.0047	0.0047	0.0047	0.0047	0.0047	0.0047	0.0047	0.0047	0.0047	0.0047	0.0047	0.0047	0.0047	0.0047	0.0047	0.0047	0.0047	0.0047	0.0047	0.0047	0.0098	0.0098	0.0098	0.0098	0.0098	0.0098	0.0098	0.0098	0.0098	0.0098	0.0098	0.0098	0.0098	0.0098	0.0098	0.0098	0.0098	0.0098	0.0098	0.0098	0.0098	0.0098	0.0098	0.0098	0.0098	0.0098	0.0098	0.0098	0.0098	0.0098	0.0098	0.0098	0.0098	0.0098	0.0098	0.0098	0.0098	0.0098	0.0098	0.0098	0.0098	0.0098	0.0098	0.0098	0.0098	0.0098	0.0098	0.0098	0.0098
5	0.016	0.016	0.016	0.016	0.016	0.016	0.016	0.016	0.016	0.016	0.016	0.016	0.016	0.016	0.016	0.016	0.016	0.016	0.016	0.0016	0.0016	0.0016	0.0016	0.0016	0.0016	0.0016	0.0016	0.0016	0.0016	0.0016	0.0016	0.0016	0.0016	0.0134	0.0016	0.0016	0.0016	0.0016	0.0016	0.0016	0.0016	0.0016	0.0016	0.0016	0.0016	0.0016	0.0016	0.0016	0.0016	0.0016	0.0016	0.0016	0.0016	0.0016	0.0016	0.0016	0.0016	0.0016	0.0016	0.0016	0.0016	0.0016	0.0016	0.0134	0.0016	0.0016	0.0134	0.0016	0.0016	0.0016	0.0016	0.0016	0.0016	0.0016	0.0016	0.0016	0.0016	0.0016	0.0016	0.0016	0.0016	0.0016	0.0016	0.0016	0.0016	0.0016	0.0016	0.0016	0.0016	0.0016	0.0016	0.0016	0.0016	0.0016	0.0016	0.0016	0.0016	0.0016	0.0016	0.0016	0.0016	0.0016	0.0016	0.0016	0.0134	0.0016	0.0016	0.0016	0.0016	0.0016	0.0016	0.0016	0.0016	0.0016	0.0016	0.0016	0.0016	0.0016	0.0016	0.0016	0.0016	0.0016	0.0016	0.0016	0.0016	0.0016	0.0016	0.0016	0.0016	0.0134	0.0016	0.0016	0.0016	0.0016	0.0016	0.0016	0.0016	0.0016	0.0016	0.0016	0.0016	0.0016	0.0016	0.0016	0.0016	0.0016	0.0016	0.0016	0.0016	0.0016	0.0016	0.0016	0.0016	0.0016	0.0016	0.0016	0.0016	0.0016	0.0016	0.0016	0.0016	0.0016	0.0016	0.0016	0.0016	0.0016	0.0016	0.0016	0.0016	0.0134	0.0016	0.0016	0.0016	0.0016	0.0016	0.0016	0.0016	0.0016	0.0016	0.0016	0.0016	0.0016	0.0016	0.0016	0.0016	0.0016	0.0016	0.0016	0.0016	0.0016	0.0016	0.0016	0.0016	0.0016	0.0016	0.0016	0.0016	0.0016	0.0016	0.0016	0.0016	0.0016	0.0016	0.0016	0.0016	0.0016	0.0016	0.0016	0.0016	0.0016	0.0016	0.0016	0.0016	0.0016	0.0016	0.0016	0.0016	0.0016	0.0016	0.0016	0.0016	0.0016	0.0016	0.0016	0.0016	0.0134	0.0016	0.0016	0.0016	0.0016	0.0016	0.0016	0.0016	0.0016	0.0016	0.0016	0.0016	0.0016	0.0016	0.0016	0.0016	0.0016	0.0016	0.0016	0.0016	0.0016	0.0016	0.0016	0.0016	0.0016	0.0016	0.0268	0.0268	0.0268	0.0268	0.0268	0.0268	0.0268	0.0268	0.0268	0.0268	0.0268	0.0268	0.0268	0.0268	0.0268	0.0268	0.0268	0.0268	0.0268	0.0268	0.0268	0.0268	0.0268	0.0268	0.0268	0.0268	0.0268	0.0268	0.0268	0.0268	0.0268	0.0268	0.0268	0.0268	0.0268	0.0268	0.0268	0.0268	0.0268	0.0268	0.0268	0.0268	0.0268	0.0268	0.0268	0.0268	0.0268	0.0268	0.0268
6	0.0162	0.0162	0.0162	0.0162	0.0162	0.0162	0.0162	0.0162	0.0162	0.0162	0.0162	0.0162	0.0162	0.0162	0.0162	0.0162	0.0162	0.0162	0.0162	0.0069	0.0069	0.0069	0.0069	0.0069	0.0069	0.0069	0.0069	0.0069	0.0069	0.0069	0.0069	0.0069	0.0069	0.0082	0.0069	0.0069	0.0069	0.0069	0.0069	0.0069	0.0069	0.0069	0.0069	0.0069	0.0069	0.0069	0.0069	0.0069	0.0069	0.0069	0.0069	0.0069	0.0069	0.0069	0.0069	0.0069	0.0069	0.0069	0.0069	0.0069	0.0069	0.0069	0.0069	0.0082	0.0069	0.0069	0.0082	0.0069	0.0069	0.0069	0.0069	0.0069	0.0069	0.0069	0.0069	0.0069	0.0069	0.0069	0.0069	0.0069	0.0069	0.0069	0.0069	0.0069	0.0069	0.0069	0.0069	0.0069	0.0069	0.0069	0.0069	0.0069	0.0069	0.0069	0.0069	0.0069	0.0069	0.0069	0.0069	0.0069	0.0069	0.0069	0.0069	0.0069	0.0082	0.0069	0.0069	0.0069	0.0069	0.0069	0.0069	0.0069	0.0069	0.0069	0.0069	0.0069	0.0069	0.0069	0.0069	0.0069	0.0069	0.0069	0.0069	0.0069	0.0069	0.0069	0.0069	0.0069	0.0069	0.0082	0.0069	0.0069	0.0069	0.0069	0.0069	0.0069	0.0069	0.0069	0.0069	0.0069	0.0069	0.0069	0.0069	0.0069	0.0069	0.0069	0.0069	0.0069	0.0069	0.0069	0.0069	0.0069	0.0069	0.0069	0.0069	0.0069	0.0069	0.0069	0.0069	0.0069	0.0069	0.0069	0.0069	0.0069	0.0069	0.0069	0.0069	0.0069	0.0069	0.0082	0.0069	0.0069	0.0069	0.0069	0.0069	0.0069	0.0069	0.0069	0.0069	0.0069	0.0069	0.0069	0.0069	0.0069	0.0069	0.0069	0.0069	0.0069	0.0069	0.0069	0.0069	0.0069	0.0069	0.0069	0.0069	0.0069	0.0069	0.0069	0.0069	0.0069	0.0069	0.0069	0.0069	0.0069	0.0069	0.0069	0.0069	0.0069	0.0069	0.0069	0.0069	0.0069	0.0069	0.0069	0.0069	0.0069	0.0069	0.0069	0.0069	0.0069	0.0069	0.0069	0.0069	0.0069	0.0069	0.0082	0.0069	0.0069	0.0069	0.0069	0.0069	0.0069	0.0069	0.0069	0.0069	0.0069	0.0069	0.0069	0.0069	0.0069	0.0069	0.0069	0.0069	0.0069	0.0069	0.0069	0.0069	0.0069	0.0069	0.0069	0.0069	0.0565	0.0565	0.0565	0.0565	0.0565	0.0565	0.0565	0.0565	0.0565	0.0565	0.0565	0.0565	0.0565	0.0565	0.0565	0.0565	0.0565	0.0565	0.0565	0.0565	0.0565	0.0565	0.0565	0.0565	0.0565	0.0565	0.0565	0.0565	0.0565	0.0565	0.0565	0.0565	0.0565	0.0565	0.0565	0.0565	0.0565	0.0565	0.0565	0.0565	0.0565	0.0565	0.0565	0.0565	0.0565	0.0565	0.0565	0.0565	0.0565
7	0.0225	0.0225	0.0225	0.0225	0.0225	0.0225	0.0225	0.0225	0.0225	0.0225	0.0225	0.0225	0.0225	0.0225	0.0225	0.0225	0.0225	0.0225	0.0225	0.0148	0.0148	0.0148	0.0148	0.0148	0.0148	0.0148	0.0148	0.0148	0.0148	0.0148	0.0148	0.0148	0.0148	0.0542	0.0148	0.0148	0.0148	0.0148	0.0148	0.0148	0.0148	0.0148	0.0148	0.0148	0.0148	0.0148	0.0148	0.0148	0.0148	0.0148	0.0148	0.0148	0.0148	0.0148	0.0148	0.0148	0.0148	0.0148	0.0148	0.0148	0.0148	0.0148	0.0148	0.0542	0.0148	0.0148	0.0542	0.0148	0.0148	0.0148	0.0148	0.0148	0.0148	0.0148	0.0148	0.0148	0.0148	0.0148	0.0148	0.0148	0.0148	0.0148	0.0148	0.0148	0.0148	0.0148	0.0148	0.0148	0.0148	0.0148	0.0148	0.0148	0.0148	0.0148	0.0148	0.0148	0.0148	0.0148	0.0148	0.0148	0.0148	0.0148	0.0148	0.0148	0.0542	0.0148	0.0148	0.0148	0.0148	0.0148	0.0148	0.0148	0.0148	0.0148	0.0148	0.0148	0.0148	0.0148	0.0148	0.0148	0.0148	0.0148	0.0148	0.0148	0.0148	0.0148	0.0148	0.0148	0.0148	0.0542	0.0148	0.0148	0.0148	0.0148	0.0148	0.0148	0.0148	0.0148	0.0148	0.0148	0.0148	0.0148	0.0148	0.0148	0.0148	0.0148	0.0148	0.0148	0.0148	0.0148	0.0148	0.0148	0.0148	0.0148	0.0148	0.0148	0.0148	0.0148	0.0148	0.0148	0.0148	0.0148	0.0148	0.0148	0.0148	0.0148	0.0148	0.0148	0.0148	0.0542	0.0148	0.0148	0.0148	0.0148	0.0148	0.0148	0.0148	0.0148	0.0148	0.0148	0.0148	0.0148	0.0148	0.0148	0.0148	0.0148	0.0148	0.0148	0.0148	0.0148	0.0148	0.0148	0.0148	0.0148	0.0148	0.0148	0.0148	0.0148	0.0148	0.0148	0.0148	0.0148	0.0148	0.0148	0.0148	0.0148	0.0148	0.0148	0.0148	0.0148	0.0148	0.0148	0.0148	0.0148	0.0148	0.0148	0.0148	0.0148	0.0148	0.0148	0.0148	0.0148	0.0148	0.0148	0.0148	0.0542	0.0148	0.0148	0.0148	0.0148	0.0148	0.0148	0.0148	0.0148	0.0148	0.0148	0.0148	0.0148	0.0148	0.0148	0.0148	0.0148	0.0148	0.0148	0.0148	0.0148	0.0148	0.0148	0.0148	0.0148	0.0148	0.0295	0.0295	0.0295	0.0295	0.0295	0.0295	0.0295	0.0295	0.0295	0.0295	0.0295	0.0295	0.0295	0.0295	0.0295	0.0295	0.0295	0.0295	0.0295	0.0295	0.0295	0.0295	0.0295	0.0295	0.0295	0.0295	0.0295	0.0295	0.0295	0.0295	0.0295	0.0295	0.0295	0.0295	0.0295	0.0295	0.0295	0.0295	0.0295	0.0295	0.0295	0.0295	0.0295	0.0295	0.0295	0.0295	0.0295	0.0295	0.0295
8	0.0224	0.0224	0.0224	0.0224	0.0224	0.0224	0.0224	0.0224	0.0224	0.0224	0.0224	0.0224	0.0224	0.0224	0.0224	0.0224	0.0224	0.0224	0.0224	0.0029	0.0029	0.0029	0.0029	0.0029	0.0029	0.0029	0.0029	0.0029	0.0029	0.0029	0.0029	0.0029	0.0029	0.005	0.0029	0.0029	0.0029	0.0029	0.0029	0.0029	0.0029	0.0029	0.0029	0.0029	0.0029	0.0029	0.0029	0.0029	0.0029	0.0029	0.0029	0.0029	0.0029	0.0029	0.0029	0.0029	0.0029	0.0029	0.0029	0.0029	0.0029	0.0029	0.0029	0.005	0.0029	0.0029	0.005	0.0029	0.0029	0.0029	0.0029	0.0029	0.0029	0.0029	0.0029	0.0029	0.0029	0.0029	0.0029	0.0029	0.0029	0.0029	0.0029	0.0029	0.0029	0.0029	0.0029	0.0029	0.0029	0.0029	0.0029	0.0029	0.0029	0.0029	0.0029	0.0029	0.0029	0.0029	0.0029	0.0029	0.0029	0.0029	0.0029	0.0029	0.005	0.0029	0.0029	0.0029	0.0029	0.0029	0.0029	0.0029	0.0029	0.0029	0.0029	0.0029	0.0029	0.0029	0.0029	0.0029	0.0029	0.0029	0.0029	0.0029	0.0029	0.0029	0.0029	0.0029	0.0029	0.005	0.0029	0.0029	0.0029	0.0029	0.0029	0.0029	0.0029	0.0029	0.0029	0.0029	0.0029	0.0029	0.0029	0.0029	0.0029	0.0029	0.0029	0.0029	0.0029	0.0029	0.0029	0.0029	0.0029	0.0029	0.0029	0.0029	0.0029	0.0029	0.0029	0.0029	0.0029	0.0029	0.0029	0.0029	0.0029	0.0029	0.0029	0.0029	0.0029	0.005	0.0029	0.0029	0.0029	0.0029	0.0029	0.0029	0.0029	0.0029	0.0029	0.0029	0.0029	0.0029	0.0029	0.0029	0.0029	0.0029	0.0029	0.0029	0.0029	0.0029	0.0029	0.0029	0.0029	0.0029	0.0029	0.0029	0.0029	0.0029	0.0029	0.0029	0.0029	0.0029	0.0029	0.0029	0.0029	0.0029	0.0029	0.0029	0.0029	0.0029	0.0029	0.0029	0.0029	0.0029	0.0029	0.0029	0.0029	0.0029	0.0029	0.0029	0.0029	0.0029	0.0029	0.0029	0.0029	0.005	0.0029	0.0029	0.0029	0.0029	0.0029	0.0029	0.0029	0.0029	0.0029	0.0029	0.0029	0.0029	0.0029	0.0029	0.0029	0.0029	0.0029	0.0029	0.0029	0.0029	0.0029	0.0029	0.0029	0.0029	0.0029	0.0057	0.0057	0.0057	0.0057	0.0057	0.0057	0.0057	0.0057	0.0057	0.0057	0.0057	0.0057	0.0057	0.0057	0.0057	0.0057	0.0057	0.0057	0.0057	0.0057	0.0057	0.0057	0.0057	0.0057	0.0057	0.0057	0.0057	0.0057	0.0057	0.0057	0.0057	0.0057	0.0057	0.0057	0.0057	0.0057	0.0057	0.0057	0.0057	0.0057	0.0057	0.0057	0.0057	0.0057	0.0057	0.0057	0.0057	0.0057	0.0057
9	0.0199	0.0199	0.0199	0.0199	0.0199	0.0199	0.0199	0.0199	0.0199	0.0199	0.0199	0.0199	0.0199	0.0199	0.0199	0.0199	0.0199	0.0199	0.0199	0.0058	0.0058	0.0058	0.0058	0.0058	0.0058	0.0058	0.0058	0.0058	0.0058	0.0058	0.0058	0.0058	0.0058	0.0109	0.0058	0.0058	0.0058	0.0058	0.0058	0.0058	0.0058	0.0058	0.0058	0.0058	0.0058	0.0058	0.0058	0.0058	0.0058	0.0058	0.0058	0.0058	0.0058	0.0058	0.0058	0.0058	0.0058	0.0058	0.0058	0.0058	0.0058	0.0058	0.0058	0.0109	0.0058	0.0058	0.0109	0.0058	0.0058	0.0058	0.0058	0.0058	0.0058	0.0058	0.0058	0.0058	0.0058	0.0058	0.0058	0.0058	0.0058	0.0058	0.0058	0.0058	0.0058	0.0058	0.0058	0.0058	0.0058	0.0058	0.0058	0.0058	0.0058	0.0058	0.0058	0.0058	0.0058	0.0058	0.0058	0.0058	0.0058	0.0058	0.0058	0.0058	0.0109	0.0058	0.0058	0.0058	0.0058	0.0058	0.0058	0.0058	0.0058	0.0058	0.0058	0.0058	0.0058	0.0058	0.0058	0.0058	0.0058	0.0058	0.0058	0.0058	0.0058	0.0058	0.0058	0.0058	0.0058	0.0109	0.0058	0.0058	0.0058	0.0058	0.0058	0.0058	0.0058	0.0058	0.0058	0.0058	0.0058	0.0058	0.0058	0.0058	0.0058	0.0058	0.0058	0.0058	0.0058	0.0058	0.0058	0.0058	0.0058	0.0058	0.0058	0.0058	0.0058	0.0058	0.0058	0.0058	0.0058	0.0058	0.0058	0.0058	0.0058	0.0058	0.0058	0.0058	0.0058	0.0109	0.0058	0.0058	0.0058	0.0058	0.0058	0.0058	0.0058	0.0058	0.0058	0.0058	0.0058	0.0058	0.0058	0.0058	0.0058	0.0058	0.0058	0.0058	0.0058	0.0058	0.0058	0.0058	0.0058	0.0058	0.0058	0.0058	0.0058	0.0058	0.0058	0.0058	0.0058	0.0058	0.0058	0.0058	0.0058	0.0058	0.0058	0.0058	0.0058	0.0058	0.0058	0.0058	0.0058	0.0058	0.0058	0.0058	0.0058	0.0058	0.0058	0.0058	0.0058	0.0058	0.0058	0.0058	0.0058	0.0109	0.0058	0.0058	0.0058	0.0058	0.0058	0.0058	0.0058	0.0058	0.0058	0.0058	0.0058	0.0058	0.0058	0.0058	0.0058	0.0058	0.0058	0.0058	0.0058	0.0058	0.0058	0.0058	0.0058	0.0058	0.0058	0.0071	0.0071	0.0071	0.0071	0.0071	0.0071	0.0071	0.0071	0.0071	0.0071	0.0071	0.0071	0.0071	0.0071	0.0071	0.0071	0.0071	0.0071	0.0071	0.0071	0.0071	0.0071	0.0071	0.0071	0.0071	0.0071	0.0071	0.0071	0.0071	0.0071	0.0071	0.0071	0.0071	0.0071	0.0071	0.0071	0.0071	0.0071	0.0071	0.0071	0.0071	0.0071	0.0071	0.0071	0.0071	0.0071	0.0071	0.0071	0.0071
10	0.1044	0.1044	0.1044	0.1044	0.1044	0.1044	0.1044	0.1044	0.1044	0.1044	0.1044	0.1044	0.1044	0.1044	0.1044	0.1044	0.1044	0.1044	0.1044	0.0083	0.0083	0.0083	0.0083	0.0083	0.0083	0.0083	0.0083	0.0083	0.0083	0.0083	0.0083	0.0083	0.0083	0.0045	0.0083	0.0083	0.0083	0.0083	0.0083	0.0083	0.0083	0.0083	0.0083	0.0083	0.0083	0.0083	0.0083	0.0083	0.0083	0.0083	0.0083	0.0083	0.0083	0.0083	0.0083	0.0083	0.0083	0.0083	0.0083	0.0083	0.0083	0.0083	0.0083	0.0045	0.0083	0.0083	0.0045	0.0083	0.0083	0.0083	0.0083	0.0083	0.0083	0.0083	0.0083	0.0083	0.0083	0.0083	0.0083	0.0083	0.0083	0.0083	0.0083	0.0083	0.0083	0.0083	0.0083	0.0083	0.0083	0.0083	0.0083	0.0083	0.0083	0.0083	0.0083	0.0083	0.0083	0.0083	0.0083	0.0083	0.0083	0.0083	0.0083	0.0083	0.0045	0.0083	0.0083	0.0083	0.0083	0.0083	0.0083	0.0083	0.0083	0.0083	0.0083	0.0083	0.0083	0.0083	0.0083	0.0083	0.0083	0.0083	0.0083	0.0083	0.0083	0.0083	0.0083	0.0083	0.0083	0.0045	0.0083	0.0083	0.0083	0.0083	0.0083	0.0083	0.0083	0.0083	0.0083	0.0083	0.0083	0.0083	0.0083	0.0083	0.0083	0.0083	0.0083	0.0083	0.0083	0.0083	0.0083	0.0083	0.0083	0.0083	0.0083	0.0083	0.0083	0.0083	0.0083	0.0083	0.0083	0.0083	0.0083	0.0083	0.0083	0.0083	0.0083	0.0083	0.0083	0.0045	0.0083	0.0083	0.0083	0.0083	0.0083	0.0083	0.0083	0.0083	0.0083	0.0083	0.0083	0.0083	0.0083	0.0083	0.0083	0.0083	0.0083	0.0083	0.0083	0.0083	0.0083	0.0083	0.0083	0.0083	0.0083	0.0083	0.0083	0.0083	0.0083	0.0083	0.0083	0.0083	0.0083	0.0083	0.0083	0.0083	0.0083	0.0083	0.0083	0.0083	0.0083	0.0083	0.0083	0.0083	0.0083	0.0083	0.0083	0.0083	0.0083	0.0083	0.0083	0.0083	0.0083	0.0083	0.0083	0.0045	0.0083	0.0083	0.0083	0.0083	0.0083	0.0083	0.0083	0.0083	0.0083	0.0083	0.0083	0.0083	0.0083	0.0083	0.0083	0.0083	0.0083	0.0083	0.0083	0.0083	0.0083	0.0083	0.0083	0.0083	0.0083	0.0069	0.0069	0.0069	0.0069	0.0069	0.0069	0.0069	0.0069	0.0069	0.0069	0.0069	0.0069	0.0069	0.0069	0.0069	0.0069	0.0069	0.0069	0.0069	0.0069	0.0069	0.0069	0.0069	0.0069	0.0069	0.0069	0.0069	0.0069	0.0069	0.0069	0.0069	0.0069	0.0069	0.0069	0.0069	0.0069	0.0069	0.0069	0.0069	0.0069	0.0069	0.0069	0.0069	0.0069	0.0069	0.0069	0.0069	0.0069	0.0069
11	0.0269	0.0269	0.0269	0.0269	0.0269	0.0269	0.0269	0.0269	0.0269	0.0269	0.0269	0.0269	0.0269	0.0269	0.0269	0.0269	0.0269	0.0269	0.0269	0.0068	0.0068	0.0068	0.0068	0.0068	0.0068	0.0068	0.0068	0.0068	0.0068	0.0068	0.0068	0.0068	0.0068	0.0056	0.0068	0.0068	0.0068	0.0068	0.0068	0.0068	0.0068	0.0068	0.0068	0.0068	0.0068	0.0068	0.0068	0.0068	0.0068	0.0068	0.0068	0.0068	0.0068	0.0068	0.0068	0.0068	0.0068	0.0068	0.0068	0.0068	0.0068	0.0068	0.0068	0.0056	0.0068	0.0068	0.0056	0.0068	0.0068	0.0068	0.0068	0.0068	0.0068	0.0068	0.0068	0.0068	0.0068	0.0068	0.0068	0.0068	0.0068	0.0068	0.0068	0.0068	0.0068	0.0068	0.0068	0.0068	0.0068	0.0068	0.0068	0.0068	0.0068	0.0068	0.0068	0.0068	0.0068	0.0068	0.0068	0.0068	0.0068	0.0068	0.0068	0.0068	0.0056	0.0068	0.0068	0.0068	0.0068	0.0068	0.0068	0.0068	0.0068	0.0068	0.0068	0.0068	0.0068	0.0068	0.0068	0.0068	0.0068	0.0068	0.0068	0.0068	0.0068	0.0068	0.0068	0.0068	0.0068	0.0056	0.0068	0.0068	0.0068	0.0068	0.0068	0.0068	0.0068	0.0068	0.0068	0.0068	0.0068	0.0068	0.0068	0.0068	0.0068	0.0068	0.0068	0.0068	0.0068	0.0068	0.0068	0.0068	0.0068	0.0068	0.0068	0.0068	0.0068	0.0068	0.0068	0.0068	0.0068	0.0068	0.0068	0.0068	0.0068	0.0068	0.0068	0.0068	0.0068	0.0056	0.0068	0.0068	0.0068	0.0068	0.0068	0.0068	0.0068	0.0068	0.0068	0.0068	0.0068	0.0068	0.0068	0.0068	0.0068	0.0068	0.0068	0.0068	0.0068	0.0068	0.0068	0.0068	0.0068	0.0068	0.0068	0.0068	0.0068	0.0068	0.0068	0.0068	0.0068	0.0068	0.0068	0.0068	0.0068	0.0068	0.0068	0.0068	0.0068	0.0068	0.0068	0.0068	0.0068	0.0068	0.0068	0.0068	0.0068	0.0068	0.0068	0.0068	0.0068	0.0068	0.0068	0.0068	0.0068	0.0056	0.0068	0.0068	0.0068	0.0068	0.0068	0.0068	0.0068	0.0068	0.0068	0.0068	0.0068	0.0068	0.0068	0.0068	0.0068	0.0068	0.0068	0.0068	0.0068	0.0068	0.0068	0.0068	0.0068	0.0068	0.0068	0.011	0.011	0.011	0.011	0.011	0.011	0.011	0.011	0.011	0.011	0.011	0.011	0.011	0.011	0.011	0.011	0.011	0.011	0.011	0.011	0.011	0.011	0.011	0.011	0.011	0.011	0.011	0.011	0.011	0.011	0.011	0.011	0.011	0.011	0.011	0.011	0.011	0.011	0.011	0.011	0.011	0.011	0.011	0.011	0.011	0.011	0.011	0.011	0.011
12	0.0185	0.0185	0.0185	0.0185	0.0185	0.0185	0.0185	0.0185	0.0185	0.0185	0.0185	0.0185	0.0185	0.0185	0.0185	0.0185	0.0185	0.0185	0.0185	0.0203	0.0203	0.0203	0.0203	0.0203	0.0203	0.0203	0.0203	0.0203	0.0203	0.0203	0.0203	0.0203	0.0203	0.0282	0.0203	0.0203	0.0203	0.0203	0.0203	0.0203	0.0203	0.0203	0.0203	0.0203	0.0203	0.0203	0.0203	0.0203	0.0203	0.0203	0.0203	0.0203	0.0203	0.0203	0.0203	0.0203	0.0203	0.0203	0.0203	0.0203	0.0203	0.0203	0.0203	0.0282	0.0203	0.0203	0.0282	0.0203	0.0203	0.0203	0.0203	0.0203	0.0203	0.0203	0.0203	0.0203	0.0203	0.0203	0.0203	0.0203	0.0203	0.0203	0.0203	0.0203	0.0203	0.0203	0.0203	0.0203	0.0203	0.0203	0.0203	0.0203	0.0203	0.0203	0.0203	0.0203	0.0203	0.0203	0.0203	0.0203	0.0203	0.0203	0.0203	0.0203	0.0282	0.0203	0.0203	0.0203	0.0203	0.0203	0.0203	0.0203	0.0203	0.0203	0.0203	0.0203	0.0203	0.0203	0.0203	0.0203	0.0203	0.0203	0.0203	0.0203	0.0203	0.0203	0.0203	0.0203	0.0203	0.0282	0.0203	0.0203	0.0203	0.0203	0.0203	0.0203	0.0203	0.0203	0.0203	0.0203	0.0203	0.0203	0.0203	0.0203	0.0203	0.0203	0.0203	0.0203	0.0203	0.0203	0.0203	0.0203	0.0203	0.0203	0.0203	0.0203	0.0203	0.0203	0.0203	0.0203	0.0203	0.0203	0.0203	0.0203	0.0203	0.0203	0.0203	0.0203	0.0203	0.0282	0.0203	0.0203	0.0203	0.0203	0.0203	0.0203	0.0203	0.0203	0.0203	0.0203	0.0203	0.0203	0.0203	0.0203	0.0203	0.0203	0.0203	0.0203	0.0203	0.0203	0.0203	0.0203	0.0203	0.0203	0.0203	0.0203	0.0203	0.0203	0.0203	0.0203	0.0203	0.0203	0.0203	0.0203	0.0203	0.0203	0.0203	0.0203	0.0203	0.0203	0.0203	0.0203	0.0203	0.0203	0.0203	0.0203	0.0203	0.0203	0.0203	0.0203	0.0203	0.0203	0.0203	0.0203	0.0203	0.0282	0.0203	0.0203	0.0203	0.0203	0.0203	0.0203	0.0203	0.0203	0.0203	0.0203	0.0203	0.0203	0.0203	0.0203	0.0203	0.0203	0.0203	0.0203	0.0203	0.0203	0.0203	0.0203	0.0203	0.0203	0.0203	0.01	0.01	0.01	0.01	0.01	0.01	0.01	0.01	0.01	0.01	0.01	0.01	0.01	0.01	0.01	0.01	0.01	0.01	0.01	0.01	0.01	0.01	0.01	0.01	0.01	0.01	0.01	0.01	0.01	0.01	0.01	0.01	0.01	0.01	0.01	0.01	0.01	0.01	0.01	0.01	0.01	0.01	0.01	0.01	0.01	0.01	0.01	0.01	0.01
13	0.0182	0.0182	0.0182	0.0182	0.0182	0.0182	0.0182	0.0182	0.0182	0.0182	0.0182	0.0182	0.0182	0.0182	0.0182	0.0182	0.0182	0.0182	0.0182	0.0142	0.0142	0.0142	0.0142	0.0142	0.0142	0.0142	0.0142	0.0142	0.0142	0.0142	0.0142	0.0142	0.0142	0.0112	0.0142	0.0142	0.0142	0.0142	0.0142	0.0142	0.0142	0.0142	0.0142	0.0142	0.0142	0.0142	0.0142	0.0142	0.0142	0.0142	0.0142	0.0142	0.0142	0.0142	0.0142	0.0142	0.0142	0.0142	0.0142	0.0142	0.0142	0.0142	0.0142	0.0112	0.0142	0.0142	0.0112	0.0142	0.0142	0.0142	0.0142	0.0142	0.0142	0.0142	0.0142	0.0142	0.0142	0.0142	0.0142	0.0142	0.0142	0.0142	0.0142	0.0142	0.0142	0.0142	0.0142	0.0142	0.0142	0.0142	0.0142	0.0142	0.0142	0.0142	0.0142	0.0142	0.0142	0.0142	0.0142	0.0142	0.0142	0.0142	0.0142	0.0142	0.0112	0.0142	0.0142	0.0142	0.0142	0.0142	0.0142	0.0142	0.0142	0.0142	0.0142	0.0142	0.0142	0.0142	0.0142	0.0142	0.0142	0.0142	0.0142	0.0142	0.0142	0.0142	0.0142	0.0142	0.0142	0.0112	0.0142	0.0142	0.0142	0.0142	0.0142	0.0142	0.0142	0.0142	0.0142	0.0142	0.0142	0.0142	0.0142	0.0142	0.0142	0.0142	0.0142	0.0142	0.0142	0.0142	0.0142	0.0142	0.0142	0.0142	0.0142	0.0142	0.0142	0.0142	0.0142	0.0142	0.0142	0.0142	0.0142	0.0142	0.0142	0.0142	0.0142	0.0142	0.0142	0.0112	0.0142	0.0142	0.0142	0.0142	0.0142	0.0142	0.0142	0.0142	0.0142	0.0142	0.0142	0.0142	0.0142	0.0142	0.0142	0.0142	0.0142	0.0142	0.0142	0.0142	0.0142	0.0142	0.0142	0.0142	0.0142	0.0142	0.0142	0.0142	0.0142	0.0142	0.0142	0.0142	0.0142	0.0142	0.0142	0.0142	0.0142	0.0142	0.0142	0.0142	0.0142	0.0142	0.0142	0.0142	0.0142	0.0142	0.0142	0.0142	0.0142	0.0142	0.0142	0.0142	0.0142	0.0142	0.0142	0.0112	0.0142	0.0142	0.0142	0.0142	0.0142	0.0142	0.0142	0.0142	0.0142	0.0142	0.0142	0.0142	0.0142	0.0142	0.0142	0.0142	0.0142	0.0142	0.0142	0.0142	0.0142	0.0142	0.0142	0.0142	0.0142	0.0097	0.0097	0.0097	0.0097	0.0097	0.0097	0.0097	0.0097	0.0097	0.0097	0.0097	0.0097	0.0097	0.0097	0.0097	0.0097	0.0097	0.0097	0.0097	0.0097	0.0097	0.0097	0.0097	0.0097	0.0097	0.0097	0.0097	0.0097	0.0097	0.0097	0.0097	0.0097	0.0097	0.0097	0.0097	0.0097	0.0097	0.0097	0.0097	0.0097	0.0097	0.0097	0.0097	0.0097	0.0097	0.0097	0.0097	0.0097	0.0097
14	0.0132	0.0132	0.0132	0.0132	0.0132	0.0132	0.0132	0.0132	0.0132	0.0132	0.0132	0.0132	0.0132	0.0132	0.0132	0.0132	0.0132	0.0132	0.0132	0.0116	0.0116	0.0116	0.0116	0.0116	0.0116	0.0116	0.0116	0.0116	0.0116	0.0116	0.0116	0.0116	0.0116	0.0097	0.0116	0.0116	0.0116	0.0116	0.0116	0.0116	0.0116	0.0116	0.0116	0.0116	0.0116	0.0116	0.0116	0.0116	0.0116	0.0116	0.0116	0.0116	0.0116	0.0116	0.0116	0.0116	0.0116	0.0116	0.0116	0.0116	0.0116	0.0116	0.0116	0.0097	0.0116	0.0116	0.0097	0.0116	0.0116	0.0116	0.0116	0.0116	0.0116	0.0116	0.0116	0.0116	0.0116	0.0116	0.0116	0.0116	0.0116	0.0116	0.0116	0.0116	0.0116	0.0116	0.0116	0.0116	0.0116	0.0116	0.0116	0.0116	0.0116	0.0116	0.0116	0.0116	0.0116	0.0116	0.0116	0.0116	0.0116	0.0116	0.0116	0.0116	0.0097	0.0116	0.0116	0.0116	0.0116	0.0116	0.0116	0.0116	0.0116	0.0116	0.0116	0.0116	0.0116	0.0116	0.0116	0.0116	0.0116	0.0116	0.0116	0.0116	0.0116	0.0116	0.0116	0.0116	0.0116	0.0097	0.0116	0.0116	0.0116	0.0116	0.0116	0.0116	0.0116	0.0116	0.0116	0.0116	0.0116	0.0116	0.0116	0.0116	0.0116	0.0116	0.0116	0.0116	0.0116	0.0116	0.0116	0.0116	0.0116	0.0116	0.0116	0.0116	0.0116	0.0116	0.0116	0.0116	0.0116	0.0116	0.0116	0.0116	0.0116	0.0116	0.0116	0.0116	0.0116	0.0097	0.0116	0.0116	0.0116	0.0116	0.0116	0.0116	0.0116	0.0116	0.0116	0.0116	0.0116	0.0116	0.0116	0.0116	0.0116	0.0116	0.0116	0.0116	0.0116	0.0116	0.0116	0.0116	0.0116	0.0116	0.0116	0.0116	0.0116	0.0116	0.0116	0.0116	0.0116	0.0116	0.0116	0.0116	0.0116	0.0116	0.0116	0.0116	0.0116	0.0116	0.0116	0.0116	0.0116	0.0116	0.0116	0.0116	0.0116	0.0116	0.0116	0.0116	0.0116	0.0116	0.0116	0.0116	0.0116	0.0097	0.0116	0.0116	0.0116	0.0116	0.0116	0.0116	0.0116	0.0116	0.0116	0.0116	0.0116	0.0116	0.0116	0.0116	0.0116	0.0116	0.0116	0.0116	0.0116	0.0116	0.0116	0.0116	0.0116	0.0116	0.0116	0.0087	0.0087	0.0087	0.0087	0.0087	0.0087	0.0087	0.0087	0.0087	0.0087	0.0087	0.0087	0.0087	0.0087	0.0087	0.0087	0.0087	0.0087	0.0087	0.0087	0.0087	0.0087	0.0087	0.0087	0.0087	0.0087	0.0087	0.0087	0.0087	0.0087	0.0087	0.0087	0.0087	0.0087	0.0087	0.0087	0.0087	0.0087	0.0087	0.0087	0.0087	0.0087	0.0087	0.0087	0.0087	0.0087	0.0087	0.0087	0.0087
15	0.0739	0.0739	0.0739	0.0739	0.0739	0.0739	0.0739	0.0739	0.0739	0.0739	0.0739	0.0739	0.0739	0.0739	0.0739	0.0739	0.0739	0.0739	0.0739	0.027	0.027	0.027	0.027	0.027	0.027	0.027	0.027	0.027	0.027	0.027	0.027	0.027	0.027	0.0192	0.027	0.027	0.027	0.027	0.027	0.027	0.027	0.027	0.027	0.027	0.027	0.027	0.027	0.027	0.027	0.027	0.027	0.027	0.027	0.027	0.027	0.027	0.027	0.027	0.027	0.027	0.027	0.027	0.027	0.0192	0.027	0.027	0.0192	0.027	0.027	0.027	0.027	0.027	0.027	0.027	0.027	0.027	0.027	0.027	0.027	0.027	0.027	0.027	0.027	0.027	0.027	0.027	0.027	0.027	0.027	0.027	0.027	0.027	0.027	0.027	0.027	0.027	0.027	0.027	0.027	0.027	0.027	0.027	0.027	0.027	0.0192	0.027	0.027	0.027	0.027	0.027	0.027	0.027	0.027	0.027	0.027	0.027	0.027	0.027	0.027	0.027	0.027	0.027	0.027	0.027	0.027	0.027	0.027	0.027	0.027	0.0192	0.027	0.027	0.027	0.027	0.027	0.027	0.027	0.027	0.027	0.027	0.027	0.027	0.027	0.027	0.027	0.027	0.027	0.027	0.027	0.027	0.027	0.027	0.027	0.027	0.027	0.027	0.027	0.027	0.027	0.027	0.027	0.027	0.027	0.027	0.027	0.027	0.027	0.027	0.027	0.0192	0.027	0.027	0.027	0.027	0.027	0.027	0.027	0.027	0.027	0.027	0.027	0.027	0.027	0.027	0.027	0.027	0.027	0.027	0.027	0.027	0.027	0.027	0.027	0.027	0.027	0.027	0.027	0.027	0.027	0.027	0.027	0.027	0.027	0.027	0.027	0.027	0.027	0.027	0.027	0.027	0.027	0.027	0.027	0.027	0.027	0.027	0.027	0.027	0.027	0.027	0.027	0.027	0.027	0.027	0.027	0.0192	0.027	0.027	0.027	0.027	0.027	0.027	0.027	0.027	0.027	0.027	0.027	0.027	0.027	0.027	0.027	0.027	0.027	0.027	0.027	0.027	0.027	0.027	0.027	0.027	0.027	0.0288	0.0288	0.0288	0.0288	0.0288	0.0288	0.0288	0.0288	0.0288	0.0288	0.0288	0.0288	0.0288	0.0288	0.0288	0.0288	0.0288	0.0288	0.0288	0.0288	0.0288	0.0288	0.0288	0.0288	0.0288	0.0288	0.0288	0.0288	0.0288	0.0288	0.0288	0.0288	0.0288	0.0288	0.0288	0.0288	0.0288	0.0288	0.0288	0.0288	0.0288	0.0288	0.0288	0.0288	0.0288	0.0288	0.0288	0.0288	0.0288
16	0.0248	0.0248	0.0248	0.0248	0.0248	0.0248	0.0248	0.0248	0.0248	0.0248	0.0248	0.0248	0.0248	0.0248	0.0248	0.0248	0.0248	0.0248	0.0248	0.0039	0.0039	0.0039	0.0039	0.0039	0.0039	0.0039	0.0039	0.0039	0.0039	0.0039	0.0039	0.0039	0.0039	0.0091	0.0039	0.0039	0.0039	0.0039	0.0039	0.0039	0.0039	0.0039	0.0039	0.0039	0.0039	0.0039	0.0039	0.0039	0.0039	0.0039	0.0039	0.0039	0.0039	0.0039	0.0039	0.0039	0.0039	0.0039	0.0039	0.0039	0.0039	0.0039	0.0039	0.0091	0.0039	0.0039	0.0091	0.0039	0.0039	0.0039	0.0039	0.0039	0.0039	0.0039	0.0039	0.0039	0.0039	0.0039	0.0039	0.0039	0.0039	0.0039	0.0039	0.0039	0.0039	0.0039	0.0039	0.0039	0.0039	0.0039	0.0039	0.0039	0.0039	0.0039	0.0039	0.0039	0.0039	0.0039	0.0039	0.0039	0.0039	0.0039	0.0039	0.0039	0.0091	0.0039	0.0039	0.0039	0.0039	0.0039	0.0039	0.0039	0.0039	0.0039	0.0039	0.0039	0.0039	0.0039	0.0039	0.0039	0.0039	0.0039	0.0039	0.0039	0.0039	0.0039	0.0039	0.0039	0.0039	0.0091	0.0039	0.0039	0.0039	0.0039	0.0039	0.0039	0.0039	0.0039	0.0039	0.0039	0.0039	0.0039	0.0039	0.0039	0.0039	0.0039	0.0039	0.0039	0.0039	0.0039	0.0039	0.0039	0.0039	0.0039	0.0039	0.0039	0.0039	0.0039	0.0039	0.0039	0.0039	0.0039	0.0039	0.0039	0.0039	0.0039	0.0039	0.0039	0.0039	0.0091	0.0039	0.0039	0.0039	0.0039	0.0039	0.0039	0.0039	0.0039	0.0039	0.0039	0.0039	0.0039	0.0039	0.0039	0.0039	0.0039	0.0039	0.0039	0.0039	0.0039	0.0039	0.0039	0.0039	0.0039	0.0039	0.0039	0.0039	0.0039	0.0039	0.0039	0.0039	0.0039	0.0039	0.0039	0.0039	0.0039	0.0039	0.0039	0.0039	0.0039	0.0039	0.0039	0.0039	0.0039	0.0039	0.0039	0.0039	0.0039	0.0039	0.0039	0.0039	0.0039	0.0039	0.0039	0.0039	0.0091	0.0039	0.0039	0.0039	0.0039	0.0039	0.0039	0.0039	0.0039	0.0039	0.0039	0.0039	0.0039	0.0039	0.0039	0.0039	0.0039	0.0039	0.0039	0.0039	0.0039	0.0039	0.0039	0.0039	0.0039	0.0039	0.0088	0.0088	0.0088	0.0088	0.0088	0.0088	0.0088	0.0088	0.0088	0.0088	0.0088	0.0088	0.0088	0.0088	0.0088	0.0088	0.0088	0.0088	0.0088	0.0088	0.0088	0.0088	0.0088	0.0088	0.0088	0.0088	0.0088	0.0088	0.0088	0.0088	0.0088	0.0088	0.0088	0.0088	0.0088	0.0088	0.0088	0.0088	0.0088	0.0088	0.0088	0.0088	0.0088	0.0088	0.0088	0.0088	0.0088	0.0088	0.0088
17	0.0148	0.0148	0.0148	0.0148	0.0148	0.0148	0.0148	0.0148	0.0148	0.0148	0.0148	0.0148	0.0148	0.0148	0.0148	0.0148	0.0148	0.0148	0.0148	0.0139	0.0139	0.0139	0.0139	0.0139	0.0139	0.0139	0.0139	0.0139	0.0139	0.0139	0.0139	0.0139	0.0139	0.0143	0.0139	0.0139	0.0139	0.0139	0.0139	0.0139	0.0139	0.0139	0.0139	0.0139	0.0139	0.0139	0.0139	0.0139	0.0139	0.0139	0.0139	0.0139	0.0139	0.0139	0.0139	0.0139	0.0139	0.0139	0.0139	0.0139	0.0139	0.0139	0.0139	0.0143	0.0139	0.0139	0.0143	0.0139	0.0139	0.0139	0.0139	0.0139	0.0139	0.0139	0.0139	0.0139	0.0139	0.0139	0.0139	0.0139	0.0139	0.0139	0.0139	0.0139	0.0139	0.0139	0.0139	0.0139	0.0139	0.0139	0.0139	0.0139	0.0139	0.0139	0.0139	0.0139	0.0139	0.0139	0.0139	0.0139	0.0139	0.0139	0.0139	0.0139	0.0143	0.0139	0.0139	0.0139	0.0139	0.0139	0.0139	0.0139	0.0139	0.0139	0.0139	0.0139	0.0139	0.0139	0.0139	0.0139	0.0139	0.0139	0.0139	0.0139	0.0139	0.0139	0.0139	0.0139	0.0139	0.0143	0.0139	0.0139	0.0139	0.0139	0.0139	0.0139	0.0139	0.0139	0.0139	0.0139	0.0139	0.0139	0.0139	0.0139	0.0139	0.0139	0.0139	0.0139	0.0139	0.0139	0.0139	0.0139	0.0139	0.0139	0.0139	0.0139	0.0139	0.0139	0.0139	0.0139	0.0139	0.0139	0.0139	0.0139	0.0139	0.0139	0.0139	0.0139	0.0139	0.0143	0.0139	0.0139	0.0139	0.0139	0.0139	0.0139	0.0139	0.0139	0.0139	0.0139	0.0139	0.0139	0.0139	0.0139	0.0139	0.0139	0.0139	0.0139	0.0139	0.0139	0.0139	0.0139	0.0139	0.0139	0.0139	0.0139	0.0139	0.0139	0.0139	0.0139	0.0139	0.0139	0.0139	0.0139	0.0139	0.0139	0.0139	0.0139	0.0139	0.0139	0.0139	0.0139	0.0139	0.0139	0.0139	0.0139	0.0139	0.0139	0.0139	0.0139	0.0139	0.0139	0.0139	0.0139	0.0139	0.0143	0.0139	0.0139	0.0139	0.0139	0.0139	0.0139	0.0139	0.0139	0.0139	0.0139	0.0139	0.0139	0.0139	0.0139	0.0139	0.0139	0.0139	0.0139	0.0139	0.0139	0.0139	0.0139	0.0139	0.0139	0.0139	0.0101	0.0101	0.0101	0.0101	0.0101	0.0101	0.0101	0.0101	0.0101	0.0101	0.0101	0.0101	0.0101	0.0101	0.0101	0.0101	0.0101	0.0101	0.0101	0.0101	0.0101	0.0101	0.0101	0.0101	0.0101	0.0101	0.0101	0.0101	0.0101	0.0101	0.0101	0.0101	0.0101	0.0101	0.0101	0.0101	0.0101	0.0101	0.0101	0.0101	0.0101	0.0101	0.0101	0.0101	0.0101	0.0101	0.0101	0.0101	0.0101
18	0.0231	0.0231	0.0231	0.0231	0.0231	0.0231	0.0231	0.0231	0.0231	0.0231	0.0231	0.0231	0.0231	0.0231	0.0231	0.0231	0.0231	0.0231	0.0231	0.0112	0.0112	0.0112	0.0112	0.0112	0.0112	0.0112	0.0112	0.0112	0.0112	0.0112	0.0112	0.0112	0.0112	0.0114	0.0112	0.0112	0.0112	0.0112	0.0112	0.0112	0.0112	0.0112	0.0112	0.0112	0.0112	0.0112	0.0112	0.0112	0.0112	0.0112	0.0112	0.0112	0.0112	0.0112	0.0112	0.0112	0.0112	0.0112	0.0112	0.0112	0.0112	0.0112	0.0112	0.0114	0.0112	0.0112	0.0114	0.0112	0.0112	0.0112	0.0112	0.0112	0.0112	0.0112	0.0112	0.0112	0.0112	0.0112	0.0112	0.0112	0.0112	0.0112	0.0112	0.0112	0.0112	0.0112	0.0112	0.0112	0.0112	0.0112	0.0112	0.0112	0.0112	0.0112	0.0112	0.0112	0.0112	0.0112	0.0112	0.0112	0.0112	0.0112	0.0112	0.0112	0.0114	0.0112	0.0112	0.0112	0.0112	0.0112	0.0112	0.0112	0.0112	0.0112	0.0112	0.0112	0.0112	0.0112	0.0112	0.0112	0.0112	0.0112	0.0112	0.0112	0.0112	0.0112	0.0112	0.0112	0.0112	0.0114	0.0112	0.0112	0.0112	0.0112	0.0112	0.0112	0.0112	0.0112	0.0112	0.0112	0.0112	0.0112	0.0112	0.0112	0.0112	0.0112	0.0112	0.0112	0.0112	0.0112	0.0112	0.0112	0.0112	0.0112	0.0112	0.0112	0.0112	0.0112	0.0112	0.0112	0.0112	0.0112	0.0112	0.0112	0.0112	0.0112	0.0112	0.0112	0.0112	0.0114	0.0112	0.0112	0.0112	0.0112	0.0112	0.0112	0.0112	0.0112	0.0112	0.0112	0.0112	0.0112	0.0112	0.0112	0.0112	0.0112	0.0112	0.0112	0.0112	0.0112	0.0112	0.0112	0.0112	0.0112	0.0112	0.0112	0.0112	0.0112	0.0112	0.0112	0.0112	0.0112	0.0112	0.0112	0.0112	0.0112	0.0112	0.0112	0.0112	0.0112	0.0112	0.0112	0.0112	0.0112	0.0112	0.0112	0.0112	0.0112	0.0112	0.0112	0.0112	0.0112	0.0112	0.0112	0.0112	0.0114	0.0112	0.0112	0.0112	0.0112	0.0112	0.0112	0.0112	0.0112	0.0112	0.0112	0.0112	0.0112	0.0112	0.0112	0.0112	0.0112	0.0112	0.0112	0.0112	0.0112	0.0112	0.0112	0.0112	0.0112	0.0112	0.0079	0.0079	0.0079	0.0079	0.0079	0.0079	0.0079	0.0079	0.0079	0.0079	0.0079	0.0079	0.0079	0.0079	0.0079	0.0079	0.0079	0.0079	0.0079	0.0079	0.0079	0.0079	0.0079	0.0079	0.0079	0.0079	0.0079	0.0079	0.0079	0.0079	0.0079	0.0079	0.0079	0.0079	0.0079	0.0079	0.0079	0.0079	0.0079	0.0079	0.0079	0.0079	0.0079	0.0079	0.0079	0.0079	0.0079	0.0079	0.0079
19	0.0222	0.0222	0.0222	0.0222	0.0222	0.0222	0.0222	0.0222	0.0222	0.0222	0.0222	0.0222	0.0222	0.0222	0.0222	0.0222	0.0222	0.0222	0.0222	0.0066	0.0066	0.0066	0.0066	0.0066	0.0066	0.0066	0.0066	0.0066	0.0066	0.0066	0.0066	0.0066	0.0066	0.0071	0.0066	0.0066	0.0066	0.0066	0.0066	0.0066	0.0066	0.0066	0.0066	0.0066	0.0066	0.0066	0.0066	0.0066	0.0066	0.0066	0.0066	0.0066	0.0066	0.0066	0.0066	0.0066	0.0066	0.0066	0.0066	0.0066	0.0066	0.0066	0.0066	0.0071	0.0066	0.0066	0.0071	0.0066	0.0066	0.0066	0.0066	0.0066	0.0066	0.0066	0.0066	0.0066	0.0066	0.0066	0.0066	0.0066	0.0066	0.0066	0.0066	0.0066	0.0066	0.0066	0.0066	0.0066	0.0066	0.0066	0.0066	0.0066	0.0066	0.0066	0.0066	0.0066	0.0066	0.0066	0.0066	0.0066	0.0066	0.0066	0.0066	0.0066	0.0071	0.0066	0.0066	0.0066	0.0066	0.0066	0.0066	0.0066	0.0066	0.0066	0.0066	0.0066	0.0066	0.0066	0.0066	0.0066	0.0066	0.0066	0.0066	0.0066	0.0066	0.0066	0.0066	0.0066	0.0066	0.0071	0.0066	0.0066	0.0066	0.0066	0.0066	0.0066	0.0066	0.0066	0.0066	0.0066	0.0066	0.0066	0.0066	0.0066	0.0066	0.0066	0.0066	0.0066	0.0066	0.0066	0.0066	0.0066	0.0066	0.0066	0.0066	0.0066	0.0066	0.0066	0.0066	0.0066	0.0066	0.0066	0.0066	0.0066	0.0066	0.0066	0.0066	0.0066	0.0066	0.0071	0.0066	0.0066	0.0066	0.0066	0.0066	0.0066	0.0066	0.0066	0.0066	0.0066	0.0066	0.0066	0.0066	0.0066	0.0066	0.0066	0.0066	0.0066	0.0066	0.0066	0.0066	0.0066	0.0066	0.0066	0.0066	0.0066	0.0066	0.0066	0.0066	0.0066	0.0066	0.0066	0.0066	0.0066	0.0066	0.0066	0.0066	0.0066	0.0066	0.0066	0.0066	0.0066	0.0066	0.0066	0.0066	0.0066	0.0066	0.0066	0.0066	0.0066	0.0066	0.0066	0.0066	0.0066	0.0066	0.0071	0.0066	0.0066	0.0066	0.0066	0.0066	0.0066	0.0066	0.0066	0.0066	0.0066	0.0066	0.0066	0.0066	0.0066	0.0066	0.0066	0.0066	0.0066	0.0066	0.0066	0.0066	0.0066	0.0066	0.0066	0.0066	0.0088	0.0088	0.0088	0.0088	0.0088	0.0088	0.0088	0.0088	0.0088	0.0088	0.0088	0.0088	0.0088	0.0088	0.0088	0.0088	0.0088	0.0088	0.0088	0.0088	0.0088	0.0088	0.0088	0.0088	0.0088	0.0088	0.0088	0.0088	0.0088	0.0088	0.0088	0.0088	0.0088	0.0088	0.0088	0.0088	0.0088	0.0088	0.0088	0.0088	0.0088	0.0088	0.0088	0.0088	0.0088	0.0088	0.0088	0.0088	0.0088
20	0.0251	0.0251	0.0251	0.0251	0.0251	0.0251	0.0251	0.0251	0.0251	0.0251	0.0251	0.0251	0.0251	0.0251	0.0251	0.0251	0.0251	0.0251	0.0251	0.0115	0.0115	0.0115	0.0115	0.0115	0.0115	0.0115	0.0115	0.0115	0.0115	0.0115	0.0115	0.0115	0.0115	0.0111	0.0115	0.0115	0.0115	0.0115	0.0115	0.0115	0.0115	0.0115	0.0115	0.0115	0.0115	0.0115	0.0115	0.0115	0.0115	0.0115	0.0115	0.0115	0.0115	0.0115	0.0115	0.0115	0.0115	0.0115	0.0115	0.0115	0.0115	0.0115	0.0115	0.0111	0.0115	0.0115	0.0111	0.0115	0.0115	0.0115	0.0115	0.0115	0.0115	0.0115	0.0115	0.0115	0.0115	0.0115	0.0115	0.0115	0.0115	0.0115	0.0115	0.0115	0.0115	0.0115	0.0115	0.0115	0.0115	0.0115	0.0115	0.0115	0.0115	0.0115	0.0115	0.0115	0.0115	0.0115	0.0115	0.0115	0.0115	0.0115	0.0115	0.0115	0.0111	0.0115	0.0115	0.0115	0.0115	0.0115	0.0115	0.0115	0.0115	0.0115	0.0115	0.0115	0.0115	0.0115	0.0115	0.0115	0.0115	0.0115	0.0115	0.0115	0.0115	0.0115	0.0115	0.0115	0.0115	0.0111	0.0115	0.0115	0.0115	0.0115	0.0115	0.0115	0.0115	0.0115	0.0115	0.0115	0.0115	0.0115	0.0115	0.0115	0.0115	0.0115	0.0115	0.0115	0.0115	0.0115	0.0115	0.0115	0.0115	0.0115	0.0115	0.0115	0.0115	0.0115	0.0115	0.0115	0.0115	0.0115	0.0115	0.0115	0.0115	0.0115	0.0115	0.0115	0.0115	0.0111	0.0115	0.0115	0.0115	0.0115	0.0115	0.0115	0.0115	0.0115	0.0115	0.0115	0.0115	0.0115	0.0115	0.0115	0.0115	0.0115	0.0115	0.0115	0.0115	0.0115	0.0115	0.0115	0.0115	0.0115	0.0115	0.0115	0.0115	0.0115	0.0115	0.0115	0.0115	0.0115	0.0115	0.0115	0.0115	0.0115	0.0115	0.0115	0.0115	0.0115	0.0115	0.0115	0.0115	0.0115	0.0115	0.0115	0.0115	0.0115	0.0115	0.0115	0.0115	0.0115	0.0115	0.0115	0.0115	0.0111	0.0115	0.0115	0.0115	0.0115	0.0115	0.0115	0.0115	0.0115	0.0115	0.0115	0.0115	0.0115	0.0115	0.0115	0.0115	0.0115	0.0115	0.0115	0.0115	0.0115	0.0115	0.0115	0.0115	0.0115	0.0115	0.0308	0.0308	0.0308	0.0308	0.0308	0.0308	0.0308	0.0308	0.0308	0.0308	0.0308	0.0308	0.0308	0.0308	0.0308	0.0308	0.0308	0.0308	0.0308	0.0308	0.0308	0.0308	0.0308	0.0308	0.0308	0.0308	0.0308	0.0308	0.0308	0.0308	0.0308	0.0308	0.0308	0.0308	0.0308	0.0308	0.0308	0.0308	0.0308	0.0308	0.0308	0.0308	0.0308	0.0308	0.0308	0.0308	0.0308	0.0308	0.0308
21	0.0188	0.0188	0.0188	0.0188	0.0188	0.0188	0.0188	0.0188	0.0188	0.0188	0.0188	0.0188	0.0188	0.0188	0.0188	0.0188	0.0188	0.0188	0.0188	0.0145	0.0145	0.0145	0.0145	0.0145	0.0145	0.0145	0.0145	0.0145	0.0145	0.0145	0.0145	0.0145	0.0145	0.012	0.0145	0.0145	0.0145	0.0145	0.0145	0.0145	0.0145	0.0145	0.0145	0.0145	0.0145	0.0145	0.0145	0.0145	0.0145	0.0145	0.0145	0.0145	0.0145	0.0145	0.0145	0.0145	0.0145	0.0145	0.0145	0.0145	0.0145	0.0145	0.0145	0.012	0.0145	0.0145	0.012	0.0145	0.0145	0.0145	0.0145	0.0145	0.0145	0.0145	0.0145	0.0145	0.0145	0.0145	0.0145	0.0145	0.0145	0.0145	0.0145	0.0145	0.0145	0.0145	0.0145	0.0145	0.0145	0.0145	0.0145	0.0145	0.0145	0.0145	0.0145	0.0145	0.0145	0.0145	0.0145	0.0145	0.0145	0.0145	0.0145	0.0145	0.012	0.0145	0.0145	0.0145	0.0145	0.0145	0.0145	0.0145	0.0145	0.0145	0.0145	0.0145	0.0145	0.0145	0.0145	0.0145	0.0145	0.0145	0.0145	0.0145	0.0145	0.0145	0.0145	0.0145	0.0145	0.012	0.0145	0.0145	0.0145	0.0145	0.0145	0.0145	0.0145	0.0145	0.0145	0.0145	0.0145	0.0145	0.0145	0.0145	0.0145	0.0145	0.0145	0.0145	0.0145	0.0145	0.0145	0.0145	0.0145	0.0145	0.0145	0.0145	0.0145	0.0145	0.0145	0.0145	0.0145	0.0145	0.0145	0.0145	0.0145	0.0145	0.0145	0.0145	0.0145	0.012	0.0145	0.0145	0.0145	0.0145	0.0145	0.0145	0.0145	0.0145	0.0145	0.0145	0.0145	0.0145	0.0145	0.0145	0.0145	0.0145	0.0145	0.0145	0.0145	0.0145	0.0145	0.0145	0.0145	0.0145	0.0145	0.0145	0.0145	0.0145	0.0145	0.0145	0.0145	0.0145	0.0145	0.0145	0.0145	0.0145	0.0145	0.0145	0.0145	0.0145	0.0145	0.0145	0.0145	0.0145	0.0145	0.0145	0.0145	0.0145	0.0145	0.0145	0.0145	0.0145	0.0145	0.0145	0.0145	0.012	0.0145	0.0145	0.0145	0.0145	0.0145	0.0145	0.0145	0.0145	0.0145	0.0145	0.0145	0.0145	0.0145	0.0145	0.0145	0.0145	0.0145	0.0145	0.0145	0.0145	0.0145	0.0145	0.0145	0.0145	0.0145	0.0323	0.0323	0.0323	0.0323	0.0323	0.0323	0.0323	0.0323	0.0323	0.0323	0.0323	0.0323	0.0323	0.0323	0.0323	0.0323	0.0323	0.0323	0.0323	0.0323	0.0323	0.0323	0.0323	0.0323	0.0323	0.0323	0.0323	0.0323	0.0323	0.0323	0.0323	0.0323	0.0323	0.0323	0.0323	0.0323	0.0323	0.0323	0.0323	0.0323	0.0323	0.0323	0.0323	0.0323	0.0323	0.0323	0.0323	0.0323	0.0323
22	0.0214	0.0214	0.0214	0.0214	0.0214	0.0214	0.0214	0.0214	0.0214	0.0214	0.0214	0.0214	0.0214	0.0214	0.0214	0.0214	0.0214	0.0214	0.0214	0.0112	0.0112	0.0112	0.0112	0.0112	0.0112	0.0112	0.0112	0.0112	0.0112	0.0112	0.0112	0.0112	0.0112	0.0117	0.0112	0.0112	0.0112	0.0112	0.0112	0.0112	0.0112	0.0112	0.0112	0.0112	0.0112	0.0112	0.0112	0.0112	0.0112	0.0112	0.0112	0.0112	0.0112	0.0112	0.0112	0.0112	0.0112	0.0112	0.0112	0.0112	0.0112	0.0112	0.0112	0.0117	0.0112	0.0112	0.0117	0.0112	0.0112	0.0112	0.0112	0.0112	0.0112	0.0112	0.0112	0.0112	0.0112	0.0112	0.0112	0.0112	0.0112	0.0112	0.0112	0.0112	0.0112	0.0112	0.0112	0.0112	0.0112	0.0112	0.0112	0.0112	0.0112	0.0112	0.0112	0.0112	0.0112	0.0112	0.0112	0.0112	0.0112	0.0112	0.0112	0.0112	0.0117	0.0112	0.0112	0.0112	0.0112	0.0112	0.0112	0.0112	0.0112	0.0112	0.0112	0.0112	0.0112	0.0112	0.0112	0.0112	0.0112	0.0112	0.0112	0.0112	0.0112	0.0112	0.0112	0.0112	0.0112	0.0117	0.0112	0.0112	0.0112	0.0112	0.0112	0.0112	0.0112	0.0112	0.0112	0.0112	0.0112	0.0112	0.0112	0.0112	0.0112	0.0112	0.0112	0.0112	0.0112	0.0112	0.0112	0.0112	0.0112	0.0112	0.0112	0.0112	0.0112	0.0112	0.0112	0.0112	0.0112	0.0112	0.0112	0.0112	0.0112	0.0112	0.0112	0.0112	0.0112	0.0117	0.0112	0.0112	0.0112	0.0112	0.0112	0.0112	0.0112	0.0112	0.0112	0.0112	0.0112	0.0112	0.0112	0.0112	0.0112	0.0112	0.0112	0.0112	0.0112	0.0112	0.0112	0.0112	0.0112	0.0112	0.0112	0.0112	0.0112	0.0112	0.0112	0.0112	0.0112	0.0112	0.0112	0.0112	0.0112	0.0112	0.0112	0.0112	0.0112	0.0112	0.0112	0.0112	0.0112	0.0112	0.0112	0.0112	0.0112	0.0112	0.0112	0.0112	0.0112	0.0112	0.0112	0.0112	0.0112	0.0117	0.0112	0.0112	0.0112	0.0112	0.0112	0.0112	0.0112	0.0112	0.0112	0.0112	0.0112	0.0112	0.0112	0.0112	0.0112	0.0112	0.0112	0.0112	0.0112	0.0112	0.0112	0.0112	0.0112	0.0112	0.0112	0.0071	0.0071	0.0071	0.0071	0.0071	0.0071	0.0071	0.0071	0.0071	0.0071	0.0071	0.0071	0.0071	0.0071	0.0071	0.0071	0.0071	0.0071	0.0071	0.0071	0.0071	0.0071	0.0071	0.0071	0.0071	0.0071	0.0071	0.0071	0.0071	0.0071	0.0071	0.0071	0.0071	0.0071	0.0071	0.0071	0.0071	0.0071	0.0071	0.0071	0.0071	0.0071	0.0071	0.0071	0.0071	0.0071	0.0071	0.0071	0.0071
23	0.023	0.023	0.023	0.023	0.023	0.023	0.023	0.023	0.023	0.023	0.023	0.023	0.023	0.023	0.023	0.023	0.023	0.023	0.023	0.0191	0.0191	0.0191	0.0191	0.0191	0.0191	0.0191	0.0191	0.0191	0.0191	0.0191	0.0191	0.0191	0.0191	0.0118	0.0191	0.0191	0.0191	0.0191	0.0191	0.0191	0.0191	0.0191	0.0191	0.0191	0.0191	0.0191	0.0191	0.0191	0.0191	0.0191	0.0191	0.0191	0.0191	0.0191	0.0191	0.0191	0.0191	0.0191	0.0191	0.0191	0.0191	0.0191	0.0191	0.0118	0.0191	0.0191	0.0118	0.0191	0.0191	0.0191	0.0191	0.0191	0.0191	0.0191	0.0191	0.0191	0.0191	0.0191	0.0191	0.0191	0.0191	0.0191	0.0191	0.0191	0.0191	0.0191	0.0191	0.0191	0.0191	0.0191	0.0191	0.0191	0.0191	0.0191	0.0191	0.0191	0.0191	0.0191	0.0191	0.0191	0.0191	0.0191	0.0191	0.0191	0.0118	0.0191	0.0191	0.0191	0.0191	0.0191	0.0191	0.0191	0.0191	0.0191	0.0191	0.0191	0.0191	0.0191	0.0191	0.0191	0.0191	0.0191	0.0191	0.0191	0.0191	0.0191	0.0191	0.0191	0.0191	0.0118	0.0191	0.0191	0.0191	0.0191	0.0191	0.0191	0.0191	0.0191	0.0191	0.0191	0.0191	0.0191	0.0191	0.0191	0.0191	0.0191	0.0191	0.0191	0.0191	0.0191	0.0191	0.0191	0.0191	0.0191	0.0191	0.0191	0.0191	0.0191	0.0191	0.0191	0.0191	0.0191	0.0191	0.0191	0.0191	0.0191	0.0191	0.0191	0.0191	0.0118	0.0191	0.0191	0.0191	0.0191	0.0191	0.0191	0.0191	0.0191	0.0191	0.0191	0.0191	0.0191	0.0191	0.0191	0.0191	0.0191	0.0191	0.0191	0.0191	0.0191	0.0191	0.0191	0.0191	0.0191	0.0191	0.0191	0.0191	0.0191	0.0191	0.0191	0.0191	0.0191	0.0191	0.0191	0.0191	0.0191	0.0191	0.0191	0.0191	0.0191	0.0191	0.0191	0.0191	0.0191	0.0191	0.0191	0.0191	0.0191	0.0191	0.0191	0.0191	0.0191	0.0191	0.0191	0.0191	0.0118	0.0191	0.0191	0.0191	0.0191	0.0191	0.0191	0.0191	0.0191	0.0191	0.0191	0.0191	0.0191	0.0191	0.0191	0.0191	0.0191	0.0191	0.0191	0.0191	0.0191	0.0191	0.0191	0.0191	0.0191	0.0191	0.0084	0.0084	0.0084	0.0084	0.0084	0.0084	0.0084	0.0084	0.0084	0.0084	0.0084	0.0084	0.0084	0.0084	0.0084	0.0084	0.0084	0.0084	0.0084	0.0084	0.0084	0.0084	0.0084	0.0084	0.0084	0.0084	0.0084	0.0084	0.0084	0.0084	0.0084	0.0084	0.0084	0.0084	0.0084	0.0084	0.0084	0.0084	0.0084	0.0084	0.0084	0.0084	0.0084	0.0084	0.0084	0.0084	0.0084	0.0084	0.0084
24	0.9488	0.9488	0.9488	0.9488	0.9488	0.9488	0.9488	0.9488	0.9488	0.9488	0.9488	0.9488	0.9488	0.9488	0.9488	0.9488	0.9488	0.9488	0.9488	0.9594	0.9594	0.9594	0.9594	0.9594	0.9594	0.9594	0.9594	0.9594	0.9594	0.9594	0.9594	0.9594	0.9594	0.9448	0.9594	0.9594	0.9594	0.9594	0.9594	0.9594	0.9594	0.9594	0.9594	0.9594	0.9594	0.9594	0.9594	0.9594	0.9594	0.9594	0.9594	0.9594	0.9594	0.9594	0.9594	0.9594	0.9594	0.9594	0.9594	0.9594	0.9594	0.9594	0.9594	0.9448	0.9594	0.9594	0.9448	0.9594	0.9594	0.9594	0.9594	0.9594	0.9594	0.9594	0.9594	0.9594	0.9594	0.9594	0.9594	0.9594	0.9594	0.9594	0.9594	0.9594	0.9594	0.9594	0.9594	0.9594	0.9594	0.9594	0.9594	0.9594	0.9594	0.9594	0.9594	0.9594	0.9594	0.9594	0.9594	0.9594	0.9594	0.9594	0.9594	0.9594	0.9448	0.9594	0.9594	0.9594	0.9594	0.9594	0.9594	0.9594	0.9594	0.9594	0.9594	0.9594	0.9594	0.9594	0.9594	0.9594	0.9594	0.9594	0.9594	0.9594	0.9594	0.9594	0.9594	0.9594	0.9594	0.9448	0.9594	0.9594	0.9594	0.9594	0.9594	0.9594	0.9594	0.9594	0.9594	0.9594	0.9594	0.9594	0.9594	0.9594	0.9594	0.9594	0.9594	0.9594	0.9594	0.9594	0.9594	0.9594	0.9594	0.9594	0.9594	0.9594	0.9594	0.9594	0.9594	0.9594	0.9594	0.9594	0.9594	0.9594	0.9594	0.9594	0.9594	0.9594	0.9594	0.9448	0.9594	0.9594	0.9594	0.9594	0.9594	0.9594	0.9594	0.9594	0.9594	0.9594	0.9594	0.9594	0.9594	0.9594	0.9594	0.9594	0.9594	0.9594	0.9594	0.9594	0.9594	0.9594	0.9594	0.9594	0.9594	0.9594	0.9594	0.9594	0.9594	0.9594	0.9594	0.9594	0.9594	0.9594	0.9594	0.9594	0.9594	0.9594	0.9594	0.9594	0.9594	0.9594	0.9594	0.9594	0.9594	0.9594	0.9594	0.9594	0.9594	0.9594	0.9594	0.9594	0.9594	0.9594	0.9594	0.9448	0.9594	0.9594	0.9594	0.9594	0.9594	0.9594	0.9594	0.9594	0.9594	0.9594	0.9594	0.9594	0.9594	0.9594	0.9594	0.9594	0.9594	0.9594	0.9594	0.9594	0.9594	0.9594	0.9594	0.9594	0.9594	0.9192	0.9192	0.9192	0.9192	0.9192	0.9192	0.9192	0.9192	0.9192	0.9192	0.9192	0.9192	0.9192	0.9192	0.9192	0.9192	0.9192	0.9192	0.9192	0.9192	0.9192	0.9192	0.9192	0.9192	0.9192	0.9192	0.9192	0.9192	0.9192	0.9192	0.9192	0.9192	0.9192	0.9192	0.9192	0.9192	0.9192	0.9192	0.9192	0.9192	0.9192	0.9192	0.9192	0.9192	0.9192	0.9192	0.9192	0.9192	0.9192
25	0.932	0.932	0.932	0.932	0.932	0.932	0.932	0.932	0.932	0.932	0.932	0.932	0.932	0.932	0.932	0.932	0.932	0.932	0.932	0.9231	0.9231	0.9231	0.9231	0.9231	0.9231	0.9231	0.9231	0.9231	0.9231	0.9231	0.9231	0.9231	0.9231	0.9058	0.9231	0.9231	0.9231	0.9231	0.9231	0.9231	0.9231	0.9231	0.9231	0.9231	0.9231	0.9231	0.9231	0.9231	0.9231	0.9231	0.9231	0.9231	0.9231	0.9231	0.9231	0.9231	0.9231	0.9231	0.9231	0.9231	0.9231	0.9231	0.9231	0.9058	0.9231	0.9231	0.9058	0.9231	0.9231	0.9231	0.9231	0.9231	0.9231	0.9231	0.9231	0.9231	0.9231	0.9231	0.9231	0.9231	0.9231	0.9231	0.9231	0.9231	0.9231	0.9231	0.9231	0.9231	0.9231	0.9231	0.9231	0.9231	0.9231	0.9231	0.9231	0.9231	0.9231	0.9231	0.9231	0.9231	0.9231	0.9231	0.9231	0.9231	0.9058	0.9231	0.9231	0.9231	0.9231	0.9231	0.9231	0.9231	0.9231	0.9231	0.9231	0.9231	0.9231	0.9231	0.9231	0.9231	0.9231	0.9231	0.9231	0.9231	0.9231	0.9231	0.9231	0.9231	0.9231	0.9058	0.9231	0.9231	0.9231	0.9231	0.9231	0.9231	0.9231	0.9231	0.9231	0.9231	0.9231	0.9231	0.9231	0.9231	0.9231	0.9231	0.9231	0.9231	0.9231	0.9231	0.9231	0.9231	0.9231	0.9231	0.9231	0.9231	0.9231	0.9231	0.9231	0.9231	0.9231	0.9231	0.9231	0.9231	0.9231	0.9231	0.9231	0.9231	0.9231	0.9058	0.9231	0.9231	0.9231	0.9231	0.9231	0.9231	0.9231	0.9231	0.9231	0.9231	0.9231	0.9231	0.9231	0.9231	0.9231	0.9231	0.9231	0.9231	0.9231	0.9231	0.9231	0.9231	0.9231	0.9231	0.9231	0.9231	0.9231	0.9231	0.9231	0.9231	0.9231	0.9231	0.9231	0.9231	0.9231	0.9231	0.9231	0.9231	0.9231	0.9231	0.9231	0.9231	0.9231	0.9231	0.9231	0.9231	0.9231	0.9231	0.9231	0.9231	0.9231	0.9231	0.9231	0.9231	0.9231	0.9058	0.9231	0.9231	0.9231	0.9231	0.9231	0.9231	0.9231	0.9231	0.9231	0.9231	0.9231	0.9231	0.9231	0.9231	0.9231	0.9231	0.9231	0.9231	0.9231	0.9231	0.9231	0.9231	0.9231	0.9231	0.9231	0.9243	0.9243	0.9243	0.9243	0.9243	0.9243	0.9243	0.9243	0.9243	0.9243	0.9243	0.9243	0.9243	0.9243	0.9243	0.9243	0.9243	0.9243	0.9243	0.9243	0.9243	0.9243	0.9243	0.9243	0.9243	0.9243	0.9243	0.9243	0.9243	0.9243	0.9243	0.9243	0.9243	0.9243	0.9243	0.9243	0.9243	0.9243	0.9243	0.9243	0.9243	0.9243	0.9243	0.9243	0.9243	0.9243	0.9243	0.9243	0.9243
26	0.9411	0.9411	0.9411	0.9411	0.9411	0.9411	0.9411	0.9411	0.9411	0.9411	0.9411	0.9411	0.9411	0.9411	0.9411	0.9411	0.9411	0.9411	0.9411	0.893	0.893	0.893	0.893	0.893	0.893	0.893	0.893	0.893	0.893	0.893	0.893	0.893	0.893	0.9164	0.893	0.893	0.893	0.893	0.893	0.893	0.893	0.893	0.893	0.893	0.893	0.893	0.893	0.893	0.893	0.893	0.893	0.893	0.893	0.893	0.893	0.893	0.893	0.893	0.893	0.893	0.893	0.893	0.893	0.9164	0.893	0.893	0.9164	0.893	0.893	0.893	0.893	0.893	0.893	0.893	0.893	0.893	0.893	0.893	0.893	0.893	0.893	0.893	0.893	0.893	0.893	0.893	0.893	0.893	0.893	0.893	0.893	0.893	0.893	0.893	0.893	0.893	0.893	0.893	0.893	0.893	0.893	0.893	0.893	0.893	0.9164	0.893	0.893	0.893	0.893	0.893	0.893	0.893	0.893	0.893	0.893	0.893	0.893	0.893	0.893	0.893	0.893	0.893	0.893	0.893	0.893	0.893	0.893	0.893	0.893	0.9164	0.893	0.893	0.893	0.893	0.893	0.893	0.893	0.893	0.893	0.893	0.893	0.893	0.893	0.893	0.893	0.893	0.893	0.893	0.893	0.893	0.893	0.893	0.893	0.893	0.893	0.893	0.893	0.893	0.893	0.893	0.893	0.893	0.893	0.893	0.893	0.893	0.893	0.893	0.893	0.9164	0.893	0.893	0.893	0.893	0.893	0.893	0.893	0.893	0.893	0.893	0.893	0.893	0.893	0.893	0.893	0.893	0.893	0.893	0.893	0.893	0.893	0.893	0.893	0.893	0.893	0.893	0.893	0.893	0.893	0.893	0.893	0.893	0.893	0.893	0.893	0.893	0.893	0.893	0.893	0.893	0.893	0.893	0.893	0.893	0.893	0.893	0.893	0.893	0.893	0.893	0.893	0.893	0.893	0.893	0.893	0.9164	0.893	0.893	0.893	0.893	0.893	0.893	0.893	0.893	0.893	0.893	0.893	0.893	0.893	0.893	0.893	0.893	0.893	0.893	0.893	0.893	0.893	0.893	0.893	0.893	0.893	0.96	0.96	0.96	0.96	0.96	0.96	0.96	0.96	0.96	0.96	0.96	0.96	0.96	0.96	0.96	0.96	0.96	0.96	0.96	0.96	0.96	0.96	0.96	0.96	0.96	0.96	0.96	0.96	0.96	0.96	0.96	0.96	0.96	0.96	0.96	0.96	0.96	0.96	0.96	0.96	0.96	0.96	0.96	0.96	0.96	0.96	0.96	0.96	0.96
27	0.9454	0.9454	0.9454	0.9454	0.9454	0.9454	0.9454	0.9454	0.9454	0.9454	0.9454	0.9454	0.9454	0.9454	0.9454	0.9454	0.9454	0.9454	0.9454	0.9572	0.9572	0.9572	0.9572	0.9572	0.9572	0.9572	0.9572	0.9572	0.9572	0.9572	0.9572	0.9572	0.9572	0.9384	0.9572	0.9572	0.9572	0.9572	0.9572	0.9572	0.9572	0.9572	0.9572	0.9572	0.9572	0.9572	0.9572	0.9572	0.9572	0.9572	0.9572	0.9572	0.9572	0.9572	0.9572	0.9572	0.9572	0.9572	0.9572	0.9572	0.9572	0.9572	0.9572	0.9384	0.9572	0.9572	0.9384	0.9572	0.9572	0.9572	0.9572	0.9572	0.9572	0.9572	0.9572	0.9572	0.9572	0.9572	0.9572	0.9572	0.9572	0.9572	0.9572	0.9572	0.9572	0.9572	0.9572	0.9572	0.9572	0.9572	0.9572	0.9572	0.9572	0.9572	0.9572	0.9572	0.9572	0.9572	0.9572	0.9572	0.9572	0.9572	0.9572	0.9572	0.9384	0.9572	0.9572	0.9572	0.9572	0.9572	0.9572	0.9572	0.9572	0.9572	0.9572	0.9572	0.9572	0.9572	0.9572	0.9572	0.9572	0.9572	0.9572	0.9572	0.9572	0.9572	0.9572	0.9572	0.9572	0.9384	0.9572	0.9572	0.9572	0.9572	0.9572	0.9572	0.9572	0.9572	0.9572	0.9572	0.9572	0.9572	0.9572	0.9572	0.9572	0.9572	0.9572	0.9572	0.9572	0.9572	0.9572	0.9572	0.9572	0.9572	0.9572	0.9572	0.9572	0.9572	0.9572	0.9572	0.9572	0.9572	0.9572	0.9572	0.9572	0.9572	0.9572	0.9572	0.9572	0.9384	0.9572	0.9572	0.9572	0.9572	0.9572	0.9572	0.9572	0.9572	0.9572	0.9572	0.9572	0.9572	0.9572	0.9572	0.9572	0.9572	0.9572	0.9572	0.9572	0.9572	0.9572	0.9572	0.9572	0.9572	0.9572	0.9572	0.9572	0.9572	0.9572	0.9572	0.9572	0.9572	0.9572	0.9572	0.9572	0.9572	0.9572	0.9572	0.9572	0.9572	0.9572	0.9572	0.9572	0.9572	0.9572	0.9572	0.9572	0.9572	0.9572	0.9572	0.9572	0.9572	0.9572	0.9572	0.9572	0.9384	0.9572	0.9572	0.9572	0.9572	0.9572	0.9572	0.9572	0.9572	0.9572	0.9572	0.9572	0.9572	0.9572	0.9572	0.9572	0.9572	0.9572	0.9572	0.9572	0.9572	0.9572	0.9572	0.9572	0.9572	0.9572	0.9506	0.9506	0.9506	0.9506	0.9506	0.9506	0.9506	0.9506	0.9506	0.9506	0.9506	0.9506	0.9506	0.9506	0.9506	0.9506	0.9506	0.9506	0.9506	0.9506	0.9506	0.9506	0.9506	0.9506	0.9506	0.9506	0.9506	0.9506	0.9506	0.9506	0.9506	0.9506	0.9506	0.9506	0.9506	0.9506	0.9506	0.9506	0.9506	0.9506	0.9506	0.9506	0.9506	0.9506	0.9506	0.9506	0.9506	0.9506	0.9506
28	0.9682	0.9682	0.9682	0.9682	0.9682	0.9682	0.9682	0.9682	0.9682	0.9682	0.9682	0.9682	0.9682	0.9682	0.9682	0.9682	0.9682	0.9682	0.9682	0.9447	0.9447	0.9447	0.9447	0.9447	0.9447	0.9447	0.9447	0.9447	0.9447	0.9447	0.9447	0.9447	0.9447	0.9425	0.9447	0.9447	0.9447	0.9447	0.9447	0.9447	0.9447	0.9447	0.9447	0.9447	0.9447	0.9447	0.9447	0.9447	0.9447	0.9447	0.9447	0.9447	0.9447	0.9447	0.9447	0.9447	0.9447	0.9447	0.9447	0.9447	0.9447	0.9447	0.9447	0.9425	0.9447	0.9447	0.9425	0.9447	0.9447	0.9447	0.9447	0.9447	0.9447	0.9447	0.9447	0.9447	0.9447	0.9447	0.9447	0.9447	0.9447	0.9447	0.9447	0.9447	0.9447	0.9447	0.9447	0.9447	0.9447	0.9447	0.9447	0.9447	0.9447	0.9447	0.9447	0.9447	0.9447	0.9447	0.9447	0.9447	0.9447	0.9447	0.9447	0.9447	0.9425	0.9447	0.9447	0.9447	0.9447	0.9447	0.9447	0.9447	0.9447	0.9447	0.9447	0.9447	0.9447	0.9447	0.9447	0.9447	0.9447	0.9447	0.9447	0.9447	0.9447	0.9447	0.9447	0.9447	0.9447	0.9425	0.9447	0.9447	0.9447	0.9447	0.9447	0.9447	0.9447	0.9447	0.9447	0.9447	0.9447	0.9447	0.9447	0.9447	0.9447	0.9447	0.9447	0.9447	0.9447	0.9447	0.9447	0.9447	0.9447	0.9447	0.9447	0.9447	0.9447	0.9447	0.9447	0.9447	0.9447	0.9447	0.9447	0.9447	0.9447	0.9447	0.9447	0.9447	0.9447	0.9425	0.9447	0.9447	0.9447	0.9447	0.9447	0.9447	0.9447	0.9447	0.9447	0.9447	0.9447	0.9447	0.9447	0.9447	0.9447	0.9447	0.9447	0.9447	0.9447	0.9447	0.9447	0.9447	0.9447	0.9447	0.9447	0.9447	0.9447	0.9447	0.9447	0.9447	0.9447	0.9447	0.9447	0.9447	0.9447	0.9447	0.9447	0.9447	0.9447	0.9447	0.9447	0.9447	0.9447	0.9447	0.9447	0.9447	0.9447	0.9447	0.9447	0.9447	0.9447	0.9447	0.9447	0.9447	0.9447	0.9425	0.9447	0.9447	0.9447	0.9447	0.9447	0.9447	0.9447	0.9447	0.9447	0.9447	0.9447	0.9447	0.9447	0.9447	0.9447	0.9447	0.9447	0.9447	0.9447	0.9447	0.9447	0.9447	0.9447	0.9447	0.9447	0.9582	0.9582	0.9582	0.9582	0.9582	0.9582	0.9582	0.9582	0.9582	0.9582	0.9582	0.9582	0.9582	0.9582	0.9582	0.9582	0.9582	0.9582	0.9582	0.9582	0.9582	0.9582	0.9582	0.9582	0.9582	0.9582	0.9582	0.9582	0.9582	0.9582	0.9582	0.9582	0.9582	0.9582	0.9582	0.9582	0.9582	0.9582	0.9582	0.9582	0.9582	0.9582	0.9582	0.9582	0.9582	0.9582	0.9582	0.9582	0.9582
29	0.9	0.9	0.9	0.9	0.9	0.9	0.9	0.9	0.9	0.9	0.9	0.9	0.9	0.9	0.9	0.9	0.9	0.9	0.9	0.9706	0.9706	0.9706	0.9706	0.9706	0.9706	0.9706	0.9706	0.9706	0.9706	0.9706	0.9706	0.9706	0.9706	0.896	0.9706	0.9706	0.9706	0.9706	0.9706	0.9706	0.9706	0.9706	0.9706	0.9706	0.9706	0.9706	0.9706	0.9706	0.9706	0.9706	0.9706	0.9706	0.9706	0.9706	0.9706	0.9706	0.9706	0.9706	0.9706	0.9706	0.9706	0.9706	0.9706	0.896	0.9706	0.9706	0.896	0.9706	0.9706	0.9706	0.9706	0.9706	0.9706	0.9706	0.9706	0.9706	0.9706	0.9706	0.9706	0.9706	0.9706	0.9706	0.9706	0.9706	0.9706	0.9706	0.9706	0.9706	0.9706	0.9706	0.9706	0.9706	0.9706	0.9706	0.9706	0.9706	0.9706	0.9706	0.9706	0.9706	0.9706	0.9706	0.9706	0.9706	0.896	0.9706	0.9706	0.9706	0.9706	0.9706	0.9706	0.9706	0.9706	0.9706	0.9706	0.9706	0.9706	0.9706	0.9706	0.9706	0.9706	0.9706	0.9706	0.9706	0.9706	0.9706	0.9706	0.9706	0.9706	0.896	0.9706	0.9706	0.9706	0.9706	0.9706	0.9706	0.9706	0.9706	0.9706	0.9706	0.9706	0.9706	0.9706	0.9706	0.9706	0.9706	0.9706	0.9706	0.9706	0.9706	0.9706	0.9706	0.9706	0.9706	0.9706	0.9706	0.9706	0.9706	0.9706	0.9706	0.9706	0.9706	0.9706	0.9706	0.9706	0.9706	0.9706	0.9706	0.9706	0.896	0.9706	0.9706	0.9706	0.9706	0.9706	0.9706	0.9706	0.9706	0.9706	0.9706	0.9706	0.9706	0.9706	0.9706	0.9706	0.9706	0.9706	0.9706	0.9706	0.9706	0.9706	0.9706	0.9706	0.9706	0.9706	0.9706	0.9706	0.9706	0.9706	0.9706	0.9706	0.9706	0.9706	0.9706	0.9706	0.9706	0.9706	0.9706	0.9706	0.9706	0.9706	0.9706	0.9706	0.9706	0.9706	0.9706	0.9706	0.9706	0.9706	0.9706	0.9706	0.9706	0.9706	0.9706	0.9706	0.896	0.9706	0.9706	0.9706	0.9706	0.9706	0.9706	0.9706	0.9706	0.9706	0.9706	0.9706	0.9706	0.9706	0.9706	0.9706	0.9706	0.9706	0.9706	0.9706	0.9706	0.9706	0.9706	0.9706	0.9706	0.9706	0.9598	0.9598	0.9598	0.9598	0.9598	0.9598	0.9598	0.9598	0.9598	0.9598	0.9598	0.9598	0.9598	0.9598	0.9598	0.9598	0.9598	0.9598	0.9598	0.9598	0.9598	0.9598	0.9598	0.9598	0.9598	0.9598	0.9598	0.9598	0.9598	0.9598	0.9598	0.9598	0.9598	0.9598	0.9598	0.9598	0.9598	0.9598	0.9598	0.9598	0.9598	0.9598	0.9598	0.9598	0.9598	0.9598	0.9598	0.9598	0.9598
30	0.9236	0.9236	0.9236	0.9236	0.9236	0.9236	0.9236	0.9236	0.9236	0.9236	0.9236	0.9236	0.9236	0.9236	0.9236	0.9236	0.9236	0.9236	0.9236	0.9019	0.9019	0.9019	0.9019	0.9019	0.9019	0.9019	0.9019	0.9019	0.9019	0.9019	0.9019	0.9019	0.9019	0.9153	0.9019	0.9019	0.9019	0.9019	0.9019	0.9019	0.9019	0.9019	0.9019	0.9019	0.9019	0.9019	0.9019	0.9019	0.9019	0.9019	0.9019	0.9019	0.9019	0.9019	0.9019	0.9019	0.9019	0.9019	0.9019	0.9019	0.9019	0.9019	0.9019	0.9153	0.9019	0.9019	0.9153	0.9019	0.9019	0.9019	0.9019	0.9019	0.9019	0.9019	0.9019	0.9019	0.9019	0.9019	0.9019	0.9019	0.9019	0.9019	0.9019	0.9019	0.9019	0.9019	0.9019	0.9019	0.9019	0.9019	0.9019	0.9019	0.9019	0.9019	0.9019	0.9019	0.9019	0.9019	0.9019	0.9019	0.9019	0.9019	0.9019	0.9019	0.9153	0.9019	0.9019	0.9019	0.9019	0.9019	0.9019	0.9019	0.9019	0.9019	0.9019	0.9019	0.9019	0.9019	0.9019	0.9019	0.9019	0.9019	0.9019	0.9019	0.9019	0.9019	0.9019	0.9019	0.9019	0.9153	0.9019	0.9019	0.9019	0.9019	0.9019	0.9019	0.9019	0.9019	0.9019	0.9019	0.9019	0.9019	0.9019	0.9019	0.9019	0.9019	0.9019	0.9019	0.9019	0.9019	0.9019	0.9019	0.9019	0.9019	0.9019	0.9019	0.9019	0.9019	0.9019	0.9019	0.9019	0.9019	0.9019	0.9019	0.9019	0.9019	0.9019	0.9019	0.9019	0.9153	0.9019	0.9019	0.9019	0.9019	0.9019	0.9019	0.9019	0.9019	0.9019	0.9019	0.9019	0.9019	0.9019	0.9019	0.9019	0.9019	0.9019	0.9019	0.9019	0.9019	0.9019	0.9019	0.9019	0.9019	0.9019	0.9019	0.9019	0.9019	0.9019	0.9019	0.9019	0.9019	0.9019	0.9019	0.9019	0.9019	0.9019	0.9019	0.9019	0.9019	0.9019	0.9019	0.9019	0.9019	0.9019	0.9019	0.9019	0.9019	0.9019	0.9019	0.9019	0.9019	0.9019	0.9019	0.9019	0.9153	0.9019	0.9019	0.9019	0.9019	0.9019	0.9019	0.9019	0.9019	0.9019	0.9019	0.9019	0.9019	0.9019	0.9019	0.9019	0.9019	0.9019	0.9019	0.9019	0.9019	0.9019	0.9019	0.9019	0.9019	0.9019	0.9675	0.9675	0.9675	0.9675	0.9675	0.9675	0.9675	0.9675	0.9675	0.9675	0.9675	0.9675	0.9675	0.9675	0.9675	0.9675	0.9675	0.9675	0.9675	0.9675	0.9675	0.9675	0.9675	0.9675	0.9675	0.9675	0.9675	0.9675	0.9675	0.9675	0.9675	0.9675	0.9675	0.9675	0.9675	0.9675	0.9675	0.9675	0.9675	0.9675	0.9675	0.9675	0.9675	0.9675	0.9675	0.9675	0.9675	0.9675	0.9675
31	0.6848	0.6848	0.6848	0.6848	0.6848	0.6848	0.6848	0.6848	0.6848	0.6848	0.6848	0.6848	0.6848	0.6848	0.6848	0.6848	0.6848	0.6848	0.6848	0.9469	0.9469	0.9469	0.9469	0.9469	0.9469	0.9469	0.9469	0.9469	0.9469	0.9469	0.9469	0.9469	0.9469	0.9372	0.9469	0.9469	0.9469	0.9469	0.9469	0.9469	0.9469	0.9469	0.9469	0.9469	0.9469	0.9469	0.9469	0.9469	0.9469	0.9469	0.9469	0.9469	0.9469	0.9469	0.9469	0.9469	0.9469	0.9469	0.9469	0.9469	0.9469	0.9469	0.9469	0.9372	0.9469	0.9469	0.9372	0.9469	0.9469	0.9469	0.9469	0.9469	0.9469	0.9469	0.9469	0.9469	0.9469	0.9469	0.9469	0.9469	0.9469	0.9469	0.9469	0.9469	0.9469	0.9469	0.9469	0.9469	0.9469	0.9469	0.9469	0.9469	0.9469	0.9469	0.9469	0.9469	0.9469	0.9469	0.9469	0.9469	0.9469	0.9469	0.9469	0.9469	0.9372	0.9469	0.9469	0.9469	0.9469	0.9469	0.9469	0.9469	0.9469	0.9469	0.9469	0.9469	0.9469	0.9469	0.9469	0.9469	0.9469	0.9469	0.9469	0.9469	0.9469	0.9469	0.9469	0.9469	0.9469	0.9372	0.9469	0.9469	0.9469	0.9469	0.9469	0.9469	0.9469	0.9469	0.9469	0.9469	0.9469	0.9469	0.9469	0.9469	0.9469	0.9469	0.9469	0.9469	0.9469	0.9469	0.9469	0.9469	0.9469	0.9469	0.9469	0.9469	0.9469	0.9469	0.9469	0.9469	0.9469	0.9469	0.9469	0.9469	0.9469	0.9469	0.9469	0.9469	0.9469	0.9372	0.9469	0.9469	0.9469	0.9469	0.9469	0.9469	0.9469	0.9469	0.9469	0.9469	0.9469	0.9469	0.9469	0.9469	0.9469	0.9469	0.9469	0.9469	0.9469	0.9469	0.9469	0.9469	0.9469	0.9469	0.9469	0.9469	0.9469	0.9469	0.9469	0.9469	0.9469	0.9469	0.9469	0.9469	0.9469	0.9469	0.9469	0.9469	0.9469	0.9469	0.9469	0.9469	0.9469	0.9469	0.9469	0.9469	0.9469	0.9469	0.9469	0.9469	0.9469	0.9469	0.9469	0.9469	0.9469	0.9372	0.9469	0.9469	0.9469	0.9469	0.9469	0.9469	0.9469	0.9469	0.9469	0.9469	0.9469	0.9469	0.9469	0.9469	0.9469	0.9469	0.9469	0.9469	0.9469	0.9469	0.9469	0.9469	0.9469	0.9469	0.9469	0.9338	0.9338	0.9338	0.9338	0.9338	0.9338	0.9338	0.9338	0.9338	0.9338	0.9338	0.9338	0.9338	0.9338	0.9338	0.9338	0.9338	0.9338	0.9338	0.9338	0.9338	0.9338	0.9338	0.9338	0.9338	0.9338	0.9338	0.9338	0.9338	0.9338	0.9338	0.9338	0.9338	0.9338	0.9338	0.9338	0.9338	0.9338	0.9338	0.9338	0.9338	0.9338	0.9338	0.9338	0.9338	0.9338	0.9338	0.9338	0.9338
32	0.7662	0.7662	0.7662	0.7662	0.7662	0.7662	0.7662	0.7662	0.7662	0.7662	0.7662	0.7662	0.7662	0.7662	0.7662	0.7662	0.7662	0.7662	0.7662	0.8896	0.8896	0.8896	0.8896	0.8896	0.8896	0.8896	0.8896	0.8896	0.8896	0.8896	0.8896	0.8896	0.8896	0.8872	0.8896	0.8896	0.8896	0.8896	0.8896	0.8896	0.8896	0.8896	0.8896	0.8896	0.8896	0.8896	0.8896	0.8896	0.8896	0.8896	0.8896	0.8896	0.8896	0.8896	0.8896	0.8896	0.8896	0.8896	0.8896	0.8896	0.8896	0.8896	0.8896	0.8872	0.8896	0.8896	0.8872	0.8896	0.8896	0.8896	0.8896	0.8896	0.8896	0.8896	0.8896	0.8896	0.8896	0.8896	0.8896	0.8896	0.8896	0.8896	0.8896	0.8896	0.8896	0.8896	0.8896	0.8896	0.8896	0.8896	0.8896	0.8896	0.8896	0.8896	0.8896	0.8896	0.8896	0.8896	0.8896	0.8896	0.8896	0.8896	0.8896	0.8896	0.8872	0.8896	0.8896	0.8896	0.8896	0.8896	0.8896	0.8896	0.8896	0.8896	0.8896	0.8896	0.8896	0.8896	0.8896	0.8896	0.8896	0.8896	0.8896	0.8896	0.8896	0.8896	0.8896	0.8896	0.8896	0.8872	0.8896	0.8896	0.8896	0.8896	0.8896	0.8896	0.8896	0.8896	0.8896	0.8896	0.8896	0.8896	0.8896	0.8896	0.8896	0.8896	0.8896	0.8896	0.8896	0.8896	0.8896	0.8896	0.8896	0.8896	0.8896	0.8896	0.8896	0.8896	0.8896	0.8896	0.8896	0.8896	0.8896	0.8896	0.8896	0.8896	0.8896	0.8896	0.8896	0.8872	0.8896	0.8896	0.8896	0.8896	0.8896	0.8896	0.8896	0.8896	0.8896	0.8896	0.8896	0.8896	0.8896	0.8896	0.8896	0.8896	0.8896	0.8896	0.8896	0.8896	0.8896	0.8896	0.8896	0.8896	0.8896	0.8896	0.8896	0.8896	0.8896	0.8896	0.8896	0.8896	0.8896	0.8896	0.8896	0.8896	0.8896	0.8896	0.8896	0.8896	0.8896	0.8896	0.8896	0.8896	0.8896	0.8896	0.8896	0.8896	0.8896	0.8896	0.8896	0.8896	0.8896	0.8896	0.8896	0.8872	0.8896	0.8896	0.8896	0.8896	0.8896	0.8896	0.8896	0.8896	0.8896	0.8896	0.8896	0.8896	0.8896	0.8896	0.8896	0.8896	0.8896	0.8896	0.8896	0.8896	0.8896	0.8896	0.8896	0.8896	0.8896	0.9754	0.9754	0.9754	0.9754	0.9754	0.9754	0.9754	0.9754	0.9754	0.9754	0.9754	0.9754	0.9754	0.9754	0.9754	0.9754	0.9754	0.9754	0.9754	0.9754	0.9754	0.9754	0.9754	0.9754	0.9754	0.9754	0.9754	0.9754	0.9754	0.9754	0.9754	0.9754	0.9754	0.9754	0.9754	0.9754	0.9754	0.9754	0.9754	0.9754	0.9754	0.9754	0.9754	0.9754	0.9754	0.9754	0.9754	0.9754	0.9754
33	0.9295	0.9295	0.9295	0.9295	0.9295	0.9295	0.9295	0.9295	0.9295	0.9295	0.9295	0.9295	0.9295	0.9295	0.9295	0.9295	0.9295	0.9295	0.9295	0.9262	0.9262	0.9262	0.9262	0.9262	0.9262	0.9262	0.9262	0.9262	0.9262	0.9262	0.9262	0.9262	0.9262	0.8906	0.9262	0.9262	0.9262	0.9262	0.9262	0.9262	0.9262	0.9262	0.9262	0.9262	0.9262	0.9262	0.9262	0.9262	0.9262	0.9262	0.9262	0.9262	0.9262	0.9262	0.9262	0.9262	0.9262	0.9262	0.9262	0.9262	0.9262	0.9262	0.9262	0.8906	0.9262	0.9262	0.8906	0.9262	0.9262	0.9262	0.9262	0.9262	0.9262	0.9262	0.9262	0.9262	0.9262	0.9262	0.9262	0.9262	0.9262	0.9262	0.9262	0.9262	0.9262	0.9262	0.9262	0.9262	0.9262	0.9262	0.9262	0.9262	0.9262	0.9262	0.9262	0.9262	0.9262	0.9262	0.9262	0.9262	0.9262	0.9262	0.9262	0.9262	0.8906	0.9262	0.9262	0.9262	0.9262	0.9262	0.9262	0.9262	0.9262	0.9262	0.9262	0.9262	0.9262	0.9262	0.9262	0.9262	0.9262	0.9262	0.9262	0.9262	0.9262	0.9262	0.9262	0.9262	0.9262	0.8906	0.9262	0.9262	0.9262	0.9262	0.9262	0.9262	0.9262	0.9262	0.9262	0.9262	0.9262	0.9262	0.9262	0.9262	0.9262	0.9262	0.9262	0.9262	0.9262	0.9262	0.9262	0.9262	0.9262	0.9262	0.9262	0.9262	0.9262	0.9262	0.9262	0.9262	0.9262	0.9262	0.9262	0.9262	0.9262	0.9262	0.9262	0.9262	0.9262	0.8906	0.9262	0.9262	0.9262	0.9262	0.9262	0.9262	0.9262	0.9262	0.9262	0.9262	0.9262	0.9262	0.9262	0.9262	0.9262	0.9262	0.9262	0.9262	0.9262	0.9262	0.9262	0.9262	0.9262	0.9262	0.9262	0.9262	0.9262	0.9262	0.9262	0.9262	0.9262	0.9262	0.9262	0.9262	0.9262	0.9262	0.9262	0.9262	0.9262	0.9262	0.9262	0.9262	0.9262	0.9262	0.9262	0.9262	0.9262	0.9262	0.9262	0.9262	0.9262	0.9262	0.9262	0.9262	0.9262	0.8906	0.9262	0.9262	0.9262	0.9262	0.9262	0.9262	0.9262	0.9262	0.9262	0.9262	0.9262	0.9262	0.9262	0.9262	0.9262	0.9262	0.9262	0.9262	0.9262	0.9262	0.9262	0.9262	0.9262	0.9262	0.9262	0.8531	0.8531	0.8531	0.8531	0.8531	0.8531	0.8531	0.8531	0.8531	0.8531	0.8531	0.8531	0.8531	0.8531	0.8531	0.8531	0.8531	0.8531	0.8531	0.8531	0.8531	0.8531	0.8531	0.8531	0.8531	0.8531	0.8531	0.8531	0.8531	0.8531	0.8531	0.8531	0.8531	0.8531	0.8531	0.8531	0.8531	0.8531	0.8531	0.8531	0.8531	0.8531	0.8531	0.8531	0.8531	0.8531	0.8531	0.8531	0.8531
34	0.9402	0.9402	0.9402	0.9402	0.9402	0.9402	0.9402	0.9402	0.9402	0.9402	0.9402	0.9402	0.9402	0.9402	0.9402	0.9402	0.9402	0.9402	0.9402	0.9264	0.9264	0.9264	0.9264	0.9264	0.9264	0.9264	0.9264	0.9264	0.9264	0.9264	0.9264	0.9264	0.9264	0.9281	0.9264	0.9264	0.9264	0.9264	0.9264	0.9264	0.9264	0.9264	0.9264	0.9264	0.9264	0.9264	0.9264	0.9264	0.9264	0.9264	0.9264	0.9264	0.9264	0.9264	0.9264	0.9264	0.9264	0.9264	0.9264	0.9264	0.9264	0.9264	0.9264	0.9281	0.9264	0.9264	0.9281	0.9264	0.9264	0.9264	0.9264	0.9264	0.9264	0.9264	0.9264	0.9264	0.9264	0.9264	0.9264	0.9264	0.9264	0.9264	0.9264	0.9264	0.9264	0.9264	0.9264	0.9264	0.9264	0.9264	0.9264	0.9264	0.9264	0.9264	0.9264	0.9264	0.9264	0.9264	0.9264	0.9264	0.9264	0.9264	0.9264	0.9264	0.9281	0.9264	0.9264	0.9264	0.9264	0.9264	0.9264	0.9264	0.9264	0.9264	0.9264	0.9264	0.9264	0.9264	0.9264	0.9264	0.9264	0.9264	0.9264	0.9264	0.9264	0.9264	0.9264	0.9264	0.9264	0.9281	0.9264	0.9264	0.9264	0.9264	0.9264	0.9264	0.9264	0.9264	0.9264	0.9264	0.9264	0.9264	0.9264	0.9264	0.9264	0.9264	0.9264	0.9264	0.9264	0.9264	0.9264	0.9264	0.9264	0.9264	0.9264	0.9264	0.9264	0.9264	0.9264	0.9264	0.9264	0.9264	0.9264	0.9264	0.9264	0.9264	0.9264	0.9264	0.9264	0.9281	0.9264	0.9264	0.9264	0.9264	0.9264	0.9264	0.9264	0.9264	0.9264	0.9264	0.9264	0.9264	0.9264	0.9264	0.9264	0.9264	0.9264	0.9264	0.9264	0.9264	0.9264	0.9264	0.9264	0.9264	0.9264	0.9264	0.9264	0.9264	0.9264	0.9264	0.9264	0.9264	0.9264	0.9264	0.9264	0.9264	0.9264	0.9264	0.9264	0.9264	0.9264	0.9264	0.9264	0.9264	0.9264	0.9264	0.9264	0.9264	0.9264	0.9264	0.9264	0.9264	0.9264	0.9264	0.9264	0.9281	0.9264	0.9264	0.9264	0.9264	0.9264	0.9264	0.9264	0.9264	0.9264	0.9264	0.9264	0.9264	0.9264	0.9264	0.9264	0.9264	0.9264	0.9264	0.9264	0.9264	0.9264	0.9264	0.9264	0.9264	0.9264	0.9284	0.9284	0.9284	0.9284	0.9284	0.9284	0.9284	0.9284	0.9284	0.9284	0.9284	0.9284	0.9284	0.9284	0.9284	0.9284	0.9284	0.9284	0.9284	0.9284	0.9284	0.9284	0.9284	0.9284	0.9284	0.9284	0.9284	0.9284	0.9284	0.9284	0.9284	0.9284	0.9284	0.9284	0.9284	0.9284	0.9284	0.9284	0.9284	0.9284	0.9284	0.9284	0.9284	0.9284	0.9284	0.9284	0.9284	0.9284	0.9284
35	0.8981	0.8981	0.8981	0.8981	0.8981	0.8981	0.8981	0.8981	0.8981	0.8981	0.8981	0.8981	0.8981	0.8981	0.8981	0.8981	0.8981	0.8981	0.8981	0.9522	0.9522	0.9522	0.9522	0.9522	0.9522	0.9522	0.9522	0.9522	0.9522	0.9522	0.9522	0.9522	0.9522	0.9416	0.9522	0.9522	0.9522	0.9522	0.9522	0.9522	0.9522	0.9522	0.9522	0.9522	0.9522	0.9522	0.9522	0.9522	0.9522	0.9522	0.9522	0.9522	0.9522	0.9522	0.9522	0.9522	0.9522	0.9522	0.9522	0.9522	0.9522	0.9522	0.9522	0.9416	0.9522	0.9522	0.9416	0.9522	0.9522	0.9522	0.9522	0.9522	0.9522	0.9522	0.9522	0.9522	0.9522	0.9522	0.9522	0.9522	0.9522	0.9522	0.9522	0.9522	0.9522	0.9522	0.9522	0.9522	0.9522	0.9522	0.9522	0.9522	0.9522	0.9522	0.9522	0.9522	0.9522	0.9522	0.9522	0.9522	0.9522	0.9522	0.9522	0.9522	0.9416	0.9522	0.9522	0.9522	0.9522	0.9522	0.9522	0.9522	0.9522	0.9522	0.9522	0.9522	0.9522	0.9522	0.9522	0.9522	0.9522	0.9522	0.9522	0.9522	0.9522	0.9522	0.9522	0.9522	0.9522	0.9416	0.9522	0.9522	0.9522	0.9522	0.9522	0.9522	0.9522	0.9522	0.9522	0.9522	0.9522	0.9522	0.9522	0.9522	0.9522	0.9522	0.9522	0.9522	0.9522	0.9522	0.9522	0.9522	0.9522	0.9522	0.9522	0.9522	0.9522	0.9522	0.9522	0.9522	0.9522	0.9522	0.9522	0.9522	0.9522	0.9522	0.9522	0.9522	0.9522	0.9416	0.9522	0.9522	0.9522	0.9522	0.9522	0.9522	0.9522	0.9522	0.9522	0.9522	0.9522	0.9522	0.9522	0.9522	0.9522	0.9522	0.9522	0.9522	0.9522	0.9522	0.9522	0.9522	0.9522	0.9522	0.9522	0.9522	0.9522	0.9522	0.9522	0.9522	0.9522	0.9522	0.9522	0.9522	0.9522	0.9522	0.9522	0.9522	0.9522	0.9522	0.9522	0.9522	0.9522	0.9522	0.9522	0.9522	0.9522	0.9522	0.9522	0.9522	0.9522	0.9522	0.9522	0.9522	0.9522	0.9416	0.9522	0.9522	0.9522	0.9522	0.9522	0.9522	0.9522	0.9522	0.9522	0.9522	0.9522	0.9522	0.9522	0.9522	0.9522	0.9522	0.9522	0.9522	0.9522	0.9522	0.9522	0.9522	0.9522	0.9522	0.9522	0.9204	0.9204	0.9204	0.9204	0.9204	0.9204	0.9204	0.9204	0.9204	0.9204	0.9204	0.9204	0.9204	0.9204	0.9204	0.9204	0.9204	0.9204	0.9204	0.9204	0.9204	0.9204	0.9204	0.9204	0.9204	0.9204	0.9204	0.9204	0.9204	0.9204	0.9204	0.9204	0.9204	0.9204	0.9204	0.9204	0.9204	0.9204	0.9204	0.9204	0.9204	0.9204	0.9204	0.9204	0.9204	0.9204	0.9204	0.9204	0.9204
36	0.9025	0.9025	0.9025	0.9025	0.9025	0.9025	0.9025	0.9025	0.9025	0.9025	0.9025	0.9025	0.9025	0.9025	0.9025	0.9025	0.9025	0.9025	0.9025	0.0088	0.0088	0.0088	0.0088	0.0088	0.0088	0.0088	0.0088	0.0088	0.0088	0.0088	0.0088	0.0088	0.0088	0.0053	0.0088	0.0088	0.0088	0.0088	0.0088	0.0088	0.0088	0.0088	0.0088	0.0088	0.0088	0.0088	0.0088	0.0088	0.0088	0.0088	0.0088	0.0088	0.0088	0.0088	0.0088	0.0088	0.0088	0.0088	0.0088	0.0088	0.0088	0.0088	0.0088	0.0053	0.0088	0.0088	0.0053	0.0088	0.0088	0.0088	0.0088	0.0088	0.0088	0.0088	0.0088	0.0088	0.0088	0.0088	0.0088	0.0088	0.0088	0.0088	0.0088	0.0088	0.0088	0.0088	0.0088	0.0088	0.0088	0.0088	0.0088	0.0088	0.0088	0.0088	0.0088	0.0088	0.0088	0.0088	0.0088	0.0088	0.0088	0.0088	0.0088	0.0088	0.0053	0.0088	0.0088	0.0088	0.0088	0.0088	0.0088	0.0088	0.0088	0.0088	0.0088	0.0088	0.0088	0.0088	0.0088	0.0088	0.0088	0.0088	0.0088	0.0088	0.0088	0.0088	0.0088	0.0088	0.0088	0.0053	0.0088	0.0088	0.0088	0.0088	0.0088	0.0088	0.0088	0.0088	0.0088	0.0088	0.0088	0.0088	0.0088	0.0088	0.0088	0.0088	0.0088	0.0088	0.0088	0.0088	0.0088	0.0088	0.0088	0.0088	0.0088	0.0088	0.0088	0.0088	0.0088	0.0088	0.0088	0.0088	0.0088	0.0088	0.0088	0.0088	0.0088	0.0088	0.0088	0.0053	0.0088	0.0088	0.0088	0.0088	0.0088	0.0088	0.0088	0.0088	0.0088	0.0088	0.0088	0.0088	0.0088	0.0088	0.0088	0.0088	0.0088	0.0088	0.0088	0.0088	0.0088	0.0088	0.0088	0.0088	0.0088	0.0088	0.0088	0.0088	0.0088	0.0088	0.0088	0.0088	0.0088	0.0088	0.0088	0.0088	0.0088	0.0088	0.0088	0.0088	0.0088	0.0088	0.0088	0.0088	0.0088	0.0088	0.0088	0.0088	0.0088	0.0088	0.0088	0.0088	0.0088	0.0088	0.0088	0.0053	0.0088	0.0088	0.0088	0.0088	0.0088	0.0088	0.0088	0.0088	0.0088	0.0088	0.0088	0.0088	0.0088	0.0088	0.0088	0.0088	0.0088	0.0088	0.0088	0.0088	0.0088	0.0088	0.0088	0.0088	0.0088	0.0092	0.0092	0.0092	0.0092	0.0092	0.0092	0.0092	0.0092	0.0092	0.0092	0.0092	0.0092	0.0092	0.0092	0.0092	0.0092	0.0092	0.0092	0.0092	0.0092	0.0092	0.0092	0.0092	0.0092	0.0092	0.0092	0.0092	0.0092	0.0092	0.0092	0.0092	0.0092	0.0092	0.0092	0.0092	0.0092	0.0092	0.0092	0.0092	0.0092	0.0092	0.0092	0.0092	0.0092	0.0092	0.0092	0.0092	0.0092	0.0092
37	0.9309	0.9309	0.9309	0.9309	0.9309	0.9309	0.9309	0.9309	0.9309	0.9309	0.9309	0.9309	0.9309	0.9309	0.9309	0.9309	0.9309	0.9309	0.9309	0.0081	0.0081	0.0081	0.0081	0.0081	0.0081	0.0081	0.0081	0.0081	0.0081	0.0081	0.0081	0.0081	0.0081	0.0121	0.0081	0.0081	0.0081	0.0081	0.0081	0.0081	0.0081	0.0081	0.0081	0.0081	0.0081	0.0081	0.0081	0.0081	0.0081	0.0081	0.0081	0.0081	0.0081	0.0081	0.0081	0.0081	0.0081	0.0081	0.0081	0.0081	0.0081	0.0081	0.0081	0.0121	0.0081	0.0081	0.0121	0.0081	0.0081	0.0081	0.0081	0.0081	0.0081	0.0081	0.0081	0.0081	0.0081	0.0081	0.0081	0.0081	0.0081	0.0081	0.0081	0.0081	0.0081	0.0081	0.0081	0.0081	0.0081	0.0081	0.0081	0.0081	0.0081	0.0081	0.0081	0.0081	0.0081	0.0081	0.0081	0.0081	0.0081	0.0081	0.0081	0.0081	0.0121	0.0081	0.0081	0.0081	0.0081	0.0081	0.0081	0.0081	0.0081	0.0081	0.0081	0.0081	0.0081	0.0081	0.0081	0.0081	0.0081	0.0081	0.0081	0.0081	0.0081	0.0081	0.0081	0.0081	0.0081	0.0121	0.0081	0.0081	0.0081	0.0081	0.0081	0.0081	0.0081	0.0081	0.0081	0.0081	0.0081	0.0081	0.0081	0.0081	0.0081	0.0081	0.0081	0.0081	0.0081	0.0081	0.0081	0.0081	0.0081	0.0081	0.0081	0.0081	0.0081	0.0081	0.0081	0.0081	0.0081	0.0081	0.0081	0.0081	0.0081	0.0081	0.0081	0.0081	0.0081	0.0121	0.0081	0.0081	0.0081	0.0081	0.0081	0.0081	0.0081	0.0081	0.0081	0.0081	0.0081	0.0081	0.0081	0.0081	0.0081	0.0081	0.0081	0.0081	0.0081	0.0081	0.0081	0.0081	0.0081	0.0081	0.0081	0.0081	0.0081	0.0081	0.0081	0.0081	0.0081	0.0081	0.0081	0.0081	0.0081	0.0081	0.0081	0.0081	0.0081	0.0081	0.0081	0.0081	0.0081	0.0081	0.0081	0.0081	0.0081	0.0081	0.0081	0.0081	0.0081	0.0081	0.0081	0.0081	0.0081	0.0121	0.0081	0.0081	0.0081	0.0081	0.0081	0.0081	0.0081	0.0081	0.0081	0.0081	0.0081	0.0081	0.0081	0.0081	0.0081	0.0081	0.0081	0.0081	0.0081	0.0081	0.0081	0.0081	0.0081	0.0081	0.0081	0.007	0.007	0.007	0.007	0.007	0.007	0.007	0.007	0.007	0.007	0.007	0.007	0.007	0.007	0.007	0.007	0.007	0.007	0.007	0.007	0.007	0.007	0.007	0.007	0.007	0.007	0.007	0.007	0.007	0.007	0.007	0.007	0.007	0.007	0.007	0.007	0.007	0.007	0.007	0.007	0.007	0.007	0.007	0.007	0.007	0.007	0.007	0.007	0.007
38	0.9566	0.9566	0.9566	0.9566	0.9566	0.9566	0.9566	0.9566	0.9566	0.9566	0.9566	0.9566	0.9566	0.9566	0.9566	0.9566	0.9566	0.9566	0.9566	0.0084	0.0084	0.0084	0.0084	0.0084	0.0084	0.0084	0.0084	0.0084	0.0084	0.0084	0.0084	0.0084	0.0084	0.0083	0.0084	0.0084	0.0084	0.0084	0.0084	0.0084	0.0084	0.0084	0.0084	0.0084	0.0084	0.0084	0.0084	0.0084	0.0084	0.0084	0.0084	0.0084	0.0084	0.0084	0.0084	0.0084	0.0084	0.0084	0.0084	0.0084	0.0084	0.0084	0.0084	0.0083	0.0084	0.0084	0.0083	0.0084	0.0084	0.0084	0.0084	0.0084	0.0084	0.0084	0.0084	0.0084	0.0084	0.0084	0.0084	0.0084	0.0084	0.0084	0.0084	0.0084	0.0084	0.0084	0.0084	0.0084	0.0084	0.0084	0.0084	0.0084	0.0084	0.0084	0.0084	0.0084	0.0084	0.0084	0.0084	0.0084	0.0084	0.0084	0.0084	0.0084	0.0083	0.0084	0.0084	0.0084	0.0084	0.0084	0.0084	0.0084	0.0084	0.0084	0.0084	0.0084	0.0084	0.0084	0.0084	0.0084	0.0084	0.0084	0.0084	0.0084	0.0084	0.0084	0.0084	0.0084	0.0084	0.0083	0.0084	0.0084	0.0084	0.0084	0.0084	0.0084	0.0084	0.0084	0.0084	0.0084	0.0084	0.0084	0.0084	0.0084	0.0084	0.0084	0.0084	0.0084	0.0084	0.0084	0.0084	0.0084	0.0084	0.0084	0.0084	0.0084	0.0084	0.0084	0.0084	0.0084	0.0084	0.0084	0.0084	0.0084	0.0084	0.0084	0.0084	0.0084	0.0084	0.0083	0.0084	0.0084	0.0084	0.0084	0.0084	0.0084	0.0084	0.0084	0.0084	0.0084	0.0084	0.0084	0.0084	0.0084	0.0084	0.0084	0.0084	0.0084	0.0084	0.0084	0.0084	0.0084	0.0084	0.0084	0.0084	0.0084	0.0084	0.0084	0.0084	0.0084	0.0084	0.0084	0.0084	0.0084	0.0084	0.0084	0.0084	0.0084	0.0084	0.0084	0.0084	0.0084	0.0084	0.0084	0.0084	0.0084	0.0084	0.0084	0.0084	0.0084	0.0084	0.0084	0.0084	0.0084	0.0084	0.0083	0.0084	0.0084	0.0084	0.0084	0.0084	0.0084	0.0084	0.0084	0.0084	0.0084	0.0084	0.0084	0.0084	0.0084	0.0084	0.0084	0.0084	0.0084	0.0084	0.0084	0.0084	0.0084	0.0084	0.0084	0.0084	0.0301	0.0301	0.0301	0.0301	0.0301	0.0301	0.0301	0.0301	0.0301	0.0301	0.0301	0.0301	0.0301	0.0301	0.0301	0.0301	0.0301	0.0301	0.0301	0.0301	0.0301	0.0301	0.0301	0.0301	0.0301	0.0301	0.0301	0.0301	0.0301	0.0301	0.0301	0.0301	0.0301	0.0301	0.0301	0.0301	0.0301	0.0301	0.0301	0.0301	0.0301	0.0301	0.0301	0.0301	0.0301	0.0301	0.0301	0.0301	0.0301
39	0.8772	0.8772	0.8772	0.8772	0.8772	0.8772	0.8772	0.8772	0.8772	0.8772	0.8772	0.8772	0.8772	0.8772	0.8772	0.8772	0.8772	0.8772	0.8772	0.0033	0.0033	0.0033	0.0033	0.0033	0.0033	0.0033	0.0033	0.0033	0.0033	0.0033	0.0033	0.0033	0.0033	0.0041	0.0033	0.0033	0.0033	0.0033	0.0033	0.0033	0.0033	0.0033	0.0033	0.0033	0.0033	0.0033	0.0033	0.0033	0.0033	0.0033	0.0033	0.0033	0.0033	0.0033	0.0033	0.0033	0.0033	0.0033	0.0033	0.0033	0.0033	0.0033	0.0033	0.0041	0.0033	0.0033	0.0041	0.0033	0.0033	0.0033	0.0033	0.0033	0.0033	0.0033	0.0033	0.0033	0.0033	0.0033	0.0033	0.0033	0.0033	0.0033	0.0033	0.0033	0.0033	0.0033	0.0033	0.0033	0.0033	0.0033	0.0033	0.0033	0.0033	0.0033	0.0033	0.0033	0.0033	0.0033	0.0033	0.0033	0.0033	0.0033	0.0033	0.0033	0.0041	0.0033	0.0033	0.0033	0.0033	0.0033	0.0033	0.0033	0.0033	0.0033	0.0033	0.0033	0.0033	0.0033	0.0033	0.0033	0.0033	0.0033	0.0033	0.0033	0.0033	0.0033	0.0033	0.0033	0.0033	0.0041	0.0033	0.0033	0.0033	0.0033	0.0033	0.0033	0.0033	0.0033	0.0033	0.0033	0.0033	0.0033	0.0033	0.0033	0.0033	0.0033	0.0033	0.0033	0.0033	0.0033	0.0033	0.0033	0.0033	0.0033	0.0033	0.0033	0.0033	0.0033	0.0033	0.0033	0.0033	0.0033	0.0033	0.0033	0.0033	0.0033	0.0033	0.0033	0.0033	0.0041	0.0033	0.0033	0.0033	0.0033	0.0033	0.0033	0.0033	0.0033	0.0033	0.0033	0.0033	0.0033	0.0033	0.0033	0.0033	0.0033	0.0033	0.0033	0.0033	0.0033	0.0033	0.0033	0.0033	0.0033	0.0033	0.0033	0.0033	0.0033	0.0033	0.0033	0.0033	0.0033	0.0033	0.0033	0.0033	0.0033	0.0033	0.0033	0.0033	0.0033	0.0033	0.0033	0.0033	0.0033	0.0033	0.0033	0.0033	0.0033	0.0033	0.0033	0.0033	0.0033	0.0033	0.0033	0.0033	0.0041	0.0033	0.0033	0.0033	0.0033	0.0033	0.0033	0.0033	0.0033	0.0033	0.0033	0.0033	0.0033	0.0033	0.0033	0.0033	0.0033	0.0033	0.0033	0.0033	0.0033	0.0033	0.0033	0.0033	0.0033	0.0033	0.0078	0.0078	0.0078	0.0078	0.0078	0.0078	0.0078	0.0078	0.0078	0.0078	0.0078	0.0078	0.0078	0.0078	0.0078	0.0078	0.0078	0.0078	0.0078	0.0078	0.0078	0.0078	0.0078	0.0078	0.0078	0.0078	0.0078	0.0078	0.0078	0.0078	0.0078	0.0078	0.0078	0.0078	0.0078	0.0078	0.0078	0.0078	0.0078	0.0078	0.0078	0.0078	0.0078	0.0078	0.0078	0.0078	0.0078	0.0078	0.0078
40	0.9743	0.9743	0.9743	0.9743	0.9743	0.9743	0.9743	0.9743	0.9743	0.9743	0.9743	0.9743	0.9743	0.9743	0.9743	0.9743	0.9743	0.9743	0.9743	0.0243	0.0243	0.0243	0.0243	0.0243	0.0243	0.0243	0.0243	0.0243	0.0243	0.0243	0.0243	0.0243	0.0243	0.0302	0.0243	0.0243	0.0243	0.0243	0.0243	0.0243	0.0243	0.0243	0.0243	0.0243	0.0243	0.0243	0.0243	0.0243	0.0243	0.0243	0.0243	0.0243	0.0243	0.0243	0.0243	0.0243	0.0243	0.0243	0.0243	0.0243	0.0243	0.0243	0.0243	0.0302	0.0243	0.0243	0.0302	0.0243	0.0243	0.0243	0.0243	0.0243	0.0243	0.0243	0.0243	0.0243	0.0243	0.0243	0.0243	0.0243	0.0243	0.0243	0.0243	0.0243	0.0243	0.0243	0.0243	0.0243	0.0243	0.0243	0.0243	0.0243	0.0243	0.0243	0.0243	0.0243	0.0243	0.0243	0.0243	0.0243	0.0243	0.0243	0.0243	0.0243	0.0302	0.0243	0.0243	0.0243	0.0243	0.0243	0.0243	0.0243	0.0243	0.0243	0.0243	0.0243	0.0243	0.0243	0.0243	0.0243	0.0243	0.0243	0.0243	0.0243	0.0243	0.0243	0.0243	0.0243	0.0243	0.0302	0.0243	0.0243	0.0243	0.0243	0.0243	0.0243	0.0243	0.0243	0.0243	0.0243	0.0243	0.0243	0.0243	0.0243	0.0243	0.0243	0.0243	0.0243	0.0243	0.0243	0.0243	0.0243	0.0243	0.0243	0.0243	0.0243	0.0243	0.0243	0.0243	0.0243	0.0243	0.0243	0.0243	0.0243	0.0243	0.0243	0.0243	0.0243	0.0243	0.0302	0.0243	0.0243	0.0243	0.0243	0.0243	0.0243	0.0243	0.0243	0.0243	0.0243	0.0243	0.0243	0.0243	0.0243	0.0243	0.0243	0.0243	0.0243	0.0243	0.0243	0.0243	0.0243	0.0243	0.0243	0.0243	0.0243	0.0243	0.0243	0.0243	0.0243	0.0243	0.0243	0.0243	0.0243	0.0243	0.0243	0.0243	0.0243	0.0243	0.0243	0.0243	0.0243	0.0243	0.0243	0.0243	0.0243	0.0243	0.0243	0.0243	0.0243	0.0243	0.0243	0.0243	0.0243	0.0243	0.0302	0.0243	0.0243	0.0243	0.0243	0.0243	0.0243	0.0243	0.0243	0.0243	0.0243	0.0243	0.0243	0.0243	0.0243	0.0243	0.0243	0.0243	0.0243	0.0243	0.0243	0.0243	0.0243	0.0243	0.0243	0.0243	0.0078	0.0078	0.0078	0.0078	0.0078	0.0078	0.0078	0.0078	0.0078	0.0078	0.0078	0.0078	0.0078	0.0078	0.0078	0.0078	0.0078	0.0078	0.0078	0.0078	0.0078	0.0078	0.0078	0.0078	0.0078	0.0078	0.0078	0.0078	0.0078	0.0078	0.0078	0.0078	0.0078	0.0078	0.0078	0.0078	0.0078	0.0078	0.0078	0.0078	0.0078	0.0078	0.0078	0.0078	0.0078	0.0078	0.0078	0.0078	0.0078
41	0.9364	0.9364	0.9364	0.9364	0.9364	0.9364	0.9364	0.9364	0.9364	0.9364	0.9364	0.9364	0.9364	0.9364	0.9364	0.9364	0.9364	0.9364	0.9364	0.0067	0.0067	0.0067	0.0067	0.0067	0.0067	0.0067	0.0067	0.0067	0.0067	0.0067	0.0067	0.0067	0.0067	0.0158	0.0067	0.0067	0.0067	0.0067	0.0067	0.0067	0.0067	0.0067	0.0067	0.0067	0.0067	0.0067	0.0067	0.0067	0.0067	0.0067	0.0067	0.0067	0.0067	0.0067	0.0067	0.0067	0.0067	0.0067	0.0067	0.0067	0.0067	0.0067	0.0067	0.0158	0.0067	0.0067	0.0158	0.0067	0.0067	0.0067	0.0067	0.0067	0.0067	0.0067	0.0067	0.0067	0.0067	0.0067	0.0067	0.0067	0.0067	0.0067	0.0067	0.0067	0.0067	0.0067	0.0067	0.0067	0.0067	0.0067	0.0067	0.0067	0.0067	0.0067	0.0067	0.0067	0.0067	0.0067	0.0067	0.0067	0.0067	0.0067	0.0067	0.0067	0.0158	0.0067	0.0067	0.0067	0.0067	0.0067	0.0067	0.0067	0.0067	0.0067	0.0067	0.0067	0.0067	0.0067	0.0067	0.0067	0.0067	0.0067	0.0067	0.0067	0.0067	0.0067	0.0067	0.0067	0.0067	0.0158	0.0067	0.0067	0.0067	0.0067	0.0067	0.0067	0.0067	0.0067	0.0067	0.0067	0.0067	0.0067	0.0067	0.0067	0.0067	0.0067	0.0067	0.0067	0.0067	0.0067	0.0067	0.0067	0.0067	0.0067	0.0067	0.0067	0.0067	0.0067	0.0067	0.0067	0.0067	0.0067	0.0067	0.0067	0.0067	0.0067	0.0067	0.0067	0.0067	0.0158	0.0067	0.0067	0.0067	0.0067	0.0067	0.0067	0.0067	0.0067	0.0067	0.0067	0.0067	0.0067	0.0067	0.0067	0.0067	0.0067	0.0067	0.0067	0.0067	0.0067	0.0067	0.0067	0.0067	0.0067	0.0067	0.0067	0.0067	0.0067	0.0067	0.0067	0.0067	0.0067	0.0067	0.0067	0.0067	0.0067	0.0067	0.0067	0.0067	0.0067	0.0067	0.0067	0.0067	0.0067	0.0067	0.0067	0.0067	0.0067	0.0067	0.0067	0.0067	0.0067	0.0067	0.0067	0.0067	0.0158	0.0067	0.0067	0.0067	0.0067	0.0067	0.0067	0.0067	0.0067	0.0067	0.0067	0.0067	0.0067	0.0067	0.0067	0.0067	0.0067	0.0067	0.0067	0.0067	0.0067	0.0067	0.0067	0.0067	0.0067	0.0067	0.0274	0.0274	0.0274	0.0274	0.0274	0.0274	0.0274	0.0274	0.0274	0.0274	0.0274	0.0274	0.0274	0.0274	0.0274	0.0274	0.0274	0.0274	0.0274	0.0274	0.0274	0.0274	0.0274	0.0274	0.0274	0.0274	0.0274	0.0274	0.0274	0.0274	0.0274	0.0274	0.0274	0.0274	0.0274	0.0274	0.0274	0.0274	0.0274	0.0274	0.0274	0.0274	0.0274	0.0274	0.0274	0.0274	0.0274	0.0274	0.0274
42	0.7649	0.7649	0.7649	0.7649	0.7649	0.7649	0.7649	0.7649	0.7649	0.7649	0.7649	0.7649	0.7649	0.7649	0.7649	0.7649	0.7649	0.7649	0.7649	0.0114	0.0114	0.0114	0.0114	0.0114	0.0114	0.0114	0.0114	0.0114	0.0114	0.0114	0.0114	0.0114	0.0114	0.0267	0.0114	0.0114	0.0114	0.0114	0.0114	0.0114	0.0114	0.0114	0.0114	0.0114	0.0114	0.0114	0.0114	0.0114	0.0114	0.0114	0.0114	0.0114	0.0114	0.0114	0.0114	0.0114	0.0114	0.0114	0.0114	0.0114	0.0114	0.0114	0.0114	0.0267	0.0114	0.0114	0.0267	0.0114	0.0114	0.0114	0.0114	0.0114	0.0114	0.0114	0.0114	0.0114	0.0114	0.0114	0.0114	0.0114	0.0114	0.0114	0.0114	0.0114	0.0114	0.0114	0.0114	0.0114	0.0114	0.0114	0.0114	0.0114	0.0114	0.0114	0.0114	0.0114	0.0114	0.0114	0.0114	0.0114	0.0114	0.0114	0.0114	0.0114	0.0267	0.0114	0.0114	0.0114	0.0114	0.0114	0.0114	0.0114	0.0114	0.0114	0.0114	0.0114	0.0114	0.0114	0.0114	0.0114	0.0114	0.0114	0.0114	0.0114	0.0114	0.0114	0.0114	0.0114	0.0114	0.0267	0.0114	0.0114	0.0114	0.0114	0.0114	0.0114	0.0114	0.0114	0.0114	0.0114	0.0114	0.0114	0.0114	0.0114	0.0114	0.0114	0.0114	0.0114	0.0114	0.0114	0.0114	0.0114	0.0114	0.0114	0.0114	0.0114	0.0114	0.0114	0.0114	0.0114	0.0114	0.0114	0.0114	0.0114	0.0114	0.0114	0.0114	0.0114	0.0114	0.0267	0.0114	0.0114	0.0114	0.0114	0.0114	0.0114	0.0114	0.0114	0.0114	0.0114	0.0114	0.0114	0.0114	0.0114	0.0114	0.0114	0.0114	0.0114	0.0114	0.0114	0.0114	0.0114	0.0114	0.0114	0.0114	0.0114	0.0114	0.0114	0.0114	0.0114	0.0114	0.0114	0.0114	0.0114	0.0114	0.0114	0.0114	0.0114	0.0114	0.0114	0.0114	0.0114	0.0114	0.0114	0.0114	0.0114	0.0114	0.0114	0.0114	0.0114	0.0114	0.0114	0.0114	0.0114	0.0114	0.0267	0.0114	0.0114	0.0114	0.0114	0.0114	0.0114	0.0114	0.0114	0.0114	0.0114	0.0114	0.0114	0.0114	0.0114	0.0114	0.0114	0.0114	0.0114	0.0114	0.0114	0.0114	0.0114	0.0114	0.0114	0.0114	0.0096	0.0096	0.0096	0.0096	0.0096	0.0096	0.0096	0.0096	0.0096	0.0096	0.0096	0.0096	0.0096	0.0096	0.0096	0.0096	0.0096	0.0096	0.0096	0.0096	0.0096	0.0096	0.0096	0.0096	0.0096	0.0096	0.0096	0.0096	0.0096	0.0096	0.0096	0.0096	0.0096	0.0096	0.0096	0.0096	0.0096	0.0096	0.0096	0.0096	0.0096	0.0096	0.0096	0.0096	0.0096	0.0096	0.0096	0.0096	0.0096
43	0.8859	0.8859	0.8859	0.8859	0.8859	0.8859	0.8859	0.8859	0.8859	0.8859	0.8859	0.8859	0.8859	0.8859	0.8859	0.8859	0.8859	0.8859	0.8859	0.0072	0.0072	0.0072	0.0072	0.0072	0.0072	0.0072	0.0072	0.0072	0.0072	0.0072	0.0072	0.0072	0.0072	0.0063	0.0072	0.0072	0.0072	0.0072	0.0072	0.0072	0.0072	0.0072	0.0072	0.0072	0.0072	0.0072	0.0072	0.0072	0.0072	0.0072	0.0072	0.0072	0.0072	0.0072	0.0072	0.0072	0.0072	0.0072	0.0072	0.0072	0.0072	0.0072	0.0072	0.0063	0.0072	0.0072	0.0063	0.0072	0.0072	0.0072	0.0072	0.0072	0.0072	0.0072	0.0072	0.0072	0.0072	0.0072	0.0072	0.0072	0.0072	0.0072	0.0072	0.0072	0.0072	0.0072	0.0072	0.0072	0.0072	0.0072	0.0072	0.0072	0.0072	0.0072	0.0072	0.0072	0.0072	0.0072	0.0072	0.0072	0.0072	0.0072	0.0072	0.0072	0.0063	0.0072	0.0072	0.0072	0.0072	0.0072	0.0072	0.0072	0.0072	0.0072	0.0072	0.0072	0.0072	0.0072	0.0072	0.0072	0.0072	0.0072	0.0072	0.0072	0.0072	0.0072	0.0072	0.0072	0.0072	0.0063	0.0072	0.0072	0.0072	0.0072	0.0072	0.0072	0.0072	0.0072	0.0072	0.0072	0.0072	0.0072	0.0072	0.0072	0.0072	0.0072	0.0072	0.0072	0.0072	0.0072	0.0072	0.0072	0.0072	0.0072	0.0072	0.0072	0.0072	0.0072	0.0072	0.0072	0.0072	0.0072	0.0072	0.0072	0.0072	0.0072	0.0072	0.0072	0.0072	0.0063	0.0072	0.0072	0.0072	0.0072	0.0072	0.0072	0.0072	0.0072	0.0072	0.0072	0.0072	0.0072	0.0072	0.0072	0.0072	0.0072	0.0072	0.0072	0.0072	0.0072	0.0072	0.0072	0.0072	0.0072	0.0072	0.0072	0.0072	0.0072	0.0072	0.0072	0.0072	0.0072	0.0072	0.0072	0.0072	0.0072	0.0072	0.0072	0.0072	0.0072	0.0072	0.0072	0.0072	0.0072	0.0072	0.0072	0.0072	0.0072	0.0072	0.0072	0.0072	0.0072	0.0072	0.0072	0.0072	0.0063	0.0072	0.0072	0.0072	0.0072	0.0072	0.0072	0.0072	0.0072	0.0072	0.0072	0.0072	0.0072	0.0072	0.0072	0.0072	0.0072	0.0072	0.0072	0.0072	0.0072	0.0072	0.0072	0.0072	0.0072	0.0072	0.0093	0.0093	0.0093	0.0093	0.0093	0.0093	0.0093	0.0093	0.0093	0.0093	0.0093	0.0093	0.0093	0.0093	0.0093	0.0093	0.0093	0.0093	0.0093	0.0093	0.0093	0.0093	0.0093	0.0093	0.0093	0.0093	0.0093	0.0093	0.0093	0.0093	0.0093	0.0093	0.0093	0.0093	0.0093	0.0093	0.0093	0.0093	0.0093	0.0093	0.0093	0.0093	0.0093	0.0093	0.0093	0.0093	0.0093	0.0093	0.0093
44	0.9599	0.9599	0.9599	0.9599	0.9599	0.9599	0.9599	0.9599	0.9599	0.9599	0.9599	0.9599	0.9599	0.9599	0.9599	0.9599	0.9599	0.9599	0.9599	0.0355	0.0355	0.0355	0.0355	0.0355	0.0355	0.0355	0.0355	0.0355	0.0355	0.0355	0.0355	0.0355	0.0355	0.0269	0.0355	0.0355	0.0355	0.0355	0.0355	0.0355	0.0355	0.0355	0.0355	0.0355	0.0355	0.0355	0.0355	0.0355	0.0355	0.0355	0.0355	0.0355	0.0355	0.0355	0.0355	0.0355	0.0355	0.0355	0.0355	0.0355	0.0355	0.0355	0.0355	0.0269	0.0355	0.0355	0.0269	0.0355	0.0355	0.0355	0.0355	0.0355	0.0355	0.0355	0.0355	0.0355	0.0355	0.0355	0.0355	0.0355	0.0355	0.0355	0.0355	0.0355	0.0355	0.0355	0.0355	0.0355	0.0355	0.0355	0.0355	0.0355	0.0355	0.0355	0.0355	0.0355	0.0355	0.0355	0.0355	0.0355	0.0355	0.0355	0.0355	0.0355	0.0269	0.0355	0.0355	0.0355	0.0355	0.0355	0.0355	0.0355	0.0355	0.0355	0.0355	0.0355	0.0355	0.0355	0.0355	0.0355	0.0355	0.0355	0.0355	0.0355	0.0355	0.0355	0.0355	0.0355	0.0355	0.0269	0.0355	0.0355	0.0355	0.0355	0.0355	0.0355	0.0355	0.0355	0.0355	0.0355	0.0355	0.0355	0.0355	0.0355	0.0355	0.0355	0.0355	0.0355	0.0355	0.0355	0.0355	0.0355	0.0355	0.0355	0.0355	0.0355	0.0355	0.0355	0.0355	0.0355	0.0355	0.0355	0.0355	0.0355	0.0355	0.0355	0.0355	0.0355	0.0355	0.0269	0.0355	0.0355	0.0355	0.0355	0.0355	0.0355	0.0355	0.0355	0.0355	0.0355	0.0355	0.0355	0.0355	0.0355	0.0355	0.0355	0.0355	0.0355	0.0355	0.0355	0.0355	0.0355	0.0355	0.0355	0.0355	0.0355	0.0355	0.0355	0.0355	0.0355	0.0355	0.0355	0.0355	0.0355	0.0355	0.0355	0.0355	0.0355	0.0355	0.0355	0.0355	0.0355	0.0355	0.0355	0.0355	0.0355	0.0355	0.0355	0.0355	0.0355	0.0355	0.0355	0.0355	0.0355	0.0355	0.0269	0.0355	0.0355	0.0355	0.0355	0.0355	0.0355	0.0355	0.0355	0.0355	0.0355	0.0355	0.0355	0.0355	0.0355	0.0355	0.0355	0.0355	0.0355	0.0355	0.0355	0.0355	0.0355	0.0355	0.0355	0.0355	0.0106	0.0106	0.0106	0.0106	0.0106	0.0106	0.0106	0.0106	0.0106	0.0106	0.0106	0.0106	0.0106	0.0106	0.0106	0.0106	0.0106	0.0106	0.0106	0.0106	0.0106	0.0106	0.0106	0.0106	0.0106	0.0106	0.0106	0.0106	0.0106	0.0106	0.0106	0.0106	0.0106	0.0106	0.0106	0.0106	0.0106	0.0106	0.0106	0.0106	0.0106	0.0106	0.0106	0.0106	0.0106	0.0106	0.0106	0.0106	0.0106
45	0.0264	0.0264	0.0264	0.0264	0.0264	0.0264	0.0264	0.0264	0.0264	0.0264	0.0264	0.0264	0.0264	0.0264	0.0264	0.0264	0.0264	0.0264	0.0264	0.006	0.006	0.006	0.006	0.006	0.006	0.006	0.006	0.006	0.006	0.006	0.006	0.006	0.006	0.0085	0.006	0.006	0.006	0.006	0.006	0.006	0.006	0.006	0.006	0.006	0.006	0.006	0.006	0.006	0.006	0.006	0.006	0.006	0.006	0.006	0.006	0.006	0.006	0.006	0.006	0.006	0.006	0.006	0.006	0.0085	0.006	0.006	0.0085	0.006	0.006	0.006	0.006	0.006	0.006	0.006	0.006	0.006	0.006	0.006	0.006	0.006	0.006	0.006	0.006	0.006	0.006	0.006	0.006	0.006	0.006	0.006	0.006	0.006	0.006	0.006	0.006	0.006	0.006	0.006	0.006	0.006	0.006	0.006	0.006	0.006	0.0085	0.006	0.006	0.006	0.006	0.006	0.006	0.006	0.006	0.006	0.006	0.006	0.006	0.006	0.006	0.006	0.006	0.006	0.006	0.006	0.006	0.006	0.006	0.006	0.006	0.0085	0.006	0.006	0.006	0.006	0.006	0.006	0.006	0.006	0.006	0.006	0.006	0.006	0.006	0.006	0.006	0.006	0.006	0.006	0.006	0.006	0.006	0.006	0.006	0.006	0.006	0.006	0.006	0.006	0.006	0.006	0.006	0.006	0.006	0.006	0.006	0.006	0.006	0.006	0.006	0.0085	0.006	0.006	0.006	0.006	0.006	0.006	0.006	0.006	0.006	0.006	0.006	0.006	0.006	0.006	0.006	0.006	0.006	0.006	0.006	0.006	0.006	0.006	0.006	0.006	0.006	0.006	0.006	0.006	0.006	0.006	0.006	0.006	0.006	0.006	0.006	0.006	0.006	0.006	0.006	0.006	0.006	0.006	0.006	0.006	0.006	0.006	0.006	0.006	0.006	0.006	0.006	0.006	0.006	0.006	0.006	0.0085	0.006	0.006	0.006	0.006	0.006	0.006	0.006	0.006	0.006	0.006	0.006	0.006	0.006	0.006	0.006	0.006	0.006	0.006	0.006	0.006	0.006	0.006	0.006	0.006	0.006	0.966	0.966	0.966	0.966	0.966	0.966	0.966	0.966	0.966	0.966	0.966	0.966	0.966	0.966	0.966	0.966	0.966	0.966	0.966	0.966	0.966	0.966	0.966	0.966	0.966	0.966	0.966	0.966	0.966	0.966	0.966	0.966	0.966	0.966	0.966	0.966	0.966	0.966	0.966	0.966	0.966	0.966	0.966	0.966	0.966	0.966	0.966	0.966	0.966
46	0.0207	0.0207	0.0207	0.0207	0.0207	0.0207	0.0207	0.0207	0.0207	0.0207	0.0207	0.0207	0.0207	0.0207	0.0207	0.0207	0.0207	0.0207	0.0207	0.009	0.009	0.009	0.009	0.009	0.009	0.009	0.009	0.009	0.009	0.009	0.009	0.009	0.009	0.0074	0.009	0.009	0.009	0.009	0.009	0.009	0.009	0.009	0.009	0.009	0.009	0.009	0.009	0.009	0.009	0.009	0.009	0.009	0.009	0.009	0.009	0.009	0.009	0.009	0.009	0.009	0.009	0.009	0.009	0.0074	0.009	0.009	0.0074	0.009	0.009	0.009	0.009	0.009	0.009	0.009	0.009	0.009	0.009	0.009	0.009	0.009	0.009	0.009	0.009	0.009	0.009	0.009	0.009	0.009	0.009	0.009	0.009	0.009	0.009	0.009	0.009	0.009	0.009	0.009	0.009	0.009	0.009	0.009	0.009	0.009	0.0074	0.009	0.009	0.009	0.009	0.009	0.009	0.009	0.009	0.009	0.009	0.009	0.009	0.009	0.009	0.009	0.009	0.009	0.009	0.009	0.009	0.009	0.009	0.009	0.009	0.0074	0.009	0.009	0.009	0.009	0.009	0.009	0.009	0.009	0.009	0.009	0.009	0.009	0.009	0.009	0.009	0.009	0.009	0.009	0.009	0.009	0.009	0.009	0.009	0.009	0.009	0.009	0.009	0.009	0.009	0.009	0.009	0.009	0.009	0.009	0.009	0.009	0.009	0.009	0.009	0.0074	0.009	0.009	0.009	0.009	0.009	0.009	0.009	0.009	0.009	0.009	0.009	0.009	0.009	0.009	0.009	0.009	0.009	0.009	0.009	0.009	0.009	0.009	0.009	0.009	0.009	0.009	0.009	0.009	0.009	0.009	0.009	0.009	0.009	0.009	0.009	0.009	0.009	0.009	0.009	0.009	0.009	0.009	0.009	0.009	0.009	0.009	0.009	0.009	0.009	0.009	0.009	0.009	0.009	0.009	0.009	0.0074	0.009	0.009	0.009	0.009	0.009	0.009	0.009	0.009	0.009	0.009	0.009	0.009	0.009	0.009	0.009	0.009	0.009	0.009	0.009	0.009	0.009	0.009	0.009	0.009	0.009	0.9329	0.9329	0.9329	0.9329	0.9329	0.9329	0.9329	0.9329	0.9329	0.9329	0.9329	0.9329	0.9329	0.9329	0.9329	0.9329	0.9329	0.9329	0.9329	0.9329	0.9329	0.9329	0.9329	0.9329	0.9329	0.9329	0.9329	0.9329	0.9329	0.9329	0.9329	0.9329	0.9329	0.9329	0.9329	0.9329	0.9329	0.9329	0.9329	0.9329	0.9329	0.9329	0.9329	0.9329	0.9329	0.9329	0.9329	0.9329	0.9329
47	0.024	0.024	0.024	0.024	0.024	0.024	0.024	0.024	0.024	0.024	0.024	0.024	0.024	0.024	0.024	0.024	0.024	0.024	0.024	0.0145	0.0145	0.0145	0.0145	0.0145	0.0145	0.0145	0.0145	0.0145	0.0145	0.0145	0.0145	0.0145	0.0145	0.0265	0.0145	0.0145	0.0145	0.0145	0.0145	0.0145	0.0145	0.0145	0.0145	0.0145	0.0145	0.0145	0.0145	0.0145	0.0145	0.0145	0.0145	0.0145	0.0145	0.0145	0.0145	0.0145	0.0145	0.0145	0.0145	0.0145	0.0145	0.0145	0.0145	0.0265	0.0145	0.0145	0.0265	0.0145	0.0145	0.0145	0.0145	0.0145	0.0145	0.0145	0.0145	0.0145	0.0145	0.0145	0.0145	0.0145	0.0145	0.0145	0.0145	0.0145	0.0145	0.0145	0.0145	0.0145	0.0145	0.0145	0.0145	0.0145	0.0145	0.0145	0.0145	0.0145	0.0145	0.0145	0.0145	0.0145	0.0145	0.0145	0.0145	0.0145	0.0265	0.0145	0.0145	0.0145	0.0145	0.0145	0.0145	0.0145	0.0145	0.0145	0.0145	0.0145	0.0145	0.0145	0.0145	0.0145	0.0145	0.0145	0.0145	0.0145	0.0145	0.0145	0.0145	0.0145	0.0145	0.0265	0.0145	0.0145	0.0145	0.0145	0.0145	0.0145	0.0145	0.0145	0.0145	0.0145	0.0145	0.0145	0.0145	0.0145	0.0145	0.0145	0.0145	0.0145	0.0145	0.0145	0.0145	0.0145	0.0145	0.0145	0.0145	0.0145	0.0145	0.0145	0.0145	0.0145	0.0145	0.0145	0.0145	0.0145	0.0145	0.0145	0.0145	0.0145	0.0145	0.0265	0.0145	0.0145	0.0145	0.0145	0.0145	0.0145	0.0145	0.0145	0.0145	0.0145	0.0145	0.0145	0.0145	0.0145	0.0145	0.0145	0.0145	0.0145	0.0145	0.0145	0.0145	0.0145	0.0145	0.0145	0.0145	0.0145	0.0145	0.0145	0.0145	0.0145	0.0145	0.0145	0.0145	0.0145	0.0145	0.0145	0.0145	0.0145	0.0145	0.0145	0.0145	0.0145	0.0145	0.0145	0.0145	0.0145	0.0145	0.0145	0.0145	0.0145	0.0145	0.0145	0.0145	0.0145	0.0145	0.0265	0.0145	0.0145	0.0145	0.0145	0.0145	0.0145	0.0145	0.0145	0.0145	0.0145	0.0145	0.0145	0.0145	0.0145	0.0145	0.0145	0.0145	0.0145	0.0145	0.0145	0.0145	0.0145	0.0145	0.0145	0.0145	0.8923	0.8923	0.8923	0.8923	0.8923	0.8923	0.8923	0.8923	0.8923	0.8923	0.8923	0.8923	0.8923	0.8923	0.8923	0.8923	0.8923	0.8923	0.8923	0.8923	0.8923	0.8923	0.8923	0.8923	0.8923	0.8923	0.8923	0.8923	0.8923	0.8923	0.8923	0.8923	0.8923	0.8923	0.8923	0.8923	0.8923	0.8923	0.8923	0.8923	0.8923	0.8923	0.8923	0.8923	0.8923	0.8923	0.8923	0.8923	0.8923
48	0.0111	0.0111	0.0111	0.0111	0.0111	0.0111	0.0111	0.0111	0.0111	0.0111	0.0111	0.0111	0.0111	0.0111	0.0111	0.0111	0.0111	0.0111	0.0111	0.0096	0.0096	0.0096	0.0096	0.0096	0.0096	0.0096	0.0096	0.0096	0.0096	0.0096	0.0096	0.0096	0.0096	0.0087	0.0096	0.0096	0.0096	0.0096	0.0096	0.0096	0.0096	0.0096	0.0096	0.0096	0.0096	0.0096	0.0096	0.0096	0.0096	0.0096	0.0096	0.0096	0.0096	0.0096	0.0096	0.0096	0.0096	0.0096	0.0096	0.0096	0.0096	0.0096	0.0096	0.0087	0.0096	0.0096	0.0087	0.0096	0.0096	0.0096	0.0096	0.0096	0.0096	0.0096	0.0096	0.0096	0.0096	0.0096	0.0096	0.0096	0.0096	0.0096	0.0096	0.0096	0.0096	0.0096	0.0096	0.0096	0.0096	0.0096	0.0096	0.0096	0.0096	0.0096	0.0096	0.0096	0.0096	0.0096	0.0096	0.0096	0.0096	0.0096	0.0096	0.0096	0.0087	0.0096	0.0096	0.0096	0.0096	0.0096	0.0096	0.0096	0.0096	0.0096	0.0096	0.0096	0.0096	0.0096	0.0096	0.0096	0.0096	0.0096	0.0096	0.0096	0.0096	0.0096	0.0096	0.0096	0.0096	0.0087	0.0096	0.0096	0.0096	0.0096	0.0096	0.0096	0.0096	0.0096	0.0096	0.0096	0.0096	0.0096	0.0096	0.0096	0.0096	0.0096	0.0096	0.0096	0.0096	0.0096	0.0096	0.0096	0.0096	0.0096	0.0096	0.0096	0.0096	0.0096	0.0096	0.0096	0.0096	0.0096	0.0096	0.0096	0.0096	0.0096	0.0096	0.0096	0.0096	0.0087	0.0096	0.0096	0.0096	0.0096	0.0096	0.0096	0.0096	0.0096	0.0096	0.0096	0.0096	0.0096	0.0096	0.0096	0.0096	0.0096	0.0096	0.0096	0.0096	0.0096	0.0096	0.0096	0.0096	0.0096	0.0096	0.0096	0.0096	0.0096	0.0096	0.0096	0.0096	0.0096	0.0096	0.0096	0.0096	0.0096	0.0096	0.0096	0.0096	0.0096	0.0096	0.0096	0.0096	0.0096	0.0096	0.0096	0.0096	0.0096	0.0096	0.0096	0.0096	0.0096	0.0096	0.0096	0.0096	0.0087	0.0096	0.0096	0.0096	0.0096	0.0096	0.0096	0.0096	0.0096	0.0096	0.0096	0.0096	0.0096	0.0096	0.0096	0.0096	0.0096	0.0096	0.0096	0.0096	0.0096	0.0096	0.0096	0.0096	0.0096	0.0096	0.9514	0.9514	0.9514	0.9514	0.9514	0.9514	0.9514	0.9514	0.9514	0.9514	0.9514	0.9514	0.9514	0.9514	0.9514	0.9514	0.9514	0.9514	0.9514	0.9514	0.9514	0.9514	0.9514	0.9514	0.9514	0.9514	0.9514	0.9514	0.9514	0.9514	0.9514	0.9514	0.9514	0.9514	0.9514	0.9514	0.9514	0.9514	0.9514	0.9514	0.9514	0.9514	0.9514	0.9514	0.9514	0.9514	0.9514	0.9514	0.9514
49	0.0831	0.0831	0.0831	0.0831	0.0831	0.0831	0.0831	0.0831	0.0831	0.0831	0.0831	0.0831	0.0831	0.0831	0.0831	0.0831	0.0831	0.0831	0.0831	0.0162	0.0162	0.0162	0.0162	0.0162	0.0162	0.0162	0.0162	0.0162	0.0162	0.0162	0.0162	0.0162	0.0162	0.0089	0.0162	0.0162	0.0162	0.0162	0.0162	0.0162	0.0162	0.0162	0.0162	0.0162	0.0162	0.0162	0.0162	0.0162	0.0162	0.0162	0.0162	0.0162	0.0162	0.0162	0.0162	0.0162	0.0162	0.0162	0.0162	0.0162	0.0162	0.0162	0.0162	0.0089	0.0162	0.0162	0.0089	0.0162	0.0162	0.0162	0.0162	0.0162	0.0162	0.0162	0.0162	0.0162	0.0162	0.0162	0.0162	0.0162	0.0162	0.0162	0.0162	0.0162	0.0162	0.0162	0.0162	0.0162	0.0162	0.0162	0.0162	0.0162	0.0162	0.0162	0.0162	0.0162	0.0162	0.0162	0.0162	0.0162	0.0162	0.0162	0.0162	0.0162	0.0089	0.0162	0.0162	0.0162	0.0162	0.0162	0.0162	0.0162	0.0162	0.0162	0.0162	0.0162	0.0162	0.0162	0.0162	0.0162	0.0162	0.0162	0.0162	0.0162	0.0162	0.0162	0.0162	0.0162	0.0162	0.0089	0.0162	0.0162	0.0162	0.0162	0.0162	0.0162	0.0162	0.0162	0.0162	0.0162	0.0162	0.0162	0.0162	0.0162	0.0162	0.0162	0.0162	0.0162	0.0162	0.0162	0.0162	0.0162	0.0162	0.0162	0.0162	0.0162	0.0162	0.0162	0.0162	0.0162	0.0162	0.0162	0.0162	0.0162	0.0162	0.0162	0.0162	0.0162	0.0162	0.0089	0.0162	0.0162	0.0162	0.0162	0.0162	0.0162	0.0162	0.0162	0.0162	0.0162	0.0162	0.0162	0.0162	0.0162	0.0162	0.0162	0.0162	0.0162	0.0162	0.0162	0.0162	0.0162	0.0162	0.0162	0.0162	0.0162	0.0162	0.0162	0.0162	0.0162	0.0162	0.0162	0.0162	0.0162	0.0162	0.0162	0.0162	0.0162	0.0162	0.0162	0.0162	0.0162	0.0162	0.0162	0.0162	0.0162	0.0162	0.0162	0.0162	0.0162	0.0162	0.0162	0.0162	0.0162	0.0162	0.0089	0.0162	0.0162	0.0162	0.0162	0.0162	0.0162	0.0162	0.0162	0.0162	0.0162	0.0162	0.0162	0.0162	0.0162	0.0162	0.0162	0.0162	0.0162	0.0162	0.0162	0.0162	0.0162	0.0162	0.0162	0.0162	0.9174	0.9174	0.9174	0.9174	0.9174	0.9174	0.9174	0.9174	0.9174	0.9174	0.9174	0.9174	0.9174	0.9174	0.9174	0.9174	0.9174	0.9174	0.9174	0.9174	0.9174	0.9174	0.9174	0.9174	0.9174	0.9174	0.9174	0.9174	0.9174	0.9174	0.9174	0.9174	0.9174	0.9174	0.9174	0.9174	0.9174	0.9174	0.9174	0.9174	0.9174	0.9174	0.9174	0.9174	0.9174	0.9174	0.9174	0.9174	0.9174
50	0.0166	0.0166	0.0166	0.0166	0.0166	0.0166	0.0166	0.0166	0.0166	0.0166	0.0166	0.0166	0.0166	0.0166	0.0166	0.0166	0.0166	0.0166	0.0166	0.023	0.023	0.023	0.023	0.023	0.023	0.023	0.023	0.023	0.023	0.023	0.023	0.023	0.023	0.0174	0.023	0.023	0.023	0.023	0.023	0.023	0.023	0.023	0.023	0.023	0.023	0.023	0.023	0.023	0.023	0.023	0.023	0.023	0.023	0.023	0.023	0.023	0.023	0.023	0.023	0.023	0.023	0.023	0.023	0.0174	0.023	0.023	0.0174	0.023	0.023	0.023	0.023	0.023	0.023	0.023	0.023	0.023	0.023	0.023	0.023	0.023	0.023	0.023	0.023	0.023	0.023	0.023	0.023	0.023	0.023	0.023	0.023	0.023	0.023	0.023	0.023	0.023	0.023	0.023	0.023	0.023	0.023	0.023	0.023	0.023	0.0174	0.023	0.023	0.023	0.023	0.023	0.023	0.023	0.023	0.023	0.023	0.023	0.023	0.023	0.023	0.023	0.023	0.023	0.023	0.023	0.023	0.023	0.023	0.023	0.023	0.0174	0.023	0.023	0.023	0.023	0.023	0.023	0.023	0.023	0.023	0.023	0.023	0.023	0.023	0.023	0.023	0.023	0.023	0.023	0.023	0.023	0.023	0.023	0.023	0.023	0.023	0.023	0.023	0.023	0.023	0.023	0.023	0.023	0.023	0.023	0.023	0.023	0.023	0.023	0.023	0.0174	0.023	0.023	0.023	0.023	0.023	0.023	0.023	0.023	0.023	0.023	0.023	0.023	0.023	0.023	0.023	0.023	0.023	0.023	0.023	0.023	0.023	0.023	0.023	0.023	0.023	0.023	0.023	0.023	0.023	0.023	0.023	0.023	0.023	0.023	0.023	0.023	0.023	0.023	0.023	0.023	0.023	0.023	0.023	0.023	0.023	0.023	0.023	0.023	0.023	0.023	0.023	0.023	0.023	0.023	0.023	0.0174	0.023	0.023	0.023	0.023	0.023	0.023	0.023	0.023	0.023	0.023	0.023	0.023	0.023	0.023	0.023	0.023	0.023	0.023	0.023	0.023	0.023	0.023	0.023	0.023	0.023	0.8771	0.8771	0.8771	0.8771	0.8771	0.8771	0.8771	0.8771	0.8771	0.8771	0.8771	0.8771	0.8771	0.8771	0.8771	0.8771	0.8771	0.8771	0.8771	0.8771	0.8771	0.8771	0.8771	0.8771	0.8771	0.8771	0.8771	0.8771	0.8771	0.8771	0.8771	0.8771	0.8771	0.8771	0.8771	0.8771	0.8771	0.8771	0.8771	0.8771	0.8771	0.8771	0.8771	0.8771	0.8771	0.8771	0.8771	0.8771	0.8771
51	0.0717	0.0717	0.0717	0.0717	0.0717	0.0717	0.0717	0.0717	0.0717	0.0717	0.0717	0.0717	0.0717	0.0717	0.0717	0.0717	0.0717	0.0717	0.0717	0.0015	0.0015	0.0015	0.0015	0.0015	0.0015	0.0015	0.0015	0.0015	0.0015	0.0015	0.0015	0.0015	0.0015	0.0085	0.0015	0.0015	0.0015	0.0015	0.0015	0.0015	0.0015	0.0015	0.0015	0.0015	0.0015	0.0015	0.0015	0.0015	0.0015	0.0015	0.0015	0.0015	0.0015	0.0015	0.0015	0.0015	0.0015	0.0015	0.0015	0.0015	0.0015	0.0015	0.0015	0.0085	0.0015	0.0015	0.0085	0.0015	0.0015	0.0015	0.0015	0.0015	0.0015	0.0015	0.0015	0.0015	0.0015	0.0015	0.0015	0.0015	0.0015	0.0015	0.0015	0.0015	0.0015	0.0015	0.0015	0.0015	0.0015	0.0015	0.0015	0.0015	0.0015	0.0015	0.0015	0.0015	0.0015	0.0015	0.0015	0.0015	0.0015	0.0015	0.0015	0.0015	0.0085	0.0015	0.0015	0.0015	0.0015	0.0015	0.0015	0.0015	0.0015	0.0015	0.0015	0.0015	0.0015	0.0015	0.0015	0.0015	0.0015	0.0015	0.0015	0.0015	0.0015	0.0015	0.0015	0.0015	0.0015	0.0085	0.0015	0.0015	0.0015	0.0015	0.0015	0.0015	0.0015	0.0015	0.0015	0.0015	0.0015	0.0015	0.0015	0.0015	0.0015	0.0015	0.0015	0.0015	0.0015	0.0015	0.0015	0.0015	0.0015	0.0015	0.0015	0.0015	0.0015	0.0015	0.0015	0.0015	0.0015	0.0015	0.0015	0.0015	0.0015	0.0015	0.0015	0.0015	0.0015	0.0085	0.0015	0.0015	0.0015	0.0015	0.0015	0.0015	0.0015	0.0015	0.0015	0.0015	0.0015	0.0015	0.0015	0.0015	0.0015	0.0015	0.0015	0.0015	0.0015	0.0015	0.0015	0.0015	0.0015	0.0015	0.0015	0.0015	0.0015	0.0015	0.0015	0.0015	0.0015	0.0015	0.0015	0.0015	0.0015	0.0015	0.0015	0.0015	0.0015	0.0015	0.0015	0.0015	0.0015	0.0015	0.0015	0.0015	0.0015	0.0015	0.0015	0.0015	0.0015	0.0015	0.0015	0.0015	0.0015	0.0085	0.0015	0.0015	0.0015	0.0015	0.0015	0.0015	0.0015	0.0015	0.0015	0.0015	0.0015	0.0015	0.0015	0.0015	0.0015	0.0015	0.0015	0.0015	0.0015	0.0015	0.0015	0.0015	0.0015	0.0015	0.0015	0.0261	0.0261	0.0261	0.0261	0.0261	0.0261	0.0261	0.0261	0.0261	0.0261	0.0261	0.0261	0.0261	0.0261	0.0261	0.0261	0.0261	0.0261	0.0261	0.0261	0.0261	0.0261	0.0261	0.0261	0.0261	0.0261	0.0261	0.0261	0.0261	0.0261	0.0261	0.0261	0.0261	0.0261	0.0261	0.0261	0.0261	0.0261	0.0261	0.0261	0.0261	0.0261	0.0261	0.0261	0.0261	0.0261	0.0261	0.0261	0.0261
52	0.8573	0.8573	0.8573	0.8573	0.8573	0.8573	0.8573	0.8573	0.8573	0.8573	0.8573	0.8573	0.8573	0.8573	0.8573	0.8573	0.8573	0.8573	0.8573	0.8647	0.8647	0.8647	0.8647	0.8647	0.8647	0.8647	0.8647	0.8647	0.8647	0.8647	0.8647	0.8647	0.8647	0.9158	0.8647	0.8647	0.8647	0.8647	0.8647	0.8647	0.8647	0.8647	0.8647	0.8647	0.8647	0.8647	0.8647	0.8647	0.8647	0.8647	0.8647	0.8647	0.8647	0.8647	0.8647	0.8647	0.8647	0.8647	0.8647	0.8647	0.8647	0.8647	0.8647	0.9158	0.8647	0.8647	0.9158	0.8647	0.8647	0.8647	0.8647	0.8647	0.8647	0.8647	0.8647	0.8647	0.8647	0.8647	0.8647	0.8647	0.8647	0.8647	0.8647	0.8647	0.8647	0.8647	0.8647	0.8647	0.8647	0.8647	0.8647	0.8647	0.8647	0.8647	0.8647	0.8647	0.8647	0.8647	0.8647	0.8647	0.8647	0.8647	0.8647	0.8647	0.9158	0.8647	0.8647	0.8647	0.8647	0.8647	0.8647	0.8647	0.8647	0.8647	0.8647	0.8647	0.8647	0.8647	0.8647	0.8647	0.8647	0.8647	0.8647	0.8647	0.8647	0.8647	0.8647	0.8647	0.8647	0.9158	0.8647	0.8647	0.8647	0.8647	0.8647	0.8647	0.8647	0.8647	0.8647	0.8647	0.8647	0.8647	0.8647	0.8647	0.8647	0.8647	0.8647	0.8647	0.8647	0.8647	0.8647	0.8647	0.8647	0.8647	0.8647	0.8647	0.8647	0.8647	0.8647	0.8647	0.8647	0.8647	0.8647	0.8647	0.8647	0.8647	0.8647	0.8647	0.8647	0.9158	0.8647	0.8647	0.8647	0.8647	0.8647	0.8647	0.8647	0.8647	0.8647	0.8647	0.8647	0.8647	0.8647	0.8647	0.8647	0.8647	0.8647	0.8647	0.8647	0.8647	0.8647	0.8647	0.8647	0.8647	0.8647	0.8647	0.8647	0.8647	0.8647	0.8647	0.8647	0.8647	0.8647	0.8647	0.8647	0.8647	0.8647	0.8647	0.8647	0.8647	0.8647	0.8647	0.8647	0.8647	0.8647	0.8647	0.8647	0.8647	0.8647	0.8647	0.8647	0.8647	0.8647	0.8647	0.8647	0.9158	0.8647	0.8647	0.8647	0.8647	0.8647	0.8647	0.8647	0.8647	0.8647	0.8647	0.8647	0.8647	0.8647	0.8647	0.8647	0.8647	0.8647	0.8647	0.8647	0.8647	0.8647	0.8647	0.8647	0.8647	0.8647	0.9143	0.9143	0.9143	0.9143	0.9143	0.9143	0.9143	0.9143	0.9143	0.9143	0.9143	0.9143	0.9143	0.9143	0.9143	0.9143	0.9143	0.9143	0.9143	0.9143	0.9143	0.9143	0.9143	0.9143	0.9143	0.9143	0.9143	0.9143	0.9143	0.9143	0.9143	0.9143	0.9143	0.9143	0.9143	0.9143	0.9143	0.9143	0.9143	0.9143	0.9143	0.9143	0.9143	0.9143	0.9143	0.9143	0.9143	0.9143	0.9143
53	0.0181	0.0181	0.0181	0.0181	0.0181	0.0181	0.0181	0.0181	0.0181	0.0181	0.0181	0.0181	0.0181	0.0181	0.0181	0.0181	0.0181	0.0181	0.0181	0.0009	0.0009	0.0009	0.0009	0.0009	0.0009	0.0009	0.0009	0.0009	0.0009	0.0009	0.0009	0.0009	0.0009	0.002	0.0009	0.0009	0.0009	0.0009	0.0009	0.0009	0.0009	0.0009	0.0009	0.0009	0.0009	0.0009	0.0009	0.0009	0.0009	0.0009	0.0009	0.0009	0.0009	0.0009	0.0009	0.0009	0.0009	0.0009	0.0009	0.0009	0.0009	0.0009	0.0009	0.002	0.0009	0.0009	0.002	0.0009	0.0009	0.0009	0.0009	0.0009	0.0009	0.0009	0.0009	0.0009	0.0009	0.0009	0.0009	0.0009	0.0009	0.0009	0.0009	0.0009	0.0009	0.0009	0.0009	0.0009	0.0009	0.0009	0.0009	0.0009	0.0009	0.0009	0.0009	0.0009	0.0009	0.0009	0.0009	0.0009	0.0009	0.0009	0.0009	0.0009	0.002	0.0009	0.0009	0.0009	0.0009	0.0009	0.0009	0.0009	0.0009	0.0009	0.0009	0.0009	0.0009	0.0009	0.0009	0.0009	0.0009	0.0009	0.0009	0.0009	0.0009	0.0009	0.0009	0.0009	0.0009	0.002	0.0009	0.0009	0.0009	0.0009	0.0009	0.0009	0.0009	0.0009	0.0009	0.0009	0.0009	0.0009	0.0009	0.0009	0.0009	0.0009	0.0009	0.0009	0.0009	0.0009	0.0009	0.0009	0.0009	0.0009	0.0009	0.0009	0.0009	0.0009	0.0009	0.0009	0.0009	0.0009	0.0009	0.0009	0.0009	0.0009	0.0009	0.0009	0.0009	0.002	0.0009	0.0009	0.0009	0.0009	0.0009	0.0009	0.0009	0.0009	0.0009	0.0009	0.0009	0.0009	0.0009	0.0009	0.0009	0.0009	0.0009	0.0009	0.0009	0.0009	0.0009	0.0009	0.0009	0.0009	0.0009	0.0009	0.0009	0.0009	0.0009	0.0009	0.0009	0.0009	0.0009	0.0009	0.0009	0.0009	0.0009	0.0009	0.0009	0.0009	0.0009	0.0009	0.0009	0.0009	0.0009	0.0009	0.0009	0.0009	0.0009	0.0009	0.0009	0.0009	0.0009	0.0009	0.0009	0.002	0.0009	0.0009	0.0009	0.0009	0.0009	0.0009	0.0009	0.0009	0.0009	0.0009	0.0009	0.0009	0.0009	0.0009	0.0009	0.0009	0.0009	0.0009	0.0009	0.0009	0.0009	0.0009	0.0009	0.0009	0.0009	0.9066	0.9066	0.9066	0.9066	0.9066	0.9066	0.9066	0.9066	0.9066	0.9066	0.9066	0.9066	0.9066	0.9066	0.9066	0.9066	0.9066	0.9066	0.9066	0.9066	0.9066	0.9066	0.9066	0.9066	0.9066	0.9066	0.9066	0.9066	0.9066	0.9066	0.9066	0.9066	0.9066	0.9066	0.9066	0.9066	0.9066	0.9066	0.9066	0.9066	0.9066	0.9066	0.9066	0.9066	0.9066	0.9066	0.9066	0.9066	0.9066
54	0.0187	0.0187	0.0187	0.0187	0.0187	0.0187	0.0187	0.0187	0.0187	0.0187	0.0187	0.0187	0.0187	0.0187	0.0187	0.0187	0.0187	0.0187	0.0187	0.0032	0.0032	0.0032	0.0032	0.0032	0.0032	0.0032	0.0032	0.0032	0.0032	0.0032	0.0032	0.0032	0.0032	0.0047	0.0032	0.0032	0.0032	0.0032	0.0032	0.0032	0.0032	0.0032	0.0032	0.0032	0.0032	0.0032	0.0032	0.0032	0.0032	0.0032	0.0032	0.0032	0.0032	0.0032	0.0032	0.0032	0.0032	0.0032	0.0032	0.0032	0.0032	0.0032	0.0032	0.0047	0.0032	0.0032	0.0047	0.0032	0.0032	0.0032	0.0032	0.0032	0.0032	0.0032	0.0032	0.0032	0.0032	0.0032	0.0032	0.0032	0.0032	0.0032	0.0032	0.0032	0.0032	0.0032	0.0032	0.0032	0.0032	0.0032	0.0032	0.0032	0.0032	0.0032	0.0032	0.0032	0.0032	0.0032	0.0032	0.0032	0.0032	0.0032	0.0032	0.0032	0.0047	0.0032	0.0032	0.0032	0.0032	0.0032	0.0032	0.0032	0.0032	0.0032	0.0032	0.0032	0.0032	0.0032	0.0032	0.0032	0.0032	0.0032	0.0032	0.0032	0.0032	0.0032	0.0032	0.0032	0.0032	0.0047	0.0032	0.0032	0.0032	0.0032	0.0032	0.0032	0.0032	0.0032	0.0032	0.0032	0.0032	0.0032	0.0032	0.0032	0.0032	0.0032	0.0032	0.0032	0.0032	0.0032	0.0032	0.0032	0.0032	0.0032	0.0032	0.0032	0.0032	0.0032	0.0032	0.0032	0.0032	0.0032	0.0032	0.0032	0.0032	0.0032	0.0032	0.0032	0.0032	0.0047	0.0032	0.0032	0.0032	0.0032	0.0032	0.0032	0.0032	0.0032	0.0032	0.0032	0.0032	0.0032	0.0032	0.0032	0.0032	0.0032	0.0032	0.0032	0.0032	0.0032	0.0032	0.0032	0.0032	0.0032	0.0032	0.0032	0.0032	0.0032	0.0032	0.0032	0.0032	0.0032	0.0032	0.0032	0.0032	0.0032	0.0032	0.0032	0.0032	0.0032	0.0032	0.0032	0.0032	0.0032	0.0032	0.0032	0.0032	0.0032	0.0032	0.0032	0.0032	0.0032	0.0032	0.0032	0.0032	0.0047	0.0032	0.0032	0.0032	0.0032	0.0032	0.0032	0.0032	0.0032	0.0032	0.0032	0.0032	0.0032	0.0032	0.0032	0.0032	0.0032	0.0032	0.0032	0.0032	0.0032	0.0032	0.0032	0.0032	0.0032	0.0032	0.8565	0.8565	0.8565	0.8565	0.8565	0.8565	0.8565	0.8565	0.8565	0.8565	0.8565	0.8565	0.8565	0.8565	0.8565	0.8565	0.8565	0.8565	0.8565	0.8565	0.8565	0.8565	0.8565	0.8565	0.8565	0.8565	0.8565	0.8565	0.8565	0.8565	0.8565	0.8565	0.8565	0.8565	0.8565	0.8565	0.8565	0.8565	0.8565	0.8565	0.8565	0.8565	0.8565	0.8565	0.8565	0.8565	0.8565	0.8565	0.8565
55	0.9753	0.9753	0.9753	0.9753	0.9753	0.9753	0.9753	0.9753	0.9753	0.9753	0.9753	0.9753	0.9753	0.9753	0.9753	0.9753	0.9753	0.9753	0.9753	0.0055	0.0055	0.0055	0.0055	0.0055	0.0055	0.0055	0.0055	0.0055	0.0055	0.0055	0.0055	0.0055	0.0055	0.0056	0.0055	0.0055	0.0055	0.0055	0.0055	0.0055	0.0055	0.0055	0.0055	0.0055	0.0055	0.0055	0.0055	0.0055	0.0055	0.0055	0.0055	0.0055	0.0055	0.0055	0.0055	0.0055	0.0055	0.0055	0.0055	0.0055	0.0055	0.0055	0.0055	0.0056	0.0055	0.0055	0.0056	0.0055	0.0055	0.0055	0.0055	0.0055	0.0055	0.0055	0.0055	0.0055	0.0055	0.0055	0.0055	0.0055	0.0055	0.0055	0.0055	0.0055	0.0055	0.0055	0.0055	0.0055	0.0055	0.0055	0.0055	0.0055	0.0055	0.0055	0.0055	0.0055	0.0055	0.0055	0.0055	0.0055	0.0055	0.0055	0.0055	0.0055	0.0056	0.0055	0.0055	0.0055	0.0055	0.0055	0.0055	0.0055	0.0055	0.0055	0.0055	0.0055	0.0055	0.0055	0.0055	0.0055	0.0055	0.0055	0.0055	0.0055	0.0055	0.0055	0.0055	0.0055	0.0055	0.0056	0.0055	0.0055	0.0055	0.0055	0.0055	0.0055	0.0055	0.0055	0.0055	0.0055	0.0055	0.0055	0.0055	0.0055	0.0055	0.0055	0.0055	0.0055	0.0055	0.0055	0.0055	0.0055	0.0055	0.0055	0.0055	0.0055	0.0055	0.0055	0.0055	0.0055	0.0055	0.0055	0.0055	0.0055	0.0055	0.0055	0.0055	0.0055	0.0055	0.0056	0.0055	0.0055	0.0055	0.0055	0.0055	0.0055	0.0055	0.0055	0.0055	0.0055	0.0055	0.0055	0.0055	0.0055	0.0055	0.0055	0.0055	0.0055	0.0055	0.0055	0.0055	0.0055	0.0055	0.0055	0.0055	0.0055	0.0055	0.0055	0.0055	0.0055	0.0055	0.0055	0.0055	0.0055	0.0055	0.0055	0.0055	0.0055	0.0055	0.0055	0.0055	0.0055	0.0055	0.0055	0.0055	0.0055	0.0055	0.0055	0.0055	0.0055	0.0055	0.0055	0.0055	0.0055	0.0055	0.0056	0.0055	0.0055	0.0055	0.0055	0.0055	0.0055	0.0055	0.0055	0.0055	0.0055	0.0055	0.0055	0.0055	0.0055	0.0055	0.0055	0.0055	0.0055	0.0055	0.0055	0.0055	0.0055	0.0055	0.0055	0.0055	0.0074	0.0074	0.0074	0.0074	0.0074	0.0074	0.0074	0.0074	0.0074	0.0074	0.0074	0.0074	0.0074	0.0074	0.0074	0.0074	0.0074	0.0074	0.0074	0.0074	0.0074	0.0074	0.0074	0.0074	0.0074	0.0074	0.0074	0.0074	0.0074	0.0074	0.0074	0.0074	0.0074	0.0074	0.0074	0.0074	0.0074	0.0074	0.0074	0.0074	0.0074	0.0074	0.0074	0.0074	0.0074	0.0074	0.0074	0.0074	0.0074
56	0.9316	0.9316	0.9316	0.9316	0.9316	0.9316	0.9316	0.9316	0.9316	0.9316	0.9316	0.9316	0.9316	0.9316	0.9316	0.9316	0.9316	0.9316	0.9316	0.0132	0.0132	0.0132	0.0132	0.0132	0.0132	0.0132	0.0132	0.0132	0.0132	0.0132	0.0132	0.0132	0.0132	0.0156	0.0132	0.0132	0.0132	0.0132	0.0132	0.0132	0.0132	0.0132	0.0132	0.0132	0.0132	0.0132	0.0132	0.0132	0.0132	0.0132	0.0132	0.0132	0.0132	0.0132	0.0132	0.0132	0.0132	0.0132	0.0132	0.0132	0.0132	0.0132	0.0132	0.0156	0.0132	0.0132	0.0156	0.0132	0.0132	0.0132	0.0132	0.0132	0.0132	0.0132	0.0132	0.0132	0.0132	0.0132	0.0132	0.0132	0.0132	0.0132	0.0132	0.0132	0.0132	0.0132	0.0132	0.0132	0.0132	0.0132	0.0132	0.0132	0.0132	0.0132	0.0132	0.0132	0.0132	0.0132	0.0132	0.0132	0.0132	0.0132	0.0132	0.0132	0.0156	0.0132	0.0132	0.0132	0.0132	0.0132	0.0132	0.0132	0.0132	0.0132	0.0132	0.0132	0.0132	0.0132	0.0132	0.0132	0.0132	0.0132	0.0132	0.0132	0.0132	0.0132	0.0132	0.0132	0.0132	0.0156	0.0132	0.0132	0.0132	0.0132	0.0132	0.0132	0.0132	0.0132	0.0132	0.0132	0.0132	0.0132	0.0132	0.0132	0.0132	0.0132	0.0132	0.0132	0.0132	0.0132	0.0132	0.0132	0.0132	0.0132	0.0132	0.0132	0.0132	0.0132	0.0132	0.0132	0.0132	0.0132	0.0132	0.0132	0.0132	0.0132	0.0132	0.0132	0.0132	0.0156	0.0132	0.0132	0.0132	0.0132	0.0132	0.0132	0.0132	0.0132	0.0132	0.0132	0.0132	0.0132	0.0132	0.0132	0.0132	0.0132	0.0132	0.0132	0.0132	0.0132	0.0132	0.0132	0.0132	0.0132	0.0132	0.0132	0.0132	0.0132	0.0132	0.0132	0.0132	0.0132	0.0132	0.0132	0.0132	0.0132	0.0132	0.0132	0.0132	0.0132	0.0132	0.0132	0.0132	0.0132	0.0132	0.0132	0.0132	0.0132	0.0132	0.0132	0.0132	0.0132	0.0132	0.0132	0.0132	0.0156	0.0132	0.0132	0.0132	0.0132	0.0132	0.0132	0.0132	0.0132	0.0132	0.0132	0.0132	0.0132	0.0132	0.0132	0.0132	0.0132	0.0132	0.0132	0.0132	0.0132	0.0132	0.0132	0.0132	0.0132	0.0132	0.0067	0.0067	0.0067	0.0067	0.0067	0.0067	0.0067	0.0067	0.0067	0.0067	0.0067	0.0067	0.0067	0.0067	0.0067	0.0067	0.0067	0.0067	0.0067	0.0067	0.0067	0.0067	0.0067	0.0067	0.0067	0.0067	0.0067	0.0067	0.0067	0.0067	0.0067	0.0067	0.0067	0.0067	0.0067	0.0067	0.0067	0.0067	0.0067	0.0067	0.0067	0.0067	0.0067	0.0067	0.0067	0.0067	0.0067	0.0067	0.0067
57	0.8688	0.8688	0.8688	0.8688	0.8688	0.8688	0.8688	0.8688	0.8688	0.8688	0.8688	0.8688	0.8688	0.8688	0.8688	0.8688	0.8688	0.8688	0.8688	0.9313	0.9313	0.9313	0.9313	0.9313	0.9313	0.9313	0.9313	0.9313	0.9313	0.9313	0.9313	0.9313	0.9313	0.9094	0.9313	0.9313	0.9313	0.9313	0.9313	0.9313	0.9313	0.9313	0.9313	0.9313	0.9313	0.9313	0.9313	0.9313	0.9313	0.9313	0.9313	0.9313	0.9313	0.9313	0.9313	0.9313	0.9313	0.9313	0.9313	0.9313	0.9313	0.9313	0.9313	0.9094	0.9313	0.9313	0.9094	0.9313	0.9313	0.9313	0.9313	0.9313	0.9313	0.9313	0.9313	0.9313	0.9313	0.9313	0.9313	0.9313	0.9313	0.9313	0.9313	0.9313	0.9313	0.9313	0.9313	0.9313	0.9313	0.9313	0.9313	0.9313	0.9313	0.9313	0.9313	0.9313	0.9313	0.9313	0.9313	0.9313	0.9313	0.9313	0.9313	0.9313	0.9094	0.9313	0.9313	0.9313	0.9313	0.9313	0.9313	0.9313	0.9313	0.9313	0.9313	0.9313	0.9313	0.9313	0.9313	0.9313	0.9313	0.9313	0.9313	0.9313	0.9313	0.9313	0.9313	0.9313	0.9313	0.9094	0.9313	0.9313	0.9313	0.9313	0.9313	0.9313	0.9313	0.9313	0.9313	0.9313	0.9313	0.9313	0.9313	0.9313	0.9313	0.9313	0.9313	0.9313	0.9313	0.9313	0.9313	0.9313	0.9313	0.9313	0.9313	0.9313	0.9313	0.9313	0.9313	0.9313	0.9313	0.9313	0.9313	0.9313	0.9313	0.9313	0.9313	0.9313	0.9313	0.9094	0.9313	0.9313	0.9313	0.9313	0.9313	0.9313	0.9313	0.9313	0.9313	0.9313	0.9313	0.9313	0.9313	0.9313	0.9313	0.9313	0.9313	0.9313	0.9313	0.9313	0.9313	0.9313	0.9313	0.9313	0.9313	0.9313	0.9313	0.9313	0.9313	0.9313	0.9313	0.9313	0.9313	0.9313	0.9313	0.9313	0.9313	0.9313	0.9313	0.9313	0.9313	0.9313	0.9313	0.9313	0.9313	0.9313	0.9313	0.9313	0.9313	0.9313	0.9313	0.9313	0.9313	0.9313	0.9313	0.9094	0.9313	0.9313	0.9313	0.9313	0.9313	0.9313	0.9313	0.9313	0.9313	0.9313	0.9313	0.9313	0.9313	0.9313	0.9313	0.9313	0.9313	0.9313	0.9313	0.9313	0.9313	0.9313	0.9313	0.9313	0.9313	0.938	0.938	0.938	0.938	0.938	0.938	0.938	0.938	0.938	0.938	0.938	0.938	0.938	0.938	0.938	0.938	0.938	0.938	0.938	0.938	0.938	0.938	0.938	0.938	0.938	0.938	0.938	0.938	0.938	0.938	0.938	0.938	0.938	0.938	0.938	0.938	0.938	0.938	0.938	0.938	0.938	0.938	0.938	0.938	0.938	0.938	0.938	0.938	0.938
58	0.9648	0.9648	0.9648	0.9648	0.9648	0.9648	0.9648	0.9648	0.9648	0.9648	0.9648	0.9648	0.9648	0.9648	0.9648	0.9648	0.9648	0.9648	0.9648	0.9062	0.9062	0.9062	0.9062	0.9062	0.9062	0.9062	0.9062	0.9062	0.9062	0.9062	0.9062	0.9062	0.9062	0.9157	0.9062	0.9062	0.9062	0.9062	0.9062	0.9062	0.9062	0.9062	0.9062	0.9062	0.9062	0.9062	0.9062	0.9062	0.9062	0.9062	0.9062	0.9062	0.9062	0.9062	0.9062	0.9062	0.9062	0.9062	0.9062	0.9062	0.9062	0.9062	0.9062	0.9157	0.9062	0.9062	0.9157	0.9062	0.9062	0.9062	0.9062	0.9062	0.9062	0.9062	0.9062	0.9062	0.9062	0.9062	0.9062	0.9062	0.9062	0.9062	0.9062	0.9062	0.9062	0.9062	0.9062	0.9062	0.9062	0.9062	0.9062	0.9062	0.9062	0.9062	0.9062	0.9062	0.9062	0.9062	0.9062	0.9062	0.9062	0.9062	0.9062	0.9062	0.9157	0.9062	0.9062	0.9062	0.9062	0.9062	0.9062	0.9062	0.9062	0.9062	0.9062	0.9062	0.9062	0.9062	0.9062	0.9062	0.9062	0.9062	0.9062	0.9062	0.9062	0.9062	0.9062	0.9062	0.9062	0.9157	0.9062	0.9062	0.9062	0.9062	0.9062	0.9062	0.9062	0.9062	0.9062	0.9062	0.9062	0.9062	0.9062	0.9062	0.9062	0.9062	0.9062	0.9062	0.9062	0.9062	0.9062	0.9062	0.9062	0.9062	0.9062	0.9062	0.9062	0.9062	0.9062	0.9062	0.9062	0.9062	0.9062	0.9062	0.9062	0.9062	0.9062	0.9062	0.9062	0.9157	0.9062	0.9062	0.9062	0.9062	0.9062	0.9062	0.9062	0.9062	0.9062	0.9062	0.9062	0.9062	0.9062	0.9062	0.9062	0.9062	0.9062	0.9062	0.9062	0.9062	0.9062	0.9062	0.9062	0.9062	0.9062	0.9062	0.9062	0.9062	0.9062	0.9062	0.9062	0.9062	0.9062	0.9062	0.9062	0.9062	0.9062	0.9062	0.9062	0.9062	0.9062	0.9062	0.9062	0.9062	0.9062	0.9062	0.9062	0.9062	0.9062	0.9062	0.9062	0.9062	0.9062	0.9062	0.9062	0.9157	0.9062	0.9062	0.9062	0.9062	0.9062	0.9062	0.9062	0.9062	0.9062	0.9062	0.9062	0.9062	0.9062	0.9062	0.9062	0.9062	0.9062	0.9062	0.9062	0.9062	0.9062	0.9062	0.9062	0.9062	0.9062	0.9412	0.9412	0.9412	0.9412	0.9412	0.9412	0.9412	0.9412	0.9412	0.9412	0.9412	0.9412	0.9412	0.9412	0.9412	0.9412	0.9412	0.9412	0.9412	0.9412	0.9412	0.9412	0.9412	0.9412	0.9412	0.9412	0.9412	0.9412	0.9412	0.9412	0.9412	0.9412	0.9412	0.9412	0.9412	0.9412	0.9412	0.9412	0.9412	0.9412	0.9412	0.9412	0.9412	0.9412	0.9412	0.9412	0.9412	0.9412	0.9412
59	0.0136	0.0136	0.0136	0.0136	0.0136	0.0136	0.0136	0.0136	0.0136	0.0136	0.0136	0.0136	0.0136	0.0136	0.0136	0.0136	0.0136	0.0136	0.0136	0.0207	0.0207	0.0207	0.0207	0.0207	0.0207	0.0207	0.0207	0.0207	0.0207	0.0207	0.0207	0.0207	0.0207	0.0218	0.0207	0.0207	0.0207	0.0207	0.0207	0.0207	0.0207	0.0207	0.0207	0.0207	0.0207	0.0207	0.0207	0.0207	0.0207	0.0207	0.0207	0.0207	0.0207	0.0207	0.0207	0.0207	0.0207	0.0207	0.0207	0.0207	0.0207	0.0207	0.0207	0.0218	0.0207	0.0207	0.0218	0.0207	0.0207	0.0207	0.0207	0.0207	0.0207	0.0207	0.0207	0.0207	0.0207	0.0207	0.0207	0.0207	0.0207	0.0207	0.0207	0.0207	0.0207	0.0207	0.0207	0.0207	0.0207	0.0207	0.0207	0.0207	0.0207	0.0207	0.0207	0.0207	0.0207	0.0207	0.0207	0.0207	0.0207	0.0207	0.0207	0.0207	0.0218	0.0207	0.0207	0.0207	0.0207	0.0207	0.0207	0.0207	0.0207	0.0207	0.0207	0.0207	0.0207	0.0207	0.0207	0.0207	0.0207	0.0207	0.0207	0.0207	0.0207	0.0207	0.0207	0.0207	0.0207	0.0218	0.0207	0.0207	0.0207	0.0207	0.0207	0.0207	0.0207	0.0207	0.0207	0.0207	0.0207	0.0207	0.0207	0.0207	0.0207	0.0207	0.0207	0.0207	0.0207	0.0207	0.0207	0.0207	0.0207	0.0207	0.0207	0.0207	0.0207	0.0207	0.0207	0.0207	0.0207	0.0207	0.0207	0.0207	0.0207	0.0207	0.0207	0.0207	0.0207	0.0218	0.0207	0.0207	0.0207	0.0207	0.0207	0.0207	0.0207	0.0207	0.0207	0.0207	0.0207	0.0207	0.0207	0.0207	0.0207	0.0207	0.0207	0.0207	0.0207	0.0207	0.0207	0.0207	0.0207	0.0207	0.0207	0.0207	0.0207	0.0207	0.0207	0.0207	0.0207	0.0207	0.0207	0.0207	0.0207	0.0207	0.0207	0.0207	0.0207	0.0207	0.0207	0.0207	0.0207	0.0207	0.0207	0.0207	0.0207	0.0207	0.0207	0.0207	0.0207	0.0207	0.0207	0.0207	0.0207	0.0218	0.0207	0.0207	0.0207	0.0207	0.0207	0.0207	0.0207	0.0207	0.0207	0.0207	0.0207	0.0207	0.0207	0.0207	0.0207	0.0207	0.0207	0.0207	0.0207	0.0207	0.0207	0.0207	0.0207	0.0207	0.0207	0.9626	0.9626	0.9626	0.9626	0.9626	0.9626	0.9626	0.9626	0.9626	0.9626	0.9626	0.9626	0.9626	0.9626	0.9626	0.9626	0.9626	0.9626	0.9626	0.9626	0.9626	0.9626	0.9626	0.9626	0.9626	0.9626	0.9626	0.9626	0.9626	0.9626	0.9626	0.9626	0.9626	0.9626	0.9626	0.9626	0.9626	0.9626	0.9626	0.9626	0.9626	0.9626	0.9626	0.9626	0.9626	0.9626	0.9626	0.9626	0.9626
60	0.9734	0.9734	0.9734	0.9734	0.9734	0.9734	0.9734	0.9734	0.9734	0.9734	0.9734	0.9734	0.9734	0.9734	0.9734	0.9734	0.9734	0.9734	0.9734	0.9367	0.9367	0.9367	0.9367	0.9367	0.9367	0.9367	0.9367	0.9367	0.9367	0.9367	0.9367	0.9367	0.9367	0.9348	0.9367	0.9367	0.9367	0.9367	0.9367	0.9367	0.9367	0.9367	0.9367	0.9367	0.9367	0.9367	0.9367	0.9367	0.9367	0.9367	0.9367	0.9367	0.9367	0.9367	0.9367	0.9367	0.9367	0.9367	0.9367	0.9367	0.9367	0.9367	0.9367	0.9348	0.9367	0.9367	0.9348	0.9367	0.9367	0.9367	0.9367	0.9367	0.9367	0.9367	0.9367	0.9367	0.9367	0.9367	0.9367	0.9367	0.9367	0.9367	0.9367	0.9367	0.9367	0.9367	0.9367	0.9367	0.9367	0.9367	0.9367	0.9367	0.9367	0.9367	0.9367	0.9367	0.9367	0.9367	0.9367	0.9367	0.9367	0.9367	0.9367	0.9367	0.9348	0.9367	0.9367	0.9367	0.9367	0.9367	0.9367	0.9367	0.9367	0.9367	0.9367	0.9367	0.9367	0.9367	0.9367	0.9367	0.9367	0.9367	0.9367	0.9367	0.9367	0.9367	0.9367	0.9367	0.9367	0.9348	0.9367	0.9367	0.9367	0.9367	0.9367	0.9367	0.9367	0.9367	0.9367	0.9367	0.9367	0.9367	0.9367	0.9367	0.9367	0.9367	0.9367	0.9367	0.9367	0.9367	0.9367	0.9367	0.9367	0.9367	0.9367	0.9367	0.9367	0.9367	0.9367	0.9367	0.9367	0.9367	0.9367	0.9367	0.9367	0.9367	0.9367	0.9367	0.9367	0.9348	0.9367	0.9367	0.9367	0.9367	0.9367	0.9367	0.9367	0.9367	0.9367	0.9367	0.9367	0.9367	0.9367	0.9367	0.9367	0.9367	0.9367	0.9367	0.9367	0.9367	0.9367	0.9367	0.9367	0.9367	0.9367	0.9367	0.9367	0.9367	0.9367	0.9367	0.9367	0.9367	0.9367	0.9367	0.9367	0.9367	0.9367	0.9367	0.9367	0.9367	0.9367	0.9367	0.9367	0.9367	0.9367	0.9367	0.9367	0.9367	0.9367	0.9367	0.9367	0.9367	0.9367	0.9367	0.9367	0.9348	0.9367	0.9367	0.9367	0.9367	0.9367	0.9367	0.9367	0.9367	0.9367	0.9367	0.9367	0.9367	0.9367	0.9367	0.9367	0.9367	0.9367	0.9367	0.9367	0.9367	0.9367	0.9367	0.9367	0.9367	0.9367	0.8516	0.8516	0.8516	0.8516	0.8516	0.8516	0.8516	0.8516	0.8516	0.8516	0.8516	0.8516	0.8516	0.8516	0.8516	0.8516	0.8516	0.8516	0.8516	0.8516	0.8516	0.8516	0.8516	0.8516	0.8516	0.8516	0.8516	0.8516	0.8516	0.8516	0.8516	0.8516	0.8516	0.8516	0.8516	0.8516	0.8516	0.8516	0.8516	0.8516	0.8516	0.8516	0.8516	0.8516	0.8516	0.8516	0.8516	0.8516	0.8516
