	0	0	0	2	0	0	2	0	0	0	0	0	0	0	0	0	0	0	0	0	0	0	0	0	0	0	0	0	0	0	3	0	0	0	0	0	0	0	3	0	6	0	0	0	2	0	0	0	0	0	0	0	0	0	0	0	0	0	0	0	0	0	0	1	0	0	0	0	0	0	0	0	0	0	2	0	0	0	0	0	0	0	0	0	0	0	0	0	3	0	0	0	0	0	0	0	0	0	1	0	0	0	0	0	6	0	0	0	0	0	0	2	0	0	0	0	0	0	0	0	0	0	0	0	0	0	0	0	0	0	0	0	0	0	0	0	0	0	0	0	0	0	0	0	0	0	0	0	0	0	0	0	0	0	0	0	3	0	0	0	0	0	0	0	0	0	0	0	0	1	0	0	0	0	0	2	0	2	0	0	0	0	0	0	0	0	0	0	0	0	2	0	0	0	0	0	0	0	0	0	2	0	0	0	0	0	0	0	0	0	0	0	0	0	0	0	0	0	0	0	0	3	0	0	0	0	0	0	0	0	0	0	0	0	0	0	0	0	0	0	0	0	0	0	0	0	0	0	0	0	0	0	0	0	0	0	0	0	0	0	0	1	0	0	0	0	0	0	0	4	4	4	4	5	5	5	5	5	5	5	5	5	5	5	5	5	5	5	5	5	7	7	7	7	7	7	7	7	7	7
0	0.9826	0.9826	0.9826	0.9328	0.9826	0.9826	0.9328	0.9826	0.9826	0.9826	0.9826	0.9826	0.9826	0.9826	0.9826	0.9826	0.9826	0.9826	0.9826	0.9826	0.9826	0.9826	0.9826	0.9826	0.9826	0.9826	0.9826	0.9826	0.9826	0.9826	0.944	0.9826	0.9826	0.9826	0.9826	0.9826	0.9826	0.9826	0.944	0.9826	0.9039	0.9826	0.9826	0.9826	0.9328	0.9826	0.9826	0.9826	0.9826	0.9826	0.9826	0.9826	0.9826	0.9826	0.9826	0.9826	0.9826	0.9826	0.9826	0.9826	0.9826	0.9826	0.9826	0.966	0.9826	0.9826	0.9826	0.9826	0.9826	0.9826	0.9826	0.9826	0.9826	0.9826	0.9328	0.9826	0.9826	0.9826	0.9826	0.9826	0.9826	0.9826	0.9826	0.9826	0.9826	0.9826	0.9826	0.9826	0.944	0.9826	0.9826	0.9826	0.9826	0.9826	0.9826	0.9826	0.9826	0.9826	0.966	0.9826	0.9826	0.9826	0.9826	0.9826	0.9039	0.9826	0.9826	0.9826	0.9826	0.9826	0.9826	0.9328	0.9826	0.9826	0.9826	0.9826	0.9826	0.9826	0.9826	0.9826	0.9826	0.9826	0.9826	0.9826	0.9826	0.9826	0.9826	0.9826	0.9826	0.9826	0.9826	0.9826	0.9826	0.9826	0.9826	0.9826	0.9826	0.9826	0.9826	0.9826	0.9826	0.9826	0.9826	0.9826	0.9826	0.9826	0.9826	0.9826	0.9826	0.9826	0.9826	0.9826	0.9826	0.9826	0.9826	0.9826	0.944	0.9826	0.9826	0.9826	0.9826	0.9826	0.9826	0.9826	0.9826	0.9826	0.9826	0.9826	0.9826	0.966	0.9826	0.9826	0.9826	0.9826	0.9826	0.9328	0.9826	0.9328	0.9826	0.9826	0.9826	0.9826	0.9826	0.9826	0.9826	0.9826	0.9826	0.9826	0.9826	0.9826	0.9328	0.9826	0.9826	0.9826	0.9826	0.9826	0.9826	0.9826	0.9826	0.9826	0.9328	0.9826	0.9826	0.9826	0.9826	0.9826	0.9826	0.9826	0.9826	0.9826	0.9826	0.9826	0.9826	0.9826	0.9826	0.9826	0.9826	0.9826	0.9826	0.9826	0.9826	0.944	0.9826	0.9826	0.9826	0.9826	0.9826	0.9826	0.9826	0.9826	0.9826	0.9826	0.9826	0.9826	0.9826	0.9826	0.9826	0.9826	0.9826	0.9826	0.9826	0.9826	0.9826	0.9826	0.9826	0.9826	0.9826	0.9826	0.9826	0.9826	0.9826	0.9826	0.9826	0.9826	0.9826	0.9826	0.9826	0.9826	0.9826	0.9826	0.9826	0.966	0.9826	0.9826	0.9826	0.9826	0.9826	0.9826	0.9826	0.7839	0.7839	0.7839	0.7839	0.0211	0.0211	0.0211	0.0211	0.0211	0.0211	0.0211	0.0211	0.0211	0.0211	0.0211	0.0211	0.0211	0.0211	0.0211	0.0211	0.0211	0.0384	0.0384	0.0384	0.0384	0.0384	0.0384	0.0384	0.0384	0.0384	0.0384
1	0.9554	0.9554	0.9554	0.9288	0.9554	0.9554	0.9288	0.9554	0.9554	0.9554	0.9554	0.9554	0.9554	0.9554	0.9554	0.9554	0.9554	0.9554	0.9554	0.9554	0.9554	0.9554	0.9554	0.9554	0.9554	0.9554	0.9554	0.9554	0.9554	0.9554	0.9244	0.9554	0.9554	0.9554	0.9554	0.9554	0.9554	0.9554	0.9244	0.9554	0.8961	0.9554	0.9554	0.9554	0.9288	0.9554	0.9554	0.9554	0.9554	0.9554	0.9554	0.9554	0.9554	0.9554	0.9554	0.9554	0.9554	0.9554	0.9554	0.9554	0.9554	0.9554	0.9554	0.4953	0.9554	0.9554	0.9554	0.9554	0.9554	0.9554	0.9554	0.9554	0.9554	0.9554	0.9288	0.9554	0.9554	0.9554	0.9554	0.9554	0.9554	0.9554	0.9554	0.9554	0.9554	0.9554	0.9554	0.9554	0.9244	0.9554	0.9554	0.9554	0.9554	0.9554	0.9554	0.9554	0.9554	0.9554	0.4953	0.9554	0.9554	0.9554	0.9554	0.9554	0.8961	0.9554	0.9554	0.9554	0.9554	0.9554	0.9554	0.9288	0.9554	0.9554	0.9554	0.9554	0.9554	0.9554	0.9554	0.9554	0.9554	0.9554	0.9554	0.9554	0.9554	0.9554	0.9554	0.9554	0.9554	0.9554	0.9554	0.9554	0.9554	0.9554	0.9554	0.9554	0.9554	0.9554	0.9554	0.9554	0.9554	0.9554	0.9554	0.9554	0.9554	0.9554	0.9554	0.9554	0.9554	0.9554	0.9554	0.9554	0.9554	0.9554	0.9554	0.9554	0.9244	0.9554	0.9554	0.9554	0.9554	0.9554	0.9554	0.9554	0.9554	0.9554	0.9554	0.9554	0.9554	0.4953	0.9554	0.9554	0.9554	0.9554	0.9554	0.9288	0.9554	0.9288	0.9554	0.9554	0.9554	0.9554	0.9554	0.9554	0.9554	0.9554	0.9554	0.9554	0.9554	0.9554	0.9288	0.9554	0.9554	0.9554	0.9554	0.9554	0.9554	0.9554	0.9554	0.9554	0.9288	0.9554	0.9554	0.9554	0.9554	0.9554	0.9554	0.9554	0.9554	0.9554	0.9554	0.9554	0.9554	0.9554	0.9554	0.9554	0.9554	0.9554	0.9554	0.9554	0.9554	0.9244	0.9554	0.9554	0.9554	0.9554	0.9554	0.9554	0.9554	0.9554	0.9554	0.9554	0.9554	0.9554	0.9554	0.9554	0.9554	0.9554	0.9554	0.9554	0.9554	0.9554	0.9554	0.9554	0.9554	0.9554	0.9554	0.9554	0.9554	0.9554	0.9554	0.9554	0.9554	0.9554	0.9554	0.9554	0.9554	0.9554	0.9554	0.9554	0.9554	0.4953	0.9554	0.9554	0.9554	0.9554	0.9554	0.9554	0.9554	0.1315	0.1315	0.1315	0.1315	0.0252	0.0252	0.0252	0.0252	0.0252	0.0252	0.0252	0.0252	0.0252	0.0252	0.0252	0.0252	0.0252	0.0252	0.0252	0.0252	0.0252	0.0399	0.0399	0.0399	0.0399	0.0399	0.0399	0.0399	0.0399	0.0399	0.0399
2	0.9355	0.9355	0.9355	0.8937	0.9355	0.9355	0.8937	0.9355	0.9355	0.9355	0.9355	0.9355	0.9355	0.9355	0.9355	0.9355	0.9355	0.9355	0.9355	0.9355	0.9355	0.9355	0.9355	0.9355	0.9355	0.9355	0.9355	0.9355	0.9355	0.9355	0.906	0.9355	0.9355	0.9355	0.9355	0.9355	0.9355	0.9355	0.906	0.9355	0.4312	0.9355	0.9355	0.9355	0.8937	0.9355	0.9355	0.9355	0.9355	0.9355	0.9355	0.9355	0.9355	0.9355	0.9355	0.9355	0.9355	0.9355	0.9355	0.9355	0.9355	0.9355	0.9355	0.9492	0.9355	0.9355	0.9355	0.9355	0.9355	0.9355	0.9355	0.9355	0.9355	0.9355	0.8937	0.9355	0.9355	0.9355	0.9355	0.9355	0.9355	0.9355	0.9355	0.9355	0.9355	0.9355	0.9355	0.9355	0.906	0.9355	0.9355	0.9355	0.9355	0.9355	0.9355	0.9355	0.9355	0.9355	0.9492	0.9355	0.9355	0.9355	0.9355	0.9355	0.4312	0.9355	0.9355	0.9355	0.9355	0.9355	0.9355	0.8937	0.9355	0.9355	0.9355	0.9355	0.9355	0.9355	0.9355	0.9355	0.9355	0.9355	0.9355	0.9355	0.9355	0.9355	0.9355	0.9355	0.9355	0.9355	0.9355	0.9355	0.9355	0.9355	0.9355	0.9355	0.9355	0.9355	0.9355	0.9355	0.9355	0.9355	0.9355	0.9355	0.9355	0.9355	0.9355	0.9355	0.9355	0.9355	0.9355	0.9355	0.9355	0.9355	0.9355	0.9355	0.906	0.9355	0.9355	0.9355	0.9355	0.9355	0.9355	0.9355	0.9355	0.9355	0.9355	0.9355	0.9355	0.9492	0.9355	0.9355	0.9355	0.9355	0.9355	0.8937	0.9355	0.8937	0.9355	0.9355	0.9355	0.9355	0.9355	0.9355	0.9355	0.9355	0.9355	0.9355	0.9355	0.9355	0.8937	0.9355	0.9355	0.9355	0.9355	0.9355	0.9355	0.9355	0.9355	0.9355	0.8937	0.9355	0.9355	0.9355	0.9355	0.9355	0.9355	0.9355	0.9355	0.9355	0.9355	0.9355	0.9355	0.9355	0.9355	0.9355	0.9355	0.9355	0.9355	0.9355	0.9355	0.906	0.9355	0.9355	0.9355	0.9355	0.9355	0.9355	0.9355	0.9355	0.9355	0.9355	0.9355	0.9355	0.9355	0.9355	0.9355	0.9355	0.9355	0.9355	0.9355	0.9355	0.9355	0.9355	0.9355	0.9355	0.9355	0.9355	0.9355	0.9355	0.9355	0.9355	0.9355	0.9355	0.9355	0.9355	0.9355	0.9355	0.9355	0.9355	0.9355	0.9492	0.9355	0.9355	0.9355	0.9355	0.9355	0.9355	0.9355	0.7993	0.7993	0.7993	0.7993	0.0142	0.0142	0.0142	0.0142	0.0142	0.0142	0.0142	0.0142	0.0142	0.0142	0.0142	0.0142	0.0142	0.0142	0.0142	0.0142	0.0142	0.0341	0.0341	0.0341	0.0341	0.0341	0.0341	0.0341	0.0341	0.0341	0.0341
3	0.913	0.913	0.913	0.9377	0.913	0.913	0.9377	0.913	0.913	0.913	0.913	0.913	0.913	0.913	0.913	0.913	0.913	0.913	0.913	0.913	0.913	0.913	0.913	0.913	0.913	0.913	0.913	0.913	0.913	0.913	0.9166	0.913	0.913	0.913	0.913	0.913	0.913	0.913	0.9166	0.913	0.8802	0.913	0.913	0.913	0.9377	0.913	0.913	0.913	0.913	0.913	0.913	0.913	0.913	0.913	0.913	0.913	0.913	0.913	0.913	0.913	0.913	0.913	0.913	0.9193	0.913	0.913	0.913	0.913	0.913	0.913	0.913	0.913	0.913	0.913	0.9377	0.913	0.913	0.913	0.913	0.913	0.913	0.913	0.913	0.913	0.913	0.913	0.913	0.913	0.9166	0.913	0.913	0.913	0.913	0.913	0.913	0.913	0.913	0.913	0.9193	0.913	0.913	0.913	0.913	0.913	0.8802	0.913	0.913	0.913	0.913	0.913	0.913	0.9377	0.913	0.913	0.913	0.913	0.913	0.913	0.913	0.913	0.913	0.913	0.913	0.913	0.913	0.913	0.913	0.913	0.913	0.913	0.913	0.913	0.913	0.913	0.913	0.913	0.913	0.913	0.913	0.913	0.913	0.913	0.913	0.913	0.913	0.913	0.913	0.913	0.913	0.913	0.913	0.913	0.913	0.913	0.913	0.913	0.9166	0.913	0.913	0.913	0.913	0.913	0.913	0.913	0.913	0.913	0.913	0.913	0.913	0.9193	0.913	0.913	0.913	0.913	0.913	0.9377	0.913	0.9377	0.913	0.913	0.913	0.913	0.913	0.913	0.913	0.913	0.913	0.913	0.913	0.913	0.9377	0.913	0.913	0.913	0.913	0.913	0.913	0.913	0.913	0.913	0.9377	0.913	0.913	0.913	0.913	0.913	0.913	0.913	0.913	0.913	0.913	0.913	0.913	0.913	0.913	0.913	0.913	0.913	0.913	0.913	0.913	0.9166	0.913	0.913	0.913	0.913	0.913	0.913	0.913	0.913	0.913	0.913	0.913	0.913	0.913	0.913	0.913	0.913	0.913	0.913	0.913	0.913	0.913	0.913	0.913	0.913	0.913	0.913	0.913	0.913	0.913	0.913	0.913	0.913	0.913	0.913	0.913	0.913	0.913	0.913	0.913	0.9193	0.913	0.913	0.913	0.913	0.913	0.913	0.913	0.8068	0.8068	0.8068	0.8068	0.0174	0.0174	0.0174	0.0174	0.0174	0.0174	0.0174	0.0174	0.0174	0.0174	0.0174	0.0174	0.0174	0.0174	0.0174	0.0174	0.0174	0.0441	0.0441	0.0441	0.0441	0.0441	0.0441	0.0441	0.0441	0.0441	0.0441
4	0.933	0.933	0.933	0.9025	0.933	0.933	0.9025	0.933	0.933	0.933	0.933	0.933	0.933	0.933	0.933	0.933	0.933	0.933	0.933	0.933	0.933	0.933	0.933	0.933	0.933	0.933	0.933	0.933	0.933	0.933	0.8491	0.933	0.933	0.933	0.933	0.933	0.933	0.933	0.8491	0.933	0.4936	0.933	0.933	0.933	0.9025	0.933	0.933	0.933	0.933	0.933	0.933	0.933	0.933	0.933	0.933	0.933	0.933	0.933	0.933	0.933	0.933	0.933	0.933	0.8033	0.933	0.933	0.933	0.933	0.933	0.933	0.933	0.933	0.933	0.933	0.9025	0.933	0.933	0.933	0.933	0.933	0.933	0.933	0.933	0.933	0.933	0.933	0.933	0.933	0.8491	0.933	0.933	0.933	0.933	0.933	0.933	0.933	0.933	0.933	0.8033	0.933	0.933	0.933	0.933	0.933	0.4936	0.933	0.933	0.933	0.933	0.933	0.933	0.9025	0.933	0.933	0.933	0.933	0.933	0.933	0.933	0.933	0.933	0.933	0.933	0.933	0.933	0.933	0.933	0.933	0.933	0.933	0.933	0.933	0.933	0.933	0.933	0.933	0.933	0.933	0.933	0.933	0.933	0.933	0.933	0.933	0.933	0.933	0.933	0.933	0.933	0.933	0.933	0.933	0.933	0.933	0.933	0.933	0.8491	0.933	0.933	0.933	0.933	0.933	0.933	0.933	0.933	0.933	0.933	0.933	0.933	0.8033	0.933	0.933	0.933	0.933	0.933	0.9025	0.933	0.9025	0.933	0.933	0.933	0.933	0.933	0.933	0.933	0.933	0.933	0.933	0.933	0.933	0.9025	0.933	0.933	0.933	0.933	0.933	0.933	0.933	0.933	0.933	0.9025	0.933	0.933	0.933	0.933	0.933	0.933	0.933	0.933	0.933	0.933	0.933	0.933	0.933	0.933	0.933	0.933	0.933	0.933	0.933	0.933	0.8491	0.933	0.933	0.933	0.933	0.933	0.933	0.933	0.933	0.933	0.933	0.933	0.933	0.933	0.933	0.933	0.933	0.933	0.933	0.933	0.933	0.933	0.933	0.933	0.933	0.933	0.933	0.933	0.933	0.933	0.933	0.933	0.933	0.933	0.933	0.933	0.933	0.933	0.933	0.933	0.8033	0.933	0.933	0.933	0.933	0.933	0.933	0.933	0.9338	0.9338	0.9338	0.9338	0.0228	0.0228	0.0228	0.0228	0.0228	0.0228	0.0228	0.0228	0.0228	0.0228	0.0228	0.0228	0.0228	0.0228	0.0228	0.0228	0.0228	0.033	0.033	0.033	0.033	0.033	0.033	0.033	0.033	0.033	0.033
5	0.9782	0.9782	0.9782	0.9638	0.9782	0.9782	0.9638	0.9782	0.9782	0.9782	0.9782	0.9782	0.9782	0.9782	0.9782	0.9782	0.9782	0.9782	0.9782	0.9782	0.9782	0.9782	0.9782	0.9782	0.9782	0.9782	0.9782	0.9782	0.9782	0.9782	0.9286	0.9782	0.9782	0.9782	0.9782	0.9782	0.9782	0.9782	0.9286	0.9782	0.9229	0.9782	0.9782	0.9782	0.9638	0.9782	0.9782	0.9782	0.9782	0.9782	0.9782	0.9782	0.9782	0.9782	0.9782	0.9782	0.9782	0.9782	0.9782	0.9782	0.9782	0.9782	0.9782	0.9309	0.9782	0.9782	0.9782	0.9782	0.9782	0.9782	0.9782	0.9782	0.9782	0.9782	0.9638	0.9782	0.9782	0.9782	0.9782	0.9782	0.9782	0.9782	0.9782	0.9782	0.9782	0.9782	0.9782	0.9782	0.9286	0.9782	0.9782	0.9782	0.9782	0.9782	0.9782	0.9782	0.9782	0.9782	0.9309	0.9782	0.9782	0.9782	0.9782	0.9782	0.9229	0.9782	0.9782	0.9782	0.9782	0.9782	0.9782	0.9638	0.9782	0.9782	0.9782	0.9782	0.9782	0.9782	0.9782	0.9782	0.9782	0.9782	0.9782	0.9782	0.9782	0.9782	0.9782	0.9782	0.9782	0.9782	0.9782	0.9782	0.9782	0.9782	0.9782	0.9782	0.9782	0.9782	0.9782	0.9782	0.9782	0.9782	0.9782	0.9782	0.9782	0.9782	0.9782	0.9782	0.9782	0.9782	0.9782	0.9782	0.9782	0.9782	0.9782	0.9782	0.9286	0.9782	0.9782	0.9782	0.9782	0.9782	0.9782	0.9782	0.9782	0.9782	0.9782	0.9782	0.9782	0.9309	0.9782	0.9782	0.9782	0.9782	0.9782	0.9638	0.9782	0.9638	0.9782	0.9782	0.9782	0.9782	0.9782	0.9782	0.9782	0.9782	0.9782	0.9782	0.9782	0.9782	0.9638	0.9782	0.9782	0.9782	0.9782	0.9782	0.9782	0.9782	0.9782	0.9782	0.9638	0.9782	0.9782	0.9782	0.9782	0.9782	0.9782	0.9782	0.9782	0.9782	0.9782	0.9782	0.9782	0.9782	0.9782	0.9782	0.9782	0.9782	0.9782	0.9782	0.9782	0.9286	0.9782	0.9782	0.9782	0.9782	0.9782	0.9782	0.9782	0.9782	0.9782	0.9782	0.9782	0.9782	0.9782	0.9782	0.9782	0.9782	0.9782	0.9782	0.9782	0.9782	0.9782	0.9782	0.9782	0.9782	0.9782	0.9782	0.9782	0.9782	0.9782	0.9782	0.9782	0.9782	0.9782	0.9782	0.9782	0.9782	0.9782	0.9782	0.9782	0.9309	0.9782	0.9782	0.9782	0.9782	0.9782	0.9782	0.9782	0.7715	0.7715	0.7715	0.7715	0.0252	0.0252	0.0252	0.0252	0.0252	0.0252	0.0252	0.0252	0.0252	0.0252	0.0252	0.0252	0.0252	0.0252	0.0252	0.0252	0.0252	0.0302	0.0302	0.0302	0.0302	0.0302	0.0302	0.0302	0.0302	0.0302	0.0302
6	0.8765	0.8765	0.8765	0.9269	0.8765	0.8765	0.9269	0.8765	0.8765	0.8765	0.8765	0.8765	0.8765	0.8765	0.8765	0.8765	0.8765	0.8765	0.8765	0.8765	0.8765	0.8765	0.8765	0.8765	0.8765	0.8765	0.8765	0.8765	0.8765	0.8765	0.9306	0.8765	0.8765	0.8765	0.8765	0.8765	0.8765	0.8765	0.9306	0.8765	0.4951	0.8765	0.8765	0.8765	0.9269	0.8765	0.8765	0.8765	0.8765	0.8765	0.8765	0.8765	0.8765	0.8765	0.8765	0.8765	0.8765	0.8765	0.8765	0.8765	0.8765	0.8765	0.8765	0.8656	0.8765	0.8765	0.8765	0.8765	0.8765	0.8765	0.8765	0.8765	0.8765	0.8765	0.9269	0.8765	0.8765	0.8765	0.8765	0.8765	0.8765	0.8765	0.8765	0.8765	0.8765	0.8765	0.8765	0.8765	0.9306	0.8765	0.8765	0.8765	0.8765	0.8765	0.8765	0.8765	0.8765	0.8765	0.8656	0.8765	0.8765	0.8765	0.8765	0.8765	0.4951	0.8765	0.8765	0.8765	0.8765	0.8765	0.8765	0.9269	0.8765	0.8765	0.8765	0.8765	0.8765	0.8765	0.8765	0.8765	0.8765	0.8765	0.8765	0.8765	0.8765	0.8765	0.8765	0.8765	0.8765	0.8765	0.8765	0.8765	0.8765	0.8765	0.8765	0.8765	0.8765	0.8765	0.8765	0.8765	0.8765	0.8765	0.8765	0.8765	0.8765	0.8765	0.8765	0.8765	0.8765	0.8765	0.8765	0.8765	0.8765	0.8765	0.8765	0.8765	0.9306	0.8765	0.8765	0.8765	0.8765	0.8765	0.8765	0.8765	0.8765	0.8765	0.8765	0.8765	0.8765	0.8656	0.8765	0.8765	0.8765	0.8765	0.8765	0.9269	0.8765	0.9269	0.8765	0.8765	0.8765	0.8765	0.8765	0.8765	0.8765	0.8765	0.8765	0.8765	0.8765	0.8765	0.9269	0.8765	0.8765	0.8765	0.8765	0.8765	0.8765	0.8765	0.8765	0.8765	0.9269	0.8765	0.8765	0.8765	0.8765	0.8765	0.8765	0.8765	0.8765	0.8765	0.8765	0.8765	0.8765	0.8765	0.8765	0.8765	0.8765	0.8765	0.8765	0.8765	0.8765	0.9306	0.8765	0.8765	0.8765	0.8765	0.8765	0.8765	0.8765	0.8765	0.8765	0.8765	0.8765	0.8765	0.8765	0.8765	0.8765	0.8765	0.8765	0.8765	0.8765	0.8765	0.8765	0.8765	0.8765	0.8765	0.8765	0.8765	0.8765	0.8765	0.8765	0.8765	0.8765	0.8765	0.8765	0.8765	0.8765	0.8765	0.8765	0.8765	0.8765	0.8656	0.8765	0.8765	0.8765	0.8765	0.8765	0.8765	0.8765	0.6576	0.6576	0.6576	0.6576	0.0434	0.0434	0.0434	0.0434	0.0434	0.0434	0.0434	0.0434	0.0434	0.0434	0.0434	0.0434	0.0434	0.0434	0.0434	0.0434	0.0434	0.0291	0.0291	0.0291	0.0291	0.0291	0.0291	0.0291	0.0291	0.0291	0.0291
7	0.0039	0.0039	0.0039	0.0079	0.0039	0.0039	0.0079	0.0039	0.0039	0.0039	0.0039	0.0039	0.0039	0.0039	0.0039	0.0039	0.0039	0.0039	0.0039	0.0039	0.0039	0.0039	0.0039	0.0039	0.0039	0.0039	0.0039	0.0039	0.0039	0.0039	0.0128	0.0039	0.0039	0.0039	0.0039	0.0039	0.0039	0.0039	0.0128	0.0039	0.016	0.0039	0.0039	0.0039	0.0079	0.0039	0.0039	0.0039	0.0039	0.0039	0.0039	0.0039	0.0039	0.0039	0.0039	0.0039	0.0039	0.0039	0.0039	0.0039	0.0039	0.0039	0.0039	0.2568	0.0039	0.0039	0.0039	0.0039	0.0039	0.0039	0.0039	0.0039	0.0039	0.0039	0.0079	0.0039	0.0039	0.0039	0.0039	0.0039	0.0039	0.0039	0.0039	0.0039	0.0039	0.0039	0.0039	0.0039	0.0128	0.0039	0.0039	0.0039	0.0039	0.0039	0.0039	0.0039	0.0039	0.0039	0.2568	0.0039	0.0039	0.0039	0.0039	0.0039	0.016	0.0039	0.0039	0.0039	0.0039	0.0039	0.0039	0.0079	0.0039	0.0039	0.0039	0.0039	0.0039	0.0039	0.0039	0.0039	0.0039	0.0039	0.0039	0.0039	0.0039	0.0039	0.0039	0.0039	0.0039	0.0039	0.0039	0.0039	0.0039	0.0039	0.0039	0.0039	0.0039	0.0039	0.0039	0.0039	0.0039	0.0039	0.0039	0.0039	0.0039	0.0039	0.0039	0.0039	0.0039	0.0039	0.0039	0.0039	0.0039	0.0039	0.0039	0.0039	0.0128	0.0039	0.0039	0.0039	0.0039	0.0039	0.0039	0.0039	0.0039	0.0039	0.0039	0.0039	0.0039	0.2568	0.0039	0.0039	0.0039	0.0039	0.0039	0.0079	0.0039	0.0079	0.0039	0.0039	0.0039	0.0039	0.0039	0.0039	0.0039	0.0039	0.0039	0.0039	0.0039	0.0039	0.0079	0.0039	0.0039	0.0039	0.0039	0.0039	0.0039	0.0039	0.0039	0.0039	0.0079	0.0039	0.0039	0.0039	0.0039	0.0039	0.0039	0.0039	0.0039	0.0039	0.0039	0.0039	0.0039	0.0039	0.0039	0.0039	0.0039	0.0039	0.0039	0.0039	0.0039	0.0128	0.0039	0.0039	0.0039	0.0039	0.0039	0.0039	0.0039	0.0039	0.0039	0.0039	0.0039	0.0039	0.0039	0.0039	0.0039	0.0039	0.0039	0.0039	0.0039	0.0039	0.0039	0.0039	0.0039	0.0039	0.0039	0.0039	0.0039	0.0039	0.0039	0.0039	0.0039	0.0039	0.0039	0.0039	0.0039	0.0039	0.0039	0.0039	0.0039	0.2568	0.0039	0.0039	0.0039	0.0039	0.0039	0.0039	0.0039	0.1184	0.1184	0.1184	0.1184	0.9645	0.9645	0.9645	0.9645	0.9645	0.9645	0.9645	0.9645	0.9645	0.9645	0.9645	0.9645	0.9645	0.9645	0.9645	0.9645	0.9645	0.5988	0.5988	0.5988	0.5988	0.5988	0.5988	0.5988	0.5988	0.5988	0.5988
8	0.0015	0.0015	0.0015	0.0165	0.0015	0.0015	0.0165	0.0015	0.0015	0.0015	0.0015	0.0015	0.0015	0.0015	0.0015	0.0015	0.0015	0.0015	0.0015	0.0015	0.0015	0.0015	0.0015	0.0015	0.0015	0.0015	0.0015	0.0015	0.0015	0.0015	0.0209	0.0015	0.0015	0.0015	0.0015	0.0015	0.0015	0.0015	0.0209	0.0015	0.1053	0.0015	0.0015	0.0015	0.0165	0.0015	0.0015	0.0015	0.0015	0.0015	0.0015	0.0015	0.0015	0.0015	0.0015	0.0015	0.0015	0.0015	0.0015	0.0015	0.0015	0.0015	0.0015	0.0	0.0015	0.0015	0.0015	0.0015	0.0015	0.0015	0.0015	0.0015	0.0015	0.0015	0.0165	0.0015	0.0015	0.0015	0.0015	0.0015	0.0015	0.0015	0.0015	0.0015	0.0015	0.0015	0.0015	0.0015	0.0209	0.0015	0.0015	0.0015	0.0015	0.0015	0.0015	0.0015	0.0015	0.0015	0.0	0.0015	0.0015	0.0015	0.0015	0.0015	0.1053	0.0015	0.0015	0.0015	0.0015	0.0015	0.0015	0.0165	0.0015	0.0015	0.0015	0.0015	0.0015	0.0015	0.0015	0.0015	0.0015	0.0015	0.0015	0.0015	0.0015	0.0015	0.0015	0.0015	0.0015	0.0015	0.0015	0.0015	0.0015	0.0015	0.0015	0.0015	0.0015	0.0015	0.0015	0.0015	0.0015	0.0015	0.0015	0.0015	0.0015	0.0015	0.0015	0.0015	0.0015	0.0015	0.0015	0.0015	0.0015	0.0015	0.0015	0.0015	0.0209	0.0015	0.0015	0.0015	0.0015	0.0015	0.0015	0.0015	0.0015	0.0015	0.0015	0.0015	0.0015	0.0	0.0015	0.0015	0.0015	0.0015	0.0015	0.0165	0.0015	0.0165	0.0015	0.0015	0.0015	0.0015	0.0015	0.0015	0.0015	0.0015	0.0015	0.0015	0.0015	0.0015	0.0165	0.0015	0.0015	0.0015	0.0015	0.0015	0.0015	0.0015	0.0015	0.0015	0.0165	0.0015	0.0015	0.0015	0.0015	0.0015	0.0015	0.0015	0.0015	0.0015	0.0015	0.0015	0.0015	0.0015	0.0015	0.0015	0.0015	0.0015	0.0015	0.0015	0.0015	0.0209	0.0015	0.0015	0.0015	0.0015	0.0015	0.0015	0.0015	0.0015	0.0015	0.0015	0.0015	0.0015	0.0015	0.0015	0.0015	0.0015	0.0015	0.0015	0.0015	0.0015	0.0015	0.0015	0.0015	0.0015	0.0015	0.0015	0.0015	0.0015	0.0015	0.0015	0.0015	0.0015	0.0015	0.0015	0.0015	0.0015	0.0015	0.0015	0.0015	0.0	0.0015	0.0015	0.0015	0.0015	0.0015	0.0015	0.0015	0.3203	0.3203	0.3203	0.3203	0.9489	0.9489	0.9489	0.9489	0.9489	0.9489	0.9489	0.9489	0.9489	0.9489	0.9489	0.9489	0.9489	0.9489	0.9489	0.9489	0.9489	0.9632	0.9632	0.9632	0.9632	0.9632	0.9632	0.9632	0.9632	0.9632	0.9632
9	0.0194	0.0194	0.0194	0.0171	0.0194	0.0194	0.0171	0.0194	0.0194	0.0194	0.0194	0.0194	0.0194	0.0194	0.0194	0.0194	0.0194	0.0194	0.0194	0.0194	0.0194	0.0194	0.0194	0.0194	0.0194	0.0194	0.0194	0.0194	0.0194	0.0194	0.0176	0.0194	0.0194	0.0194	0.0194	0.0194	0.0194	0.0194	0.0176	0.0194	0.0158	0.0194	0.0194	0.0194	0.0171	0.0194	0.0194	0.0194	0.0194	0.0194	0.0194	0.0194	0.0194	0.0194	0.0194	0.0194	0.0194	0.0194	0.0194	0.0194	0.0194	0.0194	0.0194	0.0	0.0194	0.0194	0.0194	0.0194	0.0194	0.0194	0.0194	0.0194	0.0194	0.0194	0.0171	0.0194	0.0194	0.0194	0.0194	0.0194	0.0194	0.0194	0.0194	0.0194	0.0194	0.0194	0.0194	0.0194	0.0176	0.0194	0.0194	0.0194	0.0194	0.0194	0.0194	0.0194	0.0194	0.0194	0.0	0.0194	0.0194	0.0194	0.0194	0.0194	0.0158	0.0194	0.0194	0.0194	0.0194	0.0194	0.0194	0.0171	0.0194	0.0194	0.0194	0.0194	0.0194	0.0194	0.0194	0.0194	0.0194	0.0194	0.0194	0.0194	0.0194	0.0194	0.0194	0.0194	0.0194	0.0194	0.0194	0.0194	0.0194	0.0194	0.0194	0.0194	0.0194	0.0194	0.0194	0.0194	0.0194	0.0194	0.0194	0.0194	0.0194	0.0194	0.0194	0.0194	0.0194	0.0194	0.0194	0.0194	0.0194	0.0194	0.0194	0.0194	0.0176	0.0194	0.0194	0.0194	0.0194	0.0194	0.0194	0.0194	0.0194	0.0194	0.0194	0.0194	0.0194	0.0	0.0194	0.0194	0.0194	0.0194	0.0194	0.0171	0.0194	0.0171	0.0194	0.0194	0.0194	0.0194	0.0194	0.0194	0.0194	0.0194	0.0194	0.0194	0.0194	0.0194	0.0171	0.0194	0.0194	0.0194	0.0194	0.0194	0.0194	0.0194	0.0194	0.0194	0.0171	0.0194	0.0194	0.0194	0.0194	0.0194	0.0194	0.0194	0.0194	0.0194	0.0194	0.0194	0.0194	0.0194	0.0194	0.0194	0.0194	0.0194	0.0194	0.0194	0.0194	0.0176	0.0194	0.0194	0.0194	0.0194	0.0194	0.0194	0.0194	0.0194	0.0194	0.0194	0.0194	0.0194	0.0194	0.0194	0.0194	0.0194	0.0194	0.0194	0.0194	0.0194	0.0194	0.0194	0.0194	0.0194	0.0194	0.0194	0.0194	0.0194	0.0194	0.0194	0.0194	0.0194	0.0194	0.0194	0.0194	0.0194	0.0194	0.0194	0.0194	0.0	0.0194	0.0194	0.0194	0.0194	0.0194	0.0194	0.0194	0.0656	0.0656	0.0656	0.0656	0.8374	0.8374	0.8374	0.8374	0.8374	0.8374	0.8374	0.8374	0.8374	0.8374	0.8374	0.8374	0.8374	0.8374	0.8374	0.8374	0.8374	0.7055	0.7055	0.7055	0.7055	0.7055	0.7055	0.7055	0.7055	0.7055	0.7055
10	0.0003	0.0003	0.0003	0.0012	0.0003	0.0003	0.0012	0.0003	0.0003	0.0003	0.0003	0.0003	0.0003	0.0003	0.0003	0.0003	0.0003	0.0003	0.0003	0.0003	0.0003	0.0003	0.0003	0.0003	0.0003	0.0003	0.0003	0.0003	0.0003	0.0003	0.0034	0.0003	0.0003	0.0003	0.0003	0.0003	0.0003	0.0003	0.0034	0.0003	0.0014	0.0003	0.0003	0.0003	0.0012	0.0003	0.0003	0.0003	0.0003	0.0003	0.0003	0.0003	0.0003	0.0003	0.0003	0.0003	0.0003	0.0003	0.0003	0.0003	0.0003	0.0003	0.0003	0.0356	0.0003	0.0003	0.0003	0.0003	0.0003	0.0003	0.0003	0.0003	0.0003	0.0003	0.0012	0.0003	0.0003	0.0003	0.0003	0.0003	0.0003	0.0003	0.0003	0.0003	0.0003	0.0003	0.0003	0.0003	0.0034	0.0003	0.0003	0.0003	0.0003	0.0003	0.0003	0.0003	0.0003	0.0003	0.0356	0.0003	0.0003	0.0003	0.0003	0.0003	0.0014	0.0003	0.0003	0.0003	0.0003	0.0003	0.0003	0.0012	0.0003	0.0003	0.0003	0.0003	0.0003	0.0003	0.0003	0.0003	0.0003	0.0003	0.0003	0.0003	0.0003	0.0003	0.0003	0.0003	0.0003	0.0003	0.0003	0.0003	0.0003	0.0003	0.0003	0.0003	0.0003	0.0003	0.0003	0.0003	0.0003	0.0003	0.0003	0.0003	0.0003	0.0003	0.0003	0.0003	0.0003	0.0003	0.0003	0.0003	0.0003	0.0003	0.0003	0.0003	0.0034	0.0003	0.0003	0.0003	0.0003	0.0003	0.0003	0.0003	0.0003	0.0003	0.0003	0.0003	0.0003	0.0356	0.0003	0.0003	0.0003	0.0003	0.0003	0.0012	0.0003	0.0012	0.0003	0.0003	0.0003	0.0003	0.0003	0.0003	0.0003	0.0003	0.0003	0.0003	0.0003	0.0003	0.0012	0.0003	0.0003	0.0003	0.0003	0.0003	0.0003	0.0003	0.0003	0.0003	0.0012	0.0003	0.0003	0.0003	0.0003	0.0003	0.0003	0.0003	0.0003	0.0003	0.0003	0.0003	0.0003	0.0003	0.0003	0.0003	0.0003	0.0003	0.0003	0.0003	0.0003	0.0034	0.0003	0.0003	0.0003	0.0003	0.0003	0.0003	0.0003	0.0003	0.0003	0.0003	0.0003	0.0003	0.0003	0.0003	0.0003	0.0003	0.0003	0.0003	0.0003	0.0003	0.0003	0.0003	0.0003	0.0003	0.0003	0.0003	0.0003	0.0003	0.0003	0.0003	0.0003	0.0003	0.0003	0.0003	0.0003	0.0003	0.0003	0.0003	0.0003	0.0356	0.0003	0.0003	0.0003	0.0003	0.0003	0.0003	0.0003	0.0848	0.0848	0.0848	0.0848	0.8251	0.8251	0.8251	0.8251	0.8251	0.8251	0.8251	0.8251	0.8251	0.8251	0.8251	0.8251	0.8251	0.8251	0.8251	0.8251	0.8251	0.9324	0.9324	0.9324	0.9324	0.9324	0.9324	0.9324	0.9324	0.9324	0.9324
11	0.0041	0.0041	0.0041	0.0091	0.0041	0.0041	0.0091	0.0041	0.0041	0.0041	0.0041	0.0041	0.0041	0.0041	0.0041	0.0041	0.0041	0.0041	0.0041	0.0041	0.0041	0.0041	0.0041	0.0041	0.0041	0.0041	0.0041	0.0041	0.0041	0.0041	0.0121	0.0041	0.0041	0.0041	0.0041	0.0041	0.0041	0.0041	0.0121	0.0041	0.1375	0.0041	0.0041	0.0041	0.0091	0.0041	0.0041	0.0041	0.0041	0.0041	0.0041	0.0041	0.0041	0.0041	0.0041	0.0041	0.0041	0.0041	0.0041	0.0041	0.0041	0.0041	0.0041	0.0	0.0041	0.0041	0.0041	0.0041	0.0041	0.0041	0.0041	0.0041	0.0041	0.0041	0.0091	0.0041	0.0041	0.0041	0.0041	0.0041	0.0041	0.0041	0.0041	0.0041	0.0041	0.0041	0.0041	0.0041	0.0121	0.0041	0.0041	0.0041	0.0041	0.0041	0.0041	0.0041	0.0041	0.0041	0.0	0.0041	0.0041	0.0041	0.0041	0.0041	0.1375	0.0041	0.0041	0.0041	0.0041	0.0041	0.0041	0.0091	0.0041	0.0041	0.0041	0.0041	0.0041	0.0041	0.0041	0.0041	0.0041	0.0041	0.0041	0.0041	0.0041	0.0041	0.0041	0.0041	0.0041	0.0041	0.0041	0.0041	0.0041	0.0041	0.0041	0.0041	0.0041	0.0041	0.0041	0.0041	0.0041	0.0041	0.0041	0.0041	0.0041	0.0041	0.0041	0.0041	0.0041	0.0041	0.0041	0.0041	0.0041	0.0041	0.0041	0.0041	0.0121	0.0041	0.0041	0.0041	0.0041	0.0041	0.0041	0.0041	0.0041	0.0041	0.0041	0.0041	0.0041	0.0	0.0041	0.0041	0.0041	0.0041	0.0041	0.0091	0.0041	0.0091	0.0041	0.0041	0.0041	0.0041	0.0041	0.0041	0.0041	0.0041	0.0041	0.0041	0.0041	0.0041	0.0091	0.0041	0.0041	0.0041	0.0041	0.0041	0.0041	0.0041	0.0041	0.0041	0.0091	0.0041	0.0041	0.0041	0.0041	0.0041	0.0041	0.0041	0.0041	0.0041	0.0041	0.0041	0.0041	0.0041	0.0041	0.0041	0.0041	0.0041	0.0041	0.0041	0.0041	0.0121	0.0041	0.0041	0.0041	0.0041	0.0041	0.0041	0.0041	0.0041	0.0041	0.0041	0.0041	0.0041	0.0041	0.0041	0.0041	0.0041	0.0041	0.0041	0.0041	0.0041	0.0041	0.0041	0.0041	0.0041	0.0041	0.0041	0.0041	0.0041	0.0041	0.0041	0.0041	0.0041	0.0041	0.0041	0.0041	0.0041	0.0041	0.0041	0.0041	0.0	0.0041	0.0041	0.0041	0.0041	0.0041	0.0041	0.0041	0.1108	0.1108	0.1108	0.1108	0.9791	0.9791	0.9791	0.9791	0.9791	0.9791	0.9791	0.9791	0.9791	0.9791	0.9791	0.9791	0.9791	0.9791	0.9791	0.9791	0.9791	0.9296	0.9296	0.9296	0.9296	0.9296	0.9296	0.9296	0.9296	0.9296	0.9296
12	0.0117	0.0117	0.0117	0.0107	0.0117	0.0117	0.0107	0.0117	0.0117	0.0117	0.0117	0.0117	0.0117	0.0117	0.0117	0.0117	0.0117	0.0117	0.0117	0.0117	0.0117	0.0117	0.0117	0.0117	0.0117	0.0117	0.0117	0.0117	0.0117	0.0117	0.0273	0.0117	0.0117	0.0117	0.0117	0.0117	0.0117	0.0117	0.0273	0.0117	0.0475	0.0117	0.0117	0.0117	0.0107	0.0117	0.0117	0.0117	0.0117	0.0117	0.0117	0.0117	0.0117	0.0117	0.0117	0.0117	0.0117	0.0117	0.0117	0.0117	0.0117	0.0117	0.0117	0.0001	0.0117	0.0117	0.0117	0.0117	0.0117	0.0117	0.0117	0.0117	0.0117	0.0117	0.0107	0.0117	0.0117	0.0117	0.0117	0.0117	0.0117	0.0117	0.0117	0.0117	0.0117	0.0117	0.0117	0.0117	0.0273	0.0117	0.0117	0.0117	0.0117	0.0117	0.0117	0.0117	0.0117	0.0117	0.0001	0.0117	0.0117	0.0117	0.0117	0.0117	0.0475	0.0117	0.0117	0.0117	0.0117	0.0117	0.0117	0.0107	0.0117	0.0117	0.0117	0.0117	0.0117	0.0117	0.0117	0.0117	0.0117	0.0117	0.0117	0.0117	0.0117	0.0117	0.0117	0.0117	0.0117	0.0117	0.0117	0.0117	0.0117	0.0117	0.0117	0.0117	0.0117	0.0117	0.0117	0.0117	0.0117	0.0117	0.0117	0.0117	0.0117	0.0117	0.0117	0.0117	0.0117	0.0117	0.0117	0.0117	0.0117	0.0117	0.0117	0.0117	0.0273	0.0117	0.0117	0.0117	0.0117	0.0117	0.0117	0.0117	0.0117	0.0117	0.0117	0.0117	0.0117	0.0001	0.0117	0.0117	0.0117	0.0117	0.0117	0.0107	0.0117	0.0107	0.0117	0.0117	0.0117	0.0117	0.0117	0.0117	0.0117	0.0117	0.0117	0.0117	0.0117	0.0117	0.0107	0.0117	0.0117	0.0117	0.0117	0.0117	0.0117	0.0117	0.0117	0.0117	0.0107	0.0117	0.0117	0.0117	0.0117	0.0117	0.0117	0.0117	0.0117	0.0117	0.0117	0.0117	0.0117	0.0117	0.0117	0.0117	0.0117	0.0117	0.0117	0.0117	0.0117	0.0273	0.0117	0.0117	0.0117	0.0117	0.0117	0.0117	0.0117	0.0117	0.0117	0.0117	0.0117	0.0117	0.0117	0.0117	0.0117	0.0117	0.0117	0.0117	0.0117	0.0117	0.0117	0.0117	0.0117	0.0117	0.0117	0.0117	0.0117	0.0117	0.0117	0.0117	0.0117	0.0117	0.0117	0.0117	0.0117	0.0117	0.0117	0.0117	0.0117	0.0001	0.0117	0.0117	0.0117	0.0117	0.0117	0.0117	0.0117	0.0659	0.0659	0.0659	0.0659	0.897	0.897	0.897	0.897	0.897	0.897	0.897	0.897	0.897	0.897	0.897	0.897	0.897	0.897	0.897	0.897	0.897	0.9644	0.9644	0.9644	0.9644	0.9644	0.9644	0.9644	0.9644	0.9644	0.9644
13	0.0	0.0	0.0	0.0033	0.0	0.0	0.0033	0.0	0.0	0.0	0.0	0.0	0.0	0.0	0.0	0.0	0.0	0.0	0.0	0.0	0.0	0.0	0.0	0.0	0.0	0.0	0.0	0.0	0.0	0.0	0.0032	0.0	0.0	0.0	0.0	0.0	0.0	0.0	0.0032	0.0	0.0903	0.0	0.0	0.0	0.0033	0.0	0.0	0.0	0.0	0.0	0.0	0.0	0.0	0.0	0.0	0.0	0.0	0.0	0.0	0.0	0.0	0.0	0.0	0.0006	0.0	0.0	0.0	0.0	0.0	0.0	0.0	0.0	0.0	0.0	0.0033	0.0	0.0	0.0	0.0	0.0	0.0	0.0	0.0	0.0	0.0	0.0	0.0	0.0	0.0032	0.0	0.0	0.0	0.0	0.0	0.0	0.0	0.0	0.0	0.0006	0.0	0.0	0.0	0.0	0.0	0.0903	0.0	0.0	0.0	0.0	0.0	0.0	0.0033	0.0	0.0	0.0	0.0	0.0	0.0	0.0	0.0	0.0	0.0	0.0	0.0	0.0	0.0	0.0	0.0	0.0	0.0	0.0	0.0	0.0	0.0	0.0	0.0	0.0	0.0	0.0	0.0	0.0	0.0	0.0	0.0	0.0	0.0	0.0	0.0	0.0	0.0	0.0	0.0	0.0	0.0	0.0	0.0	0.0032	0.0	0.0	0.0	0.0	0.0	0.0	0.0	0.0	0.0	0.0	0.0	0.0	0.0006	0.0	0.0	0.0	0.0	0.0	0.0033	0.0	0.0033	0.0	0.0	0.0	0.0	0.0	0.0	0.0	0.0	0.0	0.0	0.0	0.0	0.0033	0.0	0.0	0.0	0.0	0.0	0.0	0.0	0.0	0.0	0.0033	0.0	0.0	0.0	0.0	0.0	0.0	0.0	0.0	0.0	0.0	0.0	0.0	0.0	0.0	0.0	0.0	0.0	0.0	0.0	0.0	0.0032	0.0	0.0	0.0	0.0	0.0	0.0	0.0	0.0	0.0	0.0	0.0	0.0	0.0	0.0	0.0	0.0	0.0	0.0	0.0	0.0	0.0	0.0	0.0	0.0	0.0	0.0	0.0	0.0	0.0	0.0	0.0	0.0	0.0	0.0	0.0	0.0	0.0	0.0	0.0	0.0006	0.0	0.0	0.0	0.0	0.0	0.0	0.0	0.0681	0.0681	0.0681	0.0681	0.9806	0.9806	0.9806	0.9806	0.9806	0.9806	0.9806	0.9806	0.9806	0.9806	0.9806	0.9806	0.9806	0.9806	0.9806	0.9806	0.9806	0.9742	0.9742	0.9742	0.9742	0.9742	0.9742	0.9742	0.9742	0.9742	0.9742
14	0.0328	0.0328	0.0328	0.0262	0.0328	0.0328	0.0262	0.0328	0.0328	0.0328	0.0328	0.0328	0.0328	0.0328	0.0328	0.0328	0.0328	0.0328	0.0328	0.0328	0.0328	0.0328	0.0328	0.0328	0.0328	0.0328	0.0328	0.0328	0.0328	0.0328	0.0289	0.0328	0.0328	0.0328	0.0328	0.0328	0.0328	0.0328	0.0289	0.0328	0.2011	0.0328	0.0328	0.0328	0.0262	0.0328	0.0328	0.0328	0.0328	0.0328	0.0328	0.0328	0.0328	0.0328	0.0328	0.0328	0.0328	0.0328	0.0328	0.0328	0.0328	0.0328	0.0328	0.187	0.0328	0.0328	0.0328	0.0328	0.0328	0.0328	0.0328	0.0328	0.0328	0.0328	0.0262	0.0328	0.0328	0.0328	0.0328	0.0328	0.0328	0.0328	0.0328	0.0328	0.0328	0.0328	0.0328	0.0328	0.0289	0.0328	0.0328	0.0328	0.0328	0.0328	0.0328	0.0328	0.0328	0.0328	0.187	0.0328	0.0328	0.0328	0.0328	0.0328	0.2011	0.0328	0.0328	0.0328	0.0328	0.0328	0.0328	0.0262	0.0328	0.0328	0.0328	0.0328	0.0328	0.0328	0.0328	0.0328	0.0328	0.0328	0.0328	0.0328	0.0328	0.0328	0.0328	0.0328	0.0328	0.0328	0.0328	0.0328	0.0328	0.0328	0.0328	0.0328	0.0328	0.0328	0.0328	0.0328	0.0328	0.0328	0.0328	0.0328	0.0328	0.0328	0.0328	0.0328	0.0328	0.0328	0.0328	0.0328	0.0328	0.0328	0.0328	0.0328	0.0289	0.0328	0.0328	0.0328	0.0328	0.0328	0.0328	0.0328	0.0328	0.0328	0.0328	0.0328	0.0328	0.187	0.0328	0.0328	0.0328	0.0328	0.0328	0.0262	0.0328	0.0262	0.0328	0.0328	0.0328	0.0328	0.0328	0.0328	0.0328	0.0328	0.0328	0.0328	0.0328	0.0328	0.0262	0.0328	0.0328	0.0328	0.0328	0.0328	0.0328	0.0328	0.0328	0.0328	0.0262	0.0328	0.0328	0.0328	0.0328	0.0328	0.0328	0.0328	0.0328	0.0328	0.0328	0.0328	0.0328	0.0328	0.0328	0.0328	0.0328	0.0328	0.0328	0.0328	0.0328	0.0289	0.0328	0.0328	0.0328	0.0328	0.0328	0.0328	0.0328	0.0328	0.0328	0.0328	0.0328	0.0328	0.0328	0.0328	0.0328	0.0328	0.0328	0.0328	0.0328	0.0328	0.0328	0.0328	0.0328	0.0328	0.0328	0.0328	0.0328	0.0328	0.0328	0.0328	0.0328	0.0328	0.0328	0.0328	0.0328	0.0328	0.0328	0.0328	0.0328	0.187	0.0328	0.0328	0.0328	0.0328	0.0328	0.0328	0.0328	0.341	0.341	0.341	0.341	0.9442	0.9442	0.9442	0.9442	0.9442	0.9442	0.9442	0.9442	0.9442	0.9442	0.9442	0.9442	0.9442	0.9442	0.9442	0.9442	0.9442	0.9126	0.9126	0.9126	0.9126	0.9126	0.9126	0.9126	0.9126	0.9126	0.9126
15	0.0073	0.0073	0.0073	0.0327	0.0073	0.0073	0.0327	0.0073	0.0073	0.0073	0.0073	0.0073	0.0073	0.0073	0.0073	0.0073	0.0073	0.0073	0.0073	0.0073	0.0073	0.0073	0.0073	0.0073	0.0073	0.0073	0.0073	0.0073	0.0073	0.0073	0.0233	0.0073	0.0073	0.0073	0.0073	0.0073	0.0073	0.0073	0.0233	0.0073	0.0357	0.0073	0.0073	0.0073	0.0327	0.0073	0.0073	0.0073	0.0073	0.0073	0.0073	0.0073	0.0073	0.0073	0.0073	0.0073	0.0073	0.0073	0.0073	0.0073	0.0073	0.0073	0.0073	0.0464	0.0073	0.0073	0.0073	0.0073	0.0073	0.0073	0.0073	0.0073	0.0073	0.0073	0.0327	0.0073	0.0073	0.0073	0.0073	0.0073	0.0073	0.0073	0.0073	0.0073	0.0073	0.0073	0.0073	0.0073	0.0233	0.0073	0.0073	0.0073	0.0073	0.0073	0.0073	0.0073	0.0073	0.0073	0.0464	0.0073	0.0073	0.0073	0.0073	0.0073	0.0357	0.0073	0.0073	0.0073	0.0073	0.0073	0.0073	0.0327	0.0073	0.0073	0.0073	0.0073	0.0073	0.0073	0.0073	0.0073	0.0073	0.0073	0.0073	0.0073	0.0073	0.0073	0.0073	0.0073	0.0073	0.0073	0.0073	0.0073	0.0073	0.0073	0.0073	0.0073	0.0073	0.0073	0.0073	0.0073	0.0073	0.0073	0.0073	0.0073	0.0073	0.0073	0.0073	0.0073	0.0073	0.0073	0.0073	0.0073	0.0073	0.0073	0.0073	0.0073	0.0233	0.0073	0.0073	0.0073	0.0073	0.0073	0.0073	0.0073	0.0073	0.0073	0.0073	0.0073	0.0073	0.0464	0.0073	0.0073	0.0073	0.0073	0.0073	0.0327	0.0073	0.0327	0.0073	0.0073	0.0073	0.0073	0.0073	0.0073	0.0073	0.0073	0.0073	0.0073	0.0073	0.0073	0.0327	0.0073	0.0073	0.0073	0.0073	0.0073	0.0073	0.0073	0.0073	0.0073	0.0327	0.0073	0.0073	0.0073	0.0073	0.0073	0.0073	0.0073	0.0073	0.0073	0.0073	0.0073	0.0073	0.0073	0.0073	0.0073	0.0073	0.0073	0.0073	0.0073	0.0073	0.0233	0.0073	0.0073	0.0073	0.0073	0.0073	0.0073	0.0073	0.0073	0.0073	0.0073	0.0073	0.0073	0.0073	0.0073	0.0073	0.0073	0.0073	0.0073	0.0073	0.0073	0.0073	0.0073	0.0073	0.0073	0.0073	0.0073	0.0073	0.0073	0.0073	0.0073	0.0073	0.0073	0.0073	0.0073	0.0073	0.0073	0.0073	0.0073	0.0073	0.0464	0.0073	0.0073	0.0073	0.0073	0.0073	0.0073	0.0073	0.9063	0.9063	0.9063	0.9063	0.0139	0.0139	0.0139	0.0139	0.0139	0.0139	0.0139	0.0139	0.0139	0.0139	0.0139	0.0139	0.0139	0.0139	0.0139	0.0139	0.0139	0.0469	0.0469	0.0469	0.0469	0.0469	0.0469	0.0469	0.0469	0.0469	0.0469
16	0.0139	0.0139	0.0139	0.017	0.0139	0.0139	0.017	0.0139	0.0139	0.0139	0.0139	0.0139	0.0139	0.0139	0.0139	0.0139	0.0139	0.0139	0.0139	0.0139	0.0139	0.0139	0.0139	0.0139	0.0139	0.0139	0.0139	0.0139	0.0139	0.0139	0.0221	0.0139	0.0139	0.0139	0.0139	0.0139	0.0139	0.0139	0.0221	0.0139	0.1237	0.0139	0.0139	0.0139	0.017	0.0139	0.0139	0.0139	0.0139	0.0139	0.0139	0.0139	0.0139	0.0139	0.0139	0.0139	0.0139	0.0139	0.0139	0.0139	0.0139	0.0139	0.0139	0.2164	0.0139	0.0139	0.0139	0.0139	0.0139	0.0139	0.0139	0.0139	0.0139	0.0139	0.017	0.0139	0.0139	0.0139	0.0139	0.0139	0.0139	0.0139	0.0139	0.0139	0.0139	0.0139	0.0139	0.0139	0.0221	0.0139	0.0139	0.0139	0.0139	0.0139	0.0139	0.0139	0.0139	0.0139	0.2164	0.0139	0.0139	0.0139	0.0139	0.0139	0.1237	0.0139	0.0139	0.0139	0.0139	0.0139	0.0139	0.017	0.0139	0.0139	0.0139	0.0139	0.0139	0.0139	0.0139	0.0139	0.0139	0.0139	0.0139	0.0139	0.0139	0.0139	0.0139	0.0139	0.0139	0.0139	0.0139	0.0139	0.0139	0.0139	0.0139	0.0139	0.0139	0.0139	0.0139	0.0139	0.0139	0.0139	0.0139	0.0139	0.0139	0.0139	0.0139	0.0139	0.0139	0.0139	0.0139	0.0139	0.0139	0.0139	0.0139	0.0139	0.0221	0.0139	0.0139	0.0139	0.0139	0.0139	0.0139	0.0139	0.0139	0.0139	0.0139	0.0139	0.0139	0.2164	0.0139	0.0139	0.0139	0.0139	0.0139	0.017	0.0139	0.017	0.0139	0.0139	0.0139	0.0139	0.0139	0.0139	0.0139	0.0139	0.0139	0.0139	0.0139	0.0139	0.017	0.0139	0.0139	0.0139	0.0139	0.0139	0.0139	0.0139	0.0139	0.0139	0.017	0.0139	0.0139	0.0139	0.0139	0.0139	0.0139	0.0139	0.0139	0.0139	0.0139	0.0139	0.0139	0.0139	0.0139	0.0139	0.0139	0.0139	0.0139	0.0139	0.0139	0.0221	0.0139	0.0139	0.0139	0.0139	0.0139	0.0139	0.0139	0.0139	0.0139	0.0139	0.0139	0.0139	0.0139	0.0139	0.0139	0.0139	0.0139	0.0139	0.0139	0.0139	0.0139	0.0139	0.0139	0.0139	0.0139	0.0139	0.0139	0.0139	0.0139	0.0139	0.0139	0.0139	0.0139	0.0139	0.0139	0.0139	0.0139	0.0139	0.0139	0.2164	0.0139	0.0139	0.0139	0.0139	0.0139	0.0139	0.0139	0.908	0.908	0.908	0.908	0.0216	0.0216	0.0216	0.0216	0.0216	0.0216	0.0216	0.0216	0.0216	0.0216	0.0216	0.0216	0.0216	0.0216	0.0216	0.0216	0.0216	0.0659	0.0659	0.0659	0.0659	0.0659	0.0659	0.0659	0.0659	0.0659	0.0659
17	0.0242	0.0242	0.0242	0.0091	0.0242	0.0242	0.0091	0.0242	0.0242	0.0242	0.0242	0.0242	0.0242	0.0242	0.0242	0.0242	0.0242	0.0242	0.0242	0.0242	0.0242	0.0242	0.0242	0.0242	0.0242	0.0242	0.0242	0.0242	0.0242	0.0242	0.0085	0.0242	0.0242	0.0242	0.0242	0.0242	0.0242	0.0242	0.0085	0.0242	0.0011	0.0242	0.0242	0.0242	0.0091	0.0242	0.0242	0.0242	0.0242	0.0242	0.0242	0.0242	0.0242	0.0242	0.0242	0.0242	0.0242	0.0242	0.0242	0.0242	0.0242	0.0242	0.0242	0.0077	0.0242	0.0242	0.0242	0.0242	0.0242	0.0242	0.0242	0.0242	0.0242	0.0242	0.0091	0.0242	0.0242	0.0242	0.0242	0.0242	0.0242	0.0242	0.0242	0.0242	0.0242	0.0242	0.0242	0.0242	0.0085	0.0242	0.0242	0.0242	0.0242	0.0242	0.0242	0.0242	0.0242	0.0242	0.0077	0.0242	0.0242	0.0242	0.0242	0.0242	0.0011	0.0242	0.0242	0.0242	0.0242	0.0242	0.0242	0.0091	0.0242	0.0242	0.0242	0.0242	0.0242	0.0242	0.0242	0.0242	0.0242	0.0242	0.0242	0.0242	0.0242	0.0242	0.0242	0.0242	0.0242	0.0242	0.0242	0.0242	0.0242	0.0242	0.0242	0.0242	0.0242	0.0242	0.0242	0.0242	0.0242	0.0242	0.0242	0.0242	0.0242	0.0242	0.0242	0.0242	0.0242	0.0242	0.0242	0.0242	0.0242	0.0242	0.0242	0.0242	0.0085	0.0242	0.0242	0.0242	0.0242	0.0242	0.0242	0.0242	0.0242	0.0242	0.0242	0.0242	0.0242	0.0077	0.0242	0.0242	0.0242	0.0242	0.0242	0.0091	0.0242	0.0091	0.0242	0.0242	0.0242	0.0242	0.0242	0.0242	0.0242	0.0242	0.0242	0.0242	0.0242	0.0242	0.0091	0.0242	0.0242	0.0242	0.0242	0.0242	0.0242	0.0242	0.0242	0.0242	0.0091	0.0242	0.0242	0.0242	0.0242	0.0242	0.0242	0.0242	0.0242	0.0242	0.0242	0.0242	0.0242	0.0242	0.0242	0.0242	0.0242	0.0242	0.0242	0.0242	0.0242	0.0085	0.0242	0.0242	0.0242	0.0242	0.0242	0.0242	0.0242	0.0242	0.0242	0.0242	0.0242	0.0242	0.0242	0.0242	0.0242	0.0242	0.0242	0.0242	0.0242	0.0242	0.0242	0.0242	0.0242	0.0242	0.0242	0.0242	0.0242	0.0242	0.0242	0.0242	0.0242	0.0242	0.0242	0.0242	0.0242	0.0242	0.0242	0.0242	0.0242	0.0077	0.0242	0.0242	0.0242	0.0242	0.0242	0.0242	0.0242	0.7678	0.7678	0.7678	0.7678	0.0187	0.0187	0.0187	0.0187	0.0187	0.0187	0.0187	0.0187	0.0187	0.0187	0.0187	0.0187	0.0187	0.0187	0.0187	0.0187	0.0187	0.0469	0.0469	0.0469	0.0469	0.0469	0.0469	0.0469	0.0469	0.0469	0.0469
18	0.0128	0.0128	0.0128	0.0086	0.0128	0.0128	0.0086	0.0128	0.0128	0.0128	0.0128	0.0128	0.0128	0.0128	0.0128	0.0128	0.0128	0.0128	0.0128	0.0128	0.0128	0.0128	0.0128	0.0128	0.0128	0.0128	0.0128	0.0128	0.0128	0.0128	0.01	0.0128	0.0128	0.0128	0.0128	0.0128	0.0128	0.0128	0.01	0.0128	0.1084	0.0128	0.0128	0.0128	0.0086	0.0128	0.0128	0.0128	0.0128	0.0128	0.0128	0.0128	0.0128	0.0128	0.0128	0.0128	0.0128	0.0128	0.0128	0.0128	0.0128	0.0128	0.0128	0.006	0.0128	0.0128	0.0128	0.0128	0.0128	0.0128	0.0128	0.0128	0.0128	0.0128	0.0086	0.0128	0.0128	0.0128	0.0128	0.0128	0.0128	0.0128	0.0128	0.0128	0.0128	0.0128	0.0128	0.0128	0.01	0.0128	0.0128	0.0128	0.0128	0.0128	0.0128	0.0128	0.0128	0.0128	0.006	0.0128	0.0128	0.0128	0.0128	0.0128	0.1084	0.0128	0.0128	0.0128	0.0128	0.0128	0.0128	0.0086	0.0128	0.0128	0.0128	0.0128	0.0128	0.0128	0.0128	0.0128	0.0128	0.0128	0.0128	0.0128	0.0128	0.0128	0.0128	0.0128	0.0128	0.0128	0.0128	0.0128	0.0128	0.0128	0.0128	0.0128	0.0128	0.0128	0.0128	0.0128	0.0128	0.0128	0.0128	0.0128	0.0128	0.0128	0.0128	0.0128	0.0128	0.0128	0.0128	0.0128	0.0128	0.0128	0.0128	0.0128	0.01	0.0128	0.0128	0.0128	0.0128	0.0128	0.0128	0.0128	0.0128	0.0128	0.0128	0.0128	0.0128	0.006	0.0128	0.0128	0.0128	0.0128	0.0128	0.0086	0.0128	0.0086	0.0128	0.0128	0.0128	0.0128	0.0128	0.0128	0.0128	0.0128	0.0128	0.0128	0.0128	0.0128	0.0086	0.0128	0.0128	0.0128	0.0128	0.0128	0.0128	0.0128	0.0128	0.0128	0.0086	0.0128	0.0128	0.0128	0.0128	0.0128	0.0128	0.0128	0.0128	0.0128	0.0128	0.0128	0.0128	0.0128	0.0128	0.0128	0.0128	0.0128	0.0128	0.0128	0.0128	0.01	0.0128	0.0128	0.0128	0.0128	0.0128	0.0128	0.0128	0.0128	0.0128	0.0128	0.0128	0.0128	0.0128	0.0128	0.0128	0.0128	0.0128	0.0128	0.0128	0.0128	0.0128	0.0128	0.0128	0.0128	0.0128	0.0128	0.0128	0.0128	0.0128	0.0128	0.0128	0.0128	0.0128	0.0128	0.0128	0.0128	0.0128	0.0128	0.0128	0.006	0.0128	0.0128	0.0128	0.0128	0.0128	0.0128	0.0128	0.9096	0.9096	0.9096	0.9096	0.0135	0.0135	0.0135	0.0135	0.0135	0.0135	0.0135	0.0135	0.0135	0.0135	0.0135	0.0135	0.0135	0.0135	0.0135	0.0135	0.0135	0.0343	0.0343	0.0343	0.0343	0.0343	0.0343	0.0343	0.0343	0.0343	0.0343
19	0.0001	0.0001	0.0001	0.0035	0.0001	0.0001	0.0035	0.0001	0.0001	0.0001	0.0001	0.0001	0.0001	0.0001	0.0001	0.0001	0.0001	0.0001	0.0001	0.0001	0.0001	0.0001	0.0001	0.0001	0.0001	0.0001	0.0001	0.0001	0.0001	0.0001	0.0024	0.0001	0.0001	0.0001	0.0001	0.0001	0.0001	0.0001	0.0024	0.0001	0.0014	0.0001	0.0001	0.0001	0.0035	0.0001	0.0001	0.0001	0.0001	0.0001	0.0001	0.0001	0.0001	0.0001	0.0001	0.0001	0.0001	0.0001	0.0001	0.0001	0.0001	0.0001	0.0001	0.0	0.0001	0.0001	0.0001	0.0001	0.0001	0.0001	0.0001	0.0001	0.0001	0.0001	0.0035	0.0001	0.0001	0.0001	0.0001	0.0001	0.0001	0.0001	0.0001	0.0001	0.0001	0.0001	0.0001	0.0001	0.0024	0.0001	0.0001	0.0001	0.0001	0.0001	0.0001	0.0001	0.0001	0.0001	0.0	0.0001	0.0001	0.0001	0.0001	0.0001	0.0014	0.0001	0.0001	0.0001	0.0001	0.0001	0.0001	0.0035	0.0001	0.0001	0.0001	0.0001	0.0001	0.0001	0.0001	0.0001	0.0001	0.0001	0.0001	0.0001	0.0001	0.0001	0.0001	0.0001	0.0001	0.0001	0.0001	0.0001	0.0001	0.0001	0.0001	0.0001	0.0001	0.0001	0.0001	0.0001	0.0001	0.0001	0.0001	0.0001	0.0001	0.0001	0.0001	0.0001	0.0001	0.0001	0.0001	0.0001	0.0001	0.0001	0.0001	0.0001	0.0024	0.0001	0.0001	0.0001	0.0001	0.0001	0.0001	0.0001	0.0001	0.0001	0.0001	0.0001	0.0001	0.0	0.0001	0.0001	0.0001	0.0001	0.0001	0.0035	0.0001	0.0035	0.0001	0.0001	0.0001	0.0001	0.0001	0.0001	0.0001	0.0001	0.0001	0.0001	0.0001	0.0001	0.0035	0.0001	0.0001	0.0001	0.0001	0.0001	0.0001	0.0001	0.0001	0.0001	0.0035	0.0001	0.0001	0.0001	0.0001	0.0001	0.0001	0.0001	0.0001	0.0001	0.0001	0.0001	0.0001	0.0001	0.0001	0.0001	0.0001	0.0001	0.0001	0.0001	0.0001	0.0024	0.0001	0.0001	0.0001	0.0001	0.0001	0.0001	0.0001	0.0001	0.0001	0.0001	0.0001	0.0001	0.0001	0.0001	0.0001	0.0001	0.0001	0.0001	0.0001	0.0001	0.0001	0.0001	0.0001	0.0001	0.0001	0.0001	0.0001	0.0001	0.0001	0.0001	0.0001	0.0001	0.0001	0.0001	0.0001	0.0001	0.0001	0.0001	0.0001	0.0	0.0001	0.0001	0.0001	0.0001	0.0001	0.0001	0.0001	0.9234	0.9234	0.9234	0.9234	0.0205	0.0205	0.0205	0.0205	0.0205	0.0205	0.0205	0.0205	0.0205	0.0205	0.0205	0.0205	0.0205	0.0205	0.0205	0.0205	0.0205	0.0304	0.0304	0.0304	0.0304	0.0304	0.0304	0.0304	0.0304	0.0304	0.0304
20	0.0	0.0	0.0	0.0032	0.0	0.0	0.0032	0.0	0.0	0.0	0.0	0.0	0.0	0.0	0.0	0.0	0.0	0.0	0.0	0.0	0.0	0.0	0.0	0.0	0.0	0.0	0.0	0.0	0.0	0.0	0.0039	0.0	0.0	0.0	0.0	0.0	0.0	0.0	0.0039	0.0	0.0033	0.0	0.0	0.0	0.0032	0.0	0.0	0.0	0.0	0.0	0.0	0.0	0.0	0.0	0.0	0.0	0.0	0.0	0.0	0.0	0.0	0.0	0.0	0.0048	0.0	0.0	0.0	0.0	0.0	0.0	0.0	0.0	0.0	0.0	0.0032	0.0	0.0	0.0	0.0	0.0	0.0	0.0	0.0	0.0	0.0	0.0	0.0	0.0	0.0039	0.0	0.0	0.0	0.0	0.0	0.0	0.0	0.0	0.0	0.0048	0.0	0.0	0.0	0.0	0.0	0.0033	0.0	0.0	0.0	0.0	0.0	0.0	0.0032	0.0	0.0	0.0	0.0	0.0	0.0	0.0	0.0	0.0	0.0	0.0	0.0	0.0	0.0	0.0	0.0	0.0	0.0	0.0	0.0	0.0	0.0	0.0	0.0	0.0	0.0	0.0	0.0	0.0	0.0	0.0	0.0	0.0	0.0	0.0	0.0	0.0	0.0	0.0	0.0	0.0	0.0	0.0	0.0	0.0039	0.0	0.0	0.0	0.0	0.0	0.0	0.0	0.0	0.0	0.0	0.0	0.0	0.0048	0.0	0.0	0.0	0.0	0.0	0.0032	0.0	0.0032	0.0	0.0	0.0	0.0	0.0	0.0	0.0	0.0	0.0	0.0	0.0	0.0	0.0032	0.0	0.0	0.0	0.0	0.0	0.0	0.0	0.0	0.0	0.0032	0.0	0.0	0.0	0.0	0.0	0.0	0.0	0.0	0.0	0.0	0.0	0.0	0.0	0.0	0.0	0.0	0.0	0.0	0.0	0.0	0.0039	0.0	0.0	0.0	0.0	0.0	0.0	0.0	0.0	0.0	0.0	0.0	0.0	0.0	0.0	0.0	0.0	0.0	0.0	0.0	0.0	0.0	0.0	0.0	0.0	0.0	0.0	0.0	0.0	0.0	0.0	0.0	0.0	0.0	0.0	0.0	0.0	0.0	0.0	0.0	0.0048	0.0	0.0	0.0	0.0	0.0	0.0	0.0	0.7706	0.7706	0.7706	0.7706	0.1057	0.1057	0.1057	0.1057	0.1057	0.1057	0.1057	0.1057	0.1057	0.1057	0.1057	0.1057	0.1057	0.1057	0.1057	0.1057	0.1057	0.0291	0.0291	0.0291	0.0291	0.0291	0.0291	0.0291	0.0291	0.0291	0.0291
21	0.0112	0.0112	0.0112	0.0083	0.0112	0.0112	0.0083	0.0112	0.0112	0.0112	0.0112	0.0112	0.0112	0.0112	0.0112	0.0112	0.0112	0.0112	0.0112	0.0112	0.0112	0.0112	0.0112	0.0112	0.0112	0.0112	0.0112	0.0112	0.0112	0.0112	0.0118	0.0112	0.0112	0.0112	0.0112	0.0112	0.0112	0.0112	0.0118	0.0112	0.2762	0.0112	0.0112	0.0112	0.0083	0.0112	0.0112	0.0112	0.0112	0.0112	0.0112	0.0112	0.0112	0.0112	0.0112	0.0112	0.0112	0.0112	0.0112	0.0112	0.0112	0.0112	0.0112	0.2539	0.0112	0.0112	0.0112	0.0112	0.0112	0.0112	0.0112	0.0112	0.0112	0.0112	0.0083	0.0112	0.0112	0.0112	0.0112	0.0112	0.0112	0.0112	0.0112	0.0112	0.0112	0.0112	0.0112	0.0112	0.0118	0.0112	0.0112	0.0112	0.0112	0.0112	0.0112	0.0112	0.0112	0.0112	0.2539	0.0112	0.0112	0.0112	0.0112	0.0112	0.2762	0.0112	0.0112	0.0112	0.0112	0.0112	0.0112	0.0083	0.0112	0.0112	0.0112	0.0112	0.0112	0.0112	0.0112	0.0112	0.0112	0.0112	0.0112	0.0112	0.0112	0.0112	0.0112	0.0112	0.0112	0.0112	0.0112	0.0112	0.0112	0.0112	0.0112	0.0112	0.0112	0.0112	0.0112	0.0112	0.0112	0.0112	0.0112	0.0112	0.0112	0.0112	0.0112	0.0112	0.0112	0.0112	0.0112	0.0112	0.0112	0.0112	0.0112	0.0112	0.0118	0.0112	0.0112	0.0112	0.0112	0.0112	0.0112	0.0112	0.0112	0.0112	0.0112	0.0112	0.0112	0.2539	0.0112	0.0112	0.0112	0.0112	0.0112	0.0083	0.0112	0.0083	0.0112	0.0112	0.0112	0.0112	0.0112	0.0112	0.0112	0.0112	0.0112	0.0112	0.0112	0.0112	0.0083	0.0112	0.0112	0.0112	0.0112	0.0112	0.0112	0.0112	0.0112	0.0112	0.0083	0.0112	0.0112	0.0112	0.0112	0.0112	0.0112	0.0112	0.0112	0.0112	0.0112	0.0112	0.0112	0.0112	0.0112	0.0112	0.0112	0.0112	0.0112	0.0112	0.0112	0.0118	0.0112	0.0112	0.0112	0.0112	0.0112	0.0112	0.0112	0.0112	0.0112	0.0112	0.0112	0.0112	0.0112	0.0112	0.0112	0.0112	0.0112	0.0112	0.0112	0.0112	0.0112	0.0112	0.0112	0.0112	0.0112	0.0112	0.0112	0.0112	0.0112	0.0112	0.0112	0.0112	0.0112	0.0112	0.0112	0.0112	0.0112	0.0112	0.0112	0.2539	0.0112	0.0112	0.0112	0.0112	0.0112	0.0112	0.0112	0.9286	0.9286	0.9286	0.9286	0.0339	0.0339	0.0339	0.0339	0.0339	0.0339	0.0339	0.0339	0.0339	0.0339	0.0339	0.0339	0.0339	0.0339	0.0339	0.0339	0.0339	0.0431	0.0431	0.0431	0.0431	0.0431	0.0431	0.0431	0.0431	0.0431	0.0431
22	0.0021	0.0021	0.0021	0.0032	0.0021	0.0021	0.0032	0.0021	0.0021	0.0021	0.0021	0.0021	0.0021	0.0021	0.0021	0.0021	0.0021	0.0021	0.0021	0.0021	0.0021	0.0021	0.0021	0.0021	0.0021	0.0021	0.0021	0.0021	0.0021	0.0021	0.0048	0.0021	0.0021	0.0021	0.0021	0.0021	0.0021	0.0021	0.0048	0.0021	0.0042	0.0021	0.0021	0.0021	0.0032	0.0021	0.0021	0.0021	0.0021	0.0021	0.0021	0.0021	0.0021	0.0021	0.0021	0.0021	0.0021	0.0021	0.0021	0.0021	0.0021	0.0021	0.0021	0.0	0.0021	0.0021	0.0021	0.0021	0.0021	0.0021	0.0021	0.0021	0.0021	0.0021	0.0032	0.0021	0.0021	0.0021	0.0021	0.0021	0.0021	0.0021	0.0021	0.0021	0.0021	0.0021	0.0021	0.0021	0.0048	0.0021	0.0021	0.0021	0.0021	0.0021	0.0021	0.0021	0.0021	0.0021	0.0	0.0021	0.0021	0.0021	0.0021	0.0021	0.0042	0.0021	0.0021	0.0021	0.0021	0.0021	0.0021	0.0032	0.0021	0.0021	0.0021	0.0021	0.0021	0.0021	0.0021	0.0021	0.0021	0.0021	0.0021	0.0021	0.0021	0.0021	0.0021	0.0021	0.0021	0.0021	0.0021	0.0021	0.0021	0.0021	0.0021	0.0021	0.0021	0.0021	0.0021	0.0021	0.0021	0.0021	0.0021	0.0021	0.0021	0.0021	0.0021	0.0021	0.0021	0.0021	0.0021	0.0021	0.0021	0.0021	0.0021	0.0021	0.0048	0.0021	0.0021	0.0021	0.0021	0.0021	0.0021	0.0021	0.0021	0.0021	0.0021	0.0021	0.0021	0.0	0.0021	0.0021	0.0021	0.0021	0.0021	0.0032	0.0021	0.0032	0.0021	0.0021	0.0021	0.0021	0.0021	0.0021	0.0021	0.0021	0.0021	0.0021	0.0021	0.0021	0.0032	0.0021	0.0021	0.0021	0.0021	0.0021	0.0021	0.0021	0.0021	0.0021	0.0032	0.0021	0.0021	0.0021	0.0021	0.0021	0.0021	0.0021	0.0021	0.0021	0.0021	0.0021	0.0021	0.0021	0.0021	0.0021	0.0021	0.0021	0.0021	0.0021	0.0021	0.0048	0.0021	0.0021	0.0021	0.0021	0.0021	0.0021	0.0021	0.0021	0.0021	0.0021	0.0021	0.0021	0.0021	0.0021	0.0021	0.0021	0.0021	0.0021	0.0021	0.0021	0.0021	0.0021	0.0021	0.0021	0.0021	0.0021	0.0021	0.0021	0.0021	0.0021	0.0021	0.0021	0.0021	0.0021	0.0021	0.0021	0.0021	0.0021	0.0021	0.0	0.0021	0.0021	0.0021	0.0021	0.0021	0.0021	0.0021	0.3354	0.3354	0.3354	0.3354	0.0212	0.0212	0.0212	0.0212	0.0212	0.0212	0.0212	0.0212	0.0212	0.0212	0.0212	0.0212	0.0212	0.0212	0.0212	0.0212	0.0212	0.035	0.035	0.035	0.035	0.035	0.035	0.035	0.035	0.035	0.035
23	0.0029	0.0029	0.0029	0.0268	0.0029	0.0029	0.0268	0.0029	0.0029	0.0029	0.0029	0.0029	0.0029	0.0029	0.0029	0.0029	0.0029	0.0029	0.0029	0.0029	0.0029	0.0029	0.0029	0.0029	0.0029	0.0029	0.0029	0.0029	0.0029	0.0029	0.0152	0.0029	0.0029	0.0029	0.0029	0.0029	0.0029	0.0029	0.0152	0.0029	0.0652	0.0029	0.0029	0.0029	0.0268	0.0029	0.0029	0.0029	0.0029	0.0029	0.0029	0.0029	0.0029	0.0029	0.0029	0.0029	0.0029	0.0029	0.0029	0.0029	0.0029	0.0029	0.0029	0.1517	0.0029	0.0029	0.0029	0.0029	0.0029	0.0029	0.0029	0.0029	0.0029	0.0029	0.0268	0.0029	0.0029	0.0029	0.0029	0.0029	0.0029	0.0029	0.0029	0.0029	0.0029	0.0029	0.0029	0.0029	0.0152	0.0029	0.0029	0.0029	0.0029	0.0029	0.0029	0.0029	0.0029	0.0029	0.1517	0.0029	0.0029	0.0029	0.0029	0.0029	0.0652	0.0029	0.0029	0.0029	0.0029	0.0029	0.0029	0.0268	0.0029	0.0029	0.0029	0.0029	0.0029	0.0029	0.0029	0.0029	0.0029	0.0029	0.0029	0.0029	0.0029	0.0029	0.0029	0.0029	0.0029	0.0029	0.0029	0.0029	0.0029	0.0029	0.0029	0.0029	0.0029	0.0029	0.0029	0.0029	0.0029	0.0029	0.0029	0.0029	0.0029	0.0029	0.0029	0.0029	0.0029	0.0029	0.0029	0.0029	0.0029	0.0029	0.0029	0.0029	0.0152	0.0029	0.0029	0.0029	0.0029	0.0029	0.0029	0.0029	0.0029	0.0029	0.0029	0.0029	0.0029	0.1517	0.0029	0.0029	0.0029	0.0029	0.0029	0.0268	0.0029	0.0268	0.0029	0.0029	0.0029	0.0029	0.0029	0.0029	0.0029	0.0029	0.0029	0.0029	0.0029	0.0029	0.0268	0.0029	0.0029	0.0029	0.0029	0.0029	0.0029	0.0029	0.0029	0.0029	0.0268	0.0029	0.0029	0.0029	0.0029	0.0029	0.0029	0.0029	0.0029	0.0029	0.0029	0.0029	0.0029	0.0029	0.0029	0.0029	0.0029	0.0029	0.0029	0.0029	0.0029	0.0152	0.0029	0.0029	0.0029	0.0029	0.0029	0.0029	0.0029	0.0029	0.0029	0.0029	0.0029	0.0029	0.0029	0.0029	0.0029	0.0029	0.0029	0.0029	0.0029	0.0029	0.0029	0.0029	0.0029	0.0029	0.0029	0.0029	0.0029	0.0029	0.0029	0.0029	0.0029	0.0029	0.0029	0.0029	0.0029	0.0029	0.0029	0.0029	0.0029	0.1517	0.0029	0.0029	0.0029	0.0029	0.0029	0.0029	0.0029	0.0962	0.0962	0.0962	0.0962	0.9248	0.9248	0.9248	0.9248	0.9248	0.9248	0.9248	0.9248	0.9248	0.9248	0.9248	0.9248	0.9248	0.9248	0.9248	0.9248	0.9248	0.0601	0.0601	0.0601	0.0601	0.0601	0.0601	0.0601	0.0601	0.0601	0.0601
24	0.0007	0.0007	0.0007	0.005	0.0007	0.0007	0.005	0.0007	0.0007	0.0007	0.0007	0.0007	0.0007	0.0007	0.0007	0.0007	0.0007	0.0007	0.0007	0.0007	0.0007	0.0007	0.0007	0.0007	0.0007	0.0007	0.0007	0.0007	0.0007	0.0007	0.0035	0.0007	0.0007	0.0007	0.0007	0.0007	0.0007	0.0007	0.0035	0.0007	0.0111	0.0007	0.0007	0.0007	0.005	0.0007	0.0007	0.0007	0.0007	0.0007	0.0007	0.0007	0.0007	0.0007	0.0007	0.0007	0.0007	0.0007	0.0007	0.0007	0.0007	0.0007	0.0007	0.0	0.0007	0.0007	0.0007	0.0007	0.0007	0.0007	0.0007	0.0007	0.0007	0.0007	0.005	0.0007	0.0007	0.0007	0.0007	0.0007	0.0007	0.0007	0.0007	0.0007	0.0007	0.0007	0.0007	0.0007	0.0035	0.0007	0.0007	0.0007	0.0007	0.0007	0.0007	0.0007	0.0007	0.0007	0.0	0.0007	0.0007	0.0007	0.0007	0.0007	0.0111	0.0007	0.0007	0.0007	0.0007	0.0007	0.0007	0.005	0.0007	0.0007	0.0007	0.0007	0.0007	0.0007	0.0007	0.0007	0.0007	0.0007	0.0007	0.0007	0.0007	0.0007	0.0007	0.0007	0.0007	0.0007	0.0007	0.0007	0.0007	0.0007	0.0007	0.0007	0.0007	0.0007	0.0007	0.0007	0.0007	0.0007	0.0007	0.0007	0.0007	0.0007	0.0007	0.0007	0.0007	0.0007	0.0007	0.0007	0.0007	0.0007	0.0007	0.0007	0.0035	0.0007	0.0007	0.0007	0.0007	0.0007	0.0007	0.0007	0.0007	0.0007	0.0007	0.0007	0.0007	0.0	0.0007	0.0007	0.0007	0.0007	0.0007	0.005	0.0007	0.005	0.0007	0.0007	0.0007	0.0007	0.0007	0.0007	0.0007	0.0007	0.0007	0.0007	0.0007	0.0007	0.005	0.0007	0.0007	0.0007	0.0007	0.0007	0.0007	0.0007	0.0007	0.0007	0.005	0.0007	0.0007	0.0007	0.0007	0.0007	0.0007	0.0007	0.0007	0.0007	0.0007	0.0007	0.0007	0.0007	0.0007	0.0007	0.0007	0.0007	0.0007	0.0007	0.0007	0.0035	0.0007	0.0007	0.0007	0.0007	0.0007	0.0007	0.0007	0.0007	0.0007	0.0007	0.0007	0.0007	0.0007	0.0007	0.0007	0.0007	0.0007	0.0007	0.0007	0.0007	0.0007	0.0007	0.0007	0.0007	0.0007	0.0007	0.0007	0.0007	0.0007	0.0007	0.0007	0.0007	0.0007	0.0007	0.0007	0.0007	0.0007	0.0007	0.0007	0.0	0.0007	0.0007	0.0007	0.0007	0.0007	0.0007	0.0007	0.068	0.068	0.068	0.068	0.8565	0.8565	0.8565	0.8565	0.8565	0.8565	0.8565	0.8565	0.8565	0.8565	0.8565	0.8565	0.8565	0.8565	0.8565	0.8565	0.8565	0.0354	0.0354	0.0354	0.0354	0.0354	0.0354	0.0354	0.0354	0.0354	0.0354
25	0.0001	0.0001	0.0001	0.002	0.0001	0.0001	0.002	0.0001	0.0001	0.0001	0.0001	0.0001	0.0001	0.0001	0.0001	0.0001	0.0001	0.0001	0.0001	0.0001	0.0001	0.0001	0.0001	0.0001	0.0001	0.0001	0.0001	0.0001	0.0001	0.0001	0.0055	0.0001	0.0001	0.0001	0.0001	0.0001	0.0001	0.0001	0.0055	0.0001	0.1073	0.0001	0.0001	0.0001	0.002	0.0001	0.0001	0.0001	0.0001	0.0001	0.0001	0.0001	0.0001	0.0001	0.0001	0.0001	0.0001	0.0001	0.0001	0.0001	0.0001	0.0001	0.0001	0.0003	0.0001	0.0001	0.0001	0.0001	0.0001	0.0001	0.0001	0.0001	0.0001	0.0001	0.002	0.0001	0.0001	0.0001	0.0001	0.0001	0.0001	0.0001	0.0001	0.0001	0.0001	0.0001	0.0001	0.0001	0.0055	0.0001	0.0001	0.0001	0.0001	0.0001	0.0001	0.0001	0.0001	0.0001	0.0003	0.0001	0.0001	0.0001	0.0001	0.0001	0.1073	0.0001	0.0001	0.0001	0.0001	0.0001	0.0001	0.002	0.0001	0.0001	0.0001	0.0001	0.0001	0.0001	0.0001	0.0001	0.0001	0.0001	0.0001	0.0001	0.0001	0.0001	0.0001	0.0001	0.0001	0.0001	0.0001	0.0001	0.0001	0.0001	0.0001	0.0001	0.0001	0.0001	0.0001	0.0001	0.0001	0.0001	0.0001	0.0001	0.0001	0.0001	0.0001	0.0001	0.0001	0.0001	0.0001	0.0001	0.0001	0.0001	0.0001	0.0001	0.0055	0.0001	0.0001	0.0001	0.0001	0.0001	0.0001	0.0001	0.0001	0.0001	0.0001	0.0001	0.0001	0.0003	0.0001	0.0001	0.0001	0.0001	0.0001	0.002	0.0001	0.002	0.0001	0.0001	0.0001	0.0001	0.0001	0.0001	0.0001	0.0001	0.0001	0.0001	0.0001	0.0001	0.002	0.0001	0.0001	0.0001	0.0001	0.0001	0.0001	0.0001	0.0001	0.0001	0.002	0.0001	0.0001	0.0001	0.0001	0.0001	0.0001	0.0001	0.0001	0.0001	0.0001	0.0001	0.0001	0.0001	0.0001	0.0001	0.0001	0.0001	0.0001	0.0001	0.0001	0.0055	0.0001	0.0001	0.0001	0.0001	0.0001	0.0001	0.0001	0.0001	0.0001	0.0001	0.0001	0.0001	0.0001	0.0001	0.0001	0.0001	0.0001	0.0001	0.0001	0.0001	0.0001	0.0001	0.0001	0.0001	0.0001	0.0001	0.0001	0.0001	0.0001	0.0001	0.0001	0.0001	0.0001	0.0001	0.0001	0.0001	0.0001	0.0001	0.0001	0.0003	0.0001	0.0001	0.0001	0.0001	0.0001	0.0001	0.0001	0.2274	0.2274	0.2274	0.2274	0.9771	0.9771	0.9771	0.9771	0.9771	0.9771	0.9771	0.9771	0.9771	0.9771	0.9771	0.9771	0.9771	0.9771	0.9771	0.9771	0.9771	0.0261	0.0261	0.0261	0.0261	0.0261	0.0261	0.0261	0.0261	0.0261	0.0261
26	0.0262	0.0262	0.0262	0.0108	0.0262	0.0262	0.0108	0.0262	0.0262	0.0262	0.0262	0.0262	0.0262	0.0262	0.0262	0.0262	0.0262	0.0262	0.0262	0.0262	0.0262	0.0262	0.0262	0.0262	0.0262	0.0262	0.0262	0.0262	0.0262	0.0262	0.0198	0.0262	0.0262	0.0262	0.0262	0.0262	0.0262	0.0262	0.0198	0.0262	0.123	0.0262	0.0262	0.0262	0.0108	0.0262	0.0262	0.0262	0.0262	0.0262	0.0262	0.0262	0.0262	0.0262	0.0262	0.0262	0.0262	0.0262	0.0262	0.0262	0.0262	0.0262	0.0262	0.0327	0.0262	0.0262	0.0262	0.0262	0.0262	0.0262	0.0262	0.0262	0.0262	0.0262	0.0108	0.0262	0.0262	0.0262	0.0262	0.0262	0.0262	0.0262	0.0262	0.0262	0.0262	0.0262	0.0262	0.0262	0.0198	0.0262	0.0262	0.0262	0.0262	0.0262	0.0262	0.0262	0.0262	0.0262	0.0327	0.0262	0.0262	0.0262	0.0262	0.0262	0.123	0.0262	0.0262	0.0262	0.0262	0.0262	0.0262	0.0108	0.0262	0.0262	0.0262	0.0262	0.0262	0.0262	0.0262	0.0262	0.0262	0.0262	0.0262	0.0262	0.0262	0.0262	0.0262	0.0262	0.0262	0.0262	0.0262	0.0262	0.0262	0.0262	0.0262	0.0262	0.0262	0.0262	0.0262	0.0262	0.0262	0.0262	0.0262	0.0262	0.0262	0.0262	0.0262	0.0262	0.0262	0.0262	0.0262	0.0262	0.0262	0.0262	0.0262	0.0262	0.0198	0.0262	0.0262	0.0262	0.0262	0.0262	0.0262	0.0262	0.0262	0.0262	0.0262	0.0262	0.0262	0.0327	0.0262	0.0262	0.0262	0.0262	0.0262	0.0108	0.0262	0.0108	0.0262	0.0262	0.0262	0.0262	0.0262	0.0262	0.0262	0.0262	0.0262	0.0262	0.0262	0.0262	0.0108	0.0262	0.0262	0.0262	0.0262	0.0262	0.0262	0.0262	0.0262	0.0262	0.0108	0.0262	0.0262	0.0262	0.0262	0.0262	0.0262	0.0262	0.0262	0.0262	0.0262	0.0262	0.0262	0.0262	0.0262	0.0262	0.0262	0.0262	0.0262	0.0262	0.0262	0.0198	0.0262	0.0262	0.0262	0.0262	0.0262	0.0262	0.0262	0.0262	0.0262	0.0262	0.0262	0.0262	0.0262	0.0262	0.0262	0.0262	0.0262	0.0262	0.0262	0.0262	0.0262	0.0262	0.0262	0.0262	0.0262	0.0262	0.0262	0.0262	0.0262	0.0262	0.0262	0.0262	0.0262	0.0262	0.0262	0.0262	0.0262	0.0262	0.0262	0.0327	0.0262	0.0262	0.0262	0.0262	0.0262	0.0262	0.0262	0.0851	0.0851	0.0851	0.0851	0.9259	0.9259	0.9259	0.9259	0.9259	0.9259	0.9259	0.9259	0.9259	0.9259	0.9259	0.9259	0.9259	0.9259	0.9259	0.9259	0.9259	0.0313	0.0313	0.0313	0.0313	0.0313	0.0313	0.0313	0.0313	0.0313	0.0313
27	0.0053	0.0053	0.0053	0.0342	0.0053	0.0053	0.0342	0.0053	0.0053	0.0053	0.0053	0.0053	0.0053	0.0053	0.0053	0.0053	0.0053	0.0053	0.0053	0.0053	0.0053	0.0053	0.0053	0.0053	0.0053	0.0053	0.0053	0.0053	0.0053	0.0053	0.0195	0.0053	0.0053	0.0053	0.0053	0.0053	0.0053	0.0053	0.0195	0.0053	0.2378	0.0053	0.0053	0.0053	0.0342	0.0053	0.0053	0.0053	0.0053	0.0053	0.0053	0.0053	0.0053	0.0053	0.0053	0.0053	0.0053	0.0053	0.0053	0.0053	0.0053	0.0053	0.0053	0.0001	0.0053	0.0053	0.0053	0.0053	0.0053	0.0053	0.0053	0.0053	0.0053	0.0053	0.0342	0.0053	0.0053	0.0053	0.0053	0.0053	0.0053	0.0053	0.0053	0.0053	0.0053	0.0053	0.0053	0.0053	0.0195	0.0053	0.0053	0.0053	0.0053	0.0053	0.0053	0.0053	0.0053	0.0053	0.0001	0.0053	0.0053	0.0053	0.0053	0.0053	0.2378	0.0053	0.0053	0.0053	0.0053	0.0053	0.0053	0.0342	0.0053	0.0053	0.0053	0.0053	0.0053	0.0053	0.0053	0.0053	0.0053	0.0053	0.0053	0.0053	0.0053	0.0053	0.0053	0.0053	0.0053	0.0053	0.0053	0.0053	0.0053	0.0053	0.0053	0.0053	0.0053	0.0053	0.0053	0.0053	0.0053	0.0053	0.0053	0.0053	0.0053	0.0053	0.0053	0.0053	0.0053	0.0053	0.0053	0.0053	0.0053	0.0053	0.0053	0.0053	0.0195	0.0053	0.0053	0.0053	0.0053	0.0053	0.0053	0.0053	0.0053	0.0053	0.0053	0.0053	0.0053	0.0001	0.0053	0.0053	0.0053	0.0053	0.0053	0.0342	0.0053	0.0342	0.0053	0.0053	0.0053	0.0053	0.0053	0.0053	0.0053	0.0053	0.0053	0.0053	0.0053	0.0053	0.0342	0.0053	0.0053	0.0053	0.0053	0.0053	0.0053	0.0053	0.0053	0.0053	0.0342	0.0053	0.0053	0.0053	0.0053	0.0053	0.0053	0.0053	0.0053	0.0053	0.0053	0.0053	0.0053	0.0053	0.0053	0.0053	0.0053	0.0053	0.0053	0.0053	0.0053	0.0195	0.0053	0.0053	0.0053	0.0053	0.0053	0.0053	0.0053	0.0053	0.0053	0.0053	0.0053	0.0053	0.0053	0.0053	0.0053	0.0053	0.0053	0.0053	0.0053	0.0053	0.0053	0.0053	0.0053	0.0053	0.0053	0.0053	0.0053	0.0053	0.0053	0.0053	0.0053	0.0053	0.0053	0.0053	0.0053	0.0053	0.0053	0.0053	0.0053	0.0001	0.0053	0.0053	0.0053	0.0053	0.0053	0.0053	0.0053	0.1256	0.1256	0.1256	0.1256	0.6176	0.6176	0.6176	0.6176	0.6176	0.6176	0.6176	0.6176	0.6176	0.6176	0.6176	0.6176	0.6176	0.6176	0.6176	0.6176	0.6176	0.0447	0.0447	0.0447	0.0447	0.0447	0.0447	0.0447	0.0447	0.0447	0.0447
28	0.0549	0.0549	0.0549	0.0366	0.0549	0.0549	0.0366	0.0549	0.0549	0.0549	0.0549	0.0549	0.0549	0.0549	0.0549	0.0549	0.0549	0.0549	0.0549	0.0549	0.0549	0.0549	0.0549	0.0549	0.0549	0.0549	0.0549	0.0549	0.0549	0.0549	0.0688	0.0549	0.0549	0.0549	0.0549	0.0549	0.0549	0.0549	0.0688	0.0549	0.0429	0.0549	0.0549	0.0549	0.0366	0.0549	0.0549	0.0549	0.0549	0.0549	0.0549	0.0549	0.0549	0.0549	0.0549	0.0549	0.0549	0.0549	0.0549	0.0549	0.0549	0.0549	0.0549	0.0228	0.0549	0.0549	0.0549	0.0549	0.0549	0.0549	0.0549	0.0549	0.0549	0.0549	0.0366	0.0549	0.0549	0.0549	0.0549	0.0549	0.0549	0.0549	0.0549	0.0549	0.0549	0.0549	0.0549	0.0549	0.0688	0.0549	0.0549	0.0549	0.0549	0.0549	0.0549	0.0549	0.0549	0.0549	0.0228	0.0549	0.0549	0.0549	0.0549	0.0549	0.0429	0.0549	0.0549	0.0549	0.0549	0.0549	0.0549	0.0366	0.0549	0.0549	0.0549	0.0549	0.0549	0.0549	0.0549	0.0549	0.0549	0.0549	0.0549	0.0549	0.0549	0.0549	0.0549	0.0549	0.0549	0.0549	0.0549	0.0549	0.0549	0.0549	0.0549	0.0549	0.0549	0.0549	0.0549	0.0549	0.0549	0.0549	0.0549	0.0549	0.0549	0.0549	0.0549	0.0549	0.0549	0.0549	0.0549	0.0549	0.0549	0.0549	0.0549	0.0549	0.0688	0.0549	0.0549	0.0549	0.0549	0.0549	0.0549	0.0549	0.0549	0.0549	0.0549	0.0549	0.0549	0.0228	0.0549	0.0549	0.0549	0.0549	0.0549	0.0366	0.0549	0.0366	0.0549	0.0549	0.0549	0.0549	0.0549	0.0549	0.0549	0.0549	0.0549	0.0549	0.0549	0.0549	0.0366	0.0549	0.0549	0.0549	0.0549	0.0549	0.0549	0.0549	0.0549	0.0549	0.0366	0.0549	0.0549	0.0549	0.0549	0.0549	0.0549	0.0549	0.0549	0.0549	0.0549	0.0549	0.0549	0.0549	0.0549	0.0549	0.0549	0.0549	0.0549	0.0549	0.0549	0.0688	0.0549	0.0549	0.0549	0.0549	0.0549	0.0549	0.0549	0.0549	0.0549	0.0549	0.0549	0.0549	0.0549	0.0549	0.0549	0.0549	0.0549	0.0549	0.0549	0.0549	0.0549	0.0549	0.0549	0.0549	0.0549	0.0549	0.0549	0.0549	0.0549	0.0549	0.0549	0.0549	0.0549	0.0549	0.0549	0.0549	0.0549	0.0549	0.0549	0.0228	0.0549	0.0549	0.0549	0.0549	0.0549	0.0549	0.0549	0.1027	0.1027	0.1027	0.1027	0.8943	0.8943	0.8943	0.8943	0.8943	0.8943	0.8943	0.8943	0.8943	0.8943	0.8943	0.8943	0.8943	0.8943	0.8943	0.8943	0.8943	0.0225	0.0225	0.0225	0.0225	0.0225	0.0225	0.0225	0.0225	0.0225	0.0225
29	0.0015	0.0015	0.0015	0.0052	0.0015	0.0015	0.0052	0.0015	0.0015	0.0015	0.0015	0.0015	0.0015	0.0015	0.0015	0.0015	0.0015	0.0015	0.0015	0.0015	0.0015	0.0015	0.0015	0.0015	0.0015	0.0015	0.0015	0.0015	0.0015	0.0015	0.0186	0.0015	0.0015	0.0015	0.0015	0.0015	0.0015	0.0015	0.0186	0.0015	0.5224	0.0015	0.0015	0.0015	0.0052	0.0015	0.0015	0.0015	0.0015	0.0015	0.0015	0.0015	0.0015	0.0015	0.0015	0.0015	0.0015	0.0015	0.0015	0.0015	0.0015	0.0015	0.0015	0.003	0.0015	0.0015	0.0015	0.0015	0.0015	0.0015	0.0015	0.0015	0.0015	0.0015	0.0052	0.0015	0.0015	0.0015	0.0015	0.0015	0.0015	0.0015	0.0015	0.0015	0.0015	0.0015	0.0015	0.0015	0.0186	0.0015	0.0015	0.0015	0.0015	0.0015	0.0015	0.0015	0.0015	0.0015	0.003	0.0015	0.0015	0.0015	0.0015	0.0015	0.5224	0.0015	0.0015	0.0015	0.0015	0.0015	0.0015	0.0052	0.0015	0.0015	0.0015	0.0015	0.0015	0.0015	0.0015	0.0015	0.0015	0.0015	0.0015	0.0015	0.0015	0.0015	0.0015	0.0015	0.0015	0.0015	0.0015	0.0015	0.0015	0.0015	0.0015	0.0015	0.0015	0.0015	0.0015	0.0015	0.0015	0.0015	0.0015	0.0015	0.0015	0.0015	0.0015	0.0015	0.0015	0.0015	0.0015	0.0015	0.0015	0.0015	0.0015	0.0015	0.0186	0.0015	0.0015	0.0015	0.0015	0.0015	0.0015	0.0015	0.0015	0.0015	0.0015	0.0015	0.0015	0.003	0.0015	0.0015	0.0015	0.0015	0.0015	0.0052	0.0015	0.0052	0.0015	0.0015	0.0015	0.0015	0.0015	0.0015	0.0015	0.0015	0.0015	0.0015	0.0015	0.0015	0.0052	0.0015	0.0015	0.0015	0.0015	0.0015	0.0015	0.0015	0.0015	0.0015	0.0052	0.0015	0.0015	0.0015	0.0015	0.0015	0.0015	0.0015	0.0015	0.0015	0.0015	0.0015	0.0015	0.0015	0.0015	0.0015	0.0015	0.0015	0.0015	0.0015	0.0015	0.0186	0.0015	0.0015	0.0015	0.0015	0.0015	0.0015	0.0015	0.0015	0.0015	0.0015	0.0015	0.0015	0.0015	0.0015	0.0015	0.0015	0.0015	0.0015	0.0015	0.0015	0.0015	0.0015	0.0015	0.0015	0.0015	0.0015	0.0015	0.0015	0.0015	0.0015	0.0015	0.0015	0.0015	0.0015	0.0015	0.0015	0.0015	0.0015	0.0015	0.003	0.0015	0.0015	0.0015	0.0015	0.0015	0.0015	0.0015	0.0841	0.0841	0.0841	0.0841	0.9723	0.9723	0.9723	0.9723	0.9723	0.9723	0.9723	0.9723	0.9723	0.9723	0.9723	0.9723	0.9723	0.9723	0.9723	0.9723	0.9723	0.2107	0.2107	0.2107	0.2107	0.2107	0.2107	0.2107	0.2107	0.2107	0.2107
30	0.0026	0.0026	0.0026	0.0105	0.0026	0.0026	0.0105	0.0026	0.0026	0.0026	0.0026	0.0026	0.0026	0.0026	0.0026	0.0026	0.0026	0.0026	0.0026	0.0026	0.0026	0.0026	0.0026	0.0026	0.0026	0.0026	0.0026	0.0026	0.0026	0.0026	0.0352	0.0026	0.0026	0.0026	0.0026	0.0026	0.0026	0.0026	0.0352	0.0026	0.0857	0.0026	0.0026	0.0026	0.0105	0.0026	0.0026	0.0026	0.0026	0.0026	0.0026	0.0026	0.0026	0.0026	0.0026	0.0026	0.0026	0.0026	0.0026	0.0026	0.0026	0.0026	0.0026	0.0097	0.0026	0.0026	0.0026	0.0026	0.0026	0.0026	0.0026	0.0026	0.0026	0.0026	0.0105	0.0026	0.0026	0.0026	0.0026	0.0026	0.0026	0.0026	0.0026	0.0026	0.0026	0.0026	0.0026	0.0026	0.0352	0.0026	0.0026	0.0026	0.0026	0.0026	0.0026	0.0026	0.0026	0.0026	0.0097	0.0026	0.0026	0.0026	0.0026	0.0026	0.0857	0.0026	0.0026	0.0026	0.0026	0.0026	0.0026	0.0105	0.0026	0.0026	0.0026	0.0026	0.0026	0.0026	0.0026	0.0026	0.0026	0.0026	0.0026	0.0026	0.0026	0.0026	0.0026	0.0026	0.0026	0.0026	0.0026	0.0026	0.0026	0.0026	0.0026	0.0026	0.0026	0.0026	0.0026	0.0026	0.0026	0.0026	0.0026	0.0026	0.0026	0.0026	0.0026	0.0026	0.0026	0.0026	0.0026	0.0026	0.0026	0.0026	0.0026	0.0026	0.0352	0.0026	0.0026	0.0026	0.0026	0.0026	0.0026	0.0026	0.0026	0.0026	0.0026	0.0026	0.0026	0.0097	0.0026	0.0026	0.0026	0.0026	0.0026	0.0105	0.0026	0.0105	0.0026	0.0026	0.0026	0.0026	0.0026	0.0026	0.0026	0.0026	0.0026	0.0026	0.0026	0.0026	0.0105	0.0026	0.0026	0.0026	0.0026	0.0026	0.0026	0.0026	0.0026	0.0026	0.0105	0.0026	0.0026	0.0026	0.0026	0.0026	0.0026	0.0026	0.0026	0.0026	0.0026	0.0026	0.0026	0.0026	0.0026	0.0026	0.0026	0.0026	0.0026	0.0026	0.0026	0.0352	0.0026	0.0026	0.0026	0.0026	0.0026	0.0026	0.0026	0.0026	0.0026	0.0026	0.0026	0.0026	0.0026	0.0026	0.0026	0.0026	0.0026	0.0026	0.0026	0.0026	0.0026	0.0026	0.0026	0.0026	0.0026	0.0026	0.0026	0.0026	0.0026	0.0026	0.0026	0.0026	0.0026	0.0026	0.0026	0.0026	0.0026	0.0026	0.0026	0.0097	0.0026	0.0026	0.0026	0.0026	0.0026	0.0026	0.0026	0.0957	0.0957	0.0957	0.0957	0.0188	0.0188	0.0188	0.0188	0.0188	0.0188	0.0188	0.0188	0.0188	0.0188	0.0188	0.0188	0.0188	0.0188	0.0188	0.0188	0.0188	0.9097	0.9097	0.9097	0.9097	0.9097	0.9097	0.9097	0.9097	0.9097	0.9097
31	0.004	0.004	0.004	0.0069	0.004	0.004	0.0069	0.004	0.004	0.004	0.004	0.004	0.004	0.004	0.004	0.004	0.004	0.004	0.004	0.004	0.004	0.004	0.004	0.004	0.004	0.004	0.004	0.004	0.004	0.004	0.0077	0.004	0.004	0.004	0.004	0.004	0.004	0.004	0.0077	0.004	0.0907	0.004	0.004	0.004	0.0069	0.004	0.004	0.004	0.004	0.004	0.004	0.004	0.004	0.004	0.004	0.004	0.004	0.004	0.004	0.004	0.004	0.004	0.004	0.0019	0.004	0.004	0.004	0.004	0.004	0.004	0.004	0.004	0.004	0.004	0.0069	0.004	0.004	0.004	0.004	0.004	0.004	0.004	0.004	0.004	0.004	0.004	0.004	0.004	0.0077	0.004	0.004	0.004	0.004	0.004	0.004	0.004	0.004	0.004	0.0019	0.004	0.004	0.004	0.004	0.004	0.0907	0.004	0.004	0.004	0.004	0.004	0.004	0.0069	0.004	0.004	0.004	0.004	0.004	0.004	0.004	0.004	0.004	0.004	0.004	0.004	0.004	0.004	0.004	0.004	0.004	0.004	0.004	0.004	0.004	0.004	0.004	0.004	0.004	0.004	0.004	0.004	0.004	0.004	0.004	0.004	0.004	0.004	0.004	0.004	0.004	0.004	0.004	0.004	0.004	0.004	0.004	0.004	0.0077	0.004	0.004	0.004	0.004	0.004	0.004	0.004	0.004	0.004	0.004	0.004	0.004	0.0019	0.004	0.004	0.004	0.004	0.004	0.0069	0.004	0.0069	0.004	0.004	0.004	0.004	0.004	0.004	0.004	0.004	0.004	0.004	0.004	0.004	0.0069	0.004	0.004	0.004	0.004	0.004	0.004	0.004	0.004	0.004	0.0069	0.004	0.004	0.004	0.004	0.004	0.004	0.004	0.004	0.004	0.004	0.004	0.004	0.004	0.004	0.004	0.004	0.004	0.004	0.004	0.004	0.0077	0.004	0.004	0.004	0.004	0.004	0.004	0.004	0.004	0.004	0.004	0.004	0.004	0.004	0.004	0.004	0.004	0.004	0.004	0.004	0.004	0.004	0.004	0.004	0.004	0.004	0.004	0.004	0.004	0.004	0.004	0.004	0.004	0.004	0.004	0.004	0.004	0.004	0.004	0.004	0.0019	0.004	0.004	0.004	0.004	0.004	0.004	0.004	0.0646	0.0646	0.0646	0.0646	0.0827	0.0827	0.0827	0.0827	0.0827	0.0827	0.0827	0.0827	0.0827	0.0827	0.0827	0.0827	0.0827	0.0827	0.0827	0.0827	0.0827	0.6131	0.6131	0.6131	0.6131	0.6131	0.6131	0.6131	0.6131	0.6131	0.6131
32	0.0	0.0	0.0	0.0103	0.0	0.0	0.0103	0.0	0.0	0.0	0.0	0.0	0.0	0.0	0.0	0.0	0.0	0.0	0.0	0.0	0.0	0.0	0.0	0.0	0.0	0.0	0.0	0.0	0.0	0.0	0.0147	0.0	0.0	0.0	0.0	0.0	0.0	0.0	0.0147	0.0	0.031	0.0	0.0	0.0	0.0103	0.0	0.0	0.0	0.0	0.0	0.0	0.0	0.0	0.0	0.0	0.0	0.0	0.0	0.0	0.0	0.0	0.0	0.0	0.0088	0.0	0.0	0.0	0.0	0.0	0.0	0.0	0.0	0.0	0.0	0.0103	0.0	0.0	0.0	0.0	0.0	0.0	0.0	0.0	0.0	0.0	0.0	0.0	0.0	0.0147	0.0	0.0	0.0	0.0	0.0	0.0	0.0	0.0	0.0	0.0088	0.0	0.0	0.0	0.0	0.0	0.031	0.0	0.0	0.0	0.0	0.0	0.0	0.0103	0.0	0.0	0.0	0.0	0.0	0.0	0.0	0.0	0.0	0.0	0.0	0.0	0.0	0.0	0.0	0.0	0.0	0.0	0.0	0.0	0.0	0.0	0.0	0.0	0.0	0.0	0.0	0.0	0.0	0.0	0.0	0.0	0.0	0.0	0.0	0.0	0.0	0.0	0.0	0.0	0.0	0.0	0.0	0.0	0.0147	0.0	0.0	0.0	0.0	0.0	0.0	0.0	0.0	0.0	0.0	0.0	0.0	0.0088	0.0	0.0	0.0	0.0	0.0	0.0103	0.0	0.0103	0.0	0.0	0.0	0.0	0.0	0.0	0.0	0.0	0.0	0.0	0.0	0.0	0.0103	0.0	0.0	0.0	0.0	0.0	0.0	0.0	0.0	0.0	0.0103	0.0	0.0	0.0	0.0	0.0	0.0	0.0	0.0	0.0	0.0	0.0	0.0	0.0	0.0	0.0	0.0	0.0	0.0	0.0	0.0	0.0147	0.0	0.0	0.0	0.0	0.0	0.0	0.0	0.0	0.0	0.0	0.0	0.0	0.0	0.0	0.0	0.0	0.0	0.0	0.0	0.0	0.0	0.0	0.0	0.0	0.0	0.0	0.0	0.0	0.0	0.0	0.0	0.0	0.0	0.0	0.0	0.0	0.0	0.0	0.0	0.0088	0.0	0.0	0.0	0.0	0.0	0.0	0.0	0.0809	0.0809	0.0809	0.0809	0.0305	0.0305	0.0305	0.0305	0.0305	0.0305	0.0305	0.0305	0.0305	0.0305	0.0305	0.0305	0.0305	0.0305	0.0305	0.0305	0.0305	0.7928	0.7928	0.7928	0.7928	0.7928	0.7928	0.7928	0.7928	0.7928	0.7928
33	0.0154	0.0154	0.0154	0.0077	0.0154	0.0154	0.0077	0.0154	0.0154	0.0154	0.0154	0.0154	0.0154	0.0154	0.0154	0.0154	0.0154	0.0154	0.0154	0.0154	0.0154	0.0154	0.0154	0.0154	0.0154	0.0154	0.0154	0.0154	0.0154	0.0154	0.0172	0.0154	0.0154	0.0154	0.0154	0.0154	0.0154	0.0154	0.0172	0.0154	0.0144	0.0154	0.0154	0.0154	0.0077	0.0154	0.0154	0.0154	0.0154	0.0154	0.0154	0.0154	0.0154	0.0154	0.0154	0.0154	0.0154	0.0154	0.0154	0.0154	0.0154	0.0154	0.0154	0.0452	0.0154	0.0154	0.0154	0.0154	0.0154	0.0154	0.0154	0.0154	0.0154	0.0154	0.0077	0.0154	0.0154	0.0154	0.0154	0.0154	0.0154	0.0154	0.0154	0.0154	0.0154	0.0154	0.0154	0.0154	0.0172	0.0154	0.0154	0.0154	0.0154	0.0154	0.0154	0.0154	0.0154	0.0154	0.0452	0.0154	0.0154	0.0154	0.0154	0.0154	0.0144	0.0154	0.0154	0.0154	0.0154	0.0154	0.0154	0.0077	0.0154	0.0154	0.0154	0.0154	0.0154	0.0154	0.0154	0.0154	0.0154	0.0154	0.0154	0.0154	0.0154	0.0154	0.0154	0.0154	0.0154	0.0154	0.0154	0.0154	0.0154	0.0154	0.0154	0.0154	0.0154	0.0154	0.0154	0.0154	0.0154	0.0154	0.0154	0.0154	0.0154	0.0154	0.0154	0.0154	0.0154	0.0154	0.0154	0.0154	0.0154	0.0154	0.0154	0.0154	0.0172	0.0154	0.0154	0.0154	0.0154	0.0154	0.0154	0.0154	0.0154	0.0154	0.0154	0.0154	0.0154	0.0452	0.0154	0.0154	0.0154	0.0154	0.0154	0.0077	0.0154	0.0077	0.0154	0.0154	0.0154	0.0154	0.0154	0.0154	0.0154	0.0154	0.0154	0.0154	0.0154	0.0154	0.0077	0.0154	0.0154	0.0154	0.0154	0.0154	0.0154	0.0154	0.0154	0.0154	0.0077	0.0154	0.0154	0.0154	0.0154	0.0154	0.0154	0.0154	0.0154	0.0154	0.0154	0.0154	0.0154	0.0154	0.0154	0.0154	0.0154	0.0154	0.0154	0.0154	0.0154	0.0172	0.0154	0.0154	0.0154	0.0154	0.0154	0.0154	0.0154	0.0154	0.0154	0.0154	0.0154	0.0154	0.0154	0.0154	0.0154	0.0154	0.0154	0.0154	0.0154	0.0154	0.0154	0.0154	0.0154	0.0154	0.0154	0.0154	0.0154	0.0154	0.0154	0.0154	0.0154	0.0154	0.0154	0.0154	0.0154	0.0154	0.0154	0.0154	0.0154	0.0452	0.0154	0.0154	0.0154	0.0154	0.0154	0.0154	0.0154	0.0661	0.0661	0.0661	0.0661	0.0204	0.0204	0.0204	0.0204	0.0204	0.0204	0.0204	0.0204	0.0204	0.0204	0.0204	0.0204	0.0204	0.0204	0.0204	0.0204	0.0204	0.9522	0.9522	0.9522	0.9522	0.9522	0.9522	0.9522	0.9522	0.9522	0.9522
34	0.0027	0.0027	0.0027	0.0043	0.0027	0.0027	0.0043	0.0027	0.0027	0.0027	0.0027	0.0027	0.0027	0.0027	0.0027	0.0027	0.0027	0.0027	0.0027	0.0027	0.0027	0.0027	0.0027	0.0027	0.0027	0.0027	0.0027	0.0027	0.0027	0.0027	0.0066	0.0027	0.0027	0.0027	0.0027	0.0027	0.0027	0.0027	0.0066	0.0027	0.2213	0.0027	0.0027	0.0027	0.0043	0.0027	0.0027	0.0027	0.0027	0.0027	0.0027	0.0027	0.0027	0.0027	0.0027	0.0027	0.0027	0.0027	0.0027	0.0027	0.0027	0.0027	0.0027	0.0165	0.0027	0.0027	0.0027	0.0027	0.0027	0.0027	0.0027	0.0027	0.0027	0.0027	0.0043	0.0027	0.0027	0.0027	0.0027	0.0027	0.0027	0.0027	0.0027	0.0027	0.0027	0.0027	0.0027	0.0027	0.0066	0.0027	0.0027	0.0027	0.0027	0.0027	0.0027	0.0027	0.0027	0.0027	0.0165	0.0027	0.0027	0.0027	0.0027	0.0027	0.2213	0.0027	0.0027	0.0027	0.0027	0.0027	0.0027	0.0043	0.0027	0.0027	0.0027	0.0027	0.0027	0.0027	0.0027	0.0027	0.0027	0.0027	0.0027	0.0027	0.0027	0.0027	0.0027	0.0027	0.0027	0.0027	0.0027	0.0027	0.0027	0.0027	0.0027	0.0027	0.0027	0.0027	0.0027	0.0027	0.0027	0.0027	0.0027	0.0027	0.0027	0.0027	0.0027	0.0027	0.0027	0.0027	0.0027	0.0027	0.0027	0.0027	0.0027	0.0027	0.0066	0.0027	0.0027	0.0027	0.0027	0.0027	0.0027	0.0027	0.0027	0.0027	0.0027	0.0027	0.0027	0.0165	0.0027	0.0027	0.0027	0.0027	0.0027	0.0043	0.0027	0.0043	0.0027	0.0027	0.0027	0.0027	0.0027	0.0027	0.0027	0.0027	0.0027	0.0027	0.0027	0.0027	0.0043	0.0027	0.0027	0.0027	0.0027	0.0027	0.0027	0.0027	0.0027	0.0027	0.0043	0.0027	0.0027	0.0027	0.0027	0.0027	0.0027	0.0027	0.0027	0.0027	0.0027	0.0027	0.0027	0.0027	0.0027	0.0027	0.0027	0.0027	0.0027	0.0027	0.0027	0.0066	0.0027	0.0027	0.0027	0.0027	0.0027	0.0027	0.0027	0.0027	0.0027	0.0027	0.0027	0.0027	0.0027	0.0027	0.0027	0.0027	0.0027	0.0027	0.0027	0.0027	0.0027	0.0027	0.0027	0.0027	0.0027	0.0027	0.0027	0.0027	0.0027	0.0027	0.0027	0.0027	0.0027	0.0027	0.0027	0.0027	0.0027	0.0027	0.0027	0.0165	0.0027	0.0027	0.0027	0.0027	0.0027	0.0027	0.0027	0.103	0.103	0.103	0.103	0.0256	0.0256	0.0256	0.0256	0.0256	0.0256	0.0256	0.0256	0.0256	0.0256	0.0256	0.0256	0.0256	0.0256	0.0256	0.0256	0.0256	0.8997	0.8997	0.8997	0.8997	0.8997	0.8997	0.8997	0.8997	0.8997	0.8997
35	0.001	0.001	0.001	0.0019	0.001	0.001	0.0019	0.001	0.001	0.001	0.001	0.001	0.001	0.001	0.001	0.001	0.001	0.001	0.001	0.001	0.001	0.001	0.001	0.001	0.001	0.001	0.001	0.001	0.001	0.001	0.0031	0.001	0.001	0.001	0.001	0.001	0.001	0.001	0.0031	0.001	0.2409	0.001	0.001	0.001	0.0019	0.001	0.001	0.001	0.001	0.001	0.001	0.001	0.001	0.001	0.001	0.001	0.001	0.001	0.001	0.001	0.001	0.001	0.001	0.0212	0.001	0.001	0.001	0.001	0.001	0.001	0.001	0.001	0.001	0.001	0.0019	0.001	0.001	0.001	0.001	0.001	0.001	0.001	0.001	0.001	0.001	0.001	0.001	0.001	0.0031	0.001	0.001	0.001	0.001	0.001	0.001	0.001	0.001	0.001	0.0212	0.001	0.001	0.001	0.001	0.001	0.2409	0.001	0.001	0.001	0.001	0.001	0.001	0.0019	0.001	0.001	0.001	0.001	0.001	0.001	0.001	0.001	0.001	0.001	0.001	0.001	0.001	0.001	0.001	0.001	0.001	0.001	0.001	0.001	0.001	0.001	0.001	0.001	0.001	0.001	0.001	0.001	0.001	0.001	0.001	0.001	0.001	0.001	0.001	0.001	0.001	0.001	0.001	0.001	0.001	0.001	0.001	0.001	0.0031	0.001	0.001	0.001	0.001	0.001	0.001	0.001	0.001	0.001	0.001	0.001	0.001	0.0212	0.001	0.001	0.001	0.001	0.001	0.0019	0.001	0.0019	0.001	0.001	0.001	0.001	0.001	0.001	0.001	0.001	0.001	0.001	0.001	0.001	0.0019	0.001	0.001	0.001	0.001	0.001	0.001	0.001	0.001	0.001	0.0019	0.001	0.001	0.001	0.001	0.001	0.001	0.001	0.001	0.001	0.001	0.001	0.001	0.001	0.001	0.001	0.001	0.001	0.001	0.001	0.001	0.0031	0.001	0.001	0.001	0.001	0.001	0.001	0.001	0.001	0.001	0.001	0.001	0.001	0.001	0.001	0.001	0.001	0.001	0.001	0.001	0.001	0.001	0.001	0.001	0.001	0.001	0.001	0.001	0.001	0.001	0.001	0.001	0.001	0.001	0.001	0.001	0.001	0.001	0.001	0.001	0.0212	0.001	0.001	0.001	0.001	0.001	0.001	0.001	0.3399	0.3399	0.3399	0.3399	0.0229	0.0229	0.0229	0.0229	0.0229	0.0229	0.0229	0.0229	0.0229	0.0229	0.0229	0.0229	0.0229	0.0229	0.0229	0.0229	0.0229	0.939	0.939	0.939	0.939	0.939	0.939	0.939	0.939	0.939	0.939
36	0.0025	0.0025	0.0025	0.0015	0.0025	0.0025	0.0015	0.0025	0.0025	0.0025	0.0025	0.0025	0.0025	0.0025	0.0025	0.0025	0.0025	0.0025	0.0025	0.0025	0.0025	0.0025	0.0025	0.0025	0.0025	0.0025	0.0025	0.0025	0.0025	0.0025	0.0046	0.0025	0.0025	0.0025	0.0025	0.0025	0.0025	0.0025	0.0046	0.0025	0.0168	0.0025	0.0025	0.0025	0.0015	0.0025	0.0025	0.0025	0.0025	0.0025	0.0025	0.0025	0.0025	0.0025	0.0025	0.0025	0.0025	0.0025	0.0025	0.0025	0.0025	0.0025	0.0025	0.0227	0.0025	0.0025	0.0025	0.0025	0.0025	0.0025	0.0025	0.0025	0.0025	0.0025	0.0015	0.0025	0.0025	0.0025	0.0025	0.0025	0.0025	0.0025	0.0025	0.0025	0.0025	0.0025	0.0025	0.0025	0.0046	0.0025	0.0025	0.0025	0.0025	0.0025	0.0025	0.0025	0.0025	0.0025	0.0227	0.0025	0.0025	0.0025	0.0025	0.0025	0.0168	0.0025	0.0025	0.0025	0.0025	0.0025	0.0025	0.0015	0.0025	0.0025	0.0025	0.0025	0.0025	0.0025	0.0025	0.0025	0.0025	0.0025	0.0025	0.0025	0.0025	0.0025	0.0025	0.0025	0.0025	0.0025	0.0025	0.0025	0.0025	0.0025	0.0025	0.0025	0.0025	0.0025	0.0025	0.0025	0.0025	0.0025	0.0025	0.0025	0.0025	0.0025	0.0025	0.0025	0.0025	0.0025	0.0025	0.0025	0.0025	0.0025	0.0025	0.0025	0.0046	0.0025	0.0025	0.0025	0.0025	0.0025	0.0025	0.0025	0.0025	0.0025	0.0025	0.0025	0.0025	0.0227	0.0025	0.0025	0.0025	0.0025	0.0025	0.0015	0.0025	0.0015	0.0025	0.0025	0.0025	0.0025	0.0025	0.0025	0.0025	0.0025	0.0025	0.0025	0.0025	0.0025	0.0015	0.0025	0.0025	0.0025	0.0025	0.0025	0.0025	0.0025	0.0025	0.0025	0.0015	0.0025	0.0025	0.0025	0.0025	0.0025	0.0025	0.0025	0.0025	0.0025	0.0025	0.0025	0.0025	0.0025	0.0025	0.0025	0.0025	0.0025	0.0025	0.0025	0.0025	0.0046	0.0025	0.0025	0.0025	0.0025	0.0025	0.0025	0.0025	0.0025	0.0025	0.0025	0.0025	0.0025	0.0025	0.0025	0.0025	0.0025	0.0025	0.0025	0.0025	0.0025	0.0025	0.0025	0.0025	0.0025	0.0025	0.0025	0.0025	0.0025	0.0025	0.0025	0.0025	0.0025	0.0025	0.0025	0.0025	0.0025	0.0025	0.0025	0.0025	0.0227	0.0025	0.0025	0.0025	0.0025	0.0025	0.0025	0.0025	0.0509	0.0509	0.0509	0.0509	0.0191	0.0191	0.0191	0.0191	0.0191	0.0191	0.0191	0.0191	0.0191	0.0191	0.0191	0.0191	0.0191	0.0191	0.0191	0.0191	0.0191	0.0572	0.0572	0.0572	0.0572	0.0572	0.0572	0.0572	0.0572	0.0572	0.0572
37	0.008	0.008	0.008	0.0048	0.008	0.008	0.0048	0.008	0.008	0.008	0.008	0.008	0.008	0.008	0.008	0.008	0.008	0.008	0.008	0.008	0.008	0.008	0.008	0.008	0.008	0.008	0.008	0.008	0.008	0.008	0.0088	0.008	0.008	0.008	0.008	0.008	0.008	0.008	0.0088	0.008	0.1697	0.008	0.008	0.008	0.0048	0.008	0.008	0.008	0.008	0.008	0.008	0.008	0.008	0.008	0.008	0.008	0.008	0.008	0.008	0.008	0.008	0.008	0.008	0.1448	0.008	0.008	0.008	0.008	0.008	0.008	0.008	0.008	0.008	0.008	0.0048	0.008	0.008	0.008	0.008	0.008	0.008	0.008	0.008	0.008	0.008	0.008	0.008	0.008	0.0088	0.008	0.008	0.008	0.008	0.008	0.008	0.008	0.008	0.008	0.1448	0.008	0.008	0.008	0.008	0.008	0.1697	0.008	0.008	0.008	0.008	0.008	0.008	0.0048	0.008	0.008	0.008	0.008	0.008	0.008	0.008	0.008	0.008	0.008	0.008	0.008	0.008	0.008	0.008	0.008	0.008	0.008	0.008	0.008	0.008	0.008	0.008	0.008	0.008	0.008	0.008	0.008	0.008	0.008	0.008	0.008	0.008	0.008	0.008	0.008	0.008	0.008	0.008	0.008	0.008	0.008	0.008	0.008	0.0088	0.008	0.008	0.008	0.008	0.008	0.008	0.008	0.008	0.008	0.008	0.008	0.008	0.1448	0.008	0.008	0.008	0.008	0.008	0.0048	0.008	0.0048	0.008	0.008	0.008	0.008	0.008	0.008	0.008	0.008	0.008	0.008	0.008	0.008	0.0048	0.008	0.008	0.008	0.008	0.008	0.008	0.008	0.008	0.008	0.0048	0.008	0.008	0.008	0.008	0.008	0.008	0.008	0.008	0.008	0.008	0.008	0.008	0.008	0.008	0.008	0.008	0.008	0.008	0.008	0.008	0.0088	0.008	0.008	0.008	0.008	0.008	0.008	0.008	0.008	0.008	0.008	0.008	0.008	0.008	0.008	0.008	0.008	0.008	0.008	0.008	0.008	0.008	0.008	0.008	0.008	0.008	0.008	0.008	0.008	0.008	0.008	0.008	0.008	0.008	0.008	0.008	0.008	0.008	0.008	0.008	0.1448	0.008	0.008	0.008	0.008	0.008	0.008	0.008	0.0754	0.0754	0.0754	0.0754	0.0224	0.0224	0.0224	0.0224	0.0224	0.0224	0.0224	0.0224	0.0224	0.0224	0.0224	0.0224	0.0224	0.0224	0.0224	0.0224	0.0224	0.0412	0.0412	0.0412	0.0412	0.0412	0.0412	0.0412	0.0412	0.0412	0.0412
38	0.0121	0.0121	0.0121	0.0109	0.0121	0.0121	0.0109	0.0121	0.0121	0.0121	0.0121	0.0121	0.0121	0.0121	0.0121	0.0121	0.0121	0.0121	0.0121	0.0121	0.0121	0.0121	0.0121	0.0121	0.0121	0.0121	0.0121	0.0121	0.0121	0.0121	0.0467	0.0121	0.0121	0.0121	0.0121	0.0121	0.0121	0.0121	0.0467	0.0121	0.2229	0.0121	0.0121	0.0121	0.0109	0.0121	0.0121	0.0121	0.0121	0.0121	0.0121	0.0121	0.0121	0.0121	0.0121	0.0121	0.0121	0.0121	0.0121	0.0121	0.0121	0.0121	0.0121	0.2203	0.0121	0.0121	0.0121	0.0121	0.0121	0.0121	0.0121	0.0121	0.0121	0.0121	0.0109	0.0121	0.0121	0.0121	0.0121	0.0121	0.0121	0.0121	0.0121	0.0121	0.0121	0.0121	0.0121	0.0121	0.0467	0.0121	0.0121	0.0121	0.0121	0.0121	0.0121	0.0121	0.0121	0.0121	0.2203	0.0121	0.0121	0.0121	0.0121	0.0121	0.2229	0.0121	0.0121	0.0121	0.0121	0.0121	0.0121	0.0109	0.0121	0.0121	0.0121	0.0121	0.0121	0.0121	0.0121	0.0121	0.0121	0.0121	0.0121	0.0121	0.0121	0.0121	0.0121	0.0121	0.0121	0.0121	0.0121	0.0121	0.0121	0.0121	0.0121	0.0121	0.0121	0.0121	0.0121	0.0121	0.0121	0.0121	0.0121	0.0121	0.0121	0.0121	0.0121	0.0121	0.0121	0.0121	0.0121	0.0121	0.0121	0.0121	0.0121	0.0121	0.0467	0.0121	0.0121	0.0121	0.0121	0.0121	0.0121	0.0121	0.0121	0.0121	0.0121	0.0121	0.0121	0.2203	0.0121	0.0121	0.0121	0.0121	0.0121	0.0109	0.0121	0.0109	0.0121	0.0121	0.0121	0.0121	0.0121	0.0121	0.0121	0.0121	0.0121	0.0121	0.0121	0.0121	0.0109	0.0121	0.0121	0.0121	0.0121	0.0121	0.0121	0.0121	0.0121	0.0121	0.0109	0.0121	0.0121	0.0121	0.0121	0.0121	0.0121	0.0121	0.0121	0.0121	0.0121	0.0121	0.0121	0.0121	0.0121	0.0121	0.0121	0.0121	0.0121	0.0121	0.0121	0.0467	0.0121	0.0121	0.0121	0.0121	0.0121	0.0121	0.0121	0.0121	0.0121	0.0121	0.0121	0.0121	0.0121	0.0121	0.0121	0.0121	0.0121	0.0121	0.0121	0.0121	0.0121	0.0121	0.0121	0.0121	0.0121	0.0121	0.0121	0.0121	0.0121	0.0121	0.0121	0.0121	0.0121	0.0121	0.0121	0.0121	0.0121	0.0121	0.0121	0.2203	0.0121	0.0121	0.0121	0.0121	0.0121	0.0121	0.0121	0.0664	0.0664	0.0664	0.0664	0.0882	0.0882	0.0882	0.0882	0.0882	0.0882	0.0882	0.0882	0.0882	0.0882	0.0882	0.0882	0.0882	0.0882	0.0882	0.0882	0.0882	0.0275	0.0275	0.0275	0.0275	0.0275	0.0275	0.0275	0.0275	0.0275	0.0275
39	0.0078	0.0078	0.0078	0.0124	0.0078	0.0078	0.0124	0.0078	0.0078	0.0078	0.0078	0.0078	0.0078	0.0078	0.0078	0.0078	0.0078	0.0078	0.0078	0.0078	0.0078	0.0078	0.0078	0.0078	0.0078	0.0078	0.0078	0.0078	0.0078	0.0078	0.0199	0.0078	0.0078	0.0078	0.0078	0.0078	0.0078	0.0078	0.0199	0.0078	0.0798	0.0078	0.0078	0.0078	0.0124	0.0078	0.0078	0.0078	0.0078	0.0078	0.0078	0.0078	0.0078	0.0078	0.0078	0.0078	0.0078	0.0078	0.0078	0.0078	0.0078	0.0078	0.0078	0.0012	0.0078	0.0078	0.0078	0.0078	0.0078	0.0078	0.0078	0.0078	0.0078	0.0078	0.0124	0.0078	0.0078	0.0078	0.0078	0.0078	0.0078	0.0078	0.0078	0.0078	0.0078	0.0078	0.0078	0.0078	0.0199	0.0078	0.0078	0.0078	0.0078	0.0078	0.0078	0.0078	0.0078	0.0078	0.0012	0.0078	0.0078	0.0078	0.0078	0.0078	0.0798	0.0078	0.0078	0.0078	0.0078	0.0078	0.0078	0.0124	0.0078	0.0078	0.0078	0.0078	0.0078	0.0078	0.0078	0.0078	0.0078	0.0078	0.0078	0.0078	0.0078	0.0078	0.0078	0.0078	0.0078	0.0078	0.0078	0.0078	0.0078	0.0078	0.0078	0.0078	0.0078	0.0078	0.0078	0.0078	0.0078	0.0078	0.0078	0.0078	0.0078	0.0078	0.0078	0.0078	0.0078	0.0078	0.0078	0.0078	0.0078	0.0078	0.0078	0.0078	0.0199	0.0078	0.0078	0.0078	0.0078	0.0078	0.0078	0.0078	0.0078	0.0078	0.0078	0.0078	0.0078	0.0012	0.0078	0.0078	0.0078	0.0078	0.0078	0.0124	0.0078	0.0124	0.0078	0.0078	0.0078	0.0078	0.0078	0.0078	0.0078	0.0078	0.0078	0.0078	0.0078	0.0078	0.0124	0.0078	0.0078	0.0078	0.0078	0.0078	0.0078	0.0078	0.0078	0.0078	0.0124	0.0078	0.0078	0.0078	0.0078	0.0078	0.0078	0.0078	0.0078	0.0078	0.0078	0.0078	0.0078	0.0078	0.0078	0.0078	0.0078	0.0078	0.0078	0.0078	0.0078	0.0199	0.0078	0.0078	0.0078	0.0078	0.0078	0.0078	0.0078	0.0078	0.0078	0.0078	0.0078	0.0078	0.0078	0.0078	0.0078	0.0078	0.0078	0.0078	0.0078	0.0078	0.0078	0.0078	0.0078	0.0078	0.0078	0.0078	0.0078	0.0078	0.0078	0.0078	0.0078	0.0078	0.0078	0.0078	0.0078	0.0078	0.0078	0.0078	0.0078	0.0012	0.0078	0.0078	0.0078	0.0078	0.0078	0.0078	0.0078	0.0783	0.0783	0.0783	0.0783	0.0255	0.0255	0.0255	0.0255	0.0255	0.0255	0.0255	0.0255	0.0255	0.0255	0.0255	0.0255	0.0255	0.0255	0.0255	0.0255	0.0255	0.046	0.046	0.046	0.046	0.046	0.046	0.046	0.046	0.046	0.046
40	0.0003	0.0003	0.0003	0.0064	0.0003	0.0003	0.0064	0.0003	0.0003	0.0003	0.0003	0.0003	0.0003	0.0003	0.0003	0.0003	0.0003	0.0003	0.0003	0.0003	0.0003	0.0003	0.0003	0.0003	0.0003	0.0003	0.0003	0.0003	0.0003	0.0003	0.0078	0.0003	0.0003	0.0003	0.0003	0.0003	0.0003	0.0003	0.0078	0.0003	0.0992	0.0003	0.0003	0.0003	0.0064	0.0003	0.0003	0.0003	0.0003	0.0003	0.0003	0.0003	0.0003	0.0003	0.0003	0.0003	0.0003	0.0003	0.0003	0.0003	0.0003	0.0003	0.0003	0.002	0.0003	0.0003	0.0003	0.0003	0.0003	0.0003	0.0003	0.0003	0.0003	0.0003	0.0064	0.0003	0.0003	0.0003	0.0003	0.0003	0.0003	0.0003	0.0003	0.0003	0.0003	0.0003	0.0003	0.0003	0.0078	0.0003	0.0003	0.0003	0.0003	0.0003	0.0003	0.0003	0.0003	0.0003	0.002	0.0003	0.0003	0.0003	0.0003	0.0003	0.0992	0.0003	0.0003	0.0003	0.0003	0.0003	0.0003	0.0064	0.0003	0.0003	0.0003	0.0003	0.0003	0.0003	0.0003	0.0003	0.0003	0.0003	0.0003	0.0003	0.0003	0.0003	0.0003	0.0003	0.0003	0.0003	0.0003	0.0003	0.0003	0.0003	0.0003	0.0003	0.0003	0.0003	0.0003	0.0003	0.0003	0.0003	0.0003	0.0003	0.0003	0.0003	0.0003	0.0003	0.0003	0.0003	0.0003	0.0003	0.0003	0.0003	0.0003	0.0003	0.0078	0.0003	0.0003	0.0003	0.0003	0.0003	0.0003	0.0003	0.0003	0.0003	0.0003	0.0003	0.0003	0.002	0.0003	0.0003	0.0003	0.0003	0.0003	0.0064	0.0003	0.0064	0.0003	0.0003	0.0003	0.0003	0.0003	0.0003	0.0003	0.0003	0.0003	0.0003	0.0003	0.0003	0.0064	0.0003	0.0003	0.0003	0.0003	0.0003	0.0003	0.0003	0.0003	0.0003	0.0064	0.0003	0.0003	0.0003	0.0003	0.0003	0.0003	0.0003	0.0003	0.0003	0.0003	0.0003	0.0003	0.0003	0.0003	0.0003	0.0003	0.0003	0.0003	0.0003	0.0003	0.0078	0.0003	0.0003	0.0003	0.0003	0.0003	0.0003	0.0003	0.0003	0.0003	0.0003	0.0003	0.0003	0.0003	0.0003	0.0003	0.0003	0.0003	0.0003	0.0003	0.0003	0.0003	0.0003	0.0003	0.0003	0.0003	0.0003	0.0003	0.0003	0.0003	0.0003	0.0003	0.0003	0.0003	0.0003	0.0003	0.0003	0.0003	0.0003	0.0003	0.002	0.0003	0.0003	0.0003	0.0003	0.0003	0.0003	0.0003	0.0955	0.0955	0.0955	0.0955	0.0208	0.0208	0.0208	0.0208	0.0208	0.0208	0.0208	0.0208	0.0208	0.0208	0.0208	0.0208	0.0208	0.0208	0.0208	0.0208	0.0208	0.0296	0.0296	0.0296	0.0296	0.0296	0.0296	0.0296	0.0296	0.0296	0.0296
41	0.0277	0.0277	0.0277	0.0182	0.0277	0.0277	0.0182	0.0277	0.0277	0.0277	0.0277	0.0277	0.0277	0.0277	0.0277	0.0277	0.0277	0.0277	0.0277	0.0277	0.0277	0.0277	0.0277	0.0277	0.0277	0.0277	0.0277	0.0277	0.0277	0.0277	0.1134	0.0277	0.0277	0.0277	0.0277	0.0277	0.0277	0.0277	0.1134	0.0277	0.006	0.0277	0.0277	0.0277	0.0182	0.0277	0.0277	0.0277	0.0277	0.0277	0.0277	0.0277	0.0277	0.0277	0.0277	0.0277	0.0277	0.0277	0.0277	0.0277	0.0277	0.0277	0.0277	0.0	0.0277	0.0277	0.0277	0.0277	0.0277	0.0277	0.0277	0.0277	0.0277	0.0277	0.0182	0.0277	0.0277	0.0277	0.0277	0.0277	0.0277	0.0277	0.0277	0.0277	0.0277	0.0277	0.0277	0.0277	0.1134	0.0277	0.0277	0.0277	0.0277	0.0277	0.0277	0.0277	0.0277	0.0277	0.0	0.0277	0.0277	0.0277	0.0277	0.0277	0.006	0.0277	0.0277	0.0277	0.0277	0.0277	0.0277	0.0182	0.0277	0.0277	0.0277	0.0277	0.0277	0.0277	0.0277	0.0277	0.0277	0.0277	0.0277	0.0277	0.0277	0.0277	0.0277	0.0277	0.0277	0.0277	0.0277	0.0277	0.0277	0.0277	0.0277	0.0277	0.0277	0.0277	0.0277	0.0277	0.0277	0.0277	0.0277	0.0277	0.0277	0.0277	0.0277	0.0277	0.0277	0.0277	0.0277	0.0277	0.0277	0.0277	0.0277	0.0277	0.1134	0.0277	0.0277	0.0277	0.0277	0.0277	0.0277	0.0277	0.0277	0.0277	0.0277	0.0277	0.0277	0.0	0.0277	0.0277	0.0277	0.0277	0.0277	0.0182	0.0277	0.0182	0.0277	0.0277	0.0277	0.0277	0.0277	0.0277	0.0277	0.0277	0.0277	0.0277	0.0277	0.0277	0.0182	0.0277	0.0277	0.0277	0.0277	0.0277	0.0277	0.0277	0.0277	0.0277	0.0182	0.0277	0.0277	0.0277	0.0277	0.0277	0.0277	0.0277	0.0277	0.0277	0.0277	0.0277	0.0277	0.0277	0.0277	0.0277	0.0277	0.0277	0.0277	0.0277	0.0277	0.1134	0.0277	0.0277	0.0277	0.0277	0.0277	0.0277	0.0277	0.0277	0.0277	0.0277	0.0277	0.0277	0.0277	0.0277	0.0277	0.0277	0.0277	0.0277	0.0277	0.0277	0.0277	0.0277	0.0277	0.0277	0.0277	0.0277	0.0277	0.0277	0.0277	0.0277	0.0277	0.0277	0.0277	0.0277	0.0277	0.0277	0.0277	0.0277	0.0277	0.0	0.0277	0.0277	0.0277	0.0277	0.0277	0.0277	0.0277	0.4728	0.4728	0.4728	0.4728	0.1007	0.1007	0.1007	0.1007	0.1007	0.1007	0.1007	0.1007	0.1007	0.1007	0.1007	0.1007	0.1007	0.1007	0.1007	0.1007	0.1007	0.0395	0.0395	0.0395	0.0395	0.0395	0.0395	0.0395	0.0395	0.0395	0.0395
42	0.0075	0.0075	0.0075	0.0098	0.0075	0.0075	0.0098	0.0075	0.0075	0.0075	0.0075	0.0075	0.0075	0.0075	0.0075	0.0075	0.0075	0.0075	0.0075	0.0075	0.0075	0.0075	0.0075	0.0075	0.0075	0.0075	0.0075	0.0075	0.0075	0.0075	0.0164	0.0075	0.0075	0.0075	0.0075	0.0075	0.0075	0.0075	0.0164	0.0075	0.2595	0.0075	0.0075	0.0075	0.0098	0.0075	0.0075	0.0075	0.0075	0.0075	0.0075	0.0075	0.0075	0.0075	0.0075	0.0075	0.0075	0.0075	0.0075	0.0075	0.0075	0.0075	0.0075	0.0281	0.0075	0.0075	0.0075	0.0075	0.0075	0.0075	0.0075	0.0075	0.0075	0.0075	0.0098	0.0075	0.0075	0.0075	0.0075	0.0075	0.0075	0.0075	0.0075	0.0075	0.0075	0.0075	0.0075	0.0075	0.0164	0.0075	0.0075	0.0075	0.0075	0.0075	0.0075	0.0075	0.0075	0.0075	0.0281	0.0075	0.0075	0.0075	0.0075	0.0075	0.2595	0.0075	0.0075	0.0075	0.0075	0.0075	0.0075	0.0098	0.0075	0.0075	0.0075	0.0075	0.0075	0.0075	0.0075	0.0075	0.0075	0.0075	0.0075	0.0075	0.0075	0.0075	0.0075	0.0075	0.0075	0.0075	0.0075	0.0075	0.0075	0.0075	0.0075	0.0075	0.0075	0.0075	0.0075	0.0075	0.0075	0.0075	0.0075	0.0075	0.0075	0.0075	0.0075	0.0075	0.0075	0.0075	0.0075	0.0075	0.0075	0.0075	0.0075	0.0075	0.0164	0.0075	0.0075	0.0075	0.0075	0.0075	0.0075	0.0075	0.0075	0.0075	0.0075	0.0075	0.0075	0.0281	0.0075	0.0075	0.0075	0.0075	0.0075	0.0098	0.0075	0.0098	0.0075	0.0075	0.0075	0.0075	0.0075	0.0075	0.0075	0.0075	0.0075	0.0075	0.0075	0.0075	0.0098	0.0075	0.0075	0.0075	0.0075	0.0075	0.0075	0.0075	0.0075	0.0075	0.0098	0.0075	0.0075	0.0075	0.0075	0.0075	0.0075	0.0075	0.0075	0.0075	0.0075	0.0075	0.0075	0.0075	0.0075	0.0075	0.0075	0.0075	0.0075	0.0075	0.0075	0.0164	0.0075	0.0075	0.0075	0.0075	0.0075	0.0075	0.0075	0.0075	0.0075	0.0075	0.0075	0.0075	0.0075	0.0075	0.0075	0.0075	0.0075	0.0075	0.0075	0.0075	0.0075	0.0075	0.0075	0.0075	0.0075	0.0075	0.0075	0.0075	0.0075	0.0075	0.0075	0.0075	0.0075	0.0075	0.0075	0.0075	0.0075	0.0075	0.0075	0.0281	0.0075	0.0075	0.0075	0.0075	0.0075	0.0075	0.0075	0.1212	0.1212	0.1212	0.1212	0.0184	0.0184	0.0184	0.0184	0.0184	0.0184	0.0184	0.0184	0.0184	0.0184	0.0184	0.0184	0.0184	0.0184	0.0184	0.0184	0.0184	0.0348	0.0348	0.0348	0.0348	0.0348	0.0348	0.0348	0.0348	0.0348	0.0348
43	0.0034	0.0034	0.0034	0.0161	0.0034	0.0034	0.0161	0.0034	0.0034	0.0034	0.0034	0.0034	0.0034	0.0034	0.0034	0.0034	0.0034	0.0034	0.0034	0.0034	0.0034	0.0034	0.0034	0.0034	0.0034	0.0034	0.0034	0.0034	0.0034	0.0034	0.0194	0.0034	0.0034	0.0034	0.0034	0.0034	0.0034	0.0034	0.0194	0.0034	0.1544	0.0034	0.0034	0.0034	0.0161	0.0034	0.0034	0.0034	0.0034	0.0034	0.0034	0.0034	0.0034	0.0034	0.0034	0.0034	0.0034	0.0034	0.0034	0.0034	0.0034	0.0034	0.0034	0.0001	0.0034	0.0034	0.0034	0.0034	0.0034	0.0034	0.0034	0.0034	0.0034	0.0034	0.0161	0.0034	0.0034	0.0034	0.0034	0.0034	0.0034	0.0034	0.0034	0.0034	0.0034	0.0034	0.0034	0.0034	0.0194	0.0034	0.0034	0.0034	0.0034	0.0034	0.0034	0.0034	0.0034	0.0034	0.0001	0.0034	0.0034	0.0034	0.0034	0.0034	0.1544	0.0034	0.0034	0.0034	0.0034	0.0034	0.0034	0.0161	0.0034	0.0034	0.0034	0.0034	0.0034	0.0034	0.0034	0.0034	0.0034	0.0034	0.0034	0.0034	0.0034	0.0034	0.0034	0.0034	0.0034	0.0034	0.0034	0.0034	0.0034	0.0034	0.0034	0.0034	0.0034	0.0034	0.0034	0.0034	0.0034	0.0034	0.0034	0.0034	0.0034	0.0034	0.0034	0.0034	0.0034	0.0034	0.0034	0.0034	0.0034	0.0034	0.0034	0.0034	0.0194	0.0034	0.0034	0.0034	0.0034	0.0034	0.0034	0.0034	0.0034	0.0034	0.0034	0.0034	0.0034	0.0001	0.0034	0.0034	0.0034	0.0034	0.0034	0.0161	0.0034	0.0161	0.0034	0.0034	0.0034	0.0034	0.0034	0.0034	0.0034	0.0034	0.0034	0.0034	0.0034	0.0034	0.0161	0.0034	0.0034	0.0034	0.0034	0.0034	0.0034	0.0034	0.0034	0.0034	0.0161	0.0034	0.0034	0.0034	0.0034	0.0034	0.0034	0.0034	0.0034	0.0034	0.0034	0.0034	0.0034	0.0034	0.0034	0.0034	0.0034	0.0034	0.0034	0.0034	0.0034	0.0194	0.0034	0.0034	0.0034	0.0034	0.0034	0.0034	0.0034	0.0034	0.0034	0.0034	0.0034	0.0034	0.0034	0.0034	0.0034	0.0034	0.0034	0.0034	0.0034	0.0034	0.0034	0.0034	0.0034	0.0034	0.0034	0.0034	0.0034	0.0034	0.0034	0.0034	0.0034	0.0034	0.0034	0.0034	0.0034	0.0034	0.0034	0.0034	0.0034	0.0001	0.0034	0.0034	0.0034	0.0034	0.0034	0.0034	0.0034	0.0865	0.0865	0.0865	0.0865	0.0874	0.0874	0.0874	0.0874	0.0874	0.0874	0.0874	0.0874	0.0874	0.0874	0.0874	0.0874	0.0874	0.0874	0.0874	0.0874	0.0874	0.0433	0.0433	0.0433	0.0433	0.0433	0.0433	0.0433	0.0433	0.0433	0.0433
44	0.0006	0.0006	0.0006	0.0038	0.0006	0.0006	0.0038	0.0006	0.0006	0.0006	0.0006	0.0006	0.0006	0.0006	0.0006	0.0006	0.0006	0.0006	0.0006	0.0006	0.0006	0.0006	0.0006	0.0006	0.0006	0.0006	0.0006	0.0006	0.0006	0.0006	0.0113	0.0006	0.0006	0.0006	0.0006	0.0006	0.0006	0.0006	0.0113	0.0006	0.0063	0.0006	0.0006	0.0006	0.0038	0.0006	0.0006	0.0006	0.0006	0.0006	0.0006	0.0006	0.0006	0.0006	0.0006	0.0006	0.0006	0.0006	0.0006	0.0006	0.0006	0.0006	0.0006	0.0006	0.0006	0.0006	0.0006	0.0006	0.0006	0.0006	0.0006	0.0006	0.0006	0.0006	0.0038	0.0006	0.0006	0.0006	0.0006	0.0006	0.0006	0.0006	0.0006	0.0006	0.0006	0.0006	0.0006	0.0006	0.0113	0.0006	0.0006	0.0006	0.0006	0.0006	0.0006	0.0006	0.0006	0.0006	0.0006	0.0006	0.0006	0.0006	0.0006	0.0006	0.0063	0.0006	0.0006	0.0006	0.0006	0.0006	0.0006	0.0038	0.0006	0.0006	0.0006	0.0006	0.0006	0.0006	0.0006	0.0006	0.0006	0.0006	0.0006	0.0006	0.0006	0.0006	0.0006	0.0006	0.0006	0.0006	0.0006	0.0006	0.0006	0.0006	0.0006	0.0006	0.0006	0.0006	0.0006	0.0006	0.0006	0.0006	0.0006	0.0006	0.0006	0.0006	0.0006	0.0006	0.0006	0.0006	0.0006	0.0006	0.0006	0.0006	0.0006	0.0006	0.0113	0.0006	0.0006	0.0006	0.0006	0.0006	0.0006	0.0006	0.0006	0.0006	0.0006	0.0006	0.0006	0.0006	0.0006	0.0006	0.0006	0.0006	0.0006	0.0038	0.0006	0.0038	0.0006	0.0006	0.0006	0.0006	0.0006	0.0006	0.0006	0.0006	0.0006	0.0006	0.0006	0.0006	0.0038	0.0006	0.0006	0.0006	0.0006	0.0006	0.0006	0.0006	0.0006	0.0006	0.0038	0.0006	0.0006	0.0006	0.0006	0.0006	0.0006	0.0006	0.0006	0.0006	0.0006	0.0006	0.0006	0.0006	0.0006	0.0006	0.0006	0.0006	0.0006	0.0006	0.0006	0.0113	0.0006	0.0006	0.0006	0.0006	0.0006	0.0006	0.0006	0.0006	0.0006	0.0006	0.0006	0.0006	0.0006	0.0006	0.0006	0.0006	0.0006	0.0006	0.0006	0.0006	0.0006	0.0006	0.0006	0.0006	0.0006	0.0006	0.0006	0.0006	0.0006	0.0006	0.0006	0.0006	0.0006	0.0006	0.0006	0.0006	0.0006	0.0006	0.0006	0.0006	0.0006	0.0006	0.0006	0.0006	0.0006	0.0006	0.0006	0.0767	0.0767	0.0767	0.0767	0.0192	0.0192	0.0192	0.0192	0.0192	0.0192	0.0192	0.0192	0.0192	0.0192	0.0192	0.0192	0.0192	0.0192	0.0192	0.0192	0.0192	0.0446	0.0446	0.0446	0.0446	0.0446	0.0446	0.0446	0.0446	0.0446	0.0446
45	0.0	0.0	0.0	0.0035	0.0	0.0	0.0035	0.0	0.0	0.0	0.0	0.0	0.0	0.0	0.0	0.0	0.0	0.0	0.0	0.0	0.0	0.0	0.0	0.0	0.0	0.0	0.0	0.0	0.0	0.0	0.0069	0.0	0.0	0.0	0.0	0.0	0.0	0.0	0.0069	0.0	0.03	0.0	0.0	0.0	0.0035	0.0	0.0	0.0	0.0	0.0	0.0	0.0	0.0	0.0	0.0	0.0	0.0	0.0	0.0	0.0	0.0	0.0	0.0	0.0908	0.0	0.0	0.0	0.0	0.0	0.0	0.0	0.0	0.0	0.0	0.0035	0.0	0.0	0.0	0.0	0.0	0.0	0.0	0.0	0.0	0.0	0.0	0.0	0.0	0.0069	0.0	0.0	0.0	0.0	0.0	0.0	0.0	0.0	0.0	0.0908	0.0	0.0	0.0	0.0	0.0	0.03	0.0	0.0	0.0	0.0	0.0	0.0	0.0035	0.0	0.0	0.0	0.0	0.0	0.0	0.0	0.0	0.0	0.0	0.0	0.0	0.0	0.0	0.0	0.0	0.0	0.0	0.0	0.0	0.0	0.0	0.0	0.0	0.0	0.0	0.0	0.0	0.0	0.0	0.0	0.0	0.0	0.0	0.0	0.0	0.0	0.0	0.0	0.0	0.0	0.0	0.0	0.0	0.0069	0.0	0.0	0.0	0.0	0.0	0.0	0.0	0.0	0.0	0.0	0.0	0.0	0.0908	0.0	0.0	0.0	0.0	0.0	0.0035	0.0	0.0035	0.0	0.0	0.0	0.0	0.0	0.0	0.0	0.0	0.0	0.0	0.0	0.0	0.0035	0.0	0.0	0.0	0.0	0.0	0.0	0.0	0.0	0.0	0.0035	0.0	0.0	0.0	0.0	0.0	0.0	0.0	0.0	0.0	0.0	0.0	0.0	0.0	0.0	0.0	0.0	0.0	0.0	0.0	0.0	0.0069	0.0	0.0	0.0	0.0	0.0	0.0	0.0	0.0	0.0	0.0	0.0	0.0	0.0	0.0	0.0	0.0	0.0	0.0	0.0	0.0	0.0	0.0	0.0	0.0	0.0	0.0	0.0	0.0	0.0	0.0	0.0	0.0	0.0	0.0	0.0	0.0	0.0	0.0	0.0	0.0908	0.0	0.0	0.0	0.0	0.0	0.0	0.0	0.098	0.098	0.098	0.098	0.0207	0.0207	0.0207	0.0207	0.0207	0.0207	0.0207	0.0207	0.0207	0.0207	0.0207	0.0207	0.0207	0.0207	0.0207	0.0207	0.0207	0.073	0.073	0.073	0.073	0.073	0.073	0.073	0.073	0.073	0.073
46	0.0054	0.0054	0.0054	0.0091	0.0054	0.0054	0.0091	0.0054	0.0054	0.0054	0.0054	0.0054	0.0054	0.0054	0.0054	0.0054	0.0054	0.0054	0.0054	0.0054	0.0054	0.0054	0.0054	0.0054	0.0054	0.0054	0.0054	0.0054	0.0054	0.0054	0.0459	0.0054	0.0054	0.0054	0.0054	0.0054	0.0054	0.0054	0.0459	0.0054	0.8105	0.0054	0.0054	0.0054	0.0091	0.0054	0.0054	0.0054	0.0054	0.0054	0.0054	0.0054	0.0054	0.0054	0.0054	0.0054	0.0054	0.0054	0.0054	0.0054	0.0054	0.0054	0.0054	0.0	0.0054	0.0054	0.0054	0.0054	0.0054	0.0054	0.0054	0.0054	0.0054	0.0054	0.0091	0.0054	0.0054	0.0054	0.0054	0.0054	0.0054	0.0054	0.0054	0.0054	0.0054	0.0054	0.0054	0.0054	0.0459	0.0054	0.0054	0.0054	0.0054	0.0054	0.0054	0.0054	0.0054	0.0054	0.0	0.0054	0.0054	0.0054	0.0054	0.0054	0.8105	0.0054	0.0054	0.0054	0.0054	0.0054	0.0054	0.0091	0.0054	0.0054	0.0054	0.0054	0.0054	0.0054	0.0054	0.0054	0.0054	0.0054	0.0054	0.0054	0.0054	0.0054	0.0054	0.0054	0.0054	0.0054	0.0054	0.0054	0.0054	0.0054	0.0054	0.0054	0.0054	0.0054	0.0054	0.0054	0.0054	0.0054	0.0054	0.0054	0.0054	0.0054	0.0054	0.0054	0.0054	0.0054	0.0054	0.0054	0.0054	0.0054	0.0054	0.0054	0.0459	0.0054	0.0054	0.0054	0.0054	0.0054	0.0054	0.0054	0.0054	0.0054	0.0054	0.0054	0.0054	0.0	0.0054	0.0054	0.0054	0.0054	0.0054	0.0091	0.0054	0.0091	0.0054	0.0054	0.0054	0.0054	0.0054	0.0054	0.0054	0.0054	0.0054	0.0054	0.0054	0.0054	0.0091	0.0054	0.0054	0.0054	0.0054	0.0054	0.0054	0.0054	0.0054	0.0054	0.0091	0.0054	0.0054	0.0054	0.0054	0.0054	0.0054	0.0054	0.0054	0.0054	0.0054	0.0054	0.0054	0.0054	0.0054	0.0054	0.0054	0.0054	0.0054	0.0054	0.0054	0.0459	0.0054	0.0054	0.0054	0.0054	0.0054	0.0054	0.0054	0.0054	0.0054	0.0054	0.0054	0.0054	0.0054	0.0054	0.0054	0.0054	0.0054	0.0054	0.0054	0.0054	0.0054	0.0054	0.0054	0.0054	0.0054	0.0054	0.0054	0.0054	0.0054	0.0054	0.0054	0.0054	0.0054	0.0054	0.0054	0.0054	0.0054	0.0054	0.0054	0.0	0.0054	0.0054	0.0054	0.0054	0.0054	0.0054	0.0054	0.0739	0.0739	0.0739	0.0739	0.0252	0.0252	0.0252	0.0252	0.0252	0.0252	0.0252	0.0252	0.0252	0.0252	0.0252	0.0252	0.0252	0.0252	0.0252	0.0252	0.0252	0.0273	0.0273	0.0273	0.0273	0.0273	0.0273	0.0273	0.0273	0.0273	0.0273
47	0.0075	0.0075	0.0075	0.0109	0.0075	0.0075	0.0109	0.0075	0.0075	0.0075	0.0075	0.0075	0.0075	0.0075	0.0075	0.0075	0.0075	0.0075	0.0075	0.0075	0.0075	0.0075	0.0075	0.0075	0.0075	0.0075	0.0075	0.0075	0.0075	0.0075	0.0114	0.0075	0.0075	0.0075	0.0075	0.0075	0.0075	0.0075	0.0114	0.0075	0.0774	0.0075	0.0075	0.0075	0.0109	0.0075	0.0075	0.0075	0.0075	0.0075	0.0075	0.0075	0.0075	0.0075	0.0075	0.0075	0.0075	0.0075	0.0075	0.0075	0.0075	0.0075	0.0075	0.0033	0.0075	0.0075	0.0075	0.0075	0.0075	0.0075	0.0075	0.0075	0.0075	0.0075	0.0109	0.0075	0.0075	0.0075	0.0075	0.0075	0.0075	0.0075	0.0075	0.0075	0.0075	0.0075	0.0075	0.0075	0.0114	0.0075	0.0075	0.0075	0.0075	0.0075	0.0075	0.0075	0.0075	0.0075	0.0033	0.0075	0.0075	0.0075	0.0075	0.0075	0.0774	0.0075	0.0075	0.0075	0.0075	0.0075	0.0075	0.0109	0.0075	0.0075	0.0075	0.0075	0.0075	0.0075	0.0075	0.0075	0.0075	0.0075	0.0075	0.0075	0.0075	0.0075	0.0075	0.0075	0.0075	0.0075	0.0075	0.0075	0.0075	0.0075	0.0075	0.0075	0.0075	0.0075	0.0075	0.0075	0.0075	0.0075	0.0075	0.0075	0.0075	0.0075	0.0075	0.0075	0.0075	0.0075	0.0075	0.0075	0.0075	0.0075	0.0075	0.0075	0.0114	0.0075	0.0075	0.0075	0.0075	0.0075	0.0075	0.0075	0.0075	0.0075	0.0075	0.0075	0.0075	0.0033	0.0075	0.0075	0.0075	0.0075	0.0075	0.0109	0.0075	0.0109	0.0075	0.0075	0.0075	0.0075	0.0075	0.0075	0.0075	0.0075	0.0075	0.0075	0.0075	0.0075	0.0109	0.0075	0.0075	0.0075	0.0075	0.0075	0.0075	0.0075	0.0075	0.0075	0.0109	0.0075	0.0075	0.0075	0.0075	0.0075	0.0075	0.0075	0.0075	0.0075	0.0075	0.0075	0.0075	0.0075	0.0075	0.0075	0.0075	0.0075	0.0075	0.0075	0.0075	0.0114	0.0075	0.0075	0.0075	0.0075	0.0075	0.0075	0.0075	0.0075	0.0075	0.0075	0.0075	0.0075	0.0075	0.0075	0.0075	0.0075	0.0075	0.0075	0.0075	0.0075	0.0075	0.0075	0.0075	0.0075	0.0075	0.0075	0.0075	0.0075	0.0075	0.0075	0.0075	0.0075	0.0075	0.0075	0.0075	0.0075	0.0075	0.0075	0.0075	0.0033	0.0075	0.0075	0.0075	0.0075	0.0075	0.0075	0.0075	0.0892	0.0892	0.0892	0.0892	0.0202	0.0202	0.0202	0.0202	0.0202	0.0202	0.0202	0.0202	0.0202	0.0202	0.0202	0.0202	0.0202	0.0202	0.0202	0.0202	0.0202	0.0267	0.0267	0.0267	0.0267	0.0267	0.0267	0.0267	0.0267	0.0267	0.0267
48	0.001	0.001	0.001	0.0044	0.001	0.001	0.0044	0.001	0.001	0.001	0.001	0.001	0.001	0.001	0.001	0.001	0.001	0.001	0.001	0.001	0.001	0.001	0.001	0.001	0.001	0.001	0.001	0.001	0.001	0.001	0.0114	0.001	0.001	0.001	0.001	0.001	0.001	0.001	0.0114	0.001	0.0444	0.001	0.001	0.001	0.0044	0.001	0.001	0.001	0.001	0.001	0.001	0.001	0.001	0.001	0.001	0.001	0.001	0.001	0.001	0.001	0.001	0.001	0.001	0.3796	0.001	0.001	0.001	0.001	0.001	0.001	0.001	0.001	0.001	0.001	0.0044	0.001	0.001	0.001	0.001	0.001	0.001	0.001	0.001	0.001	0.001	0.001	0.001	0.001	0.0114	0.001	0.001	0.001	0.001	0.001	0.001	0.001	0.001	0.001	0.3796	0.001	0.001	0.001	0.001	0.001	0.0444	0.001	0.001	0.001	0.001	0.001	0.001	0.0044	0.001	0.001	0.001	0.001	0.001	0.001	0.001	0.001	0.001	0.001	0.001	0.001	0.001	0.001	0.001	0.001	0.001	0.001	0.001	0.001	0.001	0.001	0.001	0.001	0.001	0.001	0.001	0.001	0.001	0.001	0.001	0.001	0.001	0.001	0.001	0.001	0.001	0.001	0.001	0.001	0.001	0.001	0.001	0.001	0.0114	0.001	0.001	0.001	0.001	0.001	0.001	0.001	0.001	0.001	0.001	0.001	0.001	0.3796	0.001	0.001	0.001	0.001	0.001	0.0044	0.001	0.0044	0.001	0.001	0.001	0.001	0.001	0.001	0.001	0.001	0.001	0.001	0.001	0.001	0.0044	0.001	0.001	0.001	0.001	0.001	0.001	0.001	0.001	0.001	0.0044	0.001	0.001	0.001	0.001	0.001	0.001	0.001	0.001	0.001	0.001	0.001	0.001	0.001	0.001	0.001	0.001	0.001	0.001	0.001	0.001	0.0114	0.001	0.001	0.001	0.001	0.001	0.001	0.001	0.001	0.001	0.001	0.001	0.001	0.001	0.001	0.001	0.001	0.001	0.001	0.001	0.001	0.001	0.001	0.001	0.001	0.001	0.001	0.001	0.001	0.001	0.001	0.001	0.001	0.001	0.001	0.001	0.001	0.001	0.001	0.001	0.3796	0.001	0.001	0.001	0.001	0.001	0.001	0.001	0.1826	0.1826	0.1826	0.1826	0.0307	0.0307	0.0307	0.0307	0.0307	0.0307	0.0307	0.0307	0.0307	0.0307	0.0307	0.0307	0.0307	0.0307	0.0307	0.0307	0.0307	0.0288	0.0288	0.0288	0.0288	0.0288	0.0288	0.0288	0.0288	0.0288	0.0288
49	0.0061	0.0061	0.0061	0.0093	0.0061	0.0061	0.0093	0.0061	0.0061	0.0061	0.0061	0.0061	0.0061	0.0061	0.0061	0.0061	0.0061	0.0061	0.0061	0.0061	0.0061	0.0061	0.0061	0.0061	0.0061	0.0061	0.0061	0.0061	0.0061	0.0061	0.0094	0.0061	0.0061	0.0061	0.0061	0.0061	0.0061	0.0061	0.0094	0.0061	0.0084	0.0061	0.0061	0.0061	0.0093	0.0061	0.0061	0.0061	0.0061	0.0061	0.0061	0.0061	0.0061	0.0061	0.0061	0.0061	0.0061	0.0061	0.0061	0.0061	0.0061	0.0061	0.0061	0.0327	0.0061	0.0061	0.0061	0.0061	0.0061	0.0061	0.0061	0.0061	0.0061	0.0061	0.0093	0.0061	0.0061	0.0061	0.0061	0.0061	0.0061	0.0061	0.0061	0.0061	0.0061	0.0061	0.0061	0.0061	0.0094	0.0061	0.0061	0.0061	0.0061	0.0061	0.0061	0.0061	0.0061	0.0061	0.0327	0.0061	0.0061	0.0061	0.0061	0.0061	0.0084	0.0061	0.0061	0.0061	0.0061	0.0061	0.0061	0.0093	0.0061	0.0061	0.0061	0.0061	0.0061	0.0061	0.0061	0.0061	0.0061	0.0061	0.0061	0.0061	0.0061	0.0061	0.0061	0.0061	0.0061	0.0061	0.0061	0.0061	0.0061	0.0061	0.0061	0.0061	0.0061	0.0061	0.0061	0.0061	0.0061	0.0061	0.0061	0.0061	0.0061	0.0061	0.0061	0.0061	0.0061	0.0061	0.0061	0.0061	0.0061	0.0061	0.0061	0.0061	0.0094	0.0061	0.0061	0.0061	0.0061	0.0061	0.0061	0.0061	0.0061	0.0061	0.0061	0.0061	0.0061	0.0327	0.0061	0.0061	0.0061	0.0061	0.0061	0.0093	0.0061	0.0093	0.0061	0.0061	0.0061	0.0061	0.0061	0.0061	0.0061	0.0061	0.0061	0.0061	0.0061	0.0061	0.0093	0.0061	0.0061	0.0061	0.0061	0.0061	0.0061	0.0061	0.0061	0.0061	0.0093	0.0061	0.0061	0.0061	0.0061	0.0061	0.0061	0.0061	0.0061	0.0061	0.0061	0.0061	0.0061	0.0061	0.0061	0.0061	0.0061	0.0061	0.0061	0.0061	0.0061	0.0094	0.0061	0.0061	0.0061	0.0061	0.0061	0.0061	0.0061	0.0061	0.0061	0.0061	0.0061	0.0061	0.0061	0.0061	0.0061	0.0061	0.0061	0.0061	0.0061	0.0061	0.0061	0.0061	0.0061	0.0061	0.0061	0.0061	0.0061	0.0061	0.0061	0.0061	0.0061	0.0061	0.0061	0.0061	0.0061	0.0061	0.0061	0.0061	0.0061	0.0327	0.0061	0.0061	0.0061	0.0061	0.0061	0.0061	0.0061	0.0784	0.0784	0.0784	0.0784	0.0199	0.0199	0.0199	0.0199	0.0199	0.0199	0.0199	0.0199	0.0199	0.0199	0.0199	0.0199	0.0199	0.0199	0.0199	0.0199	0.0199	0.0339	0.0339	0.0339	0.0339	0.0339	0.0339	0.0339	0.0339	0.0339	0.0339
50	0.0046	0.0046	0.0046	0.0044	0.0046	0.0046	0.0044	0.0046	0.0046	0.0046	0.0046	0.0046	0.0046	0.0046	0.0046	0.0046	0.0046	0.0046	0.0046	0.0046	0.0046	0.0046	0.0046	0.0046	0.0046	0.0046	0.0046	0.0046	0.0046	0.0046	0.0088	0.0046	0.0046	0.0046	0.0046	0.0046	0.0046	0.0046	0.0088	0.0046	0.0933	0.0046	0.0046	0.0046	0.0044	0.0046	0.0046	0.0046	0.0046	0.0046	0.0046	0.0046	0.0046	0.0046	0.0046	0.0046	0.0046	0.0046	0.0046	0.0046	0.0046	0.0046	0.0046	0.0048	0.0046	0.0046	0.0046	0.0046	0.0046	0.0046	0.0046	0.0046	0.0046	0.0046	0.0044	0.0046	0.0046	0.0046	0.0046	0.0046	0.0046	0.0046	0.0046	0.0046	0.0046	0.0046	0.0046	0.0046	0.0088	0.0046	0.0046	0.0046	0.0046	0.0046	0.0046	0.0046	0.0046	0.0046	0.0048	0.0046	0.0046	0.0046	0.0046	0.0046	0.0933	0.0046	0.0046	0.0046	0.0046	0.0046	0.0046	0.0044	0.0046	0.0046	0.0046	0.0046	0.0046	0.0046	0.0046	0.0046	0.0046	0.0046	0.0046	0.0046	0.0046	0.0046	0.0046	0.0046	0.0046	0.0046	0.0046	0.0046	0.0046	0.0046	0.0046	0.0046	0.0046	0.0046	0.0046	0.0046	0.0046	0.0046	0.0046	0.0046	0.0046	0.0046	0.0046	0.0046	0.0046	0.0046	0.0046	0.0046	0.0046	0.0046	0.0046	0.0046	0.0088	0.0046	0.0046	0.0046	0.0046	0.0046	0.0046	0.0046	0.0046	0.0046	0.0046	0.0046	0.0046	0.0048	0.0046	0.0046	0.0046	0.0046	0.0046	0.0044	0.0046	0.0044	0.0046	0.0046	0.0046	0.0046	0.0046	0.0046	0.0046	0.0046	0.0046	0.0046	0.0046	0.0046	0.0044	0.0046	0.0046	0.0046	0.0046	0.0046	0.0046	0.0046	0.0046	0.0046	0.0044	0.0046	0.0046	0.0046	0.0046	0.0046	0.0046	0.0046	0.0046	0.0046	0.0046	0.0046	0.0046	0.0046	0.0046	0.0046	0.0046	0.0046	0.0046	0.0046	0.0046	0.0088	0.0046	0.0046	0.0046	0.0046	0.0046	0.0046	0.0046	0.0046	0.0046	0.0046	0.0046	0.0046	0.0046	0.0046	0.0046	0.0046	0.0046	0.0046	0.0046	0.0046	0.0046	0.0046	0.0046	0.0046	0.0046	0.0046	0.0046	0.0046	0.0046	0.0046	0.0046	0.0046	0.0046	0.0046	0.0046	0.0046	0.0046	0.0046	0.0046	0.0048	0.0046	0.0046	0.0046	0.0046	0.0046	0.0046	0.0046	0.1634	0.1634	0.1634	0.1634	0.0267	0.0267	0.0267	0.0267	0.0267	0.0267	0.0267	0.0267	0.0267	0.0267	0.0267	0.0267	0.0267	0.0267	0.0267	0.0267	0.0267	0.0626	0.0626	0.0626	0.0626	0.0626	0.0626	0.0626	0.0626	0.0626	0.0626
51	0.0088	0.0088	0.0088	0.0128	0.0088	0.0088	0.0128	0.0088	0.0088	0.0088	0.0088	0.0088	0.0088	0.0088	0.0088	0.0088	0.0088	0.0088	0.0088	0.0088	0.0088	0.0088	0.0088	0.0088	0.0088	0.0088	0.0088	0.0088	0.0088	0.0088	0.0267	0.0088	0.0088	0.0088	0.0088	0.0088	0.0088	0.0088	0.0267	0.0088	0.2788	0.0088	0.0088	0.0088	0.0128	0.0088	0.0088	0.0088	0.0088	0.0088	0.0088	0.0088	0.0088	0.0088	0.0088	0.0088	0.0088	0.0088	0.0088	0.0088	0.0088	0.0088	0.0088	0.0346	0.0088	0.0088	0.0088	0.0088	0.0088	0.0088	0.0088	0.0088	0.0088	0.0088	0.0128	0.0088	0.0088	0.0088	0.0088	0.0088	0.0088	0.0088	0.0088	0.0088	0.0088	0.0088	0.0088	0.0088	0.0267	0.0088	0.0088	0.0088	0.0088	0.0088	0.0088	0.0088	0.0088	0.0088	0.0346	0.0088	0.0088	0.0088	0.0088	0.0088	0.2788	0.0088	0.0088	0.0088	0.0088	0.0088	0.0088	0.0128	0.0088	0.0088	0.0088	0.0088	0.0088	0.0088	0.0088	0.0088	0.0088	0.0088	0.0088	0.0088	0.0088	0.0088	0.0088	0.0088	0.0088	0.0088	0.0088	0.0088	0.0088	0.0088	0.0088	0.0088	0.0088	0.0088	0.0088	0.0088	0.0088	0.0088	0.0088	0.0088	0.0088	0.0088	0.0088	0.0088	0.0088	0.0088	0.0088	0.0088	0.0088	0.0088	0.0088	0.0088	0.0267	0.0088	0.0088	0.0088	0.0088	0.0088	0.0088	0.0088	0.0088	0.0088	0.0088	0.0088	0.0088	0.0346	0.0088	0.0088	0.0088	0.0088	0.0088	0.0128	0.0088	0.0128	0.0088	0.0088	0.0088	0.0088	0.0088	0.0088	0.0088	0.0088	0.0088	0.0088	0.0088	0.0088	0.0128	0.0088	0.0088	0.0088	0.0088	0.0088	0.0088	0.0088	0.0088	0.0088	0.0128	0.0088	0.0088	0.0088	0.0088	0.0088	0.0088	0.0088	0.0088	0.0088	0.0088	0.0088	0.0088	0.0088	0.0088	0.0088	0.0088	0.0088	0.0088	0.0088	0.0088	0.0267	0.0088	0.0088	0.0088	0.0088	0.0088	0.0088	0.0088	0.0088	0.0088	0.0088	0.0088	0.0088	0.0088	0.0088	0.0088	0.0088	0.0088	0.0088	0.0088	0.0088	0.0088	0.0088	0.0088	0.0088	0.0088	0.0088	0.0088	0.0088	0.0088	0.0088	0.0088	0.0088	0.0088	0.0088	0.0088	0.0088	0.0088	0.0088	0.0088	0.0346	0.0088	0.0088	0.0088	0.0088	0.0088	0.0088	0.0088	0.0649	0.0649	0.0649	0.0649	0.0225	0.0225	0.0225	0.0225	0.0225	0.0225	0.0225	0.0225	0.0225	0.0225	0.0225	0.0225	0.0225	0.0225	0.0225	0.0225	0.0225	0.0583	0.0583	0.0583	0.0583	0.0583	0.0583	0.0583	0.0583	0.0583	0.0583
52	0.0029	0.0029	0.0029	0.0044	0.0029	0.0029	0.0044	0.0029	0.0029	0.0029	0.0029	0.0029	0.0029	0.0029	0.0029	0.0029	0.0029	0.0029	0.0029	0.0029	0.0029	0.0029	0.0029	0.0029	0.0029	0.0029	0.0029	0.0029	0.0029	0.0029	0.0086	0.0029	0.0029	0.0029	0.0029	0.0029	0.0029	0.0029	0.0086	0.0029	0.0069	0.0029	0.0029	0.0029	0.0044	0.0029	0.0029	0.0029	0.0029	0.0029	0.0029	0.0029	0.0029	0.0029	0.0029	0.0029	0.0029	0.0029	0.0029	0.0029	0.0029	0.0029	0.0029	0.0764	0.0029	0.0029	0.0029	0.0029	0.0029	0.0029	0.0029	0.0029	0.0029	0.0029	0.0044	0.0029	0.0029	0.0029	0.0029	0.0029	0.0029	0.0029	0.0029	0.0029	0.0029	0.0029	0.0029	0.0029	0.0086	0.0029	0.0029	0.0029	0.0029	0.0029	0.0029	0.0029	0.0029	0.0029	0.0764	0.0029	0.0029	0.0029	0.0029	0.0029	0.0069	0.0029	0.0029	0.0029	0.0029	0.0029	0.0029	0.0044	0.0029	0.0029	0.0029	0.0029	0.0029	0.0029	0.0029	0.0029	0.0029	0.0029	0.0029	0.0029	0.0029	0.0029	0.0029	0.0029	0.0029	0.0029	0.0029	0.0029	0.0029	0.0029	0.0029	0.0029	0.0029	0.0029	0.0029	0.0029	0.0029	0.0029	0.0029	0.0029	0.0029	0.0029	0.0029	0.0029	0.0029	0.0029	0.0029	0.0029	0.0029	0.0029	0.0029	0.0029	0.0086	0.0029	0.0029	0.0029	0.0029	0.0029	0.0029	0.0029	0.0029	0.0029	0.0029	0.0029	0.0029	0.0764	0.0029	0.0029	0.0029	0.0029	0.0029	0.0044	0.0029	0.0044	0.0029	0.0029	0.0029	0.0029	0.0029	0.0029	0.0029	0.0029	0.0029	0.0029	0.0029	0.0029	0.0044	0.0029	0.0029	0.0029	0.0029	0.0029	0.0029	0.0029	0.0029	0.0029	0.0044	0.0029	0.0029	0.0029	0.0029	0.0029	0.0029	0.0029	0.0029	0.0029	0.0029	0.0029	0.0029	0.0029	0.0029	0.0029	0.0029	0.0029	0.0029	0.0029	0.0029	0.0086	0.0029	0.0029	0.0029	0.0029	0.0029	0.0029	0.0029	0.0029	0.0029	0.0029	0.0029	0.0029	0.0029	0.0029	0.0029	0.0029	0.0029	0.0029	0.0029	0.0029	0.0029	0.0029	0.0029	0.0029	0.0029	0.0029	0.0029	0.0029	0.0029	0.0029	0.0029	0.0029	0.0029	0.0029	0.0029	0.0029	0.0029	0.0029	0.0029	0.0764	0.0029	0.0029	0.0029	0.0029	0.0029	0.0029	0.0029	0.0549	0.0549	0.0549	0.0549	0.0147	0.0147	0.0147	0.0147	0.0147	0.0147	0.0147	0.0147	0.0147	0.0147	0.0147	0.0147	0.0147	0.0147	0.0147	0.0147	0.0147	0.038	0.038	0.038	0.038	0.038	0.038	0.038	0.038	0.038	0.038
53	0.0006	0.0006	0.0006	0.0139	0.0006	0.0006	0.0139	0.0006	0.0006	0.0006	0.0006	0.0006	0.0006	0.0006	0.0006	0.0006	0.0006	0.0006	0.0006	0.0006	0.0006	0.0006	0.0006	0.0006	0.0006	0.0006	0.0006	0.0006	0.0006	0.0006	0.0157	0.0006	0.0006	0.0006	0.0006	0.0006	0.0006	0.0006	0.0157	0.0006	0.2591	0.0006	0.0006	0.0006	0.0139	0.0006	0.0006	0.0006	0.0006	0.0006	0.0006	0.0006	0.0006	0.0006	0.0006	0.0006	0.0006	0.0006	0.0006	0.0006	0.0006	0.0006	0.0006	0.0035	0.0006	0.0006	0.0006	0.0006	0.0006	0.0006	0.0006	0.0006	0.0006	0.0006	0.0139	0.0006	0.0006	0.0006	0.0006	0.0006	0.0006	0.0006	0.0006	0.0006	0.0006	0.0006	0.0006	0.0006	0.0157	0.0006	0.0006	0.0006	0.0006	0.0006	0.0006	0.0006	0.0006	0.0006	0.0035	0.0006	0.0006	0.0006	0.0006	0.0006	0.2591	0.0006	0.0006	0.0006	0.0006	0.0006	0.0006	0.0139	0.0006	0.0006	0.0006	0.0006	0.0006	0.0006	0.0006	0.0006	0.0006	0.0006	0.0006	0.0006	0.0006	0.0006	0.0006	0.0006	0.0006	0.0006	0.0006	0.0006	0.0006	0.0006	0.0006	0.0006	0.0006	0.0006	0.0006	0.0006	0.0006	0.0006	0.0006	0.0006	0.0006	0.0006	0.0006	0.0006	0.0006	0.0006	0.0006	0.0006	0.0006	0.0006	0.0006	0.0006	0.0157	0.0006	0.0006	0.0006	0.0006	0.0006	0.0006	0.0006	0.0006	0.0006	0.0006	0.0006	0.0006	0.0035	0.0006	0.0006	0.0006	0.0006	0.0006	0.0139	0.0006	0.0139	0.0006	0.0006	0.0006	0.0006	0.0006	0.0006	0.0006	0.0006	0.0006	0.0006	0.0006	0.0006	0.0139	0.0006	0.0006	0.0006	0.0006	0.0006	0.0006	0.0006	0.0006	0.0006	0.0139	0.0006	0.0006	0.0006	0.0006	0.0006	0.0006	0.0006	0.0006	0.0006	0.0006	0.0006	0.0006	0.0006	0.0006	0.0006	0.0006	0.0006	0.0006	0.0006	0.0006	0.0157	0.0006	0.0006	0.0006	0.0006	0.0006	0.0006	0.0006	0.0006	0.0006	0.0006	0.0006	0.0006	0.0006	0.0006	0.0006	0.0006	0.0006	0.0006	0.0006	0.0006	0.0006	0.0006	0.0006	0.0006	0.0006	0.0006	0.0006	0.0006	0.0006	0.0006	0.0006	0.0006	0.0006	0.0006	0.0006	0.0006	0.0006	0.0006	0.0006	0.0035	0.0006	0.0006	0.0006	0.0006	0.0006	0.0006	0.0006	0.0809	0.0809	0.0809	0.0809	0.0144	0.0144	0.0144	0.0144	0.0144	0.0144	0.0144	0.0144	0.0144	0.0144	0.0144	0.0144	0.0144	0.0144	0.0144	0.0144	0.0144	0.0281	0.0281	0.0281	0.0281	0.0281	0.0281	0.0281	0.0281	0.0281	0.0281
54	0.003	0.003	0.003	0.0044	0.003	0.003	0.0044	0.003	0.003	0.003	0.003	0.003	0.003	0.003	0.003	0.003	0.003	0.003	0.003	0.003	0.003	0.003	0.003	0.003	0.003	0.003	0.003	0.003	0.003	0.003	0.0063	0.003	0.003	0.003	0.003	0.003	0.003	0.003	0.0063	0.003	0.0619	0.003	0.003	0.003	0.0044	0.003	0.003	0.003	0.003	0.003	0.003	0.003	0.003	0.003	0.003	0.003	0.003	0.003	0.003	0.003	0.003	0.003	0.003	0.0124	0.003	0.003	0.003	0.003	0.003	0.003	0.003	0.003	0.003	0.003	0.0044	0.003	0.003	0.003	0.003	0.003	0.003	0.003	0.003	0.003	0.003	0.003	0.003	0.003	0.0063	0.003	0.003	0.003	0.003	0.003	0.003	0.003	0.003	0.003	0.0124	0.003	0.003	0.003	0.003	0.003	0.0619	0.003	0.003	0.003	0.003	0.003	0.003	0.0044	0.003	0.003	0.003	0.003	0.003	0.003	0.003	0.003	0.003	0.003	0.003	0.003	0.003	0.003	0.003	0.003	0.003	0.003	0.003	0.003	0.003	0.003	0.003	0.003	0.003	0.003	0.003	0.003	0.003	0.003	0.003	0.003	0.003	0.003	0.003	0.003	0.003	0.003	0.003	0.003	0.003	0.003	0.003	0.003	0.0063	0.003	0.003	0.003	0.003	0.003	0.003	0.003	0.003	0.003	0.003	0.003	0.003	0.0124	0.003	0.003	0.003	0.003	0.003	0.0044	0.003	0.0044	0.003	0.003	0.003	0.003	0.003	0.003	0.003	0.003	0.003	0.003	0.003	0.003	0.0044	0.003	0.003	0.003	0.003	0.003	0.003	0.003	0.003	0.003	0.0044	0.003	0.003	0.003	0.003	0.003	0.003	0.003	0.003	0.003	0.003	0.003	0.003	0.003	0.003	0.003	0.003	0.003	0.003	0.003	0.003	0.0063	0.003	0.003	0.003	0.003	0.003	0.003	0.003	0.003	0.003	0.003	0.003	0.003	0.003	0.003	0.003	0.003	0.003	0.003	0.003	0.003	0.003	0.003	0.003	0.003	0.003	0.003	0.003	0.003	0.003	0.003	0.003	0.003	0.003	0.003	0.003	0.003	0.003	0.003	0.003	0.0124	0.003	0.003	0.003	0.003	0.003	0.003	0.003	0.0782	0.0782	0.0782	0.0782	0.019	0.019	0.019	0.019	0.019	0.019	0.019	0.019	0.019	0.019	0.019	0.019	0.019	0.019	0.019	0.019	0.019	0.0269	0.0269	0.0269	0.0269	0.0269	0.0269	0.0269	0.0269	0.0269	0.0269
55	0.0067	0.0067	0.0067	0.0065	0.0067	0.0067	0.0065	0.0067	0.0067	0.0067	0.0067	0.0067	0.0067	0.0067	0.0067	0.0067	0.0067	0.0067	0.0067	0.0067	0.0067	0.0067	0.0067	0.0067	0.0067	0.0067	0.0067	0.0067	0.0067	0.0067	0.0062	0.0067	0.0067	0.0067	0.0067	0.0067	0.0067	0.0067	0.0062	0.0067	0.061	0.0067	0.0067	0.0067	0.0065	0.0067	0.0067	0.0067	0.0067	0.0067	0.0067	0.0067	0.0067	0.0067	0.0067	0.0067	0.0067	0.0067	0.0067	0.0067	0.0067	0.0067	0.0067	0.0481	0.0067	0.0067	0.0067	0.0067	0.0067	0.0067	0.0067	0.0067	0.0067	0.0067	0.0065	0.0067	0.0067	0.0067	0.0067	0.0067	0.0067	0.0067	0.0067	0.0067	0.0067	0.0067	0.0067	0.0067	0.0062	0.0067	0.0067	0.0067	0.0067	0.0067	0.0067	0.0067	0.0067	0.0067	0.0481	0.0067	0.0067	0.0067	0.0067	0.0067	0.061	0.0067	0.0067	0.0067	0.0067	0.0067	0.0067	0.0065	0.0067	0.0067	0.0067	0.0067	0.0067	0.0067	0.0067	0.0067	0.0067	0.0067	0.0067	0.0067	0.0067	0.0067	0.0067	0.0067	0.0067	0.0067	0.0067	0.0067	0.0067	0.0067	0.0067	0.0067	0.0067	0.0067	0.0067	0.0067	0.0067	0.0067	0.0067	0.0067	0.0067	0.0067	0.0067	0.0067	0.0067	0.0067	0.0067	0.0067	0.0067	0.0067	0.0067	0.0067	0.0062	0.0067	0.0067	0.0067	0.0067	0.0067	0.0067	0.0067	0.0067	0.0067	0.0067	0.0067	0.0067	0.0481	0.0067	0.0067	0.0067	0.0067	0.0067	0.0065	0.0067	0.0065	0.0067	0.0067	0.0067	0.0067	0.0067	0.0067	0.0067	0.0067	0.0067	0.0067	0.0067	0.0067	0.0065	0.0067	0.0067	0.0067	0.0067	0.0067	0.0067	0.0067	0.0067	0.0067	0.0065	0.0067	0.0067	0.0067	0.0067	0.0067	0.0067	0.0067	0.0067	0.0067	0.0067	0.0067	0.0067	0.0067	0.0067	0.0067	0.0067	0.0067	0.0067	0.0067	0.0067	0.0062	0.0067	0.0067	0.0067	0.0067	0.0067	0.0067	0.0067	0.0067	0.0067	0.0067	0.0067	0.0067	0.0067	0.0067	0.0067	0.0067	0.0067	0.0067	0.0067	0.0067	0.0067	0.0067	0.0067	0.0067	0.0067	0.0067	0.0067	0.0067	0.0067	0.0067	0.0067	0.0067	0.0067	0.0067	0.0067	0.0067	0.0067	0.0067	0.0067	0.0481	0.0067	0.0067	0.0067	0.0067	0.0067	0.0067	0.0067	0.1409	0.1409	0.1409	0.1409	0.0191	0.0191	0.0191	0.0191	0.0191	0.0191	0.0191	0.0191	0.0191	0.0191	0.0191	0.0191	0.0191	0.0191	0.0191	0.0191	0.0191	0.0237	0.0237	0.0237	0.0237	0.0237	0.0237	0.0237	0.0237	0.0237	0.0237
56	0.0064	0.0064	0.0064	0.004	0.0064	0.0064	0.004	0.0064	0.0064	0.0064	0.0064	0.0064	0.0064	0.0064	0.0064	0.0064	0.0064	0.0064	0.0064	0.0064	0.0064	0.0064	0.0064	0.0064	0.0064	0.0064	0.0064	0.0064	0.0064	0.0064	0.0068	0.0064	0.0064	0.0064	0.0064	0.0064	0.0064	0.0064	0.0068	0.0064	0.0593	0.0064	0.0064	0.0064	0.004	0.0064	0.0064	0.0064	0.0064	0.0064	0.0064	0.0064	0.0064	0.0064	0.0064	0.0064	0.0064	0.0064	0.0064	0.0064	0.0064	0.0064	0.0064	0.1121	0.0064	0.0064	0.0064	0.0064	0.0064	0.0064	0.0064	0.0064	0.0064	0.0064	0.004	0.0064	0.0064	0.0064	0.0064	0.0064	0.0064	0.0064	0.0064	0.0064	0.0064	0.0064	0.0064	0.0064	0.0068	0.0064	0.0064	0.0064	0.0064	0.0064	0.0064	0.0064	0.0064	0.0064	0.1121	0.0064	0.0064	0.0064	0.0064	0.0064	0.0593	0.0064	0.0064	0.0064	0.0064	0.0064	0.0064	0.004	0.0064	0.0064	0.0064	0.0064	0.0064	0.0064	0.0064	0.0064	0.0064	0.0064	0.0064	0.0064	0.0064	0.0064	0.0064	0.0064	0.0064	0.0064	0.0064	0.0064	0.0064	0.0064	0.0064	0.0064	0.0064	0.0064	0.0064	0.0064	0.0064	0.0064	0.0064	0.0064	0.0064	0.0064	0.0064	0.0064	0.0064	0.0064	0.0064	0.0064	0.0064	0.0064	0.0064	0.0064	0.0068	0.0064	0.0064	0.0064	0.0064	0.0064	0.0064	0.0064	0.0064	0.0064	0.0064	0.0064	0.0064	0.1121	0.0064	0.0064	0.0064	0.0064	0.0064	0.004	0.0064	0.004	0.0064	0.0064	0.0064	0.0064	0.0064	0.0064	0.0064	0.0064	0.0064	0.0064	0.0064	0.0064	0.004	0.0064	0.0064	0.0064	0.0064	0.0064	0.0064	0.0064	0.0064	0.0064	0.004	0.0064	0.0064	0.0064	0.0064	0.0064	0.0064	0.0064	0.0064	0.0064	0.0064	0.0064	0.0064	0.0064	0.0064	0.0064	0.0064	0.0064	0.0064	0.0064	0.0064	0.0068	0.0064	0.0064	0.0064	0.0064	0.0064	0.0064	0.0064	0.0064	0.0064	0.0064	0.0064	0.0064	0.0064	0.0064	0.0064	0.0064	0.0064	0.0064	0.0064	0.0064	0.0064	0.0064	0.0064	0.0064	0.0064	0.0064	0.0064	0.0064	0.0064	0.0064	0.0064	0.0064	0.0064	0.0064	0.0064	0.0064	0.0064	0.0064	0.0064	0.1121	0.0064	0.0064	0.0064	0.0064	0.0064	0.0064	0.0064	0.0778	0.0778	0.0778	0.0778	0.0269	0.0269	0.0269	0.0269	0.0269	0.0269	0.0269	0.0269	0.0269	0.0269	0.0269	0.0269	0.0269	0.0269	0.0269	0.0269	0.0269	0.169	0.169	0.169	0.169	0.169	0.169	0.169	0.169	0.169	0.169
57	0.9965	0.9965	0.9965	0.9519	0.9965	0.9965	0.9519	0.9965	0.9965	0.9965	0.9965	0.9965	0.9965	0.9965	0.9965	0.9965	0.9965	0.9965	0.9965	0.9965	0.9965	0.9965	0.9965	0.9965	0.9965	0.9965	0.9965	0.9965	0.9965	0.9965	0.9325	0.9965	0.9965	0.9965	0.9965	0.9965	0.9965	0.9965	0.9325	0.9965	0.933	0.9965	0.9965	0.9965	0.9519	0.9965	0.9965	0.9965	0.9965	0.9965	0.9965	0.9965	0.9965	0.9965	0.9965	0.9965	0.9965	0.9965	0.9965	0.9965	0.9965	0.9965	0.9965	0.9983	0.9965	0.9965	0.9965	0.9965	0.9965	0.9965	0.9965	0.9965	0.9965	0.9965	0.9519	0.9965	0.9965	0.9965	0.9965	0.9965	0.9965	0.9965	0.9965	0.9965	0.9965	0.9965	0.9965	0.9965	0.9325	0.9965	0.9965	0.9965	0.9965	0.9965	0.9965	0.9965	0.9965	0.9965	0.9983	0.9965	0.9965	0.9965	0.9965	0.9965	0.933	0.9965	0.9965	0.9965	0.9965	0.9965	0.9965	0.9519	0.9965	0.9965	0.9965	0.9965	0.9965	0.9965	0.9965	0.9965	0.9965	0.9965	0.9965	0.9965	0.9965	0.9965	0.9965	0.9965	0.9965	0.9965	0.9965	0.9965	0.9965	0.9965	0.9965	0.9965	0.9965	0.9965	0.9965	0.9965	0.9965	0.9965	0.9965	0.9965	0.9965	0.9965	0.9965	0.9965	0.9965	0.9965	0.9965	0.9965	0.9965	0.9965	0.9965	0.9965	0.9325	0.9965	0.9965	0.9965	0.9965	0.9965	0.9965	0.9965	0.9965	0.9965	0.9965	0.9965	0.9965	0.9983	0.9965	0.9965	0.9965	0.9965	0.9965	0.9519	0.9965	0.9519	0.9965	0.9965	0.9965	0.9965	0.9965	0.9965	0.9965	0.9965	0.9965	0.9965	0.9965	0.9965	0.9519	0.9965	0.9965	0.9965	0.9965	0.9965	0.9965	0.9965	0.9965	0.9965	0.9519	0.9965	0.9965	0.9965	0.9965	0.9965	0.9965	0.9965	0.9965	0.9965	0.9965	0.9965	0.9965	0.9965	0.9965	0.9965	0.9965	0.9965	0.9965	0.9965	0.9965	0.9325	0.9965	0.9965	0.9965	0.9965	0.9965	0.9965	0.9965	0.9965	0.9965	0.9965	0.9965	0.9965	0.9965	0.9965	0.9965	0.9965	0.9965	0.9965	0.9965	0.9965	0.9965	0.9965	0.9965	0.9965	0.9965	0.9965	0.9965	0.9965	0.9965	0.9965	0.9965	0.9965	0.9965	0.9965	0.9965	0.9965	0.9965	0.9965	0.9965	0.9983	0.9965	0.9965	0.9965	0.9965	0.9965	0.9965	0.9965	0.197	0.197	0.197	0.197	0.9154	0.9154	0.9154	0.9154	0.9154	0.9154	0.9154	0.9154	0.9154	0.9154	0.9154	0.9154	0.9154	0.9154	0.9154	0.9154	0.9154	0.7783	0.7783	0.7783	0.7783	0.7783	0.7783	0.7783	0.7783	0.7783	0.7783
58	0.0176	0.0176	0.0176	0.0057	0.0176	0.0176	0.0057	0.0176	0.0176	0.0176	0.0176	0.0176	0.0176	0.0176	0.0176	0.0176	0.0176	0.0176	0.0176	0.0176	0.0176	0.0176	0.0176	0.0176	0.0176	0.0176	0.0176	0.0176	0.0176	0.0176	0.0172	0.0176	0.0176	0.0176	0.0176	0.0176	0.0176	0.0176	0.0172	0.0176	0.4862	0.0176	0.0176	0.0176	0.0057	0.0176	0.0176	0.0176	0.0176	0.0176	0.0176	0.0176	0.0176	0.0176	0.0176	0.0176	0.0176	0.0176	0.0176	0.0176	0.0176	0.0176	0.0176	0.0001	0.0176	0.0176	0.0176	0.0176	0.0176	0.0176	0.0176	0.0176	0.0176	0.0176	0.0057	0.0176	0.0176	0.0176	0.0176	0.0176	0.0176	0.0176	0.0176	0.0176	0.0176	0.0176	0.0176	0.0176	0.0172	0.0176	0.0176	0.0176	0.0176	0.0176	0.0176	0.0176	0.0176	0.0176	0.0001	0.0176	0.0176	0.0176	0.0176	0.0176	0.4862	0.0176	0.0176	0.0176	0.0176	0.0176	0.0176	0.0057	0.0176	0.0176	0.0176	0.0176	0.0176	0.0176	0.0176	0.0176	0.0176	0.0176	0.0176	0.0176	0.0176	0.0176	0.0176	0.0176	0.0176	0.0176	0.0176	0.0176	0.0176	0.0176	0.0176	0.0176	0.0176	0.0176	0.0176	0.0176	0.0176	0.0176	0.0176	0.0176	0.0176	0.0176	0.0176	0.0176	0.0176	0.0176	0.0176	0.0176	0.0176	0.0176	0.0176	0.0176	0.0172	0.0176	0.0176	0.0176	0.0176	0.0176	0.0176	0.0176	0.0176	0.0176	0.0176	0.0176	0.0176	0.0001	0.0176	0.0176	0.0176	0.0176	0.0176	0.0057	0.0176	0.0057	0.0176	0.0176	0.0176	0.0176	0.0176	0.0176	0.0176	0.0176	0.0176	0.0176	0.0176	0.0176	0.0057	0.0176	0.0176	0.0176	0.0176	0.0176	0.0176	0.0176	0.0176	0.0176	0.0057	0.0176	0.0176	0.0176	0.0176	0.0176	0.0176	0.0176	0.0176	0.0176	0.0176	0.0176	0.0176	0.0176	0.0176	0.0176	0.0176	0.0176	0.0176	0.0176	0.0176	0.0172	0.0176	0.0176	0.0176	0.0176	0.0176	0.0176	0.0176	0.0176	0.0176	0.0176	0.0176	0.0176	0.0176	0.0176	0.0176	0.0176	0.0176	0.0176	0.0176	0.0176	0.0176	0.0176	0.0176	0.0176	0.0176	0.0176	0.0176	0.0176	0.0176	0.0176	0.0176	0.0176	0.0176	0.0176	0.0176	0.0176	0.0176	0.0176	0.0176	0.0001	0.0176	0.0176	0.0176	0.0176	0.0176	0.0176	0.0176	0.1141	0.1141	0.1141	0.1141	0.8716	0.8716	0.8716	0.8716	0.8716	0.8716	0.8716	0.8716	0.8716	0.8716	0.8716	0.8716	0.8716	0.8716	0.8716	0.8716	0.8716	0.9439	0.9439	0.9439	0.9439	0.9439	0.9439	0.9439	0.9439	0.9439	0.9439
59	0.9884	0.9884	0.9884	0.9408	0.9884	0.9884	0.9408	0.9884	0.9884	0.9884	0.9884	0.9884	0.9884	0.9884	0.9884	0.9884	0.9884	0.9884	0.9884	0.9884	0.9884	0.9884	0.9884	0.9884	0.9884	0.9884	0.9884	0.9884	0.9884	0.9884	0.9136	0.9884	0.9884	0.9884	0.9884	0.9884	0.9884	0.9884	0.9136	0.9884	0.7667	0.9884	0.9884	0.9884	0.9408	0.9884	0.9884	0.9884	0.9884	0.9884	0.9884	0.9884	0.9884	0.9884	0.9884	0.9884	0.9884	0.9884	0.9884	0.9884	0.9884	0.9884	0.9884	0.9217	0.9884	0.9884	0.9884	0.9884	0.9884	0.9884	0.9884	0.9884	0.9884	0.9884	0.9408	0.9884	0.9884	0.9884	0.9884	0.9884	0.9884	0.9884	0.9884	0.9884	0.9884	0.9884	0.9884	0.9884	0.9136	0.9884	0.9884	0.9884	0.9884	0.9884	0.9884	0.9884	0.9884	0.9884	0.9217	0.9884	0.9884	0.9884	0.9884	0.9884	0.7667	0.9884	0.9884	0.9884	0.9884	0.9884	0.9884	0.9408	0.9884	0.9884	0.9884	0.9884	0.9884	0.9884	0.9884	0.9884	0.9884	0.9884	0.9884	0.9884	0.9884	0.9884	0.9884	0.9884	0.9884	0.9884	0.9884	0.9884	0.9884	0.9884	0.9884	0.9884	0.9884	0.9884	0.9884	0.9884	0.9884	0.9884	0.9884	0.9884	0.9884	0.9884	0.9884	0.9884	0.9884	0.9884	0.9884	0.9884	0.9884	0.9884	0.9884	0.9884	0.9136	0.9884	0.9884	0.9884	0.9884	0.9884	0.9884	0.9884	0.9884	0.9884	0.9884	0.9884	0.9884	0.9217	0.9884	0.9884	0.9884	0.9884	0.9884	0.9408	0.9884	0.9408	0.9884	0.9884	0.9884	0.9884	0.9884	0.9884	0.9884	0.9884	0.9884	0.9884	0.9884	0.9884	0.9408	0.9884	0.9884	0.9884	0.9884	0.9884	0.9884	0.9884	0.9884	0.9884	0.9408	0.9884	0.9884	0.9884	0.9884	0.9884	0.9884	0.9884	0.9884	0.9884	0.9884	0.9884	0.9884	0.9884	0.9884	0.9884	0.9884	0.9884	0.9884	0.9884	0.9884	0.9136	0.9884	0.9884	0.9884	0.9884	0.9884	0.9884	0.9884	0.9884	0.9884	0.9884	0.9884	0.9884	0.9884	0.9884	0.9884	0.9884	0.9884	0.9884	0.9884	0.9884	0.9884	0.9884	0.9884	0.9884	0.9884	0.9884	0.9884	0.9884	0.9884	0.9884	0.9884	0.9884	0.9884	0.9884	0.9884	0.9884	0.9884	0.9884	0.9884	0.9217	0.9884	0.9884	0.9884	0.9884	0.9884	0.9884	0.9884	0.0482	0.0482	0.0482	0.0482	0.028	0.028	0.028	0.028	0.028	0.028	0.028	0.028	0.028	0.028	0.028	0.028	0.028	0.028	0.028	0.028	0.028	0.036	0.036	0.036	0.036	0.036	0.036	0.036	0.036	0.036	0.036
60	0.0223	0.0223	0.0223	0.0218	0.0223	0.0223	0.0218	0.0223	0.0223	0.0223	0.0223	0.0223	0.0223	0.0223	0.0223	0.0223	0.0223	0.0223	0.0223	0.0223	0.0223	0.0223	0.0223	0.0223	0.0223	0.0223	0.0223	0.0223	0.0223	0.0223	0.0245	0.0223	0.0223	0.0223	0.0223	0.0223	0.0223	0.0223	0.0245	0.0223	0.0336	0.0223	0.0223	0.0223	0.0218	0.0223	0.0223	0.0223	0.0223	0.0223	0.0223	0.0223	0.0223	0.0223	0.0223	0.0223	0.0223	0.0223	0.0223	0.0223	0.0223	0.0223	0.0223	0.1039	0.0223	0.0223	0.0223	0.0223	0.0223	0.0223	0.0223	0.0223	0.0223	0.0223	0.0218	0.0223	0.0223	0.0223	0.0223	0.0223	0.0223	0.0223	0.0223	0.0223	0.0223	0.0223	0.0223	0.0223	0.0245	0.0223	0.0223	0.0223	0.0223	0.0223	0.0223	0.0223	0.0223	0.0223	0.1039	0.0223	0.0223	0.0223	0.0223	0.0223	0.0336	0.0223	0.0223	0.0223	0.0223	0.0223	0.0223	0.0218	0.0223	0.0223	0.0223	0.0223	0.0223	0.0223	0.0223	0.0223	0.0223	0.0223	0.0223	0.0223	0.0223	0.0223	0.0223	0.0223	0.0223	0.0223	0.0223	0.0223	0.0223	0.0223	0.0223	0.0223	0.0223	0.0223	0.0223	0.0223	0.0223	0.0223	0.0223	0.0223	0.0223	0.0223	0.0223	0.0223	0.0223	0.0223	0.0223	0.0223	0.0223	0.0223	0.0223	0.0223	0.0245	0.0223	0.0223	0.0223	0.0223	0.0223	0.0223	0.0223	0.0223	0.0223	0.0223	0.0223	0.0223	0.1039	0.0223	0.0223	0.0223	0.0223	0.0223	0.0218	0.0223	0.0218	0.0223	0.0223	0.0223	0.0223	0.0223	0.0223	0.0223	0.0223	0.0223	0.0223	0.0223	0.0223	0.0218	0.0223	0.0223	0.0223	0.0223	0.0223	0.0223	0.0223	0.0223	0.0223	0.0218	0.0223	0.0223	0.0223	0.0223	0.0223	0.0223	0.0223	0.0223	0.0223	0.0223	0.0223	0.0223	0.0223	0.0223	0.0223	0.0223	0.0223	0.0223	0.0223	0.0223	0.0245	0.0223	0.0223	0.0223	0.0223	0.0223	0.0223	0.0223	0.0223	0.0223	0.0223	0.0223	0.0223	0.0223	0.0223	0.0223	0.0223	0.0223	0.0223	0.0223	0.0223	0.0223	0.0223	0.0223	0.0223	0.0223	0.0223	0.0223	0.0223	0.0223	0.0223	0.0223	0.0223	0.0223	0.0223	0.0223	0.0223	0.0223	0.0223	0.0223	0.1039	0.0223	0.0223	0.0223	0.0223	0.0223	0.0223	0.0223	0.1338	0.1338	0.1338	0.1338	0.0249	0.0249	0.0249	0.0249	0.0249	0.0249	0.0249	0.0249	0.0249	0.0249	0.0249	0.0249	0.0249	0.0249	0.0249	0.0249	0.0249	0.0509	0.0509	0.0509	0.0509	0.0509	0.0509	0.0509	0.0509	0.0509	0.0509
61	0.0175	0.0175	0.0175	0.0048	0.0175	0.0175	0.0048	0.0175	0.0175	0.0175	0.0175	0.0175	0.0175	0.0175	0.0175	0.0175	0.0175	0.0175	0.0175	0.0175	0.0175	0.0175	0.0175	0.0175	0.0175	0.0175	0.0175	0.0175	0.0175	0.0175	0.0072	0.0175	0.0175	0.0175	0.0175	0.0175	0.0175	0.0175	0.0072	0.0175	0.1783	0.0175	0.0175	0.0175	0.0048	0.0175	0.0175	0.0175	0.0175	0.0175	0.0175	0.0175	0.0175	0.0175	0.0175	0.0175	0.0175	0.0175	0.0175	0.0175	0.0175	0.0175	0.0175	0.0003	0.0175	0.0175	0.0175	0.0175	0.0175	0.0175	0.0175	0.0175	0.0175	0.0175	0.0048	0.0175	0.0175	0.0175	0.0175	0.0175	0.0175	0.0175	0.0175	0.0175	0.0175	0.0175	0.0175	0.0175	0.0072	0.0175	0.0175	0.0175	0.0175	0.0175	0.0175	0.0175	0.0175	0.0175	0.0003	0.0175	0.0175	0.0175	0.0175	0.0175	0.1783	0.0175	0.0175	0.0175	0.0175	0.0175	0.0175	0.0048	0.0175	0.0175	0.0175	0.0175	0.0175	0.0175	0.0175	0.0175	0.0175	0.0175	0.0175	0.0175	0.0175	0.0175	0.0175	0.0175	0.0175	0.0175	0.0175	0.0175	0.0175	0.0175	0.0175	0.0175	0.0175	0.0175	0.0175	0.0175	0.0175	0.0175	0.0175	0.0175	0.0175	0.0175	0.0175	0.0175	0.0175	0.0175	0.0175	0.0175	0.0175	0.0175	0.0175	0.0175	0.0072	0.0175	0.0175	0.0175	0.0175	0.0175	0.0175	0.0175	0.0175	0.0175	0.0175	0.0175	0.0175	0.0003	0.0175	0.0175	0.0175	0.0175	0.0175	0.0048	0.0175	0.0048	0.0175	0.0175	0.0175	0.0175	0.0175	0.0175	0.0175	0.0175	0.0175	0.0175	0.0175	0.0175	0.0048	0.0175	0.0175	0.0175	0.0175	0.0175	0.0175	0.0175	0.0175	0.0175	0.0048	0.0175	0.0175	0.0175	0.0175	0.0175	0.0175	0.0175	0.0175	0.0175	0.0175	0.0175	0.0175	0.0175	0.0175	0.0175	0.0175	0.0175	0.0175	0.0175	0.0175	0.0072	0.0175	0.0175	0.0175	0.0175	0.0175	0.0175	0.0175	0.0175	0.0175	0.0175	0.0175	0.0175	0.0175	0.0175	0.0175	0.0175	0.0175	0.0175	0.0175	0.0175	0.0175	0.0175	0.0175	0.0175	0.0175	0.0175	0.0175	0.0175	0.0175	0.0175	0.0175	0.0175	0.0175	0.0175	0.0175	0.0175	0.0175	0.0175	0.0175	0.0003	0.0175	0.0175	0.0175	0.0175	0.0175	0.0175	0.0175	0.1317	0.1317	0.1317	0.1317	0.0115	0.0115	0.0115	0.0115	0.0115	0.0115	0.0115	0.0115	0.0115	0.0115	0.0115	0.0115	0.0115	0.0115	0.0115	0.0115	0.0115	0.0414	0.0414	0.0414	0.0414	0.0414	0.0414	0.0414	0.0414	0.0414	0.0414
62	0.9582	0.9582	0.9582	0.962	0.9582	0.9582	0.962	0.9582	0.9582	0.9582	0.9582	0.9582	0.9582	0.9582	0.9582	0.9582	0.9582	0.9582	0.9582	0.9582	0.9582	0.9582	0.9582	0.9582	0.9582	0.9582	0.9582	0.9582	0.9582	0.9582	0.9315	0.9582	0.9582	0.9582	0.9582	0.9582	0.9582	0.9582	0.9315	0.9582	0.8461	0.9582	0.9582	0.9582	0.962	0.9582	0.9582	0.9582	0.9582	0.9582	0.9582	0.9582	0.9582	0.9582	0.9582	0.9582	0.9582	0.9582	0.9582	0.9582	0.9582	0.9582	0.9582	0.9994	0.9582	0.9582	0.9582	0.9582	0.9582	0.9582	0.9582	0.9582	0.9582	0.9582	0.962	0.9582	0.9582	0.9582	0.9582	0.9582	0.9582	0.9582	0.9582	0.9582	0.9582	0.9582	0.9582	0.9582	0.9315	0.9582	0.9582	0.9582	0.9582	0.9582	0.9582	0.9582	0.9582	0.9582	0.9994	0.9582	0.9582	0.9582	0.9582	0.9582	0.8461	0.9582	0.9582	0.9582	0.9582	0.9582	0.9582	0.962	0.9582	0.9582	0.9582	0.9582	0.9582	0.9582	0.9582	0.9582	0.9582	0.9582	0.9582	0.9582	0.9582	0.9582	0.9582	0.9582	0.9582	0.9582	0.9582	0.9582	0.9582	0.9582	0.9582	0.9582	0.9582	0.9582	0.9582	0.9582	0.9582	0.9582	0.9582	0.9582	0.9582	0.9582	0.9582	0.9582	0.9582	0.9582	0.9582	0.9582	0.9582	0.9582	0.9582	0.9582	0.9315	0.9582	0.9582	0.9582	0.9582	0.9582	0.9582	0.9582	0.9582	0.9582	0.9582	0.9582	0.9582	0.9994	0.9582	0.9582	0.9582	0.9582	0.9582	0.962	0.9582	0.962	0.9582	0.9582	0.9582	0.9582	0.9582	0.9582	0.9582	0.9582	0.9582	0.9582	0.9582	0.9582	0.962	0.9582	0.9582	0.9582	0.9582	0.9582	0.9582	0.9582	0.9582	0.9582	0.962	0.9582	0.9582	0.9582	0.9582	0.9582	0.9582	0.9582	0.9582	0.9582	0.9582	0.9582	0.9582	0.9582	0.9582	0.9582	0.9582	0.9582	0.9582	0.9582	0.9582	0.9315	0.9582	0.9582	0.9582	0.9582	0.9582	0.9582	0.9582	0.9582	0.9582	0.9582	0.9582	0.9582	0.9582	0.9582	0.9582	0.9582	0.9582	0.9582	0.9582	0.9582	0.9582	0.9582	0.9582	0.9582	0.9582	0.9582	0.9582	0.9582	0.9582	0.9582	0.9582	0.9582	0.9582	0.9582	0.9582	0.9582	0.9582	0.9582	0.9582	0.9994	0.9582	0.9582	0.9582	0.9582	0.9582	0.9582	0.9582	0.1272	0.1272	0.1272	0.1272	0.7407	0.7407	0.7407	0.7407	0.7407	0.7407	0.7407	0.7407	0.7407	0.7407	0.7407	0.7407	0.7407	0.7407	0.7407	0.7407	0.7407	0.9267	0.9267	0.9267	0.9267	0.9267	0.9267	0.9267	0.9267	0.9267	0.9267
63	0.0004	0.0004	0.0004	0.0091	0.0004	0.0004	0.0091	0.0004	0.0004	0.0004	0.0004	0.0004	0.0004	0.0004	0.0004	0.0004	0.0004	0.0004	0.0004	0.0004	0.0004	0.0004	0.0004	0.0004	0.0004	0.0004	0.0004	0.0004	0.0004	0.0004	0.0101	0.0004	0.0004	0.0004	0.0004	0.0004	0.0004	0.0004	0.0101	0.0004	0.0113	0.0004	0.0004	0.0004	0.0091	0.0004	0.0004	0.0004	0.0004	0.0004	0.0004	0.0004	0.0004	0.0004	0.0004	0.0004	0.0004	0.0004	0.0004	0.0004	0.0004	0.0004	0.0004	0.0022	0.0004	0.0004	0.0004	0.0004	0.0004	0.0004	0.0004	0.0004	0.0004	0.0004	0.0091	0.0004	0.0004	0.0004	0.0004	0.0004	0.0004	0.0004	0.0004	0.0004	0.0004	0.0004	0.0004	0.0004	0.0101	0.0004	0.0004	0.0004	0.0004	0.0004	0.0004	0.0004	0.0004	0.0004	0.0022	0.0004	0.0004	0.0004	0.0004	0.0004	0.0113	0.0004	0.0004	0.0004	0.0004	0.0004	0.0004	0.0091	0.0004	0.0004	0.0004	0.0004	0.0004	0.0004	0.0004	0.0004	0.0004	0.0004	0.0004	0.0004	0.0004	0.0004	0.0004	0.0004	0.0004	0.0004	0.0004	0.0004	0.0004	0.0004	0.0004	0.0004	0.0004	0.0004	0.0004	0.0004	0.0004	0.0004	0.0004	0.0004	0.0004	0.0004	0.0004	0.0004	0.0004	0.0004	0.0004	0.0004	0.0004	0.0004	0.0004	0.0004	0.0101	0.0004	0.0004	0.0004	0.0004	0.0004	0.0004	0.0004	0.0004	0.0004	0.0004	0.0004	0.0004	0.0022	0.0004	0.0004	0.0004	0.0004	0.0004	0.0091	0.0004	0.0091	0.0004	0.0004	0.0004	0.0004	0.0004	0.0004	0.0004	0.0004	0.0004	0.0004	0.0004	0.0004	0.0091	0.0004	0.0004	0.0004	0.0004	0.0004	0.0004	0.0004	0.0004	0.0004	0.0091	0.0004	0.0004	0.0004	0.0004	0.0004	0.0004	0.0004	0.0004	0.0004	0.0004	0.0004	0.0004	0.0004	0.0004	0.0004	0.0004	0.0004	0.0004	0.0004	0.0004	0.0101	0.0004	0.0004	0.0004	0.0004	0.0004	0.0004	0.0004	0.0004	0.0004	0.0004	0.0004	0.0004	0.0004	0.0004	0.0004	0.0004	0.0004	0.0004	0.0004	0.0004	0.0004	0.0004	0.0004	0.0004	0.0004	0.0004	0.0004	0.0004	0.0004	0.0004	0.0004	0.0004	0.0004	0.0004	0.0004	0.0004	0.0004	0.0004	0.0004	0.0022	0.0004	0.0004	0.0004	0.0004	0.0004	0.0004	0.0004	0.7977	0.7977	0.7977	0.7977	0.03	0.03	0.03	0.03	0.03	0.03	0.03	0.03	0.03	0.03	0.03	0.03	0.03	0.03	0.03	0.03	0.03	0.7244	0.7244	0.7244	0.7244	0.7244	0.7244	0.7244	0.7244	0.7244	0.7244
64	0.0071	0.0071	0.0071	0.0062	0.0071	0.0071	0.0062	0.0071	0.0071	0.0071	0.0071	0.0071	0.0071	0.0071	0.0071	0.0071	0.0071	0.0071	0.0071	0.0071	0.0071	0.0071	0.0071	0.0071	0.0071	0.0071	0.0071	0.0071	0.0071	0.0071	0.0217	0.0071	0.0071	0.0071	0.0071	0.0071	0.0071	0.0071	0.0217	0.0071	0.0225	0.0071	0.0071	0.0071	0.0062	0.0071	0.0071	0.0071	0.0071	0.0071	0.0071	0.0071	0.0071	0.0071	0.0071	0.0071	0.0071	0.0071	0.0071	0.0071	0.0071	0.0071	0.0071	0.0013	0.0071	0.0071	0.0071	0.0071	0.0071	0.0071	0.0071	0.0071	0.0071	0.0071	0.0062	0.0071	0.0071	0.0071	0.0071	0.0071	0.0071	0.0071	0.0071	0.0071	0.0071	0.0071	0.0071	0.0071	0.0217	0.0071	0.0071	0.0071	0.0071	0.0071	0.0071	0.0071	0.0071	0.0071	0.0013	0.0071	0.0071	0.0071	0.0071	0.0071	0.0225	0.0071	0.0071	0.0071	0.0071	0.0071	0.0071	0.0062	0.0071	0.0071	0.0071	0.0071	0.0071	0.0071	0.0071	0.0071	0.0071	0.0071	0.0071	0.0071	0.0071	0.0071	0.0071	0.0071	0.0071	0.0071	0.0071	0.0071	0.0071	0.0071	0.0071	0.0071	0.0071	0.0071	0.0071	0.0071	0.0071	0.0071	0.0071	0.0071	0.0071	0.0071	0.0071	0.0071	0.0071	0.0071	0.0071	0.0071	0.0071	0.0071	0.0071	0.0071	0.0217	0.0071	0.0071	0.0071	0.0071	0.0071	0.0071	0.0071	0.0071	0.0071	0.0071	0.0071	0.0071	0.0013	0.0071	0.0071	0.0071	0.0071	0.0071	0.0062	0.0071	0.0062	0.0071	0.0071	0.0071	0.0071	0.0071	0.0071	0.0071	0.0071	0.0071	0.0071	0.0071	0.0071	0.0062	0.0071	0.0071	0.0071	0.0071	0.0071	0.0071	0.0071	0.0071	0.0071	0.0062	0.0071	0.0071	0.0071	0.0071	0.0071	0.0071	0.0071	0.0071	0.0071	0.0071	0.0071	0.0071	0.0071	0.0071	0.0071	0.0071	0.0071	0.0071	0.0071	0.0071	0.0217	0.0071	0.0071	0.0071	0.0071	0.0071	0.0071	0.0071	0.0071	0.0071	0.0071	0.0071	0.0071	0.0071	0.0071	0.0071	0.0071	0.0071	0.0071	0.0071	0.0071	0.0071	0.0071	0.0071	0.0071	0.0071	0.0071	0.0071	0.0071	0.0071	0.0071	0.0071	0.0071	0.0071	0.0071	0.0071	0.0071	0.0071	0.0071	0.0071	0.0013	0.0071	0.0071	0.0071	0.0071	0.0071	0.0071	0.0071	0.0535	0.0535	0.0535	0.0535	0.0213	0.0213	0.0213	0.0213	0.0213	0.0213	0.0213	0.0213	0.0213	0.0213	0.0213	0.0213	0.0213	0.0213	0.0213	0.0213	0.0213	0.0303	0.0303	0.0303	0.0303	0.0303	0.0303	0.0303	0.0303	0.0303	0.0303
65	0.9252	0.9252	0.9252	0.8892	0.9252	0.9252	0.8892	0.9252	0.9252	0.9252	0.9252	0.9252	0.9252	0.9252	0.9252	0.9252	0.9252	0.9252	0.9252	0.9252	0.9252	0.9252	0.9252	0.9252	0.9252	0.9252	0.9252	0.9252	0.9252	0.9252	0.8337	0.9252	0.9252	0.9252	0.9252	0.9252	0.9252	0.9252	0.8337	0.9252	0.7382	0.9252	0.9252	0.9252	0.8892	0.9252	0.9252	0.9252	0.9252	0.9252	0.9252	0.9252	0.9252	0.9252	0.9252	0.9252	0.9252	0.9252	0.9252	0.9252	0.9252	0.9252	0.9252	0.9908	0.9252	0.9252	0.9252	0.9252	0.9252	0.9252	0.9252	0.9252	0.9252	0.9252	0.8892	0.9252	0.9252	0.9252	0.9252	0.9252	0.9252	0.9252	0.9252	0.9252	0.9252	0.9252	0.9252	0.9252	0.8337	0.9252	0.9252	0.9252	0.9252	0.9252	0.9252	0.9252	0.9252	0.9252	0.9908	0.9252	0.9252	0.9252	0.9252	0.9252	0.7382	0.9252	0.9252	0.9252	0.9252	0.9252	0.9252	0.8892	0.9252	0.9252	0.9252	0.9252	0.9252	0.9252	0.9252	0.9252	0.9252	0.9252	0.9252	0.9252	0.9252	0.9252	0.9252	0.9252	0.9252	0.9252	0.9252	0.9252	0.9252	0.9252	0.9252	0.9252	0.9252	0.9252	0.9252	0.9252	0.9252	0.9252	0.9252	0.9252	0.9252	0.9252	0.9252	0.9252	0.9252	0.9252	0.9252	0.9252	0.9252	0.9252	0.9252	0.9252	0.8337	0.9252	0.9252	0.9252	0.9252	0.9252	0.9252	0.9252	0.9252	0.9252	0.9252	0.9252	0.9252	0.9908	0.9252	0.9252	0.9252	0.9252	0.9252	0.8892	0.9252	0.8892	0.9252	0.9252	0.9252	0.9252	0.9252	0.9252	0.9252	0.9252	0.9252	0.9252	0.9252	0.9252	0.8892	0.9252	0.9252	0.9252	0.9252	0.9252	0.9252	0.9252	0.9252	0.9252	0.8892	0.9252	0.9252	0.9252	0.9252	0.9252	0.9252	0.9252	0.9252	0.9252	0.9252	0.9252	0.9252	0.9252	0.9252	0.9252	0.9252	0.9252	0.9252	0.9252	0.9252	0.8337	0.9252	0.9252	0.9252	0.9252	0.9252	0.9252	0.9252	0.9252	0.9252	0.9252	0.9252	0.9252	0.9252	0.9252	0.9252	0.9252	0.9252	0.9252	0.9252	0.9252	0.9252	0.9252	0.9252	0.9252	0.9252	0.9252	0.9252	0.9252	0.9252	0.9252	0.9252	0.9252	0.9252	0.9252	0.9252	0.9252	0.9252	0.9252	0.9252	0.9908	0.9252	0.9252	0.9252	0.9252	0.9252	0.9252	0.9252	0.7742	0.7742	0.7742	0.7742	0.0179	0.0179	0.0179	0.0179	0.0179	0.0179	0.0179	0.0179	0.0179	0.0179	0.0179	0.0179	0.0179	0.0179	0.0179	0.0179	0.0179	0.8996	0.8996	0.8996	0.8996	0.8996	0.8996	0.8996	0.8996	0.8996	0.8996
66	0.93	0.93	0.93	0.8813	0.93	0.93	0.8813	0.93	0.93	0.93	0.93	0.93	0.93	0.93	0.93	0.93	0.93	0.93	0.93	0.93	0.93	0.93	0.93	0.93	0.93	0.93	0.93	0.93	0.93	0.93	0.8865	0.93	0.93	0.93	0.93	0.93	0.93	0.93	0.8865	0.93	0.9643	0.93	0.93	0.93	0.8813	0.93	0.93	0.93	0.93	0.93	0.93	0.93	0.93	0.93	0.93	0.93	0.93	0.93	0.93	0.93	0.93	0.93	0.93	0.9962	0.93	0.93	0.93	0.93	0.93	0.93	0.93	0.93	0.93	0.93	0.8813	0.93	0.93	0.93	0.93	0.93	0.93	0.93	0.93	0.93	0.93	0.93	0.93	0.93	0.8865	0.93	0.93	0.93	0.93	0.93	0.93	0.93	0.93	0.93	0.9962	0.93	0.93	0.93	0.93	0.93	0.9643	0.93	0.93	0.93	0.93	0.93	0.93	0.8813	0.93	0.93	0.93	0.93	0.93	0.93	0.93	0.93	0.93	0.93	0.93	0.93	0.93	0.93	0.93	0.93	0.93	0.93	0.93	0.93	0.93	0.93	0.93	0.93	0.93	0.93	0.93	0.93	0.93	0.93	0.93	0.93	0.93	0.93	0.93	0.93	0.93	0.93	0.93	0.93	0.93	0.93	0.93	0.93	0.8865	0.93	0.93	0.93	0.93	0.93	0.93	0.93	0.93	0.93	0.93	0.93	0.93	0.9962	0.93	0.93	0.93	0.93	0.93	0.8813	0.93	0.8813	0.93	0.93	0.93	0.93	0.93	0.93	0.93	0.93	0.93	0.93	0.93	0.93	0.8813	0.93	0.93	0.93	0.93	0.93	0.93	0.93	0.93	0.93	0.8813	0.93	0.93	0.93	0.93	0.93	0.93	0.93	0.93	0.93	0.93	0.93	0.93	0.93	0.93	0.93	0.93	0.93	0.93	0.93	0.93	0.8865	0.93	0.93	0.93	0.93	0.93	0.93	0.93	0.93	0.93	0.93	0.93	0.93	0.93	0.93	0.93	0.93	0.93	0.93	0.93	0.93	0.93	0.93	0.93	0.93	0.93	0.93	0.93	0.93	0.93	0.93	0.93	0.93	0.93	0.93	0.93	0.93	0.93	0.93	0.93	0.9962	0.93	0.93	0.93	0.93	0.93	0.93	0.93	0.0605	0.0605	0.0605	0.0605	0.0253	0.0253	0.0253	0.0253	0.0253	0.0253	0.0253	0.0253	0.0253	0.0253	0.0253	0.0253	0.0253	0.0253	0.0253	0.0253	0.0253	0.9719	0.9719	0.9719	0.9719	0.9719	0.9719	0.9719	0.9719	0.9719	0.9719
