	0	0	0	0	0	0	0	0	0	0	0	0	0	0	0	0	0	0	0	0	0	0	0	0	0	0	0	0	0	0	0	0	0	0	0	0	0	0	0	0	0	0	0	0	0	0	0	0	0	0	0	0	0	0	0	0	0	0	0	0	0	0	0	0	0	0	0	0	0	0	0	0	0	0	0	0	0	0	0	0	0	0	0	0	0	0	0	0	0	0	0	0	0	0	0	0	0	0	0	0	0	0	0	0	0	0	0	0	0	0	0	0	0	0	0	0	0	0	0	0	0	0	0	0	0	0	0	0	0	0	0	0	0	0	0	0	0	0	0	0	0	0	0	0	0	0	0	0	0	2	2	1	1	1	1	1	1	1	1	1	1	1	1	1	1	1	1	1	1	1	1	1	1	1	1	1	1	1	1	1	1	1	1	1	1	1	1	1	1	1	1	1	1	1	1	1	1	1	1	1	1	1	1	1	1	1	1	1	1	1	1	1	1	1	1	1	1	1	1	1	1	1	1	1	1	1	1	1	1	1	1	1	1	1	1	1	1	1	1	1	1	1	1	1	1	1	1	1	1	1	1	1	1	1	1	1	1	1	1	1	1	1	1	1	1	1	1	1	1	1	1	1	1	1	1	1	1	1	1	1	1	1	1	1	1	1	1	1	1	1	1	1	1	1	1	1	1	1	1	1
0	0.851	0.851	0.851	0.851	0.851	0.851	0.851	0.851	0.851	0.851	0.851	0.851	0.851	0.851	0.851	0.851	0.851	0.851	0.851	0.851	0.851	0.851	0.851	0.851	0.851	0.851	0.851	0.851	0.851	0.851	0.851	0.851	0.851	0.851	0.851	0.851	0.851	0.851	0.851	0.851	0.851	0.851	0.851	0.851	0.851	0.851	0.851	0.851	0.851	0.851	0.851	0.851	0.851	0.851	0.851	0.851	0.851	0.851	0.851	0.851	0.851	0.851	0.851	0.851	0.851	0.851	0.851	0.851	0.851	0.851	0.851	0.851	0.851	0.851	0.851	0.851	0.851	0.851	0.851	0.851	0.851	0.851	0.851	0.851	0.851	0.851	0.851	0.851	0.851	0.851	0.851	0.851	0.851	0.851	0.851	0.851	0.851	0.851	0.851	0.851	0.851	0.851	0.851	0.851	0.851	0.851	0.851	0.851	0.851	0.851	0.851	0.851	0.851	0.851	0.851	0.851	0.851	0.851	0.851	0.851	0.851	0.851	0.851	0.851	0.851	0.851	0.851	0.851	0.851	0.851	0.851	0.851	0.851	0.851	0.851	0.851	0.851	0.851	0.851	0.851	0.851	0.851	0.851	0.851	0.851	0.851	0.851	0.851	0.851	0.1634	0.1634	0.0014	0.0014	0.0014	0.0014	0.0014	0.0014	0.0014	0.0014	0.0014	0.0014	0.0014	0.0014	0.0014	0.0014	0.0014	0.0014	0.0014	0.0014	0.0014	0.0014	0.0014	0.0014	0.0014	0.0014	0.0014	0.0014	0.0014	0.0014	0.0014	0.0014	0.0014	0.0014	0.0014	0.0014	0.0014	0.0014	0.0014	0.0014	0.0014	0.0014	0.0014	0.0014	0.0014	0.0014	0.0014	0.0014	0.0014	0.0014	0.0014	0.0014	0.0014	0.0014	0.0014	0.0014	0.0014	0.0014	0.0014	0.0014	0.0014	0.0014	0.0014	0.0014	0.0014	0.0014	0.0014	0.0014	0.0014	0.0014	0.0014	0.0014	0.0014	0.0014	0.0014	0.0014	0.0014	0.0014	0.0014	0.0014	0.0014	0.0014	0.0014	0.0014	0.0014	0.0014	0.0014	0.0014	0.0014	0.0014	0.0014	0.0014	0.0014	0.0014	0.0014	0.0014	0.0014	0.0014	0.0014	0.0014	0.0014	0.0014	0.0014	0.0014	0.0014	0.0014	0.0014	0.0014	0.0014	0.0014	0.0014	0.0014	0.0014	0.0014	0.0014	0.0014	0.0014	0.0014	0.0014	0.0014	0.0014	0.0014	0.0014	0.0014	0.0014	0.0014	0.0014	0.0014	0.0014	0.0014	0.0014	0.0014	0.0014	0.0014	0.0014	0.0014	0.0014	0.0014	0.0014	0.0014	0.0014	0.0014	0.0014	0.0014	0.0014	0.0014	0.0014	0.0014	0.0014	0.0014	0.0014
1	0.9782	0.9782	0.9782	0.9782	0.9782	0.9782	0.9782	0.9782	0.9782	0.9782	0.9782	0.9782	0.9782	0.9782	0.9782	0.9782	0.9782	0.9782	0.9782	0.9782	0.9782	0.9782	0.9782	0.9782	0.9782	0.9782	0.9782	0.9782	0.9782	0.9782	0.9782	0.9782	0.9782	0.9782	0.9782	0.9782	0.9782	0.9782	0.9782	0.9782	0.9782	0.9782	0.9782	0.9782	0.9782	0.9782	0.9782	0.9782	0.9782	0.9782	0.9782	0.9782	0.9782	0.9782	0.9782	0.9782	0.9782	0.9782	0.9782	0.9782	0.9782	0.9782	0.9782	0.9782	0.9782	0.9782	0.9782	0.9782	0.9782	0.9782	0.9782	0.9782	0.9782	0.9782	0.9782	0.9782	0.9782	0.9782	0.9782	0.9782	0.9782	0.9782	0.9782	0.9782	0.9782	0.9782	0.9782	0.9782	0.9782	0.9782	0.9782	0.9782	0.9782	0.9782	0.9782	0.9782	0.9782	0.9782	0.9782	0.9782	0.9782	0.9782	0.9782	0.9782	0.9782	0.9782	0.9782	0.9782	0.9782	0.9782	0.9782	0.9782	0.9782	0.9782	0.9782	0.9782	0.9782	0.9782	0.9782	0.9782	0.9782	0.9782	0.9782	0.9782	0.9782	0.9782	0.9782	0.9782	0.9782	0.9782	0.9782	0.9782	0.9782	0.9782	0.9782	0.9782	0.9782	0.9782	0.9782	0.9782	0.9782	0.9782	0.9782	0.9782	0.9782	0.9782	0.9782	0.9782	0.9782	0.1438	0.1438	0.0202	0.0202	0.0202	0.0202	0.0202	0.0202	0.0202	0.0202	0.0202	0.0202	0.0202	0.0202	0.0202	0.0202	0.0202	0.0202	0.0202	0.0202	0.0202	0.0202	0.0202	0.0202	0.0202	0.0202	0.0202	0.0202	0.0202	0.0202	0.0202	0.0202	0.0202	0.0202	0.0202	0.0202	0.0202	0.0202	0.0202	0.0202	0.0202	0.0202	0.0202	0.0202	0.0202	0.0202	0.0202	0.0202	0.0202	0.0202	0.0202	0.0202	0.0202	0.0202	0.0202	0.0202	0.0202	0.0202	0.0202	0.0202	0.0202	0.0202	0.0202	0.0202	0.0202	0.0202	0.0202	0.0202	0.0202	0.0202	0.0202	0.0202	0.0202	0.0202	0.0202	0.0202	0.0202	0.0202	0.0202	0.0202	0.0202	0.0202	0.0202	0.0202	0.0202	0.0202	0.0202	0.0202	0.0202	0.0202	0.0202	0.0202	0.0202	0.0202	0.0202	0.0202	0.0202	0.0202	0.0202	0.0202	0.0202	0.0202	0.0202	0.0202	0.0202	0.0202	0.0202	0.0202	0.0202	0.0202	0.0202	0.0202	0.0202	0.0202	0.0202	0.0202	0.0202	0.0202	0.0202	0.0202	0.0202	0.0202	0.0202	0.0202	0.0202	0.0202	0.0202	0.0202	0.0202	0.0202	0.0202	0.0202	0.0202	0.0202	0.0202	0.0202	0.0202	0.0202	0.0202	0.0202	0.0202	0.0202	0.0202	0.0202	0.0202	0.0202	0.0202	0.0202	0.0202	0.0202	0.0202
2	0.9722	0.9722	0.9722	0.9722	0.9722	0.9722	0.9722	0.9722	0.9722	0.9722	0.9722	0.9722	0.9722	0.9722	0.9722	0.9722	0.9722	0.9722	0.9722	0.9722	0.9722	0.9722	0.9722	0.9722	0.9722	0.9722	0.9722	0.9722	0.9722	0.9722	0.9722	0.9722	0.9722	0.9722	0.9722	0.9722	0.9722	0.9722	0.9722	0.9722	0.9722	0.9722	0.9722	0.9722	0.9722	0.9722	0.9722	0.9722	0.9722	0.9722	0.9722	0.9722	0.9722	0.9722	0.9722	0.9722	0.9722	0.9722	0.9722	0.9722	0.9722	0.9722	0.9722	0.9722	0.9722	0.9722	0.9722	0.9722	0.9722	0.9722	0.9722	0.9722	0.9722	0.9722	0.9722	0.9722	0.9722	0.9722	0.9722	0.9722	0.9722	0.9722	0.9722	0.9722	0.9722	0.9722	0.9722	0.9722	0.9722	0.9722	0.9722	0.9722	0.9722	0.9722	0.9722	0.9722	0.9722	0.9722	0.9722	0.9722	0.9722	0.9722	0.9722	0.9722	0.9722	0.9722	0.9722	0.9722	0.9722	0.9722	0.9722	0.9722	0.9722	0.9722	0.9722	0.9722	0.9722	0.9722	0.9722	0.9722	0.9722	0.9722	0.9722	0.9722	0.9722	0.9722	0.9722	0.9722	0.9722	0.9722	0.9722	0.9722	0.9722	0.9722	0.9722	0.9722	0.9722	0.9722	0.9722	0.9722	0.9722	0.9722	0.9722	0.9722	0.9722	0.9722	0.9722	0.9722	0.9722	0.2356	0.2356	0.0019	0.0019	0.0019	0.0019	0.0019	0.0019	0.0019	0.0019	0.0019	0.0019	0.0019	0.0019	0.0019	0.0019	0.0019	0.0019	0.0019	0.0019	0.0019	0.0019	0.0019	0.0019	0.0019	0.0019	0.0019	0.0019	0.0019	0.0019	0.0019	0.0019	0.0019	0.0019	0.0019	0.0019	0.0019	0.0019	0.0019	0.0019	0.0019	0.0019	0.0019	0.0019	0.0019	0.0019	0.0019	0.0019	0.0019	0.0019	0.0019	0.0019	0.0019	0.0019	0.0019	0.0019	0.0019	0.0019	0.0019	0.0019	0.0019	0.0019	0.0019	0.0019	0.0019	0.0019	0.0019	0.0019	0.0019	0.0019	0.0019	0.0019	0.0019	0.0019	0.0019	0.0019	0.0019	0.0019	0.0019	0.0019	0.0019	0.0019	0.0019	0.0019	0.0019	0.0019	0.0019	0.0019	0.0019	0.0019	0.0019	0.0019	0.0019	0.0019	0.0019	0.0019	0.0019	0.0019	0.0019	0.0019	0.0019	0.0019	0.0019	0.0019	0.0019	0.0019	0.0019	0.0019	0.0019	0.0019	0.0019	0.0019	0.0019	0.0019	0.0019	0.0019	0.0019	0.0019	0.0019	0.0019	0.0019	0.0019	0.0019	0.0019	0.0019	0.0019	0.0019	0.0019	0.0019	0.0019	0.0019	0.0019	0.0019	0.0019	0.0019	0.0019	0.0019	0.0019	0.0019	0.0019	0.0019	0.0019	0.0019	0.0019	0.0019	0.0019	0.0019	0.0019	0.0019	0.0019	0.0019
3	0.9411	0.9411	0.9411	0.9411	0.9411	0.9411	0.9411	0.9411	0.9411	0.9411	0.9411	0.9411	0.9411	0.9411	0.9411	0.9411	0.9411	0.9411	0.9411	0.9411	0.9411	0.9411	0.9411	0.9411	0.9411	0.9411	0.9411	0.9411	0.9411	0.9411	0.9411	0.9411	0.9411	0.9411	0.9411	0.9411	0.9411	0.9411	0.9411	0.9411	0.9411	0.9411	0.9411	0.9411	0.9411	0.9411	0.9411	0.9411	0.9411	0.9411	0.9411	0.9411	0.9411	0.9411	0.9411	0.9411	0.9411	0.9411	0.9411	0.9411	0.9411	0.9411	0.9411	0.9411	0.9411	0.9411	0.9411	0.9411	0.9411	0.9411	0.9411	0.9411	0.9411	0.9411	0.9411	0.9411	0.9411	0.9411	0.9411	0.9411	0.9411	0.9411	0.9411	0.9411	0.9411	0.9411	0.9411	0.9411	0.9411	0.9411	0.9411	0.9411	0.9411	0.9411	0.9411	0.9411	0.9411	0.9411	0.9411	0.9411	0.9411	0.9411	0.9411	0.9411	0.9411	0.9411	0.9411	0.9411	0.9411	0.9411	0.9411	0.9411	0.9411	0.9411	0.9411	0.9411	0.9411	0.9411	0.9411	0.9411	0.9411	0.9411	0.9411	0.9411	0.9411	0.9411	0.9411	0.9411	0.9411	0.9411	0.9411	0.9411	0.9411	0.9411	0.9411	0.9411	0.9411	0.9411	0.9411	0.9411	0.9411	0.9411	0.9411	0.9411	0.9411	0.9411	0.9411	0.9411	0.9411	0.1905	0.1905	0.0072	0.0072	0.0072	0.0072	0.0072	0.0072	0.0072	0.0072	0.0072	0.0072	0.0072	0.0072	0.0072	0.0072	0.0072	0.0072	0.0072	0.0072	0.0072	0.0072	0.0072	0.0072	0.0072	0.0072	0.0072	0.0072	0.0072	0.0072	0.0072	0.0072	0.0072	0.0072	0.0072	0.0072	0.0072	0.0072	0.0072	0.0072	0.0072	0.0072	0.0072	0.0072	0.0072	0.0072	0.0072	0.0072	0.0072	0.0072	0.0072	0.0072	0.0072	0.0072	0.0072	0.0072	0.0072	0.0072	0.0072	0.0072	0.0072	0.0072	0.0072	0.0072	0.0072	0.0072	0.0072	0.0072	0.0072	0.0072	0.0072	0.0072	0.0072	0.0072	0.0072	0.0072	0.0072	0.0072	0.0072	0.0072	0.0072	0.0072	0.0072	0.0072	0.0072	0.0072	0.0072	0.0072	0.0072	0.0072	0.0072	0.0072	0.0072	0.0072	0.0072	0.0072	0.0072	0.0072	0.0072	0.0072	0.0072	0.0072	0.0072	0.0072	0.0072	0.0072	0.0072	0.0072	0.0072	0.0072	0.0072	0.0072	0.0072	0.0072	0.0072	0.0072	0.0072	0.0072	0.0072	0.0072	0.0072	0.0072	0.0072	0.0072	0.0072	0.0072	0.0072	0.0072	0.0072	0.0072	0.0072	0.0072	0.0072	0.0072	0.0072	0.0072	0.0072	0.0072	0.0072	0.0072	0.0072	0.0072	0.0072	0.0072	0.0072	0.0072	0.0072	0.0072	0.0072	0.0072	0.0072
4	0.8965	0.8965	0.8965	0.8965	0.8965	0.8965	0.8965	0.8965	0.8965	0.8965	0.8965	0.8965	0.8965	0.8965	0.8965	0.8965	0.8965	0.8965	0.8965	0.8965	0.8965	0.8965	0.8965	0.8965	0.8965	0.8965	0.8965	0.8965	0.8965	0.8965	0.8965	0.8965	0.8965	0.8965	0.8965	0.8965	0.8965	0.8965	0.8965	0.8965	0.8965	0.8965	0.8965	0.8965	0.8965	0.8965	0.8965	0.8965	0.8965	0.8965	0.8965	0.8965	0.8965	0.8965	0.8965	0.8965	0.8965	0.8965	0.8965	0.8965	0.8965	0.8965	0.8965	0.8965	0.8965	0.8965	0.8965	0.8965	0.8965	0.8965	0.8965	0.8965	0.8965	0.8965	0.8965	0.8965	0.8965	0.8965	0.8965	0.8965	0.8965	0.8965	0.8965	0.8965	0.8965	0.8965	0.8965	0.8965	0.8965	0.8965	0.8965	0.8965	0.8965	0.8965	0.8965	0.8965	0.8965	0.8965	0.8965	0.8965	0.8965	0.8965	0.8965	0.8965	0.8965	0.8965	0.8965	0.8965	0.8965	0.8965	0.8965	0.8965	0.8965	0.8965	0.8965	0.8965	0.8965	0.8965	0.8965	0.8965	0.8965	0.8965	0.8965	0.8965	0.8965	0.8965	0.8965	0.8965	0.8965	0.8965	0.8965	0.8965	0.8965	0.8965	0.8965	0.8965	0.8965	0.8965	0.8965	0.8965	0.8965	0.8965	0.8965	0.8965	0.8965	0.8965	0.8965	0.8965	0.8965	0.1153	0.1153	0.0066	0.0066	0.0066	0.0066	0.0066	0.0066	0.0066	0.0066	0.0066	0.0066	0.0066	0.0066	0.0066	0.0066	0.0066	0.0066	0.0066	0.0066	0.0066	0.0066	0.0066	0.0066	0.0066	0.0066	0.0066	0.0066	0.0066	0.0066	0.0066	0.0066	0.0066	0.0066	0.0066	0.0066	0.0066	0.0066	0.0066	0.0066	0.0066	0.0066	0.0066	0.0066	0.0066	0.0066	0.0066	0.0066	0.0066	0.0066	0.0066	0.0066	0.0066	0.0066	0.0066	0.0066	0.0066	0.0066	0.0066	0.0066	0.0066	0.0066	0.0066	0.0066	0.0066	0.0066	0.0066	0.0066	0.0066	0.0066	0.0066	0.0066	0.0066	0.0066	0.0066	0.0066	0.0066	0.0066	0.0066	0.0066	0.0066	0.0066	0.0066	0.0066	0.0066	0.0066	0.0066	0.0066	0.0066	0.0066	0.0066	0.0066	0.0066	0.0066	0.0066	0.0066	0.0066	0.0066	0.0066	0.0066	0.0066	0.0066	0.0066	0.0066	0.0066	0.0066	0.0066	0.0066	0.0066	0.0066	0.0066	0.0066	0.0066	0.0066	0.0066	0.0066	0.0066	0.0066	0.0066	0.0066	0.0066	0.0066	0.0066	0.0066	0.0066	0.0066	0.0066	0.0066	0.0066	0.0066	0.0066	0.0066	0.0066	0.0066	0.0066	0.0066	0.0066	0.0066	0.0066	0.0066	0.0066	0.0066	0.0066	0.0066	0.0066	0.0066	0.0066	0.0066	0.0066	0.0066	0.0066
5	0.9383	0.9383	0.9383	0.9383	0.9383	0.9383	0.9383	0.9383	0.9383	0.9383	0.9383	0.9383	0.9383	0.9383	0.9383	0.9383	0.9383	0.9383	0.9383	0.9383	0.9383	0.9383	0.9383	0.9383	0.9383	0.9383	0.9383	0.9383	0.9383	0.9383	0.9383	0.9383	0.9383	0.9383	0.9383	0.9383	0.9383	0.9383	0.9383	0.9383	0.9383	0.9383	0.9383	0.9383	0.9383	0.9383	0.9383	0.9383	0.9383	0.9383	0.9383	0.9383	0.9383	0.9383	0.9383	0.9383	0.9383	0.9383	0.9383	0.9383	0.9383	0.9383	0.9383	0.9383	0.9383	0.9383	0.9383	0.9383	0.9383	0.9383	0.9383	0.9383	0.9383	0.9383	0.9383	0.9383	0.9383	0.9383	0.9383	0.9383	0.9383	0.9383	0.9383	0.9383	0.9383	0.9383	0.9383	0.9383	0.9383	0.9383	0.9383	0.9383	0.9383	0.9383	0.9383	0.9383	0.9383	0.9383	0.9383	0.9383	0.9383	0.9383	0.9383	0.9383	0.9383	0.9383	0.9383	0.9383	0.9383	0.9383	0.9383	0.9383	0.9383	0.9383	0.9383	0.9383	0.9383	0.9383	0.9383	0.9383	0.9383	0.9383	0.9383	0.9383	0.9383	0.9383	0.9383	0.9383	0.9383	0.9383	0.9383	0.9383	0.9383	0.9383	0.9383	0.9383	0.9383	0.9383	0.9383	0.9383	0.9383	0.9383	0.9383	0.9383	0.9383	0.9383	0.9383	0.9383	0.9383	0.1724	0.1724	0.0089	0.0089	0.0089	0.0089	0.0089	0.0089	0.0089	0.0089	0.0089	0.0089	0.0089	0.0089	0.0089	0.0089	0.0089	0.0089	0.0089	0.0089	0.0089	0.0089	0.0089	0.0089	0.0089	0.0089	0.0089	0.0089	0.0089	0.0089	0.0089	0.0089	0.0089	0.0089	0.0089	0.0089	0.0089	0.0089	0.0089	0.0089	0.0089	0.0089	0.0089	0.0089	0.0089	0.0089	0.0089	0.0089	0.0089	0.0089	0.0089	0.0089	0.0089	0.0089	0.0089	0.0089	0.0089	0.0089	0.0089	0.0089	0.0089	0.0089	0.0089	0.0089	0.0089	0.0089	0.0089	0.0089	0.0089	0.0089	0.0089	0.0089	0.0089	0.0089	0.0089	0.0089	0.0089	0.0089	0.0089	0.0089	0.0089	0.0089	0.0089	0.0089	0.0089	0.0089	0.0089	0.0089	0.0089	0.0089	0.0089	0.0089	0.0089	0.0089	0.0089	0.0089	0.0089	0.0089	0.0089	0.0089	0.0089	0.0089	0.0089	0.0089	0.0089	0.0089	0.0089	0.0089	0.0089	0.0089	0.0089	0.0089	0.0089	0.0089	0.0089	0.0089	0.0089	0.0089	0.0089	0.0089	0.0089	0.0089	0.0089	0.0089	0.0089	0.0089	0.0089	0.0089	0.0089	0.0089	0.0089	0.0089	0.0089	0.0089	0.0089	0.0089	0.0089	0.0089	0.0089	0.0089	0.0089	0.0089	0.0089	0.0089	0.0089	0.0089	0.0089	0.0089	0.0089	0.0089	0.0089
6	0.9487	0.9487	0.9487	0.9487	0.9487	0.9487	0.9487	0.9487	0.9487	0.9487	0.9487	0.9487	0.9487	0.9487	0.9487	0.9487	0.9487	0.9487	0.9487	0.9487	0.9487	0.9487	0.9487	0.9487	0.9487	0.9487	0.9487	0.9487	0.9487	0.9487	0.9487	0.9487	0.9487	0.9487	0.9487	0.9487	0.9487	0.9487	0.9487	0.9487	0.9487	0.9487	0.9487	0.9487	0.9487	0.9487	0.9487	0.9487	0.9487	0.9487	0.9487	0.9487	0.9487	0.9487	0.9487	0.9487	0.9487	0.9487	0.9487	0.9487	0.9487	0.9487	0.9487	0.9487	0.9487	0.9487	0.9487	0.9487	0.9487	0.9487	0.9487	0.9487	0.9487	0.9487	0.9487	0.9487	0.9487	0.9487	0.9487	0.9487	0.9487	0.9487	0.9487	0.9487	0.9487	0.9487	0.9487	0.9487	0.9487	0.9487	0.9487	0.9487	0.9487	0.9487	0.9487	0.9487	0.9487	0.9487	0.9487	0.9487	0.9487	0.9487	0.9487	0.9487	0.9487	0.9487	0.9487	0.9487	0.9487	0.9487	0.9487	0.9487	0.9487	0.9487	0.9487	0.9487	0.9487	0.9487	0.9487	0.9487	0.9487	0.9487	0.9487	0.9487	0.9487	0.9487	0.9487	0.9487	0.9487	0.9487	0.9487	0.9487	0.9487	0.9487	0.9487	0.9487	0.9487	0.9487	0.9487	0.9487	0.9487	0.9487	0.9487	0.9487	0.9487	0.9487	0.9487	0.9487	0.9487	0.206	0.206	0.0138	0.0138	0.0138	0.0138	0.0138	0.0138	0.0138	0.0138	0.0138	0.0138	0.0138	0.0138	0.0138	0.0138	0.0138	0.0138	0.0138	0.0138	0.0138	0.0138	0.0138	0.0138	0.0138	0.0138	0.0138	0.0138	0.0138	0.0138	0.0138	0.0138	0.0138	0.0138	0.0138	0.0138	0.0138	0.0138	0.0138	0.0138	0.0138	0.0138	0.0138	0.0138	0.0138	0.0138	0.0138	0.0138	0.0138	0.0138	0.0138	0.0138	0.0138	0.0138	0.0138	0.0138	0.0138	0.0138	0.0138	0.0138	0.0138	0.0138	0.0138	0.0138	0.0138	0.0138	0.0138	0.0138	0.0138	0.0138	0.0138	0.0138	0.0138	0.0138	0.0138	0.0138	0.0138	0.0138	0.0138	0.0138	0.0138	0.0138	0.0138	0.0138	0.0138	0.0138	0.0138	0.0138	0.0138	0.0138	0.0138	0.0138	0.0138	0.0138	0.0138	0.0138	0.0138	0.0138	0.0138	0.0138	0.0138	0.0138	0.0138	0.0138	0.0138	0.0138	0.0138	0.0138	0.0138	0.0138	0.0138	0.0138	0.0138	0.0138	0.0138	0.0138	0.0138	0.0138	0.0138	0.0138	0.0138	0.0138	0.0138	0.0138	0.0138	0.0138	0.0138	0.0138	0.0138	0.0138	0.0138	0.0138	0.0138	0.0138	0.0138	0.0138	0.0138	0.0138	0.0138	0.0138	0.0138	0.0138	0.0138	0.0138	0.0138	0.0138	0.0138	0.0138	0.0138	0.0138	0.0138
7	0.9682	0.9682	0.9682	0.9682	0.9682	0.9682	0.9682	0.9682	0.9682	0.9682	0.9682	0.9682	0.9682	0.9682	0.9682	0.9682	0.9682	0.9682	0.9682	0.9682	0.9682	0.9682	0.9682	0.9682	0.9682	0.9682	0.9682	0.9682	0.9682	0.9682	0.9682	0.9682	0.9682	0.9682	0.9682	0.9682	0.9682	0.9682	0.9682	0.9682	0.9682	0.9682	0.9682	0.9682	0.9682	0.9682	0.9682	0.9682	0.9682	0.9682	0.9682	0.9682	0.9682	0.9682	0.9682	0.9682	0.9682	0.9682	0.9682	0.9682	0.9682	0.9682	0.9682	0.9682	0.9682	0.9682	0.9682	0.9682	0.9682	0.9682	0.9682	0.9682	0.9682	0.9682	0.9682	0.9682	0.9682	0.9682	0.9682	0.9682	0.9682	0.9682	0.9682	0.9682	0.9682	0.9682	0.9682	0.9682	0.9682	0.9682	0.9682	0.9682	0.9682	0.9682	0.9682	0.9682	0.9682	0.9682	0.9682	0.9682	0.9682	0.9682	0.9682	0.9682	0.9682	0.9682	0.9682	0.9682	0.9682	0.9682	0.9682	0.9682	0.9682	0.9682	0.9682	0.9682	0.9682	0.9682	0.9682	0.9682	0.9682	0.9682	0.9682	0.9682	0.9682	0.9682	0.9682	0.9682	0.9682	0.9682	0.9682	0.9682	0.9682	0.9682	0.9682	0.9682	0.9682	0.9682	0.9682	0.9682	0.9682	0.9682	0.9682	0.9682	0.9682	0.9682	0.9682	0.9682	0.9682	0.1398	0.1398	0.0037	0.0037	0.0037	0.0037	0.0037	0.0037	0.0037	0.0037	0.0037	0.0037	0.0037	0.0037	0.0037	0.0037	0.0037	0.0037	0.0037	0.0037	0.0037	0.0037	0.0037	0.0037	0.0037	0.0037	0.0037	0.0037	0.0037	0.0037	0.0037	0.0037	0.0037	0.0037	0.0037	0.0037	0.0037	0.0037	0.0037	0.0037	0.0037	0.0037	0.0037	0.0037	0.0037	0.0037	0.0037	0.0037	0.0037	0.0037	0.0037	0.0037	0.0037	0.0037	0.0037	0.0037	0.0037	0.0037	0.0037	0.0037	0.0037	0.0037	0.0037	0.0037	0.0037	0.0037	0.0037	0.0037	0.0037	0.0037	0.0037	0.0037	0.0037	0.0037	0.0037	0.0037	0.0037	0.0037	0.0037	0.0037	0.0037	0.0037	0.0037	0.0037	0.0037	0.0037	0.0037	0.0037	0.0037	0.0037	0.0037	0.0037	0.0037	0.0037	0.0037	0.0037	0.0037	0.0037	0.0037	0.0037	0.0037	0.0037	0.0037	0.0037	0.0037	0.0037	0.0037	0.0037	0.0037	0.0037	0.0037	0.0037	0.0037	0.0037	0.0037	0.0037	0.0037	0.0037	0.0037	0.0037	0.0037	0.0037	0.0037	0.0037	0.0037	0.0037	0.0037	0.0037	0.0037	0.0037	0.0037	0.0037	0.0037	0.0037	0.0037	0.0037	0.0037	0.0037	0.0037	0.0037	0.0037	0.0037	0.0037	0.0037	0.0037	0.0037	0.0037	0.0037	0.0037	0.0037	0.0037
8	0.9278	0.9278	0.9278	0.9278	0.9278	0.9278	0.9278	0.9278	0.9278	0.9278	0.9278	0.9278	0.9278	0.9278	0.9278	0.9278	0.9278	0.9278	0.9278	0.9278	0.9278	0.9278	0.9278	0.9278	0.9278	0.9278	0.9278	0.9278	0.9278	0.9278	0.9278	0.9278	0.9278	0.9278	0.9278	0.9278	0.9278	0.9278	0.9278	0.9278	0.9278	0.9278	0.9278	0.9278	0.9278	0.9278	0.9278	0.9278	0.9278	0.9278	0.9278	0.9278	0.9278	0.9278	0.9278	0.9278	0.9278	0.9278	0.9278	0.9278	0.9278	0.9278	0.9278	0.9278	0.9278	0.9278	0.9278	0.9278	0.9278	0.9278	0.9278	0.9278	0.9278	0.9278	0.9278	0.9278	0.9278	0.9278	0.9278	0.9278	0.9278	0.9278	0.9278	0.9278	0.9278	0.9278	0.9278	0.9278	0.9278	0.9278	0.9278	0.9278	0.9278	0.9278	0.9278	0.9278	0.9278	0.9278	0.9278	0.9278	0.9278	0.9278	0.9278	0.9278	0.9278	0.9278	0.9278	0.9278	0.9278	0.9278	0.9278	0.9278	0.9278	0.9278	0.9278	0.9278	0.9278	0.9278	0.9278	0.9278	0.9278	0.9278	0.9278	0.9278	0.9278	0.9278	0.9278	0.9278	0.9278	0.9278	0.9278	0.9278	0.9278	0.9278	0.9278	0.9278	0.9278	0.9278	0.9278	0.9278	0.9278	0.9278	0.9278	0.9278	0.9278	0.9278	0.9278	0.9278	0.9278	0.1226	0.1226	0.0084	0.0084	0.0084	0.0084	0.0084	0.0084	0.0084	0.0084	0.0084	0.0084	0.0084	0.0084	0.0084	0.0084	0.0084	0.0084	0.0084	0.0084	0.0084	0.0084	0.0084	0.0084	0.0084	0.0084	0.0084	0.0084	0.0084	0.0084	0.0084	0.0084	0.0084	0.0084	0.0084	0.0084	0.0084	0.0084	0.0084	0.0084	0.0084	0.0084	0.0084	0.0084	0.0084	0.0084	0.0084	0.0084	0.0084	0.0084	0.0084	0.0084	0.0084	0.0084	0.0084	0.0084	0.0084	0.0084	0.0084	0.0084	0.0084	0.0084	0.0084	0.0084	0.0084	0.0084	0.0084	0.0084	0.0084	0.0084	0.0084	0.0084	0.0084	0.0084	0.0084	0.0084	0.0084	0.0084	0.0084	0.0084	0.0084	0.0084	0.0084	0.0084	0.0084	0.0084	0.0084	0.0084	0.0084	0.0084	0.0084	0.0084	0.0084	0.0084	0.0084	0.0084	0.0084	0.0084	0.0084	0.0084	0.0084	0.0084	0.0084	0.0084	0.0084	0.0084	0.0084	0.0084	0.0084	0.0084	0.0084	0.0084	0.0084	0.0084	0.0084	0.0084	0.0084	0.0084	0.0084	0.0084	0.0084	0.0084	0.0084	0.0084	0.0084	0.0084	0.0084	0.0084	0.0084	0.0084	0.0084	0.0084	0.0084	0.0084	0.0084	0.0084	0.0084	0.0084	0.0084	0.0084	0.0084	0.0084	0.0084	0.0084	0.0084	0.0084	0.0084	0.0084	0.0084	0.0084	0.0084
9	0.9456	0.9456	0.9456	0.9456	0.9456	0.9456	0.9456	0.9456	0.9456	0.9456	0.9456	0.9456	0.9456	0.9456	0.9456	0.9456	0.9456	0.9456	0.9456	0.9456	0.9456	0.9456	0.9456	0.9456	0.9456	0.9456	0.9456	0.9456	0.9456	0.9456	0.9456	0.9456	0.9456	0.9456	0.9456	0.9456	0.9456	0.9456	0.9456	0.9456	0.9456	0.9456	0.9456	0.9456	0.9456	0.9456	0.9456	0.9456	0.9456	0.9456	0.9456	0.9456	0.9456	0.9456	0.9456	0.9456	0.9456	0.9456	0.9456	0.9456	0.9456	0.9456	0.9456	0.9456	0.9456	0.9456	0.9456	0.9456	0.9456	0.9456	0.9456	0.9456	0.9456	0.9456	0.9456	0.9456	0.9456	0.9456	0.9456	0.9456	0.9456	0.9456	0.9456	0.9456	0.9456	0.9456	0.9456	0.9456	0.9456	0.9456	0.9456	0.9456	0.9456	0.9456	0.9456	0.9456	0.9456	0.9456	0.9456	0.9456	0.9456	0.9456	0.9456	0.9456	0.9456	0.9456	0.9456	0.9456	0.9456	0.9456	0.9456	0.9456	0.9456	0.9456	0.9456	0.9456	0.9456	0.9456	0.9456	0.9456	0.9456	0.9456	0.9456	0.9456	0.9456	0.9456	0.9456	0.9456	0.9456	0.9456	0.9456	0.9456	0.9456	0.9456	0.9456	0.9456	0.9456	0.9456	0.9456	0.9456	0.9456	0.9456	0.9456	0.9456	0.9456	0.9456	0.9456	0.9456	0.9456	0.2262	0.2262	0.0064	0.0064	0.0064	0.0064	0.0064	0.0064	0.0064	0.0064	0.0064	0.0064	0.0064	0.0064	0.0064	0.0064	0.0064	0.0064	0.0064	0.0064	0.0064	0.0064	0.0064	0.0064	0.0064	0.0064	0.0064	0.0064	0.0064	0.0064	0.0064	0.0064	0.0064	0.0064	0.0064	0.0064	0.0064	0.0064	0.0064	0.0064	0.0064	0.0064	0.0064	0.0064	0.0064	0.0064	0.0064	0.0064	0.0064	0.0064	0.0064	0.0064	0.0064	0.0064	0.0064	0.0064	0.0064	0.0064	0.0064	0.0064	0.0064	0.0064	0.0064	0.0064	0.0064	0.0064	0.0064	0.0064	0.0064	0.0064	0.0064	0.0064	0.0064	0.0064	0.0064	0.0064	0.0064	0.0064	0.0064	0.0064	0.0064	0.0064	0.0064	0.0064	0.0064	0.0064	0.0064	0.0064	0.0064	0.0064	0.0064	0.0064	0.0064	0.0064	0.0064	0.0064	0.0064	0.0064	0.0064	0.0064	0.0064	0.0064	0.0064	0.0064	0.0064	0.0064	0.0064	0.0064	0.0064	0.0064	0.0064	0.0064	0.0064	0.0064	0.0064	0.0064	0.0064	0.0064	0.0064	0.0064	0.0064	0.0064	0.0064	0.0064	0.0064	0.0064	0.0064	0.0064	0.0064	0.0064	0.0064	0.0064	0.0064	0.0064	0.0064	0.0064	0.0064	0.0064	0.0064	0.0064	0.0064	0.0064	0.0064	0.0064	0.0064	0.0064	0.0064	0.0064	0.0064	0.0064	0.0064
10	0.8811	0.8811	0.8811	0.8811	0.8811	0.8811	0.8811	0.8811	0.8811	0.8811	0.8811	0.8811	0.8811	0.8811	0.8811	0.8811	0.8811	0.8811	0.8811	0.8811	0.8811	0.8811	0.8811	0.8811	0.8811	0.8811	0.8811	0.8811	0.8811	0.8811	0.8811	0.8811	0.8811	0.8811	0.8811	0.8811	0.8811	0.8811	0.8811	0.8811	0.8811	0.8811	0.8811	0.8811	0.8811	0.8811	0.8811	0.8811	0.8811	0.8811	0.8811	0.8811	0.8811	0.8811	0.8811	0.8811	0.8811	0.8811	0.8811	0.8811	0.8811	0.8811	0.8811	0.8811	0.8811	0.8811	0.8811	0.8811	0.8811	0.8811	0.8811	0.8811	0.8811	0.8811	0.8811	0.8811	0.8811	0.8811	0.8811	0.8811	0.8811	0.8811	0.8811	0.8811	0.8811	0.8811	0.8811	0.8811	0.8811	0.8811	0.8811	0.8811	0.8811	0.8811	0.8811	0.8811	0.8811	0.8811	0.8811	0.8811	0.8811	0.8811	0.8811	0.8811	0.8811	0.8811	0.8811	0.8811	0.8811	0.8811	0.8811	0.8811	0.8811	0.8811	0.8811	0.8811	0.8811	0.8811	0.8811	0.8811	0.8811	0.8811	0.8811	0.8811	0.8811	0.8811	0.8811	0.8811	0.8811	0.8811	0.8811	0.8811	0.8811	0.8811	0.8811	0.8811	0.8811	0.8811	0.8811	0.8811	0.8811	0.8811	0.8811	0.8811	0.8811	0.8811	0.8811	0.8811	0.8811	0.1203	0.1203	0.0106	0.0106	0.0106	0.0106	0.0106	0.0106	0.0106	0.0106	0.0106	0.0106	0.0106	0.0106	0.0106	0.0106	0.0106	0.0106	0.0106	0.0106	0.0106	0.0106	0.0106	0.0106	0.0106	0.0106	0.0106	0.0106	0.0106	0.0106	0.0106	0.0106	0.0106	0.0106	0.0106	0.0106	0.0106	0.0106	0.0106	0.0106	0.0106	0.0106	0.0106	0.0106	0.0106	0.0106	0.0106	0.0106	0.0106	0.0106	0.0106	0.0106	0.0106	0.0106	0.0106	0.0106	0.0106	0.0106	0.0106	0.0106	0.0106	0.0106	0.0106	0.0106	0.0106	0.0106	0.0106	0.0106	0.0106	0.0106	0.0106	0.0106	0.0106	0.0106	0.0106	0.0106	0.0106	0.0106	0.0106	0.0106	0.0106	0.0106	0.0106	0.0106	0.0106	0.0106	0.0106	0.0106	0.0106	0.0106	0.0106	0.0106	0.0106	0.0106	0.0106	0.0106	0.0106	0.0106	0.0106	0.0106	0.0106	0.0106	0.0106	0.0106	0.0106	0.0106	0.0106	0.0106	0.0106	0.0106	0.0106	0.0106	0.0106	0.0106	0.0106	0.0106	0.0106	0.0106	0.0106	0.0106	0.0106	0.0106	0.0106	0.0106	0.0106	0.0106	0.0106	0.0106	0.0106	0.0106	0.0106	0.0106	0.0106	0.0106	0.0106	0.0106	0.0106	0.0106	0.0106	0.0106	0.0106	0.0106	0.0106	0.0106	0.0106	0.0106	0.0106	0.0106	0.0106	0.0106	0.0106
11	0.8961	0.8961	0.8961	0.8961	0.8961	0.8961	0.8961	0.8961	0.8961	0.8961	0.8961	0.8961	0.8961	0.8961	0.8961	0.8961	0.8961	0.8961	0.8961	0.8961	0.8961	0.8961	0.8961	0.8961	0.8961	0.8961	0.8961	0.8961	0.8961	0.8961	0.8961	0.8961	0.8961	0.8961	0.8961	0.8961	0.8961	0.8961	0.8961	0.8961	0.8961	0.8961	0.8961	0.8961	0.8961	0.8961	0.8961	0.8961	0.8961	0.8961	0.8961	0.8961	0.8961	0.8961	0.8961	0.8961	0.8961	0.8961	0.8961	0.8961	0.8961	0.8961	0.8961	0.8961	0.8961	0.8961	0.8961	0.8961	0.8961	0.8961	0.8961	0.8961	0.8961	0.8961	0.8961	0.8961	0.8961	0.8961	0.8961	0.8961	0.8961	0.8961	0.8961	0.8961	0.8961	0.8961	0.8961	0.8961	0.8961	0.8961	0.8961	0.8961	0.8961	0.8961	0.8961	0.8961	0.8961	0.8961	0.8961	0.8961	0.8961	0.8961	0.8961	0.8961	0.8961	0.8961	0.8961	0.8961	0.8961	0.8961	0.8961	0.8961	0.8961	0.8961	0.8961	0.8961	0.8961	0.8961	0.8961	0.8961	0.8961	0.8961	0.8961	0.8961	0.8961	0.8961	0.8961	0.8961	0.8961	0.8961	0.8961	0.8961	0.8961	0.8961	0.8961	0.8961	0.8961	0.8961	0.8961	0.8961	0.8961	0.8961	0.8961	0.8961	0.8961	0.8961	0.8961	0.8961	0.8961	0.0917	0.0917	0.0022	0.0022	0.0022	0.0022	0.0022	0.0022	0.0022	0.0022	0.0022	0.0022	0.0022	0.0022	0.0022	0.0022	0.0022	0.0022	0.0022	0.0022	0.0022	0.0022	0.0022	0.0022	0.0022	0.0022	0.0022	0.0022	0.0022	0.0022	0.0022	0.0022	0.0022	0.0022	0.0022	0.0022	0.0022	0.0022	0.0022	0.0022	0.0022	0.0022	0.0022	0.0022	0.0022	0.0022	0.0022	0.0022	0.0022	0.0022	0.0022	0.0022	0.0022	0.0022	0.0022	0.0022	0.0022	0.0022	0.0022	0.0022	0.0022	0.0022	0.0022	0.0022	0.0022	0.0022	0.0022	0.0022	0.0022	0.0022	0.0022	0.0022	0.0022	0.0022	0.0022	0.0022	0.0022	0.0022	0.0022	0.0022	0.0022	0.0022	0.0022	0.0022	0.0022	0.0022	0.0022	0.0022	0.0022	0.0022	0.0022	0.0022	0.0022	0.0022	0.0022	0.0022	0.0022	0.0022	0.0022	0.0022	0.0022	0.0022	0.0022	0.0022	0.0022	0.0022	0.0022	0.0022	0.0022	0.0022	0.0022	0.0022	0.0022	0.0022	0.0022	0.0022	0.0022	0.0022	0.0022	0.0022	0.0022	0.0022	0.0022	0.0022	0.0022	0.0022	0.0022	0.0022	0.0022	0.0022	0.0022	0.0022	0.0022	0.0022	0.0022	0.0022	0.0022	0.0022	0.0022	0.0022	0.0022	0.0022	0.0022	0.0022	0.0022	0.0022	0.0022	0.0022	0.0022	0.0022	0.0022
12	0.0138	0.0138	0.0138	0.0138	0.0138	0.0138	0.0138	0.0138	0.0138	0.0138	0.0138	0.0138	0.0138	0.0138	0.0138	0.0138	0.0138	0.0138	0.0138	0.0138	0.0138	0.0138	0.0138	0.0138	0.0138	0.0138	0.0138	0.0138	0.0138	0.0138	0.0138	0.0138	0.0138	0.0138	0.0138	0.0138	0.0138	0.0138	0.0138	0.0138	0.0138	0.0138	0.0138	0.0138	0.0138	0.0138	0.0138	0.0138	0.0138	0.0138	0.0138	0.0138	0.0138	0.0138	0.0138	0.0138	0.0138	0.0138	0.0138	0.0138	0.0138	0.0138	0.0138	0.0138	0.0138	0.0138	0.0138	0.0138	0.0138	0.0138	0.0138	0.0138	0.0138	0.0138	0.0138	0.0138	0.0138	0.0138	0.0138	0.0138	0.0138	0.0138	0.0138	0.0138	0.0138	0.0138	0.0138	0.0138	0.0138	0.0138	0.0138	0.0138	0.0138	0.0138	0.0138	0.0138	0.0138	0.0138	0.0138	0.0138	0.0138	0.0138	0.0138	0.0138	0.0138	0.0138	0.0138	0.0138	0.0138	0.0138	0.0138	0.0138	0.0138	0.0138	0.0138	0.0138	0.0138	0.0138	0.0138	0.0138	0.0138	0.0138	0.0138	0.0138	0.0138	0.0138	0.0138	0.0138	0.0138	0.0138	0.0138	0.0138	0.0138	0.0138	0.0138	0.0138	0.0138	0.0138	0.0138	0.0138	0.0138	0.0138	0.0138	0.0138	0.0138	0.0138	0.0138	0.0138	0.0138	0.9137	0.9137	0.0033	0.0033	0.0033	0.0033	0.0033	0.0033	0.0033	0.0033	0.0033	0.0033	0.0033	0.0033	0.0033	0.0033	0.0033	0.0033	0.0033	0.0033	0.0033	0.0033	0.0033	0.0033	0.0033	0.0033	0.0033	0.0033	0.0033	0.0033	0.0033	0.0033	0.0033	0.0033	0.0033	0.0033	0.0033	0.0033	0.0033	0.0033	0.0033	0.0033	0.0033	0.0033	0.0033	0.0033	0.0033	0.0033	0.0033	0.0033	0.0033	0.0033	0.0033	0.0033	0.0033	0.0033	0.0033	0.0033	0.0033	0.0033	0.0033	0.0033	0.0033	0.0033	0.0033	0.0033	0.0033	0.0033	0.0033	0.0033	0.0033	0.0033	0.0033	0.0033	0.0033	0.0033	0.0033	0.0033	0.0033	0.0033	0.0033	0.0033	0.0033	0.0033	0.0033	0.0033	0.0033	0.0033	0.0033	0.0033	0.0033	0.0033	0.0033	0.0033	0.0033	0.0033	0.0033	0.0033	0.0033	0.0033	0.0033	0.0033	0.0033	0.0033	0.0033	0.0033	0.0033	0.0033	0.0033	0.0033	0.0033	0.0033	0.0033	0.0033	0.0033	0.0033	0.0033	0.0033	0.0033	0.0033	0.0033	0.0033	0.0033	0.0033	0.0033	0.0033	0.0033	0.0033	0.0033	0.0033	0.0033	0.0033	0.0033	0.0033	0.0033	0.0033	0.0033	0.0033	0.0033	0.0033	0.0033	0.0033	0.0033	0.0033	0.0033	0.0033	0.0033	0.0033	0.0033	0.0033	0.0033
13	0.0062	0.0062	0.0062	0.0062	0.0062	0.0062	0.0062	0.0062	0.0062	0.0062	0.0062	0.0062	0.0062	0.0062	0.0062	0.0062	0.0062	0.0062	0.0062	0.0062	0.0062	0.0062	0.0062	0.0062	0.0062	0.0062	0.0062	0.0062	0.0062	0.0062	0.0062	0.0062	0.0062	0.0062	0.0062	0.0062	0.0062	0.0062	0.0062	0.0062	0.0062	0.0062	0.0062	0.0062	0.0062	0.0062	0.0062	0.0062	0.0062	0.0062	0.0062	0.0062	0.0062	0.0062	0.0062	0.0062	0.0062	0.0062	0.0062	0.0062	0.0062	0.0062	0.0062	0.0062	0.0062	0.0062	0.0062	0.0062	0.0062	0.0062	0.0062	0.0062	0.0062	0.0062	0.0062	0.0062	0.0062	0.0062	0.0062	0.0062	0.0062	0.0062	0.0062	0.0062	0.0062	0.0062	0.0062	0.0062	0.0062	0.0062	0.0062	0.0062	0.0062	0.0062	0.0062	0.0062	0.0062	0.0062	0.0062	0.0062	0.0062	0.0062	0.0062	0.0062	0.0062	0.0062	0.0062	0.0062	0.0062	0.0062	0.0062	0.0062	0.0062	0.0062	0.0062	0.0062	0.0062	0.0062	0.0062	0.0062	0.0062	0.0062	0.0062	0.0062	0.0062	0.0062	0.0062	0.0062	0.0062	0.0062	0.0062	0.0062	0.0062	0.0062	0.0062	0.0062	0.0062	0.0062	0.0062	0.0062	0.0062	0.0062	0.0062	0.0062	0.0062	0.0062	0.0062	0.0062	0.0062	0.7897	0.7897	0.0182	0.0182	0.0182	0.0182	0.0182	0.0182	0.0182	0.0182	0.0182	0.0182	0.0182	0.0182	0.0182	0.0182	0.0182	0.0182	0.0182	0.0182	0.0182	0.0182	0.0182	0.0182	0.0182	0.0182	0.0182	0.0182	0.0182	0.0182	0.0182	0.0182	0.0182	0.0182	0.0182	0.0182	0.0182	0.0182	0.0182	0.0182	0.0182	0.0182	0.0182	0.0182	0.0182	0.0182	0.0182	0.0182	0.0182	0.0182	0.0182	0.0182	0.0182	0.0182	0.0182	0.0182	0.0182	0.0182	0.0182	0.0182	0.0182	0.0182	0.0182	0.0182	0.0182	0.0182	0.0182	0.0182	0.0182	0.0182	0.0182	0.0182	0.0182	0.0182	0.0182	0.0182	0.0182	0.0182	0.0182	0.0182	0.0182	0.0182	0.0182	0.0182	0.0182	0.0182	0.0182	0.0182	0.0182	0.0182	0.0182	0.0182	0.0182	0.0182	0.0182	0.0182	0.0182	0.0182	0.0182	0.0182	0.0182	0.0182	0.0182	0.0182	0.0182	0.0182	0.0182	0.0182	0.0182	0.0182	0.0182	0.0182	0.0182	0.0182	0.0182	0.0182	0.0182	0.0182	0.0182	0.0182	0.0182	0.0182	0.0182	0.0182	0.0182	0.0182	0.0182	0.0182	0.0182	0.0182	0.0182	0.0182	0.0182	0.0182	0.0182	0.0182	0.0182	0.0182	0.0182	0.0182	0.0182	0.0182	0.0182	0.0182	0.0182	0.0182	0.0182	0.0182	0.0182	0.0182	0.0182
14	0.0101	0.0101	0.0101	0.0101	0.0101	0.0101	0.0101	0.0101	0.0101	0.0101	0.0101	0.0101	0.0101	0.0101	0.0101	0.0101	0.0101	0.0101	0.0101	0.0101	0.0101	0.0101	0.0101	0.0101	0.0101	0.0101	0.0101	0.0101	0.0101	0.0101	0.0101	0.0101	0.0101	0.0101	0.0101	0.0101	0.0101	0.0101	0.0101	0.0101	0.0101	0.0101	0.0101	0.0101	0.0101	0.0101	0.0101	0.0101	0.0101	0.0101	0.0101	0.0101	0.0101	0.0101	0.0101	0.0101	0.0101	0.0101	0.0101	0.0101	0.0101	0.0101	0.0101	0.0101	0.0101	0.0101	0.0101	0.0101	0.0101	0.0101	0.0101	0.0101	0.0101	0.0101	0.0101	0.0101	0.0101	0.0101	0.0101	0.0101	0.0101	0.0101	0.0101	0.0101	0.0101	0.0101	0.0101	0.0101	0.0101	0.0101	0.0101	0.0101	0.0101	0.0101	0.0101	0.0101	0.0101	0.0101	0.0101	0.0101	0.0101	0.0101	0.0101	0.0101	0.0101	0.0101	0.0101	0.0101	0.0101	0.0101	0.0101	0.0101	0.0101	0.0101	0.0101	0.0101	0.0101	0.0101	0.0101	0.0101	0.0101	0.0101	0.0101	0.0101	0.0101	0.0101	0.0101	0.0101	0.0101	0.0101	0.0101	0.0101	0.0101	0.0101	0.0101	0.0101	0.0101	0.0101	0.0101	0.0101	0.0101	0.0101	0.0101	0.0101	0.0101	0.0101	0.0101	0.0101	0.0101	0.6659	0.6659	0.0023	0.0023	0.0023	0.0023	0.0023	0.0023	0.0023	0.0023	0.0023	0.0023	0.0023	0.0023	0.0023	0.0023	0.0023	0.0023	0.0023	0.0023	0.0023	0.0023	0.0023	0.0023	0.0023	0.0023	0.0023	0.0023	0.0023	0.0023	0.0023	0.0023	0.0023	0.0023	0.0023	0.0023	0.0023	0.0023	0.0023	0.0023	0.0023	0.0023	0.0023	0.0023	0.0023	0.0023	0.0023	0.0023	0.0023	0.0023	0.0023	0.0023	0.0023	0.0023	0.0023	0.0023	0.0023	0.0023	0.0023	0.0023	0.0023	0.0023	0.0023	0.0023	0.0023	0.0023	0.0023	0.0023	0.0023	0.0023	0.0023	0.0023	0.0023	0.0023	0.0023	0.0023	0.0023	0.0023	0.0023	0.0023	0.0023	0.0023	0.0023	0.0023	0.0023	0.0023	0.0023	0.0023	0.0023	0.0023	0.0023	0.0023	0.0023	0.0023	0.0023	0.0023	0.0023	0.0023	0.0023	0.0023	0.0023	0.0023	0.0023	0.0023	0.0023	0.0023	0.0023	0.0023	0.0023	0.0023	0.0023	0.0023	0.0023	0.0023	0.0023	0.0023	0.0023	0.0023	0.0023	0.0023	0.0023	0.0023	0.0023	0.0023	0.0023	0.0023	0.0023	0.0023	0.0023	0.0023	0.0023	0.0023	0.0023	0.0023	0.0023	0.0023	0.0023	0.0023	0.0023	0.0023	0.0023	0.0023	0.0023	0.0023	0.0023	0.0023	0.0023	0.0023	0.0023	0.0023	0.0023
15	0.0269	0.0269	0.0269	0.0269	0.0269	0.0269	0.0269	0.0269	0.0269	0.0269	0.0269	0.0269	0.0269	0.0269	0.0269	0.0269	0.0269	0.0269	0.0269	0.0269	0.0269	0.0269	0.0269	0.0269	0.0269	0.0269	0.0269	0.0269	0.0269	0.0269	0.0269	0.0269	0.0269	0.0269	0.0269	0.0269	0.0269	0.0269	0.0269	0.0269	0.0269	0.0269	0.0269	0.0269	0.0269	0.0269	0.0269	0.0269	0.0269	0.0269	0.0269	0.0269	0.0269	0.0269	0.0269	0.0269	0.0269	0.0269	0.0269	0.0269	0.0269	0.0269	0.0269	0.0269	0.0269	0.0269	0.0269	0.0269	0.0269	0.0269	0.0269	0.0269	0.0269	0.0269	0.0269	0.0269	0.0269	0.0269	0.0269	0.0269	0.0269	0.0269	0.0269	0.0269	0.0269	0.0269	0.0269	0.0269	0.0269	0.0269	0.0269	0.0269	0.0269	0.0269	0.0269	0.0269	0.0269	0.0269	0.0269	0.0269	0.0269	0.0269	0.0269	0.0269	0.0269	0.0269	0.0269	0.0269	0.0269	0.0269	0.0269	0.0269	0.0269	0.0269	0.0269	0.0269	0.0269	0.0269	0.0269	0.0269	0.0269	0.0269	0.0269	0.0269	0.0269	0.0269	0.0269	0.0269	0.0269	0.0269	0.0269	0.0269	0.0269	0.0269	0.0269	0.0269	0.0269	0.0269	0.0269	0.0269	0.0269	0.0269	0.0269	0.0269	0.0269	0.0269	0.0269	0.0269	0.0269	0.3078	0.3078	0.0029	0.0029	0.0029	0.0029	0.0029	0.0029	0.0029	0.0029	0.0029	0.0029	0.0029	0.0029	0.0029	0.0029	0.0029	0.0029	0.0029	0.0029	0.0029	0.0029	0.0029	0.0029	0.0029	0.0029	0.0029	0.0029	0.0029	0.0029	0.0029	0.0029	0.0029	0.0029	0.0029	0.0029	0.0029	0.0029	0.0029	0.0029	0.0029	0.0029	0.0029	0.0029	0.0029	0.0029	0.0029	0.0029	0.0029	0.0029	0.0029	0.0029	0.0029	0.0029	0.0029	0.0029	0.0029	0.0029	0.0029	0.0029	0.0029	0.0029	0.0029	0.0029	0.0029	0.0029	0.0029	0.0029	0.0029	0.0029	0.0029	0.0029	0.0029	0.0029	0.0029	0.0029	0.0029	0.0029	0.0029	0.0029	0.0029	0.0029	0.0029	0.0029	0.0029	0.0029	0.0029	0.0029	0.0029	0.0029	0.0029	0.0029	0.0029	0.0029	0.0029	0.0029	0.0029	0.0029	0.0029	0.0029	0.0029	0.0029	0.0029	0.0029	0.0029	0.0029	0.0029	0.0029	0.0029	0.0029	0.0029	0.0029	0.0029	0.0029	0.0029	0.0029	0.0029	0.0029	0.0029	0.0029	0.0029	0.0029	0.0029	0.0029	0.0029	0.0029	0.0029	0.0029	0.0029	0.0029	0.0029	0.0029	0.0029	0.0029	0.0029	0.0029	0.0029	0.0029	0.0029	0.0029	0.0029	0.0029	0.0029	0.0029	0.0029	0.0029	0.0029	0.0029	0.0029	0.0029	0.0029
16	0.0052	0.0052	0.0052	0.0052	0.0052	0.0052	0.0052	0.0052	0.0052	0.0052	0.0052	0.0052	0.0052	0.0052	0.0052	0.0052	0.0052	0.0052	0.0052	0.0052	0.0052	0.0052	0.0052	0.0052	0.0052	0.0052	0.0052	0.0052	0.0052	0.0052	0.0052	0.0052	0.0052	0.0052	0.0052	0.0052	0.0052	0.0052	0.0052	0.0052	0.0052	0.0052	0.0052	0.0052	0.0052	0.0052	0.0052	0.0052	0.0052	0.0052	0.0052	0.0052	0.0052	0.0052	0.0052	0.0052	0.0052	0.0052	0.0052	0.0052	0.0052	0.0052	0.0052	0.0052	0.0052	0.0052	0.0052	0.0052	0.0052	0.0052	0.0052	0.0052	0.0052	0.0052	0.0052	0.0052	0.0052	0.0052	0.0052	0.0052	0.0052	0.0052	0.0052	0.0052	0.0052	0.0052	0.0052	0.0052	0.0052	0.0052	0.0052	0.0052	0.0052	0.0052	0.0052	0.0052	0.0052	0.0052	0.0052	0.0052	0.0052	0.0052	0.0052	0.0052	0.0052	0.0052	0.0052	0.0052	0.0052	0.0052	0.0052	0.0052	0.0052	0.0052	0.0052	0.0052	0.0052	0.0052	0.0052	0.0052	0.0052	0.0052	0.0052	0.0052	0.0052	0.0052	0.0052	0.0052	0.0052	0.0052	0.0052	0.0052	0.0052	0.0052	0.0052	0.0052	0.0052	0.0052	0.0052	0.0052	0.0052	0.0052	0.0052	0.0052	0.0052	0.0052	0.0052	0.0052	0.0052	0.86	0.86	0.0152	0.0152	0.0152	0.0152	0.0152	0.0152	0.0152	0.0152	0.0152	0.0152	0.0152	0.0152	0.0152	0.0152	0.0152	0.0152	0.0152	0.0152	0.0152	0.0152	0.0152	0.0152	0.0152	0.0152	0.0152	0.0152	0.0152	0.0152	0.0152	0.0152	0.0152	0.0152	0.0152	0.0152	0.0152	0.0152	0.0152	0.0152	0.0152	0.0152	0.0152	0.0152	0.0152	0.0152	0.0152	0.0152	0.0152	0.0152	0.0152	0.0152	0.0152	0.0152	0.0152	0.0152	0.0152	0.0152	0.0152	0.0152	0.0152	0.0152	0.0152	0.0152	0.0152	0.0152	0.0152	0.0152	0.0152	0.0152	0.0152	0.0152	0.0152	0.0152	0.0152	0.0152	0.0152	0.0152	0.0152	0.0152	0.0152	0.0152	0.0152	0.0152	0.0152	0.0152	0.0152	0.0152	0.0152	0.0152	0.0152	0.0152	0.0152	0.0152	0.0152	0.0152	0.0152	0.0152	0.0152	0.0152	0.0152	0.0152	0.0152	0.0152	0.0152	0.0152	0.0152	0.0152	0.0152	0.0152	0.0152	0.0152	0.0152	0.0152	0.0152	0.0152	0.0152	0.0152	0.0152	0.0152	0.0152	0.0152	0.0152	0.0152	0.0152	0.0152	0.0152	0.0152	0.0152	0.0152	0.0152	0.0152	0.0152	0.0152	0.0152	0.0152	0.0152	0.0152	0.0152	0.0152	0.0152	0.0152	0.0152	0.0152	0.0152	0.0152	0.0152	0.0152	0.0152	0.0152	0.0152
17	0.0171	0.0171	0.0171	0.0171	0.0171	0.0171	0.0171	0.0171	0.0171	0.0171	0.0171	0.0171	0.0171	0.0171	0.0171	0.0171	0.0171	0.0171	0.0171	0.0171	0.0171	0.0171	0.0171	0.0171	0.0171	0.0171	0.0171	0.0171	0.0171	0.0171	0.0171	0.0171	0.0171	0.0171	0.0171	0.0171	0.0171	0.0171	0.0171	0.0171	0.0171	0.0171	0.0171	0.0171	0.0171	0.0171	0.0171	0.0171	0.0171	0.0171	0.0171	0.0171	0.0171	0.0171	0.0171	0.0171	0.0171	0.0171	0.0171	0.0171	0.0171	0.0171	0.0171	0.0171	0.0171	0.0171	0.0171	0.0171	0.0171	0.0171	0.0171	0.0171	0.0171	0.0171	0.0171	0.0171	0.0171	0.0171	0.0171	0.0171	0.0171	0.0171	0.0171	0.0171	0.0171	0.0171	0.0171	0.0171	0.0171	0.0171	0.0171	0.0171	0.0171	0.0171	0.0171	0.0171	0.0171	0.0171	0.0171	0.0171	0.0171	0.0171	0.0171	0.0171	0.0171	0.0171	0.0171	0.0171	0.0171	0.0171	0.0171	0.0171	0.0171	0.0171	0.0171	0.0171	0.0171	0.0171	0.0171	0.0171	0.0171	0.0171	0.0171	0.0171	0.0171	0.0171	0.0171	0.0171	0.0171	0.0171	0.0171	0.0171	0.0171	0.0171	0.0171	0.0171	0.0171	0.0171	0.0171	0.0171	0.0171	0.0171	0.0171	0.0171	0.0171	0.0171	0.0171	0.0171	0.0171	0.8639	0.8639	0.0011	0.0011	0.0011	0.0011	0.0011	0.0011	0.0011	0.0011	0.0011	0.0011	0.0011	0.0011	0.0011	0.0011	0.0011	0.0011	0.0011	0.0011	0.0011	0.0011	0.0011	0.0011	0.0011	0.0011	0.0011	0.0011	0.0011	0.0011	0.0011	0.0011	0.0011	0.0011	0.0011	0.0011	0.0011	0.0011	0.0011	0.0011	0.0011	0.0011	0.0011	0.0011	0.0011	0.0011	0.0011	0.0011	0.0011	0.0011	0.0011	0.0011	0.0011	0.0011	0.0011	0.0011	0.0011	0.0011	0.0011	0.0011	0.0011	0.0011	0.0011	0.0011	0.0011	0.0011	0.0011	0.0011	0.0011	0.0011	0.0011	0.0011	0.0011	0.0011	0.0011	0.0011	0.0011	0.0011	0.0011	0.0011	0.0011	0.0011	0.0011	0.0011	0.0011	0.0011	0.0011	0.0011	0.0011	0.0011	0.0011	0.0011	0.0011	0.0011	0.0011	0.0011	0.0011	0.0011	0.0011	0.0011	0.0011	0.0011	0.0011	0.0011	0.0011	0.0011	0.0011	0.0011	0.0011	0.0011	0.0011	0.0011	0.0011	0.0011	0.0011	0.0011	0.0011	0.0011	0.0011	0.0011	0.0011	0.0011	0.0011	0.0011	0.0011	0.0011	0.0011	0.0011	0.0011	0.0011	0.0011	0.0011	0.0011	0.0011	0.0011	0.0011	0.0011	0.0011	0.0011	0.0011	0.0011	0.0011	0.0011	0.0011	0.0011	0.0011	0.0011	0.0011	0.0011	0.0011	0.0011
18	0.0154	0.0154	0.0154	0.0154	0.0154	0.0154	0.0154	0.0154	0.0154	0.0154	0.0154	0.0154	0.0154	0.0154	0.0154	0.0154	0.0154	0.0154	0.0154	0.0154	0.0154	0.0154	0.0154	0.0154	0.0154	0.0154	0.0154	0.0154	0.0154	0.0154	0.0154	0.0154	0.0154	0.0154	0.0154	0.0154	0.0154	0.0154	0.0154	0.0154	0.0154	0.0154	0.0154	0.0154	0.0154	0.0154	0.0154	0.0154	0.0154	0.0154	0.0154	0.0154	0.0154	0.0154	0.0154	0.0154	0.0154	0.0154	0.0154	0.0154	0.0154	0.0154	0.0154	0.0154	0.0154	0.0154	0.0154	0.0154	0.0154	0.0154	0.0154	0.0154	0.0154	0.0154	0.0154	0.0154	0.0154	0.0154	0.0154	0.0154	0.0154	0.0154	0.0154	0.0154	0.0154	0.0154	0.0154	0.0154	0.0154	0.0154	0.0154	0.0154	0.0154	0.0154	0.0154	0.0154	0.0154	0.0154	0.0154	0.0154	0.0154	0.0154	0.0154	0.0154	0.0154	0.0154	0.0154	0.0154	0.0154	0.0154	0.0154	0.0154	0.0154	0.0154	0.0154	0.0154	0.0154	0.0154	0.0154	0.0154	0.0154	0.0154	0.0154	0.0154	0.0154	0.0154	0.0154	0.0154	0.0154	0.0154	0.0154	0.0154	0.0154	0.0154	0.0154	0.0154	0.0154	0.0154	0.0154	0.0154	0.0154	0.0154	0.0154	0.0154	0.0154	0.0154	0.0154	0.0154	0.0154	0.887	0.887	0.0028	0.0028	0.0028	0.0028	0.0028	0.0028	0.0028	0.0028	0.0028	0.0028	0.0028	0.0028	0.0028	0.0028	0.0028	0.0028	0.0028	0.0028	0.0028	0.0028	0.0028	0.0028	0.0028	0.0028	0.0028	0.0028	0.0028	0.0028	0.0028	0.0028	0.0028	0.0028	0.0028	0.0028	0.0028	0.0028	0.0028	0.0028	0.0028	0.0028	0.0028	0.0028	0.0028	0.0028	0.0028	0.0028	0.0028	0.0028	0.0028	0.0028	0.0028	0.0028	0.0028	0.0028	0.0028	0.0028	0.0028	0.0028	0.0028	0.0028	0.0028	0.0028	0.0028	0.0028	0.0028	0.0028	0.0028	0.0028	0.0028	0.0028	0.0028	0.0028	0.0028	0.0028	0.0028	0.0028	0.0028	0.0028	0.0028	0.0028	0.0028	0.0028	0.0028	0.0028	0.0028	0.0028	0.0028	0.0028	0.0028	0.0028	0.0028	0.0028	0.0028	0.0028	0.0028	0.0028	0.0028	0.0028	0.0028	0.0028	0.0028	0.0028	0.0028	0.0028	0.0028	0.0028	0.0028	0.0028	0.0028	0.0028	0.0028	0.0028	0.0028	0.0028	0.0028	0.0028	0.0028	0.0028	0.0028	0.0028	0.0028	0.0028	0.0028	0.0028	0.0028	0.0028	0.0028	0.0028	0.0028	0.0028	0.0028	0.0028	0.0028	0.0028	0.0028	0.0028	0.0028	0.0028	0.0028	0.0028	0.0028	0.0028	0.0028	0.0028	0.0028	0.0028	0.0028	0.0028	0.0028
19	0.0117	0.0117	0.0117	0.0117	0.0117	0.0117	0.0117	0.0117	0.0117	0.0117	0.0117	0.0117	0.0117	0.0117	0.0117	0.0117	0.0117	0.0117	0.0117	0.0117	0.0117	0.0117	0.0117	0.0117	0.0117	0.0117	0.0117	0.0117	0.0117	0.0117	0.0117	0.0117	0.0117	0.0117	0.0117	0.0117	0.0117	0.0117	0.0117	0.0117	0.0117	0.0117	0.0117	0.0117	0.0117	0.0117	0.0117	0.0117	0.0117	0.0117	0.0117	0.0117	0.0117	0.0117	0.0117	0.0117	0.0117	0.0117	0.0117	0.0117	0.0117	0.0117	0.0117	0.0117	0.0117	0.0117	0.0117	0.0117	0.0117	0.0117	0.0117	0.0117	0.0117	0.0117	0.0117	0.0117	0.0117	0.0117	0.0117	0.0117	0.0117	0.0117	0.0117	0.0117	0.0117	0.0117	0.0117	0.0117	0.0117	0.0117	0.0117	0.0117	0.0117	0.0117	0.0117	0.0117	0.0117	0.0117	0.0117	0.0117	0.0117	0.0117	0.0117	0.0117	0.0117	0.0117	0.0117	0.0117	0.0117	0.0117	0.0117	0.0117	0.0117	0.0117	0.0117	0.0117	0.0117	0.0117	0.0117	0.0117	0.0117	0.0117	0.0117	0.0117	0.0117	0.0117	0.0117	0.0117	0.0117	0.0117	0.0117	0.0117	0.0117	0.0117	0.0117	0.0117	0.0117	0.0117	0.0117	0.0117	0.0117	0.0117	0.0117	0.0117	0.0117	0.0117	0.0117	0.0117	0.0117	0.8855	0.8855	0.0034	0.0034	0.0034	0.0034	0.0034	0.0034	0.0034	0.0034	0.0034	0.0034	0.0034	0.0034	0.0034	0.0034	0.0034	0.0034	0.0034	0.0034	0.0034	0.0034	0.0034	0.0034	0.0034	0.0034	0.0034	0.0034	0.0034	0.0034	0.0034	0.0034	0.0034	0.0034	0.0034	0.0034	0.0034	0.0034	0.0034	0.0034	0.0034	0.0034	0.0034	0.0034	0.0034	0.0034	0.0034	0.0034	0.0034	0.0034	0.0034	0.0034	0.0034	0.0034	0.0034	0.0034	0.0034	0.0034	0.0034	0.0034	0.0034	0.0034	0.0034	0.0034	0.0034	0.0034	0.0034	0.0034	0.0034	0.0034	0.0034	0.0034	0.0034	0.0034	0.0034	0.0034	0.0034	0.0034	0.0034	0.0034	0.0034	0.0034	0.0034	0.0034	0.0034	0.0034	0.0034	0.0034	0.0034	0.0034	0.0034	0.0034	0.0034	0.0034	0.0034	0.0034	0.0034	0.0034	0.0034	0.0034	0.0034	0.0034	0.0034	0.0034	0.0034	0.0034	0.0034	0.0034	0.0034	0.0034	0.0034	0.0034	0.0034	0.0034	0.0034	0.0034	0.0034	0.0034	0.0034	0.0034	0.0034	0.0034	0.0034	0.0034	0.0034	0.0034	0.0034	0.0034	0.0034	0.0034	0.0034	0.0034	0.0034	0.0034	0.0034	0.0034	0.0034	0.0034	0.0034	0.0034	0.0034	0.0034	0.0034	0.0034	0.0034	0.0034	0.0034	0.0034	0.0034	0.0034	0.0034
20	0.009	0.009	0.009	0.009	0.009	0.009	0.009	0.009	0.009	0.009	0.009	0.009	0.009	0.009	0.009	0.009	0.009	0.009	0.009	0.009	0.009	0.009	0.009	0.009	0.009	0.009	0.009	0.009	0.009	0.009	0.009	0.009	0.009	0.009	0.009	0.009	0.009	0.009	0.009	0.009	0.009	0.009	0.009	0.009	0.009	0.009	0.009	0.009	0.009	0.009	0.009	0.009	0.009	0.009	0.009	0.009	0.009	0.009	0.009	0.009	0.009	0.009	0.009	0.009	0.009	0.009	0.009	0.009	0.009	0.009	0.009	0.009	0.009	0.009	0.009	0.009	0.009	0.009	0.009	0.009	0.009	0.009	0.009	0.009	0.009	0.009	0.009	0.009	0.009	0.009	0.009	0.009	0.009	0.009	0.009	0.009	0.009	0.009	0.009	0.009	0.009	0.009	0.009	0.009	0.009	0.009	0.009	0.009	0.009	0.009	0.009	0.009	0.009	0.009	0.009	0.009	0.009	0.009	0.009	0.009	0.009	0.009	0.009	0.009	0.009	0.009	0.009	0.009	0.009	0.009	0.009	0.009	0.009	0.009	0.009	0.009	0.009	0.009	0.009	0.009	0.009	0.009	0.009	0.009	0.009	0.009	0.009	0.009	0.009	0.6529	0.6529	0.0158	0.0158	0.0158	0.0158	0.0158	0.0158	0.0158	0.0158	0.0158	0.0158	0.0158	0.0158	0.0158	0.0158	0.0158	0.0158	0.0158	0.0158	0.0158	0.0158	0.0158	0.0158	0.0158	0.0158	0.0158	0.0158	0.0158	0.0158	0.0158	0.0158	0.0158	0.0158	0.0158	0.0158	0.0158	0.0158	0.0158	0.0158	0.0158	0.0158	0.0158	0.0158	0.0158	0.0158	0.0158	0.0158	0.0158	0.0158	0.0158	0.0158	0.0158	0.0158	0.0158	0.0158	0.0158	0.0158	0.0158	0.0158	0.0158	0.0158	0.0158	0.0158	0.0158	0.0158	0.0158	0.0158	0.0158	0.0158	0.0158	0.0158	0.0158	0.0158	0.0158	0.0158	0.0158	0.0158	0.0158	0.0158	0.0158	0.0158	0.0158	0.0158	0.0158	0.0158	0.0158	0.0158	0.0158	0.0158	0.0158	0.0158	0.0158	0.0158	0.0158	0.0158	0.0158	0.0158	0.0158	0.0158	0.0158	0.0158	0.0158	0.0158	0.0158	0.0158	0.0158	0.0158	0.0158	0.0158	0.0158	0.0158	0.0158	0.0158	0.0158	0.0158	0.0158	0.0158	0.0158	0.0158	0.0158	0.0158	0.0158	0.0158	0.0158	0.0158	0.0158	0.0158	0.0158	0.0158	0.0158	0.0158	0.0158	0.0158	0.0158	0.0158	0.0158	0.0158	0.0158	0.0158	0.0158	0.0158	0.0158	0.0158	0.0158	0.0158	0.0158	0.0158	0.0158	0.0158	0.0158
21	0.0016	0.0016	0.0016	0.0016	0.0016	0.0016	0.0016	0.0016	0.0016	0.0016	0.0016	0.0016	0.0016	0.0016	0.0016	0.0016	0.0016	0.0016	0.0016	0.0016	0.0016	0.0016	0.0016	0.0016	0.0016	0.0016	0.0016	0.0016	0.0016	0.0016	0.0016	0.0016	0.0016	0.0016	0.0016	0.0016	0.0016	0.0016	0.0016	0.0016	0.0016	0.0016	0.0016	0.0016	0.0016	0.0016	0.0016	0.0016	0.0016	0.0016	0.0016	0.0016	0.0016	0.0016	0.0016	0.0016	0.0016	0.0016	0.0016	0.0016	0.0016	0.0016	0.0016	0.0016	0.0016	0.0016	0.0016	0.0016	0.0016	0.0016	0.0016	0.0016	0.0016	0.0016	0.0016	0.0016	0.0016	0.0016	0.0016	0.0016	0.0016	0.0016	0.0016	0.0016	0.0016	0.0016	0.0016	0.0016	0.0016	0.0016	0.0016	0.0016	0.0016	0.0016	0.0016	0.0016	0.0016	0.0016	0.0016	0.0016	0.0016	0.0016	0.0016	0.0016	0.0016	0.0016	0.0016	0.0016	0.0016	0.0016	0.0016	0.0016	0.0016	0.0016	0.0016	0.0016	0.0016	0.0016	0.0016	0.0016	0.0016	0.0016	0.0016	0.0016	0.0016	0.0016	0.0016	0.0016	0.0016	0.0016	0.0016	0.0016	0.0016	0.0016	0.0016	0.0016	0.0016	0.0016	0.0016	0.0016	0.0016	0.0016	0.0016	0.0016	0.0016	0.0016	0.0016	0.0016	0.0016	0.8763	0.8763	0.0145	0.0145	0.0145	0.0145	0.0145	0.0145	0.0145	0.0145	0.0145	0.0145	0.0145	0.0145	0.0145	0.0145	0.0145	0.0145	0.0145	0.0145	0.0145	0.0145	0.0145	0.0145	0.0145	0.0145	0.0145	0.0145	0.0145	0.0145	0.0145	0.0145	0.0145	0.0145	0.0145	0.0145	0.0145	0.0145	0.0145	0.0145	0.0145	0.0145	0.0145	0.0145	0.0145	0.0145	0.0145	0.0145	0.0145	0.0145	0.0145	0.0145	0.0145	0.0145	0.0145	0.0145	0.0145	0.0145	0.0145	0.0145	0.0145	0.0145	0.0145	0.0145	0.0145	0.0145	0.0145	0.0145	0.0145	0.0145	0.0145	0.0145	0.0145	0.0145	0.0145	0.0145	0.0145	0.0145	0.0145	0.0145	0.0145	0.0145	0.0145	0.0145	0.0145	0.0145	0.0145	0.0145	0.0145	0.0145	0.0145	0.0145	0.0145	0.0145	0.0145	0.0145	0.0145	0.0145	0.0145	0.0145	0.0145	0.0145	0.0145	0.0145	0.0145	0.0145	0.0145	0.0145	0.0145	0.0145	0.0145	0.0145	0.0145	0.0145	0.0145	0.0145	0.0145	0.0145	0.0145	0.0145	0.0145	0.0145	0.0145	0.0145	0.0145	0.0145	0.0145	0.0145	0.0145	0.0145	0.0145	0.0145	0.0145	0.0145	0.0145	0.0145	0.0145	0.0145	0.0145	0.0145	0.0145	0.0145	0.0145	0.0145	0.0145	0.0145	0.0145	0.0145	0.0145	0.0145	0.0145
22	0.0016	0.0016	0.0016	0.0016	0.0016	0.0016	0.0016	0.0016	0.0016	0.0016	0.0016	0.0016	0.0016	0.0016	0.0016	0.0016	0.0016	0.0016	0.0016	0.0016	0.0016	0.0016	0.0016	0.0016	0.0016	0.0016	0.0016	0.0016	0.0016	0.0016	0.0016	0.0016	0.0016	0.0016	0.0016	0.0016	0.0016	0.0016	0.0016	0.0016	0.0016	0.0016	0.0016	0.0016	0.0016	0.0016	0.0016	0.0016	0.0016	0.0016	0.0016	0.0016	0.0016	0.0016	0.0016	0.0016	0.0016	0.0016	0.0016	0.0016	0.0016	0.0016	0.0016	0.0016	0.0016	0.0016	0.0016	0.0016	0.0016	0.0016	0.0016	0.0016	0.0016	0.0016	0.0016	0.0016	0.0016	0.0016	0.0016	0.0016	0.0016	0.0016	0.0016	0.0016	0.0016	0.0016	0.0016	0.0016	0.0016	0.0016	0.0016	0.0016	0.0016	0.0016	0.0016	0.0016	0.0016	0.0016	0.0016	0.0016	0.0016	0.0016	0.0016	0.0016	0.0016	0.0016	0.0016	0.0016	0.0016	0.0016	0.0016	0.0016	0.0016	0.0016	0.0016	0.0016	0.0016	0.0016	0.0016	0.0016	0.0016	0.0016	0.0016	0.0016	0.0016	0.0016	0.0016	0.0016	0.0016	0.0016	0.0016	0.0016	0.0016	0.0016	0.0016	0.0016	0.0016	0.0016	0.0016	0.0016	0.0016	0.0016	0.0016	0.0016	0.0016	0.0016	0.0016	0.0016	0.0016	0.2644	0.2644	0.0021	0.0021	0.0021	0.0021	0.0021	0.0021	0.0021	0.0021	0.0021	0.0021	0.0021	0.0021	0.0021	0.0021	0.0021	0.0021	0.0021	0.0021	0.0021	0.0021	0.0021	0.0021	0.0021	0.0021	0.0021	0.0021	0.0021	0.0021	0.0021	0.0021	0.0021	0.0021	0.0021	0.0021	0.0021	0.0021	0.0021	0.0021	0.0021	0.0021	0.0021	0.0021	0.0021	0.0021	0.0021	0.0021	0.0021	0.0021	0.0021	0.0021	0.0021	0.0021	0.0021	0.0021	0.0021	0.0021	0.0021	0.0021	0.0021	0.0021	0.0021	0.0021	0.0021	0.0021	0.0021	0.0021	0.0021	0.0021	0.0021	0.0021	0.0021	0.0021	0.0021	0.0021	0.0021	0.0021	0.0021	0.0021	0.0021	0.0021	0.0021	0.0021	0.0021	0.0021	0.0021	0.0021	0.0021	0.0021	0.0021	0.0021	0.0021	0.0021	0.0021	0.0021	0.0021	0.0021	0.0021	0.0021	0.0021	0.0021	0.0021	0.0021	0.0021	0.0021	0.0021	0.0021	0.0021	0.0021	0.0021	0.0021	0.0021	0.0021	0.0021	0.0021	0.0021	0.0021	0.0021	0.0021	0.0021	0.0021	0.0021	0.0021	0.0021	0.0021	0.0021	0.0021	0.0021	0.0021	0.0021	0.0021	0.0021	0.0021	0.0021	0.0021	0.0021	0.0021	0.0021	0.0021	0.0021	0.0021	0.0021	0.0021	0.0021	0.0021	0.0021	0.0021	0.0021	0.0021	0.0021
23	0.0199	0.0199	0.0199	0.0199	0.0199	0.0199	0.0199	0.0199	0.0199	0.0199	0.0199	0.0199	0.0199	0.0199	0.0199	0.0199	0.0199	0.0199	0.0199	0.0199	0.0199	0.0199	0.0199	0.0199	0.0199	0.0199	0.0199	0.0199	0.0199	0.0199	0.0199	0.0199	0.0199	0.0199	0.0199	0.0199	0.0199	0.0199	0.0199	0.0199	0.0199	0.0199	0.0199	0.0199	0.0199	0.0199	0.0199	0.0199	0.0199	0.0199	0.0199	0.0199	0.0199	0.0199	0.0199	0.0199	0.0199	0.0199	0.0199	0.0199	0.0199	0.0199	0.0199	0.0199	0.0199	0.0199	0.0199	0.0199	0.0199	0.0199	0.0199	0.0199	0.0199	0.0199	0.0199	0.0199	0.0199	0.0199	0.0199	0.0199	0.0199	0.0199	0.0199	0.0199	0.0199	0.0199	0.0199	0.0199	0.0199	0.0199	0.0199	0.0199	0.0199	0.0199	0.0199	0.0199	0.0199	0.0199	0.0199	0.0199	0.0199	0.0199	0.0199	0.0199	0.0199	0.0199	0.0199	0.0199	0.0199	0.0199	0.0199	0.0199	0.0199	0.0199	0.0199	0.0199	0.0199	0.0199	0.0199	0.0199	0.0199	0.0199	0.0199	0.0199	0.0199	0.0199	0.0199	0.0199	0.0199	0.0199	0.0199	0.0199	0.0199	0.0199	0.0199	0.0199	0.0199	0.0199	0.0199	0.0199	0.0199	0.0199	0.0199	0.0199	0.0199	0.0199	0.0199	0.0199	0.0199	0.8142	0.8142	0.0083	0.0083	0.0083	0.0083	0.0083	0.0083	0.0083	0.0083	0.0083	0.0083	0.0083	0.0083	0.0083	0.0083	0.0083	0.0083	0.0083	0.0083	0.0083	0.0083	0.0083	0.0083	0.0083	0.0083	0.0083	0.0083	0.0083	0.0083	0.0083	0.0083	0.0083	0.0083	0.0083	0.0083	0.0083	0.0083	0.0083	0.0083	0.0083	0.0083	0.0083	0.0083	0.0083	0.0083	0.0083	0.0083	0.0083	0.0083	0.0083	0.0083	0.0083	0.0083	0.0083	0.0083	0.0083	0.0083	0.0083	0.0083	0.0083	0.0083	0.0083	0.0083	0.0083	0.0083	0.0083	0.0083	0.0083	0.0083	0.0083	0.0083	0.0083	0.0083	0.0083	0.0083	0.0083	0.0083	0.0083	0.0083	0.0083	0.0083	0.0083	0.0083	0.0083	0.0083	0.0083	0.0083	0.0083	0.0083	0.0083	0.0083	0.0083	0.0083	0.0083	0.0083	0.0083	0.0083	0.0083	0.0083	0.0083	0.0083	0.0083	0.0083	0.0083	0.0083	0.0083	0.0083	0.0083	0.0083	0.0083	0.0083	0.0083	0.0083	0.0083	0.0083	0.0083	0.0083	0.0083	0.0083	0.0083	0.0083	0.0083	0.0083	0.0083	0.0083	0.0083	0.0083	0.0083	0.0083	0.0083	0.0083	0.0083	0.0083	0.0083	0.0083	0.0083	0.0083	0.0083	0.0083	0.0083	0.0083	0.0083	0.0083	0.0083	0.0083	0.0083	0.0083	0.0083	0.0083	0.0083
24	0.0059	0.0059	0.0059	0.0059	0.0059	0.0059	0.0059	0.0059	0.0059	0.0059	0.0059	0.0059	0.0059	0.0059	0.0059	0.0059	0.0059	0.0059	0.0059	0.0059	0.0059	0.0059	0.0059	0.0059	0.0059	0.0059	0.0059	0.0059	0.0059	0.0059	0.0059	0.0059	0.0059	0.0059	0.0059	0.0059	0.0059	0.0059	0.0059	0.0059	0.0059	0.0059	0.0059	0.0059	0.0059	0.0059	0.0059	0.0059	0.0059	0.0059	0.0059	0.0059	0.0059	0.0059	0.0059	0.0059	0.0059	0.0059	0.0059	0.0059	0.0059	0.0059	0.0059	0.0059	0.0059	0.0059	0.0059	0.0059	0.0059	0.0059	0.0059	0.0059	0.0059	0.0059	0.0059	0.0059	0.0059	0.0059	0.0059	0.0059	0.0059	0.0059	0.0059	0.0059	0.0059	0.0059	0.0059	0.0059	0.0059	0.0059	0.0059	0.0059	0.0059	0.0059	0.0059	0.0059	0.0059	0.0059	0.0059	0.0059	0.0059	0.0059	0.0059	0.0059	0.0059	0.0059	0.0059	0.0059	0.0059	0.0059	0.0059	0.0059	0.0059	0.0059	0.0059	0.0059	0.0059	0.0059	0.0059	0.0059	0.0059	0.0059	0.0059	0.0059	0.0059	0.0059	0.0059	0.0059	0.0059	0.0059	0.0059	0.0059	0.0059	0.0059	0.0059	0.0059	0.0059	0.0059	0.0059	0.0059	0.0059	0.0059	0.0059	0.0059	0.0059	0.0059	0.0059	0.0059	0.0059	0.2586	0.2586	0.9022	0.9022	0.9022	0.9022	0.9022	0.9022	0.9022	0.9022	0.9022	0.9022	0.9022	0.9022	0.9022	0.9022	0.9022	0.9022	0.9022	0.9022	0.9022	0.9022	0.9022	0.9022	0.9022	0.9022	0.9022	0.9022	0.9022	0.9022	0.9022	0.9022	0.9022	0.9022	0.9022	0.9022	0.9022	0.9022	0.9022	0.9022	0.9022	0.9022	0.9022	0.9022	0.9022	0.9022	0.9022	0.9022	0.9022	0.9022	0.9022	0.9022	0.9022	0.9022	0.9022	0.9022	0.9022	0.9022	0.9022	0.9022	0.9022	0.9022	0.9022	0.9022	0.9022	0.9022	0.9022	0.9022	0.9022	0.9022	0.9022	0.9022	0.9022	0.9022	0.9022	0.9022	0.9022	0.9022	0.9022	0.9022	0.9022	0.9022	0.9022	0.9022	0.9022	0.9022	0.9022	0.9022	0.9022	0.9022	0.9022	0.9022	0.9022	0.9022	0.9022	0.9022	0.9022	0.9022	0.9022	0.9022	0.9022	0.9022	0.9022	0.9022	0.9022	0.9022	0.9022	0.9022	0.9022	0.9022	0.9022	0.9022	0.9022	0.9022	0.9022	0.9022	0.9022	0.9022	0.9022	0.9022	0.9022	0.9022	0.9022	0.9022	0.9022	0.9022	0.9022	0.9022	0.9022	0.9022	0.9022	0.9022	0.9022	0.9022	0.9022	0.9022	0.9022	0.9022	0.9022	0.9022	0.9022	0.9022	0.9022	0.9022	0.9022	0.9022	0.9022	0.9022	0.9022	0.9022	0.9022
25	0.0024	0.0024	0.0024	0.0024	0.0024	0.0024	0.0024	0.0024	0.0024	0.0024	0.0024	0.0024	0.0024	0.0024	0.0024	0.0024	0.0024	0.0024	0.0024	0.0024	0.0024	0.0024	0.0024	0.0024	0.0024	0.0024	0.0024	0.0024	0.0024	0.0024	0.0024	0.0024	0.0024	0.0024	0.0024	0.0024	0.0024	0.0024	0.0024	0.0024	0.0024	0.0024	0.0024	0.0024	0.0024	0.0024	0.0024	0.0024	0.0024	0.0024	0.0024	0.0024	0.0024	0.0024	0.0024	0.0024	0.0024	0.0024	0.0024	0.0024	0.0024	0.0024	0.0024	0.0024	0.0024	0.0024	0.0024	0.0024	0.0024	0.0024	0.0024	0.0024	0.0024	0.0024	0.0024	0.0024	0.0024	0.0024	0.0024	0.0024	0.0024	0.0024	0.0024	0.0024	0.0024	0.0024	0.0024	0.0024	0.0024	0.0024	0.0024	0.0024	0.0024	0.0024	0.0024	0.0024	0.0024	0.0024	0.0024	0.0024	0.0024	0.0024	0.0024	0.0024	0.0024	0.0024	0.0024	0.0024	0.0024	0.0024	0.0024	0.0024	0.0024	0.0024	0.0024	0.0024	0.0024	0.0024	0.0024	0.0024	0.0024	0.0024	0.0024	0.0024	0.0024	0.0024	0.0024	0.0024	0.0024	0.0024	0.0024	0.0024	0.0024	0.0024	0.0024	0.0024	0.0024	0.0024	0.0024	0.0024	0.0024	0.0024	0.0024	0.0024	0.0024	0.0024	0.0024	0.0024	0.0024	0.111	0.111	0.9668	0.9668	0.9668	0.9668	0.9668	0.9668	0.9668	0.9668	0.9668	0.9668	0.9668	0.9668	0.9668	0.9668	0.9668	0.9668	0.9668	0.9668	0.9668	0.9668	0.9668	0.9668	0.9668	0.9668	0.9668	0.9668	0.9668	0.9668	0.9668	0.9668	0.9668	0.9668	0.9668	0.9668	0.9668	0.9668	0.9668	0.9668	0.9668	0.9668	0.9668	0.9668	0.9668	0.9668	0.9668	0.9668	0.9668	0.9668	0.9668	0.9668	0.9668	0.9668	0.9668	0.9668	0.9668	0.9668	0.9668	0.9668	0.9668	0.9668	0.9668	0.9668	0.9668	0.9668	0.9668	0.9668	0.9668	0.9668	0.9668	0.9668	0.9668	0.9668	0.9668	0.9668	0.9668	0.9668	0.9668	0.9668	0.9668	0.9668	0.9668	0.9668	0.9668	0.9668	0.9668	0.9668	0.9668	0.9668	0.9668	0.9668	0.9668	0.9668	0.9668	0.9668	0.9668	0.9668	0.9668	0.9668	0.9668	0.9668	0.9668	0.9668	0.9668	0.9668	0.9668	0.9668	0.9668	0.9668	0.9668	0.9668	0.9668	0.9668	0.9668	0.9668	0.9668	0.9668	0.9668	0.9668	0.9668	0.9668	0.9668	0.9668	0.9668	0.9668	0.9668	0.9668	0.9668	0.9668	0.9668	0.9668	0.9668	0.9668	0.9668	0.9668	0.9668	0.9668	0.9668	0.9668	0.9668	0.9668	0.9668	0.9668	0.9668	0.9668	0.9668	0.9668	0.9668	0.9668	0.9668
26	0.0054	0.0054	0.0054	0.0054	0.0054	0.0054	0.0054	0.0054	0.0054	0.0054	0.0054	0.0054	0.0054	0.0054	0.0054	0.0054	0.0054	0.0054	0.0054	0.0054	0.0054	0.0054	0.0054	0.0054	0.0054	0.0054	0.0054	0.0054	0.0054	0.0054	0.0054	0.0054	0.0054	0.0054	0.0054	0.0054	0.0054	0.0054	0.0054	0.0054	0.0054	0.0054	0.0054	0.0054	0.0054	0.0054	0.0054	0.0054	0.0054	0.0054	0.0054	0.0054	0.0054	0.0054	0.0054	0.0054	0.0054	0.0054	0.0054	0.0054	0.0054	0.0054	0.0054	0.0054	0.0054	0.0054	0.0054	0.0054	0.0054	0.0054	0.0054	0.0054	0.0054	0.0054	0.0054	0.0054	0.0054	0.0054	0.0054	0.0054	0.0054	0.0054	0.0054	0.0054	0.0054	0.0054	0.0054	0.0054	0.0054	0.0054	0.0054	0.0054	0.0054	0.0054	0.0054	0.0054	0.0054	0.0054	0.0054	0.0054	0.0054	0.0054	0.0054	0.0054	0.0054	0.0054	0.0054	0.0054	0.0054	0.0054	0.0054	0.0054	0.0054	0.0054	0.0054	0.0054	0.0054	0.0054	0.0054	0.0054	0.0054	0.0054	0.0054	0.0054	0.0054	0.0054	0.0054	0.0054	0.0054	0.0054	0.0054	0.0054	0.0054	0.0054	0.0054	0.0054	0.0054	0.0054	0.0054	0.0054	0.0054	0.0054	0.0054	0.0054	0.0054	0.0054	0.0054	0.0054	0.0054	0.1648	0.1648	0.8724	0.8724	0.8724	0.8724	0.8724	0.8724	0.8724	0.8724	0.8724	0.8724	0.8724	0.8724	0.8724	0.8724	0.8724	0.8724	0.8724	0.8724	0.8724	0.8724	0.8724	0.8724	0.8724	0.8724	0.8724	0.8724	0.8724	0.8724	0.8724	0.8724	0.8724	0.8724	0.8724	0.8724	0.8724	0.8724	0.8724	0.8724	0.8724	0.8724	0.8724	0.8724	0.8724	0.8724	0.8724	0.8724	0.8724	0.8724	0.8724	0.8724	0.8724	0.8724	0.8724	0.8724	0.8724	0.8724	0.8724	0.8724	0.8724	0.8724	0.8724	0.8724	0.8724	0.8724	0.8724	0.8724	0.8724	0.8724	0.8724	0.8724	0.8724	0.8724	0.8724	0.8724	0.8724	0.8724	0.8724	0.8724	0.8724	0.8724	0.8724	0.8724	0.8724	0.8724	0.8724	0.8724	0.8724	0.8724	0.8724	0.8724	0.8724	0.8724	0.8724	0.8724	0.8724	0.8724	0.8724	0.8724	0.8724	0.8724	0.8724	0.8724	0.8724	0.8724	0.8724	0.8724	0.8724	0.8724	0.8724	0.8724	0.8724	0.8724	0.8724	0.8724	0.8724	0.8724	0.8724	0.8724	0.8724	0.8724	0.8724	0.8724	0.8724	0.8724	0.8724	0.8724	0.8724	0.8724	0.8724	0.8724	0.8724	0.8724	0.8724	0.8724	0.8724	0.8724	0.8724	0.8724	0.8724	0.8724	0.8724	0.8724	0.8724	0.8724	0.8724	0.8724	0.8724	0.8724	0.8724
27	0.0238	0.0238	0.0238	0.0238	0.0238	0.0238	0.0238	0.0238	0.0238	0.0238	0.0238	0.0238	0.0238	0.0238	0.0238	0.0238	0.0238	0.0238	0.0238	0.0238	0.0238	0.0238	0.0238	0.0238	0.0238	0.0238	0.0238	0.0238	0.0238	0.0238	0.0238	0.0238	0.0238	0.0238	0.0238	0.0238	0.0238	0.0238	0.0238	0.0238	0.0238	0.0238	0.0238	0.0238	0.0238	0.0238	0.0238	0.0238	0.0238	0.0238	0.0238	0.0238	0.0238	0.0238	0.0238	0.0238	0.0238	0.0238	0.0238	0.0238	0.0238	0.0238	0.0238	0.0238	0.0238	0.0238	0.0238	0.0238	0.0238	0.0238	0.0238	0.0238	0.0238	0.0238	0.0238	0.0238	0.0238	0.0238	0.0238	0.0238	0.0238	0.0238	0.0238	0.0238	0.0238	0.0238	0.0238	0.0238	0.0238	0.0238	0.0238	0.0238	0.0238	0.0238	0.0238	0.0238	0.0238	0.0238	0.0238	0.0238	0.0238	0.0238	0.0238	0.0238	0.0238	0.0238	0.0238	0.0238	0.0238	0.0238	0.0238	0.0238	0.0238	0.0238	0.0238	0.0238	0.0238	0.0238	0.0238	0.0238	0.0238	0.0238	0.0238	0.0238	0.0238	0.0238	0.0238	0.0238	0.0238	0.0238	0.0238	0.0238	0.0238	0.0238	0.0238	0.0238	0.0238	0.0238	0.0238	0.0238	0.0238	0.0238	0.0238	0.0238	0.0238	0.0238	0.0238	0.0238	0.0238	0.15	0.15	0.9501	0.9501	0.9501	0.9501	0.9501	0.9501	0.9501	0.9501	0.9501	0.9501	0.9501	0.9501	0.9501	0.9501	0.9501	0.9501	0.9501	0.9501	0.9501	0.9501	0.9501	0.9501	0.9501	0.9501	0.9501	0.9501	0.9501	0.9501	0.9501	0.9501	0.9501	0.9501	0.9501	0.9501	0.9501	0.9501	0.9501	0.9501	0.9501	0.9501	0.9501	0.9501	0.9501	0.9501	0.9501	0.9501	0.9501	0.9501	0.9501	0.9501	0.9501	0.9501	0.9501	0.9501	0.9501	0.9501	0.9501	0.9501	0.9501	0.9501	0.9501	0.9501	0.9501	0.9501	0.9501	0.9501	0.9501	0.9501	0.9501	0.9501	0.9501	0.9501	0.9501	0.9501	0.9501	0.9501	0.9501	0.9501	0.9501	0.9501	0.9501	0.9501	0.9501	0.9501	0.9501	0.9501	0.9501	0.9501	0.9501	0.9501	0.9501	0.9501	0.9501	0.9501	0.9501	0.9501	0.9501	0.9501	0.9501	0.9501	0.9501	0.9501	0.9501	0.9501	0.9501	0.9501	0.9501	0.9501	0.9501	0.9501	0.9501	0.9501	0.9501	0.9501	0.9501	0.9501	0.9501	0.9501	0.9501	0.9501	0.9501	0.9501	0.9501	0.9501	0.9501	0.9501	0.9501	0.9501	0.9501	0.9501	0.9501	0.9501	0.9501	0.9501	0.9501	0.9501	0.9501	0.9501	0.9501	0.9501	0.9501	0.9501	0.9501	0.9501	0.9501	0.9501	0.9501	0.9501	0.9501
28	0.0052	0.0052	0.0052	0.0052	0.0052	0.0052	0.0052	0.0052	0.0052	0.0052	0.0052	0.0052	0.0052	0.0052	0.0052	0.0052	0.0052	0.0052	0.0052	0.0052	0.0052	0.0052	0.0052	0.0052	0.0052	0.0052	0.0052	0.0052	0.0052	0.0052	0.0052	0.0052	0.0052	0.0052	0.0052	0.0052	0.0052	0.0052	0.0052	0.0052	0.0052	0.0052	0.0052	0.0052	0.0052	0.0052	0.0052	0.0052	0.0052	0.0052	0.0052	0.0052	0.0052	0.0052	0.0052	0.0052	0.0052	0.0052	0.0052	0.0052	0.0052	0.0052	0.0052	0.0052	0.0052	0.0052	0.0052	0.0052	0.0052	0.0052	0.0052	0.0052	0.0052	0.0052	0.0052	0.0052	0.0052	0.0052	0.0052	0.0052	0.0052	0.0052	0.0052	0.0052	0.0052	0.0052	0.0052	0.0052	0.0052	0.0052	0.0052	0.0052	0.0052	0.0052	0.0052	0.0052	0.0052	0.0052	0.0052	0.0052	0.0052	0.0052	0.0052	0.0052	0.0052	0.0052	0.0052	0.0052	0.0052	0.0052	0.0052	0.0052	0.0052	0.0052	0.0052	0.0052	0.0052	0.0052	0.0052	0.0052	0.0052	0.0052	0.0052	0.0052	0.0052	0.0052	0.0052	0.0052	0.0052	0.0052	0.0052	0.0052	0.0052	0.0052	0.0052	0.0052	0.0052	0.0052	0.0052	0.0052	0.0052	0.0052	0.0052	0.0052	0.0052	0.0052	0.0052	0.0052	0.0052	0.2657	0.2657	0.8649	0.8649	0.8649	0.8649	0.8649	0.8649	0.8649	0.8649	0.8649	0.8649	0.8649	0.8649	0.8649	0.8649	0.8649	0.8649	0.8649	0.8649	0.8649	0.8649	0.8649	0.8649	0.8649	0.8649	0.8649	0.8649	0.8649	0.8649	0.8649	0.8649	0.8649	0.8649	0.8649	0.8649	0.8649	0.8649	0.8649	0.8649	0.8649	0.8649	0.8649	0.8649	0.8649	0.8649	0.8649	0.8649	0.8649	0.8649	0.8649	0.8649	0.8649	0.8649	0.8649	0.8649	0.8649	0.8649	0.8649	0.8649	0.8649	0.8649	0.8649	0.8649	0.8649	0.8649	0.8649	0.8649	0.8649	0.8649	0.8649	0.8649	0.8649	0.8649	0.8649	0.8649	0.8649	0.8649	0.8649	0.8649	0.8649	0.8649	0.8649	0.8649	0.8649	0.8649	0.8649	0.8649	0.8649	0.8649	0.8649	0.8649	0.8649	0.8649	0.8649	0.8649	0.8649	0.8649	0.8649	0.8649	0.8649	0.8649	0.8649	0.8649	0.8649	0.8649	0.8649	0.8649	0.8649	0.8649	0.8649	0.8649	0.8649	0.8649	0.8649	0.8649	0.8649	0.8649	0.8649	0.8649	0.8649	0.8649	0.8649	0.8649	0.8649	0.8649	0.8649	0.8649	0.8649	0.8649	0.8649	0.8649	0.8649	0.8649	0.8649	0.8649	0.8649	0.8649	0.8649	0.8649	0.8649	0.8649	0.8649	0.8649	0.8649	0.8649	0.8649	0.8649	0.8649	0.8649	0.8649
29	0.0096	0.0096	0.0096	0.0096	0.0096	0.0096	0.0096	0.0096	0.0096	0.0096	0.0096	0.0096	0.0096	0.0096	0.0096	0.0096	0.0096	0.0096	0.0096	0.0096	0.0096	0.0096	0.0096	0.0096	0.0096	0.0096	0.0096	0.0096	0.0096	0.0096	0.0096	0.0096	0.0096	0.0096	0.0096	0.0096	0.0096	0.0096	0.0096	0.0096	0.0096	0.0096	0.0096	0.0096	0.0096	0.0096	0.0096	0.0096	0.0096	0.0096	0.0096	0.0096	0.0096	0.0096	0.0096	0.0096	0.0096	0.0096	0.0096	0.0096	0.0096	0.0096	0.0096	0.0096	0.0096	0.0096	0.0096	0.0096	0.0096	0.0096	0.0096	0.0096	0.0096	0.0096	0.0096	0.0096	0.0096	0.0096	0.0096	0.0096	0.0096	0.0096	0.0096	0.0096	0.0096	0.0096	0.0096	0.0096	0.0096	0.0096	0.0096	0.0096	0.0096	0.0096	0.0096	0.0096	0.0096	0.0096	0.0096	0.0096	0.0096	0.0096	0.0096	0.0096	0.0096	0.0096	0.0096	0.0096	0.0096	0.0096	0.0096	0.0096	0.0096	0.0096	0.0096	0.0096	0.0096	0.0096	0.0096	0.0096	0.0096	0.0096	0.0096	0.0096	0.0096	0.0096	0.0096	0.0096	0.0096	0.0096	0.0096	0.0096	0.0096	0.0096	0.0096	0.0096	0.0096	0.0096	0.0096	0.0096	0.0096	0.0096	0.0096	0.0096	0.0096	0.0096	0.0096	0.0096	0.0096	0.1617	0.1617	0.954	0.954	0.954	0.954	0.954	0.954	0.954	0.954	0.954	0.954	0.954	0.954	0.954	0.954	0.954	0.954	0.954	0.954	0.954	0.954	0.954	0.954	0.954	0.954	0.954	0.954	0.954	0.954	0.954	0.954	0.954	0.954	0.954	0.954	0.954	0.954	0.954	0.954	0.954	0.954	0.954	0.954	0.954	0.954	0.954	0.954	0.954	0.954	0.954	0.954	0.954	0.954	0.954	0.954	0.954	0.954	0.954	0.954	0.954	0.954	0.954	0.954	0.954	0.954	0.954	0.954	0.954	0.954	0.954	0.954	0.954	0.954	0.954	0.954	0.954	0.954	0.954	0.954	0.954	0.954	0.954	0.954	0.954	0.954	0.954	0.954	0.954	0.954	0.954	0.954	0.954	0.954	0.954	0.954	0.954	0.954	0.954	0.954	0.954	0.954	0.954	0.954	0.954	0.954	0.954	0.954	0.954	0.954	0.954	0.954	0.954	0.954	0.954	0.954	0.954	0.954	0.954	0.954	0.954	0.954	0.954	0.954	0.954	0.954	0.954	0.954	0.954	0.954	0.954	0.954	0.954	0.954	0.954	0.954	0.954	0.954	0.954	0.954	0.954	0.954	0.954	0.954	0.954	0.954	0.954	0.954	0.954	0.954	0.954
30	0.0036	0.0036	0.0036	0.0036	0.0036	0.0036	0.0036	0.0036	0.0036	0.0036	0.0036	0.0036	0.0036	0.0036	0.0036	0.0036	0.0036	0.0036	0.0036	0.0036	0.0036	0.0036	0.0036	0.0036	0.0036	0.0036	0.0036	0.0036	0.0036	0.0036	0.0036	0.0036	0.0036	0.0036	0.0036	0.0036	0.0036	0.0036	0.0036	0.0036	0.0036	0.0036	0.0036	0.0036	0.0036	0.0036	0.0036	0.0036	0.0036	0.0036	0.0036	0.0036	0.0036	0.0036	0.0036	0.0036	0.0036	0.0036	0.0036	0.0036	0.0036	0.0036	0.0036	0.0036	0.0036	0.0036	0.0036	0.0036	0.0036	0.0036	0.0036	0.0036	0.0036	0.0036	0.0036	0.0036	0.0036	0.0036	0.0036	0.0036	0.0036	0.0036	0.0036	0.0036	0.0036	0.0036	0.0036	0.0036	0.0036	0.0036	0.0036	0.0036	0.0036	0.0036	0.0036	0.0036	0.0036	0.0036	0.0036	0.0036	0.0036	0.0036	0.0036	0.0036	0.0036	0.0036	0.0036	0.0036	0.0036	0.0036	0.0036	0.0036	0.0036	0.0036	0.0036	0.0036	0.0036	0.0036	0.0036	0.0036	0.0036	0.0036	0.0036	0.0036	0.0036	0.0036	0.0036	0.0036	0.0036	0.0036	0.0036	0.0036	0.0036	0.0036	0.0036	0.0036	0.0036	0.0036	0.0036	0.0036	0.0036	0.0036	0.0036	0.0036	0.0036	0.0036	0.0036	0.0036	0.0036	0.2301	0.2301	0.9708	0.9708	0.9708	0.9708	0.9708	0.9708	0.9708	0.9708	0.9708	0.9708	0.9708	0.9708	0.9708	0.9708	0.9708	0.9708	0.9708	0.9708	0.9708	0.9708	0.9708	0.9708	0.9708	0.9708	0.9708	0.9708	0.9708	0.9708	0.9708	0.9708	0.9708	0.9708	0.9708	0.9708	0.9708	0.9708	0.9708	0.9708	0.9708	0.9708	0.9708	0.9708	0.9708	0.9708	0.9708	0.9708	0.9708	0.9708	0.9708	0.9708	0.9708	0.9708	0.9708	0.9708	0.9708	0.9708	0.9708	0.9708	0.9708	0.9708	0.9708	0.9708	0.9708	0.9708	0.9708	0.9708	0.9708	0.9708	0.9708	0.9708	0.9708	0.9708	0.9708	0.9708	0.9708	0.9708	0.9708	0.9708	0.9708	0.9708	0.9708	0.9708	0.9708	0.9708	0.9708	0.9708	0.9708	0.9708	0.9708	0.9708	0.9708	0.9708	0.9708	0.9708	0.9708	0.9708	0.9708	0.9708	0.9708	0.9708	0.9708	0.9708	0.9708	0.9708	0.9708	0.9708	0.9708	0.9708	0.9708	0.9708	0.9708	0.9708	0.9708	0.9708	0.9708	0.9708	0.9708	0.9708	0.9708	0.9708	0.9708	0.9708	0.9708	0.9708	0.9708	0.9708	0.9708	0.9708	0.9708	0.9708	0.9708	0.9708	0.9708	0.9708	0.9708	0.9708	0.9708	0.9708	0.9708	0.9708	0.9708	0.9708	0.9708	0.9708	0.9708	0.9708	0.9708	0.9708	0.9708
31	0.0039	0.0039	0.0039	0.0039	0.0039	0.0039	0.0039	0.0039	0.0039	0.0039	0.0039	0.0039	0.0039	0.0039	0.0039	0.0039	0.0039	0.0039	0.0039	0.0039	0.0039	0.0039	0.0039	0.0039	0.0039	0.0039	0.0039	0.0039	0.0039	0.0039	0.0039	0.0039	0.0039	0.0039	0.0039	0.0039	0.0039	0.0039	0.0039	0.0039	0.0039	0.0039	0.0039	0.0039	0.0039	0.0039	0.0039	0.0039	0.0039	0.0039	0.0039	0.0039	0.0039	0.0039	0.0039	0.0039	0.0039	0.0039	0.0039	0.0039	0.0039	0.0039	0.0039	0.0039	0.0039	0.0039	0.0039	0.0039	0.0039	0.0039	0.0039	0.0039	0.0039	0.0039	0.0039	0.0039	0.0039	0.0039	0.0039	0.0039	0.0039	0.0039	0.0039	0.0039	0.0039	0.0039	0.0039	0.0039	0.0039	0.0039	0.0039	0.0039	0.0039	0.0039	0.0039	0.0039	0.0039	0.0039	0.0039	0.0039	0.0039	0.0039	0.0039	0.0039	0.0039	0.0039	0.0039	0.0039	0.0039	0.0039	0.0039	0.0039	0.0039	0.0039	0.0039	0.0039	0.0039	0.0039	0.0039	0.0039	0.0039	0.0039	0.0039	0.0039	0.0039	0.0039	0.0039	0.0039	0.0039	0.0039	0.0039	0.0039	0.0039	0.0039	0.0039	0.0039	0.0039	0.0039	0.0039	0.0039	0.0039	0.0039	0.0039	0.0039	0.0039	0.0039	0.0039	0.0039	0.0039	0.1079	0.1079	0.939	0.939	0.939	0.939	0.939	0.939	0.939	0.939	0.939	0.939	0.939	0.939	0.939	0.939	0.939	0.939	0.939	0.939	0.939	0.939	0.939	0.939	0.939	0.939	0.939	0.939	0.939	0.939	0.939	0.939	0.939	0.939	0.939	0.939	0.939	0.939	0.939	0.939	0.939	0.939	0.939	0.939	0.939	0.939	0.939	0.939	0.939	0.939	0.939	0.939	0.939	0.939	0.939	0.939	0.939	0.939	0.939	0.939	0.939	0.939	0.939	0.939	0.939	0.939	0.939	0.939	0.939	0.939	0.939	0.939	0.939	0.939	0.939	0.939	0.939	0.939	0.939	0.939	0.939	0.939	0.939	0.939	0.939	0.939	0.939	0.939	0.939	0.939	0.939	0.939	0.939	0.939	0.939	0.939	0.939	0.939	0.939	0.939	0.939	0.939	0.939	0.939	0.939	0.939	0.939	0.939	0.939	0.939	0.939	0.939	0.939	0.939	0.939	0.939	0.939	0.939	0.939	0.939	0.939	0.939	0.939	0.939	0.939	0.939	0.939	0.939	0.939	0.939	0.939	0.939	0.939	0.939	0.939	0.939	0.939	0.939	0.939	0.939	0.939	0.939	0.939	0.939	0.939	0.939	0.939	0.939	0.939	0.939	0.939
32	0.019	0.019	0.019	0.019	0.019	0.019	0.019	0.019	0.019	0.019	0.019	0.019	0.019	0.019	0.019	0.019	0.019	0.019	0.019	0.019	0.019	0.019	0.019	0.019	0.019	0.019	0.019	0.019	0.019	0.019	0.019	0.019	0.019	0.019	0.019	0.019	0.019	0.019	0.019	0.019	0.019	0.019	0.019	0.019	0.019	0.019	0.019	0.019	0.019	0.019	0.019	0.019	0.019	0.019	0.019	0.019	0.019	0.019	0.019	0.019	0.019	0.019	0.019	0.019	0.019	0.019	0.019	0.019	0.019	0.019	0.019	0.019	0.019	0.019	0.019	0.019	0.019	0.019	0.019	0.019	0.019	0.019	0.019	0.019	0.019	0.019	0.019	0.019	0.019	0.019	0.019	0.019	0.019	0.019	0.019	0.019	0.019	0.019	0.019	0.019	0.019	0.019	0.019	0.019	0.019	0.019	0.019	0.019	0.019	0.019	0.019	0.019	0.019	0.019	0.019	0.019	0.019	0.019	0.019	0.019	0.019	0.019	0.019	0.019	0.019	0.019	0.019	0.019	0.019	0.019	0.019	0.019	0.019	0.019	0.019	0.019	0.019	0.019	0.019	0.019	0.019	0.019	0.019	0.019	0.019	0.019	0.019	0.019	0.019	0.136	0.136	0.9487	0.9487	0.9487	0.9487	0.9487	0.9487	0.9487	0.9487	0.9487	0.9487	0.9487	0.9487	0.9487	0.9487	0.9487	0.9487	0.9487	0.9487	0.9487	0.9487	0.9487	0.9487	0.9487	0.9487	0.9487	0.9487	0.9487	0.9487	0.9487	0.9487	0.9487	0.9487	0.9487	0.9487	0.9487	0.9487	0.9487	0.9487	0.9487	0.9487	0.9487	0.9487	0.9487	0.9487	0.9487	0.9487	0.9487	0.9487	0.9487	0.9487	0.9487	0.9487	0.9487	0.9487	0.9487	0.9487	0.9487	0.9487	0.9487	0.9487	0.9487	0.9487	0.9487	0.9487	0.9487	0.9487	0.9487	0.9487	0.9487	0.9487	0.9487	0.9487	0.9487	0.9487	0.9487	0.9487	0.9487	0.9487	0.9487	0.9487	0.9487	0.9487	0.9487	0.9487	0.9487	0.9487	0.9487	0.9487	0.9487	0.9487	0.9487	0.9487	0.9487	0.9487	0.9487	0.9487	0.9487	0.9487	0.9487	0.9487	0.9487	0.9487	0.9487	0.9487	0.9487	0.9487	0.9487	0.9487	0.9487	0.9487	0.9487	0.9487	0.9487	0.9487	0.9487	0.9487	0.9487	0.9487	0.9487	0.9487	0.9487	0.9487	0.9487	0.9487	0.9487	0.9487	0.9487	0.9487	0.9487	0.9487	0.9487	0.9487	0.9487	0.9487	0.9487	0.9487	0.9487	0.9487	0.9487	0.9487	0.9487	0.9487	0.9487	0.9487	0.9487	0.9487	0.9487	0.9487	0.9487
33	0.0021	0.0021	0.0021	0.0021	0.0021	0.0021	0.0021	0.0021	0.0021	0.0021	0.0021	0.0021	0.0021	0.0021	0.0021	0.0021	0.0021	0.0021	0.0021	0.0021	0.0021	0.0021	0.0021	0.0021	0.0021	0.0021	0.0021	0.0021	0.0021	0.0021	0.0021	0.0021	0.0021	0.0021	0.0021	0.0021	0.0021	0.0021	0.0021	0.0021	0.0021	0.0021	0.0021	0.0021	0.0021	0.0021	0.0021	0.0021	0.0021	0.0021	0.0021	0.0021	0.0021	0.0021	0.0021	0.0021	0.0021	0.0021	0.0021	0.0021	0.0021	0.0021	0.0021	0.0021	0.0021	0.0021	0.0021	0.0021	0.0021	0.0021	0.0021	0.0021	0.0021	0.0021	0.0021	0.0021	0.0021	0.0021	0.0021	0.0021	0.0021	0.0021	0.0021	0.0021	0.0021	0.0021	0.0021	0.0021	0.0021	0.0021	0.0021	0.0021	0.0021	0.0021	0.0021	0.0021	0.0021	0.0021	0.0021	0.0021	0.0021	0.0021	0.0021	0.0021	0.0021	0.0021	0.0021	0.0021	0.0021	0.0021	0.0021	0.0021	0.0021	0.0021	0.0021	0.0021	0.0021	0.0021	0.0021	0.0021	0.0021	0.0021	0.0021	0.0021	0.0021	0.0021	0.0021	0.0021	0.0021	0.0021	0.0021	0.0021	0.0021	0.0021	0.0021	0.0021	0.0021	0.0021	0.0021	0.0021	0.0021	0.0021	0.0021	0.0021	0.0021	0.0021	0.0021	0.0021	0.0021	0.149	0.149	0.8999	0.8999	0.8999	0.8999	0.8999	0.8999	0.8999	0.8999	0.8999	0.8999	0.8999	0.8999	0.8999	0.8999	0.8999	0.8999	0.8999	0.8999	0.8999	0.8999	0.8999	0.8999	0.8999	0.8999	0.8999	0.8999	0.8999	0.8999	0.8999	0.8999	0.8999	0.8999	0.8999	0.8999	0.8999	0.8999	0.8999	0.8999	0.8999	0.8999	0.8999	0.8999	0.8999	0.8999	0.8999	0.8999	0.8999	0.8999	0.8999	0.8999	0.8999	0.8999	0.8999	0.8999	0.8999	0.8999	0.8999	0.8999	0.8999	0.8999	0.8999	0.8999	0.8999	0.8999	0.8999	0.8999	0.8999	0.8999	0.8999	0.8999	0.8999	0.8999	0.8999	0.8999	0.8999	0.8999	0.8999	0.8999	0.8999	0.8999	0.8999	0.8999	0.8999	0.8999	0.8999	0.8999	0.8999	0.8999	0.8999	0.8999	0.8999	0.8999	0.8999	0.8999	0.8999	0.8999	0.8999	0.8999	0.8999	0.8999	0.8999	0.8999	0.8999	0.8999	0.8999	0.8999	0.8999	0.8999	0.8999	0.8999	0.8999	0.8999	0.8999	0.8999	0.8999	0.8999	0.8999	0.8999	0.8999	0.8999	0.8999	0.8999	0.8999	0.8999	0.8999	0.8999	0.8999	0.8999	0.8999	0.8999	0.8999	0.8999	0.8999	0.8999	0.8999	0.8999	0.8999	0.8999	0.8999	0.8999	0.8999	0.8999	0.8999	0.8999	0.8999	0.8999	0.8999	0.8999	0.8999
34	0.0189	0.0189	0.0189	0.0189	0.0189	0.0189	0.0189	0.0189	0.0189	0.0189	0.0189	0.0189	0.0189	0.0189	0.0189	0.0189	0.0189	0.0189	0.0189	0.0189	0.0189	0.0189	0.0189	0.0189	0.0189	0.0189	0.0189	0.0189	0.0189	0.0189	0.0189	0.0189	0.0189	0.0189	0.0189	0.0189	0.0189	0.0189	0.0189	0.0189	0.0189	0.0189	0.0189	0.0189	0.0189	0.0189	0.0189	0.0189	0.0189	0.0189	0.0189	0.0189	0.0189	0.0189	0.0189	0.0189	0.0189	0.0189	0.0189	0.0189	0.0189	0.0189	0.0189	0.0189	0.0189	0.0189	0.0189	0.0189	0.0189	0.0189	0.0189	0.0189	0.0189	0.0189	0.0189	0.0189	0.0189	0.0189	0.0189	0.0189	0.0189	0.0189	0.0189	0.0189	0.0189	0.0189	0.0189	0.0189	0.0189	0.0189	0.0189	0.0189	0.0189	0.0189	0.0189	0.0189	0.0189	0.0189	0.0189	0.0189	0.0189	0.0189	0.0189	0.0189	0.0189	0.0189	0.0189	0.0189	0.0189	0.0189	0.0189	0.0189	0.0189	0.0189	0.0189	0.0189	0.0189	0.0189	0.0189	0.0189	0.0189	0.0189	0.0189	0.0189	0.0189	0.0189	0.0189	0.0189	0.0189	0.0189	0.0189	0.0189	0.0189	0.0189	0.0189	0.0189	0.0189	0.0189	0.0189	0.0189	0.0189	0.0189	0.0189	0.0189	0.0189	0.0189	0.0189	0.0189	0.0189	0.1198	0.1198	0.9532	0.9532	0.9532	0.9532	0.9532	0.9532	0.9532	0.9532	0.9532	0.9532	0.9532	0.9532	0.9532	0.9532	0.9532	0.9532	0.9532	0.9532	0.9532	0.9532	0.9532	0.9532	0.9532	0.9532	0.9532	0.9532	0.9532	0.9532	0.9532	0.9532	0.9532	0.9532	0.9532	0.9532	0.9532	0.9532	0.9532	0.9532	0.9532	0.9532	0.9532	0.9532	0.9532	0.9532	0.9532	0.9532	0.9532	0.9532	0.9532	0.9532	0.9532	0.9532	0.9532	0.9532	0.9532	0.9532	0.9532	0.9532	0.9532	0.9532	0.9532	0.9532	0.9532	0.9532	0.9532	0.9532	0.9532	0.9532	0.9532	0.9532	0.9532	0.9532	0.9532	0.9532	0.9532	0.9532	0.9532	0.9532	0.9532	0.9532	0.9532	0.9532	0.9532	0.9532	0.9532	0.9532	0.9532	0.9532	0.9532	0.9532	0.9532	0.9532	0.9532	0.9532	0.9532	0.9532	0.9532	0.9532	0.9532	0.9532	0.9532	0.9532	0.9532	0.9532	0.9532	0.9532	0.9532	0.9532	0.9532	0.9532	0.9532	0.9532	0.9532	0.9532	0.9532	0.9532	0.9532	0.9532	0.9532	0.9532	0.9532	0.9532	0.9532	0.9532	0.9532	0.9532	0.9532	0.9532	0.9532	0.9532	0.9532	0.9532	0.9532	0.9532	0.9532	0.9532	0.9532	0.9532	0.9532	0.9532	0.9532	0.9532	0.9532	0.9532	0.9532	0.9532	0.9532	0.9532	0.9532
35	0.009	0.009	0.009	0.009	0.009	0.009	0.009	0.009	0.009	0.009	0.009	0.009	0.009	0.009	0.009	0.009	0.009	0.009	0.009	0.009	0.009	0.009	0.009	0.009	0.009	0.009	0.009	0.009	0.009	0.009	0.009	0.009	0.009	0.009	0.009	0.009	0.009	0.009	0.009	0.009	0.009	0.009	0.009	0.009	0.009	0.009	0.009	0.009	0.009	0.009	0.009	0.009	0.009	0.009	0.009	0.009	0.009	0.009	0.009	0.009	0.009	0.009	0.009	0.009	0.009	0.009	0.009	0.009	0.009	0.009	0.009	0.009	0.009	0.009	0.009	0.009	0.009	0.009	0.009	0.009	0.009	0.009	0.009	0.009	0.009	0.009	0.009	0.009	0.009	0.009	0.009	0.009	0.009	0.009	0.009	0.009	0.009	0.009	0.009	0.009	0.009	0.009	0.009	0.009	0.009	0.009	0.009	0.009	0.009	0.009	0.009	0.009	0.009	0.009	0.009	0.009	0.009	0.009	0.009	0.009	0.009	0.009	0.009	0.009	0.009	0.009	0.009	0.009	0.009	0.009	0.009	0.009	0.009	0.009	0.009	0.009	0.009	0.009	0.009	0.009	0.009	0.009	0.009	0.009	0.009	0.009	0.009	0.009	0.009	0.1085	0.1085	0.9212	0.9212	0.9212	0.9212	0.9212	0.9212	0.9212	0.9212	0.9212	0.9212	0.9212	0.9212	0.9212	0.9212	0.9212	0.9212	0.9212	0.9212	0.9212	0.9212	0.9212	0.9212	0.9212	0.9212	0.9212	0.9212	0.9212	0.9212	0.9212	0.9212	0.9212	0.9212	0.9212	0.9212	0.9212	0.9212	0.9212	0.9212	0.9212	0.9212	0.9212	0.9212	0.9212	0.9212	0.9212	0.9212	0.9212	0.9212	0.9212	0.9212	0.9212	0.9212	0.9212	0.9212	0.9212	0.9212	0.9212	0.9212	0.9212	0.9212	0.9212	0.9212	0.9212	0.9212	0.9212	0.9212	0.9212	0.9212	0.9212	0.9212	0.9212	0.9212	0.9212	0.9212	0.9212	0.9212	0.9212	0.9212	0.9212	0.9212	0.9212	0.9212	0.9212	0.9212	0.9212	0.9212	0.9212	0.9212	0.9212	0.9212	0.9212	0.9212	0.9212	0.9212	0.9212	0.9212	0.9212	0.9212	0.9212	0.9212	0.9212	0.9212	0.9212	0.9212	0.9212	0.9212	0.9212	0.9212	0.9212	0.9212	0.9212	0.9212	0.9212	0.9212	0.9212	0.9212	0.9212	0.9212	0.9212	0.9212	0.9212	0.9212	0.9212	0.9212	0.9212	0.9212	0.9212	0.9212	0.9212	0.9212	0.9212	0.9212	0.9212	0.9212	0.9212	0.9212	0.9212	0.9212	0.9212	0.9212	0.9212	0.9212	0.9212	0.9212	0.9212	0.9212	0.9212	0.9212	0.9212
36	0.0131	0.0131	0.0131	0.0131	0.0131	0.0131	0.0131	0.0131	0.0131	0.0131	0.0131	0.0131	0.0131	0.0131	0.0131	0.0131	0.0131	0.0131	0.0131	0.0131	0.0131	0.0131	0.0131	0.0131	0.0131	0.0131	0.0131	0.0131	0.0131	0.0131	0.0131	0.0131	0.0131	0.0131	0.0131	0.0131	0.0131	0.0131	0.0131	0.0131	0.0131	0.0131	0.0131	0.0131	0.0131	0.0131	0.0131	0.0131	0.0131	0.0131	0.0131	0.0131	0.0131	0.0131	0.0131	0.0131	0.0131	0.0131	0.0131	0.0131	0.0131	0.0131	0.0131	0.0131	0.0131	0.0131	0.0131	0.0131	0.0131	0.0131	0.0131	0.0131	0.0131	0.0131	0.0131	0.0131	0.0131	0.0131	0.0131	0.0131	0.0131	0.0131	0.0131	0.0131	0.0131	0.0131	0.0131	0.0131	0.0131	0.0131	0.0131	0.0131	0.0131	0.0131	0.0131	0.0131	0.0131	0.0131	0.0131	0.0131	0.0131	0.0131	0.0131	0.0131	0.0131	0.0131	0.0131	0.0131	0.0131	0.0131	0.0131	0.0131	0.0131	0.0131	0.0131	0.0131	0.0131	0.0131	0.0131	0.0131	0.0131	0.0131	0.0131	0.0131	0.0131	0.0131	0.0131	0.0131	0.0131	0.0131	0.0131	0.0131	0.0131	0.0131	0.0131	0.0131	0.0131	0.0131	0.0131	0.0131	0.0131	0.0131	0.0131	0.0131	0.0131	0.0131	0.0131	0.0131	0.0131	0.1696	0.1696	0.0089	0.0089	0.0089	0.0089	0.0089	0.0089	0.0089	0.0089	0.0089	0.0089	0.0089	0.0089	0.0089	0.0089	0.0089	0.0089	0.0089	0.0089	0.0089	0.0089	0.0089	0.0089	0.0089	0.0089	0.0089	0.0089	0.0089	0.0089	0.0089	0.0089	0.0089	0.0089	0.0089	0.0089	0.0089	0.0089	0.0089	0.0089	0.0089	0.0089	0.0089	0.0089	0.0089	0.0089	0.0089	0.0089	0.0089	0.0089	0.0089	0.0089	0.0089	0.0089	0.0089	0.0089	0.0089	0.0089	0.0089	0.0089	0.0089	0.0089	0.0089	0.0089	0.0089	0.0089	0.0089	0.0089	0.0089	0.0089	0.0089	0.0089	0.0089	0.0089	0.0089	0.0089	0.0089	0.0089	0.0089	0.0089	0.0089	0.0089	0.0089	0.0089	0.0089	0.0089	0.0089	0.0089	0.0089	0.0089	0.0089	0.0089	0.0089	0.0089	0.0089	0.0089	0.0089	0.0089	0.0089	0.0089	0.0089	0.0089	0.0089	0.0089	0.0089	0.0089	0.0089	0.0089	0.0089	0.0089	0.0089	0.0089	0.0089	0.0089	0.0089	0.0089	0.0089	0.0089	0.0089	0.0089	0.0089	0.0089	0.0089	0.0089	0.0089	0.0089	0.0089	0.0089	0.0089	0.0089	0.0089	0.0089	0.0089	0.0089	0.0089	0.0089	0.0089	0.0089	0.0089	0.0089	0.0089	0.0089	0.0089	0.0089	0.0089	0.0089	0.0089	0.0089	0.0089	0.0089	0.0089
37	0.0028	0.0028	0.0028	0.0028	0.0028	0.0028	0.0028	0.0028	0.0028	0.0028	0.0028	0.0028	0.0028	0.0028	0.0028	0.0028	0.0028	0.0028	0.0028	0.0028	0.0028	0.0028	0.0028	0.0028	0.0028	0.0028	0.0028	0.0028	0.0028	0.0028	0.0028	0.0028	0.0028	0.0028	0.0028	0.0028	0.0028	0.0028	0.0028	0.0028	0.0028	0.0028	0.0028	0.0028	0.0028	0.0028	0.0028	0.0028	0.0028	0.0028	0.0028	0.0028	0.0028	0.0028	0.0028	0.0028	0.0028	0.0028	0.0028	0.0028	0.0028	0.0028	0.0028	0.0028	0.0028	0.0028	0.0028	0.0028	0.0028	0.0028	0.0028	0.0028	0.0028	0.0028	0.0028	0.0028	0.0028	0.0028	0.0028	0.0028	0.0028	0.0028	0.0028	0.0028	0.0028	0.0028	0.0028	0.0028	0.0028	0.0028	0.0028	0.0028	0.0028	0.0028	0.0028	0.0028	0.0028	0.0028	0.0028	0.0028	0.0028	0.0028	0.0028	0.0028	0.0028	0.0028	0.0028	0.0028	0.0028	0.0028	0.0028	0.0028	0.0028	0.0028	0.0028	0.0028	0.0028	0.0028	0.0028	0.0028	0.0028	0.0028	0.0028	0.0028	0.0028	0.0028	0.0028	0.0028	0.0028	0.0028	0.0028	0.0028	0.0028	0.0028	0.0028	0.0028	0.0028	0.0028	0.0028	0.0028	0.0028	0.0028	0.0028	0.0028	0.0028	0.0028	0.0028	0.0028	0.0028	0.4642	0.4642	0.0082	0.0082	0.0082	0.0082	0.0082	0.0082	0.0082	0.0082	0.0082	0.0082	0.0082	0.0082	0.0082	0.0082	0.0082	0.0082	0.0082	0.0082	0.0082	0.0082	0.0082	0.0082	0.0082	0.0082	0.0082	0.0082	0.0082	0.0082	0.0082	0.0082	0.0082	0.0082	0.0082	0.0082	0.0082	0.0082	0.0082	0.0082	0.0082	0.0082	0.0082	0.0082	0.0082	0.0082	0.0082	0.0082	0.0082	0.0082	0.0082	0.0082	0.0082	0.0082	0.0082	0.0082	0.0082	0.0082	0.0082	0.0082	0.0082	0.0082	0.0082	0.0082	0.0082	0.0082	0.0082	0.0082	0.0082	0.0082	0.0082	0.0082	0.0082	0.0082	0.0082	0.0082	0.0082	0.0082	0.0082	0.0082	0.0082	0.0082	0.0082	0.0082	0.0082	0.0082	0.0082	0.0082	0.0082	0.0082	0.0082	0.0082	0.0082	0.0082	0.0082	0.0082	0.0082	0.0082	0.0082	0.0082	0.0082	0.0082	0.0082	0.0082	0.0082	0.0082	0.0082	0.0082	0.0082	0.0082	0.0082	0.0082	0.0082	0.0082	0.0082	0.0082	0.0082	0.0082	0.0082	0.0082	0.0082	0.0082	0.0082	0.0082	0.0082	0.0082	0.0082	0.0082	0.0082	0.0082	0.0082	0.0082	0.0082	0.0082	0.0082	0.0082	0.0082	0.0082	0.0082	0.0082	0.0082	0.0082	0.0082	0.0082	0.0082	0.0082	0.0082	0.0082	0.0082	0.0082	0.0082
38	0.0014	0.0014	0.0014	0.0014	0.0014	0.0014	0.0014	0.0014	0.0014	0.0014	0.0014	0.0014	0.0014	0.0014	0.0014	0.0014	0.0014	0.0014	0.0014	0.0014	0.0014	0.0014	0.0014	0.0014	0.0014	0.0014	0.0014	0.0014	0.0014	0.0014	0.0014	0.0014	0.0014	0.0014	0.0014	0.0014	0.0014	0.0014	0.0014	0.0014	0.0014	0.0014	0.0014	0.0014	0.0014	0.0014	0.0014	0.0014	0.0014	0.0014	0.0014	0.0014	0.0014	0.0014	0.0014	0.0014	0.0014	0.0014	0.0014	0.0014	0.0014	0.0014	0.0014	0.0014	0.0014	0.0014	0.0014	0.0014	0.0014	0.0014	0.0014	0.0014	0.0014	0.0014	0.0014	0.0014	0.0014	0.0014	0.0014	0.0014	0.0014	0.0014	0.0014	0.0014	0.0014	0.0014	0.0014	0.0014	0.0014	0.0014	0.0014	0.0014	0.0014	0.0014	0.0014	0.0014	0.0014	0.0014	0.0014	0.0014	0.0014	0.0014	0.0014	0.0014	0.0014	0.0014	0.0014	0.0014	0.0014	0.0014	0.0014	0.0014	0.0014	0.0014	0.0014	0.0014	0.0014	0.0014	0.0014	0.0014	0.0014	0.0014	0.0014	0.0014	0.0014	0.0014	0.0014	0.0014	0.0014	0.0014	0.0014	0.0014	0.0014	0.0014	0.0014	0.0014	0.0014	0.0014	0.0014	0.0014	0.0014	0.0014	0.0014	0.0014	0.0014	0.0014	0.0014	0.0014	0.0014	0.1966	0.1966	0.0076	0.0076	0.0076	0.0076	0.0076	0.0076	0.0076	0.0076	0.0076	0.0076	0.0076	0.0076	0.0076	0.0076	0.0076	0.0076	0.0076	0.0076	0.0076	0.0076	0.0076	0.0076	0.0076	0.0076	0.0076	0.0076	0.0076	0.0076	0.0076	0.0076	0.0076	0.0076	0.0076	0.0076	0.0076	0.0076	0.0076	0.0076	0.0076	0.0076	0.0076	0.0076	0.0076	0.0076	0.0076	0.0076	0.0076	0.0076	0.0076	0.0076	0.0076	0.0076	0.0076	0.0076	0.0076	0.0076	0.0076	0.0076	0.0076	0.0076	0.0076	0.0076	0.0076	0.0076	0.0076	0.0076	0.0076	0.0076	0.0076	0.0076	0.0076	0.0076	0.0076	0.0076	0.0076	0.0076	0.0076	0.0076	0.0076	0.0076	0.0076	0.0076	0.0076	0.0076	0.0076	0.0076	0.0076	0.0076	0.0076	0.0076	0.0076	0.0076	0.0076	0.0076	0.0076	0.0076	0.0076	0.0076	0.0076	0.0076	0.0076	0.0076	0.0076	0.0076	0.0076	0.0076	0.0076	0.0076	0.0076	0.0076	0.0076	0.0076	0.0076	0.0076	0.0076	0.0076	0.0076	0.0076	0.0076	0.0076	0.0076	0.0076	0.0076	0.0076	0.0076	0.0076	0.0076	0.0076	0.0076	0.0076	0.0076	0.0076	0.0076	0.0076	0.0076	0.0076	0.0076	0.0076	0.0076	0.0076	0.0076	0.0076	0.0076	0.0076	0.0076	0.0076	0.0076	0.0076	0.0076
39	0.0014	0.0014	0.0014	0.0014	0.0014	0.0014	0.0014	0.0014	0.0014	0.0014	0.0014	0.0014	0.0014	0.0014	0.0014	0.0014	0.0014	0.0014	0.0014	0.0014	0.0014	0.0014	0.0014	0.0014	0.0014	0.0014	0.0014	0.0014	0.0014	0.0014	0.0014	0.0014	0.0014	0.0014	0.0014	0.0014	0.0014	0.0014	0.0014	0.0014	0.0014	0.0014	0.0014	0.0014	0.0014	0.0014	0.0014	0.0014	0.0014	0.0014	0.0014	0.0014	0.0014	0.0014	0.0014	0.0014	0.0014	0.0014	0.0014	0.0014	0.0014	0.0014	0.0014	0.0014	0.0014	0.0014	0.0014	0.0014	0.0014	0.0014	0.0014	0.0014	0.0014	0.0014	0.0014	0.0014	0.0014	0.0014	0.0014	0.0014	0.0014	0.0014	0.0014	0.0014	0.0014	0.0014	0.0014	0.0014	0.0014	0.0014	0.0014	0.0014	0.0014	0.0014	0.0014	0.0014	0.0014	0.0014	0.0014	0.0014	0.0014	0.0014	0.0014	0.0014	0.0014	0.0014	0.0014	0.0014	0.0014	0.0014	0.0014	0.0014	0.0014	0.0014	0.0014	0.0014	0.0014	0.0014	0.0014	0.0014	0.0014	0.0014	0.0014	0.0014	0.0014	0.0014	0.0014	0.0014	0.0014	0.0014	0.0014	0.0014	0.0014	0.0014	0.0014	0.0014	0.0014	0.0014	0.0014	0.0014	0.0014	0.0014	0.0014	0.0014	0.0014	0.0014	0.0014	0.0014	0.0014	0.1074	0.1074	0.0014	0.0014	0.0014	0.0014	0.0014	0.0014	0.0014	0.0014	0.0014	0.0014	0.0014	0.0014	0.0014	0.0014	0.0014	0.0014	0.0014	0.0014	0.0014	0.0014	0.0014	0.0014	0.0014	0.0014	0.0014	0.0014	0.0014	0.0014	0.0014	0.0014	0.0014	0.0014	0.0014	0.0014	0.0014	0.0014	0.0014	0.0014	0.0014	0.0014	0.0014	0.0014	0.0014	0.0014	0.0014	0.0014	0.0014	0.0014	0.0014	0.0014	0.0014	0.0014	0.0014	0.0014	0.0014	0.0014	0.0014	0.0014	0.0014	0.0014	0.0014	0.0014	0.0014	0.0014	0.0014	0.0014	0.0014	0.0014	0.0014	0.0014	0.0014	0.0014	0.0014	0.0014	0.0014	0.0014	0.0014	0.0014	0.0014	0.0014	0.0014	0.0014	0.0014	0.0014	0.0014	0.0014	0.0014	0.0014	0.0014	0.0014	0.0014	0.0014	0.0014	0.0014	0.0014	0.0014	0.0014	0.0014	0.0014	0.0014	0.0014	0.0014	0.0014	0.0014	0.0014	0.0014	0.0014	0.0014	0.0014	0.0014	0.0014	0.0014	0.0014	0.0014	0.0014	0.0014	0.0014	0.0014	0.0014	0.0014	0.0014	0.0014	0.0014	0.0014	0.0014	0.0014	0.0014	0.0014	0.0014	0.0014	0.0014	0.0014	0.0014	0.0014	0.0014	0.0014	0.0014	0.0014	0.0014	0.0014	0.0014	0.0014	0.0014	0.0014	0.0014	0.0014	0.0014	0.0014	0.0014
40	0.016	0.016	0.016	0.016	0.016	0.016	0.016	0.016	0.016	0.016	0.016	0.016	0.016	0.016	0.016	0.016	0.016	0.016	0.016	0.016	0.016	0.016	0.016	0.016	0.016	0.016	0.016	0.016	0.016	0.016	0.016	0.016	0.016	0.016	0.016	0.016	0.016	0.016	0.016	0.016	0.016	0.016	0.016	0.016	0.016	0.016	0.016	0.016	0.016	0.016	0.016	0.016	0.016	0.016	0.016	0.016	0.016	0.016	0.016	0.016	0.016	0.016	0.016	0.016	0.016	0.016	0.016	0.016	0.016	0.016	0.016	0.016	0.016	0.016	0.016	0.016	0.016	0.016	0.016	0.016	0.016	0.016	0.016	0.016	0.016	0.016	0.016	0.016	0.016	0.016	0.016	0.016	0.016	0.016	0.016	0.016	0.016	0.016	0.016	0.016	0.016	0.016	0.016	0.016	0.016	0.016	0.016	0.016	0.016	0.016	0.016	0.016	0.016	0.016	0.016	0.016	0.016	0.016	0.016	0.016	0.016	0.016	0.016	0.016	0.016	0.016	0.016	0.016	0.016	0.016	0.016	0.016	0.016	0.016	0.016	0.016	0.016	0.016	0.016	0.016	0.016	0.016	0.016	0.016	0.016	0.016	0.016	0.016	0.016	0.5196	0.5196	0.0033	0.0033	0.0033	0.0033	0.0033	0.0033	0.0033	0.0033	0.0033	0.0033	0.0033	0.0033	0.0033	0.0033	0.0033	0.0033	0.0033	0.0033	0.0033	0.0033	0.0033	0.0033	0.0033	0.0033	0.0033	0.0033	0.0033	0.0033	0.0033	0.0033	0.0033	0.0033	0.0033	0.0033	0.0033	0.0033	0.0033	0.0033	0.0033	0.0033	0.0033	0.0033	0.0033	0.0033	0.0033	0.0033	0.0033	0.0033	0.0033	0.0033	0.0033	0.0033	0.0033	0.0033	0.0033	0.0033	0.0033	0.0033	0.0033	0.0033	0.0033	0.0033	0.0033	0.0033	0.0033	0.0033	0.0033	0.0033	0.0033	0.0033	0.0033	0.0033	0.0033	0.0033	0.0033	0.0033	0.0033	0.0033	0.0033	0.0033	0.0033	0.0033	0.0033	0.0033	0.0033	0.0033	0.0033	0.0033	0.0033	0.0033	0.0033	0.0033	0.0033	0.0033	0.0033	0.0033	0.0033	0.0033	0.0033	0.0033	0.0033	0.0033	0.0033	0.0033	0.0033	0.0033	0.0033	0.0033	0.0033	0.0033	0.0033	0.0033	0.0033	0.0033	0.0033	0.0033	0.0033	0.0033	0.0033	0.0033	0.0033	0.0033	0.0033	0.0033	0.0033	0.0033	0.0033	0.0033	0.0033	0.0033	0.0033	0.0033	0.0033	0.0033	0.0033	0.0033	0.0033	0.0033	0.0033	0.0033	0.0033	0.0033	0.0033	0.0033	0.0033	0.0033	0.0033	0.0033	0.0033
41	0.0228	0.0228	0.0228	0.0228	0.0228	0.0228	0.0228	0.0228	0.0228	0.0228	0.0228	0.0228	0.0228	0.0228	0.0228	0.0228	0.0228	0.0228	0.0228	0.0228	0.0228	0.0228	0.0228	0.0228	0.0228	0.0228	0.0228	0.0228	0.0228	0.0228	0.0228	0.0228	0.0228	0.0228	0.0228	0.0228	0.0228	0.0228	0.0228	0.0228	0.0228	0.0228	0.0228	0.0228	0.0228	0.0228	0.0228	0.0228	0.0228	0.0228	0.0228	0.0228	0.0228	0.0228	0.0228	0.0228	0.0228	0.0228	0.0228	0.0228	0.0228	0.0228	0.0228	0.0228	0.0228	0.0228	0.0228	0.0228	0.0228	0.0228	0.0228	0.0228	0.0228	0.0228	0.0228	0.0228	0.0228	0.0228	0.0228	0.0228	0.0228	0.0228	0.0228	0.0228	0.0228	0.0228	0.0228	0.0228	0.0228	0.0228	0.0228	0.0228	0.0228	0.0228	0.0228	0.0228	0.0228	0.0228	0.0228	0.0228	0.0228	0.0228	0.0228	0.0228	0.0228	0.0228	0.0228	0.0228	0.0228	0.0228	0.0228	0.0228	0.0228	0.0228	0.0228	0.0228	0.0228	0.0228	0.0228	0.0228	0.0228	0.0228	0.0228	0.0228	0.0228	0.0228	0.0228	0.0228	0.0228	0.0228	0.0228	0.0228	0.0228	0.0228	0.0228	0.0228	0.0228	0.0228	0.0228	0.0228	0.0228	0.0228	0.0228	0.0228	0.0228	0.0228	0.0228	0.0228	0.0228	0.1454	0.1454	0.0091	0.0091	0.0091	0.0091	0.0091	0.0091	0.0091	0.0091	0.0091	0.0091	0.0091	0.0091	0.0091	0.0091	0.0091	0.0091	0.0091	0.0091	0.0091	0.0091	0.0091	0.0091	0.0091	0.0091	0.0091	0.0091	0.0091	0.0091	0.0091	0.0091	0.0091	0.0091	0.0091	0.0091	0.0091	0.0091	0.0091	0.0091	0.0091	0.0091	0.0091	0.0091	0.0091	0.0091	0.0091	0.0091	0.0091	0.0091	0.0091	0.0091	0.0091	0.0091	0.0091	0.0091	0.0091	0.0091	0.0091	0.0091	0.0091	0.0091	0.0091	0.0091	0.0091	0.0091	0.0091	0.0091	0.0091	0.0091	0.0091	0.0091	0.0091	0.0091	0.0091	0.0091	0.0091	0.0091	0.0091	0.0091	0.0091	0.0091	0.0091	0.0091	0.0091	0.0091	0.0091	0.0091	0.0091	0.0091	0.0091	0.0091	0.0091	0.0091	0.0091	0.0091	0.0091	0.0091	0.0091	0.0091	0.0091	0.0091	0.0091	0.0091	0.0091	0.0091	0.0091	0.0091	0.0091	0.0091	0.0091	0.0091	0.0091	0.0091	0.0091	0.0091	0.0091	0.0091	0.0091	0.0091	0.0091	0.0091	0.0091	0.0091	0.0091	0.0091	0.0091	0.0091	0.0091	0.0091	0.0091	0.0091	0.0091	0.0091	0.0091	0.0091	0.0091	0.0091	0.0091	0.0091	0.0091	0.0091	0.0091	0.0091	0.0091	0.0091	0.0091	0.0091	0.0091	0.0091	0.0091
42	0.0245	0.0245	0.0245	0.0245	0.0245	0.0245	0.0245	0.0245	0.0245	0.0245	0.0245	0.0245	0.0245	0.0245	0.0245	0.0245	0.0245	0.0245	0.0245	0.0245	0.0245	0.0245	0.0245	0.0245	0.0245	0.0245	0.0245	0.0245	0.0245	0.0245	0.0245	0.0245	0.0245	0.0245	0.0245	0.0245	0.0245	0.0245	0.0245	0.0245	0.0245	0.0245	0.0245	0.0245	0.0245	0.0245	0.0245	0.0245	0.0245	0.0245	0.0245	0.0245	0.0245	0.0245	0.0245	0.0245	0.0245	0.0245	0.0245	0.0245	0.0245	0.0245	0.0245	0.0245	0.0245	0.0245	0.0245	0.0245	0.0245	0.0245	0.0245	0.0245	0.0245	0.0245	0.0245	0.0245	0.0245	0.0245	0.0245	0.0245	0.0245	0.0245	0.0245	0.0245	0.0245	0.0245	0.0245	0.0245	0.0245	0.0245	0.0245	0.0245	0.0245	0.0245	0.0245	0.0245	0.0245	0.0245	0.0245	0.0245	0.0245	0.0245	0.0245	0.0245	0.0245	0.0245	0.0245	0.0245	0.0245	0.0245	0.0245	0.0245	0.0245	0.0245	0.0245	0.0245	0.0245	0.0245	0.0245	0.0245	0.0245	0.0245	0.0245	0.0245	0.0245	0.0245	0.0245	0.0245	0.0245	0.0245	0.0245	0.0245	0.0245	0.0245	0.0245	0.0245	0.0245	0.0245	0.0245	0.0245	0.0245	0.0245	0.0245	0.0245	0.0245	0.0245	0.0245	0.0245	0.0245	0.1267	0.1267	0.0027	0.0027	0.0027	0.0027	0.0027	0.0027	0.0027	0.0027	0.0027	0.0027	0.0027	0.0027	0.0027	0.0027	0.0027	0.0027	0.0027	0.0027	0.0027	0.0027	0.0027	0.0027	0.0027	0.0027	0.0027	0.0027	0.0027	0.0027	0.0027	0.0027	0.0027	0.0027	0.0027	0.0027	0.0027	0.0027	0.0027	0.0027	0.0027	0.0027	0.0027	0.0027	0.0027	0.0027	0.0027	0.0027	0.0027	0.0027	0.0027	0.0027	0.0027	0.0027	0.0027	0.0027	0.0027	0.0027	0.0027	0.0027	0.0027	0.0027	0.0027	0.0027	0.0027	0.0027	0.0027	0.0027	0.0027	0.0027	0.0027	0.0027	0.0027	0.0027	0.0027	0.0027	0.0027	0.0027	0.0027	0.0027	0.0027	0.0027	0.0027	0.0027	0.0027	0.0027	0.0027	0.0027	0.0027	0.0027	0.0027	0.0027	0.0027	0.0027	0.0027	0.0027	0.0027	0.0027	0.0027	0.0027	0.0027	0.0027	0.0027	0.0027	0.0027	0.0027	0.0027	0.0027	0.0027	0.0027	0.0027	0.0027	0.0027	0.0027	0.0027	0.0027	0.0027	0.0027	0.0027	0.0027	0.0027	0.0027	0.0027	0.0027	0.0027	0.0027	0.0027	0.0027	0.0027	0.0027	0.0027	0.0027	0.0027	0.0027	0.0027	0.0027	0.0027	0.0027	0.0027	0.0027	0.0027	0.0027	0.0027	0.0027	0.0027	0.0027	0.0027	0.0027	0.0027	0.0027	0.0027
43	0.0015	0.0015	0.0015	0.0015	0.0015	0.0015	0.0015	0.0015	0.0015	0.0015	0.0015	0.0015	0.0015	0.0015	0.0015	0.0015	0.0015	0.0015	0.0015	0.0015	0.0015	0.0015	0.0015	0.0015	0.0015	0.0015	0.0015	0.0015	0.0015	0.0015	0.0015	0.0015	0.0015	0.0015	0.0015	0.0015	0.0015	0.0015	0.0015	0.0015	0.0015	0.0015	0.0015	0.0015	0.0015	0.0015	0.0015	0.0015	0.0015	0.0015	0.0015	0.0015	0.0015	0.0015	0.0015	0.0015	0.0015	0.0015	0.0015	0.0015	0.0015	0.0015	0.0015	0.0015	0.0015	0.0015	0.0015	0.0015	0.0015	0.0015	0.0015	0.0015	0.0015	0.0015	0.0015	0.0015	0.0015	0.0015	0.0015	0.0015	0.0015	0.0015	0.0015	0.0015	0.0015	0.0015	0.0015	0.0015	0.0015	0.0015	0.0015	0.0015	0.0015	0.0015	0.0015	0.0015	0.0015	0.0015	0.0015	0.0015	0.0015	0.0015	0.0015	0.0015	0.0015	0.0015	0.0015	0.0015	0.0015	0.0015	0.0015	0.0015	0.0015	0.0015	0.0015	0.0015	0.0015	0.0015	0.0015	0.0015	0.0015	0.0015	0.0015	0.0015	0.0015	0.0015	0.0015	0.0015	0.0015	0.0015	0.0015	0.0015	0.0015	0.0015	0.0015	0.0015	0.0015	0.0015	0.0015	0.0015	0.0015	0.0015	0.0015	0.0015	0.0015	0.0015	0.0015	0.0015	0.0015	0.3244	0.3244	0.0123	0.0123	0.0123	0.0123	0.0123	0.0123	0.0123	0.0123	0.0123	0.0123	0.0123	0.0123	0.0123	0.0123	0.0123	0.0123	0.0123	0.0123	0.0123	0.0123	0.0123	0.0123	0.0123	0.0123	0.0123	0.0123	0.0123	0.0123	0.0123	0.0123	0.0123	0.0123	0.0123	0.0123	0.0123	0.0123	0.0123	0.0123	0.0123	0.0123	0.0123	0.0123	0.0123	0.0123	0.0123	0.0123	0.0123	0.0123	0.0123	0.0123	0.0123	0.0123	0.0123	0.0123	0.0123	0.0123	0.0123	0.0123	0.0123	0.0123	0.0123	0.0123	0.0123	0.0123	0.0123	0.0123	0.0123	0.0123	0.0123	0.0123	0.0123	0.0123	0.0123	0.0123	0.0123	0.0123	0.0123	0.0123	0.0123	0.0123	0.0123	0.0123	0.0123	0.0123	0.0123	0.0123	0.0123	0.0123	0.0123	0.0123	0.0123	0.0123	0.0123	0.0123	0.0123	0.0123	0.0123	0.0123	0.0123	0.0123	0.0123	0.0123	0.0123	0.0123	0.0123	0.0123	0.0123	0.0123	0.0123	0.0123	0.0123	0.0123	0.0123	0.0123	0.0123	0.0123	0.0123	0.0123	0.0123	0.0123	0.0123	0.0123	0.0123	0.0123	0.0123	0.0123	0.0123	0.0123	0.0123	0.0123	0.0123	0.0123	0.0123	0.0123	0.0123	0.0123	0.0123	0.0123	0.0123	0.0123	0.0123	0.0123	0.0123	0.0123	0.0123	0.0123	0.0123	0.0123	0.0123
44	0.0139	0.0139	0.0139	0.0139	0.0139	0.0139	0.0139	0.0139	0.0139	0.0139	0.0139	0.0139	0.0139	0.0139	0.0139	0.0139	0.0139	0.0139	0.0139	0.0139	0.0139	0.0139	0.0139	0.0139	0.0139	0.0139	0.0139	0.0139	0.0139	0.0139	0.0139	0.0139	0.0139	0.0139	0.0139	0.0139	0.0139	0.0139	0.0139	0.0139	0.0139	0.0139	0.0139	0.0139	0.0139	0.0139	0.0139	0.0139	0.0139	0.0139	0.0139	0.0139	0.0139	0.0139	0.0139	0.0139	0.0139	0.0139	0.0139	0.0139	0.0139	0.0139	0.0139	0.0139	0.0139	0.0139	0.0139	0.0139	0.0139	0.0139	0.0139	0.0139	0.0139	0.0139	0.0139	0.0139	0.0139	0.0139	0.0139	0.0139	0.0139	0.0139	0.0139	0.0139	0.0139	0.0139	0.0139	0.0139	0.0139	0.0139	0.0139	0.0139	0.0139	0.0139	0.0139	0.0139	0.0139	0.0139	0.0139	0.0139	0.0139	0.0139	0.0139	0.0139	0.0139	0.0139	0.0139	0.0139	0.0139	0.0139	0.0139	0.0139	0.0139	0.0139	0.0139	0.0139	0.0139	0.0139	0.0139	0.0139	0.0139	0.0139	0.0139	0.0139	0.0139	0.0139	0.0139	0.0139	0.0139	0.0139	0.0139	0.0139	0.0139	0.0139	0.0139	0.0139	0.0139	0.0139	0.0139	0.0139	0.0139	0.0139	0.0139	0.0139	0.0139	0.0139	0.0139	0.0139	0.0139	0.8121	0.8121	0.0115	0.0115	0.0115	0.0115	0.0115	0.0115	0.0115	0.0115	0.0115	0.0115	0.0115	0.0115	0.0115	0.0115	0.0115	0.0115	0.0115	0.0115	0.0115	0.0115	0.0115	0.0115	0.0115	0.0115	0.0115	0.0115	0.0115	0.0115	0.0115	0.0115	0.0115	0.0115	0.0115	0.0115	0.0115	0.0115	0.0115	0.0115	0.0115	0.0115	0.0115	0.0115	0.0115	0.0115	0.0115	0.0115	0.0115	0.0115	0.0115	0.0115	0.0115	0.0115	0.0115	0.0115	0.0115	0.0115	0.0115	0.0115	0.0115	0.0115	0.0115	0.0115	0.0115	0.0115	0.0115	0.0115	0.0115	0.0115	0.0115	0.0115	0.0115	0.0115	0.0115	0.0115	0.0115	0.0115	0.0115	0.0115	0.0115	0.0115	0.0115	0.0115	0.0115	0.0115	0.0115	0.0115	0.0115	0.0115	0.0115	0.0115	0.0115	0.0115	0.0115	0.0115	0.0115	0.0115	0.0115	0.0115	0.0115	0.0115	0.0115	0.0115	0.0115	0.0115	0.0115	0.0115	0.0115	0.0115	0.0115	0.0115	0.0115	0.0115	0.0115	0.0115	0.0115	0.0115	0.0115	0.0115	0.0115	0.0115	0.0115	0.0115	0.0115	0.0115	0.0115	0.0115	0.0115	0.0115	0.0115	0.0115	0.0115	0.0115	0.0115	0.0115	0.0115	0.0115	0.0115	0.0115	0.0115	0.0115	0.0115	0.0115	0.0115	0.0115	0.0115	0.0115	0.0115	0.0115	0.0115
45	0.0279	0.0279	0.0279	0.0279	0.0279	0.0279	0.0279	0.0279	0.0279	0.0279	0.0279	0.0279	0.0279	0.0279	0.0279	0.0279	0.0279	0.0279	0.0279	0.0279	0.0279	0.0279	0.0279	0.0279	0.0279	0.0279	0.0279	0.0279	0.0279	0.0279	0.0279	0.0279	0.0279	0.0279	0.0279	0.0279	0.0279	0.0279	0.0279	0.0279	0.0279	0.0279	0.0279	0.0279	0.0279	0.0279	0.0279	0.0279	0.0279	0.0279	0.0279	0.0279	0.0279	0.0279	0.0279	0.0279	0.0279	0.0279	0.0279	0.0279	0.0279	0.0279	0.0279	0.0279	0.0279	0.0279	0.0279	0.0279	0.0279	0.0279	0.0279	0.0279	0.0279	0.0279	0.0279	0.0279	0.0279	0.0279	0.0279	0.0279	0.0279	0.0279	0.0279	0.0279	0.0279	0.0279	0.0279	0.0279	0.0279	0.0279	0.0279	0.0279	0.0279	0.0279	0.0279	0.0279	0.0279	0.0279	0.0279	0.0279	0.0279	0.0279	0.0279	0.0279	0.0279	0.0279	0.0279	0.0279	0.0279	0.0279	0.0279	0.0279	0.0279	0.0279	0.0279	0.0279	0.0279	0.0279	0.0279	0.0279	0.0279	0.0279	0.0279	0.0279	0.0279	0.0279	0.0279	0.0279	0.0279	0.0279	0.0279	0.0279	0.0279	0.0279	0.0279	0.0279	0.0279	0.0279	0.0279	0.0279	0.0279	0.0279	0.0279	0.0279	0.0279	0.0279	0.0279	0.0279	0.0279	0.2238	0.2238	0.0278	0.0278	0.0278	0.0278	0.0278	0.0278	0.0278	0.0278	0.0278	0.0278	0.0278	0.0278	0.0278	0.0278	0.0278	0.0278	0.0278	0.0278	0.0278	0.0278	0.0278	0.0278	0.0278	0.0278	0.0278	0.0278	0.0278	0.0278	0.0278	0.0278	0.0278	0.0278	0.0278	0.0278	0.0278	0.0278	0.0278	0.0278	0.0278	0.0278	0.0278	0.0278	0.0278	0.0278	0.0278	0.0278	0.0278	0.0278	0.0278	0.0278	0.0278	0.0278	0.0278	0.0278	0.0278	0.0278	0.0278	0.0278	0.0278	0.0278	0.0278	0.0278	0.0278	0.0278	0.0278	0.0278	0.0278	0.0278	0.0278	0.0278	0.0278	0.0278	0.0278	0.0278	0.0278	0.0278	0.0278	0.0278	0.0278	0.0278	0.0278	0.0278	0.0278	0.0278	0.0278	0.0278	0.0278	0.0278	0.0278	0.0278	0.0278	0.0278	0.0278	0.0278	0.0278	0.0278	0.0278	0.0278	0.0278	0.0278	0.0278	0.0278	0.0278	0.0278	0.0278	0.0278	0.0278	0.0278	0.0278	0.0278	0.0278	0.0278	0.0278	0.0278	0.0278	0.0278	0.0278	0.0278	0.0278	0.0278	0.0278	0.0278	0.0278	0.0278	0.0278	0.0278	0.0278	0.0278	0.0278	0.0278	0.0278	0.0278	0.0278	0.0278	0.0278	0.0278	0.0278	0.0278	0.0278	0.0278	0.0278	0.0278	0.0278	0.0278	0.0278	0.0278	0.0278	0.0278	0.0278
46	0.0247	0.0247	0.0247	0.0247	0.0247	0.0247	0.0247	0.0247	0.0247	0.0247	0.0247	0.0247	0.0247	0.0247	0.0247	0.0247	0.0247	0.0247	0.0247	0.0247	0.0247	0.0247	0.0247	0.0247	0.0247	0.0247	0.0247	0.0247	0.0247	0.0247	0.0247	0.0247	0.0247	0.0247	0.0247	0.0247	0.0247	0.0247	0.0247	0.0247	0.0247	0.0247	0.0247	0.0247	0.0247	0.0247	0.0247	0.0247	0.0247	0.0247	0.0247	0.0247	0.0247	0.0247	0.0247	0.0247	0.0247	0.0247	0.0247	0.0247	0.0247	0.0247	0.0247	0.0247	0.0247	0.0247	0.0247	0.0247	0.0247	0.0247	0.0247	0.0247	0.0247	0.0247	0.0247	0.0247	0.0247	0.0247	0.0247	0.0247	0.0247	0.0247	0.0247	0.0247	0.0247	0.0247	0.0247	0.0247	0.0247	0.0247	0.0247	0.0247	0.0247	0.0247	0.0247	0.0247	0.0247	0.0247	0.0247	0.0247	0.0247	0.0247	0.0247	0.0247	0.0247	0.0247	0.0247	0.0247	0.0247	0.0247	0.0247	0.0247	0.0247	0.0247	0.0247	0.0247	0.0247	0.0247	0.0247	0.0247	0.0247	0.0247	0.0247	0.0247	0.0247	0.0247	0.0247	0.0247	0.0247	0.0247	0.0247	0.0247	0.0247	0.0247	0.0247	0.0247	0.0247	0.0247	0.0247	0.0247	0.0247	0.0247	0.0247	0.0247	0.0247	0.0247	0.0247	0.0247	0.0247	0.1554	0.1554	0.0076	0.0076	0.0076	0.0076	0.0076	0.0076	0.0076	0.0076	0.0076	0.0076	0.0076	0.0076	0.0076	0.0076	0.0076	0.0076	0.0076	0.0076	0.0076	0.0076	0.0076	0.0076	0.0076	0.0076	0.0076	0.0076	0.0076	0.0076	0.0076	0.0076	0.0076	0.0076	0.0076	0.0076	0.0076	0.0076	0.0076	0.0076	0.0076	0.0076	0.0076	0.0076	0.0076	0.0076	0.0076	0.0076	0.0076	0.0076	0.0076	0.0076	0.0076	0.0076	0.0076	0.0076	0.0076	0.0076	0.0076	0.0076	0.0076	0.0076	0.0076	0.0076	0.0076	0.0076	0.0076	0.0076	0.0076	0.0076	0.0076	0.0076	0.0076	0.0076	0.0076	0.0076	0.0076	0.0076	0.0076	0.0076	0.0076	0.0076	0.0076	0.0076	0.0076	0.0076	0.0076	0.0076	0.0076	0.0076	0.0076	0.0076	0.0076	0.0076	0.0076	0.0076	0.0076	0.0076	0.0076	0.0076	0.0076	0.0076	0.0076	0.0076	0.0076	0.0076	0.0076	0.0076	0.0076	0.0076	0.0076	0.0076	0.0076	0.0076	0.0076	0.0076	0.0076	0.0076	0.0076	0.0076	0.0076	0.0076	0.0076	0.0076	0.0076	0.0076	0.0076	0.0076	0.0076	0.0076	0.0076	0.0076	0.0076	0.0076	0.0076	0.0076	0.0076	0.0076	0.0076	0.0076	0.0076	0.0076	0.0076	0.0076	0.0076	0.0076	0.0076	0.0076	0.0076	0.0076	0.0076
47	0.0196	0.0196	0.0196	0.0196	0.0196	0.0196	0.0196	0.0196	0.0196	0.0196	0.0196	0.0196	0.0196	0.0196	0.0196	0.0196	0.0196	0.0196	0.0196	0.0196	0.0196	0.0196	0.0196	0.0196	0.0196	0.0196	0.0196	0.0196	0.0196	0.0196	0.0196	0.0196	0.0196	0.0196	0.0196	0.0196	0.0196	0.0196	0.0196	0.0196	0.0196	0.0196	0.0196	0.0196	0.0196	0.0196	0.0196	0.0196	0.0196	0.0196	0.0196	0.0196	0.0196	0.0196	0.0196	0.0196	0.0196	0.0196	0.0196	0.0196	0.0196	0.0196	0.0196	0.0196	0.0196	0.0196	0.0196	0.0196	0.0196	0.0196	0.0196	0.0196	0.0196	0.0196	0.0196	0.0196	0.0196	0.0196	0.0196	0.0196	0.0196	0.0196	0.0196	0.0196	0.0196	0.0196	0.0196	0.0196	0.0196	0.0196	0.0196	0.0196	0.0196	0.0196	0.0196	0.0196	0.0196	0.0196	0.0196	0.0196	0.0196	0.0196	0.0196	0.0196	0.0196	0.0196	0.0196	0.0196	0.0196	0.0196	0.0196	0.0196	0.0196	0.0196	0.0196	0.0196	0.0196	0.0196	0.0196	0.0196	0.0196	0.0196	0.0196	0.0196	0.0196	0.0196	0.0196	0.0196	0.0196	0.0196	0.0196	0.0196	0.0196	0.0196	0.0196	0.0196	0.0196	0.0196	0.0196	0.0196	0.0196	0.0196	0.0196	0.0196	0.0196	0.0196	0.0196	0.0196	0.0196	0.1497	0.1497	0.0088	0.0088	0.0088	0.0088	0.0088	0.0088	0.0088	0.0088	0.0088	0.0088	0.0088	0.0088	0.0088	0.0088	0.0088	0.0088	0.0088	0.0088	0.0088	0.0088	0.0088	0.0088	0.0088	0.0088	0.0088	0.0088	0.0088	0.0088	0.0088	0.0088	0.0088	0.0088	0.0088	0.0088	0.0088	0.0088	0.0088	0.0088	0.0088	0.0088	0.0088	0.0088	0.0088	0.0088	0.0088	0.0088	0.0088	0.0088	0.0088	0.0088	0.0088	0.0088	0.0088	0.0088	0.0088	0.0088	0.0088	0.0088	0.0088	0.0088	0.0088	0.0088	0.0088	0.0088	0.0088	0.0088	0.0088	0.0088	0.0088	0.0088	0.0088	0.0088	0.0088	0.0088	0.0088	0.0088	0.0088	0.0088	0.0088	0.0088	0.0088	0.0088	0.0088	0.0088	0.0088	0.0088	0.0088	0.0088	0.0088	0.0088	0.0088	0.0088	0.0088	0.0088	0.0088	0.0088	0.0088	0.0088	0.0088	0.0088	0.0088	0.0088	0.0088	0.0088	0.0088	0.0088	0.0088	0.0088	0.0088	0.0088	0.0088	0.0088	0.0088	0.0088	0.0088	0.0088	0.0088	0.0088	0.0088	0.0088	0.0088	0.0088	0.0088	0.0088	0.0088	0.0088	0.0088	0.0088	0.0088	0.0088	0.0088	0.0088	0.0088	0.0088	0.0088	0.0088	0.0088	0.0088	0.0088	0.0088	0.0088	0.0088	0.0088	0.0088	0.0088	0.0088	0.0088	0.0088	0.0088
48	0.0079	0.0079	0.0079	0.0079	0.0079	0.0079	0.0079	0.0079	0.0079	0.0079	0.0079	0.0079	0.0079	0.0079	0.0079	0.0079	0.0079	0.0079	0.0079	0.0079	0.0079	0.0079	0.0079	0.0079	0.0079	0.0079	0.0079	0.0079	0.0079	0.0079	0.0079	0.0079	0.0079	0.0079	0.0079	0.0079	0.0079	0.0079	0.0079	0.0079	0.0079	0.0079	0.0079	0.0079	0.0079	0.0079	0.0079	0.0079	0.0079	0.0079	0.0079	0.0079	0.0079	0.0079	0.0079	0.0079	0.0079	0.0079	0.0079	0.0079	0.0079	0.0079	0.0079	0.0079	0.0079	0.0079	0.0079	0.0079	0.0079	0.0079	0.0079	0.0079	0.0079	0.0079	0.0079	0.0079	0.0079	0.0079	0.0079	0.0079	0.0079	0.0079	0.0079	0.0079	0.0079	0.0079	0.0079	0.0079	0.0079	0.0079	0.0079	0.0079	0.0079	0.0079	0.0079	0.0079	0.0079	0.0079	0.0079	0.0079	0.0079	0.0079	0.0079	0.0079	0.0079	0.0079	0.0079	0.0079	0.0079	0.0079	0.0079	0.0079	0.0079	0.0079	0.0079	0.0079	0.0079	0.0079	0.0079	0.0079	0.0079	0.0079	0.0079	0.0079	0.0079	0.0079	0.0079	0.0079	0.0079	0.0079	0.0079	0.0079	0.0079	0.0079	0.0079	0.0079	0.0079	0.0079	0.0079	0.0079	0.0079	0.0079	0.0079	0.0079	0.0079	0.0079	0.0079	0.0079	0.0079	0.1749	0.1749	0.0358	0.0358	0.0358	0.0358	0.0358	0.0358	0.0358	0.0358	0.0358	0.0358	0.0358	0.0358	0.0358	0.0358	0.0358	0.0358	0.0358	0.0358	0.0358	0.0358	0.0358	0.0358	0.0358	0.0358	0.0358	0.0358	0.0358	0.0358	0.0358	0.0358	0.0358	0.0358	0.0358	0.0358	0.0358	0.0358	0.0358	0.0358	0.0358	0.0358	0.0358	0.0358	0.0358	0.0358	0.0358	0.0358	0.0358	0.0358	0.0358	0.0358	0.0358	0.0358	0.0358	0.0358	0.0358	0.0358	0.0358	0.0358	0.0358	0.0358	0.0358	0.0358	0.0358	0.0358	0.0358	0.0358	0.0358	0.0358	0.0358	0.0358	0.0358	0.0358	0.0358	0.0358	0.0358	0.0358	0.0358	0.0358	0.0358	0.0358	0.0358	0.0358	0.0358	0.0358	0.0358	0.0358	0.0358	0.0358	0.0358	0.0358	0.0358	0.0358	0.0358	0.0358	0.0358	0.0358	0.0358	0.0358	0.0358	0.0358	0.0358	0.0358	0.0358	0.0358	0.0358	0.0358	0.0358	0.0358	0.0358	0.0358	0.0358	0.0358	0.0358	0.0358	0.0358	0.0358	0.0358	0.0358	0.0358	0.0358	0.0358	0.0358	0.0358	0.0358	0.0358	0.0358	0.0358	0.0358	0.0358	0.0358	0.0358	0.0358	0.0358	0.0358	0.0358	0.0358	0.0358	0.0358	0.0358	0.0358	0.0358	0.0358	0.0358	0.0358	0.0358	0.0358	0.0358	0.0358	0.0358
49	0.0091	0.0091	0.0091	0.0091	0.0091	0.0091	0.0091	0.0091	0.0091	0.0091	0.0091	0.0091	0.0091	0.0091	0.0091	0.0091	0.0091	0.0091	0.0091	0.0091	0.0091	0.0091	0.0091	0.0091	0.0091	0.0091	0.0091	0.0091	0.0091	0.0091	0.0091	0.0091	0.0091	0.0091	0.0091	0.0091	0.0091	0.0091	0.0091	0.0091	0.0091	0.0091	0.0091	0.0091	0.0091	0.0091	0.0091	0.0091	0.0091	0.0091	0.0091	0.0091	0.0091	0.0091	0.0091	0.0091	0.0091	0.0091	0.0091	0.0091	0.0091	0.0091	0.0091	0.0091	0.0091	0.0091	0.0091	0.0091	0.0091	0.0091	0.0091	0.0091	0.0091	0.0091	0.0091	0.0091	0.0091	0.0091	0.0091	0.0091	0.0091	0.0091	0.0091	0.0091	0.0091	0.0091	0.0091	0.0091	0.0091	0.0091	0.0091	0.0091	0.0091	0.0091	0.0091	0.0091	0.0091	0.0091	0.0091	0.0091	0.0091	0.0091	0.0091	0.0091	0.0091	0.0091	0.0091	0.0091	0.0091	0.0091	0.0091	0.0091	0.0091	0.0091	0.0091	0.0091	0.0091	0.0091	0.0091	0.0091	0.0091	0.0091	0.0091	0.0091	0.0091	0.0091	0.0091	0.0091	0.0091	0.0091	0.0091	0.0091	0.0091	0.0091	0.0091	0.0091	0.0091	0.0091	0.0091	0.0091	0.0091	0.0091	0.0091	0.0091	0.0091	0.0091	0.0091	0.0091	0.0091	0.1911	0.1911	0.0119	0.0119	0.0119	0.0119	0.0119	0.0119	0.0119	0.0119	0.0119	0.0119	0.0119	0.0119	0.0119	0.0119	0.0119	0.0119	0.0119	0.0119	0.0119	0.0119	0.0119	0.0119	0.0119	0.0119	0.0119	0.0119	0.0119	0.0119	0.0119	0.0119	0.0119	0.0119	0.0119	0.0119	0.0119	0.0119	0.0119	0.0119	0.0119	0.0119	0.0119	0.0119	0.0119	0.0119	0.0119	0.0119	0.0119	0.0119	0.0119	0.0119	0.0119	0.0119	0.0119	0.0119	0.0119	0.0119	0.0119	0.0119	0.0119	0.0119	0.0119	0.0119	0.0119	0.0119	0.0119	0.0119	0.0119	0.0119	0.0119	0.0119	0.0119	0.0119	0.0119	0.0119	0.0119	0.0119	0.0119	0.0119	0.0119	0.0119	0.0119	0.0119	0.0119	0.0119	0.0119	0.0119	0.0119	0.0119	0.0119	0.0119	0.0119	0.0119	0.0119	0.0119	0.0119	0.0119	0.0119	0.0119	0.0119	0.0119	0.0119	0.0119	0.0119	0.0119	0.0119	0.0119	0.0119	0.0119	0.0119	0.0119	0.0119	0.0119	0.0119	0.0119	0.0119	0.0119	0.0119	0.0119	0.0119	0.0119	0.0119	0.0119	0.0119	0.0119	0.0119	0.0119	0.0119	0.0119	0.0119	0.0119	0.0119	0.0119	0.0119	0.0119	0.0119	0.0119	0.0119	0.0119	0.0119	0.0119	0.0119	0.0119	0.0119	0.0119	0.0119	0.0119	0.0119	0.0119	0.0119
50	0.003	0.003	0.003	0.003	0.003	0.003	0.003	0.003	0.003	0.003	0.003	0.003	0.003	0.003	0.003	0.003	0.003	0.003	0.003	0.003	0.003	0.003	0.003	0.003	0.003	0.003	0.003	0.003	0.003	0.003	0.003	0.003	0.003	0.003	0.003	0.003	0.003	0.003	0.003	0.003	0.003	0.003	0.003	0.003	0.003	0.003	0.003	0.003	0.003	0.003	0.003	0.003	0.003	0.003	0.003	0.003	0.003	0.003	0.003	0.003	0.003	0.003	0.003	0.003	0.003	0.003	0.003	0.003	0.003	0.003	0.003	0.003	0.003	0.003	0.003	0.003	0.003	0.003	0.003	0.003	0.003	0.003	0.003	0.003	0.003	0.003	0.003	0.003	0.003	0.003	0.003	0.003	0.003	0.003	0.003	0.003	0.003	0.003	0.003	0.003	0.003	0.003	0.003	0.003	0.003	0.003	0.003	0.003	0.003	0.003	0.003	0.003	0.003	0.003	0.003	0.003	0.003	0.003	0.003	0.003	0.003	0.003	0.003	0.003	0.003	0.003	0.003	0.003	0.003	0.003	0.003	0.003	0.003	0.003	0.003	0.003	0.003	0.003	0.003	0.003	0.003	0.003	0.003	0.003	0.003	0.003	0.003	0.003	0.003	0.1571	0.1571	0.0212	0.0212	0.0212	0.0212	0.0212	0.0212	0.0212	0.0212	0.0212	0.0212	0.0212	0.0212	0.0212	0.0212	0.0212	0.0212	0.0212	0.0212	0.0212	0.0212	0.0212	0.0212	0.0212	0.0212	0.0212	0.0212	0.0212	0.0212	0.0212	0.0212	0.0212	0.0212	0.0212	0.0212	0.0212	0.0212	0.0212	0.0212	0.0212	0.0212	0.0212	0.0212	0.0212	0.0212	0.0212	0.0212	0.0212	0.0212	0.0212	0.0212	0.0212	0.0212	0.0212	0.0212	0.0212	0.0212	0.0212	0.0212	0.0212	0.0212	0.0212	0.0212	0.0212	0.0212	0.0212	0.0212	0.0212	0.0212	0.0212	0.0212	0.0212	0.0212	0.0212	0.0212	0.0212	0.0212	0.0212	0.0212	0.0212	0.0212	0.0212	0.0212	0.0212	0.0212	0.0212	0.0212	0.0212	0.0212	0.0212	0.0212	0.0212	0.0212	0.0212	0.0212	0.0212	0.0212	0.0212	0.0212	0.0212	0.0212	0.0212	0.0212	0.0212	0.0212	0.0212	0.0212	0.0212	0.0212	0.0212	0.0212	0.0212	0.0212	0.0212	0.0212	0.0212	0.0212	0.0212	0.0212	0.0212	0.0212	0.0212	0.0212	0.0212	0.0212	0.0212	0.0212	0.0212	0.0212	0.0212	0.0212	0.0212	0.0212	0.0212	0.0212	0.0212	0.0212	0.0212	0.0212	0.0212	0.0212	0.0212	0.0212	0.0212	0.0212	0.0212	0.0212	0.0212	0.0212	0.0212
51	0.9138	0.9138	0.9138	0.9138	0.9138	0.9138	0.9138	0.9138	0.9138	0.9138	0.9138	0.9138	0.9138	0.9138	0.9138	0.9138	0.9138	0.9138	0.9138	0.9138	0.9138	0.9138	0.9138	0.9138	0.9138	0.9138	0.9138	0.9138	0.9138	0.9138	0.9138	0.9138	0.9138	0.9138	0.9138	0.9138	0.9138	0.9138	0.9138	0.9138	0.9138	0.9138	0.9138	0.9138	0.9138	0.9138	0.9138	0.9138	0.9138	0.9138	0.9138	0.9138	0.9138	0.9138	0.9138	0.9138	0.9138	0.9138	0.9138	0.9138	0.9138	0.9138	0.9138	0.9138	0.9138	0.9138	0.9138	0.9138	0.9138	0.9138	0.9138	0.9138	0.9138	0.9138	0.9138	0.9138	0.9138	0.9138	0.9138	0.9138	0.9138	0.9138	0.9138	0.9138	0.9138	0.9138	0.9138	0.9138	0.9138	0.9138	0.9138	0.9138	0.9138	0.9138	0.9138	0.9138	0.9138	0.9138	0.9138	0.9138	0.9138	0.9138	0.9138	0.9138	0.9138	0.9138	0.9138	0.9138	0.9138	0.9138	0.9138	0.9138	0.9138	0.9138	0.9138	0.9138	0.9138	0.9138	0.9138	0.9138	0.9138	0.9138	0.9138	0.9138	0.9138	0.9138	0.9138	0.9138	0.9138	0.9138	0.9138	0.9138	0.9138	0.9138	0.9138	0.9138	0.9138	0.9138	0.9138	0.9138	0.9138	0.9138	0.9138	0.9138	0.9138	0.9138	0.9138	0.9138	0.9138	0.8829	0.8829	0.022	0.022	0.022	0.022	0.022	0.022	0.022	0.022	0.022	0.022	0.022	0.022	0.022	0.022	0.022	0.022	0.022	0.022	0.022	0.022	0.022	0.022	0.022	0.022	0.022	0.022	0.022	0.022	0.022	0.022	0.022	0.022	0.022	0.022	0.022	0.022	0.022	0.022	0.022	0.022	0.022	0.022	0.022	0.022	0.022	0.022	0.022	0.022	0.022	0.022	0.022	0.022	0.022	0.022	0.022	0.022	0.022	0.022	0.022	0.022	0.022	0.022	0.022	0.022	0.022	0.022	0.022	0.022	0.022	0.022	0.022	0.022	0.022	0.022	0.022	0.022	0.022	0.022	0.022	0.022	0.022	0.022	0.022	0.022	0.022	0.022	0.022	0.022	0.022	0.022	0.022	0.022	0.022	0.022	0.022	0.022	0.022	0.022	0.022	0.022	0.022	0.022	0.022	0.022	0.022	0.022	0.022	0.022	0.022	0.022	0.022	0.022	0.022	0.022	0.022	0.022	0.022	0.022	0.022	0.022	0.022	0.022	0.022	0.022	0.022	0.022	0.022	0.022	0.022	0.022	0.022	0.022	0.022	0.022	0.022	0.022	0.022	0.022	0.022	0.022	0.022	0.022	0.022	0.022	0.022	0.022	0.022	0.022	0.022
52	0.933	0.933	0.933	0.933	0.933	0.933	0.933	0.933	0.933	0.933	0.933	0.933	0.933	0.933	0.933	0.933	0.933	0.933	0.933	0.933	0.933	0.933	0.933	0.933	0.933	0.933	0.933	0.933	0.933	0.933	0.933	0.933	0.933	0.933	0.933	0.933	0.933	0.933	0.933	0.933	0.933	0.933	0.933	0.933	0.933	0.933	0.933	0.933	0.933	0.933	0.933	0.933	0.933	0.933	0.933	0.933	0.933	0.933	0.933	0.933	0.933	0.933	0.933	0.933	0.933	0.933	0.933	0.933	0.933	0.933	0.933	0.933	0.933	0.933	0.933	0.933	0.933	0.933	0.933	0.933	0.933	0.933	0.933	0.933	0.933	0.933	0.933	0.933	0.933	0.933	0.933	0.933	0.933	0.933	0.933	0.933	0.933	0.933	0.933	0.933	0.933	0.933	0.933	0.933	0.933	0.933	0.933	0.933	0.933	0.933	0.933	0.933	0.933	0.933	0.933	0.933	0.933	0.933	0.933	0.933	0.933	0.933	0.933	0.933	0.933	0.933	0.933	0.933	0.933	0.933	0.933	0.933	0.933	0.933	0.933	0.933	0.933	0.933	0.933	0.933	0.933	0.933	0.933	0.933	0.933	0.933	0.933	0.933	0.933	0.8885	0.8885	0.9686	0.9686	0.9686	0.9686	0.9686	0.9686	0.9686	0.9686	0.9686	0.9686	0.9686	0.9686	0.9686	0.9686	0.9686	0.9686	0.9686	0.9686	0.9686	0.9686	0.9686	0.9686	0.9686	0.9686	0.9686	0.9686	0.9686	0.9686	0.9686	0.9686	0.9686	0.9686	0.9686	0.9686	0.9686	0.9686	0.9686	0.9686	0.9686	0.9686	0.9686	0.9686	0.9686	0.9686	0.9686	0.9686	0.9686	0.9686	0.9686	0.9686	0.9686	0.9686	0.9686	0.9686	0.9686	0.9686	0.9686	0.9686	0.9686	0.9686	0.9686	0.9686	0.9686	0.9686	0.9686	0.9686	0.9686	0.9686	0.9686	0.9686	0.9686	0.9686	0.9686	0.9686	0.9686	0.9686	0.9686	0.9686	0.9686	0.9686	0.9686	0.9686	0.9686	0.9686	0.9686	0.9686	0.9686	0.9686	0.9686	0.9686	0.9686	0.9686	0.9686	0.9686	0.9686	0.9686	0.9686	0.9686	0.9686	0.9686	0.9686	0.9686	0.9686	0.9686	0.9686	0.9686	0.9686	0.9686	0.9686	0.9686	0.9686	0.9686	0.9686	0.9686	0.9686	0.9686	0.9686	0.9686	0.9686	0.9686	0.9686	0.9686	0.9686	0.9686	0.9686	0.9686	0.9686	0.9686	0.9686	0.9686	0.9686	0.9686	0.9686	0.9686	0.9686	0.9686	0.9686	0.9686	0.9686	0.9686	0.9686	0.9686	0.9686	0.9686	0.9686	0.9686	0.9686	0.9686	0.9686
53	0.0082	0.0082	0.0082	0.0082	0.0082	0.0082	0.0082	0.0082	0.0082	0.0082	0.0082	0.0082	0.0082	0.0082	0.0082	0.0082	0.0082	0.0082	0.0082	0.0082	0.0082	0.0082	0.0082	0.0082	0.0082	0.0082	0.0082	0.0082	0.0082	0.0082	0.0082	0.0082	0.0082	0.0082	0.0082	0.0082	0.0082	0.0082	0.0082	0.0082	0.0082	0.0082	0.0082	0.0082	0.0082	0.0082	0.0082	0.0082	0.0082	0.0082	0.0082	0.0082	0.0082	0.0082	0.0082	0.0082	0.0082	0.0082	0.0082	0.0082	0.0082	0.0082	0.0082	0.0082	0.0082	0.0082	0.0082	0.0082	0.0082	0.0082	0.0082	0.0082	0.0082	0.0082	0.0082	0.0082	0.0082	0.0082	0.0082	0.0082	0.0082	0.0082	0.0082	0.0082	0.0082	0.0082	0.0082	0.0082	0.0082	0.0082	0.0082	0.0082	0.0082	0.0082	0.0082	0.0082	0.0082	0.0082	0.0082	0.0082	0.0082	0.0082	0.0082	0.0082	0.0082	0.0082	0.0082	0.0082	0.0082	0.0082	0.0082	0.0082	0.0082	0.0082	0.0082	0.0082	0.0082	0.0082	0.0082	0.0082	0.0082	0.0082	0.0082	0.0082	0.0082	0.0082	0.0082	0.0082	0.0082	0.0082	0.0082	0.0082	0.0082	0.0082	0.0082	0.0082	0.0082	0.0082	0.0082	0.0082	0.0082	0.0082	0.0082	0.0082	0.0082	0.0082	0.0082	0.0082	0.0082	0.8404	0.8404	0.0151	0.0151	0.0151	0.0151	0.0151	0.0151	0.0151	0.0151	0.0151	0.0151	0.0151	0.0151	0.0151	0.0151	0.0151	0.0151	0.0151	0.0151	0.0151	0.0151	0.0151	0.0151	0.0151	0.0151	0.0151	0.0151	0.0151	0.0151	0.0151	0.0151	0.0151	0.0151	0.0151	0.0151	0.0151	0.0151	0.0151	0.0151	0.0151	0.0151	0.0151	0.0151	0.0151	0.0151	0.0151	0.0151	0.0151	0.0151	0.0151	0.0151	0.0151	0.0151	0.0151	0.0151	0.0151	0.0151	0.0151	0.0151	0.0151	0.0151	0.0151	0.0151	0.0151	0.0151	0.0151	0.0151	0.0151	0.0151	0.0151	0.0151	0.0151	0.0151	0.0151	0.0151	0.0151	0.0151	0.0151	0.0151	0.0151	0.0151	0.0151	0.0151	0.0151	0.0151	0.0151	0.0151	0.0151	0.0151	0.0151	0.0151	0.0151	0.0151	0.0151	0.0151	0.0151	0.0151	0.0151	0.0151	0.0151	0.0151	0.0151	0.0151	0.0151	0.0151	0.0151	0.0151	0.0151	0.0151	0.0151	0.0151	0.0151	0.0151	0.0151	0.0151	0.0151	0.0151	0.0151	0.0151	0.0151	0.0151	0.0151	0.0151	0.0151	0.0151	0.0151	0.0151	0.0151	0.0151	0.0151	0.0151	0.0151	0.0151	0.0151	0.0151	0.0151	0.0151	0.0151	0.0151	0.0151	0.0151	0.0151	0.0151	0.0151	0.0151	0.0151	0.0151	0.0151	0.0151	0.0151
54	0.0106	0.0106	0.0106	0.0106	0.0106	0.0106	0.0106	0.0106	0.0106	0.0106	0.0106	0.0106	0.0106	0.0106	0.0106	0.0106	0.0106	0.0106	0.0106	0.0106	0.0106	0.0106	0.0106	0.0106	0.0106	0.0106	0.0106	0.0106	0.0106	0.0106	0.0106	0.0106	0.0106	0.0106	0.0106	0.0106	0.0106	0.0106	0.0106	0.0106	0.0106	0.0106	0.0106	0.0106	0.0106	0.0106	0.0106	0.0106	0.0106	0.0106	0.0106	0.0106	0.0106	0.0106	0.0106	0.0106	0.0106	0.0106	0.0106	0.0106	0.0106	0.0106	0.0106	0.0106	0.0106	0.0106	0.0106	0.0106	0.0106	0.0106	0.0106	0.0106	0.0106	0.0106	0.0106	0.0106	0.0106	0.0106	0.0106	0.0106	0.0106	0.0106	0.0106	0.0106	0.0106	0.0106	0.0106	0.0106	0.0106	0.0106	0.0106	0.0106	0.0106	0.0106	0.0106	0.0106	0.0106	0.0106	0.0106	0.0106	0.0106	0.0106	0.0106	0.0106	0.0106	0.0106	0.0106	0.0106	0.0106	0.0106	0.0106	0.0106	0.0106	0.0106	0.0106	0.0106	0.0106	0.0106	0.0106	0.0106	0.0106	0.0106	0.0106	0.0106	0.0106	0.0106	0.0106	0.0106	0.0106	0.0106	0.0106	0.0106	0.0106	0.0106	0.0106	0.0106	0.0106	0.0106	0.0106	0.0106	0.0106	0.0106	0.0106	0.0106	0.0106	0.0106	0.0106	0.0106	0.0106	0.8442	0.8442	0.0233	0.0233	0.0233	0.0233	0.0233	0.0233	0.0233	0.0233	0.0233	0.0233	0.0233	0.0233	0.0233	0.0233	0.0233	0.0233	0.0233	0.0233	0.0233	0.0233	0.0233	0.0233	0.0233	0.0233	0.0233	0.0233	0.0233	0.0233	0.0233	0.0233	0.0233	0.0233	0.0233	0.0233	0.0233	0.0233	0.0233	0.0233	0.0233	0.0233	0.0233	0.0233	0.0233	0.0233	0.0233	0.0233	0.0233	0.0233	0.0233	0.0233	0.0233	0.0233	0.0233	0.0233	0.0233	0.0233	0.0233	0.0233	0.0233	0.0233	0.0233	0.0233	0.0233	0.0233	0.0233	0.0233	0.0233	0.0233	0.0233	0.0233	0.0233	0.0233	0.0233	0.0233	0.0233	0.0233	0.0233	0.0233	0.0233	0.0233	0.0233	0.0233	0.0233	0.0233	0.0233	0.0233	0.0233	0.0233	0.0233	0.0233	0.0233	0.0233	0.0233	0.0233	0.0233	0.0233	0.0233	0.0233	0.0233	0.0233	0.0233	0.0233	0.0233	0.0233	0.0233	0.0233	0.0233	0.0233	0.0233	0.0233	0.0233	0.0233	0.0233	0.0233	0.0233	0.0233	0.0233	0.0233	0.0233	0.0233	0.0233	0.0233	0.0233	0.0233	0.0233	0.0233	0.0233	0.0233	0.0233	0.0233	0.0233	0.0233	0.0233	0.0233	0.0233	0.0233	0.0233	0.0233	0.0233	0.0233	0.0233	0.0233	0.0233	0.0233	0.0233	0.0233	0.0233	0.0233	0.0233
55	0.9263	0.9263	0.9263	0.9263	0.9263	0.9263	0.9263	0.9263	0.9263	0.9263	0.9263	0.9263	0.9263	0.9263	0.9263	0.9263	0.9263	0.9263	0.9263	0.9263	0.9263	0.9263	0.9263	0.9263	0.9263	0.9263	0.9263	0.9263	0.9263	0.9263	0.9263	0.9263	0.9263	0.9263	0.9263	0.9263	0.9263	0.9263	0.9263	0.9263	0.9263	0.9263	0.9263	0.9263	0.9263	0.9263	0.9263	0.9263	0.9263	0.9263	0.9263	0.9263	0.9263	0.9263	0.9263	0.9263	0.9263	0.9263	0.9263	0.9263	0.9263	0.9263	0.9263	0.9263	0.9263	0.9263	0.9263	0.9263	0.9263	0.9263	0.9263	0.9263	0.9263	0.9263	0.9263	0.9263	0.9263	0.9263	0.9263	0.9263	0.9263	0.9263	0.9263	0.9263	0.9263	0.9263	0.9263	0.9263	0.9263	0.9263	0.9263	0.9263	0.9263	0.9263	0.9263	0.9263	0.9263	0.9263	0.9263	0.9263	0.9263	0.9263	0.9263	0.9263	0.9263	0.9263	0.9263	0.9263	0.9263	0.9263	0.9263	0.9263	0.9263	0.9263	0.9263	0.9263	0.9263	0.9263	0.9263	0.9263	0.9263	0.9263	0.9263	0.9263	0.9263	0.9263	0.9263	0.9263	0.9263	0.9263	0.9263	0.9263	0.9263	0.9263	0.9263	0.9263	0.9263	0.9263	0.9263	0.9263	0.9263	0.9263	0.9263	0.9263	0.9263	0.9263	0.9263	0.9263	0.9263	0.2925	0.2925	0.0092	0.0092	0.0092	0.0092	0.0092	0.0092	0.0092	0.0092	0.0092	0.0092	0.0092	0.0092	0.0092	0.0092	0.0092	0.0092	0.0092	0.0092	0.0092	0.0092	0.0092	0.0092	0.0092	0.0092	0.0092	0.0092	0.0092	0.0092	0.0092	0.0092	0.0092	0.0092	0.0092	0.0092	0.0092	0.0092	0.0092	0.0092	0.0092	0.0092	0.0092	0.0092	0.0092	0.0092	0.0092	0.0092	0.0092	0.0092	0.0092	0.0092	0.0092	0.0092	0.0092	0.0092	0.0092	0.0092	0.0092	0.0092	0.0092	0.0092	0.0092	0.0092	0.0092	0.0092	0.0092	0.0092	0.0092	0.0092	0.0092	0.0092	0.0092	0.0092	0.0092	0.0092	0.0092	0.0092	0.0092	0.0092	0.0092	0.0092	0.0092	0.0092	0.0092	0.0092	0.0092	0.0092	0.0092	0.0092	0.0092	0.0092	0.0092	0.0092	0.0092	0.0092	0.0092	0.0092	0.0092	0.0092	0.0092	0.0092	0.0092	0.0092	0.0092	0.0092	0.0092	0.0092	0.0092	0.0092	0.0092	0.0092	0.0092	0.0092	0.0092	0.0092	0.0092	0.0092	0.0092	0.0092	0.0092	0.0092	0.0092	0.0092	0.0092	0.0092	0.0092	0.0092	0.0092	0.0092	0.0092	0.0092	0.0092	0.0092	0.0092	0.0092	0.0092	0.0092	0.0092	0.0092	0.0092	0.0092	0.0092	0.0092	0.0092	0.0092	0.0092	0.0092	0.0092	0.0092	0.0092
56	0.9755	0.9755	0.9755	0.9755	0.9755	0.9755	0.9755	0.9755	0.9755	0.9755	0.9755	0.9755	0.9755	0.9755	0.9755	0.9755	0.9755	0.9755	0.9755	0.9755	0.9755	0.9755	0.9755	0.9755	0.9755	0.9755	0.9755	0.9755	0.9755	0.9755	0.9755	0.9755	0.9755	0.9755	0.9755	0.9755	0.9755	0.9755	0.9755	0.9755	0.9755	0.9755	0.9755	0.9755	0.9755	0.9755	0.9755	0.9755	0.9755	0.9755	0.9755	0.9755	0.9755	0.9755	0.9755	0.9755	0.9755	0.9755	0.9755	0.9755	0.9755	0.9755	0.9755	0.9755	0.9755	0.9755	0.9755	0.9755	0.9755	0.9755	0.9755	0.9755	0.9755	0.9755	0.9755	0.9755	0.9755	0.9755	0.9755	0.9755	0.9755	0.9755	0.9755	0.9755	0.9755	0.9755	0.9755	0.9755	0.9755	0.9755	0.9755	0.9755	0.9755	0.9755	0.9755	0.9755	0.9755	0.9755	0.9755	0.9755	0.9755	0.9755	0.9755	0.9755	0.9755	0.9755	0.9755	0.9755	0.9755	0.9755	0.9755	0.9755	0.9755	0.9755	0.9755	0.9755	0.9755	0.9755	0.9755	0.9755	0.9755	0.9755	0.9755	0.9755	0.9755	0.9755	0.9755	0.9755	0.9755	0.9755	0.9755	0.9755	0.9755	0.9755	0.9755	0.9755	0.9755	0.9755	0.9755	0.9755	0.9755	0.9755	0.9755	0.9755	0.9755	0.9755	0.9755	0.9755	0.9755	0.2283	0.2283	0.0063	0.0063	0.0063	0.0063	0.0063	0.0063	0.0063	0.0063	0.0063	0.0063	0.0063	0.0063	0.0063	0.0063	0.0063	0.0063	0.0063	0.0063	0.0063	0.0063	0.0063	0.0063	0.0063	0.0063	0.0063	0.0063	0.0063	0.0063	0.0063	0.0063	0.0063	0.0063	0.0063	0.0063	0.0063	0.0063	0.0063	0.0063	0.0063	0.0063	0.0063	0.0063	0.0063	0.0063	0.0063	0.0063	0.0063	0.0063	0.0063	0.0063	0.0063	0.0063	0.0063	0.0063	0.0063	0.0063	0.0063	0.0063	0.0063	0.0063	0.0063	0.0063	0.0063	0.0063	0.0063	0.0063	0.0063	0.0063	0.0063	0.0063	0.0063	0.0063	0.0063	0.0063	0.0063	0.0063	0.0063	0.0063	0.0063	0.0063	0.0063	0.0063	0.0063	0.0063	0.0063	0.0063	0.0063	0.0063	0.0063	0.0063	0.0063	0.0063	0.0063	0.0063	0.0063	0.0063	0.0063	0.0063	0.0063	0.0063	0.0063	0.0063	0.0063	0.0063	0.0063	0.0063	0.0063	0.0063	0.0063	0.0063	0.0063	0.0063	0.0063	0.0063	0.0063	0.0063	0.0063	0.0063	0.0063	0.0063	0.0063	0.0063	0.0063	0.0063	0.0063	0.0063	0.0063	0.0063	0.0063	0.0063	0.0063	0.0063	0.0063	0.0063	0.0063	0.0063	0.0063	0.0063	0.0063	0.0063	0.0063	0.0063	0.0063	0.0063	0.0063	0.0063	0.0063	0.0063	0.0063
57	0.9679	0.9679	0.9679	0.9679	0.9679	0.9679	0.9679	0.9679	0.9679	0.9679	0.9679	0.9679	0.9679	0.9679	0.9679	0.9679	0.9679	0.9679	0.9679	0.9679	0.9679	0.9679	0.9679	0.9679	0.9679	0.9679	0.9679	0.9679	0.9679	0.9679	0.9679	0.9679	0.9679	0.9679	0.9679	0.9679	0.9679	0.9679	0.9679	0.9679	0.9679	0.9679	0.9679	0.9679	0.9679	0.9679	0.9679	0.9679	0.9679	0.9679	0.9679	0.9679	0.9679	0.9679	0.9679	0.9679	0.9679	0.9679	0.9679	0.9679	0.9679	0.9679	0.9679	0.9679	0.9679	0.9679	0.9679	0.9679	0.9679	0.9679	0.9679	0.9679	0.9679	0.9679	0.9679	0.9679	0.9679	0.9679	0.9679	0.9679	0.9679	0.9679	0.9679	0.9679	0.9679	0.9679	0.9679	0.9679	0.9679	0.9679	0.9679	0.9679	0.9679	0.9679	0.9679	0.9679	0.9679	0.9679	0.9679	0.9679	0.9679	0.9679	0.9679	0.9679	0.9679	0.9679	0.9679	0.9679	0.9679	0.9679	0.9679	0.9679	0.9679	0.9679	0.9679	0.9679	0.9679	0.9679	0.9679	0.9679	0.9679	0.9679	0.9679	0.9679	0.9679	0.9679	0.9679	0.9679	0.9679	0.9679	0.9679	0.9679	0.9679	0.9679	0.9679	0.9679	0.9679	0.9679	0.9679	0.9679	0.9679	0.9679	0.9679	0.9679	0.9679	0.9679	0.9679	0.9679	0.9679	0.2396	0.2396	0.9515	0.9515	0.9515	0.9515	0.9515	0.9515	0.9515	0.9515	0.9515	0.9515	0.9515	0.9515	0.9515	0.9515	0.9515	0.9515	0.9515	0.9515	0.9515	0.9515	0.9515	0.9515	0.9515	0.9515	0.9515	0.9515	0.9515	0.9515	0.9515	0.9515	0.9515	0.9515	0.9515	0.9515	0.9515	0.9515	0.9515	0.9515	0.9515	0.9515	0.9515	0.9515	0.9515	0.9515	0.9515	0.9515	0.9515	0.9515	0.9515	0.9515	0.9515	0.9515	0.9515	0.9515	0.9515	0.9515	0.9515	0.9515	0.9515	0.9515	0.9515	0.9515	0.9515	0.9515	0.9515	0.9515	0.9515	0.9515	0.9515	0.9515	0.9515	0.9515	0.9515	0.9515	0.9515	0.9515	0.9515	0.9515	0.9515	0.9515	0.9515	0.9515	0.9515	0.9515	0.9515	0.9515	0.9515	0.9515	0.9515	0.9515	0.9515	0.9515	0.9515	0.9515	0.9515	0.9515	0.9515	0.9515	0.9515	0.9515	0.9515	0.9515	0.9515	0.9515	0.9515	0.9515	0.9515	0.9515	0.9515	0.9515	0.9515	0.9515	0.9515	0.9515	0.9515	0.9515	0.9515	0.9515	0.9515	0.9515	0.9515	0.9515	0.9515	0.9515	0.9515	0.9515	0.9515	0.9515	0.9515	0.9515	0.9515	0.9515	0.9515	0.9515	0.9515	0.9515	0.9515	0.9515	0.9515	0.9515	0.9515	0.9515	0.9515	0.9515	0.9515	0.9515	0.9515	0.9515	0.9515
58	0.9325	0.9325	0.9325	0.9325	0.9325	0.9325	0.9325	0.9325	0.9325	0.9325	0.9325	0.9325	0.9325	0.9325	0.9325	0.9325	0.9325	0.9325	0.9325	0.9325	0.9325	0.9325	0.9325	0.9325	0.9325	0.9325	0.9325	0.9325	0.9325	0.9325	0.9325	0.9325	0.9325	0.9325	0.9325	0.9325	0.9325	0.9325	0.9325	0.9325	0.9325	0.9325	0.9325	0.9325	0.9325	0.9325	0.9325	0.9325	0.9325	0.9325	0.9325	0.9325	0.9325	0.9325	0.9325	0.9325	0.9325	0.9325	0.9325	0.9325	0.9325	0.9325	0.9325	0.9325	0.9325	0.9325	0.9325	0.9325	0.9325	0.9325	0.9325	0.9325	0.9325	0.9325	0.9325	0.9325	0.9325	0.9325	0.9325	0.9325	0.9325	0.9325	0.9325	0.9325	0.9325	0.9325	0.9325	0.9325	0.9325	0.9325	0.9325	0.9325	0.9325	0.9325	0.9325	0.9325	0.9325	0.9325	0.9325	0.9325	0.9325	0.9325	0.9325	0.9325	0.9325	0.9325	0.9325	0.9325	0.9325	0.9325	0.9325	0.9325	0.9325	0.9325	0.9325	0.9325	0.9325	0.9325	0.9325	0.9325	0.9325	0.9325	0.9325	0.9325	0.9325	0.9325	0.9325	0.9325	0.9325	0.9325	0.9325	0.9325	0.9325	0.9325	0.9325	0.9325	0.9325	0.9325	0.9325	0.9325	0.9325	0.9325	0.9325	0.9325	0.9325	0.9325	0.9325	0.9325	0.9325	0.138	0.138	0.8351	0.8351	0.8351	0.8351	0.8351	0.8351	0.8351	0.8351	0.8351	0.8351	0.8351	0.8351	0.8351	0.8351	0.8351	0.8351	0.8351	0.8351	0.8351	0.8351	0.8351	0.8351	0.8351	0.8351	0.8351	0.8351	0.8351	0.8351	0.8351	0.8351	0.8351	0.8351	0.8351	0.8351	0.8351	0.8351	0.8351	0.8351	0.8351	0.8351	0.8351	0.8351	0.8351	0.8351	0.8351	0.8351	0.8351	0.8351	0.8351	0.8351	0.8351	0.8351	0.8351	0.8351	0.8351	0.8351	0.8351	0.8351	0.8351	0.8351	0.8351	0.8351	0.8351	0.8351	0.8351	0.8351	0.8351	0.8351	0.8351	0.8351	0.8351	0.8351	0.8351	0.8351	0.8351	0.8351	0.8351	0.8351	0.8351	0.8351	0.8351	0.8351	0.8351	0.8351	0.8351	0.8351	0.8351	0.8351	0.8351	0.8351	0.8351	0.8351	0.8351	0.8351	0.8351	0.8351	0.8351	0.8351	0.8351	0.8351	0.8351	0.8351	0.8351	0.8351	0.8351	0.8351	0.8351	0.8351	0.8351	0.8351	0.8351	0.8351	0.8351	0.8351	0.8351	0.8351	0.8351	0.8351	0.8351	0.8351	0.8351	0.8351	0.8351	0.8351	0.8351	0.8351	0.8351	0.8351	0.8351	0.8351	0.8351	0.8351	0.8351	0.8351	0.8351	0.8351	0.8351	0.8351	0.8351	0.8351	0.8351	0.8351	0.8351	0.8351	0.8351	0.8351	0.8351	0.8351	0.8351
59	0.9106	0.9106	0.9106	0.9106	0.9106	0.9106	0.9106	0.9106	0.9106	0.9106	0.9106	0.9106	0.9106	0.9106	0.9106	0.9106	0.9106	0.9106	0.9106	0.9106	0.9106	0.9106	0.9106	0.9106	0.9106	0.9106	0.9106	0.9106	0.9106	0.9106	0.9106	0.9106	0.9106	0.9106	0.9106	0.9106	0.9106	0.9106	0.9106	0.9106	0.9106	0.9106	0.9106	0.9106	0.9106	0.9106	0.9106	0.9106	0.9106	0.9106	0.9106	0.9106	0.9106	0.9106	0.9106	0.9106	0.9106	0.9106	0.9106	0.9106	0.9106	0.9106	0.9106	0.9106	0.9106	0.9106	0.9106	0.9106	0.9106	0.9106	0.9106	0.9106	0.9106	0.9106	0.9106	0.9106	0.9106	0.9106	0.9106	0.9106	0.9106	0.9106	0.9106	0.9106	0.9106	0.9106	0.9106	0.9106	0.9106	0.9106	0.9106	0.9106	0.9106	0.9106	0.9106	0.9106	0.9106	0.9106	0.9106	0.9106	0.9106	0.9106	0.9106	0.9106	0.9106	0.9106	0.9106	0.9106	0.9106	0.9106	0.9106	0.9106	0.9106	0.9106	0.9106	0.9106	0.9106	0.9106	0.9106	0.9106	0.9106	0.9106	0.9106	0.9106	0.9106	0.9106	0.9106	0.9106	0.9106	0.9106	0.9106	0.9106	0.9106	0.9106	0.9106	0.9106	0.9106	0.9106	0.9106	0.9106	0.9106	0.9106	0.9106	0.9106	0.9106	0.9106	0.9106	0.9106	0.9106	0.1478	0.1478	0.0099	0.0099	0.0099	0.0099	0.0099	0.0099	0.0099	0.0099	0.0099	0.0099	0.0099	0.0099	0.0099	0.0099	0.0099	0.0099	0.0099	0.0099	0.0099	0.0099	0.0099	0.0099	0.0099	0.0099	0.0099	0.0099	0.0099	0.0099	0.0099	0.0099	0.0099	0.0099	0.0099	0.0099	0.0099	0.0099	0.0099	0.0099	0.0099	0.0099	0.0099	0.0099	0.0099	0.0099	0.0099	0.0099	0.0099	0.0099	0.0099	0.0099	0.0099	0.0099	0.0099	0.0099	0.0099	0.0099	0.0099	0.0099	0.0099	0.0099	0.0099	0.0099	0.0099	0.0099	0.0099	0.0099	0.0099	0.0099	0.0099	0.0099	0.0099	0.0099	0.0099	0.0099	0.0099	0.0099	0.0099	0.0099	0.0099	0.0099	0.0099	0.0099	0.0099	0.0099	0.0099	0.0099	0.0099	0.0099	0.0099	0.0099	0.0099	0.0099	0.0099	0.0099	0.0099	0.0099	0.0099	0.0099	0.0099	0.0099	0.0099	0.0099	0.0099	0.0099	0.0099	0.0099	0.0099	0.0099	0.0099	0.0099	0.0099	0.0099	0.0099	0.0099	0.0099	0.0099	0.0099	0.0099	0.0099	0.0099	0.0099	0.0099	0.0099	0.0099	0.0099	0.0099	0.0099	0.0099	0.0099	0.0099	0.0099	0.0099	0.0099	0.0099	0.0099	0.0099	0.0099	0.0099	0.0099	0.0099	0.0099	0.0099	0.0099	0.0099	0.0099	0.0099	0.0099	0.0099	0.0099
60	0.9086	0.9086	0.9086	0.9086	0.9086	0.9086	0.9086	0.9086	0.9086	0.9086	0.9086	0.9086	0.9086	0.9086	0.9086	0.9086	0.9086	0.9086	0.9086	0.9086	0.9086	0.9086	0.9086	0.9086	0.9086	0.9086	0.9086	0.9086	0.9086	0.9086	0.9086	0.9086	0.9086	0.9086	0.9086	0.9086	0.9086	0.9086	0.9086	0.9086	0.9086	0.9086	0.9086	0.9086	0.9086	0.9086	0.9086	0.9086	0.9086	0.9086	0.9086	0.9086	0.9086	0.9086	0.9086	0.9086	0.9086	0.9086	0.9086	0.9086	0.9086	0.9086	0.9086	0.9086	0.9086	0.9086	0.9086	0.9086	0.9086	0.9086	0.9086	0.9086	0.9086	0.9086	0.9086	0.9086	0.9086	0.9086	0.9086	0.9086	0.9086	0.9086	0.9086	0.9086	0.9086	0.9086	0.9086	0.9086	0.9086	0.9086	0.9086	0.9086	0.9086	0.9086	0.9086	0.9086	0.9086	0.9086	0.9086	0.9086	0.9086	0.9086	0.9086	0.9086	0.9086	0.9086	0.9086	0.9086	0.9086	0.9086	0.9086	0.9086	0.9086	0.9086	0.9086	0.9086	0.9086	0.9086	0.9086	0.9086	0.9086	0.9086	0.9086	0.9086	0.9086	0.9086	0.9086	0.9086	0.9086	0.9086	0.9086	0.9086	0.9086	0.9086	0.9086	0.9086	0.9086	0.9086	0.9086	0.9086	0.9086	0.9086	0.9086	0.9086	0.9086	0.9086	0.9086	0.9086	0.9086	0.9071	0.9071	0.9648	0.9648	0.9648	0.9648	0.9648	0.9648	0.9648	0.9648	0.9648	0.9648	0.9648	0.9648	0.9648	0.9648	0.9648	0.9648	0.9648	0.9648	0.9648	0.9648	0.9648	0.9648	0.9648	0.9648	0.9648	0.9648	0.9648	0.9648	0.9648	0.9648	0.9648	0.9648	0.9648	0.9648	0.9648	0.9648	0.9648	0.9648	0.9648	0.9648	0.9648	0.9648	0.9648	0.9648	0.9648	0.9648	0.9648	0.9648	0.9648	0.9648	0.9648	0.9648	0.9648	0.9648	0.9648	0.9648	0.9648	0.9648	0.9648	0.9648	0.9648	0.9648	0.9648	0.9648	0.9648	0.9648	0.9648	0.9648	0.9648	0.9648	0.9648	0.9648	0.9648	0.9648	0.9648	0.9648	0.9648	0.9648	0.9648	0.9648	0.9648	0.9648	0.9648	0.9648	0.9648	0.9648	0.9648	0.9648	0.9648	0.9648	0.9648	0.9648	0.9648	0.9648	0.9648	0.9648	0.9648	0.9648	0.9648	0.9648	0.9648	0.9648	0.9648	0.9648	0.9648	0.9648	0.9648	0.9648	0.9648	0.9648	0.9648	0.9648	0.9648	0.9648	0.9648	0.9648	0.9648	0.9648	0.9648	0.9648	0.9648	0.9648	0.9648	0.9648	0.9648	0.9648	0.9648	0.9648	0.9648	0.9648	0.9648	0.9648	0.9648	0.9648	0.9648	0.9648	0.9648	0.9648	0.9648	0.9648	0.9648	0.9648	0.9648	0.9648	0.9648	0.9648	0.9648	0.9648	0.9648
