TP	ID	PID	EL	Perc	Leaf	Mut
1	0	-1	0	1	0	True
1.5	1	0	3.682171174965373	0.5643108308042071	0	True
1.5	2	0	3.1043239142796746	0.4356891691957929	0	True
2.0	3	1	4.317828825034627	0.5643108308042071	0	False
2.0	4	2	4.895676085720325	0.23057471413408484	-1	True
2.0	5	2	4.895676085720325	0.20511445506170808	-1	True
3.0	6	3	7	0.06873091822116369	1	False
3.0	7	3	7	0.9312690817788364	1	True
