	1	1	1	1	1	1	1	1	1	1	1	1	1	1	1	1	1	1	1	1	1	1	1	1	1	1	1	1	1	1	1	1	1	1	1	1	1	1	1	1	1	1	1	1	1	1	1	1	1	1	1	1	1	1	1	1	1	1	1	1	1	1	1	1	1	1	1	1	1	1	1	1	1	1	1	1	1	1	1	1	1	1	1	1	1	1	1	1	1	1	1	1	1	1	1	1	1	1	1	1	1	1	1	1	1	1	1	1	1	1	1	1	1	1	1	1	1	1	1	1	1	1	1	1	1	1	1	1	1	1	1	1	1	1	1	1	1	1	1	1	1	1	1	1	1	1	1	1	1	1	1	1	1	1	1	1	1	1	1	1	1	1	1	1	1	1	1	1	1	1	1	1	1	1	1	1	1	1	1	1	1	1	1	1	1	1	1	1	3	3	3	3	3	3	3	3	3	3	3	3	3	3	3	3	3	3	3	3	3	3	3	3	3	3	3	3	3	3	3	3	3	3	3	3	3	3	3	3	3	3	3	3	3	3	3	3	3	3	3	3	3	3	3	3	3	3	3	3	3	3	3	3	3	3	3	3	3	3	3	3	3	3	3	3	3	3	3	3	3	3	3	3	3	3	3	3	3	3	3	3	3	3	3	3	3	3	3	3	3	3	3	3	3	3	3	3	3	3	3	3	3	3	3	3	3	3	3	3	3	3	3	3	3	3	3	3	3	3	3	3	3	3	3	3	3	3	3	3	3	3	0	0	0	0	0	0	0	0	0	0	0	0	0	0	0	0	0	0	0	0	0	0	0	0	0	0	0	0	0	0	0	4	0	0	0	0	0	0	0	0	0	0	0	0	0	0	0	0	0	0	0	0	0	0	0	0	0	0	0	0	0	0	0	0	0	0	0	0	0	2	0	0	0	0	0	0	0	0	0	0	0	0	0	0	0	0	0	0	0	0	0	0	0	0	0	0	0	0	0	0	0	0	0	0	0	0	0	0	0	0	0	0	0	0	0	0	0	0	0	0	0	0	0	0	0	0	0	0	0	0	0	0	0	0	4	0	0	0	0	0	0	0	0	0	0	0	0	0	0	0	0	0	0	0	0	0	0	0	0	0	0	0	0	0	0	0	0	0	0	0	0	0	0	0	0	0	0	0	0	0	0	0	0	0	0	0	0	0	0	2	2	2	2	2	2	2	2	0	4	2	2	2	0	2	2	2	0	2	2	2	2	2	2	2	2	2	2	2	4	2	2	2	2	2	2	2	2	4	2	2	2	2	2	2	2	2	0	2	2	2	2	2	2	2	2	2	2	2	2	2	2	2	2	2	2	2	2	2	2	2	2	2	2	2	2	2	2	2	2	2
0	0.936	0.936	0.936	0.936	0.936	0.936	0.936	0.936	0.936	0.936	0.936	0.936	0.936	0.936	0.936	0.936	0.936	0.936	0.936	0.936	0.936	0.936	0.936	0.936	0.936	0.936	0.936	0.936	0.936	0.936	0.936	0.936	0.936	0.936	0.936	0.936	0.936	0.936	0.936	0.936	0.936	0.936	0.936	0.936	0.936	0.936	0.936	0.936	0.936	0.936	0.936	0.936	0.936	0.936	0.936	0.936	0.936	0.936	0.936	0.936	0.936	0.936	0.936	0.936	0.936	0.936	0.936	0.936	0.936	0.936	0.936	0.936	0.936	0.936	0.936	0.936	0.936	0.936	0.936	0.936	0.936	0.936	0.936	0.936	0.936	0.936	0.936	0.936	0.936	0.936	0.936	0.936	0.936	0.936	0.936	0.936	0.936	0.936	0.936	0.936	0.936	0.936	0.936	0.936	0.936	0.936	0.936	0.936	0.936	0.936	0.936	0.936	0.936	0.936	0.936	0.936	0.936	0.936	0.936	0.936	0.936	0.936	0.936	0.936	0.936	0.936	0.936	0.936	0.936	0.936	0.936	0.936	0.936	0.936	0.936	0.936	0.936	0.936	0.936	0.936	0.936	0.936	0.936	0.936	0.936	0.936	0.936	0.936	0.936	0.936	0.936	0.936	0.936	0.936	0.936	0.936	0.936	0.936	0.936	0.936	0.936	0.936	0.936	0.936	0.936	0.936	0.936	0.936	0.936	0.936	0.936	0.936	0.936	0.936	0.936	0.936	0.936	0.936	0.936	0.936	0.936	0.936	0.936	0.936	0.936	0.936	0.936	0.936	0.9507	0.9507	0.9507	0.9507	0.9507	0.9507	0.9507	0.9507	0.9507	0.9507	0.9507	0.9507	0.9507	0.9507	0.9507	0.9507	0.9507	0.9507	0.9507	0.9507	0.9507	0.9507	0.9507	0.9507	0.9507	0.9507	0.9507	0.9507	0.9507	0.9507	0.9507	0.9507	0.9507	0.9507	0.9507	0.9507	0.9507	0.9507	0.9507	0.9507	0.9507	0.9507	0.9507	0.9507	0.9507	0.9507	0.9507	0.9507	0.9507	0.9507	0.9507	0.9507	0.9507	0.9507	0.9507	0.9507	0.9507	0.9507	0.9507	0.9507	0.9507	0.9507	0.9507	0.9507	0.9507	0.9507	0.9507	0.9507	0.9507	0.9507	0.9507	0.9507	0.9507	0.9507	0.9507	0.9507	0.9507	0.9507	0.9507	0.9507	0.9507	0.9507	0.9507	0.9507	0.9507	0.9507	0.9507	0.9507	0.9507	0.9507	0.9507	0.9507	0.9507	0.9507	0.9507	0.9507	0.9507	0.9507	0.9507	0.9507	0.9507	0.9507	0.9507	0.9507	0.9507	0.9507	0.9507	0.9507	0.9507	0.9507	0.9507	0.9507	0.9507	0.9507	0.9507	0.9507	0.9507	0.9507	0.9507	0.9507	0.9507	0.9507	0.9507	0.9507	0.9507	0.9507	0.9507	0.9507	0.9507	0.9507	0.9507	0.9507	0.9507	0.9507	0.9507	0.9507	0.9507	0.9507	0.9507	0.9507	0.9507	0.9507	0.0	0.0	0.0	0.0	0.0	0.0	0.0	0.0	0.0	0.0	0.0	0.0	0.0	0.0	0.0	0.0	0.0	0.0	0.0	0.0	0.0	0.0	0.0	0.0	0.0	0.0	0.0	0.0	0.0	0.0	0.0	0.0031	0.0	0.0	0.0	0.0	0.0	0.0	0.0	0.0	0.0	0.0	0.0	0.0	0.0	0.0	0.0	0.0	0.0	0.0	0.0	0.0	0.0	0.0	0.0	0.0	0.0	0.0	0.0	0.0	0.0	0.0	0.0	0.0	0.0	0.0	0.0	0.0	0.0	0.0018	0.0	0.0	0.0	0.0	0.0	0.0	0.0	0.0	0.0	0.0	0.0	0.0	0.0	0.0	0.0	0.0	0.0	0.0	0.0	0.0	0.0	0.0	0.0	0.0	0.0	0.0	0.0	0.0	0.0	0.0	0.0	0.0	0.0	0.0	0.0	0.0	0.0	0.0	0.0	0.0	0.0	0.0	0.0	0.0	0.0	0.0	0.0	0.0	0.0	0.0	0.0	0.0	0.0	0.0	0.0	0.0	0.0	0.0	0.0	0.0	0.0	0.0	0.0	0.0	0.0031	0.0	0.0	0.0	0.0	0.0	0.0	0.0	0.0	0.0	0.0	0.0	0.0	0.0	0.0	0.0	0.0	0.0	0.0	0.0	0.0	0.0	0.0	0.0	0.0	0.0	0.0	0.0	0.0	0.0	0.0	0.0	0.0	0.0	0.0	0.0	0.0	0.0	0.0	0.0	0.0	0.0	0.0	0.0	0.0	0.0	0.0	0.0	0.0	0.0	0.0	0.0	0.0	0.0	0.0	0.0018	0.0018	0.0018	0.0018	0.0018	0.0018	0.0018	0.0018	0.0	0.0031	0.0018	0.0018	0.0018	0.0	0.0018	0.0018	0.0018	0.0	0.0018	0.0018	0.0018	0.0018	0.0018	0.0018	0.0018	0.0018	0.0018	0.0018	0.0018	0.0031	0.0018	0.0018	0.0018	0.0018	0.0018	0.0018	0.0018	0.0018	0.0031	0.0018	0.0018	0.0018	0.0018	0.0018	0.0018	0.0018	0.0018	0.0	0.0018	0.0018	0.0018	0.0018	0.0018	0.0018	0.0018	0.0018	0.0018	0.0018	0.0018	0.0018	0.0018	0.0018	0.0018	0.0018	0.0018	0.0018	0.0018	0.0018	0.0018	0.0018	0.0018	0.0018	0.0018	0.0018	0.0018	0.0018	0.0018	0.0018	0.0018	0.0018	0.0018
1	0.9354	0.9354	0.9354	0.9354	0.9354	0.9354	0.9354	0.9354	0.9354	0.9354	0.9354	0.9354	0.9354	0.9354	0.9354	0.9354	0.9354	0.9354	0.9354	0.9354	0.9354	0.9354	0.9354	0.9354	0.9354	0.9354	0.9354	0.9354	0.9354	0.9354	0.9354	0.9354	0.9354	0.9354	0.9354	0.9354	0.9354	0.9354	0.9354	0.9354	0.9354	0.9354	0.9354	0.9354	0.9354	0.9354	0.9354	0.9354	0.9354	0.9354	0.9354	0.9354	0.9354	0.9354	0.9354	0.9354	0.9354	0.9354	0.9354	0.9354	0.9354	0.9354	0.9354	0.9354	0.9354	0.9354	0.9354	0.9354	0.9354	0.9354	0.9354	0.9354	0.9354	0.9354	0.9354	0.9354	0.9354	0.9354	0.9354	0.9354	0.9354	0.9354	0.9354	0.9354	0.9354	0.9354	0.9354	0.9354	0.9354	0.9354	0.9354	0.9354	0.9354	0.9354	0.9354	0.9354	0.9354	0.9354	0.9354	0.9354	0.9354	0.9354	0.9354	0.9354	0.9354	0.9354	0.9354	0.9354	0.9354	0.9354	0.9354	0.9354	0.9354	0.9354	0.9354	0.9354	0.9354	0.9354	0.9354	0.9354	0.9354	0.9354	0.9354	0.9354	0.9354	0.9354	0.9354	0.9354	0.9354	0.9354	0.9354	0.9354	0.9354	0.9354	0.9354	0.9354	0.9354	0.9354	0.9354	0.9354	0.9354	0.9354	0.9354	0.9354	0.9354	0.9354	0.9354	0.9354	0.9354	0.9354	0.9354	0.9354	0.9354	0.9354	0.9354	0.9354	0.9354	0.9354	0.9354	0.9354	0.9354	0.9354	0.9354	0.9354	0.9354	0.9354	0.9354	0.9354	0.9354	0.9354	0.9354	0.9354	0.9354	0.9354	0.9354	0.9354	0.9354	0.9354	0.9354	0.9354	0.9354	0.9354	0.9354	0.9354	0.9354	0.9354	0.9354	0.9354	0.9483	0.9483	0.9483	0.9483	0.9483	0.9483	0.9483	0.9483	0.9483	0.9483	0.9483	0.9483	0.9483	0.9483	0.9483	0.9483	0.9483	0.9483	0.9483	0.9483	0.9483	0.9483	0.9483	0.9483	0.9483	0.9483	0.9483	0.9483	0.9483	0.9483	0.9483	0.9483	0.9483	0.9483	0.9483	0.9483	0.9483	0.9483	0.9483	0.9483	0.9483	0.9483	0.9483	0.9483	0.9483	0.9483	0.9483	0.9483	0.9483	0.9483	0.9483	0.9483	0.9483	0.9483	0.9483	0.9483	0.9483	0.9483	0.9483	0.9483	0.9483	0.9483	0.9483	0.9483	0.9483	0.9483	0.9483	0.9483	0.9483	0.9483	0.9483	0.9483	0.9483	0.9483	0.9483	0.9483	0.9483	0.9483	0.9483	0.9483	0.9483	0.9483	0.9483	0.9483	0.9483	0.9483	0.9483	0.9483	0.9483	0.9483	0.9483	0.9483	0.9483	0.9483	0.9483	0.9483	0.9483	0.9483	0.9483	0.9483	0.9483	0.9483	0.9483	0.9483	0.9483	0.9483	0.9483	0.9483	0.9483	0.9483	0.9483	0.9483	0.9483	0.9483	0.9483	0.9483	0.9483	0.9483	0.9483	0.9483	0.9483	0.9483	0.9483	0.9483	0.9483	0.9483	0.9483	0.9483	0.9483	0.9483	0.9483	0.9483	0.9483	0.9483	0.9483	0.9483	0.9483	0.9483	0.9483	0.9483	0.9483	0.9483	0.0283	0.0283	0.0283	0.0283	0.0283	0.0283	0.0283	0.0283	0.0283	0.0283	0.0283	0.0283	0.0283	0.0283	0.0283	0.0283	0.0283	0.0283	0.0283	0.0283	0.0283	0.0283	0.0283	0.0283	0.0283	0.0283	0.0283	0.0283	0.0283	0.0283	0.0283	0.0108	0.0283	0.0283	0.0283	0.0283	0.0283	0.0283	0.0283	0.0283	0.0283	0.0283	0.0283	0.0283	0.0283	0.0283	0.0283	0.0283	0.0283	0.0283	0.0283	0.0283	0.0283	0.0283	0.0283	0.0283	0.0283	0.0283	0.0283	0.0283	0.0283	0.0283	0.0283	0.0283	0.0283	0.0283	0.0283	0.0283	0.0283	0.0059	0.0283	0.0283	0.0283	0.0283	0.0283	0.0283	0.0283	0.0283	0.0283	0.0283	0.0283	0.0283	0.0283	0.0283	0.0283	0.0283	0.0283	0.0283	0.0283	0.0283	0.0283	0.0283	0.0283	0.0283	0.0283	0.0283	0.0283	0.0283	0.0283	0.0283	0.0283	0.0283	0.0283	0.0283	0.0283	0.0283	0.0283	0.0283	0.0283	0.0283	0.0283	0.0283	0.0283	0.0283	0.0283	0.0283	0.0283	0.0283	0.0283	0.0283	0.0283	0.0283	0.0283	0.0283	0.0283	0.0283	0.0283	0.0283	0.0283	0.0283	0.0283	0.0283	0.0283	0.0283	0.0108	0.0283	0.0283	0.0283	0.0283	0.0283	0.0283	0.0283	0.0283	0.0283	0.0283	0.0283	0.0283	0.0283	0.0283	0.0283	0.0283	0.0283	0.0283	0.0283	0.0283	0.0283	0.0283	0.0283	0.0283	0.0283	0.0283	0.0283	0.0283	0.0283	0.0283	0.0283	0.0283	0.0283	0.0283	0.0283	0.0283	0.0283	0.0283	0.0283	0.0283	0.0283	0.0283	0.0283	0.0283	0.0283	0.0283	0.0283	0.0283	0.0283	0.0283	0.0283	0.0283	0.0283	0.0283	0.0059	0.0059	0.0059	0.0059	0.0059	0.0059	0.0059	0.0059	0.0283	0.0108	0.0059	0.0059	0.0059	0.0283	0.0059	0.0059	0.0059	0.0283	0.0059	0.0059	0.0059	0.0059	0.0059	0.0059	0.0059	0.0059	0.0059	0.0059	0.0059	0.0108	0.0059	0.0059	0.0059	0.0059	0.0059	0.0059	0.0059	0.0059	0.0108	0.0059	0.0059	0.0059	0.0059	0.0059	0.0059	0.0059	0.0059	0.0283	0.0059	0.0059	0.0059	0.0059	0.0059	0.0059	0.0059	0.0059	0.0059	0.0059	0.0059	0.0059	0.0059	0.0059	0.0059	0.0059	0.0059	0.0059	0.0059	0.0059	0.0059	0.0059	0.0059	0.0059	0.0059	0.0059	0.0059	0.0059	0.0059	0.0059	0.0059	0.0059	0.0059
2	0.9748	0.9748	0.9748	0.9748	0.9748	0.9748	0.9748	0.9748	0.9748	0.9748	0.9748	0.9748	0.9748	0.9748	0.9748	0.9748	0.9748	0.9748	0.9748	0.9748	0.9748	0.9748	0.9748	0.9748	0.9748	0.9748	0.9748	0.9748	0.9748	0.9748	0.9748	0.9748	0.9748	0.9748	0.9748	0.9748	0.9748	0.9748	0.9748	0.9748	0.9748	0.9748	0.9748	0.9748	0.9748	0.9748	0.9748	0.9748	0.9748	0.9748	0.9748	0.9748	0.9748	0.9748	0.9748	0.9748	0.9748	0.9748	0.9748	0.9748	0.9748	0.9748	0.9748	0.9748	0.9748	0.9748	0.9748	0.9748	0.9748	0.9748	0.9748	0.9748	0.9748	0.9748	0.9748	0.9748	0.9748	0.9748	0.9748	0.9748	0.9748	0.9748	0.9748	0.9748	0.9748	0.9748	0.9748	0.9748	0.9748	0.9748	0.9748	0.9748	0.9748	0.9748	0.9748	0.9748	0.9748	0.9748	0.9748	0.9748	0.9748	0.9748	0.9748	0.9748	0.9748	0.9748	0.9748	0.9748	0.9748	0.9748	0.9748	0.9748	0.9748	0.9748	0.9748	0.9748	0.9748	0.9748	0.9748	0.9748	0.9748	0.9748	0.9748	0.9748	0.9748	0.9748	0.9748	0.9748	0.9748	0.9748	0.9748	0.9748	0.9748	0.9748	0.9748	0.9748	0.9748	0.9748	0.9748	0.9748	0.9748	0.9748	0.9748	0.9748	0.9748	0.9748	0.9748	0.9748	0.9748	0.9748	0.9748	0.9748	0.9748	0.9748	0.9748	0.9748	0.9748	0.9748	0.9748	0.9748	0.9748	0.9748	0.9748	0.9748	0.9748	0.9748	0.9748	0.9748	0.9748	0.9748	0.9748	0.9748	0.9748	0.9748	0.9748	0.9748	0.9748	0.9748	0.9748	0.9748	0.9748	0.9748	0.9748	0.9748	0.9748	0.9748	0.9748	0.9748	0.9184	0.9184	0.9184	0.9184	0.9184	0.9184	0.9184	0.9184	0.9184	0.9184	0.9184	0.9184	0.9184	0.9184	0.9184	0.9184	0.9184	0.9184	0.9184	0.9184	0.9184	0.9184	0.9184	0.9184	0.9184	0.9184	0.9184	0.9184	0.9184	0.9184	0.9184	0.9184	0.9184	0.9184	0.9184	0.9184	0.9184	0.9184	0.9184	0.9184	0.9184	0.9184	0.9184	0.9184	0.9184	0.9184	0.9184	0.9184	0.9184	0.9184	0.9184	0.9184	0.9184	0.9184	0.9184	0.9184	0.9184	0.9184	0.9184	0.9184	0.9184	0.9184	0.9184	0.9184	0.9184	0.9184	0.9184	0.9184	0.9184	0.9184	0.9184	0.9184	0.9184	0.9184	0.9184	0.9184	0.9184	0.9184	0.9184	0.9184	0.9184	0.9184	0.9184	0.9184	0.9184	0.9184	0.9184	0.9184	0.9184	0.9184	0.9184	0.9184	0.9184	0.9184	0.9184	0.9184	0.9184	0.9184	0.9184	0.9184	0.9184	0.9184	0.9184	0.9184	0.9184	0.9184	0.9184	0.9184	0.9184	0.9184	0.9184	0.9184	0.9184	0.9184	0.9184	0.9184	0.9184	0.9184	0.9184	0.9184	0.9184	0.9184	0.9184	0.9184	0.9184	0.9184	0.9184	0.9184	0.9184	0.9184	0.9184	0.9184	0.9184	0.9184	0.9184	0.9184	0.9184	0.9184	0.9184	0.9184	0.9184	0.9184	0.0099	0.0099	0.0099	0.0099	0.0099	0.0099	0.0099	0.0099	0.0099	0.0099	0.0099	0.0099	0.0099	0.0099	0.0099	0.0099	0.0099	0.0099	0.0099	0.0099	0.0099	0.0099	0.0099	0.0099	0.0099	0.0099	0.0099	0.0099	0.0099	0.0099	0.0099	0.0071	0.0099	0.0099	0.0099	0.0099	0.0099	0.0099	0.0099	0.0099	0.0099	0.0099	0.0099	0.0099	0.0099	0.0099	0.0099	0.0099	0.0099	0.0099	0.0099	0.0099	0.0099	0.0099	0.0099	0.0099	0.0099	0.0099	0.0099	0.0099	0.0099	0.0099	0.0099	0.0099	0.0099	0.0099	0.0099	0.0099	0.0099	0.0001	0.0099	0.0099	0.0099	0.0099	0.0099	0.0099	0.0099	0.0099	0.0099	0.0099	0.0099	0.0099	0.0099	0.0099	0.0099	0.0099	0.0099	0.0099	0.0099	0.0099	0.0099	0.0099	0.0099	0.0099	0.0099	0.0099	0.0099	0.0099	0.0099	0.0099	0.0099	0.0099	0.0099	0.0099	0.0099	0.0099	0.0099	0.0099	0.0099	0.0099	0.0099	0.0099	0.0099	0.0099	0.0099	0.0099	0.0099	0.0099	0.0099	0.0099	0.0099	0.0099	0.0099	0.0099	0.0099	0.0099	0.0099	0.0099	0.0099	0.0099	0.0099	0.0099	0.0099	0.0099	0.0071	0.0099	0.0099	0.0099	0.0099	0.0099	0.0099	0.0099	0.0099	0.0099	0.0099	0.0099	0.0099	0.0099	0.0099	0.0099	0.0099	0.0099	0.0099	0.0099	0.0099	0.0099	0.0099	0.0099	0.0099	0.0099	0.0099	0.0099	0.0099	0.0099	0.0099	0.0099	0.0099	0.0099	0.0099	0.0099	0.0099	0.0099	0.0099	0.0099	0.0099	0.0099	0.0099	0.0099	0.0099	0.0099	0.0099	0.0099	0.0099	0.0099	0.0099	0.0099	0.0099	0.0099	0.0099	0.0001	0.0001	0.0001	0.0001	0.0001	0.0001	0.0001	0.0001	0.0099	0.0071	0.0001	0.0001	0.0001	0.0099	0.0001	0.0001	0.0001	0.0099	0.0001	0.0001	0.0001	0.0001	0.0001	0.0001	0.0001	0.0001	0.0001	0.0001	0.0001	0.0071	0.0001	0.0001	0.0001	0.0001	0.0001	0.0001	0.0001	0.0001	0.0071	0.0001	0.0001	0.0001	0.0001	0.0001	0.0001	0.0001	0.0001	0.0099	0.0001	0.0001	0.0001	0.0001	0.0001	0.0001	0.0001	0.0001	0.0001	0.0001	0.0001	0.0001	0.0001	0.0001	0.0001	0.0001	0.0001	0.0001	0.0001	0.0001	0.0001	0.0001	0.0001	0.0001	0.0001	0.0001	0.0001	0.0001	0.0001	0.0001	0.0001	0.0001	0.0001
3	0.9469	0.9469	0.9469	0.9469	0.9469	0.9469	0.9469	0.9469	0.9469	0.9469	0.9469	0.9469	0.9469	0.9469	0.9469	0.9469	0.9469	0.9469	0.9469	0.9469	0.9469	0.9469	0.9469	0.9469	0.9469	0.9469	0.9469	0.9469	0.9469	0.9469	0.9469	0.9469	0.9469	0.9469	0.9469	0.9469	0.9469	0.9469	0.9469	0.9469	0.9469	0.9469	0.9469	0.9469	0.9469	0.9469	0.9469	0.9469	0.9469	0.9469	0.9469	0.9469	0.9469	0.9469	0.9469	0.9469	0.9469	0.9469	0.9469	0.9469	0.9469	0.9469	0.9469	0.9469	0.9469	0.9469	0.9469	0.9469	0.9469	0.9469	0.9469	0.9469	0.9469	0.9469	0.9469	0.9469	0.9469	0.9469	0.9469	0.9469	0.9469	0.9469	0.9469	0.9469	0.9469	0.9469	0.9469	0.9469	0.9469	0.9469	0.9469	0.9469	0.9469	0.9469	0.9469	0.9469	0.9469	0.9469	0.9469	0.9469	0.9469	0.9469	0.9469	0.9469	0.9469	0.9469	0.9469	0.9469	0.9469	0.9469	0.9469	0.9469	0.9469	0.9469	0.9469	0.9469	0.9469	0.9469	0.9469	0.9469	0.9469	0.9469	0.9469	0.9469	0.9469	0.9469	0.9469	0.9469	0.9469	0.9469	0.9469	0.9469	0.9469	0.9469	0.9469	0.9469	0.9469	0.9469	0.9469	0.9469	0.9469	0.9469	0.9469	0.9469	0.9469	0.9469	0.9469	0.9469	0.9469	0.9469	0.9469	0.9469	0.9469	0.9469	0.9469	0.9469	0.9469	0.9469	0.9469	0.9469	0.9469	0.9469	0.9469	0.9469	0.9469	0.9469	0.9469	0.9469	0.9469	0.9469	0.9469	0.9469	0.9469	0.9469	0.9469	0.9469	0.9469	0.9469	0.9469	0.9469	0.9469	0.9469	0.9469	0.9469	0.9469	0.9469	0.9469	0.9469	0.9803	0.9803	0.9803	0.9803	0.9803	0.9803	0.9803	0.9803	0.9803	0.9803	0.9803	0.9803	0.9803	0.9803	0.9803	0.9803	0.9803	0.9803	0.9803	0.9803	0.9803	0.9803	0.9803	0.9803	0.9803	0.9803	0.9803	0.9803	0.9803	0.9803	0.9803	0.9803	0.9803	0.9803	0.9803	0.9803	0.9803	0.9803	0.9803	0.9803	0.9803	0.9803	0.9803	0.9803	0.9803	0.9803	0.9803	0.9803	0.9803	0.9803	0.9803	0.9803	0.9803	0.9803	0.9803	0.9803	0.9803	0.9803	0.9803	0.9803	0.9803	0.9803	0.9803	0.9803	0.9803	0.9803	0.9803	0.9803	0.9803	0.9803	0.9803	0.9803	0.9803	0.9803	0.9803	0.9803	0.9803	0.9803	0.9803	0.9803	0.9803	0.9803	0.9803	0.9803	0.9803	0.9803	0.9803	0.9803	0.9803	0.9803	0.9803	0.9803	0.9803	0.9803	0.9803	0.9803	0.9803	0.9803	0.9803	0.9803	0.9803	0.9803	0.9803	0.9803	0.9803	0.9803	0.9803	0.9803	0.9803	0.9803	0.9803	0.9803	0.9803	0.9803	0.9803	0.9803	0.9803	0.9803	0.9803	0.9803	0.9803	0.9803	0.9803	0.9803	0.9803	0.9803	0.9803	0.9803	0.9803	0.9803	0.9803	0.9803	0.9803	0.9803	0.9803	0.9803	0.9803	0.9803	0.9803	0.9803	0.9803	0.9803	0.0	0.0	0.0	0.0	0.0	0.0	0.0	0.0	0.0	0.0	0.0	0.0	0.0	0.0	0.0	0.0	0.0	0.0	0.0	0.0	0.0	0.0	0.0	0.0	0.0	0.0	0.0	0.0	0.0	0.0	0.0	0.0219	0.0	0.0	0.0	0.0	0.0	0.0	0.0	0.0	0.0	0.0	0.0	0.0	0.0	0.0	0.0	0.0	0.0	0.0	0.0	0.0	0.0	0.0	0.0	0.0	0.0	0.0	0.0	0.0	0.0	0.0	0.0	0.0	0.0	0.0	0.0	0.0	0.0	0.0167	0.0	0.0	0.0	0.0	0.0	0.0	0.0	0.0	0.0	0.0	0.0	0.0	0.0	0.0	0.0	0.0	0.0	0.0	0.0	0.0	0.0	0.0	0.0	0.0	0.0	0.0	0.0	0.0	0.0	0.0	0.0	0.0	0.0	0.0	0.0	0.0	0.0	0.0	0.0	0.0	0.0	0.0	0.0	0.0	0.0	0.0	0.0	0.0	0.0	0.0	0.0	0.0	0.0	0.0	0.0	0.0	0.0	0.0	0.0	0.0	0.0	0.0	0.0	0.0	0.0219	0.0	0.0	0.0	0.0	0.0	0.0	0.0	0.0	0.0	0.0	0.0	0.0	0.0	0.0	0.0	0.0	0.0	0.0	0.0	0.0	0.0	0.0	0.0	0.0	0.0	0.0	0.0	0.0	0.0	0.0	0.0	0.0	0.0	0.0	0.0	0.0	0.0	0.0	0.0	0.0	0.0	0.0	0.0	0.0	0.0	0.0	0.0	0.0	0.0	0.0	0.0	0.0	0.0	0.0	0.0167	0.0167	0.0167	0.0167	0.0167	0.0167	0.0167	0.0167	0.0	0.0219	0.0167	0.0167	0.0167	0.0	0.0167	0.0167	0.0167	0.0	0.0167	0.0167	0.0167	0.0167	0.0167	0.0167	0.0167	0.0167	0.0167	0.0167	0.0167	0.0219	0.0167	0.0167	0.0167	0.0167	0.0167	0.0167	0.0167	0.0167	0.0219	0.0167	0.0167	0.0167	0.0167	0.0167	0.0167	0.0167	0.0167	0.0	0.0167	0.0167	0.0167	0.0167	0.0167	0.0167	0.0167	0.0167	0.0167	0.0167	0.0167	0.0167	0.0167	0.0167	0.0167	0.0167	0.0167	0.0167	0.0167	0.0167	0.0167	0.0167	0.0167	0.0167	0.0167	0.0167	0.0167	0.0167	0.0167	0.0167	0.0167	0.0167	0.0167
4	0.9654	0.9654	0.9654	0.9654	0.9654	0.9654	0.9654	0.9654	0.9654	0.9654	0.9654	0.9654	0.9654	0.9654	0.9654	0.9654	0.9654	0.9654	0.9654	0.9654	0.9654	0.9654	0.9654	0.9654	0.9654	0.9654	0.9654	0.9654	0.9654	0.9654	0.9654	0.9654	0.9654	0.9654	0.9654	0.9654	0.9654	0.9654	0.9654	0.9654	0.9654	0.9654	0.9654	0.9654	0.9654	0.9654	0.9654	0.9654	0.9654	0.9654	0.9654	0.9654	0.9654	0.9654	0.9654	0.9654	0.9654	0.9654	0.9654	0.9654	0.9654	0.9654	0.9654	0.9654	0.9654	0.9654	0.9654	0.9654	0.9654	0.9654	0.9654	0.9654	0.9654	0.9654	0.9654	0.9654	0.9654	0.9654	0.9654	0.9654	0.9654	0.9654	0.9654	0.9654	0.9654	0.9654	0.9654	0.9654	0.9654	0.9654	0.9654	0.9654	0.9654	0.9654	0.9654	0.9654	0.9654	0.9654	0.9654	0.9654	0.9654	0.9654	0.9654	0.9654	0.9654	0.9654	0.9654	0.9654	0.9654	0.9654	0.9654	0.9654	0.9654	0.9654	0.9654	0.9654	0.9654	0.9654	0.9654	0.9654	0.9654	0.9654	0.9654	0.9654	0.9654	0.9654	0.9654	0.9654	0.9654	0.9654	0.9654	0.9654	0.9654	0.9654	0.9654	0.9654	0.9654	0.9654	0.9654	0.9654	0.9654	0.9654	0.9654	0.9654	0.9654	0.9654	0.9654	0.9654	0.9654	0.9654	0.9654	0.9654	0.9654	0.9654	0.9654	0.9654	0.9654	0.9654	0.9654	0.9654	0.9654	0.9654	0.9654	0.9654	0.9654	0.9654	0.9654	0.9654	0.9654	0.9654	0.9654	0.9654	0.9654	0.9654	0.9654	0.9654	0.9654	0.9654	0.9654	0.9654	0.9654	0.9654	0.9654	0.9654	0.9654	0.9654	0.9654	0.9654	0.9724	0.9724	0.9724	0.9724	0.9724	0.9724	0.9724	0.9724	0.9724	0.9724	0.9724	0.9724	0.9724	0.9724	0.9724	0.9724	0.9724	0.9724	0.9724	0.9724	0.9724	0.9724	0.9724	0.9724	0.9724	0.9724	0.9724	0.9724	0.9724	0.9724	0.9724	0.9724	0.9724	0.9724	0.9724	0.9724	0.9724	0.9724	0.9724	0.9724	0.9724	0.9724	0.9724	0.9724	0.9724	0.9724	0.9724	0.9724	0.9724	0.9724	0.9724	0.9724	0.9724	0.9724	0.9724	0.9724	0.9724	0.9724	0.9724	0.9724	0.9724	0.9724	0.9724	0.9724	0.9724	0.9724	0.9724	0.9724	0.9724	0.9724	0.9724	0.9724	0.9724	0.9724	0.9724	0.9724	0.9724	0.9724	0.9724	0.9724	0.9724	0.9724	0.9724	0.9724	0.9724	0.9724	0.9724	0.9724	0.9724	0.9724	0.9724	0.9724	0.9724	0.9724	0.9724	0.9724	0.9724	0.9724	0.9724	0.9724	0.9724	0.9724	0.9724	0.9724	0.9724	0.9724	0.9724	0.9724	0.9724	0.9724	0.9724	0.9724	0.9724	0.9724	0.9724	0.9724	0.9724	0.9724	0.9724	0.9724	0.9724	0.9724	0.9724	0.9724	0.9724	0.9724	0.9724	0.9724	0.9724	0.9724	0.9724	0.9724	0.9724	0.9724	0.9724	0.9724	0.9724	0.9724	0.9724	0.9724	0.9724	0.9724	0.0141	0.0141	0.0141	0.0141	0.0141	0.0141	0.0141	0.0141	0.0141	0.0141	0.0141	0.0141	0.0141	0.0141	0.0141	0.0141	0.0141	0.0141	0.0141	0.0141	0.0141	0.0141	0.0141	0.0141	0.0141	0.0141	0.0141	0.0141	0.0141	0.0141	0.0141	0.0127	0.0141	0.0141	0.0141	0.0141	0.0141	0.0141	0.0141	0.0141	0.0141	0.0141	0.0141	0.0141	0.0141	0.0141	0.0141	0.0141	0.0141	0.0141	0.0141	0.0141	0.0141	0.0141	0.0141	0.0141	0.0141	0.0141	0.0141	0.0141	0.0141	0.0141	0.0141	0.0141	0.0141	0.0141	0.0141	0.0141	0.0141	0.0012	0.0141	0.0141	0.0141	0.0141	0.0141	0.0141	0.0141	0.0141	0.0141	0.0141	0.0141	0.0141	0.0141	0.0141	0.0141	0.0141	0.0141	0.0141	0.0141	0.0141	0.0141	0.0141	0.0141	0.0141	0.0141	0.0141	0.0141	0.0141	0.0141	0.0141	0.0141	0.0141	0.0141	0.0141	0.0141	0.0141	0.0141	0.0141	0.0141	0.0141	0.0141	0.0141	0.0141	0.0141	0.0141	0.0141	0.0141	0.0141	0.0141	0.0141	0.0141	0.0141	0.0141	0.0141	0.0141	0.0141	0.0141	0.0141	0.0141	0.0141	0.0141	0.0141	0.0141	0.0141	0.0127	0.0141	0.0141	0.0141	0.0141	0.0141	0.0141	0.0141	0.0141	0.0141	0.0141	0.0141	0.0141	0.0141	0.0141	0.0141	0.0141	0.0141	0.0141	0.0141	0.0141	0.0141	0.0141	0.0141	0.0141	0.0141	0.0141	0.0141	0.0141	0.0141	0.0141	0.0141	0.0141	0.0141	0.0141	0.0141	0.0141	0.0141	0.0141	0.0141	0.0141	0.0141	0.0141	0.0141	0.0141	0.0141	0.0141	0.0141	0.0141	0.0141	0.0141	0.0141	0.0141	0.0141	0.0141	0.0012	0.0012	0.0012	0.0012	0.0012	0.0012	0.0012	0.0012	0.0141	0.0127	0.0012	0.0012	0.0012	0.0141	0.0012	0.0012	0.0012	0.0141	0.0012	0.0012	0.0012	0.0012	0.0012	0.0012	0.0012	0.0012	0.0012	0.0012	0.0012	0.0127	0.0012	0.0012	0.0012	0.0012	0.0012	0.0012	0.0012	0.0012	0.0127	0.0012	0.0012	0.0012	0.0012	0.0012	0.0012	0.0012	0.0012	0.0141	0.0012	0.0012	0.0012	0.0012	0.0012	0.0012	0.0012	0.0012	0.0012	0.0012	0.0012	0.0012	0.0012	0.0012	0.0012	0.0012	0.0012	0.0012	0.0012	0.0012	0.0012	0.0012	0.0012	0.0012	0.0012	0.0012	0.0012	0.0012	0.0012	0.0012	0.0012	0.0012	0.0012
5	0.979	0.979	0.979	0.979	0.979	0.979	0.979	0.979	0.979	0.979	0.979	0.979	0.979	0.979	0.979	0.979	0.979	0.979	0.979	0.979	0.979	0.979	0.979	0.979	0.979	0.979	0.979	0.979	0.979	0.979	0.979	0.979	0.979	0.979	0.979	0.979	0.979	0.979	0.979	0.979	0.979	0.979	0.979	0.979	0.979	0.979	0.979	0.979	0.979	0.979	0.979	0.979	0.979	0.979	0.979	0.979	0.979	0.979	0.979	0.979	0.979	0.979	0.979	0.979	0.979	0.979	0.979	0.979	0.979	0.979	0.979	0.979	0.979	0.979	0.979	0.979	0.979	0.979	0.979	0.979	0.979	0.979	0.979	0.979	0.979	0.979	0.979	0.979	0.979	0.979	0.979	0.979	0.979	0.979	0.979	0.979	0.979	0.979	0.979	0.979	0.979	0.979	0.979	0.979	0.979	0.979	0.979	0.979	0.979	0.979	0.979	0.979	0.979	0.979	0.979	0.979	0.979	0.979	0.979	0.979	0.979	0.979	0.979	0.979	0.979	0.979	0.979	0.979	0.979	0.979	0.979	0.979	0.979	0.979	0.979	0.979	0.979	0.979	0.979	0.979	0.979	0.979	0.979	0.979	0.979	0.979	0.979	0.979	0.979	0.979	0.979	0.979	0.979	0.979	0.979	0.979	0.979	0.979	0.979	0.979	0.979	0.979	0.979	0.979	0.979	0.979	0.979	0.979	0.979	0.979	0.979	0.979	0.979	0.979	0.979	0.979	0.979	0.979	0.979	0.979	0.979	0.979	0.979	0.979	0.979	0.979	0.979	0.979	0.9705	0.9705	0.9705	0.9705	0.9705	0.9705	0.9705	0.9705	0.9705	0.9705	0.9705	0.9705	0.9705	0.9705	0.9705	0.9705	0.9705	0.9705	0.9705	0.9705	0.9705	0.9705	0.9705	0.9705	0.9705	0.9705	0.9705	0.9705	0.9705	0.9705	0.9705	0.9705	0.9705	0.9705	0.9705	0.9705	0.9705	0.9705	0.9705	0.9705	0.9705	0.9705	0.9705	0.9705	0.9705	0.9705	0.9705	0.9705	0.9705	0.9705	0.9705	0.9705	0.9705	0.9705	0.9705	0.9705	0.9705	0.9705	0.9705	0.9705	0.9705	0.9705	0.9705	0.9705	0.9705	0.9705	0.9705	0.9705	0.9705	0.9705	0.9705	0.9705	0.9705	0.9705	0.9705	0.9705	0.9705	0.9705	0.9705	0.9705	0.9705	0.9705	0.9705	0.9705	0.9705	0.9705	0.9705	0.9705	0.9705	0.9705	0.9705	0.9705	0.9705	0.9705	0.9705	0.9705	0.9705	0.9705	0.9705	0.9705	0.9705	0.9705	0.9705	0.9705	0.9705	0.9705	0.9705	0.9705	0.9705	0.9705	0.9705	0.9705	0.9705	0.9705	0.9705	0.9705	0.9705	0.9705	0.9705	0.9705	0.9705	0.9705	0.9705	0.9705	0.9705	0.9705	0.9705	0.9705	0.9705	0.9705	0.9705	0.9705	0.9705	0.9705	0.9705	0.9705	0.9705	0.9705	0.9705	0.9705	0.9705	0.9705	0.0167	0.0167	0.0167	0.0167	0.0167	0.0167	0.0167	0.0167	0.0167	0.0167	0.0167	0.0167	0.0167	0.0167	0.0167	0.0167	0.0167	0.0167	0.0167	0.0167	0.0167	0.0167	0.0167	0.0167	0.0167	0.0167	0.0167	0.0167	0.0167	0.0167	0.0167	0.0086	0.0167	0.0167	0.0167	0.0167	0.0167	0.0167	0.0167	0.0167	0.0167	0.0167	0.0167	0.0167	0.0167	0.0167	0.0167	0.0167	0.0167	0.0167	0.0167	0.0167	0.0167	0.0167	0.0167	0.0167	0.0167	0.0167	0.0167	0.0167	0.0167	0.0167	0.0167	0.0167	0.0167	0.0167	0.0167	0.0167	0.0167	0.0053	0.0167	0.0167	0.0167	0.0167	0.0167	0.0167	0.0167	0.0167	0.0167	0.0167	0.0167	0.0167	0.0167	0.0167	0.0167	0.0167	0.0167	0.0167	0.0167	0.0167	0.0167	0.0167	0.0167	0.0167	0.0167	0.0167	0.0167	0.0167	0.0167	0.0167	0.0167	0.0167	0.0167	0.0167	0.0167	0.0167	0.0167	0.0167	0.0167	0.0167	0.0167	0.0167	0.0167	0.0167	0.0167	0.0167	0.0167	0.0167	0.0167	0.0167	0.0167	0.0167	0.0167	0.0167	0.0167	0.0167	0.0167	0.0167	0.0167	0.0167	0.0167	0.0167	0.0167	0.0167	0.0086	0.0167	0.0167	0.0167	0.0167	0.0167	0.0167	0.0167	0.0167	0.0167	0.0167	0.0167	0.0167	0.0167	0.0167	0.0167	0.0167	0.0167	0.0167	0.0167	0.0167	0.0167	0.0167	0.0167	0.0167	0.0167	0.0167	0.0167	0.0167	0.0167	0.0167	0.0167	0.0167	0.0167	0.0167	0.0167	0.0167	0.0167	0.0167	0.0167	0.0167	0.0167	0.0167	0.0167	0.0167	0.0167	0.0167	0.0167	0.0167	0.0167	0.0167	0.0167	0.0167	0.0167	0.0167	0.0053	0.0053	0.0053	0.0053	0.0053	0.0053	0.0053	0.0053	0.0167	0.0086	0.0053	0.0053	0.0053	0.0167	0.0053	0.0053	0.0053	0.0167	0.0053	0.0053	0.0053	0.0053	0.0053	0.0053	0.0053	0.0053	0.0053	0.0053	0.0053	0.0086	0.0053	0.0053	0.0053	0.0053	0.0053	0.0053	0.0053	0.0053	0.0086	0.0053	0.0053	0.0053	0.0053	0.0053	0.0053	0.0053	0.0053	0.0167	0.0053	0.0053	0.0053	0.0053	0.0053	0.0053	0.0053	0.0053	0.0053	0.0053	0.0053	0.0053	0.0053	0.0053	0.0053	0.0053	0.0053	0.0053	0.0053	0.0053	0.0053	0.0053	0.0053	0.0053	0.0053	0.0053	0.0053	0.0053	0.0053	0.0053	0.0053	0.0053	0.0053
6	0.9503	0.9503	0.9503	0.9503	0.9503	0.9503	0.9503	0.9503	0.9503	0.9503	0.9503	0.9503	0.9503	0.9503	0.9503	0.9503	0.9503	0.9503	0.9503	0.9503	0.9503	0.9503	0.9503	0.9503	0.9503	0.9503	0.9503	0.9503	0.9503	0.9503	0.9503	0.9503	0.9503	0.9503	0.9503	0.9503	0.9503	0.9503	0.9503	0.9503	0.9503	0.9503	0.9503	0.9503	0.9503	0.9503	0.9503	0.9503	0.9503	0.9503	0.9503	0.9503	0.9503	0.9503	0.9503	0.9503	0.9503	0.9503	0.9503	0.9503	0.9503	0.9503	0.9503	0.9503	0.9503	0.9503	0.9503	0.9503	0.9503	0.9503	0.9503	0.9503	0.9503	0.9503	0.9503	0.9503	0.9503	0.9503	0.9503	0.9503	0.9503	0.9503	0.9503	0.9503	0.9503	0.9503	0.9503	0.9503	0.9503	0.9503	0.9503	0.9503	0.9503	0.9503	0.9503	0.9503	0.9503	0.9503	0.9503	0.9503	0.9503	0.9503	0.9503	0.9503	0.9503	0.9503	0.9503	0.9503	0.9503	0.9503	0.9503	0.9503	0.9503	0.9503	0.9503	0.9503	0.9503	0.9503	0.9503	0.9503	0.9503	0.9503	0.9503	0.9503	0.9503	0.9503	0.9503	0.9503	0.9503	0.9503	0.9503	0.9503	0.9503	0.9503	0.9503	0.9503	0.9503	0.9503	0.9503	0.9503	0.9503	0.9503	0.9503	0.9503	0.9503	0.9503	0.9503	0.9503	0.9503	0.9503	0.9503	0.9503	0.9503	0.9503	0.9503	0.9503	0.9503	0.9503	0.9503	0.9503	0.9503	0.9503	0.9503	0.9503	0.9503	0.9503	0.9503	0.9503	0.9503	0.9503	0.9503	0.9503	0.9503	0.9503	0.9503	0.9503	0.9503	0.9503	0.9503	0.9503	0.9503	0.9503	0.9503	0.9503	0.9503	0.9503	0.9503	0.9503	0.9761	0.9761	0.9761	0.9761	0.9761	0.9761	0.9761	0.9761	0.9761	0.9761	0.9761	0.9761	0.9761	0.9761	0.9761	0.9761	0.9761	0.9761	0.9761	0.9761	0.9761	0.9761	0.9761	0.9761	0.9761	0.9761	0.9761	0.9761	0.9761	0.9761	0.9761	0.9761	0.9761	0.9761	0.9761	0.9761	0.9761	0.9761	0.9761	0.9761	0.9761	0.9761	0.9761	0.9761	0.9761	0.9761	0.9761	0.9761	0.9761	0.9761	0.9761	0.9761	0.9761	0.9761	0.9761	0.9761	0.9761	0.9761	0.9761	0.9761	0.9761	0.9761	0.9761	0.9761	0.9761	0.9761	0.9761	0.9761	0.9761	0.9761	0.9761	0.9761	0.9761	0.9761	0.9761	0.9761	0.9761	0.9761	0.9761	0.9761	0.9761	0.9761	0.9761	0.9761	0.9761	0.9761	0.9761	0.9761	0.9761	0.9761	0.9761	0.9761	0.9761	0.9761	0.9761	0.9761	0.9761	0.9761	0.9761	0.9761	0.9761	0.9761	0.9761	0.9761	0.9761	0.9761	0.9761	0.9761	0.9761	0.9761	0.9761	0.9761	0.9761	0.9761	0.9761	0.9761	0.9761	0.9761	0.9761	0.9761	0.9761	0.9761	0.9761	0.9761	0.9761	0.9761	0.9761	0.9761	0.9761	0.9761	0.9761	0.9761	0.9761	0.9761	0.9761	0.9761	0.9761	0.9761	0.9761	0.9761	0.9761	0.9761	0.0	0.0	0.0	0.0	0.0	0.0	0.0	0.0	0.0	0.0	0.0	0.0	0.0	0.0	0.0	0.0	0.0	0.0	0.0	0.0	0.0	0.0	0.0	0.0	0.0	0.0	0.0	0.0	0.0	0.0	0.0	0.0116	0.0	0.0	0.0	0.0	0.0	0.0	0.0	0.0	0.0	0.0	0.0	0.0	0.0	0.0	0.0	0.0	0.0	0.0	0.0	0.0	0.0	0.0	0.0	0.0	0.0	0.0	0.0	0.0	0.0	0.0	0.0	0.0	0.0	0.0	0.0	0.0	0.0	0.0019	0.0	0.0	0.0	0.0	0.0	0.0	0.0	0.0	0.0	0.0	0.0	0.0	0.0	0.0	0.0	0.0	0.0	0.0	0.0	0.0	0.0	0.0	0.0	0.0	0.0	0.0	0.0	0.0	0.0	0.0	0.0	0.0	0.0	0.0	0.0	0.0	0.0	0.0	0.0	0.0	0.0	0.0	0.0	0.0	0.0	0.0	0.0	0.0	0.0	0.0	0.0	0.0	0.0	0.0	0.0	0.0	0.0	0.0	0.0	0.0	0.0	0.0	0.0	0.0	0.0116	0.0	0.0	0.0	0.0	0.0	0.0	0.0	0.0	0.0	0.0	0.0	0.0	0.0	0.0	0.0	0.0	0.0	0.0	0.0	0.0	0.0	0.0	0.0	0.0	0.0	0.0	0.0	0.0	0.0	0.0	0.0	0.0	0.0	0.0	0.0	0.0	0.0	0.0	0.0	0.0	0.0	0.0	0.0	0.0	0.0	0.0	0.0	0.0	0.0	0.0	0.0	0.0	0.0	0.0	0.0019	0.0019	0.0019	0.0019	0.0019	0.0019	0.0019	0.0019	0.0	0.0116	0.0019	0.0019	0.0019	0.0	0.0019	0.0019	0.0019	0.0	0.0019	0.0019	0.0019	0.0019	0.0019	0.0019	0.0019	0.0019	0.0019	0.0019	0.0019	0.0116	0.0019	0.0019	0.0019	0.0019	0.0019	0.0019	0.0019	0.0019	0.0116	0.0019	0.0019	0.0019	0.0019	0.0019	0.0019	0.0019	0.0019	0.0	0.0019	0.0019	0.0019	0.0019	0.0019	0.0019	0.0019	0.0019	0.0019	0.0019	0.0019	0.0019	0.0019	0.0019	0.0019	0.0019	0.0019	0.0019	0.0019	0.0019	0.0019	0.0019	0.0019	0.0019	0.0019	0.0019	0.0019	0.0019	0.0019	0.0019	0.0019	0.0019	0.0019
7	0.9593	0.9593	0.9593	0.9593	0.9593	0.9593	0.9593	0.9593	0.9593	0.9593	0.9593	0.9593	0.9593	0.9593	0.9593	0.9593	0.9593	0.9593	0.9593	0.9593	0.9593	0.9593	0.9593	0.9593	0.9593	0.9593	0.9593	0.9593	0.9593	0.9593	0.9593	0.9593	0.9593	0.9593	0.9593	0.9593	0.9593	0.9593	0.9593	0.9593	0.9593	0.9593	0.9593	0.9593	0.9593	0.9593	0.9593	0.9593	0.9593	0.9593	0.9593	0.9593	0.9593	0.9593	0.9593	0.9593	0.9593	0.9593	0.9593	0.9593	0.9593	0.9593	0.9593	0.9593	0.9593	0.9593	0.9593	0.9593	0.9593	0.9593	0.9593	0.9593	0.9593	0.9593	0.9593	0.9593	0.9593	0.9593	0.9593	0.9593	0.9593	0.9593	0.9593	0.9593	0.9593	0.9593	0.9593	0.9593	0.9593	0.9593	0.9593	0.9593	0.9593	0.9593	0.9593	0.9593	0.9593	0.9593	0.9593	0.9593	0.9593	0.9593	0.9593	0.9593	0.9593	0.9593	0.9593	0.9593	0.9593	0.9593	0.9593	0.9593	0.9593	0.9593	0.9593	0.9593	0.9593	0.9593	0.9593	0.9593	0.9593	0.9593	0.9593	0.9593	0.9593	0.9593	0.9593	0.9593	0.9593	0.9593	0.9593	0.9593	0.9593	0.9593	0.9593	0.9593	0.9593	0.9593	0.9593	0.9593	0.9593	0.9593	0.9593	0.9593	0.9593	0.9593	0.9593	0.9593	0.9593	0.9593	0.9593	0.9593	0.9593	0.9593	0.9593	0.9593	0.9593	0.9593	0.9593	0.9593	0.9593	0.9593	0.9593	0.9593	0.9593	0.9593	0.9593	0.9593	0.9593	0.9593	0.9593	0.9593	0.9593	0.9593	0.9593	0.9593	0.9593	0.9593	0.9593	0.9593	0.9593	0.9593	0.9593	0.9593	0.9593	0.9593	0.9593	0.9593	0.9511	0.9511	0.9511	0.9511	0.9511	0.9511	0.9511	0.9511	0.9511	0.9511	0.9511	0.9511	0.9511	0.9511	0.9511	0.9511	0.9511	0.9511	0.9511	0.9511	0.9511	0.9511	0.9511	0.9511	0.9511	0.9511	0.9511	0.9511	0.9511	0.9511	0.9511	0.9511	0.9511	0.9511	0.9511	0.9511	0.9511	0.9511	0.9511	0.9511	0.9511	0.9511	0.9511	0.9511	0.9511	0.9511	0.9511	0.9511	0.9511	0.9511	0.9511	0.9511	0.9511	0.9511	0.9511	0.9511	0.9511	0.9511	0.9511	0.9511	0.9511	0.9511	0.9511	0.9511	0.9511	0.9511	0.9511	0.9511	0.9511	0.9511	0.9511	0.9511	0.9511	0.9511	0.9511	0.9511	0.9511	0.9511	0.9511	0.9511	0.9511	0.9511	0.9511	0.9511	0.9511	0.9511	0.9511	0.9511	0.9511	0.9511	0.9511	0.9511	0.9511	0.9511	0.9511	0.9511	0.9511	0.9511	0.9511	0.9511	0.9511	0.9511	0.9511	0.9511	0.9511	0.9511	0.9511	0.9511	0.9511	0.9511	0.9511	0.9511	0.9511	0.9511	0.9511	0.9511	0.9511	0.9511	0.9511	0.9511	0.9511	0.9511	0.9511	0.9511	0.9511	0.9511	0.9511	0.9511	0.9511	0.9511	0.9511	0.9511	0.9511	0.9511	0.9511	0.9511	0.9511	0.9511	0.9511	0.9511	0.9511	0.9511	0.0165	0.0165	0.0165	0.0165	0.0165	0.0165	0.0165	0.0165	0.0165	0.0165	0.0165	0.0165	0.0165	0.0165	0.0165	0.0165	0.0165	0.0165	0.0165	0.0165	0.0165	0.0165	0.0165	0.0165	0.0165	0.0165	0.0165	0.0165	0.0165	0.0165	0.0165	0.0135	0.0165	0.0165	0.0165	0.0165	0.0165	0.0165	0.0165	0.0165	0.0165	0.0165	0.0165	0.0165	0.0165	0.0165	0.0165	0.0165	0.0165	0.0165	0.0165	0.0165	0.0165	0.0165	0.0165	0.0165	0.0165	0.0165	0.0165	0.0165	0.0165	0.0165	0.0165	0.0165	0.0165	0.0165	0.0165	0.0165	0.0165	0.0016	0.0165	0.0165	0.0165	0.0165	0.0165	0.0165	0.0165	0.0165	0.0165	0.0165	0.0165	0.0165	0.0165	0.0165	0.0165	0.0165	0.0165	0.0165	0.0165	0.0165	0.0165	0.0165	0.0165	0.0165	0.0165	0.0165	0.0165	0.0165	0.0165	0.0165	0.0165	0.0165	0.0165	0.0165	0.0165	0.0165	0.0165	0.0165	0.0165	0.0165	0.0165	0.0165	0.0165	0.0165	0.0165	0.0165	0.0165	0.0165	0.0165	0.0165	0.0165	0.0165	0.0165	0.0165	0.0165	0.0165	0.0165	0.0165	0.0165	0.0165	0.0165	0.0165	0.0165	0.0165	0.0135	0.0165	0.0165	0.0165	0.0165	0.0165	0.0165	0.0165	0.0165	0.0165	0.0165	0.0165	0.0165	0.0165	0.0165	0.0165	0.0165	0.0165	0.0165	0.0165	0.0165	0.0165	0.0165	0.0165	0.0165	0.0165	0.0165	0.0165	0.0165	0.0165	0.0165	0.0165	0.0165	0.0165	0.0165	0.0165	0.0165	0.0165	0.0165	0.0165	0.0165	0.0165	0.0165	0.0165	0.0165	0.0165	0.0165	0.0165	0.0165	0.0165	0.0165	0.0165	0.0165	0.0165	0.0165	0.0016	0.0016	0.0016	0.0016	0.0016	0.0016	0.0016	0.0016	0.0165	0.0135	0.0016	0.0016	0.0016	0.0165	0.0016	0.0016	0.0016	0.0165	0.0016	0.0016	0.0016	0.0016	0.0016	0.0016	0.0016	0.0016	0.0016	0.0016	0.0016	0.0135	0.0016	0.0016	0.0016	0.0016	0.0016	0.0016	0.0016	0.0016	0.0135	0.0016	0.0016	0.0016	0.0016	0.0016	0.0016	0.0016	0.0016	0.0165	0.0016	0.0016	0.0016	0.0016	0.0016	0.0016	0.0016	0.0016	0.0016	0.0016	0.0016	0.0016	0.0016	0.0016	0.0016	0.0016	0.0016	0.0016	0.0016	0.0016	0.0016	0.0016	0.0016	0.0016	0.0016	0.0016	0.0016	0.0016	0.0016	0.0016	0.0016	0.0016	0.0016
8	0.0113	0.0113	0.0113	0.0113	0.0113	0.0113	0.0113	0.0113	0.0113	0.0113	0.0113	0.0113	0.0113	0.0113	0.0113	0.0113	0.0113	0.0113	0.0113	0.0113	0.0113	0.0113	0.0113	0.0113	0.0113	0.0113	0.0113	0.0113	0.0113	0.0113	0.0113	0.0113	0.0113	0.0113	0.0113	0.0113	0.0113	0.0113	0.0113	0.0113	0.0113	0.0113	0.0113	0.0113	0.0113	0.0113	0.0113	0.0113	0.0113	0.0113	0.0113	0.0113	0.0113	0.0113	0.0113	0.0113	0.0113	0.0113	0.0113	0.0113	0.0113	0.0113	0.0113	0.0113	0.0113	0.0113	0.0113	0.0113	0.0113	0.0113	0.0113	0.0113	0.0113	0.0113	0.0113	0.0113	0.0113	0.0113	0.0113	0.0113	0.0113	0.0113	0.0113	0.0113	0.0113	0.0113	0.0113	0.0113	0.0113	0.0113	0.0113	0.0113	0.0113	0.0113	0.0113	0.0113	0.0113	0.0113	0.0113	0.0113	0.0113	0.0113	0.0113	0.0113	0.0113	0.0113	0.0113	0.0113	0.0113	0.0113	0.0113	0.0113	0.0113	0.0113	0.0113	0.0113	0.0113	0.0113	0.0113	0.0113	0.0113	0.0113	0.0113	0.0113	0.0113	0.0113	0.0113	0.0113	0.0113	0.0113	0.0113	0.0113	0.0113	0.0113	0.0113	0.0113	0.0113	0.0113	0.0113	0.0113	0.0113	0.0113	0.0113	0.0113	0.0113	0.0113	0.0113	0.0113	0.0113	0.0113	0.0113	0.0113	0.0113	0.0113	0.0113	0.0113	0.0113	0.0113	0.0113	0.0113	0.0113	0.0113	0.0113	0.0113	0.0113	0.0113	0.0113	0.0113	0.0113	0.0113	0.0113	0.0113	0.0113	0.0113	0.0113	0.0113	0.0113	0.0113	0.0113	0.0113	0.0113	0.0113	0.0113	0.0113	0.0113	0.0113	0.0113	0.0113	0.012	0.012	0.012	0.012	0.012	0.012	0.012	0.012	0.012	0.012	0.012	0.012	0.012	0.012	0.012	0.012	0.012	0.012	0.012	0.012	0.012	0.012	0.012	0.012	0.012	0.012	0.012	0.012	0.012	0.012	0.012	0.012	0.012	0.012	0.012	0.012	0.012	0.012	0.012	0.012	0.012	0.012	0.012	0.012	0.012	0.012	0.012	0.012	0.012	0.012	0.012	0.012	0.012	0.012	0.012	0.012	0.012	0.012	0.012	0.012	0.012	0.012	0.012	0.012	0.012	0.012	0.012	0.012	0.012	0.012	0.012	0.012	0.012	0.012	0.012	0.012	0.012	0.012	0.012	0.012	0.012	0.012	0.012	0.012	0.012	0.012	0.012	0.012	0.012	0.012	0.012	0.012	0.012	0.012	0.012	0.012	0.012	0.012	0.012	0.012	0.012	0.012	0.012	0.012	0.012	0.012	0.012	0.012	0.012	0.012	0.012	0.012	0.012	0.012	0.012	0.012	0.012	0.012	0.012	0.012	0.012	0.012	0.012	0.012	0.012	0.012	0.012	0.012	0.012	0.012	0.012	0.012	0.012	0.012	0.012	0.012	0.012	0.012	0.012	0.012	0.012	0.012	0.8203	0.8203	0.8203	0.8203	0.8203	0.8203	0.8203	0.8203	0.8203	0.8203	0.8203	0.8203	0.8203	0.8203	0.8203	0.8203	0.8203	0.8203	0.8203	0.8203	0.8203	0.8203	0.8203	0.8203	0.8203	0.8203	0.8203	0.8203	0.8203	0.8203	0.8203	0.8715	0.8203	0.8203	0.8203	0.8203	0.8203	0.8203	0.8203	0.8203	0.8203	0.8203	0.8203	0.8203	0.8203	0.8203	0.8203	0.8203	0.8203	0.8203	0.8203	0.8203	0.8203	0.8203	0.8203	0.8203	0.8203	0.8203	0.8203	0.8203	0.8203	0.8203	0.8203	0.8203	0.8203	0.8203	0.8203	0.8203	0.8203	0.9959	0.8203	0.8203	0.8203	0.8203	0.8203	0.8203	0.8203	0.8203	0.8203	0.8203	0.8203	0.8203	0.8203	0.8203	0.8203	0.8203	0.8203	0.8203	0.8203	0.8203	0.8203	0.8203	0.8203	0.8203	0.8203	0.8203	0.8203	0.8203	0.8203	0.8203	0.8203	0.8203	0.8203	0.8203	0.8203	0.8203	0.8203	0.8203	0.8203	0.8203	0.8203	0.8203	0.8203	0.8203	0.8203	0.8203	0.8203	0.8203	0.8203	0.8203	0.8203	0.8203	0.8203	0.8203	0.8203	0.8203	0.8203	0.8203	0.8203	0.8203	0.8203	0.8203	0.8203	0.8203	0.8715	0.8203	0.8203	0.8203	0.8203	0.8203	0.8203	0.8203	0.8203	0.8203	0.8203	0.8203	0.8203	0.8203	0.8203	0.8203	0.8203	0.8203	0.8203	0.8203	0.8203	0.8203	0.8203	0.8203	0.8203	0.8203	0.8203	0.8203	0.8203	0.8203	0.8203	0.8203	0.8203	0.8203	0.8203	0.8203	0.8203	0.8203	0.8203	0.8203	0.8203	0.8203	0.8203	0.8203	0.8203	0.8203	0.8203	0.8203	0.8203	0.8203	0.8203	0.8203	0.8203	0.8203	0.8203	0.9959	0.9959	0.9959	0.9959	0.9959	0.9959	0.9959	0.9959	0.8203	0.8715	0.9959	0.9959	0.9959	0.8203	0.9959	0.9959	0.9959	0.8203	0.9959	0.9959	0.9959	0.9959	0.9959	0.9959	0.9959	0.9959	0.9959	0.9959	0.9959	0.8715	0.9959	0.9959	0.9959	0.9959	0.9959	0.9959	0.9959	0.9959	0.8715	0.9959	0.9959	0.9959	0.9959	0.9959	0.9959	0.9959	0.9959	0.8203	0.9959	0.9959	0.9959	0.9959	0.9959	0.9959	0.9959	0.9959	0.9959	0.9959	0.9959	0.9959	0.9959	0.9959	0.9959	0.9959	0.9959	0.9959	0.9959	0.9959	0.9959	0.9959	0.9959	0.9959	0.9959	0.9959	0.9959	0.9959	0.9959	0.9959	0.9959	0.9959	0.9959
9	0.0077	0.0077	0.0077	0.0077	0.0077	0.0077	0.0077	0.0077	0.0077	0.0077	0.0077	0.0077	0.0077	0.0077	0.0077	0.0077	0.0077	0.0077	0.0077	0.0077	0.0077	0.0077	0.0077	0.0077	0.0077	0.0077	0.0077	0.0077	0.0077	0.0077	0.0077	0.0077	0.0077	0.0077	0.0077	0.0077	0.0077	0.0077	0.0077	0.0077	0.0077	0.0077	0.0077	0.0077	0.0077	0.0077	0.0077	0.0077	0.0077	0.0077	0.0077	0.0077	0.0077	0.0077	0.0077	0.0077	0.0077	0.0077	0.0077	0.0077	0.0077	0.0077	0.0077	0.0077	0.0077	0.0077	0.0077	0.0077	0.0077	0.0077	0.0077	0.0077	0.0077	0.0077	0.0077	0.0077	0.0077	0.0077	0.0077	0.0077	0.0077	0.0077	0.0077	0.0077	0.0077	0.0077	0.0077	0.0077	0.0077	0.0077	0.0077	0.0077	0.0077	0.0077	0.0077	0.0077	0.0077	0.0077	0.0077	0.0077	0.0077	0.0077	0.0077	0.0077	0.0077	0.0077	0.0077	0.0077	0.0077	0.0077	0.0077	0.0077	0.0077	0.0077	0.0077	0.0077	0.0077	0.0077	0.0077	0.0077	0.0077	0.0077	0.0077	0.0077	0.0077	0.0077	0.0077	0.0077	0.0077	0.0077	0.0077	0.0077	0.0077	0.0077	0.0077	0.0077	0.0077	0.0077	0.0077	0.0077	0.0077	0.0077	0.0077	0.0077	0.0077	0.0077	0.0077	0.0077	0.0077	0.0077	0.0077	0.0077	0.0077	0.0077	0.0077	0.0077	0.0077	0.0077	0.0077	0.0077	0.0077	0.0077	0.0077	0.0077	0.0077	0.0077	0.0077	0.0077	0.0077	0.0077	0.0077	0.0077	0.0077	0.0077	0.0077	0.0077	0.0077	0.0077	0.0077	0.0077	0.0077	0.0077	0.0077	0.0077	0.0077	0.0077	0.0077	0.0077	0.0087	0.0087	0.0087	0.0087	0.0087	0.0087	0.0087	0.0087	0.0087	0.0087	0.0087	0.0087	0.0087	0.0087	0.0087	0.0087	0.0087	0.0087	0.0087	0.0087	0.0087	0.0087	0.0087	0.0087	0.0087	0.0087	0.0087	0.0087	0.0087	0.0087	0.0087	0.0087	0.0087	0.0087	0.0087	0.0087	0.0087	0.0087	0.0087	0.0087	0.0087	0.0087	0.0087	0.0087	0.0087	0.0087	0.0087	0.0087	0.0087	0.0087	0.0087	0.0087	0.0087	0.0087	0.0087	0.0087	0.0087	0.0087	0.0087	0.0087	0.0087	0.0087	0.0087	0.0087	0.0087	0.0087	0.0087	0.0087	0.0087	0.0087	0.0087	0.0087	0.0087	0.0087	0.0087	0.0087	0.0087	0.0087	0.0087	0.0087	0.0087	0.0087	0.0087	0.0087	0.0087	0.0087	0.0087	0.0087	0.0087	0.0087	0.0087	0.0087	0.0087	0.0087	0.0087	0.0087	0.0087	0.0087	0.0087	0.0087	0.0087	0.0087	0.0087	0.0087	0.0087	0.0087	0.0087	0.0087	0.0087	0.0087	0.0087	0.0087	0.0087	0.0087	0.0087	0.0087	0.0087	0.0087	0.0087	0.0087	0.0087	0.0087	0.0087	0.0087	0.0087	0.0087	0.0087	0.0087	0.0087	0.0087	0.0087	0.0087	0.0087	0.0087	0.0087	0.0087	0.0087	0.0087	0.0087	0.0087	0.0087	0.0087	0.942	0.942	0.942	0.942	0.942	0.942	0.942	0.942	0.942	0.942	0.942	0.942	0.942	0.942	0.942	0.942	0.942	0.942	0.942	0.942	0.942	0.942	0.942	0.942	0.942	0.942	0.942	0.942	0.942	0.942	0.942	0.9546	0.942	0.942	0.942	0.942	0.942	0.942	0.942	0.942	0.942	0.942	0.942	0.942	0.942	0.942	0.942	0.942	0.942	0.942	0.942	0.942	0.942	0.942	0.942	0.942	0.942	0.942	0.942	0.942	0.942	0.942	0.942	0.942	0.942	0.942	0.942	0.942	0.942	0.9599	0.942	0.942	0.942	0.942	0.942	0.942	0.942	0.942	0.942	0.942	0.942	0.942	0.942	0.942	0.942	0.942	0.942	0.942	0.942	0.942	0.942	0.942	0.942	0.942	0.942	0.942	0.942	0.942	0.942	0.942	0.942	0.942	0.942	0.942	0.942	0.942	0.942	0.942	0.942	0.942	0.942	0.942	0.942	0.942	0.942	0.942	0.942	0.942	0.942	0.942	0.942	0.942	0.942	0.942	0.942	0.942	0.942	0.942	0.942	0.942	0.942	0.942	0.942	0.942	0.9546	0.942	0.942	0.942	0.942	0.942	0.942	0.942	0.942	0.942	0.942	0.942	0.942	0.942	0.942	0.942	0.942	0.942	0.942	0.942	0.942	0.942	0.942	0.942	0.942	0.942	0.942	0.942	0.942	0.942	0.942	0.942	0.942	0.942	0.942	0.942	0.942	0.942	0.942	0.942	0.942	0.942	0.942	0.942	0.942	0.942	0.942	0.942	0.942	0.942	0.942	0.942	0.942	0.942	0.942	0.9599	0.9599	0.9599	0.9599	0.9599	0.9599	0.9599	0.9599	0.942	0.9546	0.9599	0.9599	0.9599	0.942	0.9599	0.9599	0.9599	0.942	0.9599	0.9599	0.9599	0.9599	0.9599	0.9599	0.9599	0.9599	0.9599	0.9599	0.9599	0.9546	0.9599	0.9599	0.9599	0.9599	0.9599	0.9599	0.9599	0.9599	0.9546	0.9599	0.9599	0.9599	0.9599	0.9599	0.9599	0.9599	0.9599	0.942	0.9599	0.9599	0.9599	0.9599	0.9599	0.9599	0.9599	0.9599	0.9599	0.9599	0.9599	0.9599	0.9599	0.9599	0.9599	0.9599	0.9599	0.9599	0.9599	0.9599	0.9599	0.9599	0.9599	0.9599	0.9599	0.9599	0.9599	0.9599	0.9599	0.9599	0.9599	0.9599	0.9599
10	0.0042	0.0042	0.0042	0.0042	0.0042	0.0042	0.0042	0.0042	0.0042	0.0042	0.0042	0.0042	0.0042	0.0042	0.0042	0.0042	0.0042	0.0042	0.0042	0.0042	0.0042	0.0042	0.0042	0.0042	0.0042	0.0042	0.0042	0.0042	0.0042	0.0042	0.0042	0.0042	0.0042	0.0042	0.0042	0.0042	0.0042	0.0042	0.0042	0.0042	0.0042	0.0042	0.0042	0.0042	0.0042	0.0042	0.0042	0.0042	0.0042	0.0042	0.0042	0.0042	0.0042	0.0042	0.0042	0.0042	0.0042	0.0042	0.0042	0.0042	0.0042	0.0042	0.0042	0.0042	0.0042	0.0042	0.0042	0.0042	0.0042	0.0042	0.0042	0.0042	0.0042	0.0042	0.0042	0.0042	0.0042	0.0042	0.0042	0.0042	0.0042	0.0042	0.0042	0.0042	0.0042	0.0042	0.0042	0.0042	0.0042	0.0042	0.0042	0.0042	0.0042	0.0042	0.0042	0.0042	0.0042	0.0042	0.0042	0.0042	0.0042	0.0042	0.0042	0.0042	0.0042	0.0042	0.0042	0.0042	0.0042	0.0042	0.0042	0.0042	0.0042	0.0042	0.0042	0.0042	0.0042	0.0042	0.0042	0.0042	0.0042	0.0042	0.0042	0.0042	0.0042	0.0042	0.0042	0.0042	0.0042	0.0042	0.0042	0.0042	0.0042	0.0042	0.0042	0.0042	0.0042	0.0042	0.0042	0.0042	0.0042	0.0042	0.0042	0.0042	0.0042	0.0042	0.0042	0.0042	0.0042	0.0042	0.0042	0.0042	0.0042	0.0042	0.0042	0.0042	0.0042	0.0042	0.0042	0.0042	0.0042	0.0042	0.0042	0.0042	0.0042	0.0042	0.0042	0.0042	0.0042	0.0042	0.0042	0.0042	0.0042	0.0042	0.0042	0.0042	0.0042	0.0042	0.0042	0.0042	0.0042	0.0042	0.0042	0.0042	0.0042	0.0042	0.0042	0.0042	0.0046	0.0046	0.0046	0.0046	0.0046	0.0046	0.0046	0.0046	0.0046	0.0046	0.0046	0.0046	0.0046	0.0046	0.0046	0.0046	0.0046	0.0046	0.0046	0.0046	0.0046	0.0046	0.0046	0.0046	0.0046	0.0046	0.0046	0.0046	0.0046	0.0046	0.0046	0.0046	0.0046	0.0046	0.0046	0.0046	0.0046	0.0046	0.0046	0.0046	0.0046	0.0046	0.0046	0.0046	0.0046	0.0046	0.0046	0.0046	0.0046	0.0046	0.0046	0.0046	0.0046	0.0046	0.0046	0.0046	0.0046	0.0046	0.0046	0.0046	0.0046	0.0046	0.0046	0.0046	0.0046	0.0046	0.0046	0.0046	0.0046	0.0046	0.0046	0.0046	0.0046	0.0046	0.0046	0.0046	0.0046	0.0046	0.0046	0.0046	0.0046	0.0046	0.0046	0.0046	0.0046	0.0046	0.0046	0.0046	0.0046	0.0046	0.0046	0.0046	0.0046	0.0046	0.0046	0.0046	0.0046	0.0046	0.0046	0.0046	0.0046	0.0046	0.0046	0.0046	0.0046	0.0046	0.0046	0.0046	0.0046	0.0046	0.0046	0.0046	0.0046	0.0046	0.0046	0.0046	0.0046	0.0046	0.0046	0.0046	0.0046	0.0046	0.0046	0.0046	0.0046	0.0046	0.0046	0.0046	0.0046	0.0046	0.0046	0.0046	0.0046	0.0046	0.0046	0.0046	0.0046	0.0046	0.0046	0.0046	0.0046	0.0046	0.9987	0.9987	0.9987	0.9987	0.9987	0.9987	0.9987	0.9987	0.9987	0.9987	0.9987	0.9987	0.9987	0.9987	0.9987	0.9987	0.9987	0.9987	0.9987	0.9987	0.9987	0.9987	0.9987	0.9987	0.9987	0.9987	0.9987	0.9987	0.9987	0.9987	0.9987	0.9222	0.9987	0.9987	0.9987	0.9987	0.9987	0.9987	0.9987	0.9987	0.9987	0.9987	0.9987	0.9987	0.9987	0.9987	0.9987	0.9987	0.9987	0.9987	0.9987	0.9987	0.9987	0.9987	0.9987	0.9987	0.9987	0.9987	0.9987	0.9987	0.9987	0.9987	0.9987	0.9987	0.9987	0.9987	0.9987	0.9987	0.9987	0.9395	0.9987	0.9987	0.9987	0.9987	0.9987	0.9987	0.9987	0.9987	0.9987	0.9987	0.9987	0.9987	0.9987	0.9987	0.9987	0.9987	0.9987	0.9987	0.9987	0.9987	0.9987	0.9987	0.9987	0.9987	0.9987	0.9987	0.9987	0.9987	0.9987	0.9987	0.9987	0.9987	0.9987	0.9987	0.9987	0.9987	0.9987	0.9987	0.9987	0.9987	0.9987	0.9987	0.9987	0.9987	0.9987	0.9987	0.9987	0.9987	0.9987	0.9987	0.9987	0.9987	0.9987	0.9987	0.9987	0.9987	0.9987	0.9987	0.9987	0.9987	0.9987	0.9987	0.9987	0.9987	0.9222	0.9987	0.9987	0.9987	0.9987	0.9987	0.9987	0.9987	0.9987	0.9987	0.9987	0.9987	0.9987	0.9987	0.9987	0.9987	0.9987	0.9987	0.9987	0.9987	0.9987	0.9987	0.9987	0.9987	0.9987	0.9987	0.9987	0.9987	0.9987	0.9987	0.9987	0.9987	0.9987	0.9987	0.9987	0.9987	0.9987	0.9987	0.9987	0.9987	0.9987	0.9987	0.9987	0.9987	0.9987	0.9987	0.9987	0.9987	0.9987	0.9987	0.9987	0.9987	0.9987	0.9987	0.9987	0.9395	0.9395	0.9395	0.9395	0.9395	0.9395	0.9395	0.9395	0.9987	0.9222	0.9395	0.9395	0.9395	0.9987	0.9395	0.9395	0.9395	0.9987	0.9395	0.9395	0.9395	0.9395	0.9395	0.9395	0.9395	0.9395	0.9395	0.9395	0.9395	0.9222	0.9395	0.9395	0.9395	0.9395	0.9395	0.9395	0.9395	0.9395	0.9222	0.9395	0.9395	0.9395	0.9395	0.9395	0.9395	0.9395	0.9395	0.9987	0.9395	0.9395	0.9395	0.9395	0.9395	0.9395	0.9395	0.9395	0.9395	0.9395	0.9395	0.9395	0.9395	0.9395	0.9395	0.9395	0.9395	0.9395	0.9395	0.9395	0.9395	0.9395	0.9395	0.9395	0.9395	0.9395	0.9395	0.9395	0.9395	0.9395	0.9395	0.9395	0.9395
11	0.0138	0.0138	0.0138	0.0138	0.0138	0.0138	0.0138	0.0138	0.0138	0.0138	0.0138	0.0138	0.0138	0.0138	0.0138	0.0138	0.0138	0.0138	0.0138	0.0138	0.0138	0.0138	0.0138	0.0138	0.0138	0.0138	0.0138	0.0138	0.0138	0.0138	0.0138	0.0138	0.0138	0.0138	0.0138	0.0138	0.0138	0.0138	0.0138	0.0138	0.0138	0.0138	0.0138	0.0138	0.0138	0.0138	0.0138	0.0138	0.0138	0.0138	0.0138	0.0138	0.0138	0.0138	0.0138	0.0138	0.0138	0.0138	0.0138	0.0138	0.0138	0.0138	0.0138	0.0138	0.0138	0.0138	0.0138	0.0138	0.0138	0.0138	0.0138	0.0138	0.0138	0.0138	0.0138	0.0138	0.0138	0.0138	0.0138	0.0138	0.0138	0.0138	0.0138	0.0138	0.0138	0.0138	0.0138	0.0138	0.0138	0.0138	0.0138	0.0138	0.0138	0.0138	0.0138	0.0138	0.0138	0.0138	0.0138	0.0138	0.0138	0.0138	0.0138	0.0138	0.0138	0.0138	0.0138	0.0138	0.0138	0.0138	0.0138	0.0138	0.0138	0.0138	0.0138	0.0138	0.0138	0.0138	0.0138	0.0138	0.0138	0.0138	0.0138	0.0138	0.0138	0.0138	0.0138	0.0138	0.0138	0.0138	0.0138	0.0138	0.0138	0.0138	0.0138	0.0138	0.0138	0.0138	0.0138	0.0138	0.0138	0.0138	0.0138	0.0138	0.0138	0.0138	0.0138	0.0138	0.0138	0.0138	0.0138	0.0138	0.0138	0.0138	0.0138	0.0138	0.0138	0.0138	0.0138	0.0138	0.0138	0.0138	0.0138	0.0138	0.0138	0.0138	0.0138	0.0138	0.0138	0.0138	0.0138	0.0138	0.0138	0.0138	0.0138	0.0138	0.0138	0.0138	0.0138	0.0138	0.0138	0.0138	0.0138	0.0138	0.0138	0.0138	0.0138	0.0138	0.0088	0.0088	0.0088	0.0088	0.0088	0.0088	0.0088	0.0088	0.0088	0.0088	0.0088	0.0088	0.0088	0.0088	0.0088	0.0088	0.0088	0.0088	0.0088	0.0088	0.0088	0.0088	0.0088	0.0088	0.0088	0.0088	0.0088	0.0088	0.0088	0.0088	0.0088	0.0088	0.0088	0.0088	0.0088	0.0088	0.0088	0.0088	0.0088	0.0088	0.0088	0.0088	0.0088	0.0088	0.0088	0.0088	0.0088	0.0088	0.0088	0.0088	0.0088	0.0088	0.0088	0.0088	0.0088	0.0088	0.0088	0.0088	0.0088	0.0088	0.0088	0.0088	0.0088	0.0088	0.0088	0.0088	0.0088	0.0088	0.0088	0.0088	0.0088	0.0088	0.0088	0.0088	0.0088	0.0088	0.0088	0.0088	0.0088	0.0088	0.0088	0.0088	0.0088	0.0088	0.0088	0.0088	0.0088	0.0088	0.0088	0.0088	0.0088	0.0088	0.0088	0.0088	0.0088	0.0088	0.0088	0.0088	0.0088	0.0088	0.0088	0.0088	0.0088	0.0088	0.0088	0.0088	0.0088	0.0088	0.0088	0.0088	0.0088	0.0088	0.0088	0.0088	0.0088	0.0088	0.0088	0.0088	0.0088	0.0088	0.0088	0.0088	0.0088	0.0088	0.0088	0.0088	0.0088	0.0088	0.0088	0.0088	0.0088	0.0088	0.0088	0.0088	0.0088	0.0088	0.0088	0.0088	0.0088	0.0088	0.0088	0.0088	0.9493	0.9493	0.9493	0.9493	0.9493	0.9493	0.9493	0.9493	0.9493	0.9493	0.9493	0.9493	0.9493	0.9493	0.9493	0.9493	0.9493	0.9493	0.9493	0.9493	0.9493	0.9493	0.9493	0.9493	0.9493	0.9493	0.9493	0.9493	0.9493	0.9493	0.9493	0.9431	0.9493	0.9493	0.9493	0.9493	0.9493	0.9493	0.9493	0.9493	0.9493	0.9493	0.9493	0.9493	0.9493	0.9493	0.9493	0.9493	0.9493	0.9493	0.9493	0.9493	0.9493	0.9493	0.9493	0.9493	0.9493	0.9493	0.9493	0.9493	0.9493	0.9493	0.9493	0.9493	0.9493	0.9493	0.9493	0.9493	0.9493	0.9052	0.9493	0.9493	0.9493	0.9493	0.9493	0.9493	0.9493	0.9493	0.9493	0.9493	0.9493	0.9493	0.9493	0.9493	0.9493	0.9493	0.9493	0.9493	0.9493	0.9493	0.9493	0.9493	0.9493	0.9493	0.9493	0.9493	0.9493	0.9493	0.9493	0.9493	0.9493	0.9493	0.9493	0.9493	0.9493	0.9493	0.9493	0.9493	0.9493	0.9493	0.9493	0.9493	0.9493	0.9493	0.9493	0.9493	0.9493	0.9493	0.9493	0.9493	0.9493	0.9493	0.9493	0.9493	0.9493	0.9493	0.9493	0.9493	0.9493	0.9493	0.9493	0.9493	0.9493	0.9493	0.9431	0.9493	0.9493	0.9493	0.9493	0.9493	0.9493	0.9493	0.9493	0.9493	0.9493	0.9493	0.9493	0.9493	0.9493	0.9493	0.9493	0.9493	0.9493	0.9493	0.9493	0.9493	0.9493	0.9493	0.9493	0.9493	0.9493	0.9493	0.9493	0.9493	0.9493	0.9493	0.9493	0.9493	0.9493	0.9493	0.9493	0.9493	0.9493	0.9493	0.9493	0.9493	0.9493	0.9493	0.9493	0.9493	0.9493	0.9493	0.9493	0.9493	0.9493	0.9493	0.9493	0.9493	0.9493	0.9052	0.9052	0.9052	0.9052	0.9052	0.9052	0.9052	0.9052	0.9493	0.9431	0.9052	0.9052	0.9052	0.9493	0.9052	0.9052	0.9052	0.9493	0.9052	0.9052	0.9052	0.9052	0.9052	0.9052	0.9052	0.9052	0.9052	0.9052	0.9052	0.9431	0.9052	0.9052	0.9052	0.9052	0.9052	0.9052	0.9052	0.9052	0.9431	0.9052	0.9052	0.9052	0.9052	0.9052	0.9052	0.9052	0.9052	0.9493	0.9052	0.9052	0.9052	0.9052	0.9052	0.9052	0.9052	0.9052	0.9052	0.9052	0.9052	0.9052	0.9052	0.9052	0.9052	0.9052	0.9052	0.9052	0.9052	0.9052	0.9052	0.9052	0.9052	0.9052	0.9052	0.9052	0.9052	0.9052	0.9052	0.9052	0.9052	0.9052	0.9052
12	0.0174	0.0174	0.0174	0.0174	0.0174	0.0174	0.0174	0.0174	0.0174	0.0174	0.0174	0.0174	0.0174	0.0174	0.0174	0.0174	0.0174	0.0174	0.0174	0.0174	0.0174	0.0174	0.0174	0.0174	0.0174	0.0174	0.0174	0.0174	0.0174	0.0174	0.0174	0.0174	0.0174	0.0174	0.0174	0.0174	0.0174	0.0174	0.0174	0.0174	0.0174	0.0174	0.0174	0.0174	0.0174	0.0174	0.0174	0.0174	0.0174	0.0174	0.0174	0.0174	0.0174	0.0174	0.0174	0.0174	0.0174	0.0174	0.0174	0.0174	0.0174	0.0174	0.0174	0.0174	0.0174	0.0174	0.0174	0.0174	0.0174	0.0174	0.0174	0.0174	0.0174	0.0174	0.0174	0.0174	0.0174	0.0174	0.0174	0.0174	0.0174	0.0174	0.0174	0.0174	0.0174	0.0174	0.0174	0.0174	0.0174	0.0174	0.0174	0.0174	0.0174	0.0174	0.0174	0.0174	0.0174	0.0174	0.0174	0.0174	0.0174	0.0174	0.0174	0.0174	0.0174	0.0174	0.0174	0.0174	0.0174	0.0174	0.0174	0.0174	0.0174	0.0174	0.0174	0.0174	0.0174	0.0174	0.0174	0.0174	0.0174	0.0174	0.0174	0.0174	0.0174	0.0174	0.0174	0.0174	0.0174	0.0174	0.0174	0.0174	0.0174	0.0174	0.0174	0.0174	0.0174	0.0174	0.0174	0.0174	0.0174	0.0174	0.0174	0.0174	0.0174	0.0174	0.0174	0.0174	0.0174	0.0174	0.0174	0.0174	0.0174	0.0174	0.0174	0.0174	0.0174	0.0174	0.0174	0.0174	0.0174	0.0174	0.0174	0.0174	0.0174	0.0174	0.0174	0.0174	0.0174	0.0174	0.0174	0.0174	0.0174	0.0174	0.0174	0.0174	0.0174	0.0174	0.0174	0.0174	0.0174	0.0174	0.0174	0.0174	0.0174	0.0174	0.0174	0.0174	0.003	0.003	0.003	0.003	0.003	0.003	0.003	0.003	0.003	0.003	0.003	0.003	0.003	0.003	0.003	0.003	0.003	0.003	0.003	0.003	0.003	0.003	0.003	0.003	0.003	0.003	0.003	0.003	0.003	0.003	0.003	0.003	0.003	0.003	0.003	0.003	0.003	0.003	0.003	0.003	0.003	0.003	0.003	0.003	0.003	0.003	0.003	0.003	0.003	0.003	0.003	0.003	0.003	0.003	0.003	0.003	0.003	0.003	0.003	0.003	0.003	0.003	0.003	0.003	0.003	0.003	0.003	0.003	0.003	0.003	0.003	0.003	0.003	0.003	0.003	0.003	0.003	0.003	0.003	0.003	0.003	0.003	0.003	0.003	0.003	0.003	0.003	0.003	0.003	0.003	0.003	0.003	0.003	0.003	0.003	0.003	0.003	0.003	0.003	0.003	0.003	0.003	0.003	0.003	0.003	0.003	0.003	0.003	0.003	0.003	0.003	0.003	0.003	0.003	0.003	0.003	0.003	0.003	0.003	0.003	0.003	0.003	0.003	0.003	0.003	0.003	0.003	0.003	0.003	0.003	0.003	0.003	0.003	0.003	0.003	0.003	0.003	0.003	0.003	0.003	0.003	0.003	0.883	0.883	0.883	0.883	0.883	0.883	0.883	0.883	0.883	0.883	0.883	0.883	0.883	0.883	0.883	0.883	0.883	0.883	0.883	0.883	0.883	0.883	0.883	0.883	0.883	0.883	0.883	0.883	0.883	0.883	0.883	0.9228	0.883	0.883	0.883	0.883	0.883	0.883	0.883	0.883	0.883	0.883	0.883	0.883	0.883	0.883	0.883	0.883	0.883	0.883	0.883	0.883	0.883	0.883	0.883	0.883	0.883	0.883	0.883	0.883	0.883	0.883	0.883	0.883	0.883	0.883	0.883	0.883	0.883	0.9823	0.883	0.883	0.883	0.883	0.883	0.883	0.883	0.883	0.883	0.883	0.883	0.883	0.883	0.883	0.883	0.883	0.883	0.883	0.883	0.883	0.883	0.883	0.883	0.883	0.883	0.883	0.883	0.883	0.883	0.883	0.883	0.883	0.883	0.883	0.883	0.883	0.883	0.883	0.883	0.883	0.883	0.883	0.883	0.883	0.883	0.883	0.883	0.883	0.883	0.883	0.883	0.883	0.883	0.883	0.883	0.883	0.883	0.883	0.883	0.883	0.883	0.883	0.883	0.883	0.9228	0.883	0.883	0.883	0.883	0.883	0.883	0.883	0.883	0.883	0.883	0.883	0.883	0.883	0.883	0.883	0.883	0.883	0.883	0.883	0.883	0.883	0.883	0.883	0.883	0.883	0.883	0.883	0.883	0.883	0.883	0.883	0.883	0.883	0.883	0.883	0.883	0.883	0.883	0.883	0.883	0.883	0.883	0.883	0.883	0.883	0.883	0.883	0.883	0.883	0.883	0.883	0.883	0.883	0.883	0.9823	0.9823	0.9823	0.9823	0.9823	0.9823	0.9823	0.9823	0.883	0.9228	0.9823	0.9823	0.9823	0.883	0.9823	0.9823	0.9823	0.883	0.9823	0.9823	0.9823	0.9823	0.9823	0.9823	0.9823	0.9823	0.9823	0.9823	0.9823	0.9228	0.9823	0.9823	0.9823	0.9823	0.9823	0.9823	0.9823	0.9823	0.9228	0.9823	0.9823	0.9823	0.9823	0.9823	0.9823	0.9823	0.9823	0.883	0.9823	0.9823	0.9823	0.9823	0.9823	0.9823	0.9823	0.9823	0.9823	0.9823	0.9823	0.9823	0.9823	0.9823	0.9823	0.9823	0.9823	0.9823	0.9823	0.9823	0.9823	0.9823	0.9823	0.9823	0.9823	0.9823	0.9823	0.9823	0.9823	0.9823	0.9823	0.9823	0.9823
13	0.0023	0.0023	0.0023	0.0023	0.0023	0.0023	0.0023	0.0023	0.0023	0.0023	0.0023	0.0023	0.0023	0.0023	0.0023	0.0023	0.0023	0.0023	0.0023	0.0023	0.0023	0.0023	0.0023	0.0023	0.0023	0.0023	0.0023	0.0023	0.0023	0.0023	0.0023	0.0023	0.0023	0.0023	0.0023	0.0023	0.0023	0.0023	0.0023	0.0023	0.0023	0.0023	0.0023	0.0023	0.0023	0.0023	0.0023	0.0023	0.0023	0.0023	0.0023	0.0023	0.0023	0.0023	0.0023	0.0023	0.0023	0.0023	0.0023	0.0023	0.0023	0.0023	0.0023	0.0023	0.0023	0.0023	0.0023	0.0023	0.0023	0.0023	0.0023	0.0023	0.0023	0.0023	0.0023	0.0023	0.0023	0.0023	0.0023	0.0023	0.0023	0.0023	0.0023	0.0023	0.0023	0.0023	0.0023	0.0023	0.0023	0.0023	0.0023	0.0023	0.0023	0.0023	0.0023	0.0023	0.0023	0.0023	0.0023	0.0023	0.0023	0.0023	0.0023	0.0023	0.0023	0.0023	0.0023	0.0023	0.0023	0.0023	0.0023	0.0023	0.0023	0.0023	0.0023	0.0023	0.0023	0.0023	0.0023	0.0023	0.0023	0.0023	0.0023	0.0023	0.0023	0.0023	0.0023	0.0023	0.0023	0.0023	0.0023	0.0023	0.0023	0.0023	0.0023	0.0023	0.0023	0.0023	0.0023	0.0023	0.0023	0.0023	0.0023	0.0023	0.0023	0.0023	0.0023	0.0023	0.0023	0.0023	0.0023	0.0023	0.0023	0.0023	0.0023	0.0023	0.0023	0.0023	0.0023	0.0023	0.0023	0.0023	0.0023	0.0023	0.0023	0.0023	0.0023	0.0023	0.0023	0.0023	0.0023	0.0023	0.0023	0.0023	0.0023	0.0023	0.0023	0.0023	0.0023	0.0023	0.0023	0.0023	0.0023	0.0023	0.0023	0.0023	0.0023	0.0023	0.0026	0.0026	0.0026	0.0026	0.0026	0.0026	0.0026	0.0026	0.0026	0.0026	0.0026	0.0026	0.0026	0.0026	0.0026	0.0026	0.0026	0.0026	0.0026	0.0026	0.0026	0.0026	0.0026	0.0026	0.0026	0.0026	0.0026	0.0026	0.0026	0.0026	0.0026	0.0026	0.0026	0.0026	0.0026	0.0026	0.0026	0.0026	0.0026	0.0026	0.0026	0.0026	0.0026	0.0026	0.0026	0.0026	0.0026	0.0026	0.0026	0.0026	0.0026	0.0026	0.0026	0.0026	0.0026	0.0026	0.0026	0.0026	0.0026	0.0026	0.0026	0.0026	0.0026	0.0026	0.0026	0.0026	0.0026	0.0026	0.0026	0.0026	0.0026	0.0026	0.0026	0.0026	0.0026	0.0026	0.0026	0.0026	0.0026	0.0026	0.0026	0.0026	0.0026	0.0026	0.0026	0.0026	0.0026	0.0026	0.0026	0.0026	0.0026	0.0026	0.0026	0.0026	0.0026	0.0026	0.0026	0.0026	0.0026	0.0026	0.0026	0.0026	0.0026	0.0026	0.0026	0.0026	0.0026	0.0026	0.0026	0.0026	0.0026	0.0026	0.0026	0.0026	0.0026	0.0026	0.0026	0.0026	0.0026	0.0026	0.0026	0.0026	0.0026	0.0026	0.0026	0.0026	0.0026	0.0026	0.0026	0.0026	0.0026	0.0026	0.0026	0.0026	0.0026	0.0026	0.0026	0.0026	0.0026	0.0026	0.0026	0.0026	0.9561	0.9561	0.9561	0.9561	0.9561	0.9561	0.9561	0.9561	0.9561	0.9561	0.9561	0.9561	0.9561	0.9561	0.9561	0.9561	0.9561	0.9561	0.9561	0.9561	0.9561	0.9561	0.9561	0.9561	0.9561	0.9561	0.9561	0.9561	0.9561	0.9561	0.9561	0.945	0.9561	0.9561	0.9561	0.9561	0.9561	0.9561	0.9561	0.9561	0.9561	0.9561	0.9561	0.9561	0.9561	0.9561	0.9561	0.9561	0.9561	0.9561	0.9561	0.9561	0.9561	0.9561	0.9561	0.9561	0.9561	0.9561	0.9561	0.9561	0.9561	0.9561	0.9561	0.9561	0.9561	0.9561	0.9561	0.9561	0.9561	0.9691	0.9561	0.9561	0.9561	0.9561	0.9561	0.9561	0.9561	0.9561	0.9561	0.9561	0.9561	0.9561	0.9561	0.9561	0.9561	0.9561	0.9561	0.9561	0.9561	0.9561	0.9561	0.9561	0.9561	0.9561	0.9561	0.9561	0.9561	0.9561	0.9561	0.9561	0.9561	0.9561	0.9561	0.9561	0.9561	0.9561	0.9561	0.9561	0.9561	0.9561	0.9561	0.9561	0.9561	0.9561	0.9561	0.9561	0.9561	0.9561	0.9561	0.9561	0.9561	0.9561	0.9561	0.9561	0.9561	0.9561	0.9561	0.9561	0.9561	0.9561	0.9561	0.9561	0.9561	0.9561	0.945	0.9561	0.9561	0.9561	0.9561	0.9561	0.9561	0.9561	0.9561	0.9561	0.9561	0.9561	0.9561	0.9561	0.9561	0.9561	0.9561	0.9561	0.9561	0.9561	0.9561	0.9561	0.9561	0.9561	0.9561	0.9561	0.9561	0.9561	0.9561	0.9561	0.9561	0.9561	0.9561	0.9561	0.9561	0.9561	0.9561	0.9561	0.9561	0.9561	0.9561	0.9561	0.9561	0.9561	0.9561	0.9561	0.9561	0.9561	0.9561	0.9561	0.9561	0.9561	0.9561	0.9561	0.9561	0.9691	0.9691	0.9691	0.9691	0.9691	0.9691	0.9691	0.9691	0.9561	0.945	0.9691	0.9691	0.9691	0.9561	0.9691	0.9691	0.9691	0.9561	0.9691	0.9691	0.9691	0.9691	0.9691	0.9691	0.9691	0.9691	0.9691	0.9691	0.9691	0.945	0.9691	0.9691	0.9691	0.9691	0.9691	0.9691	0.9691	0.9691	0.945	0.9691	0.9691	0.9691	0.9691	0.9691	0.9691	0.9691	0.9691	0.9561	0.9691	0.9691	0.9691	0.9691	0.9691	0.9691	0.9691	0.9691	0.9691	0.9691	0.9691	0.9691	0.9691	0.9691	0.9691	0.9691	0.9691	0.9691	0.9691	0.9691	0.9691	0.9691	0.9691	0.9691	0.9691	0.9691	0.9691	0.9691	0.9691	0.9691	0.9691	0.9691	0.9691
14	0.0119	0.0119	0.0119	0.0119	0.0119	0.0119	0.0119	0.0119	0.0119	0.0119	0.0119	0.0119	0.0119	0.0119	0.0119	0.0119	0.0119	0.0119	0.0119	0.0119	0.0119	0.0119	0.0119	0.0119	0.0119	0.0119	0.0119	0.0119	0.0119	0.0119	0.0119	0.0119	0.0119	0.0119	0.0119	0.0119	0.0119	0.0119	0.0119	0.0119	0.0119	0.0119	0.0119	0.0119	0.0119	0.0119	0.0119	0.0119	0.0119	0.0119	0.0119	0.0119	0.0119	0.0119	0.0119	0.0119	0.0119	0.0119	0.0119	0.0119	0.0119	0.0119	0.0119	0.0119	0.0119	0.0119	0.0119	0.0119	0.0119	0.0119	0.0119	0.0119	0.0119	0.0119	0.0119	0.0119	0.0119	0.0119	0.0119	0.0119	0.0119	0.0119	0.0119	0.0119	0.0119	0.0119	0.0119	0.0119	0.0119	0.0119	0.0119	0.0119	0.0119	0.0119	0.0119	0.0119	0.0119	0.0119	0.0119	0.0119	0.0119	0.0119	0.0119	0.0119	0.0119	0.0119	0.0119	0.0119	0.0119	0.0119	0.0119	0.0119	0.0119	0.0119	0.0119	0.0119	0.0119	0.0119	0.0119	0.0119	0.0119	0.0119	0.0119	0.0119	0.0119	0.0119	0.0119	0.0119	0.0119	0.0119	0.0119	0.0119	0.0119	0.0119	0.0119	0.0119	0.0119	0.0119	0.0119	0.0119	0.0119	0.0119	0.0119	0.0119	0.0119	0.0119	0.0119	0.0119	0.0119	0.0119	0.0119	0.0119	0.0119	0.0119	0.0119	0.0119	0.0119	0.0119	0.0119	0.0119	0.0119	0.0119	0.0119	0.0119	0.0119	0.0119	0.0119	0.0119	0.0119	0.0119	0.0119	0.0119	0.0119	0.0119	0.0119	0.0119	0.0119	0.0119	0.0119	0.0119	0.0119	0.0119	0.0119	0.0119	0.0119	0.0119	0.0119	0.0119	0.0037	0.0037	0.0037	0.0037	0.0037	0.0037	0.0037	0.0037	0.0037	0.0037	0.0037	0.0037	0.0037	0.0037	0.0037	0.0037	0.0037	0.0037	0.0037	0.0037	0.0037	0.0037	0.0037	0.0037	0.0037	0.0037	0.0037	0.0037	0.0037	0.0037	0.0037	0.0037	0.0037	0.0037	0.0037	0.0037	0.0037	0.0037	0.0037	0.0037	0.0037	0.0037	0.0037	0.0037	0.0037	0.0037	0.0037	0.0037	0.0037	0.0037	0.0037	0.0037	0.0037	0.0037	0.0037	0.0037	0.0037	0.0037	0.0037	0.0037	0.0037	0.0037	0.0037	0.0037	0.0037	0.0037	0.0037	0.0037	0.0037	0.0037	0.0037	0.0037	0.0037	0.0037	0.0037	0.0037	0.0037	0.0037	0.0037	0.0037	0.0037	0.0037	0.0037	0.0037	0.0037	0.0037	0.0037	0.0037	0.0037	0.0037	0.0037	0.0037	0.0037	0.0037	0.0037	0.0037	0.0037	0.0037	0.0037	0.0037	0.0037	0.0037	0.0037	0.0037	0.0037	0.0037	0.0037	0.0037	0.0037	0.0037	0.0037	0.0037	0.0037	0.0037	0.0037	0.0037	0.0037	0.0037	0.0037	0.0037	0.0037	0.0037	0.0037	0.0037	0.0037	0.0037	0.0037	0.0037	0.0037	0.0037	0.0037	0.0037	0.0037	0.0037	0.0037	0.0037	0.0037	0.0037	0.0037	0.0037	0.0037	0.0037	0.9418	0.9418	0.9418	0.9418	0.9418	0.9418	0.9418	0.9418	0.9418	0.9418	0.9418	0.9418	0.9418	0.9418	0.9418	0.9418	0.9418	0.9418	0.9418	0.9418	0.9418	0.9418	0.9418	0.9418	0.9418	0.9418	0.9418	0.9418	0.9418	0.9418	0.9418	0.9464	0.9418	0.9418	0.9418	0.9418	0.9418	0.9418	0.9418	0.9418	0.9418	0.9418	0.9418	0.9418	0.9418	0.9418	0.9418	0.9418	0.9418	0.9418	0.9418	0.9418	0.9418	0.9418	0.9418	0.9418	0.9418	0.9418	0.9418	0.9418	0.9418	0.9418	0.9418	0.9418	0.9418	0.9418	0.9418	0.9418	0.9418	0.9369	0.9418	0.9418	0.9418	0.9418	0.9418	0.9418	0.9418	0.9418	0.9418	0.9418	0.9418	0.9418	0.9418	0.9418	0.9418	0.9418	0.9418	0.9418	0.9418	0.9418	0.9418	0.9418	0.9418	0.9418	0.9418	0.9418	0.9418	0.9418	0.9418	0.9418	0.9418	0.9418	0.9418	0.9418	0.9418	0.9418	0.9418	0.9418	0.9418	0.9418	0.9418	0.9418	0.9418	0.9418	0.9418	0.9418	0.9418	0.9418	0.9418	0.9418	0.9418	0.9418	0.9418	0.9418	0.9418	0.9418	0.9418	0.9418	0.9418	0.9418	0.9418	0.9418	0.9418	0.9418	0.9464	0.9418	0.9418	0.9418	0.9418	0.9418	0.9418	0.9418	0.9418	0.9418	0.9418	0.9418	0.9418	0.9418	0.9418	0.9418	0.9418	0.9418	0.9418	0.9418	0.9418	0.9418	0.9418	0.9418	0.9418	0.9418	0.9418	0.9418	0.9418	0.9418	0.9418	0.9418	0.9418	0.9418	0.9418	0.9418	0.9418	0.9418	0.9418	0.9418	0.9418	0.9418	0.9418	0.9418	0.9418	0.9418	0.9418	0.9418	0.9418	0.9418	0.9418	0.9418	0.9418	0.9418	0.9418	0.9369	0.9369	0.9369	0.9369	0.9369	0.9369	0.9369	0.9369	0.9418	0.9464	0.9369	0.9369	0.9369	0.9418	0.9369	0.9369	0.9369	0.9418	0.9369	0.9369	0.9369	0.9369	0.9369	0.9369	0.9369	0.9369	0.9369	0.9369	0.9369	0.9464	0.9369	0.9369	0.9369	0.9369	0.9369	0.9369	0.9369	0.9369	0.9464	0.9369	0.9369	0.9369	0.9369	0.9369	0.9369	0.9369	0.9369	0.9418	0.9369	0.9369	0.9369	0.9369	0.9369	0.9369	0.9369	0.9369	0.9369	0.9369	0.9369	0.9369	0.9369	0.9369	0.9369	0.9369	0.9369	0.9369	0.9369	0.9369	0.9369	0.9369	0.9369	0.9369	0.9369	0.9369	0.9369	0.9369	0.9369	0.9369	0.9369	0.9369	0.9369
15	0.0109	0.0109	0.0109	0.0109	0.0109	0.0109	0.0109	0.0109	0.0109	0.0109	0.0109	0.0109	0.0109	0.0109	0.0109	0.0109	0.0109	0.0109	0.0109	0.0109	0.0109	0.0109	0.0109	0.0109	0.0109	0.0109	0.0109	0.0109	0.0109	0.0109	0.0109	0.0109	0.0109	0.0109	0.0109	0.0109	0.0109	0.0109	0.0109	0.0109	0.0109	0.0109	0.0109	0.0109	0.0109	0.0109	0.0109	0.0109	0.0109	0.0109	0.0109	0.0109	0.0109	0.0109	0.0109	0.0109	0.0109	0.0109	0.0109	0.0109	0.0109	0.0109	0.0109	0.0109	0.0109	0.0109	0.0109	0.0109	0.0109	0.0109	0.0109	0.0109	0.0109	0.0109	0.0109	0.0109	0.0109	0.0109	0.0109	0.0109	0.0109	0.0109	0.0109	0.0109	0.0109	0.0109	0.0109	0.0109	0.0109	0.0109	0.0109	0.0109	0.0109	0.0109	0.0109	0.0109	0.0109	0.0109	0.0109	0.0109	0.0109	0.0109	0.0109	0.0109	0.0109	0.0109	0.0109	0.0109	0.0109	0.0109	0.0109	0.0109	0.0109	0.0109	0.0109	0.0109	0.0109	0.0109	0.0109	0.0109	0.0109	0.0109	0.0109	0.0109	0.0109	0.0109	0.0109	0.0109	0.0109	0.0109	0.0109	0.0109	0.0109	0.0109	0.0109	0.0109	0.0109	0.0109	0.0109	0.0109	0.0109	0.0109	0.0109	0.0109	0.0109	0.0109	0.0109	0.0109	0.0109	0.0109	0.0109	0.0109	0.0109	0.0109	0.0109	0.0109	0.0109	0.0109	0.0109	0.0109	0.0109	0.0109	0.0109	0.0109	0.0109	0.0109	0.0109	0.0109	0.0109	0.0109	0.0109	0.0109	0.0109	0.0109	0.0109	0.0109	0.0109	0.0109	0.0109	0.0109	0.0109	0.0109	0.0109	0.0109	0.0109	0.0109	0.0109	0.0109	0.0056	0.0056	0.0056	0.0056	0.0056	0.0056	0.0056	0.0056	0.0056	0.0056	0.0056	0.0056	0.0056	0.0056	0.0056	0.0056	0.0056	0.0056	0.0056	0.0056	0.0056	0.0056	0.0056	0.0056	0.0056	0.0056	0.0056	0.0056	0.0056	0.0056	0.0056	0.0056	0.0056	0.0056	0.0056	0.0056	0.0056	0.0056	0.0056	0.0056	0.0056	0.0056	0.0056	0.0056	0.0056	0.0056	0.0056	0.0056	0.0056	0.0056	0.0056	0.0056	0.0056	0.0056	0.0056	0.0056	0.0056	0.0056	0.0056	0.0056	0.0056	0.0056	0.0056	0.0056	0.0056	0.0056	0.0056	0.0056	0.0056	0.0056	0.0056	0.0056	0.0056	0.0056	0.0056	0.0056	0.0056	0.0056	0.0056	0.0056	0.0056	0.0056	0.0056	0.0056	0.0056	0.0056	0.0056	0.0056	0.0056	0.0056	0.0056	0.0056	0.0056	0.0056	0.0056	0.0056	0.0056	0.0056	0.0056	0.0056	0.0056	0.0056	0.0056	0.0056	0.0056	0.0056	0.0056	0.0056	0.0056	0.0056	0.0056	0.0056	0.0056	0.0056	0.0056	0.0056	0.0056	0.0056	0.0056	0.0056	0.0056	0.0056	0.0056	0.0056	0.0056	0.0056	0.0056	0.0056	0.0056	0.0056	0.0056	0.0056	0.0056	0.0056	0.0056	0.0056	0.0056	0.0056	0.0056	0.0056	0.0056	0.0056	0.9343	0.9343	0.9343	0.9343	0.9343	0.9343	0.9343	0.9343	0.9343	0.9343	0.9343	0.9343	0.9343	0.9343	0.9343	0.9343	0.9343	0.9343	0.9343	0.9343	0.9343	0.9343	0.9343	0.9343	0.9343	0.9343	0.9343	0.9343	0.9343	0.9343	0.9343	0.8822	0.9343	0.9343	0.9343	0.9343	0.9343	0.9343	0.9343	0.9343	0.9343	0.9343	0.9343	0.9343	0.9343	0.9343	0.9343	0.9343	0.9343	0.9343	0.9343	0.9343	0.9343	0.9343	0.9343	0.9343	0.9343	0.9343	0.9343	0.9343	0.9343	0.9343	0.9343	0.9343	0.9343	0.9343	0.9343	0.9343	0.9343	0.9631	0.9343	0.9343	0.9343	0.9343	0.9343	0.9343	0.9343	0.9343	0.9343	0.9343	0.9343	0.9343	0.9343	0.9343	0.9343	0.9343	0.9343	0.9343	0.9343	0.9343	0.9343	0.9343	0.9343	0.9343	0.9343	0.9343	0.9343	0.9343	0.9343	0.9343	0.9343	0.9343	0.9343	0.9343	0.9343	0.9343	0.9343	0.9343	0.9343	0.9343	0.9343	0.9343	0.9343	0.9343	0.9343	0.9343	0.9343	0.9343	0.9343	0.9343	0.9343	0.9343	0.9343	0.9343	0.9343	0.9343	0.9343	0.9343	0.9343	0.9343	0.9343	0.9343	0.9343	0.9343	0.8822	0.9343	0.9343	0.9343	0.9343	0.9343	0.9343	0.9343	0.9343	0.9343	0.9343	0.9343	0.9343	0.9343	0.9343	0.9343	0.9343	0.9343	0.9343	0.9343	0.9343	0.9343	0.9343	0.9343	0.9343	0.9343	0.9343	0.9343	0.9343	0.9343	0.9343	0.9343	0.9343	0.9343	0.9343	0.9343	0.9343	0.9343	0.9343	0.9343	0.9343	0.9343	0.9343	0.9343	0.9343	0.9343	0.9343	0.9343	0.9343	0.9343	0.9343	0.9343	0.9343	0.9343	0.9343	0.9631	0.9631	0.9631	0.9631	0.9631	0.9631	0.9631	0.9631	0.9343	0.8822	0.9631	0.9631	0.9631	0.9343	0.9631	0.9631	0.9631	0.9343	0.9631	0.9631	0.9631	0.9631	0.9631	0.9631	0.9631	0.9631	0.9631	0.9631	0.9631	0.8822	0.9631	0.9631	0.9631	0.9631	0.9631	0.9631	0.9631	0.9631	0.8822	0.9631	0.9631	0.9631	0.9631	0.9631	0.9631	0.9631	0.9631	0.9343	0.9631	0.9631	0.9631	0.9631	0.9631	0.9631	0.9631	0.9631	0.9631	0.9631	0.9631	0.9631	0.9631	0.9631	0.9631	0.9631	0.9631	0.9631	0.9631	0.9631	0.9631	0.9631	0.9631	0.9631	0.9631	0.9631	0.9631	0.9631	0.9631	0.9631	0.9631	0.9631	0.9631
16	0.0193	0.0193	0.0193	0.0193	0.0193	0.0193	0.0193	0.0193	0.0193	0.0193	0.0193	0.0193	0.0193	0.0193	0.0193	0.0193	0.0193	0.0193	0.0193	0.0193	0.0193	0.0193	0.0193	0.0193	0.0193	0.0193	0.0193	0.0193	0.0193	0.0193	0.0193	0.0193	0.0193	0.0193	0.0193	0.0193	0.0193	0.0193	0.0193	0.0193	0.0193	0.0193	0.0193	0.0193	0.0193	0.0193	0.0193	0.0193	0.0193	0.0193	0.0193	0.0193	0.0193	0.0193	0.0193	0.0193	0.0193	0.0193	0.0193	0.0193	0.0193	0.0193	0.0193	0.0193	0.0193	0.0193	0.0193	0.0193	0.0193	0.0193	0.0193	0.0193	0.0193	0.0193	0.0193	0.0193	0.0193	0.0193	0.0193	0.0193	0.0193	0.0193	0.0193	0.0193	0.0193	0.0193	0.0193	0.0193	0.0193	0.0193	0.0193	0.0193	0.0193	0.0193	0.0193	0.0193	0.0193	0.0193	0.0193	0.0193	0.0193	0.0193	0.0193	0.0193	0.0193	0.0193	0.0193	0.0193	0.0193	0.0193	0.0193	0.0193	0.0193	0.0193	0.0193	0.0193	0.0193	0.0193	0.0193	0.0193	0.0193	0.0193	0.0193	0.0193	0.0193	0.0193	0.0193	0.0193	0.0193	0.0193	0.0193	0.0193	0.0193	0.0193	0.0193	0.0193	0.0193	0.0193	0.0193	0.0193	0.0193	0.0193	0.0193	0.0193	0.0193	0.0193	0.0193	0.0193	0.0193	0.0193	0.0193	0.0193	0.0193	0.0193	0.0193	0.0193	0.0193	0.0193	0.0193	0.0193	0.0193	0.0193	0.0193	0.0193	0.0193	0.0193	0.0193	0.0193	0.0193	0.0193	0.0193	0.0193	0.0193	0.0193	0.0193	0.0193	0.0193	0.0193	0.0193	0.0193	0.0193	0.0193	0.0193	0.0193	0.0193	0.0193	0.0193	0.0193	0.972	0.972	0.972	0.972	0.972	0.972	0.972	0.972	0.972	0.972	0.972	0.972	0.972	0.972	0.972	0.972	0.972	0.972	0.972	0.972	0.972	0.972	0.972	0.972	0.972	0.972	0.972	0.972	0.972	0.972	0.972	0.972	0.972	0.972	0.972	0.972	0.972	0.972	0.972	0.972	0.972	0.972	0.972	0.972	0.972	0.972	0.972	0.972	0.972	0.972	0.972	0.972	0.972	0.972	0.972	0.972	0.972	0.972	0.972	0.972	0.972	0.972	0.972	0.972	0.972	0.972	0.972	0.972	0.972	0.972	0.972	0.972	0.972	0.972	0.972	0.972	0.972	0.972	0.972	0.972	0.972	0.972	0.972	0.972	0.972	0.972	0.972	0.972	0.972	0.972	0.972	0.972	0.972	0.972	0.972	0.972	0.972	0.972	0.972	0.972	0.972	0.972	0.972	0.972	0.972	0.972	0.972	0.972	0.972	0.972	0.972	0.972	0.972	0.972	0.972	0.972	0.972	0.972	0.972	0.972	0.972	0.972	0.972	0.972	0.972	0.972	0.972	0.972	0.972	0.972	0.972	0.972	0.972	0.972	0.972	0.972	0.972	0.972	0.972	0.972	0.972	0.972	0.0104	0.0104	0.0104	0.0104	0.0104	0.0104	0.0104	0.0104	0.0104	0.0104	0.0104	0.0104	0.0104	0.0104	0.0104	0.0104	0.0104	0.0104	0.0104	0.0104	0.0104	0.0104	0.0104	0.0104	0.0104	0.0104	0.0104	0.0104	0.0104	0.0104	0.0104	0.0062	0.0104	0.0104	0.0104	0.0104	0.0104	0.0104	0.0104	0.0104	0.0104	0.0104	0.0104	0.0104	0.0104	0.0104	0.0104	0.0104	0.0104	0.0104	0.0104	0.0104	0.0104	0.0104	0.0104	0.0104	0.0104	0.0104	0.0104	0.0104	0.0104	0.0104	0.0104	0.0104	0.0104	0.0104	0.0104	0.0104	0.0104	0.0005	0.0104	0.0104	0.0104	0.0104	0.0104	0.0104	0.0104	0.0104	0.0104	0.0104	0.0104	0.0104	0.0104	0.0104	0.0104	0.0104	0.0104	0.0104	0.0104	0.0104	0.0104	0.0104	0.0104	0.0104	0.0104	0.0104	0.0104	0.0104	0.0104	0.0104	0.0104	0.0104	0.0104	0.0104	0.0104	0.0104	0.0104	0.0104	0.0104	0.0104	0.0104	0.0104	0.0104	0.0104	0.0104	0.0104	0.0104	0.0104	0.0104	0.0104	0.0104	0.0104	0.0104	0.0104	0.0104	0.0104	0.0104	0.0104	0.0104	0.0104	0.0104	0.0104	0.0104	0.0104	0.0062	0.0104	0.0104	0.0104	0.0104	0.0104	0.0104	0.0104	0.0104	0.0104	0.0104	0.0104	0.0104	0.0104	0.0104	0.0104	0.0104	0.0104	0.0104	0.0104	0.0104	0.0104	0.0104	0.0104	0.0104	0.0104	0.0104	0.0104	0.0104	0.0104	0.0104	0.0104	0.0104	0.0104	0.0104	0.0104	0.0104	0.0104	0.0104	0.0104	0.0104	0.0104	0.0104	0.0104	0.0104	0.0104	0.0104	0.0104	0.0104	0.0104	0.0104	0.0104	0.0104	0.0104	0.0104	0.0005	0.0005	0.0005	0.0005	0.0005	0.0005	0.0005	0.0005	0.0104	0.0062	0.0005	0.0005	0.0005	0.0104	0.0005	0.0005	0.0005	0.0104	0.0005	0.0005	0.0005	0.0005	0.0005	0.0005	0.0005	0.0005	0.0005	0.0005	0.0005	0.0062	0.0005	0.0005	0.0005	0.0005	0.0005	0.0005	0.0005	0.0005	0.0062	0.0005	0.0005	0.0005	0.0005	0.0005	0.0005	0.0005	0.0005	0.0104	0.0005	0.0005	0.0005	0.0005	0.0005	0.0005	0.0005	0.0005	0.0005	0.0005	0.0005	0.0005	0.0005	0.0005	0.0005	0.0005	0.0005	0.0005	0.0005	0.0005	0.0005	0.0005	0.0005	0.0005	0.0005	0.0005	0.0005	0.0005	0.0005	0.0005	0.0005	0.0005	0.0005
17	0.0287	0.0287	0.0287	0.0287	0.0287	0.0287	0.0287	0.0287	0.0287	0.0287	0.0287	0.0287	0.0287	0.0287	0.0287	0.0287	0.0287	0.0287	0.0287	0.0287	0.0287	0.0287	0.0287	0.0287	0.0287	0.0287	0.0287	0.0287	0.0287	0.0287	0.0287	0.0287	0.0287	0.0287	0.0287	0.0287	0.0287	0.0287	0.0287	0.0287	0.0287	0.0287	0.0287	0.0287	0.0287	0.0287	0.0287	0.0287	0.0287	0.0287	0.0287	0.0287	0.0287	0.0287	0.0287	0.0287	0.0287	0.0287	0.0287	0.0287	0.0287	0.0287	0.0287	0.0287	0.0287	0.0287	0.0287	0.0287	0.0287	0.0287	0.0287	0.0287	0.0287	0.0287	0.0287	0.0287	0.0287	0.0287	0.0287	0.0287	0.0287	0.0287	0.0287	0.0287	0.0287	0.0287	0.0287	0.0287	0.0287	0.0287	0.0287	0.0287	0.0287	0.0287	0.0287	0.0287	0.0287	0.0287	0.0287	0.0287	0.0287	0.0287	0.0287	0.0287	0.0287	0.0287	0.0287	0.0287	0.0287	0.0287	0.0287	0.0287	0.0287	0.0287	0.0287	0.0287	0.0287	0.0287	0.0287	0.0287	0.0287	0.0287	0.0287	0.0287	0.0287	0.0287	0.0287	0.0287	0.0287	0.0287	0.0287	0.0287	0.0287	0.0287	0.0287	0.0287	0.0287	0.0287	0.0287	0.0287	0.0287	0.0287	0.0287	0.0287	0.0287	0.0287	0.0287	0.0287	0.0287	0.0287	0.0287	0.0287	0.0287	0.0287	0.0287	0.0287	0.0287	0.0287	0.0287	0.0287	0.0287	0.0287	0.0287	0.0287	0.0287	0.0287	0.0287	0.0287	0.0287	0.0287	0.0287	0.0287	0.0287	0.0287	0.0287	0.0287	0.0287	0.0287	0.0287	0.0287	0.0287	0.0287	0.0287	0.0287	0.0287	0.0287	0.0287	0.0287	0.9599	0.9599	0.9599	0.9599	0.9599	0.9599	0.9599	0.9599	0.9599	0.9599	0.9599	0.9599	0.9599	0.9599	0.9599	0.9599	0.9599	0.9599	0.9599	0.9599	0.9599	0.9599	0.9599	0.9599	0.9599	0.9599	0.9599	0.9599	0.9599	0.9599	0.9599	0.9599	0.9599	0.9599	0.9599	0.9599	0.9599	0.9599	0.9599	0.9599	0.9599	0.9599	0.9599	0.9599	0.9599	0.9599	0.9599	0.9599	0.9599	0.9599	0.9599	0.9599	0.9599	0.9599	0.9599	0.9599	0.9599	0.9599	0.9599	0.9599	0.9599	0.9599	0.9599	0.9599	0.9599	0.9599	0.9599	0.9599	0.9599	0.9599	0.9599	0.9599	0.9599	0.9599	0.9599	0.9599	0.9599	0.9599	0.9599	0.9599	0.9599	0.9599	0.9599	0.9599	0.9599	0.9599	0.9599	0.9599	0.9599	0.9599	0.9599	0.9599	0.9599	0.9599	0.9599	0.9599	0.9599	0.9599	0.9599	0.9599	0.9599	0.9599	0.9599	0.9599	0.9599	0.9599	0.9599	0.9599	0.9599	0.9599	0.9599	0.9599	0.9599	0.9599	0.9599	0.9599	0.9599	0.9599	0.9599	0.9599	0.9599	0.9599	0.9599	0.9599	0.9599	0.9599	0.9599	0.9599	0.9599	0.9599	0.9599	0.9599	0.9599	0.9599	0.9599	0.9599	0.9599	0.9599	0.9599	0.9599	0.9599	0.9599	0.0	0.0	0.0	0.0	0.0	0.0	0.0	0.0	0.0	0.0	0.0	0.0	0.0	0.0	0.0	0.0	0.0	0.0	0.0	0.0	0.0	0.0	0.0	0.0	0.0	0.0	0.0	0.0	0.0	0.0	0.0	0.0168	0.0	0.0	0.0	0.0	0.0	0.0	0.0	0.0	0.0	0.0	0.0	0.0	0.0	0.0	0.0	0.0	0.0	0.0	0.0	0.0	0.0	0.0	0.0	0.0	0.0	0.0	0.0	0.0	0.0	0.0	0.0	0.0	0.0	0.0	0.0	0.0	0.0	0.0023	0.0	0.0	0.0	0.0	0.0	0.0	0.0	0.0	0.0	0.0	0.0	0.0	0.0	0.0	0.0	0.0	0.0	0.0	0.0	0.0	0.0	0.0	0.0	0.0	0.0	0.0	0.0	0.0	0.0	0.0	0.0	0.0	0.0	0.0	0.0	0.0	0.0	0.0	0.0	0.0	0.0	0.0	0.0	0.0	0.0	0.0	0.0	0.0	0.0	0.0	0.0	0.0	0.0	0.0	0.0	0.0	0.0	0.0	0.0	0.0	0.0	0.0	0.0	0.0	0.0168	0.0	0.0	0.0	0.0	0.0	0.0	0.0	0.0	0.0	0.0	0.0	0.0	0.0	0.0	0.0	0.0	0.0	0.0	0.0	0.0	0.0	0.0	0.0	0.0	0.0	0.0	0.0	0.0	0.0	0.0	0.0	0.0	0.0	0.0	0.0	0.0	0.0	0.0	0.0	0.0	0.0	0.0	0.0	0.0	0.0	0.0	0.0	0.0	0.0	0.0	0.0	0.0	0.0	0.0	0.0023	0.0023	0.0023	0.0023	0.0023	0.0023	0.0023	0.0023	0.0	0.0168	0.0023	0.0023	0.0023	0.0	0.0023	0.0023	0.0023	0.0	0.0023	0.0023	0.0023	0.0023	0.0023	0.0023	0.0023	0.0023	0.0023	0.0023	0.0023	0.0168	0.0023	0.0023	0.0023	0.0023	0.0023	0.0023	0.0023	0.0023	0.0168	0.0023	0.0023	0.0023	0.0023	0.0023	0.0023	0.0023	0.0023	0.0	0.0023	0.0023	0.0023	0.0023	0.0023	0.0023	0.0023	0.0023	0.0023	0.0023	0.0023	0.0023	0.0023	0.0023	0.0023	0.0023	0.0023	0.0023	0.0023	0.0023	0.0023	0.0023	0.0023	0.0023	0.0023	0.0023	0.0023	0.0023	0.0023	0.0023	0.0023	0.0023	0.0023
18	0.0036	0.0036	0.0036	0.0036	0.0036	0.0036	0.0036	0.0036	0.0036	0.0036	0.0036	0.0036	0.0036	0.0036	0.0036	0.0036	0.0036	0.0036	0.0036	0.0036	0.0036	0.0036	0.0036	0.0036	0.0036	0.0036	0.0036	0.0036	0.0036	0.0036	0.0036	0.0036	0.0036	0.0036	0.0036	0.0036	0.0036	0.0036	0.0036	0.0036	0.0036	0.0036	0.0036	0.0036	0.0036	0.0036	0.0036	0.0036	0.0036	0.0036	0.0036	0.0036	0.0036	0.0036	0.0036	0.0036	0.0036	0.0036	0.0036	0.0036	0.0036	0.0036	0.0036	0.0036	0.0036	0.0036	0.0036	0.0036	0.0036	0.0036	0.0036	0.0036	0.0036	0.0036	0.0036	0.0036	0.0036	0.0036	0.0036	0.0036	0.0036	0.0036	0.0036	0.0036	0.0036	0.0036	0.0036	0.0036	0.0036	0.0036	0.0036	0.0036	0.0036	0.0036	0.0036	0.0036	0.0036	0.0036	0.0036	0.0036	0.0036	0.0036	0.0036	0.0036	0.0036	0.0036	0.0036	0.0036	0.0036	0.0036	0.0036	0.0036	0.0036	0.0036	0.0036	0.0036	0.0036	0.0036	0.0036	0.0036	0.0036	0.0036	0.0036	0.0036	0.0036	0.0036	0.0036	0.0036	0.0036	0.0036	0.0036	0.0036	0.0036	0.0036	0.0036	0.0036	0.0036	0.0036	0.0036	0.0036	0.0036	0.0036	0.0036	0.0036	0.0036	0.0036	0.0036	0.0036	0.0036	0.0036	0.0036	0.0036	0.0036	0.0036	0.0036	0.0036	0.0036	0.0036	0.0036	0.0036	0.0036	0.0036	0.0036	0.0036	0.0036	0.0036	0.0036	0.0036	0.0036	0.0036	0.0036	0.0036	0.0036	0.0036	0.0036	0.0036	0.0036	0.0036	0.0036	0.0036	0.0036	0.0036	0.0036	0.0036	0.0036	0.0036	0.0036	0.0036	0.9224	0.9224	0.9224	0.9224	0.9224	0.9224	0.9224	0.9224	0.9224	0.9224	0.9224	0.9224	0.9224	0.9224	0.9224	0.9224	0.9224	0.9224	0.9224	0.9224	0.9224	0.9224	0.9224	0.9224	0.9224	0.9224	0.9224	0.9224	0.9224	0.9224	0.9224	0.9224	0.9224	0.9224	0.9224	0.9224	0.9224	0.9224	0.9224	0.9224	0.9224	0.9224	0.9224	0.9224	0.9224	0.9224	0.9224	0.9224	0.9224	0.9224	0.9224	0.9224	0.9224	0.9224	0.9224	0.9224	0.9224	0.9224	0.9224	0.9224	0.9224	0.9224	0.9224	0.9224	0.9224	0.9224	0.9224	0.9224	0.9224	0.9224	0.9224	0.9224	0.9224	0.9224	0.9224	0.9224	0.9224	0.9224	0.9224	0.9224	0.9224	0.9224	0.9224	0.9224	0.9224	0.9224	0.9224	0.9224	0.9224	0.9224	0.9224	0.9224	0.9224	0.9224	0.9224	0.9224	0.9224	0.9224	0.9224	0.9224	0.9224	0.9224	0.9224	0.9224	0.9224	0.9224	0.9224	0.9224	0.9224	0.9224	0.9224	0.9224	0.9224	0.9224	0.9224	0.9224	0.9224	0.9224	0.9224	0.9224	0.9224	0.9224	0.9224	0.9224	0.9224	0.9224	0.9224	0.9224	0.9224	0.9224	0.9224	0.9224	0.9224	0.9224	0.9224	0.9224	0.9224	0.9224	0.9224	0.9224	0.9224	0.9224	0.0016	0.0016	0.0016	0.0016	0.0016	0.0016	0.0016	0.0016	0.0016	0.0016	0.0016	0.0016	0.0016	0.0016	0.0016	0.0016	0.0016	0.0016	0.0016	0.0016	0.0016	0.0016	0.0016	0.0016	0.0016	0.0016	0.0016	0.0016	0.0016	0.0016	0.0016	0.0045	0.0016	0.0016	0.0016	0.0016	0.0016	0.0016	0.0016	0.0016	0.0016	0.0016	0.0016	0.0016	0.0016	0.0016	0.0016	0.0016	0.0016	0.0016	0.0016	0.0016	0.0016	0.0016	0.0016	0.0016	0.0016	0.0016	0.0016	0.0016	0.0016	0.0016	0.0016	0.0016	0.0016	0.0016	0.0016	0.0016	0.0016	0.0017	0.0016	0.0016	0.0016	0.0016	0.0016	0.0016	0.0016	0.0016	0.0016	0.0016	0.0016	0.0016	0.0016	0.0016	0.0016	0.0016	0.0016	0.0016	0.0016	0.0016	0.0016	0.0016	0.0016	0.0016	0.0016	0.0016	0.0016	0.0016	0.0016	0.0016	0.0016	0.0016	0.0016	0.0016	0.0016	0.0016	0.0016	0.0016	0.0016	0.0016	0.0016	0.0016	0.0016	0.0016	0.0016	0.0016	0.0016	0.0016	0.0016	0.0016	0.0016	0.0016	0.0016	0.0016	0.0016	0.0016	0.0016	0.0016	0.0016	0.0016	0.0016	0.0016	0.0016	0.0016	0.0045	0.0016	0.0016	0.0016	0.0016	0.0016	0.0016	0.0016	0.0016	0.0016	0.0016	0.0016	0.0016	0.0016	0.0016	0.0016	0.0016	0.0016	0.0016	0.0016	0.0016	0.0016	0.0016	0.0016	0.0016	0.0016	0.0016	0.0016	0.0016	0.0016	0.0016	0.0016	0.0016	0.0016	0.0016	0.0016	0.0016	0.0016	0.0016	0.0016	0.0016	0.0016	0.0016	0.0016	0.0016	0.0016	0.0016	0.0016	0.0016	0.0016	0.0016	0.0016	0.0016	0.0016	0.0016	0.0017	0.0017	0.0017	0.0017	0.0017	0.0017	0.0017	0.0017	0.0016	0.0045	0.0017	0.0017	0.0017	0.0016	0.0017	0.0017	0.0017	0.0016	0.0017	0.0017	0.0017	0.0017	0.0017	0.0017	0.0017	0.0017	0.0017	0.0017	0.0017	0.0045	0.0017	0.0017	0.0017	0.0017	0.0017	0.0017	0.0017	0.0017	0.0045	0.0017	0.0017	0.0017	0.0017	0.0017	0.0017	0.0017	0.0017	0.0016	0.0017	0.0017	0.0017	0.0017	0.0017	0.0017	0.0017	0.0017	0.0017	0.0017	0.0017	0.0017	0.0017	0.0017	0.0017	0.0017	0.0017	0.0017	0.0017	0.0017	0.0017	0.0017	0.0017	0.0017	0.0017	0.0017	0.0017	0.0017	0.0017	0.0017	0.0017	0.0017	0.0017
19	0.0206	0.0206	0.0206	0.0206	0.0206	0.0206	0.0206	0.0206	0.0206	0.0206	0.0206	0.0206	0.0206	0.0206	0.0206	0.0206	0.0206	0.0206	0.0206	0.0206	0.0206	0.0206	0.0206	0.0206	0.0206	0.0206	0.0206	0.0206	0.0206	0.0206	0.0206	0.0206	0.0206	0.0206	0.0206	0.0206	0.0206	0.0206	0.0206	0.0206	0.0206	0.0206	0.0206	0.0206	0.0206	0.0206	0.0206	0.0206	0.0206	0.0206	0.0206	0.0206	0.0206	0.0206	0.0206	0.0206	0.0206	0.0206	0.0206	0.0206	0.0206	0.0206	0.0206	0.0206	0.0206	0.0206	0.0206	0.0206	0.0206	0.0206	0.0206	0.0206	0.0206	0.0206	0.0206	0.0206	0.0206	0.0206	0.0206	0.0206	0.0206	0.0206	0.0206	0.0206	0.0206	0.0206	0.0206	0.0206	0.0206	0.0206	0.0206	0.0206	0.0206	0.0206	0.0206	0.0206	0.0206	0.0206	0.0206	0.0206	0.0206	0.0206	0.0206	0.0206	0.0206	0.0206	0.0206	0.0206	0.0206	0.0206	0.0206	0.0206	0.0206	0.0206	0.0206	0.0206	0.0206	0.0206	0.0206	0.0206	0.0206	0.0206	0.0206	0.0206	0.0206	0.0206	0.0206	0.0206	0.0206	0.0206	0.0206	0.0206	0.0206	0.0206	0.0206	0.0206	0.0206	0.0206	0.0206	0.0206	0.0206	0.0206	0.0206	0.0206	0.0206	0.0206	0.0206	0.0206	0.0206	0.0206	0.0206	0.0206	0.0206	0.0206	0.0206	0.0206	0.0206	0.0206	0.0206	0.0206	0.0206	0.0206	0.0206	0.0206	0.0206	0.0206	0.0206	0.0206	0.0206	0.0206	0.0206	0.0206	0.0206	0.0206	0.0206	0.0206	0.0206	0.0206	0.0206	0.0206	0.0206	0.0206	0.0206	0.0206	0.0206	0.0206	0.0206	0.0206	0.9671	0.9671	0.9671	0.9671	0.9671	0.9671	0.9671	0.9671	0.9671	0.9671	0.9671	0.9671	0.9671	0.9671	0.9671	0.9671	0.9671	0.9671	0.9671	0.9671	0.9671	0.9671	0.9671	0.9671	0.9671	0.9671	0.9671	0.9671	0.9671	0.9671	0.9671	0.9671	0.9671	0.9671	0.9671	0.9671	0.9671	0.9671	0.9671	0.9671	0.9671	0.9671	0.9671	0.9671	0.9671	0.9671	0.9671	0.9671	0.9671	0.9671	0.9671	0.9671	0.9671	0.9671	0.9671	0.9671	0.9671	0.9671	0.9671	0.9671	0.9671	0.9671	0.9671	0.9671	0.9671	0.9671	0.9671	0.9671	0.9671	0.9671	0.9671	0.9671	0.9671	0.9671	0.9671	0.9671	0.9671	0.9671	0.9671	0.9671	0.9671	0.9671	0.9671	0.9671	0.9671	0.9671	0.9671	0.9671	0.9671	0.9671	0.9671	0.9671	0.9671	0.9671	0.9671	0.9671	0.9671	0.9671	0.9671	0.9671	0.9671	0.9671	0.9671	0.9671	0.9671	0.9671	0.9671	0.9671	0.9671	0.9671	0.9671	0.9671	0.9671	0.9671	0.9671	0.9671	0.9671	0.9671	0.9671	0.9671	0.9671	0.9671	0.9671	0.9671	0.9671	0.9671	0.9671	0.9671	0.9671	0.9671	0.9671	0.9671	0.9671	0.9671	0.9671	0.9671	0.9671	0.9671	0.9671	0.9671	0.9671	0.9671	0.0069	0.0069	0.0069	0.0069	0.0069	0.0069	0.0069	0.0069	0.0069	0.0069	0.0069	0.0069	0.0069	0.0069	0.0069	0.0069	0.0069	0.0069	0.0069	0.0069	0.0069	0.0069	0.0069	0.0069	0.0069	0.0069	0.0069	0.0069	0.0069	0.0069	0.0069	0.0087	0.0069	0.0069	0.0069	0.0069	0.0069	0.0069	0.0069	0.0069	0.0069	0.0069	0.0069	0.0069	0.0069	0.0069	0.0069	0.0069	0.0069	0.0069	0.0069	0.0069	0.0069	0.0069	0.0069	0.0069	0.0069	0.0069	0.0069	0.0069	0.0069	0.0069	0.0069	0.0069	0.0069	0.0069	0.0069	0.0069	0.0069	0.0039	0.0069	0.0069	0.0069	0.0069	0.0069	0.0069	0.0069	0.0069	0.0069	0.0069	0.0069	0.0069	0.0069	0.0069	0.0069	0.0069	0.0069	0.0069	0.0069	0.0069	0.0069	0.0069	0.0069	0.0069	0.0069	0.0069	0.0069	0.0069	0.0069	0.0069	0.0069	0.0069	0.0069	0.0069	0.0069	0.0069	0.0069	0.0069	0.0069	0.0069	0.0069	0.0069	0.0069	0.0069	0.0069	0.0069	0.0069	0.0069	0.0069	0.0069	0.0069	0.0069	0.0069	0.0069	0.0069	0.0069	0.0069	0.0069	0.0069	0.0069	0.0069	0.0069	0.0069	0.0069	0.0087	0.0069	0.0069	0.0069	0.0069	0.0069	0.0069	0.0069	0.0069	0.0069	0.0069	0.0069	0.0069	0.0069	0.0069	0.0069	0.0069	0.0069	0.0069	0.0069	0.0069	0.0069	0.0069	0.0069	0.0069	0.0069	0.0069	0.0069	0.0069	0.0069	0.0069	0.0069	0.0069	0.0069	0.0069	0.0069	0.0069	0.0069	0.0069	0.0069	0.0069	0.0069	0.0069	0.0069	0.0069	0.0069	0.0069	0.0069	0.0069	0.0069	0.0069	0.0069	0.0069	0.0069	0.0069	0.0039	0.0039	0.0039	0.0039	0.0039	0.0039	0.0039	0.0039	0.0069	0.0087	0.0039	0.0039	0.0039	0.0069	0.0039	0.0039	0.0039	0.0069	0.0039	0.0039	0.0039	0.0039	0.0039	0.0039	0.0039	0.0039	0.0039	0.0039	0.0039	0.0087	0.0039	0.0039	0.0039	0.0039	0.0039	0.0039	0.0039	0.0039	0.0087	0.0039	0.0039	0.0039	0.0039	0.0039	0.0039	0.0039	0.0039	0.0069	0.0039	0.0039	0.0039	0.0039	0.0039	0.0039	0.0039	0.0039	0.0039	0.0039	0.0039	0.0039	0.0039	0.0039	0.0039	0.0039	0.0039	0.0039	0.0039	0.0039	0.0039	0.0039	0.0039	0.0039	0.0039	0.0039	0.0039	0.0039	0.0039	0.0039	0.0039	0.0039	0.0039
20	0.0026	0.0026	0.0026	0.0026	0.0026	0.0026	0.0026	0.0026	0.0026	0.0026	0.0026	0.0026	0.0026	0.0026	0.0026	0.0026	0.0026	0.0026	0.0026	0.0026	0.0026	0.0026	0.0026	0.0026	0.0026	0.0026	0.0026	0.0026	0.0026	0.0026	0.0026	0.0026	0.0026	0.0026	0.0026	0.0026	0.0026	0.0026	0.0026	0.0026	0.0026	0.0026	0.0026	0.0026	0.0026	0.0026	0.0026	0.0026	0.0026	0.0026	0.0026	0.0026	0.0026	0.0026	0.0026	0.0026	0.0026	0.0026	0.0026	0.0026	0.0026	0.0026	0.0026	0.0026	0.0026	0.0026	0.0026	0.0026	0.0026	0.0026	0.0026	0.0026	0.0026	0.0026	0.0026	0.0026	0.0026	0.0026	0.0026	0.0026	0.0026	0.0026	0.0026	0.0026	0.0026	0.0026	0.0026	0.0026	0.0026	0.0026	0.0026	0.0026	0.0026	0.0026	0.0026	0.0026	0.0026	0.0026	0.0026	0.0026	0.0026	0.0026	0.0026	0.0026	0.0026	0.0026	0.0026	0.0026	0.0026	0.0026	0.0026	0.0026	0.0026	0.0026	0.0026	0.0026	0.0026	0.0026	0.0026	0.0026	0.0026	0.0026	0.0026	0.0026	0.0026	0.0026	0.0026	0.0026	0.0026	0.0026	0.0026	0.0026	0.0026	0.0026	0.0026	0.0026	0.0026	0.0026	0.0026	0.0026	0.0026	0.0026	0.0026	0.0026	0.0026	0.0026	0.0026	0.0026	0.0026	0.0026	0.0026	0.0026	0.0026	0.0026	0.0026	0.0026	0.0026	0.0026	0.0026	0.0026	0.0026	0.0026	0.0026	0.0026	0.0026	0.0026	0.0026	0.0026	0.0026	0.0026	0.0026	0.0026	0.0026	0.0026	0.0026	0.0026	0.0026	0.0026	0.0026	0.0026	0.0026	0.0026	0.0026	0.0026	0.0026	0.0026	0.0026	0.0026	0.9702	0.9702	0.9702	0.9702	0.9702	0.9702	0.9702	0.9702	0.9702	0.9702	0.9702	0.9702	0.9702	0.9702	0.9702	0.9702	0.9702	0.9702	0.9702	0.9702	0.9702	0.9702	0.9702	0.9702	0.9702	0.9702	0.9702	0.9702	0.9702	0.9702	0.9702	0.9702	0.9702	0.9702	0.9702	0.9702	0.9702	0.9702	0.9702	0.9702	0.9702	0.9702	0.9702	0.9702	0.9702	0.9702	0.9702	0.9702	0.9702	0.9702	0.9702	0.9702	0.9702	0.9702	0.9702	0.9702	0.9702	0.9702	0.9702	0.9702	0.9702	0.9702	0.9702	0.9702	0.9702	0.9702	0.9702	0.9702	0.9702	0.9702	0.9702	0.9702	0.9702	0.9702	0.9702	0.9702	0.9702	0.9702	0.9702	0.9702	0.9702	0.9702	0.9702	0.9702	0.9702	0.9702	0.9702	0.9702	0.9702	0.9702	0.9702	0.9702	0.9702	0.9702	0.9702	0.9702	0.9702	0.9702	0.9702	0.9702	0.9702	0.9702	0.9702	0.9702	0.9702	0.9702	0.9702	0.9702	0.9702	0.9702	0.9702	0.9702	0.9702	0.9702	0.9702	0.9702	0.9702	0.9702	0.9702	0.9702	0.9702	0.9702	0.9702	0.9702	0.9702	0.9702	0.9702	0.9702	0.9702	0.9702	0.9702	0.9702	0.9702	0.9702	0.9702	0.9702	0.9702	0.9702	0.9702	0.9702	0.9702	0.9702	0.0632	0.0632	0.0632	0.0632	0.0632	0.0632	0.0632	0.0632	0.0632	0.0632	0.0632	0.0632	0.0632	0.0632	0.0632	0.0632	0.0632	0.0632	0.0632	0.0632	0.0632	0.0632	0.0632	0.0632	0.0632	0.0632	0.0632	0.0632	0.0632	0.0632	0.0632	0.0312	0.0632	0.0632	0.0632	0.0632	0.0632	0.0632	0.0632	0.0632	0.0632	0.0632	0.0632	0.0632	0.0632	0.0632	0.0632	0.0632	0.0632	0.0632	0.0632	0.0632	0.0632	0.0632	0.0632	0.0632	0.0632	0.0632	0.0632	0.0632	0.0632	0.0632	0.0632	0.0632	0.0632	0.0632	0.0632	0.0632	0.0632	0.0236	0.0632	0.0632	0.0632	0.0632	0.0632	0.0632	0.0632	0.0632	0.0632	0.0632	0.0632	0.0632	0.0632	0.0632	0.0632	0.0632	0.0632	0.0632	0.0632	0.0632	0.0632	0.0632	0.0632	0.0632	0.0632	0.0632	0.0632	0.0632	0.0632	0.0632	0.0632	0.0632	0.0632	0.0632	0.0632	0.0632	0.0632	0.0632	0.0632	0.0632	0.0632	0.0632	0.0632	0.0632	0.0632	0.0632	0.0632	0.0632	0.0632	0.0632	0.0632	0.0632	0.0632	0.0632	0.0632	0.0632	0.0632	0.0632	0.0632	0.0632	0.0632	0.0632	0.0632	0.0632	0.0312	0.0632	0.0632	0.0632	0.0632	0.0632	0.0632	0.0632	0.0632	0.0632	0.0632	0.0632	0.0632	0.0632	0.0632	0.0632	0.0632	0.0632	0.0632	0.0632	0.0632	0.0632	0.0632	0.0632	0.0632	0.0632	0.0632	0.0632	0.0632	0.0632	0.0632	0.0632	0.0632	0.0632	0.0632	0.0632	0.0632	0.0632	0.0632	0.0632	0.0632	0.0632	0.0632	0.0632	0.0632	0.0632	0.0632	0.0632	0.0632	0.0632	0.0632	0.0632	0.0632	0.0632	0.0632	0.0236	0.0236	0.0236	0.0236	0.0236	0.0236	0.0236	0.0236	0.0632	0.0312	0.0236	0.0236	0.0236	0.0632	0.0236	0.0236	0.0236	0.0632	0.0236	0.0236	0.0236	0.0236	0.0236	0.0236	0.0236	0.0236	0.0236	0.0236	0.0236	0.0312	0.0236	0.0236	0.0236	0.0236	0.0236	0.0236	0.0236	0.0236	0.0312	0.0236	0.0236	0.0236	0.0236	0.0236	0.0236	0.0236	0.0236	0.0632	0.0236	0.0236	0.0236	0.0236	0.0236	0.0236	0.0236	0.0236	0.0236	0.0236	0.0236	0.0236	0.0236	0.0236	0.0236	0.0236	0.0236	0.0236	0.0236	0.0236	0.0236	0.0236	0.0236	0.0236	0.0236	0.0236	0.0236	0.0236	0.0236	0.0236	0.0236	0.0236	0.0236
21	0.0112	0.0112	0.0112	0.0112	0.0112	0.0112	0.0112	0.0112	0.0112	0.0112	0.0112	0.0112	0.0112	0.0112	0.0112	0.0112	0.0112	0.0112	0.0112	0.0112	0.0112	0.0112	0.0112	0.0112	0.0112	0.0112	0.0112	0.0112	0.0112	0.0112	0.0112	0.0112	0.0112	0.0112	0.0112	0.0112	0.0112	0.0112	0.0112	0.0112	0.0112	0.0112	0.0112	0.0112	0.0112	0.0112	0.0112	0.0112	0.0112	0.0112	0.0112	0.0112	0.0112	0.0112	0.0112	0.0112	0.0112	0.0112	0.0112	0.0112	0.0112	0.0112	0.0112	0.0112	0.0112	0.0112	0.0112	0.0112	0.0112	0.0112	0.0112	0.0112	0.0112	0.0112	0.0112	0.0112	0.0112	0.0112	0.0112	0.0112	0.0112	0.0112	0.0112	0.0112	0.0112	0.0112	0.0112	0.0112	0.0112	0.0112	0.0112	0.0112	0.0112	0.0112	0.0112	0.0112	0.0112	0.0112	0.0112	0.0112	0.0112	0.0112	0.0112	0.0112	0.0112	0.0112	0.0112	0.0112	0.0112	0.0112	0.0112	0.0112	0.0112	0.0112	0.0112	0.0112	0.0112	0.0112	0.0112	0.0112	0.0112	0.0112	0.0112	0.0112	0.0112	0.0112	0.0112	0.0112	0.0112	0.0112	0.0112	0.0112	0.0112	0.0112	0.0112	0.0112	0.0112	0.0112	0.0112	0.0112	0.0112	0.0112	0.0112	0.0112	0.0112	0.0112	0.0112	0.0112	0.0112	0.0112	0.0112	0.0112	0.0112	0.0112	0.0112	0.0112	0.0112	0.0112	0.0112	0.0112	0.0112	0.0112	0.0112	0.0112	0.0112	0.0112	0.0112	0.0112	0.0112	0.0112	0.0112	0.0112	0.0112	0.0112	0.0112	0.0112	0.0112	0.0112	0.0112	0.0112	0.0112	0.0112	0.0112	0.0112	0.0112	0.0112	0.0112	0.0112	0.8569	0.8569	0.8569	0.8569	0.8569	0.8569	0.8569	0.8569	0.8569	0.8569	0.8569	0.8569	0.8569	0.8569	0.8569	0.8569	0.8569	0.8569	0.8569	0.8569	0.8569	0.8569	0.8569	0.8569	0.8569	0.8569	0.8569	0.8569	0.8569	0.8569	0.8569	0.8569	0.8569	0.8569	0.8569	0.8569	0.8569	0.8569	0.8569	0.8569	0.8569	0.8569	0.8569	0.8569	0.8569	0.8569	0.8569	0.8569	0.8569	0.8569	0.8569	0.8569	0.8569	0.8569	0.8569	0.8569	0.8569	0.8569	0.8569	0.8569	0.8569	0.8569	0.8569	0.8569	0.8569	0.8569	0.8569	0.8569	0.8569	0.8569	0.8569	0.8569	0.8569	0.8569	0.8569	0.8569	0.8569	0.8569	0.8569	0.8569	0.8569	0.8569	0.8569	0.8569	0.8569	0.8569	0.8569	0.8569	0.8569	0.8569	0.8569	0.8569	0.8569	0.8569	0.8569	0.8569	0.8569	0.8569	0.8569	0.8569	0.8569	0.8569	0.8569	0.8569	0.8569	0.8569	0.8569	0.8569	0.8569	0.8569	0.8569	0.8569	0.8569	0.8569	0.8569	0.8569	0.8569	0.8569	0.8569	0.8569	0.8569	0.8569	0.8569	0.8569	0.8569	0.8569	0.8569	0.8569	0.8569	0.8569	0.8569	0.8569	0.8569	0.8569	0.8569	0.8569	0.8569	0.8569	0.8569	0.8569	0.8569	0.8569	0.0015	0.0015	0.0015	0.0015	0.0015	0.0015	0.0015	0.0015	0.0015	0.0015	0.0015	0.0015	0.0015	0.0015	0.0015	0.0015	0.0015	0.0015	0.0015	0.0015	0.0015	0.0015	0.0015	0.0015	0.0015	0.0015	0.0015	0.0015	0.0015	0.0015	0.0015	0.0051	0.0015	0.0015	0.0015	0.0015	0.0015	0.0015	0.0015	0.0015	0.0015	0.0015	0.0015	0.0015	0.0015	0.0015	0.0015	0.0015	0.0015	0.0015	0.0015	0.0015	0.0015	0.0015	0.0015	0.0015	0.0015	0.0015	0.0015	0.0015	0.0015	0.0015	0.0015	0.0015	0.0015	0.0015	0.0015	0.0015	0.0015	0.0007	0.0015	0.0015	0.0015	0.0015	0.0015	0.0015	0.0015	0.0015	0.0015	0.0015	0.0015	0.0015	0.0015	0.0015	0.0015	0.0015	0.0015	0.0015	0.0015	0.0015	0.0015	0.0015	0.0015	0.0015	0.0015	0.0015	0.0015	0.0015	0.0015	0.0015	0.0015	0.0015	0.0015	0.0015	0.0015	0.0015	0.0015	0.0015	0.0015	0.0015	0.0015	0.0015	0.0015	0.0015	0.0015	0.0015	0.0015	0.0015	0.0015	0.0015	0.0015	0.0015	0.0015	0.0015	0.0015	0.0015	0.0015	0.0015	0.0015	0.0015	0.0015	0.0015	0.0015	0.0015	0.0051	0.0015	0.0015	0.0015	0.0015	0.0015	0.0015	0.0015	0.0015	0.0015	0.0015	0.0015	0.0015	0.0015	0.0015	0.0015	0.0015	0.0015	0.0015	0.0015	0.0015	0.0015	0.0015	0.0015	0.0015	0.0015	0.0015	0.0015	0.0015	0.0015	0.0015	0.0015	0.0015	0.0015	0.0015	0.0015	0.0015	0.0015	0.0015	0.0015	0.0015	0.0015	0.0015	0.0015	0.0015	0.0015	0.0015	0.0015	0.0015	0.0015	0.0015	0.0015	0.0015	0.0015	0.0015	0.0007	0.0007	0.0007	0.0007	0.0007	0.0007	0.0007	0.0007	0.0015	0.0051	0.0007	0.0007	0.0007	0.0015	0.0007	0.0007	0.0007	0.0015	0.0007	0.0007	0.0007	0.0007	0.0007	0.0007	0.0007	0.0007	0.0007	0.0007	0.0007	0.0051	0.0007	0.0007	0.0007	0.0007	0.0007	0.0007	0.0007	0.0007	0.0051	0.0007	0.0007	0.0007	0.0007	0.0007	0.0007	0.0007	0.0007	0.0015	0.0007	0.0007	0.0007	0.0007	0.0007	0.0007	0.0007	0.0007	0.0007	0.0007	0.0007	0.0007	0.0007	0.0007	0.0007	0.0007	0.0007	0.0007	0.0007	0.0007	0.0007	0.0007	0.0007	0.0007	0.0007	0.0007	0.0007	0.0007	0.0007	0.0007	0.0007	0.0007	0.0007
22	0.0217	0.0217	0.0217	0.0217	0.0217	0.0217	0.0217	0.0217	0.0217	0.0217	0.0217	0.0217	0.0217	0.0217	0.0217	0.0217	0.0217	0.0217	0.0217	0.0217	0.0217	0.0217	0.0217	0.0217	0.0217	0.0217	0.0217	0.0217	0.0217	0.0217	0.0217	0.0217	0.0217	0.0217	0.0217	0.0217	0.0217	0.0217	0.0217	0.0217	0.0217	0.0217	0.0217	0.0217	0.0217	0.0217	0.0217	0.0217	0.0217	0.0217	0.0217	0.0217	0.0217	0.0217	0.0217	0.0217	0.0217	0.0217	0.0217	0.0217	0.0217	0.0217	0.0217	0.0217	0.0217	0.0217	0.0217	0.0217	0.0217	0.0217	0.0217	0.0217	0.0217	0.0217	0.0217	0.0217	0.0217	0.0217	0.0217	0.0217	0.0217	0.0217	0.0217	0.0217	0.0217	0.0217	0.0217	0.0217	0.0217	0.0217	0.0217	0.0217	0.0217	0.0217	0.0217	0.0217	0.0217	0.0217	0.0217	0.0217	0.0217	0.0217	0.0217	0.0217	0.0217	0.0217	0.0217	0.0217	0.0217	0.0217	0.0217	0.0217	0.0217	0.0217	0.0217	0.0217	0.0217	0.0217	0.0217	0.0217	0.0217	0.0217	0.0217	0.0217	0.0217	0.0217	0.0217	0.0217	0.0217	0.0217	0.0217	0.0217	0.0217	0.0217	0.0217	0.0217	0.0217	0.0217	0.0217	0.0217	0.0217	0.0217	0.0217	0.0217	0.0217	0.0217	0.0217	0.0217	0.0217	0.0217	0.0217	0.0217	0.0217	0.0217	0.0217	0.0217	0.0217	0.0217	0.0217	0.0217	0.0217	0.0217	0.0217	0.0217	0.0217	0.0217	0.0217	0.0217	0.0217	0.0217	0.0217	0.0217	0.0217	0.0217	0.0217	0.0217	0.0217	0.0217	0.0217	0.0217	0.0217	0.0217	0.0217	0.0217	0.0217	0.0217	0.0217	0.0217	0.9701	0.9701	0.9701	0.9701	0.9701	0.9701	0.9701	0.9701	0.9701	0.9701	0.9701	0.9701	0.9701	0.9701	0.9701	0.9701	0.9701	0.9701	0.9701	0.9701	0.9701	0.9701	0.9701	0.9701	0.9701	0.9701	0.9701	0.9701	0.9701	0.9701	0.9701	0.9701	0.9701	0.9701	0.9701	0.9701	0.9701	0.9701	0.9701	0.9701	0.9701	0.9701	0.9701	0.9701	0.9701	0.9701	0.9701	0.9701	0.9701	0.9701	0.9701	0.9701	0.9701	0.9701	0.9701	0.9701	0.9701	0.9701	0.9701	0.9701	0.9701	0.9701	0.9701	0.9701	0.9701	0.9701	0.9701	0.9701	0.9701	0.9701	0.9701	0.9701	0.9701	0.9701	0.9701	0.9701	0.9701	0.9701	0.9701	0.9701	0.9701	0.9701	0.9701	0.9701	0.9701	0.9701	0.9701	0.9701	0.9701	0.9701	0.9701	0.9701	0.9701	0.9701	0.9701	0.9701	0.9701	0.9701	0.9701	0.9701	0.9701	0.9701	0.9701	0.9701	0.9701	0.9701	0.9701	0.9701	0.9701	0.9701	0.9701	0.9701	0.9701	0.9701	0.9701	0.9701	0.9701	0.9701	0.9701	0.9701	0.9701	0.9701	0.9701	0.9701	0.9701	0.9701	0.9701	0.9701	0.9701	0.9701	0.9701	0.9701	0.9701	0.9701	0.9701	0.9701	0.9701	0.9701	0.9701	0.9701	0.9701	0.9701	0.0407	0.0407	0.0407	0.0407	0.0407	0.0407	0.0407	0.0407	0.0407	0.0407	0.0407	0.0407	0.0407	0.0407	0.0407	0.0407	0.0407	0.0407	0.0407	0.0407	0.0407	0.0407	0.0407	0.0407	0.0407	0.0407	0.0407	0.0407	0.0407	0.0407	0.0407	0.0299	0.0407	0.0407	0.0407	0.0407	0.0407	0.0407	0.0407	0.0407	0.0407	0.0407	0.0407	0.0407	0.0407	0.0407	0.0407	0.0407	0.0407	0.0407	0.0407	0.0407	0.0407	0.0407	0.0407	0.0407	0.0407	0.0407	0.0407	0.0407	0.0407	0.0407	0.0407	0.0407	0.0407	0.0407	0.0407	0.0407	0.0407	0.0499	0.0407	0.0407	0.0407	0.0407	0.0407	0.0407	0.0407	0.0407	0.0407	0.0407	0.0407	0.0407	0.0407	0.0407	0.0407	0.0407	0.0407	0.0407	0.0407	0.0407	0.0407	0.0407	0.0407	0.0407	0.0407	0.0407	0.0407	0.0407	0.0407	0.0407	0.0407	0.0407	0.0407	0.0407	0.0407	0.0407	0.0407	0.0407	0.0407	0.0407	0.0407	0.0407	0.0407	0.0407	0.0407	0.0407	0.0407	0.0407	0.0407	0.0407	0.0407	0.0407	0.0407	0.0407	0.0407	0.0407	0.0407	0.0407	0.0407	0.0407	0.0407	0.0407	0.0407	0.0407	0.0299	0.0407	0.0407	0.0407	0.0407	0.0407	0.0407	0.0407	0.0407	0.0407	0.0407	0.0407	0.0407	0.0407	0.0407	0.0407	0.0407	0.0407	0.0407	0.0407	0.0407	0.0407	0.0407	0.0407	0.0407	0.0407	0.0407	0.0407	0.0407	0.0407	0.0407	0.0407	0.0407	0.0407	0.0407	0.0407	0.0407	0.0407	0.0407	0.0407	0.0407	0.0407	0.0407	0.0407	0.0407	0.0407	0.0407	0.0407	0.0407	0.0407	0.0407	0.0407	0.0407	0.0407	0.0407	0.0499	0.0499	0.0499	0.0499	0.0499	0.0499	0.0499	0.0499	0.0407	0.0299	0.0499	0.0499	0.0499	0.0407	0.0499	0.0499	0.0499	0.0407	0.0499	0.0499	0.0499	0.0499	0.0499	0.0499	0.0499	0.0499	0.0499	0.0499	0.0499	0.0299	0.0499	0.0499	0.0499	0.0499	0.0499	0.0499	0.0499	0.0499	0.0299	0.0499	0.0499	0.0499	0.0499	0.0499	0.0499	0.0499	0.0499	0.0407	0.0499	0.0499	0.0499	0.0499	0.0499	0.0499	0.0499	0.0499	0.0499	0.0499	0.0499	0.0499	0.0499	0.0499	0.0499	0.0499	0.0499	0.0499	0.0499	0.0499	0.0499	0.0499	0.0499	0.0499	0.0499	0.0499	0.0499	0.0499	0.0499	0.0499	0.0499	0.0499	0.0499
23	0.03	0.03	0.03	0.03	0.03	0.03	0.03	0.03	0.03	0.03	0.03	0.03	0.03	0.03	0.03	0.03	0.03	0.03	0.03	0.03	0.03	0.03	0.03	0.03	0.03	0.03	0.03	0.03	0.03	0.03	0.03	0.03	0.03	0.03	0.03	0.03	0.03	0.03	0.03	0.03	0.03	0.03	0.03	0.03	0.03	0.03	0.03	0.03	0.03	0.03	0.03	0.03	0.03	0.03	0.03	0.03	0.03	0.03	0.03	0.03	0.03	0.03	0.03	0.03	0.03	0.03	0.03	0.03	0.03	0.03	0.03	0.03	0.03	0.03	0.03	0.03	0.03	0.03	0.03	0.03	0.03	0.03	0.03	0.03	0.03	0.03	0.03	0.03	0.03	0.03	0.03	0.03	0.03	0.03	0.03	0.03	0.03	0.03	0.03	0.03	0.03	0.03	0.03	0.03	0.03	0.03	0.03	0.03	0.03	0.03	0.03	0.03	0.03	0.03	0.03	0.03	0.03	0.03	0.03	0.03	0.03	0.03	0.03	0.03	0.03	0.03	0.03	0.03	0.03	0.03	0.03	0.03	0.03	0.03	0.03	0.03	0.03	0.03	0.03	0.03	0.03	0.03	0.03	0.03	0.03	0.03	0.03	0.03	0.03	0.03	0.03	0.03	0.03	0.03	0.03	0.03	0.03	0.03	0.03	0.03	0.03	0.03	0.03	0.03	0.03	0.03	0.03	0.03	0.03	0.03	0.03	0.03	0.03	0.03	0.03	0.03	0.03	0.03	0.03	0.03	0.03	0.03	0.03	0.03	0.03	0.03	0.03	0.03	0.9581	0.9581	0.9581	0.9581	0.9581	0.9581	0.9581	0.9581	0.9581	0.9581	0.9581	0.9581	0.9581	0.9581	0.9581	0.9581	0.9581	0.9581	0.9581	0.9581	0.9581	0.9581	0.9581	0.9581	0.9581	0.9581	0.9581	0.9581	0.9581	0.9581	0.9581	0.9581	0.9581	0.9581	0.9581	0.9581	0.9581	0.9581	0.9581	0.9581	0.9581	0.9581	0.9581	0.9581	0.9581	0.9581	0.9581	0.9581	0.9581	0.9581	0.9581	0.9581	0.9581	0.9581	0.9581	0.9581	0.9581	0.9581	0.9581	0.9581	0.9581	0.9581	0.9581	0.9581	0.9581	0.9581	0.9581	0.9581	0.9581	0.9581	0.9581	0.9581	0.9581	0.9581	0.9581	0.9581	0.9581	0.9581	0.9581	0.9581	0.9581	0.9581	0.9581	0.9581	0.9581	0.9581	0.9581	0.9581	0.9581	0.9581	0.9581	0.9581	0.9581	0.9581	0.9581	0.9581	0.9581	0.9581	0.9581	0.9581	0.9581	0.9581	0.9581	0.9581	0.9581	0.9581	0.9581	0.9581	0.9581	0.9581	0.9581	0.9581	0.9581	0.9581	0.9581	0.9581	0.9581	0.9581	0.9581	0.9581	0.9581	0.9581	0.9581	0.9581	0.9581	0.9581	0.9581	0.9581	0.9581	0.9581	0.9581	0.9581	0.9581	0.9581	0.9581	0.9581	0.9581	0.9581	0.9581	0.9581	0.9581	0.9581	0.0355	0.0355	0.0355	0.0355	0.0355	0.0355	0.0355	0.0355	0.0355	0.0355	0.0355	0.0355	0.0355	0.0355	0.0355	0.0355	0.0355	0.0355	0.0355	0.0355	0.0355	0.0355	0.0355	0.0355	0.0355	0.0355	0.0355	0.0355	0.0355	0.0355	0.0355	0.0148	0.0355	0.0355	0.0355	0.0355	0.0355	0.0355	0.0355	0.0355	0.0355	0.0355	0.0355	0.0355	0.0355	0.0355	0.0355	0.0355	0.0355	0.0355	0.0355	0.0355	0.0355	0.0355	0.0355	0.0355	0.0355	0.0355	0.0355	0.0355	0.0355	0.0355	0.0355	0.0355	0.0355	0.0355	0.0355	0.0355	0.0355	0.0076	0.0355	0.0355	0.0355	0.0355	0.0355	0.0355	0.0355	0.0355	0.0355	0.0355	0.0355	0.0355	0.0355	0.0355	0.0355	0.0355	0.0355	0.0355	0.0355	0.0355	0.0355	0.0355	0.0355	0.0355	0.0355	0.0355	0.0355	0.0355	0.0355	0.0355	0.0355	0.0355	0.0355	0.0355	0.0355	0.0355	0.0355	0.0355	0.0355	0.0355	0.0355	0.0355	0.0355	0.0355	0.0355	0.0355	0.0355	0.0355	0.0355	0.0355	0.0355	0.0355	0.0355	0.0355	0.0355	0.0355	0.0355	0.0355	0.0355	0.0355	0.0355	0.0355	0.0355	0.0355	0.0148	0.0355	0.0355	0.0355	0.0355	0.0355	0.0355	0.0355	0.0355	0.0355	0.0355	0.0355	0.0355	0.0355	0.0355	0.0355	0.0355	0.0355	0.0355	0.0355	0.0355	0.0355	0.0355	0.0355	0.0355	0.0355	0.0355	0.0355	0.0355	0.0355	0.0355	0.0355	0.0355	0.0355	0.0355	0.0355	0.0355	0.0355	0.0355	0.0355	0.0355	0.0355	0.0355	0.0355	0.0355	0.0355	0.0355	0.0355	0.0355	0.0355	0.0355	0.0355	0.0355	0.0355	0.0355	0.0076	0.0076	0.0076	0.0076	0.0076	0.0076	0.0076	0.0076	0.0355	0.0148	0.0076	0.0076	0.0076	0.0355	0.0076	0.0076	0.0076	0.0355	0.0076	0.0076	0.0076	0.0076	0.0076	0.0076	0.0076	0.0076	0.0076	0.0076	0.0076	0.0148	0.0076	0.0076	0.0076	0.0076	0.0076	0.0076	0.0076	0.0076	0.0148	0.0076	0.0076	0.0076	0.0076	0.0076	0.0076	0.0076	0.0076	0.0355	0.0076	0.0076	0.0076	0.0076	0.0076	0.0076	0.0076	0.0076	0.0076	0.0076	0.0076	0.0076	0.0076	0.0076	0.0076	0.0076	0.0076	0.0076	0.0076	0.0076	0.0076	0.0076	0.0076	0.0076	0.0076	0.0076	0.0076	0.0076	0.0076	0.0076	0.0076	0.0076	0.0076
24	0.0081	0.0081	0.0081	0.0081	0.0081	0.0081	0.0081	0.0081	0.0081	0.0081	0.0081	0.0081	0.0081	0.0081	0.0081	0.0081	0.0081	0.0081	0.0081	0.0081	0.0081	0.0081	0.0081	0.0081	0.0081	0.0081	0.0081	0.0081	0.0081	0.0081	0.0081	0.0081	0.0081	0.0081	0.0081	0.0081	0.0081	0.0081	0.0081	0.0081	0.0081	0.0081	0.0081	0.0081	0.0081	0.0081	0.0081	0.0081	0.0081	0.0081	0.0081	0.0081	0.0081	0.0081	0.0081	0.0081	0.0081	0.0081	0.0081	0.0081	0.0081	0.0081	0.0081	0.0081	0.0081	0.0081	0.0081	0.0081	0.0081	0.0081	0.0081	0.0081	0.0081	0.0081	0.0081	0.0081	0.0081	0.0081	0.0081	0.0081	0.0081	0.0081	0.0081	0.0081	0.0081	0.0081	0.0081	0.0081	0.0081	0.0081	0.0081	0.0081	0.0081	0.0081	0.0081	0.0081	0.0081	0.0081	0.0081	0.0081	0.0081	0.0081	0.0081	0.0081	0.0081	0.0081	0.0081	0.0081	0.0081	0.0081	0.0081	0.0081	0.0081	0.0081	0.0081	0.0081	0.0081	0.0081	0.0081	0.0081	0.0081	0.0081	0.0081	0.0081	0.0081	0.0081	0.0081	0.0081	0.0081	0.0081	0.0081	0.0081	0.0081	0.0081	0.0081	0.0081	0.0081	0.0081	0.0081	0.0081	0.0081	0.0081	0.0081	0.0081	0.0081	0.0081	0.0081	0.0081	0.0081	0.0081	0.0081	0.0081	0.0081	0.0081	0.0081	0.0081	0.0081	0.0081	0.0081	0.0081	0.0081	0.0081	0.0081	0.0081	0.0081	0.0081	0.0081	0.0081	0.0081	0.0081	0.0081	0.0081	0.0081	0.0081	0.0081	0.0081	0.0081	0.0081	0.0081	0.0081	0.0081	0.0081	0.0081	0.0081	0.0081	0.0081	0.0081	0.0081	0.002	0.002	0.002	0.002	0.002	0.002	0.002	0.002	0.002	0.002	0.002	0.002	0.002	0.002	0.002	0.002	0.002	0.002	0.002	0.002	0.002	0.002	0.002	0.002	0.002	0.002	0.002	0.002	0.002	0.002	0.002	0.002	0.002	0.002	0.002	0.002	0.002	0.002	0.002	0.002	0.002	0.002	0.002	0.002	0.002	0.002	0.002	0.002	0.002	0.002	0.002	0.002	0.002	0.002	0.002	0.002	0.002	0.002	0.002	0.002	0.002	0.002	0.002	0.002	0.002	0.002	0.002	0.002	0.002	0.002	0.002	0.002	0.002	0.002	0.002	0.002	0.002	0.002	0.002	0.002	0.002	0.002	0.002	0.002	0.002	0.002	0.002	0.002	0.002	0.002	0.002	0.002	0.002	0.002	0.002	0.002	0.002	0.002	0.002	0.002	0.002	0.002	0.002	0.002	0.002	0.002	0.002	0.002	0.002	0.002	0.002	0.002	0.002	0.002	0.002	0.002	0.002	0.002	0.002	0.002	0.002	0.002	0.002	0.002	0.002	0.002	0.002	0.002	0.002	0.002	0.002	0.002	0.002	0.002	0.002	0.002	0.002	0.002	0.002	0.002	0.002	0.002	0.0031	0.0031	0.0031	0.0031	0.0031	0.0031	0.0031	0.0031	0.0031	0.0031	0.0031	0.0031	0.0031	0.0031	0.0031	0.0031	0.0031	0.0031	0.0031	0.0031	0.0031	0.0031	0.0031	0.0031	0.0031	0.0031	0.0031	0.0031	0.0031	0.0031	0.0031	0.4802	0.0031	0.0031	0.0031	0.0031	0.0031	0.0031	0.0031	0.0031	0.0031	0.0031	0.0031	0.0031	0.0031	0.0031	0.0031	0.0031	0.0031	0.0031	0.0031	0.0031	0.0031	0.0031	0.0031	0.0031	0.0031	0.0031	0.0031	0.0031	0.0031	0.0031	0.0031	0.0031	0.0031	0.0031	0.0031	0.0031	0.0031	0.9274	0.0031	0.0031	0.0031	0.0031	0.0031	0.0031	0.0031	0.0031	0.0031	0.0031	0.0031	0.0031	0.0031	0.0031	0.0031	0.0031	0.0031	0.0031	0.0031	0.0031	0.0031	0.0031	0.0031	0.0031	0.0031	0.0031	0.0031	0.0031	0.0031	0.0031	0.0031	0.0031	0.0031	0.0031	0.0031	0.0031	0.0031	0.0031	0.0031	0.0031	0.0031	0.0031	0.0031	0.0031	0.0031	0.0031	0.0031	0.0031	0.0031	0.0031	0.0031	0.0031	0.0031	0.0031	0.0031	0.0031	0.0031	0.0031	0.0031	0.0031	0.0031	0.0031	0.0031	0.0031	0.4802	0.0031	0.0031	0.0031	0.0031	0.0031	0.0031	0.0031	0.0031	0.0031	0.0031	0.0031	0.0031	0.0031	0.0031	0.0031	0.0031	0.0031	0.0031	0.0031	0.0031	0.0031	0.0031	0.0031	0.0031	0.0031	0.0031	0.0031	0.0031	0.0031	0.0031	0.0031	0.0031	0.0031	0.0031	0.0031	0.0031	0.0031	0.0031	0.0031	0.0031	0.0031	0.0031	0.0031	0.0031	0.0031	0.0031	0.0031	0.0031	0.0031	0.0031	0.0031	0.0031	0.0031	0.0031	0.9274	0.9274	0.9274	0.9274	0.9274	0.9274	0.9274	0.9274	0.0031	0.4802	0.9274	0.9274	0.9274	0.0031	0.9274	0.9274	0.9274	0.0031	0.9274	0.9274	0.9274	0.9274	0.9274	0.9274	0.9274	0.9274	0.9274	0.9274	0.9274	0.4802	0.9274	0.9274	0.9274	0.9274	0.9274	0.9274	0.9274	0.9274	0.4802	0.9274	0.9274	0.9274	0.9274	0.9274	0.9274	0.9274	0.9274	0.0031	0.9274	0.9274	0.9274	0.9274	0.9274	0.9274	0.9274	0.9274	0.9274	0.9274	0.9274	0.9274	0.9274	0.9274	0.9274	0.9274	0.9274	0.9274	0.9274	0.9274	0.9274	0.9274	0.9274	0.9274	0.9274	0.9274	0.9274	0.9274	0.9274	0.9274	0.9274	0.9274	0.9274
25	0.0057	0.0057	0.0057	0.0057	0.0057	0.0057	0.0057	0.0057	0.0057	0.0057	0.0057	0.0057	0.0057	0.0057	0.0057	0.0057	0.0057	0.0057	0.0057	0.0057	0.0057	0.0057	0.0057	0.0057	0.0057	0.0057	0.0057	0.0057	0.0057	0.0057	0.0057	0.0057	0.0057	0.0057	0.0057	0.0057	0.0057	0.0057	0.0057	0.0057	0.0057	0.0057	0.0057	0.0057	0.0057	0.0057	0.0057	0.0057	0.0057	0.0057	0.0057	0.0057	0.0057	0.0057	0.0057	0.0057	0.0057	0.0057	0.0057	0.0057	0.0057	0.0057	0.0057	0.0057	0.0057	0.0057	0.0057	0.0057	0.0057	0.0057	0.0057	0.0057	0.0057	0.0057	0.0057	0.0057	0.0057	0.0057	0.0057	0.0057	0.0057	0.0057	0.0057	0.0057	0.0057	0.0057	0.0057	0.0057	0.0057	0.0057	0.0057	0.0057	0.0057	0.0057	0.0057	0.0057	0.0057	0.0057	0.0057	0.0057	0.0057	0.0057	0.0057	0.0057	0.0057	0.0057	0.0057	0.0057	0.0057	0.0057	0.0057	0.0057	0.0057	0.0057	0.0057	0.0057	0.0057	0.0057	0.0057	0.0057	0.0057	0.0057	0.0057	0.0057	0.0057	0.0057	0.0057	0.0057	0.0057	0.0057	0.0057	0.0057	0.0057	0.0057	0.0057	0.0057	0.0057	0.0057	0.0057	0.0057	0.0057	0.0057	0.0057	0.0057	0.0057	0.0057	0.0057	0.0057	0.0057	0.0057	0.0057	0.0057	0.0057	0.0057	0.0057	0.0057	0.0057	0.0057	0.0057	0.0057	0.0057	0.0057	0.0057	0.0057	0.0057	0.0057	0.0057	0.0057	0.0057	0.0057	0.0057	0.0057	0.0057	0.0057	0.0057	0.0057	0.0057	0.0057	0.0057	0.0057	0.0057	0.0057	0.0057	0.0057	0.0057	0.0057	0.0057	0.0057	0.0145	0.0145	0.0145	0.0145	0.0145	0.0145	0.0145	0.0145	0.0145	0.0145	0.0145	0.0145	0.0145	0.0145	0.0145	0.0145	0.0145	0.0145	0.0145	0.0145	0.0145	0.0145	0.0145	0.0145	0.0145	0.0145	0.0145	0.0145	0.0145	0.0145	0.0145	0.0145	0.0145	0.0145	0.0145	0.0145	0.0145	0.0145	0.0145	0.0145	0.0145	0.0145	0.0145	0.0145	0.0145	0.0145	0.0145	0.0145	0.0145	0.0145	0.0145	0.0145	0.0145	0.0145	0.0145	0.0145	0.0145	0.0145	0.0145	0.0145	0.0145	0.0145	0.0145	0.0145	0.0145	0.0145	0.0145	0.0145	0.0145	0.0145	0.0145	0.0145	0.0145	0.0145	0.0145	0.0145	0.0145	0.0145	0.0145	0.0145	0.0145	0.0145	0.0145	0.0145	0.0145	0.0145	0.0145	0.0145	0.0145	0.0145	0.0145	0.0145	0.0145	0.0145	0.0145	0.0145	0.0145	0.0145	0.0145	0.0145	0.0145	0.0145	0.0145	0.0145	0.0145	0.0145	0.0145	0.0145	0.0145	0.0145	0.0145	0.0145	0.0145	0.0145	0.0145	0.0145	0.0145	0.0145	0.0145	0.0145	0.0145	0.0145	0.0145	0.0145	0.0145	0.0145	0.0145	0.0145	0.0145	0.0145	0.0145	0.0145	0.0145	0.0145	0.0145	0.0145	0.0145	0.0145	0.0145	0.0145	0.0145	0.0145	0.0008	0.0008	0.0008	0.0008	0.0008	0.0008	0.0008	0.0008	0.0008	0.0008	0.0008	0.0008	0.0008	0.0008	0.0008	0.0008	0.0008	0.0008	0.0008	0.0008	0.0008	0.0008	0.0008	0.0008	0.0008	0.0008	0.0008	0.0008	0.0008	0.0008	0.0008	0.5494	0.0008	0.0008	0.0008	0.0008	0.0008	0.0008	0.0008	0.0008	0.0008	0.0008	0.0008	0.0008	0.0008	0.0008	0.0008	0.0008	0.0008	0.0008	0.0008	0.0008	0.0008	0.0008	0.0008	0.0008	0.0008	0.0008	0.0008	0.0008	0.0008	0.0008	0.0008	0.0008	0.0008	0.0008	0.0008	0.0008	0.0008	0.9953	0.0008	0.0008	0.0008	0.0008	0.0008	0.0008	0.0008	0.0008	0.0008	0.0008	0.0008	0.0008	0.0008	0.0008	0.0008	0.0008	0.0008	0.0008	0.0008	0.0008	0.0008	0.0008	0.0008	0.0008	0.0008	0.0008	0.0008	0.0008	0.0008	0.0008	0.0008	0.0008	0.0008	0.0008	0.0008	0.0008	0.0008	0.0008	0.0008	0.0008	0.0008	0.0008	0.0008	0.0008	0.0008	0.0008	0.0008	0.0008	0.0008	0.0008	0.0008	0.0008	0.0008	0.0008	0.0008	0.0008	0.0008	0.0008	0.0008	0.0008	0.0008	0.0008	0.0008	0.0008	0.5494	0.0008	0.0008	0.0008	0.0008	0.0008	0.0008	0.0008	0.0008	0.0008	0.0008	0.0008	0.0008	0.0008	0.0008	0.0008	0.0008	0.0008	0.0008	0.0008	0.0008	0.0008	0.0008	0.0008	0.0008	0.0008	0.0008	0.0008	0.0008	0.0008	0.0008	0.0008	0.0008	0.0008	0.0008	0.0008	0.0008	0.0008	0.0008	0.0008	0.0008	0.0008	0.0008	0.0008	0.0008	0.0008	0.0008	0.0008	0.0008	0.0008	0.0008	0.0008	0.0008	0.0008	0.0008	0.9953	0.9953	0.9953	0.9953	0.9953	0.9953	0.9953	0.9953	0.0008	0.5494	0.9953	0.9953	0.9953	0.0008	0.9953	0.9953	0.9953	0.0008	0.9953	0.9953	0.9953	0.9953	0.9953	0.9953	0.9953	0.9953	0.9953	0.9953	0.9953	0.5494	0.9953	0.9953	0.9953	0.9953	0.9953	0.9953	0.9953	0.9953	0.5494	0.9953	0.9953	0.9953	0.9953	0.9953	0.9953	0.9953	0.9953	0.0008	0.9953	0.9953	0.9953	0.9953	0.9953	0.9953	0.9953	0.9953	0.9953	0.9953	0.9953	0.9953	0.9953	0.9953	0.9953	0.9953	0.9953	0.9953	0.9953	0.9953	0.9953	0.9953	0.9953	0.9953	0.9953	0.9953	0.9953	0.9953	0.9953	0.9953	0.9953	0.9953	0.9953
26	0.0078	0.0078	0.0078	0.0078	0.0078	0.0078	0.0078	0.0078	0.0078	0.0078	0.0078	0.0078	0.0078	0.0078	0.0078	0.0078	0.0078	0.0078	0.0078	0.0078	0.0078	0.0078	0.0078	0.0078	0.0078	0.0078	0.0078	0.0078	0.0078	0.0078	0.0078	0.0078	0.0078	0.0078	0.0078	0.0078	0.0078	0.0078	0.0078	0.0078	0.0078	0.0078	0.0078	0.0078	0.0078	0.0078	0.0078	0.0078	0.0078	0.0078	0.0078	0.0078	0.0078	0.0078	0.0078	0.0078	0.0078	0.0078	0.0078	0.0078	0.0078	0.0078	0.0078	0.0078	0.0078	0.0078	0.0078	0.0078	0.0078	0.0078	0.0078	0.0078	0.0078	0.0078	0.0078	0.0078	0.0078	0.0078	0.0078	0.0078	0.0078	0.0078	0.0078	0.0078	0.0078	0.0078	0.0078	0.0078	0.0078	0.0078	0.0078	0.0078	0.0078	0.0078	0.0078	0.0078	0.0078	0.0078	0.0078	0.0078	0.0078	0.0078	0.0078	0.0078	0.0078	0.0078	0.0078	0.0078	0.0078	0.0078	0.0078	0.0078	0.0078	0.0078	0.0078	0.0078	0.0078	0.0078	0.0078	0.0078	0.0078	0.0078	0.0078	0.0078	0.0078	0.0078	0.0078	0.0078	0.0078	0.0078	0.0078	0.0078	0.0078	0.0078	0.0078	0.0078	0.0078	0.0078	0.0078	0.0078	0.0078	0.0078	0.0078	0.0078	0.0078	0.0078	0.0078	0.0078	0.0078	0.0078	0.0078	0.0078	0.0078	0.0078	0.0078	0.0078	0.0078	0.0078	0.0078	0.0078	0.0078	0.0078	0.0078	0.0078	0.0078	0.0078	0.0078	0.0078	0.0078	0.0078	0.0078	0.0078	0.0078	0.0078	0.0078	0.0078	0.0078	0.0078	0.0078	0.0078	0.0078	0.0078	0.0078	0.0078	0.0078	0.0078	0.0078	0.0078	0.0182	0.0182	0.0182	0.0182	0.0182	0.0182	0.0182	0.0182	0.0182	0.0182	0.0182	0.0182	0.0182	0.0182	0.0182	0.0182	0.0182	0.0182	0.0182	0.0182	0.0182	0.0182	0.0182	0.0182	0.0182	0.0182	0.0182	0.0182	0.0182	0.0182	0.0182	0.0182	0.0182	0.0182	0.0182	0.0182	0.0182	0.0182	0.0182	0.0182	0.0182	0.0182	0.0182	0.0182	0.0182	0.0182	0.0182	0.0182	0.0182	0.0182	0.0182	0.0182	0.0182	0.0182	0.0182	0.0182	0.0182	0.0182	0.0182	0.0182	0.0182	0.0182	0.0182	0.0182	0.0182	0.0182	0.0182	0.0182	0.0182	0.0182	0.0182	0.0182	0.0182	0.0182	0.0182	0.0182	0.0182	0.0182	0.0182	0.0182	0.0182	0.0182	0.0182	0.0182	0.0182	0.0182	0.0182	0.0182	0.0182	0.0182	0.0182	0.0182	0.0182	0.0182	0.0182	0.0182	0.0182	0.0182	0.0182	0.0182	0.0182	0.0182	0.0182	0.0182	0.0182	0.0182	0.0182	0.0182	0.0182	0.0182	0.0182	0.0182	0.0182	0.0182	0.0182	0.0182	0.0182	0.0182	0.0182	0.0182	0.0182	0.0182	0.0182	0.0182	0.0182	0.0182	0.0182	0.0182	0.0182	0.0182	0.0182	0.0182	0.0182	0.0182	0.0182	0.0182	0.0182	0.0182	0.0182	0.0182	0.0182	0.0182	0.0014	0.0014	0.0014	0.0014	0.0014	0.0014	0.0014	0.0014	0.0014	0.0014	0.0014	0.0014	0.0014	0.0014	0.0014	0.0014	0.0014	0.0014	0.0014	0.0014	0.0014	0.0014	0.0014	0.0014	0.0014	0.0014	0.0014	0.0014	0.0014	0.0014	0.0014	0.0153	0.0014	0.0014	0.0014	0.0014	0.0014	0.0014	0.0014	0.0014	0.0014	0.0014	0.0014	0.0014	0.0014	0.0014	0.0014	0.0014	0.0014	0.0014	0.0014	0.0014	0.0014	0.0014	0.0014	0.0014	0.0014	0.0014	0.0014	0.0014	0.0014	0.0014	0.0014	0.0014	0.0014	0.0014	0.0014	0.0014	0.0014	0.0376	0.0014	0.0014	0.0014	0.0014	0.0014	0.0014	0.0014	0.0014	0.0014	0.0014	0.0014	0.0014	0.0014	0.0014	0.0014	0.0014	0.0014	0.0014	0.0014	0.0014	0.0014	0.0014	0.0014	0.0014	0.0014	0.0014	0.0014	0.0014	0.0014	0.0014	0.0014	0.0014	0.0014	0.0014	0.0014	0.0014	0.0014	0.0014	0.0014	0.0014	0.0014	0.0014	0.0014	0.0014	0.0014	0.0014	0.0014	0.0014	0.0014	0.0014	0.0014	0.0014	0.0014	0.0014	0.0014	0.0014	0.0014	0.0014	0.0014	0.0014	0.0014	0.0014	0.0014	0.0014	0.0153	0.0014	0.0014	0.0014	0.0014	0.0014	0.0014	0.0014	0.0014	0.0014	0.0014	0.0014	0.0014	0.0014	0.0014	0.0014	0.0014	0.0014	0.0014	0.0014	0.0014	0.0014	0.0014	0.0014	0.0014	0.0014	0.0014	0.0014	0.0014	0.0014	0.0014	0.0014	0.0014	0.0014	0.0014	0.0014	0.0014	0.0014	0.0014	0.0014	0.0014	0.0014	0.0014	0.0014	0.0014	0.0014	0.0014	0.0014	0.0014	0.0014	0.0014	0.0014	0.0014	0.0014	0.0014	0.0376	0.0376	0.0376	0.0376	0.0376	0.0376	0.0376	0.0376	0.0014	0.0153	0.0376	0.0376	0.0376	0.0014	0.0376	0.0376	0.0376	0.0014	0.0376	0.0376	0.0376	0.0376	0.0376	0.0376	0.0376	0.0376	0.0376	0.0376	0.0376	0.0153	0.0376	0.0376	0.0376	0.0376	0.0376	0.0376	0.0376	0.0376	0.0153	0.0376	0.0376	0.0376	0.0376	0.0376	0.0376	0.0376	0.0376	0.0014	0.0376	0.0376	0.0376	0.0376	0.0376	0.0376	0.0376	0.0376	0.0376	0.0376	0.0376	0.0376	0.0376	0.0376	0.0376	0.0376	0.0376	0.0376	0.0376	0.0376	0.0376	0.0376	0.0376	0.0376	0.0376	0.0376	0.0376	0.0376	0.0376	0.0376	0.0376	0.0376	0.0376
27	0.011	0.011	0.011	0.011	0.011	0.011	0.011	0.011	0.011	0.011	0.011	0.011	0.011	0.011	0.011	0.011	0.011	0.011	0.011	0.011	0.011	0.011	0.011	0.011	0.011	0.011	0.011	0.011	0.011	0.011	0.011	0.011	0.011	0.011	0.011	0.011	0.011	0.011	0.011	0.011	0.011	0.011	0.011	0.011	0.011	0.011	0.011	0.011	0.011	0.011	0.011	0.011	0.011	0.011	0.011	0.011	0.011	0.011	0.011	0.011	0.011	0.011	0.011	0.011	0.011	0.011	0.011	0.011	0.011	0.011	0.011	0.011	0.011	0.011	0.011	0.011	0.011	0.011	0.011	0.011	0.011	0.011	0.011	0.011	0.011	0.011	0.011	0.011	0.011	0.011	0.011	0.011	0.011	0.011	0.011	0.011	0.011	0.011	0.011	0.011	0.011	0.011	0.011	0.011	0.011	0.011	0.011	0.011	0.011	0.011	0.011	0.011	0.011	0.011	0.011	0.011	0.011	0.011	0.011	0.011	0.011	0.011	0.011	0.011	0.011	0.011	0.011	0.011	0.011	0.011	0.011	0.011	0.011	0.011	0.011	0.011	0.011	0.011	0.011	0.011	0.011	0.011	0.011	0.011	0.011	0.011	0.011	0.011	0.011	0.011	0.011	0.011	0.011	0.011	0.011	0.011	0.011	0.011	0.011	0.011	0.011	0.011	0.011	0.011	0.011	0.011	0.011	0.011	0.011	0.011	0.011	0.011	0.011	0.011	0.011	0.011	0.011	0.011	0.011	0.011	0.011	0.011	0.011	0.011	0.011	0.011	0.011	0.011	0.0062	0.0062	0.0062	0.0062	0.0062	0.0062	0.0062	0.0062	0.0062	0.0062	0.0062	0.0062	0.0062	0.0062	0.0062	0.0062	0.0062	0.0062	0.0062	0.0062	0.0062	0.0062	0.0062	0.0062	0.0062	0.0062	0.0062	0.0062	0.0062	0.0062	0.0062	0.0062	0.0062	0.0062	0.0062	0.0062	0.0062	0.0062	0.0062	0.0062	0.0062	0.0062	0.0062	0.0062	0.0062	0.0062	0.0062	0.0062	0.0062	0.0062	0.0062	0.0062	0.0062	0.0062	0.0062	0.0062	0.0062	0.0062	0.0062	0.0062	0.0062	0.0062	0.0062	0.0062	0.0062	0.0062	0.0062	0.0062	0.0062	0.0062	0.0062	0.0062	0.0062	0.0062	0.0062	0.0062	0.0062	0.0062	0.0062	0.0062	0.0062	0.0062	0.0062	0.0062	0.0062	0.0062	0.0062	0.0062	0.0062	0.0062	0.0062	0.0062	0.0062	0.0062	0.0062	0.0062	0.0062	0.0062	0.0062	0.0062	0.0062	0.0062	0.0062	0.0062	0.0062	0.0062	0.0062	0.0062	0.0062	0.0062	0.0062	0.0062	0.0062	0.0062	0.0062	0.0062	0.0062	0.0062	0.0062	0.0062	0.0062	0.0062	0.0062	0.0062	0.0062	0.0062	0.0062	0.0062	0.0062	0.0062	0.0062	0.0062	0.0062	0.0062	0.0062	0.0062	0.0062	0.0062	0.0062	0.0062	0.0062	0.0062	0.0044	0.0044	0.0044	0.0044	0.0044	0.0044	0.0044	0.0044	0.0044	0.0044	0.0044	0.0044	0.0044	0.0044	0.0044	0.0044	0.0044	0.0044	0.0044	0.0044	0.0044	0.0044	0.0044	0.0044	0.0044	0.0044	0.0044	0.0044	0.0044	0.0044	0.0044	0.0069	0.0044	0.0044	0.0044	0.0044	0.0044	0.0044	0.0044	0.0044	0.0044	0.0044	0.0044	0.0044	0.0044	0.0044	0.0044	0.0044	0.0044	0.0044	0.0044	0.0044	0.0044	0.0044	0.0044	0.0044	0.0044	0.0044	0.0044	0.0044	0.0044	0.0044	0.0044	0.0044	0.0044	0.0044	0.0044	0.0044	0.0044	0.0001	0.0044	0.0044	0.0044	0.0044	0.0044	0.0044	0.0044	0.0044	0.0044	0.0044	0.0044	0.0044	0.0044	0.0044	0.0044	0.0044	0.0044	0.0044	0.0044	0.0044	0.0044	0.0044	0.0044	0.0044	0.0044	0.0044	0.0044	0.0044	0.0044	0.0044	0.0044	0.0044	0.0044	0.0044	0.0044	0.0044	0.0044	0.0044	0.0044	0.0044	0.0044	0.0044	0.0044	0.0044	0.0044	0.0044	0.0044	0.0044	0.0044	0.0044	0.0044	0.0044	0.0044	0.0044	0.0044	0.0044	0.0044	0.0044	0.0044	0.0044	0.0044	0.0044	0.0044	0.0044	0.0069	0.0044	0.0044	0.0044	0.0044	0.0044	0.0044	0.0044	0.0044	0.0044	0.0044	0.0044	0.0044	0.0044	0.0044	0.0044	0.0044	0.0044	0.0044	0.0044	0.0044	0.0044	0.0044	0.0044	0.0044	0.0044	0.0044	0.0044	0.0044	0.0044	0.0044	0.0044	0.0044	0.0044	0.0044	0.0044	0.0044	0.0044	0.0044	0.0044	0.0044	0.0044	0.0044	0.0044	0.0044	0.0044	0.0044	0.0044	0.0044	0.0044	0.0044	0.0044	0.0044	0.0044	0.0044	0.0001	0.0001	0.0001	0.0001	0.0001	0.0001	0.0001	0.0001	0.0044	0.0069	0.0001	0.0001	0.0001	0.0044	0.0001	0.0001	0.0001	0.0044	0.0001	0.0001	0.0001	0.0001	0.0001	0.0001	0.0001	0.0001	0.0001	0.0001	0.0001	0.0069	0.0001	0.0001	0.0001	0.0001	0.0001	0.0001	0.0001	0.0001	0.0069	0.0001	0.0001	0.0001	0.0001	0.0001	0.0001	0.0001	0.0001	0.0044	0.0001	0.0001	0.0001	0.0001	0.0001	0.0001	0.0001	0.0001	0.0001	0.0001	0.0001	0.0001	0.0001	0.0001	0.0001	0.0001	0.0001	0.0001	0.0001	0.0001	0.0001	0.0001	0.0001	0.0001	0.0001	0.0001	0.0001	0.0001	0.0001	0.0001	0.0001	0.0001	0.0001
28	0.0061	0.0061	0.0061	0.0061	0.0061	0.0061	0.0061	0.0061	0.0061	0.0061	0.0061	0.0061	0.0061	0.0061	0.0061	0.0061	0.0061	0.0061	0.0061	0.0061	0.0061	0.0061	0.0061	0.0061	0.0061	0.0061	0.0061	0.0061	0.0061	0.0061	0.0061	0.0061	0.0061	0.0061	0.0061	0.0061	0.0061	0.0061	0.0061	0.0061	0.0061	0.0061	0.0061	0.0061	0.0061	0.0061	0.0061	0.0061	0.0061	0.0061	0.0061	0.0061	0.0061	0.0061	0.0061	0.0061	0.0061	0.0061	0.0061	0.0061	0.0061	0.0061	0.0061	0.0061	0.0061	0.0061	0.0061	0.0061	0.0061	0.0061	0.0061	0.0061	0.0061	0.0061	0.0061	0.0061	0.0061	0.0061	0.0061	0.0061	0.0061	0.0061	0.0061	0.0061	0.0061	0.0061	0.0061	0.0061	0.0061	0.0061	0.0061	0.0061	0.0061	0.0061	0.0061	0.0061	0.0061	0.0061	0.0061	0.0061	0.0061	0.0061	0.0061	0.0061	0.0061	0.0061	0.0061	0.0061	0.0061	0.0061	0.0061	0.0061	0.0061	0.0061	0.0061	0.0061	0.0061	0.0061	0.0061	0.0061	0.0061	0.0061	0.0061	0.0061	0.0061	0.0061	0.0061	0.0061	0.0061	0.0061	0.0061	0.0061	0.0061	0.0061	0.0061	0.0061	0.0061	0.0061	0.0061	0.0061	0.0061	0.0061	0.0061	0.0061	0.0061	0.0061	0.0061	0.0061	0.0061	0.0061	0.0061	0.0061	0.0061	0.0061	0.0061	0.0061	0.0061	0.0061	0.0061	0.0061	0.0061	0.0061	0.0061	0.0061	0.0061	0.0061	0.0061	0.0061	0.0061	0.0061	0.0061	0.0061	0.0061	0.0061	0.0061	0.0061	0.0061	0.0061	0.0061	0.0061	0.0061	0.0061	0.0061	0.0061	0.0061	0.0061	0.0061	0.0061	0.0106	0.0106	0.0106	0.0106	0.0106	0.0106	0.0106	0.0106	0.0106	0.0106	0.0106	0.0106	0.0106	0.0106	0.0106	0.0106	0.0106	0.0106	0.0106	0.0106	0.0106	0.0106	0.0106	0.0106	0.0106	0.0106	0.0106	0.0106	0.0106	0.0106	0.0106	0.0106	0.0106	0.0106	0.0106	0.0106	0.0106	0.0106	0.0106	0.0106	0.0106	0.0106	0.0106	0.0106	0.0106	0.0106	0.0106	0.0106	0.0106	0.0106	0.0106	0.0106	0.0106	0.0106	0.0106	0.0106	0.0106	0.0106	0.0106	0.0106	0.0106	0.0106	0.0106	0.0106	0.0106	0.0106	0.0106	0.0106	0.0106	0.0106	0.0106	0.0106	0.0106	0.0106	0.0106	0.0106	0.0106	0.0106	0.0106	0.0106	0.0106	0.0106	0.0106	0.0106	0.0106	0.0106	0.0106	0.0106	0.0106	0.0106	0.0106	0.0106	0.0106	0.0106	0.0106	0.0106	0.0106	0.0106	0.0106	0.0106	0.0106	0.0106	0.0106	0.0106	0.0106	0.0106	0.0106	0.0106	0.0106	0.0106	0.0106	0.0106	0.0106	0.0106	0.0106	0.0106	0.0106	0.0106	0.0106	0.0106	0.0106	0.0106	0.0106	0.0106	0.0106	0.0106	0.0106	0.0106	0.0106	0.0106	0.0106	0.0106	0.0106	0.0106	0.0106	0.0106	0.0106	0.0106	0.0106	0.0106	0.0106	0.0106	0.0221	0.0221	0.0221	0.0221	0.0221	0.0221	0.0221	0.0221	0.0221	0.0221	0.0221	0.0221	0.0221	0.0221	0.0221	0.0221	0.0221	0.0221	0.0221	0.0221	0.0221	0.0221	0.0221	0.0221	0.0221	0.0221	0.0221	0.0221	0.0221	0.0221	0.0221	0.0093	0.0221	0.0221	0.0221	0.0221	0.0221	0.0221	0.0221	0.0221	0.0221	0.0221	0.0221	0.0221	0.0221	0.0221	0.0221	0.0221	0.0221	0.0221	0.0221	0.0221	0.0221	0.0221	0.0221	0.0221	0.0221	0.0221	0.0221	0.0221	0.0221	0.0221	0.0221	0.0221	0.0221	0.0221	0.0221	0.0221	0.0221	0.0479	0.0221	0.0221	0.0221	0.0221	0.0221	0.0221	0.0221	0.0221	0.0221	0.0221	0.0221	0.0221	0.0221	0.0221	0.0221	0.0221	0.0221	0.0221	0.0221	0.0221	0.0221	0.0221	0.0221	0.0221	0.0221	0.0221	0.0221	0.0221	0.0221	0.0221	0.0221	0.0221	0.0221	0.0221	0.0221	0.0221	0.0221	0.0221	0.0221	0.0221	0.0221	0.0221	0.0221	0.0221	0.0221	0.0221	0.0221	0.0221	0.0221	0.0221	0.0221	0.0221	0.0221	0.0221	0.0221	0.0221	0.0221	0.0221	0.0221	0.0221	0.0221	0.0221	0.0221	0.0221	0.0093	0.0221	0.0221	0.0221	0.0221	0.0221	0.0221	0.0221	0.0221	0.0221	0.0221	0.0221	0.0221	0.0221	0.0221	0.0221	0.0221	0.0221	0.0221	0.0221	0.0221	0.0221	0.0221	0.0221	0.0221	0.0221	0.0221	0.0221	0.0221	0.0221	0.0221	0.0221	0.0221	0.0221	0.0221	0.0221	0.0221	0.0221	0.0221	0.0221	0.0221	0.0221	0.0221	0.0221	0.0221	0.0221	0.0221	0.0221	0.0221	0.0221	0.0221	0.0221	0.0221	0.0221	0.0221	0.0479	0.0479	0.0479	0.0479	0.0479	0.0479	0.0479	0.0479	0.0221	0.0093	0.0479	0.0479	0.0479	0.0221	0.0479	0.0479	0.0479	0.0221	0.0479	0.0479	0.0479	0.0479	0.0479	0.0479	0.0479	0.0479	0.0479	0.0479	0.0479	0.0093	0.0479	0.0479	0.0479	0.0479	0.0479	0.0479	0.0479	0.0479	0.0093	0.0479	0.0479	0.0479	0.0479	0.0479	0.0479	0.0479	0.0479	0.0221	0.0479	0.0479	0.0479	0.0479	0.0479	0.0479	0.0479	0.0479	0.0479	0.0479	0.0479	0.0479	0.0479	0.0479	0.0479	0.0479	0.0479	0.0479	0.0479	0.0479	0.0479	0.0479	0.0479	0.0479	0.0479	0.0479	0.0479	0.0479	0.0479	0.0479	0.0479	0.0479	0.0479
29	0.0068	0.0068	0.0068	0.0068	0.0068	0.0068	0.0068	0.0068	0.0068	0.0068	0.0068	0.0068	0.0068	0.0068	0.0068	0.0068	0.0068	0.0068	0.0068	0.0068	0.0068	0.0068	0.0068	0.0068	0.0068	0.0068	0.0068	0.0068	0.0068	0.0068	0.0068	0.0068	0.0068	0.0068	0.0068	0.0068	0.0068	0.0068	0.0068	0.0068	0.0068	0.0068	0.0068	0.0068	0.0068	0.0068	0.0068	0.0068	0.0068	0.0068	0.0068	0.0068	0.0068	0.0068	0.0068	0.0068	0.0068	0.0068	0.0068	0.0068	0.0068	0.0068	0.0068	0.0068	0.0068	0.0068	0.0068	0.0068	0.0068	0.0068	0.0068	0.0068	0.0068	0.0068	0.0068	0.0068	0.0068	0.0068	0.0068	0.0068	0.0068	0.0068	0.0068	0.0068	0.0068	0.0068	0.0068	0.0068	0.0068	0.0068	0.0068	0.0068	0.0068	0.0068	0.0068	0.0068	0.0068	0.0068	0.0068	0.0068	0.0068	0.0068	0.0068	0.0068	0.0068	0.0068	0.0068	0.0068	0.0068	0.0068	0.0068	0.0068	0.0068	0.0068	0.0068	0.0068	0.0068	0.0068	0.0068	0.0068	0.0068	0.0068	0.0068	0.0068	0.0068	0.0068	0.0068	0.0068	0.0068	0.0068	0.0068	0.0068	0.0068	0.0068	0.0068	0.0068	0.0068	0.0068	0.0068	0.0068	0.0068	0.0068	0.0068	0.0068	0.0068	0.0068	0.0068	0.0068	0.0068	0.0068	0.0068	0.0068	0.0068	0.0068	0.0068	0.0068	0.0068	0.0068	0.0068	0.0068	0.0068	0.0068	0.0068	0.0068	0.0068	0.0068	0.0068	0.0068	0.0068	0.0068	0.0068	0.0068	0.0068	0.0068	0.0068	0.0068	0.0068	0.0068	0.0068	0.0068	0.0068	0.0068	0.0068	0.0068	0.0068	0.0068	0.0068	0.0068	0.0138	0.0138	0.0138	0.0138	0.0138	0.0138	0.0138	0.0138	0.0138	0.0138	0.0138	0.0138	0.0138	0.0138	0.0138	0.0138	0.0138	0.0138	0.0138	0.0138	0.0138	0.0138	0.0138	0.0138	0.0138	0.0138	0.0138	0.0138	0.0138	0.0138	0.0138	0.0138	0.0138	0.0138	0.0138	0.0138	0.0138	0.0138	0.0138	0.0138	0.0138	0.0138	0.0138	0.0138	0.0138	0.0138	0.0138	0.0138	0.0138	0.0138	0.0138	0.0138	0.0138	0.0138	0.0138	0.0138	0.0138	0.0138	0.0138	0.0138	0.0138	0.0138	0.0138	0.0138	0.0138	0.0138	0.0138	0.0138	0.0138	0.0138	0.0138	0.0138	0.0138	0.0138	0.0138	0.0138	0.0138	0.0138	0.0138	0.0138	0.0138	0.0138	0.0138	0.0138	0.0138	0.0138	0.0138	0.0138	0.0138	0.0138	0.0138	0.0138	0.0138	0.0138	0.0138	0.0138	0.0138	0.0138	0.0138	0.0138	0.0138	0.0138	0.0138	0.0138	0.0138	0.0138	0.0138	0.0138	0.0138	0.0138	0.0138	0.0138	0.0138	0.0138	0.0138	0.0138	0.0138	0.0138	0.0138	0.0138	0.0138	0.0138	0.0138	0.0138	0.0138	0.0138	0.0138	0.0138	0.0138	0.0138	0.0138	0.0138	0.0138	0.0138	0.0138	0.0138	0.0138	0.0138	0.0138	0.0138	0.0138	0.0138	0.0004	0.0004	0.0004	0.0004	0.0004	0.0004	0.0004	0.0004	0.0004	0.0004	0.0004	0.0004	0.0004	0.0004	0.0004	0.0004	0.0004	0.0004	0.0004	0.0004	0.0004	0.0004	0.0004	0.0004	0.0004	0.0004	0.0004	0.0004	0.0004	0.0004	0.0004	0.01	0.0004	0.0004	0.0004	0.0004	0.0004	0.0004	0.0004	0.0004	0.0004	0.0004	0.0004	0.0004	0.0004	0.0004	0.0004	0.0004	0.0004	0.0004	0.0004	0.0004	0.0004	0.0004	0.0004	0.0004	0.0004	0.0004	0.0004	0.0004	0.0004	0.0004	0.0004	0.0004	0.0004	0.0004	0.0004	0.0004	0.0004	0.0353	0.0004	0.0004	0.0004	0.0004	0.0004	0.0004	0.0004	0.0004	0.0004	0.0004	0.0004	0.0004	0.0004	0.0004	0.0004	0.0004	0.0004	0.0004	0.0004	0.0004	0.0004	0.0004	0.0004	0.0004	0.0004	0.0004	0.0004	0.0004	0.0004	0.0004	0.0004	0.0004	0.0004	0.0004	0.0004	0.0004	0.0004	0.0004	0.0004	0.0004	0.0004	0.0004	0.0004	0.0004	0.0004	0.0004	0.0004	0.0004	0.0004	0.0004	0.0004	0.0004	0.0004	0.0004	0.0004	0.0004	0.0004	0.0004	0.0004	0.0004	0.0004	0.0004	0.0004	0.0004	0.01	0.0004	0.0004	0.0004	0.0004	0.0004	0.0004	0.0004	0.0004	0.0004	0.0004	0.0004	0.0004	0.0004	0.0004	0.0004	0.0004	0.0004	0.0004	0.0004	0.0004	0.0004	0.0004	0.0004	0.0004	0.0004	0.0004	0.0004	0.0004	0.0004	0.0004	0.0004	0.0004	0.0004	0.0004	0.0004	0.0004	0.0004	0.0004	0.0004	0.0004	0.0004	0.0004	0.0004	0.0004	0.0004	0.0004	0.0004	0.0004	0.0004	0.0004	0.0004	0.0004	0.0004	0.0004	0.0353	0.0353	0.0353	0.0353	0.0353	0.0353	0.0353	0.0353	0.0004	0.01	0.0353	0.0353	0.0353	0.0004	0.0353	0.0353	0.0353	0.0004	0.0353	0.0353	0.0353	0.0353	0.0353	0.0353	0.0353	0.0353	0.0353	0.0353	0.0353	0.01	0.0353	0.0353	0.0353	0.0353	0.0353	0.0353	0.0353	0.0353	0.01	0.0353	0.0353	0.0353	0.0353	0.0353	0.0353	0.0353	0.0353	0.0004	0.0353	0.0353	0.0353	0.0353	0.0353	0.0353	0.0353	0.0353	0.0353	0.0353	0.0353	0.0353	0.0353	0.0353	0.0353	0.0353	0.0353	0.0353	0.0353	0.0353	0.0353	0.0353	0.0353	0.0353	0.0353	0.0353	0.0353	0.0353	0.0353	0.0353	0.0353	0.0353	0.0353
30	0.0129	0.0129	0.0129	0.0129	0.0129	0.0129	0.0129	0.0129	0.0129	0.0129	0.0129	0.0129	0.0129	0.0129	0.0129	0.0129	0.0129	0.0129	0.0129	0.0129	0.0129	0.0129	0.0129	0.0129	0.0129	0.0129	0.0129	0.0129	0.0129	0.0129	0.0129	0.0129	0.0129	0.0129	0.0129	0.0129	0.0129	0.0129	0.0129	0.0129	0.0129	0.0129	0.0129	0.0129	0.0129	0.0129	0.0129	0.0129	0.0129	0.0129	0.0129	0.0129	0.0129	0.0129	0.0129	0.0129	0.0129	0.0129	0.0129	0.0129	0.0129	0.0129	0.0129	0.0129	0.0129	0.0129	0.0129	0.0129	0.0129	0.0129	0.0129	0.0129	0.0129	0.0129	0.0129	0.0129	0.0129	0.0129	0.0129	0.0129	0.0129	0.0129	0.0129	0.0129	0.0129	0.0129	0.0129	0.0129	0.0129	0.0129	0.0129	0.0129	0.0129	0.0129	0.0129	0.0129	0.0129	0.0129	0.0129	0.0129	0.0129	0.0129	0.0129	0.0129	0.0129	0.0129	0.0129	0.0129	0.0129	0.0129	0.0129	0.0129	0.0129	0.0129	0.0129	0.0129	0.0129	0.0129	0.0129	0.0129	0.0129	0.0129	0.0129	0.0129	0.0129	0.0129	0.0129	0.0129	0.0129	0.0129	0.0129	0.0129	0.0129	0.0129	0.0129	0.0129	0.0129	0.0129	0.0129	0.0129	0.0129	0.0129	0.0129	0.0129	0.0129	0.0129	0.0129	0.0129	0.0129	0.0129	0.0129	0.0129	0.0129	0.0129	0.0129	0.0129	0.0129	0.0129	0.0129	0.0129	0.0129	0.0129	0.0129	0.0129	0.0129	0.0129	0.0129	0.0129	0.0129	0.0129	0.0129	0.0129	0.0129	0.0129	0.0129	0.0129	0.0129	0.0129	0.0129	0.0129	0.0129	0.0129	0.0129	0.0129	0.0129	0.0129	0.0129	0.0129	0.0096	0.0096	0.0096	0.0096	0.0096	0.0096	0.0096	0.0096	0.0096	0.0096	0.0096	0.0096	0.0096	0.0096	0.0096	0.0096	0.0096	0.0096	0.0096	0.0096	0.0096	0.0096	0.0096	0.0096	0.0096	0.0096	0.0096	0.0096	0.0096	0.0096	0.0096	0.0096	0.0096	0.0096	0.0096	0.0096	0.0096	0.0096	0.0096	0.0096	0.0096	0.0096	0.0096	0.0096	0.0096	0.0096	0.0096	0.0096	0.0096	0.0096	0.0096	0.0096	0.0096	0.0096	0.0096	0.0096	0.0096	0.0096	0.0096	0.0096	0.0096	0.0096	0.0096	0.0096	0.0096	0.0096	0.0096	0.0096	0.0096	0.0096	0.0096	0.0096	0.0096	0.0096	0.0096	0.0096	0.0096	0.0096	0.0096	0.0096	0.0096	0.0096	0.0096	0.0096	0.0096	0.0096	0.0096	0.0096	0.0096	0.0096	0.0096	0.0096	0.0096	0.0096	0.0096	0.0096	0.0096	0.0096	0.0096	0.0096	0.0096	0.0096	0.0096	0.0096	0.0096	0.0096	0.0096	0.0096	0.0096	0.0096	0.0096	0.0096	0.0096	0.0096	0.0096	0.0096	0.0096	0.0096	0.0096	0.0096	0.0096	0.0096	0.0096	0.0096	0.0096	0.0096	0.0096	0.0096	0.0096	0.0096	0.0096	0.0096	0.0096	0.0096	0.0096	0.0096	0.0096	0.0096	0.0096	0.0096	0.0096	0.0096	0.0065	0.0065	0.0065	0.0065	0.0065	0.0065	0.0065	0.0065	0.0065	0.0065	0.0065	0.0065	0.0065	0.0065	0.0065	0.0065	0.0065	0.0065	0.0065	0.0065	0.0065	0.0065	0.0065	0.0065	0.0065	0.0065	0.0065	0.0065	0.0065	0.0065	0.0065	0.0073	0.0065	0.0065	0.0065	0.0065	0.0065	0.0065	0.0065	0.0065	0.0065	0.0065	0.0065	0.0065	0.0065	0.0065	0.0065	0.0065	0.0065	0.0065	0.0065	0.0065	0.0065	0.0065	0.0065	0.0065	0.0065	0.0065	0.0065	0.0065	0.0065	0.0065	0.0065	0.0065	0.0065	0.0065	0.0065	0.0065	0.0065	0.0234	0.0065	0.0065	0.0065	0.0065	0.0065	0.0065	0.0065	0.0065	0.0065	0.0065	0.0065	0.0065	0.0065	0.0065	0.0065	0.0065	0.0065	0.0065	0.0065	0.0065	0.0065	0.0065	0.0065	0.0065	0.0065	0.0065	0.0065	0.0065	0.0065	0.0065	0.0065	0.0065	0.0065	0.0065	0.0065	0.0065	0.0065	0.0065	0.0065	0.0065	0.0065	0.0065	0.0065	0.0065	0.0065	0.0065	0.0065	0.0065	0.0065	0.0065	0.0065	0.0065	0.0065	0.0065	0.0065	0.0065	0.0065	0.0065	0.0065	0.0065	0.0065	0.0065	0.0065	0.0065	0.0073	0.0065	0.0065	0.0065	0.0065	0.0065	0.0065	0.0065	0.0065	0.0065	0.0065	0.0065	0.0065	0.0065	0.0065	0.0065	0.0065	0.0065	0.0065	0.0065	0.0065	0.0065	0.0065	0.0065	0.0065	0.0065	0.0065	0.0065	0.0065	0.0065	0.0065	0.0065	0.0065	0.0065	0.0065	0.0065	0.0065	0.0065	0.0065	0.0065	0.0065	0.0065	0.0065	0.0065	0.0065	0.0065	0.0065	0.0065	0.0065	0.0065	0.0065	0.0065	0.0065	0.0065	0.0065	0.0234	0.0234	0.0234	0.0234	0.0234	0.0234	0.0234	0.0234	0.0065	0.0073	0.0234	0.0234	0.0234	0.0065	0.0234	0.0234	0.0234	0.0065	0.0234	0.0234	0.0234	0.0234	0.0234	0.0234	0.0234	0.0234	0.0234	0.0234	0.0234	0.0073	0.0234	0.0234	0.0234	0.0234	0.0234	0.0234	0.0234	0.0234	0.0073	0.0234	0.0234	0.0234	0.0234	0.0234	0.0234	0.0234	0.0234	0.0065	0.0234	0.0234	0.0234	0.0234	0.0234	0.0234	0.0234	0.0234	0.0234	0.0234	0.0234	0.0234	0.0234	0.0234	0.0234	0.0234	0.0234	0.0234	0.0234	0.0234	0.0234	0.0234	0.0234	0.0234	0.0234	0.0234	0.0234	0.0234	0.0234	0.0234	0.0234	0.0234	0.0234
31	0.0017	0.0017	0.0017	0.0017	0.0017	0.0017	0.0017	0.0017	0.0017	0.0017	0.0017	0.0017	0.0017	0.0017	0.0017	0.0017	0.0017	0.0017	0.0017	0.0017	0.0017	0.0017	0.0017	0.0017	0.0017	0.0017	0.0017	0.0017	0.0017	0.0017	0.0017	0.0017	0.0017	0.0017	0.0017	0.0017	0.0017	0.0017	0.0017	0.0017	0.0017	0.0017	0.0017	0.0017	0.0017	0.0017	0.0017	0.0017	0.0017	0.0017	0.0017	0.0017	0.0017	0.0017	0.0017	0.0017	0.0017	0.0017	0.0017	0.0017	0.0017	0.0017	0.0017	0.0017	0.0017	0.0017	0.0017	0.0017	0.0017	0.0017	0.0017	0.0017	0.0017	0.0017	0.0017	0.0017	0.0017	0.0017	0.0017	0.0017	0.0017	0.0017	0.0017	0.0017	0.0017	0.0017	0.0017	0.0017	0.0017	0.0017	0.0017	0.0017	0.0017	0.0017	0.0017	0.0017	0.0017	0.0017	0.0017	0.0017	0.0017	0.0017	0.0017	0.0017	0.0017	0.0017	0.0017	0.0017	0.0017	0.0017	0.0017	0.0017	0.0017	0.0017	0.0017	0.0017	0.0017	0.0017	0.0017	0.0017	0.0017	0.0017	0.0017	0.0017	0.0017	0.0017	0.0017	0.0017	0.0017	0.0017	0.0017	0.0017	0.0017	0.0017	0.0017	0.0017	0.0017	0.0017	0.0017	0.0017	0.0017	0.0017	0.0017	0.0017	0.0017	0.0017	0.0017	0.0017	0.0017	0.0017	0.0017	0.0017	0.0017	0.0017	0.0017	0.0017	0.0017	0.0017	0.0017	0.0017	0.0017	0.0017	0.0017	0.0017	0.0017	0.0017	0.0017	0.0017	0.0017	0.0017	0.0017	0.0017	0.0017	0.0017	0.0017	0.0017	0.0017	0.0017	0.0017	0.0017	0.0017	0.0017	0.0017	0.0017	0.0017	0.0017	0.0017	0.0017	0.0085	0.0085	0.0085	0.0085	0.0085	0.0085	0.0085	0.0085	0.0085	0.0085	0.0085	0.0085	0.0085	0.0085	0.0085	0.0085	0.0085	0.0085	0.0085	0.0085	0.0085	0.0085	0.0085	0.0085	0.0085	0.0085	0.0085	0.0085	0.0085	0.0085	0.0085	0.0085	0.0085	0.0085	0.0085	0.0085	0.0085	0.0085	0.0085	0.0085	0.0085	0.0085	0.0085	0.0085	0.0085	0.0085	0.0085	0.0085	0.0085	0.0085	0.0085	0.0085	0.0085	0.0085	0.0085	0.0085	0.0085	0.0085	0.0085	0.0085	0.0085	0.0085	0.0085	0.0085	0.0085	0.0085	0.0085	0.0085	0.0085	0.0085	0.0085	0.0085	0.0085	0.0085	0.0085	0.0085	0.0085	0.0085	0.0085	0.0085	0.0085	0.0085	0.0085	0.0085	0.0085	0.0085	0.0085	0.0085	0.0085	0.0085	0.0085	0.0085	0.0085	0.0085	0.0085	0.0085	0.0085	0.0085	0.0085	0.0085	0.0085	0.0085	0.0085	0.0085	0.0085	0.0085	0.0085	0.0085	0.0085	0.0085	0.0085	0.0085	0.0085	0.0085	0.0085	0.0085	0.0085	0.0085	0.0085	0.0085	0.0085	0.0085	0.0085	0.0085	0.0085	0.0085	0.0085	0.0085	0.0085	0.0085	0.0085	0.0085	0.0085	0.0085	0.0085	0.0085	0.0085	0.0085	0.0085	0.0085	0.0085	0.0085	0.0075	0.0075	0.0075	0.0075	0.0075	0.0075	0.0075	0.0075	0.0075	0.0075	0.0075	0.0075	0.0075	0.0075	0.0075	0.0075	0.0075	0.0075	0.0075	0.0075	0.0075	0.0075	0.0075	0.0075	0.0075	0.0075	0.0075	0.0075	0.0075	0.0075	0.0075	0.0238	0.0075	0.0075	0.0075	0.0075	0.0075	0.0075	0.0075	0.0075	0.0075	0.0075	0.0075	0.0075	0.0075	0.0075	0.0075	0.0075	0.0075	0.0075	0.0075	0.0075	0.0075	0.0075	0.0075	0.0075	0.0075	0.0075	0.0075	0.0075	0.0075	0.0075	0.0075	0.0075	0.0075	0.0075	0.0075	0.0075	0.0075	0.0541	0.0075	0.0075	0.0075	0.0075	0.0075	0.0075	0.0075	0.0075	0.0075	0.0075	0.0075	0.0075	0.0075	0.0075	0.0075	0.0075	0.0075	0.0075	0.0075	0.0075	0.0075	0.0075	0.0075	0.0075	0.0075	0.0075	0.0075	0.0075	0.0075	0.0075	0.0075	0.0075	0.0075	0.0075	0.0075	0.0075	0.0075	0.0075	0.0075	0.0075	0.0075	0.0075	0.0075	0.0075	0.0075	0.0075	0.0075	0.0075	0.0075	0.0075	0.0075	0.0075	0.0075	0.0075	0.0075	0.0075	0.0075	0.0075	0.0075	0.0075	0.0075	0.0075	0.0075	0.0075	0.0238	0.0075	0.0075	0.0075	0.0075	0.0075	0.0075	0.0075	0.0075	0.0075	0.0075	0.0075	0.0075	0.0075	0.0075	0.0075	0.0075	0.0075	0.0075	0.0075	0.0075	0.0075	0.0075	0.0075	0.0075	0.0075	0.0075	0.0075	0.0075	0.0075	0.0075	0.0075	0.0075	0.0075	0.0075	0.0075	0.0075	0.0075	0.0075	0.0075	0.0075	0.0075	0.0075	0.0075	0.0075	0.0075	0.0075	0.0075	0.0075	0.0075	0.0075	0.0075	0.0075	0.0075	0.0075	0.0541	0.0541	0.0541	0.0541	0.0541	0.0541	0.0541	0.0541	0.0075	0.0238	0.0541	0.0541	0.0541	0.0075	0.0541	0.0541	0.0541	0.0075	0.0541	0.0541	0.0541	0.0541	0.0541	0.0541	0.0541	0.0541	0.0541	0.0541	0.0541	0.0238	0.0541	0.0541	0.0541	0.0541	0.0541	0.0541	0.0541	0.0541	0.0238	0.0541	0.0541	0.0541	0.0541	0.0541	0.0541	0.0541	0.0541	0.0075	0.0541	0.0541	0.0541	0.0541	0.0541	0.0541	0.0541	0.0541	0.0541	0.0541	0.0541	0.0541	0.0541	0.0541	0.0541	0.0541	0.0541	0.0541	0.0541	0.0541	0.0541	0.0541	0.0541	0.0541	0.0541	0.0541	0.0541	0.0541	0.0541	0.0541	0.0541	0.0541	0.0541
32	0.0104	0.0104	0.0104	0.0104	0.0104	0.0104	0.0104	0.0104	0.0104	0.0104	0.0104	0.0104	0.0104	0.0104	0.0104	0.0104	0.0104	0.0104	0.0104	0.0104	0.0104	0.0104	0.0104	0.0104	0.0104	0.0104	0.0104	0.0104	0.0104	0.0104	0.0104	0.0104	0.0104	0.0104	0.0104	0.0104	0.0104	0.0104	0.0104	0.0104	0.0104	0.0104	0.0104	0.0104	0.0104	0.0104	0.0104	0.0104	0.0104	0.0104	0.0104	0.0104	0.0104	0.0104	0.0104	0.0104	0.0104	0.0104	0.0104	0.0104	0.0104	0.0104	0.0104	0.0104	0.0104	0.0104	0.0104	0.0104	0.0104	0.0104	0.0104	0.0104	0.0104	0.0104	0.0104	0.0104	0.0104	0.0104	0.0104	0.0104	0.0104	0.0104	0.0104	0.0104	0.0104	0.0104	0.0104	0.0104	0.0104	0.0104	0.0104	0.0104	0.0104	0.0104	0.0104	0.0104	0.0104	0.0104	0.0104	0.0104	0.0104	0.0104	0.0104	0.0104	0.0104	0.0104	0.0104	0.0104	0.0104	0.0104	0.0104	0.0104	0.0104	0.0104	0.0104	0.0104	0.0104	0.0104	0.0104	0.0104	0.0104	0.0104	0.0104	0.0104	0.0104	0.0104	0.0104	0.0104	0.0104	0.0104	0.0104	0.0104	0.0104	0.0104	0.0104	0.0104	0.0104	0.0104	0.0104	0.0104	0.0104	0.0104	0.0104	0.0104	0.0104	0.0104	0.0104	0.0104	0.0104	0.0104	0.0104	0.0104	0.0104	0.0104	0.0104	0.0104	0.0104	0.0104	0.0104	0.0104	0.0104	0.0104	0.0104	0.0104	0.0104	0.0104	0.0104	0.0104	0.0104	0.0104	0.0104	0.0104	0.0104	0.0104	0.0104	0.0104	0.0104	0.0104	0.0104	0.0104	0.0104	0.0104	0.0104	0.0104	0.0104	0.0104	0.0104	0.0104	0.0398	0.0398	0.0398	0.0398	0.0398	0.0398	0.0398	0.0398	0.0398	0.0398	0.0398	0.0398	0.0398	0.0398	0.0398	0.0398	0.0398	0.0398	0.0398	0.0398	0.0398	0.0398	0.0398	0.0398	0.0398	0.0398	0.0398	0.0398	0.0398	0.0398	0.0398	0.0398	0.0398	0.0398	0.0398	0.0398	0.0398	0.0398	0.0398	0.0398	0.0398	0.0398	0.0398	0.0398	0.0398	0.0398	0.0398	0.0398	0.0398	0.0398	0.0398	0.0398	0.0398	0.0398	0.0398	0.0398	0.0398	0.0398	0.0398	0.0398	0.0398	0.0398	0.0398	0.0398	0.0398	0.0398	0.0398	0.0398	0.0398	0.0398	0.0398	0.0398	0.0398	0.0398	0.0398	0.0398	0.0398	0.0398	0.0398	0.0398	0.0398	0.0398	0.0398	0.0398	0.0398	0.0398	0.0398	0.0398	0.0398	0.0398	0.0398	0.0398	0.0398	0.0398	0.0398	0.0398	0.0398	0.0398	0.0398	0.0398	0.0398	0.0398	0.0398	0.0398	0.0398	0.0398	0.0398	0.0398	0.0398	0.0398	0.0398	0.0398	0.0398	0.0398	0.0398	0.0398	0.0398	0.0398	0.0398	0.0398	0.0398	0.0398	0.0398	0.0398	0.0398	0.0398	0.0398	0.0398	0.0398	0.0398	0.0398	0.0398	0.0398	0.0398	0.0398	0.0398	0.0398	0.0398	0.0398	0.0398	0.0398	0.0398	0.0075	0.0075	0.0075	0.0075	0.0075	0.0075	0.0075	0.0075	0.0075	0.0075	0.0075	0.0075	0.0075	0.0075	0.0075	0.0075	0.0075	0.0075	0.0075	0.0075	0.0075	0.0075	0.0075	0.0075	0.0075	0.0075	0.0075	0.0075	0.0075	0.0075	0.0075	0.0092	0.0075	0.0075	0.0075	0.0075	0.0075	0.0075	0.0075	0.0075	0.0075	0.0075	0.0075	0.0075	0.0075	0.0075	0.0075	0.0075	0.0075	0.0075	0.0075	0.0075	0.0075	0.0075	0.0075	0.0075	0.0075	0.0075	0.0075	0.0075	0.0075	0.0075	0.0075	0.0075	0.0075	0.0075	0.0075	0.0075	0.0075	0.0007	0.0075	0.0075	0.0075	0.0075	0.0075	0.0075	0.0075	0.0075	0.0075	0.0075	0.0075	0.0075	0.0075	0.0075	0.0075	0.0075	0.0075	0.0075	0.0075	0.0075	0.0075	0.0075	0.0075	0.0075	0.0075	0.0075	0.0075	0.0075	0.0075	0.0075	0.0075	0.0075	0.0075	0.0075	0.0075	0.0075	0.0075	0.0075	0.0075	0.0075	0.0075	0.0075	0.0075	0.0075	0.0075	0.0075	0.0075	0.0075	0.0075	0.0075	0.0075	0.0075	0.0075	0.0075	0.0075	0.0075	0.0075	0.0075	0.0075	0.0075	0.0075	0.0075	0.0075	0.0075	0.0092	0.0075	0.0075	0.0075	0.0075	0.0075	0.0075	0.0075	0.0075	0.0075	0.0075	0.0075	0.0075	0.0075	0.0075	0.0075	0.0075	0.0075	0.0075	0.0075	0.0075	0.0075	0.0075	0.0075	0.0075	0.0075	0.0075	0.0075	0.0075	0.0075	0.0075	0.0075	0.0075	0.0075	0.0075	0.0075	0.0075	0.0075	0.0075	0.0075	0.0075	0.0075	0.0075	0.0075	0.0075	0.0075	0.0075	0.0075	0.0075	0.0075	0.0075	0.0075	0.0075	0.0075	0.0075	0.0007	0.0007	0.0007	0.0007	0.0007	0.0007	0.0007	0.0007	0.0075	0.0092	0.0007	0.0007	0.0007	0.0075	0.0007	0.0007	0.0007	0.0075	0.0007	0.0007	0.0007	0.0007	0.0007	0.0007	0.0007	0.0007	0.0007	0.0007	0.0007	0.0092	0.0007	0.0007	0.0007	0.0007	0.0007	0.0007	0.0007	0.0007	0.0092	0.0007	0.0007	0.0007	0.0007	0.0007	0.0007	0.0007	0.0007	0.0075	0.0007	0.0007	0.0007	0.0007	0.0007	0.0007	0.0007	0.0007	0.0007	0.0007	0.0007	0.0007	0.0007	0.0007	0.0007	0.0007	0.0007	0.0007	0.0007	0.0007	0.0007	0.0007	0.0007	0.0007	0.0007	0.0007	0.0007	0.0007	0.0007	0.0007	0.0007	0.0007	0.0007
33	0.0108	0.0108	0.0108	0.0108	0.0108	0.0108	0.0108	0.0108	0.0108	0.0108	0.0108	0.0108	0.0108	0.0108	0.0108	0.0108	0.0108	0.0108	0.0108	0.0108	0.0108	0.0108	0.0108	0.0108	0.0108	0.0108	0.0108	0.0108	0.0108	0.0108	0.0108	0.0108	0.0108	0.0108	0.0108	0.0108	0.0108	0.0108	0.0108	0.0108	0.0108	0.0108	0.0108	0.0108	0.0108	0.0108	0.0108	0.0108	0.0108	0.0108	0.0108	0.0108	0.0108	0.0108	0.0108	0.0108	0.0108	0.0108	0.0108	0.0108	0.0108	0.0108	0.0108	0.0108	0.0108	0.0108	0.0108	0.0108	0.0108	0.0108	0.0108	0.0108	0.0108	0.0108	0.0108	0.0108	0.0108	0.0108	0.0108	0.0108	0.0108	0.0108	0.0108	0.0108	0.0108	0.0108	0.0108	0.0108	0.0108	0.0108	0.0108	0.0108	0.0108	0.0108	0.0108	0.0108	0.0108	0.0108	0.0108	0.0108	0.0108	0.0108	0.0108	0.0108	0.0108	0.0108	0.0108	0.0108	0.0108	0.0108	0.0108	0.0108	0.0108	0.0108	0.0108	0.0108	0.0108	0.0108	0.0108	0.0108	0.0108	0.0108	0.0108	0.0108	0.0108	0.0108	0.0108	0.0108	0.0108	0.0108	0.0108	0.0108	0.0108	0.0108	0.0108	0.0108	0.0108	0.0108	0.0108	0.0108	0.0108	0.0108	0.0108	0.0108	0.0108	0.0108	0.0108	0.0108	0.0108	0.0108	0.0108	0.0108	0.0108	0.0108	0.0108	0.0108	0.0108	0.0108	0.0108	0.0108	0.0108	0.0108	0.0108	0.0108	0.0108	0.0108	0.0108	0.0108	0.0108	0.0108	0.0108	0.0108	0.0108	0.0108	0.0108	0.0108	0.0108	0.0108	0.0108	0.0108	0.0108	0.0108	0.0108	0.0108	0.0108	0.0108	0.0108	0.0108	0.032	0.032	0.032	0.032	0.032	0.032	0.032	0.032	0.032	0.032	0.032	0.032	0.032	0.032	0.032	0.032	0.032	0.032	0.032	0.032	0.032	0.032	0.032	0.032	0.032	0.032	0.032	0.032	0.032	0.032	0.032	0.032	0.032	0.032	0.032	0.032	0.032	0.032	0.032	0.032	0.032	0.032	0.032	0.032	0.032	0.032	0.032	0.032	0.032	0.032	0.032	0.032	0.032	0.032	0.032	0.032	0.032	0.032	0.032	0.032	0.032	0.032	0.032	0.032	0.032	0.032	0.032	0.032	0.032	0.032	0.032	0.032	0.032	0.032	0.032	0.032	0.032	0.032	0.032	0.032	0.032	0.032	0.032	0.032	0.032	0.032	0.032	0.032	0.032	0.032	0.032	0.032	0.032	0.032	0.032	0.032	0.032	0.032	0.032	0.032	0.032	0.032	0.032	0.032	0.032	0.032	0.032	0.032	0.032	0.032	0.032	0.032	0.032	0.032	0.032	0.032	0.032	0.032	0.032	0.032	0.032	0.032	0.032	0.032	0.032	0.032	0.032	0.032	0.032	0.032	0.032	0.032	0.032	0.032	0.032	0.032	0.032	0.032	0.032	0.032	0.032	0.032	0.0	0.0	0.0	0.0	0.0	0.0	0.0	0.0	0.0	0.0	0.0	0.0	0.0	0.0	0.0	0.0	0.0	0.0	0.0	0.0	0.0	0.0	0.0	0.0	0.0	0.0	0.0	0.0	0.0	0.0	0.0	0.006	0.0	0.0	0.0	0.0	0.0	0.0	0.0	0.0	0.0	0.0	0.0	0.0	0.0	0.0	0.0	0.0	0.0	0.0	0.0	0.0	0.0	0.0	0.0	0.0	0.0	0.0	0.0	0.0	0.0	0.0	0.0	0.0	0.0	0.0	0.0	0.0	0.0	0.0143	0.0	0.0	0.0	0.0	0.0	0.0	0.0	0.0	0.0	0.0	0.0	0.0	0.0	0.0	0.0	0.0	0.0	0.0	0.0	0.0	0.0	0.0	0.0	0.0	0.0	0.0	0.0	0.0	0.0	0.0	0.0	0.0	0.0	0.0	0.0	0.0	0.0	0.0	0.0	0.0	0.0	0.0	0.0	0.0	0.0	0.0	0.0	0.0	0.0	0.0	0.0	0.0	0.0	0.0	0.0	0.0	0.0	0.0	0.0	0.0	0.0	0.0	0.0	0.0	0.006	0.0	0.0	0.0	0.0	0.0	0.0	0.0	0.0	0.0	0.0	0.0	0.0	0.0	0.0	0.0	0.0	0.0	0.0	0.0	0.0	0.0	0.0	0.0	0.0	0.0	0.0	0.0	0.0	0.0	0.0	0.0	0.0	0.0	0.0	0.0	0.0	0.0	0.0	0.0	0.0	0.0	0.0	0.0	0.0	0.0	0.0	0.0	0.0	0.0	0.0	0.0	0.0	0.0	0.0	0.0143	0.0143	0.0143	0.0143	0.0143	0.0143	0.0143	0.0143	0.0	0.006	0.0143	0.0143	0.0143	0.0	0.0143	0.0143	0.0143	0.0	0.0143	0.0143	0.0143	0.0143	0.0143	0.0143	0.0143	0.0143	0.0143	0.0143	0.0143	0.006	0.0143	0.0143	0.0143	0.0143	0.0143	0.0143	0.0143	0.0143	0.006	0.0143	0.0143	0.0143	0.0143	0.0143	0.0143	0.0143	0.0143	0.0	0.0143	0.0143	0.0143	0.0143	0.0143	0.0143	0.0143	0.0143	0.0143	0.0143	0.0143	0.0143	0.0143	0.0143	0.0143	0.0143	0.0143	0.0143	0.0143	0.0143	0.0143	0.0143	0.0143	0.0143	0.0143	0.0143	0.0143	0.0143	0.0143	0.0143	0.0143	0.0143	0.0143
34	0.0073	0.0073	0.0073	0.0073	0.0073	0.0073	0.0073	0.0073	0.0073	0.0073	0.0073	0.0073	0.0073	0.0073	0.0073	0.0073	0.0073	0.0073	0.0073	0.0073	0.0073	0.0073	0.0073	0.0073	0.0073	0.0073	0.0073	0.0073	0.0073	0.0073	0.0073	0.0073	0.0073	0.0073	0.0073	0.0073	0.0073	0.0073	0.0073	0.0073	0.0073	0.0073	0.0073	0.0073	0.0073	0.0073	0.0073	0.0073	0.0073	0.0073	0.0073	0.0073	0.0073	0.0073	0.0073	0.0073	0.0073	0.0073	0.0073	0.0073	0.0073	0.0073	0.0073	0.0073	0.0073	0.0073	0.0073	0.0073	0.0073	0.0073	0.0073	0.0073	0.0073	0.0073	0.0073	0.0073	0.0073	0.0073	0.0073	0.0073	0.0073	0.0073	0.0073	0.0073	0.0073	0.0073	0.0073	0.0073	0.0073	0.0073	0.0073	0.0073	0.0073	0.0073	0.0073	0.0073	0.0073	0.0073	0.0073	0.0073	0.0073	0.0073	0.0073	0.0073	0.0073	0.0073	0.0073	0.0073	0.0073	0.0073	0.0073	0.0073	0.0073	0.0073	0.0073	0.0073	0.0073	0.0073	0.0073	0.0073	0.0073	0.0073	0.0073	0.0073	0.0073	0.0073	0.0073	0.0073	0.0073	0.0073	0.0073	0.0073	0.0073	0.0073	0.0073	0.0073	0.0073	0.0073	0.0073	0.0073	0.0073	0.0073	0.0073	0.0073	0.0073	0.0073	0.0073	0.0073	0.0073	0.0073	0.0073	0.0073	0.0073	0.0073	0.0073	0.0073	0.0073	0.0073	0.0073	0.0073	0.0073	0.0073	0.0073	0.0073	0.0073	0.0073	0.0073	0.0073	0.0073	0.0073	0.0073	0.0073	0.0073	0.0073	0.0073	0.0073	0.0073	0.0073	0.0073	0.0073	0.0073	0.0073	0.0073	0.0073	0.0073	0.0073	0.0073	0.0073	0.0085	0.0085	0.0085	0.0085	0.0085	0.0085	0.0085	0.0085	0.0085	0.0085	0.0085	0.0085	0.0085	0.0085	0.0085	0.0085	0.0085	0.0085	0.0085	0.0085	0.0085	0.0085	0.0085	0.0085	0.0085	0.0085	0.0085	0.0085	0.0085	0.0085	0.0085	0.0085	0.0085	0.0085	0.0085	0.0085	0.0085	0.0085	0.0085	0.0085	0.0085	0.0085	0.0085	0.0085	0.0085	0.0085	0.0085	0.0085	0.0085	0.0085	0.0085	0.0085	0.0085	0.0085	0.0085	0.0085	0.0085	0.0085	0.0085	0.0085	0.0085	0.0085	0.0085	0.0085	0.0085	0.0085	0.0085	0.0085	0.0085	0.0085	0.0085	0.0085	0.0085	0.0085	0.0085	0.0085	0.0085	0.0085	0.0085	0.0085	0.0085	0.0085	0.0085	0.0085	0.0085	0.0085	0.0085	0.0085	0.0085	0.0085	0.0085	0.0085	0.0085	0.0085	0.0085	0.0085	0.0085	0.0085	0.0085	0.0085	0.0085	0.0085	0.0085	0.0085	0.0085	0.0085	0.0085	0.0085	0.0085	0.0085	0.0085	0.0085	0.0085	0.0085	0.0085	0.0085	0.0085	0.0085	0.0085	0.0085	0.0085	0.0085	0.0085	0.0085	0.0085	0.0085	0.0085	0.0085	0.0085	0.0085	0.0085	0.0085	0.0085	0.0085	0.0085	0.0085	0.0085	0.0085	0.0085	0.0085	0.0085	0.0085	0.0029	0.0029	0.0029	0.0029	0.0029	0.0029	0.0029	0.0029	0.0029	0.0029	0.0029	0.0029	0.0029	0.0029	0.0029	0.0029	0.0029	0.0029	0.0029	0.0029	0.0029	0.0029	0.0029	0.0029	0.0029	0.0029	0.0029	0.0029	0.0029	0.0029	0.0029	0.0068	0.0029	0.0029	0.0029	0.0029	0.0029	0.0029	0.0029	0.0029	0.0029	0.0029	0.0029	0.0029	0.0029	0.0029	0.0029	0.0029	0.0029	0.0029	0.0029	0.0029	0.0029	0.0029	0.0029	0.0029	0.0029	0.0029	0.0029	0.0029	0.0029	0.0029	0.0029	0.0029	0.0029	0.0029	0.0029	0.0029	0.0029	0.0002	0.0029	0.0029	0.0029	0.0029	0.0029	0.0029	0.0029	0.0029	0.0029	0.0029	0.0029	0.0029	0.0029	0.0029	0.0029	0.0029	0.0029	0.0029	0.0029	0.0029	0.0029	0.0029	0.0029	0.0029	0.0029	0.0029	0.0029	0.0029	0.0029	0.0029	0.0029	0.0029	0.0029	0.0029	0.0029	0.0029	0.0029	0.0029	0.0029	0.0029	0.0029	0.0029	0.0029	0.0029	0.0029	0.0029	0.0029	0.0029	0.0029	0.0029	0.0029	0.0029	0.0029	0.0029	0.0029	0.0029	0.0029	0.0029	0.0029	0.0029	0.0029	0.0029	0.0029	0.0029	0.0068	0.0029	0.0029	0.0029	0.0029	0.0029	0.0029	0.0029	0.0029	0.0029	0.0029	0.0029	0.0029	0.0029	0.0029	0.0029	0.0029	0.0029	0.0029	0.0029	0.0029	0.0029	0.0029	0.0029	0.0029	0.0029	0.0029	0.0029	0.0029	0.0029	0.0029	0.0029	0.0029	0.0029	0.0029	0.0029	0.0029	0.0029	0.0029	0.0029	0.0029	0.0029	0.0029	0.0029	0.0029	0.0029	0.0029	0.0029	0.0029	0.0029	0.0029	0.0029	0.0029	0.0029	0.0029	0.0002	0.0002	0.0002	0.0002	0.0002	0.0002	0.0002	0.0002	0.0029	0.0068	0.0002	0.0002	0.0002	0.0029	0.0002	0.0002	0.0002	0.0029	0.0002	0.0002	0.0002	0.0002	0.0002	0.0002	0.0002	0.0002	0.0002	0.0002	0.0002	0.0068	0.0002	0.0002	0.0002	0.0002	0.0002	0.0002	0.0002	0.0002	0.0068	0.0002	0.0002	0.0002	0.0002	0.0002	0.0002	0.0002	0.0002	0.0029	0.0002	0.0002	0.0002	0.0002	0.0002	0.0002	0.0002	0.0002	0.0002	0.0002	0.0002	0.0002	0.0002	0.0002	0.0002	0.0002	0.0002	0.0002	0.0002	0.0002	0.0002	0.0002	0.0002	0.0002	0.0002	0.0002	0.0002	0.0002	0.0002	0.0002	0.0002	0.0002	0.0002
35	0.0166	0.0166	0.0166	0.0166	0.0166	0.0166	0.0166	0.0166	0.0166	0.0166	0.0166	0.0166	0.0166	0.0166	0.0166	0.0166	0.0166	0.0166	0.0166	0.0166	0.0166	0.0166	0.0166	0.0166	0.0166	0.0166	0.0166	0.0166	0.0166	0.0166	0.0166	0.0166	0.0166	0.0166	0.0166	0.0166	0.0166	0.0166	0.0166	0.0166	0.0166	0.0166	0.0166	0.0166	0.0166	0.0166	0.0166	0.0166	0.0166	0.0166	0.0166	0.0166	0.0166	0.0166	0.0166	0.0166	0.0166	0.0166	0.0166	0.0166	0.0166	0.0166	0.0166	0.0166	0.0166	0.0166	0.0166	0.0166	0.0166	0.0166	0.0166	0.0166	0.0166	0.0166	0.0166	0.0166	0.0166	0.0166	0.0166	0.0166	0.0166	0.0166	0.0166	0.0166	0.0166	0.0166	0.0166	0.0166	0.0166	0.0166	0.0166	0.0166	0.0166	0.0166	0.0166	0.0166	0.0166	0.0166	0.0166	0.0166	0.0166	0.0166	0.0166	0.0166	0.0166	0.0166	0.0166	0.0166	0.0166	0.0166	0.0166	0.0166	0.0166	0.0166	0.0166	0.0166	0.0166	0.0166	0.0166	0.0166	0.0166	0.0166	0.0166	0.0166	0.0166	0.0166	0.0166	0.0166	0.0166	0.0166	0.0166	0.0166	0.0166	0.0166	0.0166	0.0166	0.0166	0.0166	0.0166	0.0166	0.0166	0.0166	0.0166	0.0166	0.0166	0.0166	0.0166	0.0166	0.0166	0.0166	0.0166	0.0166	0.0166	0.0166	0.0166	0.0166	0.0166	0.0166	0.0166	0.0166	0.0166	0.0166	0.0166	0.0166	0.0166	0.0166	0.0166	0.0166	0.0166	0.0166	0.0166	0.0166	0.0166	0.0166	0.0166	0.0166	0.0166	0.0166	0.0166	0.0166	0.0166	0.0166	0.0166	0.0166	0.0166	0.0166	0.0166	0.0166	0.0034	0.0034	0.0034	0.0034	0.0034	0.0034	0.0034	0.0034	0.0034	0.0034	0.0034	0.0034	0.0034	0.0034	0.0034	0.0034	0.0034	0.0034	0.0034	0.0034	0.0034	0.0034	0.0034	0.0034	0.0034	0.0034	0.0034	0.0034	0.0034	0.0034	0.0034	0.0034	0.0034	0.0034	0.0034	0.0034	0.0034	0.0034	0.0034	0.0034	0.0034	0.0034	0.0034	0.0034	0.0034	0.0034	0.0034	0.0034	0.0034	0.0034	0.0034	0.0034	0.0034	0.0034	0.0034	0.0034	0.0034	0.0034	0.0034	0.0034	0.0034	0.0034	0.0034	0.0034	0.0034	0.0034	0.0034	0.0034	0.0034	0.0034	0.0034	0.0034	0.0034	0.0034	0.0034	0.0034	0.0034	0.0034	0.0034	0.0034	0.0034	0.0034	0.0034	0.0034	0.0034	0.0034	0.0034	0.0034	0.0034	0.0034	0.0034	0.0034	0.0034	0.0034	0.0034	0.0034	0.0034	0.0034	0.0034	0.0034	0.0034	0.0034	0.0034	0.0034	0.0034	0.0034	0.0034	0.0034	0.0034	0.0034	0.0034	0.0034	0.0034	0.0034	0.0034	0.0034	0.0034	0.0034	0.0034	0.0034	0.0034	0.0034	0.0034	0.0034	0.0034	0.0034	0.0034	0.0034	0.0034	0.0034	0.0034	0.0034	0.0034	0.0034	0.0034	0.0034	0.0034	0.0034	0.0034	0.0034	0.0034	0.0034	0.0006	0.0006	0.0006	0.0006	0.0006	0.0006	0.0006	0.0006	0.0006	0.0006	0.0006	0.0006	0.0006	0.0006	0.0006	0.0006	0.0006	0.0006	0.0006	0.0006	0.0006	0.0006	0.0006	0.0006	0.0006	0.0006	0.0006	0.0006	0.0006	0.0006	0.0006	0.0031	0.0006	0.0006	0.0006	0.0006	0.0006	0.0006	0.0006	0.0006	0.0006	0.0006	0.0006	0.0006	0.0006	0.0006	0.0006	0.0006	0.0006	0.0006	0.0006	0.0006	0.0006	0.0006	0.0006	0.0006	0.0006	0.0006	0.0006	0.0006	0.0006	0.0006	0.0006	0.0006	0.0006	0.0006	0.0006	0.0006	0.0006	0.0	0.0006	0.0006	0.0006	0.0006	0.0006	0.0006	0.0006	0.0006	0.0006	0.0006	0.0006	0.0006	0.0006	0.0006	0.0006	0.0006	0.0006	0.0006	0.0006	0.0006	0.0006	0.0006	0.0006	0.0006	0.0006	0.0006	0.0006	0.0006	0.0006	0.0006	0.0006	0.0006	0.0006	0.0006	0.0006	0.0006	0.0006	0.0006	0.0006	0.0006	0.0006	0.0006	0.0006	0.0006	0.0006	0.0006	0.0006	0.0006	0.0006	0.0006	0.0006	0.0006	0.0006	0.0006	0.0006	0.0006	0.0006	0.0006	0.0006	0.0006	0.0006	0.0006	0.0006	0.0006	0.0031	0.0006	0.0006	0.0006	0.0006	0.0006	0.0006	0.0006	0.0006	0.0006	0.0006	0.0006	0.0006	0.0006	0.0006	0.0006	0.0006	0.0006	0.0006	0.0006	0.0006	0.0006	0.0006	0.0006	0.0006	0.0006	0.0006	0.0006	0.0006	0.0006	0.0006	0.0006	0.0006	0.0006	0.0006	0.0006	0.0006	0.0006	0.0006	0.0006	0.0006	0.0006	0.0006	0.0006	0.0006	0.0006	0.0006	0.0006	0.0006	0.0006	0.0006	0.0006	0.0006	0.0006	0.0006	0.0	0.0	0.0	0.0	0.0	0.0	0.0	0.0	0.0006	0.0031	0.0	0.0	0.0	0.0006	0.0	0.0	0.0	0.0006	0.0	0.0	0.0	0.0	0.0	0.0	0.0	0.0	0.0	0.0	0.0	0.0031	0.0	0.0	0.0	0.0	0.0	0.0	0.0	0.0	0.0031	0.0	0.0	0.0	0.0	0.0	0.0	0.0	0.0	0.0006	0.0	0.0	0.0	0.0	0.0	0.0	0.0	0.0	0.0	0.0	0.0	0.0	0.0	0.0	0.0	0.0	0.0	0.0	0.0	0.0	0.0	0.0	0.0	0.0	0.0	0.0	0.0	0.0	0.0	0.0	0.0	0.0	0.0
36	0.0066	0.0066	0.0066	0.0066	0.0066	0.0066	0.0066	0.0066	0.0066	0.0066	0.0066	0.0066	0.0066	0.0066	0.0066	0.0066	0.0066	0.0066	0.0066	0.0066	0.0066	0.0066	0.0066	0.0066	0.0066	0.0066	0.0066	0.0066	0.0066	0.0066	0.0066	0.0066	0.0066	0.0066	0.0066	0.0066	0.0066	0.0066	0.0066	0.0066	0.0066	0.0066	0.0066	0.0066	0.0066	0.0066	0.0066	0.0066	0.0066	0.0066	0.0066	0.0066	0.0066	0.0066	0.0066	0.0066	0.0066	0.0066	0.0066	0.0066	0.0066	0.0066	0.0066	0.0066	0.0066	0.0066	0.0066	0.0066	0.0066	0.0066	0.0066	0.0066	0.0066	0.0066	0.0066	0.0066	0.0066	0.0066	0.0066	0.0066	0.0066	0.0066	0.0066	0.0066	0.0066	0.0066	0.0066	0.0066	0.0066	0.0066	0.0066	0.0066	0.0066	0.0066	0.0066	0.0066	0.0066	0.0066	0.0066	0.0066	0.0066	0.0066	0.0066	0.0066	0.0066	0.0066	0.0066	0.0066	0.0066	0.0066	0.0066	0.0066	0.0066	0.0066	0.0066	0.0066	0.0066	0.0066	0.0066	0.0066	0.0066	0.0066	0.0066	0.0066	0.0066	0.0066	0.0066	0.0066	0.0066	0.0066	0.0066	0.0066	0.0066	0.0066	0.0066	0.0066	0.0066	0.0066	0.0066	0.0066	0.0066	0.0066	0.0066	0.0066	0.0066	0.0066	0.0066	0.0066	0.0066	0.0066	0.0066	0.0066	0.0066	0.0066	0.0066	0.0066	0.0066	0.0066	0.0066	0.0066	0.0066	0.0066	0.0066	0.0066	0.0066	0.0066	0.0066	0.0066	0.0066	0.0066	0.0066	0.0066	0.0066	0.0066	0.0066	0.0066	0.0066	0.0066	0.0066	0.0066	0.0066	0.0066	0.0066	0.0066	0.0066	0.0066	0.0066	0.0066	0.0033	0.0033	0.0033	0.0033	0.0033	0.0033	0.0033	0.0033	0.0033	0.0033	0.0033	0.0033	0.0033	0.0033	0.0033	0.0033	0.0033	0.0033	0.0033	0.0033	0.0033	0.0033	0.0033	0.0033	0.0033	0.0033	0.0033	0.0033	0.0033	0.0033	0.0033	0.0033	0.0033	0.0033	0.0033	0.0033	0.0033	0.0033	0.0033	0.0033	0.0033	0.0033	0.0033	0.0033	0.0033	0.0033	0.0033	0.0033	0.0033	0.0033	0.0033	0.0033	0.0033	0.0033	0.0033	0.0033	0.0033	0.0033	0.0033	0.0033	0.0033	0.0033	0.0033	0.0033	0.0033	0.0033	0.0033	0.0033	0.0033	0.0033	0.0033	0.0033	0.0033	0.0033	0.0033	0.0033	0.0033	0.0033	0.0033	0.0033	0.0033	0.0033	0.0033	0.0033	0.0033	0.0033	0.0033	0.0033	0.0033	0.0033	0.0033	0.0033	0.0033	0.0033	0.0033	0.0033	0.0033	0.0033	0.0033	0.0033	0.0033	0.0033	0.0033	0.0033	0.0033	0.0033	0.0033	0.0033	0.0033	0.0033	0.0033	0.0033	0.0033	0.0033	0.0033	0.0033	0.0033	0.0033	0.0033	0.0033	0.0033	0.0033	0.0033	0.0033	0.0033	0.0033	0.0033	0.0033	0.0033	0.0033	0.0033	0.0033	0.0033	0.0033	0.0033	0.0033	0.0033	0.0033	0.0033	0.0033	0.0033	0.0033	0.0028	0.0028	0.0028	0.0028	0.0028	0.0028	0.0028	0.0028	0.0028	0.0028	0.0028	0.0028	0.0028	0.0028	0.0028	0.0028	0.0028	0.0028	0.0028	0.0028	0.0028	0.0028	0.0028	0.0028	0.0028	0.0028	0.0028	0.0028	0.0028	0.0028	0.0028	0.0137	0.0028	0.0028	0.0028	0.0028	0.0028	0.0028	0.0028	0.0028	0.0028	0.0028	0.0028	0.0028	0.0028	0.0028	0.0028	0.0028	0.0028	0.0028	0.0028	0.0028	0.0028	0.0028	0.0028	0.0028	0.0028	0.0028	0.0028	0.0028	0.0028	0.0028	0.0028	0.0028	0.0028	0.0028	0.0028	0.0028	0.0028	0.0093	0.0028	0.0028	0.0028	0.0028	0.0028	0.0028	0.0028	0.0028	0.0028	0.0028	0.0028	0.0028	0.0028	0.0028	0.0028	0.0028	0.0028	0.0028	0.0028	0.0028	0.0028	0.0028	0.0028	0.0028	0.0028	0.0028	0.0028	0.0028	0.0028	0.0028	0.0028	0.0028	0.0028	0.0028	0.0028	0.0028	0.0028	0.0028	0.0028	0.0028	0.0028	0.0028	0.0028	0.0028	0.0028	0.0028	0.0028	0.0028	0.0028	0.0028	0.0028	0.0028	0.0028	0.0028	0.0028	0.0028	0.0028	0.0028	0.0028	0.0028	0.0028	0.0028	0.0028	0.0028	0.0137	0.0028	0.0028	0.0028	0.0028	0.0028	0.0028	0.0028	0.0028	0.0028	0.0028	0.0028	0.0028	0.0028	0.0028	0.0028	0.0028	0.0028	0.0028	0.0028	0.0028	0.0028	0.0028	0.0028	0.0028	0.0028	0.0028	0.0028	0.0028	0.0028	0.0028	0.0028	0.0028	0.0028	0.0028	0.0028	0.0028	0.0028	0.0028	0.0028	0.0028	0.0028	0.0028	0.0028	0.0028	0.0028	0.0028	0.0028	0.0028	0.0028	0.0028	0.0028	0.0028	0.0028	0.0028	0.0093	0.0093	0.0093	0.0093	0.0093	0.0093	0.0093	0.0093	0.0028	0.0137	0.0093	0.0093	0.0093	0.0028	0.0093	0.0093	0.0093	0.0028	0.0093	0.0093	0.0093	0.0093	0.0093	0.0093	0.0093	0.0093	0.0093	0.0093	0.0093	0.0137	0.0093	0.0093	0.0093	0.0093	0.0093	0.0093	0.0093	0.0093	0.0137	0.0093	0.0093	0.0093	0.0093	0.0093	0.0093	0.0093	0.0093	0.0028	0.0093	0.0093	0.0093	0.0093	0.0093	0.0093	0.0093	0.0093	0.0093	0.0093	0.0093	0.0093	0.0093	0.0093	0.0093	0.0093	0.0093	0.0093	0.0093	0.0093	0.0093	0.0093	0.0093	0.0093	0.0093	0.0093	0.0093	0.0093	0.0093	0.0093	0.0093	0.0093	0.0093
37	0.009	0.009	0.009	0.009	0.009	0.009	0.009	0.009	0.009	0.009	0.009	0.009	0.009	0.009	0.009	0.009	0.009	0.009	0.009	0.009	0.009	0.009	0.009	0.009	0.009	0.009	0.009	0.009	0.009	0.009	0.009	0.009	0.009	0.009	0.009	0.009	0.009	0.009	0.009	0.009	0.009	0.009	0.009	0.009	0.009	0.009	0.009	0.009	0.009	0.009	0.009	0.009	0.009	0.009	0.009	0.009	0.009	0.009	0.009	0.009	0.009	0.009	0.009	0.009	0.009	0.009	0.009	0.009	0.009	0.009	0.009	0.009	0.009	0.009	0.009	0.009	0.009	0.009	0.009	0.009	0.009	0.009	0.009	0.009	0.009	0.009	0.009	0.009	0.009	0.009	0.009	0.009	0.009	0.009	0.009	0.009	0.009	0.009	0.009	0.009	0.009	0.009	0.009	0.009	0.009	0.009	0.009	0.009	0.009	0.009	0.009	0.009	0.009	0.009	0.009	0.009	0.009	0.009	0.009	0.009	0.009	0.009	0.009	0.009	0.009	0.009	0.009	0.009	0.009	0.009	0.009	0.009	0.009	0.009	0.009	0.009	0.009	0.009	0.009	0.009	0.009	0.009	0.009	0.009	0.009	0.009	0.009	0.009	0.009	0.009	0.009	0.009	0.009	0.009	0.009	0.009	0.009	0.009	0.009	0.009	0.009	0.009	0.009	0.009	0.009	0.009	0.009	0.009	0.009	0.009	0.009	0.009	0.009	0.009	0.009	0.009	0.009	0.009	0.009	0.009	0.009	0.009	0.009	0.009	0.009	0.009	0.009	0.009	0.0066	0.0066	0.0066	0.0066	0.0066	0.0066	0.0066	0.0066	0.0066	0.0066	0.0066	0.0066	0.0066	0.0066	0.0066	0.0066	0.0066	0.0066	0.0066	0.0066	0.0066	0.0066	0.0066	0.0066	0.0066	0.0066	0.0066	0.0066	0.0066	0.0066	0.0066	0.0066	0.0066	0.0066	0.0066	0.0066	0.0066	0.0066	0.0066	0.0066	0.0066	0.0066	0.0066	0.0066	0.0066	0.0066	0.0066	0.0066	0.0066	0.0066	0.0066	0.0066	0.0066	0.0066	0.0066	0.0066	0.0066	0.0066	0.0066	0.0066	0.0066	0.0066	0.0066	0.0066	0.0066	0.0066	0.0066	0.0066	0.0066	0.0066	0.0066	0.0066	0.0066	0.0066	0.0066	0.0066	0.0066	0.0066	0.0066	0.0066	0.0066	0.0066	0.0066	0.0066	0.0066	0.0066	0.0066	0.0066	0.0066	0.0066	0.0066	0.0066	0.0066	0.0066	0.0066	0.0066	0.0066	0.0066	0.0066	0.0066	0.0066	0.0066	0.0066	0.0066	0.0066	0.0066	0.0066	0.0066	0.0066	0.0066	0.0066	0.0066	0.0066	0.0066	0.0066	0.0066	0.0066	0.0066	0.0066	0.0066	0.0066	0.0066	0.0066	0.0066	0.0066	0.0066	0.0066	0.0066	0.0066	0.0066	0.0066	0.0066	0.0066	0.0066	0.0066	0.0066	0.0066	0.0066	0.0066	0.0066	0.0066	0.0066	0.0298	0.0298	0.0298	0.0298	0.0298	0.0298	0.0298	0.0298	0.0298	0.0298	0.0298	0.0298	0.0298	0.0298	0.0298	0.0298	0.0298	0.0298	0.0298	0.0298	0.0298	0.0298	0.0298	0.0298	0.0298	0.0298	0.0298	0.0298	0.0298	0.0298	0.0298	0.0283	0.0298	0.0298	0.0298	0.0298	0.0298	0.0298	0.0298	0.0298	0.0298	0.0298	0.0298	0.0298	0.0298	0.0298	0.0298	0.0298	0.0298	0.0298	0.0298	0.0298	0.0298	0.0298	0.0298	0.0298	0.0298	0.0298	0.0298	0.0298	0.0298	0.0298	0.0298	0.0298	0.0298	0.0298	0.0298	0.0298	0.0298	0.0555	0.0298	0.0298	0.0298	0.0298	0.0298	0.0298	0.0298	0.0298	0.0298	0.0298	0.0298	0.0298	0.0298	0.0298	0.0298	0.0298	0.0298	0.0298	0.0298	0.0298	0.0298	0.0298	0.0298	0.0298	0.0298	0.0298	0.0298	0.0298	0.0298	0.0298	0.0298	0.0298	0.0298	0.0298	0.0298	0.0298	0.0298	0.0298	0.0298	0.0298	0.0298	0.0298	0.0298	0.0298	0.0298	0.0298	0.0298	0.0298	0.0298	0.0298	0.0298	0.0298	0.0298	0.0298	0.0298	0.0298	0.0298	0.0298	0.0298	0.0298	0.0298	0.0298	0.0298	0.0298	0.0283	0.0298	0.0298	0.0298	0.0298	0.0298	0.0298	0.0298	0.0298	0.0298	0.0298	0.0298	0.0298	0.0298	0.0298	0.0298	0.0298	0.0298	0.0298	0.0298	0.0298	0.0298	0.0298	0.0298	0.0298	0.0298	0.0298	0.0298	0.0298	0.0298	0.0298	0.0298	0.0298	0.0298	0.0298	0.0298	0.0298	0.0298	0.0298	0.0298	0.0298	0.0298	0.0298	0.0298	0.0298	0.0298	0.0298	0.0298	0.0298	0.0298	0.0298	0.0298	0.0298	0.0298	0.0298	0.0555	0.0555	0.0555	0.0555	0.0555	0.0555	0.0555	0.0555	0.0298	0.0283	0.0555	0.0555	0.0555	0.0298	0.0555	0.0555	0.0555	0.0298	0.0555	0.0555	0.0555	0.0555	0.0555	0.0555	0.0555	0.0555	0.0555	0.0555	0.0555	0.0283	0.0555	0.0555	0.0555	0.0555	0.0555	0.0555	0.0555	0.0555	0.0283	0.0555	0.0555	0.0555	0.0555	0.0555	0.0555	0.0555	0.0555	0.0298	0.0555	0.0555	0.0555	0.0555	0.0555	0.0555	0.0555	0.0555	0.0555	0.0555	0.0555	0.0555	0.0555	0.0555	0.0555	0.0555	0.0555	0.0555	0.0555	0.0555	0.0555	0.0555	0.0555	0.0555	0.0555	0.0555	0.0555	0.0555	0.0555	0.0555	0.0555	0.0555	0.0555
38	0.0031	0.0031	0.0031	0.0031	0.0031	0.0031	0.0031	0.0031	0.0031	0.0031	0.0031	0.0031	0.0031	0.0031	0.0031	0.0031	0.0031	0.0031	0.0031	0.0031	0.0031	0.0031	0.0031	0.0031	0.0031	0.0031	0.0031	0.0031	0.0031	0.0031	0.0031	0.0031	0.0031	0.0031	0.0031	0.0031	0.0031	0.0031	0.0031	0.0031	0.0031	0.0031	0.0031	0.0031	0.0031	0.0031	0.0031	0.0031	0.0031	0.0031	0.0031	0.0031	0.0031	0.0031	0.0031	0.0031	0.0031	0.0031	0.0031	0.0031	0.0031	0.0031	0.0031	0.0031	0.0031	0.0031	0.0031	0.0031	0.0031	0.0031	0.0031	0.0031	0.0031	0.0031	0.0031	0.0031	0.0031	0.0031	0.0031	0.0031	0.0031	0.0031	0.0031	0.0031	0.0031	0.0031	0.0031	0.0031	0.0031	0.0031	0.0031	0.0031	0.0031	0.0031	0.0031	0.0031	0.0031	0.0031	0.0031	0.0031	0.0031	0.0031	0.0031	0.0031	0.0031	0.0031	0.0031	0.0031	0.0031	0.0031	0.0031	0.0031	0.0031	0.0031	0.0031	0.0031	0.0031	0.0031	0.0031	0.0031	0.0031	0.0031	0.0031	0.0031	0.0031	0.0031	0.0031	0.0031	0.0031	0.0031	0.0031	0.0031	0.0031	0.0031	0.0031	0.0031	0.0031	0.0031	0.0031	0.0031	0.0031	0.0031	0.0031	0.0031	0.0031	0.0031	0.0031	0.0031	0.0031	0.0031	0.0031	0.0031	0.0031	0.0031	0.0031	0.0031	0.0031	0.0031	0.0031	0.0031	0.0031	0.0031	0.0031	0.0031	0.0031	0.0031	0.0031	0.0031	0.0031	0.0031	0.0031	0.0031	0.0031	0.0031	0.0031	0.0031	0.0031	0.0031	0.0031	0.0031	0.0031	0.0031	0.0031	0.0031	0.0031	0.0031	0.0031	0.0031	0.0097	0.0097	0.0097	0.0097	0.0097	0.0097	0.0097	0.0097	0.0097	0.0097	0.0097	0.0097	0.0097	0.0097	0.0097	0.0097	0.0097	0.0097	0.0097	0.0097	0.0097	0.0097	0.0097	0.0097	0.0097	0.0097	0.0097	0.0097	0.0097	0.0097	0.0097	0.0097	0.0097	0.0097	0.0097	0.0097	0.0097	0.0097	0.0097	0.0097	0.0097	0.0097	0.0097	0.0097	0.0097	0.0097	0.0097	0.0097	0.0097	0.0097	0.0097	0.0097	0.0097	0.0097	0.0097	0.0097	0.0097	0.0097	0.0097	0.0097	0.0097	0.0097	0.0097	0.0097	0.0097	0.0097	0.0097	0.0097	0.0097	0.0097	0.0097	0.0097	0.0097	0.0097	0.0097	0.0097	0.0097	0.0097	0.0097	0.0097	0.0097	0.0097	0.0097	0.0097	0.0097	0.0097	0.0097	0.0097	0.0097	0.0097	0.0097	0.0097	0.0097	0.0097	0.0097	0.0097	0.0097	0.0097	0.0097	0.0097	0.0097	0.0097	0.0097	0.0097	0.0097	0.0097	0.0097	0.0097	0.0097	0.0097	0.0097	0.0097	0.0097	0.0097	0.0097	0.0097	0.0097	0.0097	0.0097	0.0097	0.0097	0.0097	0.0097	0.0097	0.0097	0.0097	0.0097	0.0097	0.0097	0.0097	0.0097	0.0097	0.0097	0.0097	0.0097	0.0097	0.0097	0.0097	0.0097	0.0097	0.0097	0.0097	0.0086	0.0086	0.0086	0.0086	0.0086	0.0086	0.0086	0.0086	0.0086	0.0086	0.0086	0.0086	0.0086	0.0086	0.0086	0.0086	0.0086	0.0086	0.0086	0.0086	0.0086	0.0086	0.0086	0.0086	0.0086	0.0086	0.0086	0.0086	0.0086	0.0086	0.0086	0.0033	0.0086	0.0086	0.0086	0.0086	0.0086	0.0086	0.0086	0.0086	0.0086	0.0086	0.0086	0.0086	0.0086	0.0086	0.0086	0.0086	0.0086	0.0086	0.0086	0.0086	0.0086	0.0086	0.0086	0.0086	0.0086	0.0086	0.0086	0.0086	0.0086	0.0086	0.0086	0.0086	0.0086	0.0086	0.0086	0.0086	0.0086	0.0035	0.0086	0.0086	0.0086	0.0086	0.0086	0.0086	0.0086	0.0086	0.0086	0.0086	0.0086	0.0086	0.0086	0.0086	0.0086	0.0086	0.0086	0.0086	0.0086	0.0086	0.0086	0.0086	0.0086	0.0086	0.0086	0.0086	0.0086	0.0086	0.0086	0.0086	0.0086	0.0086	0.0086	0.0086	0.0086	0.0086	0.0086	0.0086	0.0086	0.0086	0.0086	0.0086	0.0086	0.0086	0.0086	0.0086	0.0086	0.0086	0.0086	0.0086	0.0086	0.0086	0.0086	0.0086	0.0086	0.0086	0.0086	0.0086	0.0086	0.0086	0.0086	0.0086	0.0086	0.0086	0.0033	0.0086	0.0086	0.0086	0.0086	0.0086	0.0086	0.0086	0.0086	0.0086	0.0086	0.0086	0.0086	0.0086	0.0086	0.0086	0.0086	0.0086	0.0086	0.0086	0.0086	0.0086	0.0086	0.0086	0.0086	0.0086	0.0086	0.0086	0.0086	0.0086	0.0086	0.0086	0.0086	0.0086	0.0086	0.0086	0.0086	0.0086	0.0086	0.0086	0.0086	0.0086	0.0086	0.0086	0.0086	0.0086	0.0086	0.0086	0.0086	0.0086	0.0086	0.0086	0.0086	0.0086	0.0086	0.0035	0.0035	0.0035	0.0035	0.0035	0.0035	0.0035	0.0035	0.0086	0.0033	0.0035	0.0035	0.0035	0.0086	0.0035	0.0035	0.0035	0.0086	0.0035	0.0035	0.0035	0.0035	0.0035	0.0035	0.0035	0.0035	0.0035	0.0035	0.0035	0.0033	0.0035	0.0035	0.0035	0.0035	0.0035	0.0035	0.0035	0.0035	0.0033	0.0035	0.0035	0.0035	0.0035	0.0035	0.0035	0.0035	0.0035	0.0086	0.0035	0.0035	0.0035	0.0035	0.0035	0.0035	0.0035	0.0035	0.0035	0.0035	0.0035	0.0035	0.0035	0.0035	0.0035	0.0035	0.0035	0.0035	0.0035	0.0035	0.0035	0.0035	0.0035	0.0035	0.0035	0.0035	0.0035	0.0035	0.0035	0.0035	0.0035	0.0035	0.0035
39	0.0175	0.0175	0.0175	0.0175	0.0175	0.0175	0.0175	0.0175	0.0175	0.0175	0.0175	0.0175	0.0175	0.0175	0.0175	0.0175	0.0175	0.0175	0.0175	0.0175	0.0175	0.0175	0.0175	0.0175	0.0175	0.0175	0.0175	0.0175	0.0175	0.0175	0.0175	0.0175	0.0175	0.0175	0.0175	0.0175	0.0175	0.0175	0.0175	0.0175	0.0175	0.0175	0.0175	0.0175	0.0175	0.0175	0.0175	0.0175	0.0175	0.0175	0.0175	0.0175	0.0175	0.0175	0.0175	0.0175	0.0175	0.0175	0.0175	0.0175	0.0175	0.0175	0.0175	0.0175	0.0175	0.0175	0.0175	0.0175	0.0175	0.0175	0.0175	0.0175	0.0175	0.0175	0.0175	0.0175	0.0175	0.0175	0.0175	0.0175	0.0175	0.0175	0.0175	0.0175	0.0175	0.0175	0.0175	0.0175	0.0175	0.0175	0.0175	0.0175	0.0175	0.0175	0.0175	0.0175	0.0175	0.0175	0.0175	0.0175	0.0175	0.0175	0.0175	0.0175	0.0175	0.0175	0.0175	0.0175	0.0175	0.0175	0.0175	0.0175	0.0175	0.0175	0.0175	0.0175	0.0175	0.0175	0.0175	0.0175	0.0175	0.0175	0.0175	0.0175	0.0175	0.0175	0.0175	0.0175	0.0175	0.0175	0.0175	0.0175	0.0175	0.0175	0.0175	0.0175	0.0175	0.0175	0.0175	0.0175	0.0175	0.0175	0.0175	0.0175	0.0175	0.0175	0.0175	0.0175	0.0175	0.0175	0.0175	0.0175	0.0175	0.0175	0.0175	0.0175	0.0175	0.0175	0.0175	0.0175	0.0175	0.0175	0.0175	0.0175	0.0175	0.0175	0.0175	0.0175	0.0175	0.0175	0.0175	0.0175	0.0175	0.0175	0.0175	0.0175	0.0175	0.0175	0.0175	0.0175	0.0175	0.0175	0.0175	0.0175	0.0175	0.0175	0.0175	0.0175	0.0071	0.0071	0.0071	0.0071	0.0071	0.0071	0.0071	0.0071	0.0071	0.0071	0.0071	0.0071	0.0071	0.0071	0.0071	0.0071	0.0071	0.0071	0.0071	0.0071	0.0071	0.0071	0.0071	0.0071	0.0071	0.0071	0.0071	0.0071	0.0071	0.0071	0.0071	0.0071	0.0071	0.0071	0.0071	0.0071	0.0071	0.0071	0.0071	0.0071	0.0071	0.0071	0.0071	0.0071	0.0071	0.0071	0.0071	0.0071	0.0071	0.0071	0.0071	0.0071	0.0071	0.0071	0.0071	0.0071	0.0071	0.0071	0.0071	0.0071	0.0071	0.0071	0.0071	0.0071	0.0071	0.0071	0.0071	0.0071	0.0071	0.0071	0.0071	0.0071	0.0071	0.0071	0.0071	0.0071	0.0071	0.0071	0.0071	0.0071	0.0071	0.0071	0.0071	0.0071	0.0071	0.0071	0.0071	0.0071	0.0071	0.0071	0.0071	0.0071	0.0071	0.0071	0.0071	0.0071	0.0071	0.0071	0.0071	0.0071	0.0071	0.0071	0.0071	0.0071	0.0071	0.0071	0.0071	0.0071	0.0071	0.0071	0.0071	0.0071	0.0071	0.0071	0.0071	0.0071	0.0071	0.0071	0.0071	0.0071	0.0071	0.0071	0.0071	0.0071	0.0071	0.0071	0.0071	0.0071	0.0071	0.0071	0.0071	0.0071	0.0071	0.0071	0.0071	0.0071	0.0071	0.0071	0.0071	0.0071	0.0071	0.0071	0.0047	0.0047	0.0047	0.0047	0.0047	0.0047	0.0047	0.0047	0.0047	0.0047	0.0047	0.0047	0.0047	0.0047	0.0047	0.0047	0.0047	0.0047	0.0047	0.0047	0.0047	0.0047	0.0047	0.0047	0.0047	0.0047	0.0047	0.0047	0.0047	0.0047	0.0047	0.0038	0.0047	0.0047	0.0047	0.0047	0.0047	0.0047	0.0047	0.0047	0.0047	0.0047	0.0047	0.0047	0.0047	0.0047	0.0047	0.0047	0.0047	0.0047	0.0047	0.0047	0.0047	0.0047	0.0047	0.0047	0.0047	0.0047	0.0047	0.0047	0.0047	0.0047	0.0047	0.0047	0.0047	0.0047	0.0047	0.0047	0.0047	0.0008	0.0047	0.0047	0.0047	0.0047	0.0047	0.0047	0.0047	0.0047	0.0047	0.0047	0.0047	0.0047	0.0047	0.0047	0.0047	0.0047	0.0047	0.0047	0.0047	0.0047	0.0047	0.0047	0.0047	0.0047	0.0047	0.0047	0.0047	0.0047	0.0047	0.0047	0.0047	0.0047	0.0047	0.0047	0.0047	0.0047	0.0047	0.0047	0.0047	0.0047	0.0047	0.0047	0.0047	0.0047	0.0047	0.0047	0.0047	0.0047	0.0047	0.0047	0.0047	0.0047	0.0047	0.0047	0.0047	0.0047	0.0047	0.0047	0.0047	0.0047	0.0047	0.0047	0.0047	0.0047	0.0038	0.0047	0.0047	0.0047	0.0047	0.0047	0.0047	0.0047	0.0047	0.0047	0.0047	0.0047	0.0047	0.0047	0.0047	0.0047	0.0047	0.0047	0.0047	0.0047	0.0047	0.0047	0.0047	0.0047	0.0047	0.0047	0.0047	0.0047	0.0047	0.0047	0.0047	0.0047	0.0047	0.0047	0.0047	0.0047	0.0047	0.0047	0.0047	0.0047	0.0047	0.0047	0.0047	0.0047	0.0047	0.0047	0.0047	0.0047	0.0047	0.0047	0.0047	0.0047	0.0047	0.0047	0.0047	0.0008	0.0008	0.0008	0.0008	0.0008	0.0008	0.0008	0.0008	0.0047	0.0038	0.0008	0.0008	0.0008	0.0047	0.0008	0.0008	0.0008	0.0047	0.0008	0.0008	0.0008	0.0008	0.0008	0.0008	0.0008	0.0008	0.0008	0.0008	0.0008	0.0038	0.0008	0.0008	0.0008	0.0008	0.0008	0.0008	0.0008	0.0008	0.0038	0.0008	0.0008	0.0008	0.0008	0.0008	0.0008	0.0008	0.0008	0.0047	0.0008	0.0008	0.0008	0.0008	0.0008	0.0008	0.0008	0.0008	0.0008	0.0008	0.0008	0.0008	0.0008	0.0008	0.0008	0.0008	0.0008	0.0008	0.0008	0.0008	0.0008	0.0008	0.0008	0.0008	0.0008	0.0008	0.0008	0.0008	0.0008	0.0008	0.0008	0.0008	0.0008
40	0.0074	0.0074	0.0074	0.0074	0.0074	0.0074	0.0074	0.0074	0.0074	0.0074	0.0074	0.0074	0.0074	0.0074	0.0074	0.0074	0.0074	0.0074	0.0074	0.0074	0.0074	0.0074	0.0074	0.0074	0.0074	0.0074	0.0074	0.0074	0.0074	0.0074	0.0074	0.0074	0.0074	0.0074	0.0074	0.0074	0.0074	0.0074	0.0074	0.0074	0.0074	0.0074	0.0074	0.0074	0.0074	0.0074	0.0074	0.0074	0.0074	0.0074	0.0074	0.0074	0.0074	0.0074	0.0074	0.0074	0.0074	0.0074	0.0074	0.0074	0.0074	0.0074	0.0074	0.0074	0.0074	0.0074	0.0074	0.0074	0.0074	0.0074	0.0074	0.0074	0.0074	0.0074	0.0074	0.0074	0.0074	0.0074	0.0074	0.0074	0.0074	0.0074	0.0074	0.0074	0.0074	0.0074	0.0074	0.0074	0.0074	0.0074	0.0074	0.0074	0.0074	0.0074	0.0074	0.0074	0.0074	0.0074	0.0074	0.0074	0.0074	0.0074	0.0074	0.0074	0.0074	0.0074	0.0074	0.0074	0.0074	0.0074	0.0074	0.0074	0.0074	0.0074	0.0074	0.0074	0.0074	0.0074	0.0074	0.0074	0.0074	0.0074	0.0074	0.0074	0.0074	0.0074	0.0074	0.0074	0.0074	0.0074	0.0074	0.0074	0.0074	0.0074	0.0074	0.0074	0.0074	0.0074	0.0074	0.0074	0.0074	0.0074	0.0074	0.0074	0.0074	0.0074	0.0074	0.0074	0.0074	0.0074	0.0074	0.0074	0.0074	0.0074	0.0074	0.0074	0.0074	0.0074	0.0074	0.0074	0.0074	0.0074	0.0074	0.0074	0.0074	0.0074	0.0074	0.0074	0.0074	0.0074	0.0074	0.0074	0.0074	0.0074	0.0074	0.0074	0.0074	0.0074	0.0074	0.0074	0.0074	0.0074	0.0074	0.0074	0.0074	0.0074	0.0074	0.0074	0.0174	0.0174	0.0174	0.0174	0.0174	0.0174	0.0174	0.0174	0.0174	0.0174	0.0174	0.0174	0.0174	0.0174	0.0174	0.0174	0.0174	0.0174	0.0174	0.0174	0.0174	0.0174	0.0174	0.0174	0.0174	0.0174	0.0174	0.0174	0.0174	0.0174	0.0174	0.0174	0.0174	0.0174	0.0174	0.0174	0.0174	0.0174	0.0174	0.0174	0.0174	0.0174	0.0174	0.0174	0.0174	0.0174	0.0174	0.0174	0.0174	0.0174	0.0174	0.0174	0.0174	0.0174	0.0174	0.0174	0.0174	0.0174	0.0174	0.0174	0.0174	0.0174	0.0174	0.0174	0.0174	0.0174	0.0174	0.0174	0.0174	0.0174	0.0174	0.0174	0.0174	0.0174	0.0174	0.0174	0.0174	0.0174	0.0174	0.0174	0.0174	0.0174	0.0174	0.0174	0.0174	0.0174	0.0174	0.0174	0.0174	0.0174	0.0174	0.0174	0.0174	0.0174	0.0174	0.0174	0.0174	0.0174	0.0174	0.0174	0.0174	0.0174	0.0174	0.0174	0.0174	0.0174	0.0174	0.0174	0.0174	0.0174	0.0174	0.0174	0.0174	0.0174	0.0174	0.0174	0.0174	0.0174	0.0174	0.0174	0.0174	0.0174	0.0174	0.0174	0.0174	0.0174	0.0174	0.0174	0.0174	0.0174	0.0174	0.0174	0.0174	0.0174	0.0174	0.0174	0.0174	0.0174	0.0174	0.0174	0.0174	0.0174	0.0009	0.0009	0.0009	0.0009	0.0009	0.0009	0.0009	0.0009	0.0009	0.0009	0.0009	0.0009	0.0009	0.0009	0.0009	0.0009	0.0009	0.0009	0.0009	0.0009	0.0009	0.0009	0.0009	0.0009	0.0009	0.0009	0.0009	0.0009	0.0009	0.0009	0.0009	0.0122	0.0009	0.0009	0.0009	0.0009	0.0009	0.0009	0.0009	0.0009	0.0009	0.0009	0.0009	0.0009	0.0009	0.0009	0.0009	0.0009	0.0009	0.0009	0.0009	0.0009	0.0009	0.0009	0.0009	0.0009	0.0009	0.0009	0.0009	0.0009	0.0009	0.0009	0.0009	0.0009	0.0009	0.0009	0.0009	0.0009	0.0009	0.0115	0.0009	0.0009	0.0009	0.0009	0.0009	0.0009	0.0009	0.0009	0.0009	0.0009	0.0009	0.0009	0.0009	0.0009	0.0009	0.0009	0.0009	0.0009	0.0009	0.0009	0.0009	0.0009	0.0009	0.0009	0.0009	0.0009	0.0009	0.0009	0.0009	0.0009	0.0009	0.0009	0.0009	0.0009	0.0009	0.0009	0.0009	0.0009	0.0009	0.0009	0.0009	0.0009	0.0009	0.0009	0.0009	0.0009	0.0009	0.0009	0.0009	0.0009	0.0009	0.0009	0.0009	0.0009	0.0009	0.0009	0.0009	0.0009	0.0009	0.0009	0.0009	0.0009	0.0009	0.0009	0.0122	0.0009	0.0009	0.0009	0.0009	0.0009	0.0009	0.0009	0.0009	0.0009	0.0009	0.0009	0.0009	0.0009	0.0009	0.0009	0.0009	0.0009	0.0009	0.0009	0.0009	0.0009	0.0009	0.0009	0.0009	0.0009	0.0009	0.0009	0.0009	0.0009	0.0009	0.0009	0.0009	0.0009	0.0009	0.0009	0.0009	0.0009	0.0009	0.0009	0.0009	0.0009	0.0009	0.0009	0.0009	0.0009	0.0009	0.0009	0.0009	0.0009	0.0009	0.0009	0.0009	0.0009	0.0009	0.0115	0.0115	0.0115	0.0115	0.0115	0.0115	0.0115	0.0115	0.0009	0.0122	0.0115	0.0115	0.0115	0.0009	0.0115	0.0115	0.0115	0.0009	0.0115	0.0115	0.0115	0.0115	0.0115	0.0115	0.0115	0.0115	0.0115	0.0115	0.0115	0.0122	0.0115	0.0115	0.0115	0.0115	0.0115	0.0115	0.0115	0.0115	0.0122	0.0115	0.0115	0.0115	0.0115	0.0115	0.0115	0.0115	0.0115	0.0009	0.0115	0.0115	0.0115	0.0115	0.0115	0.0115	0.0115	0.0115	0.0115	0.0115	0.0115	0.0115	0.0115	0.0115	0.0115	0.0115	0.0115	0.0115	0.0115	0.0115	0.0115	0.0115	0.0115	0.0115	0.0115	0.0115	0.0115	0.0115	0.0115	0.0115	0.0115	0.0115	0.0115
41	0.0074	0.0074	0.0074	0.0074	0.0074	0.0074	0.0074	0.0074	0.0074	0.0074	0.0074	0.0074	0.0074	0.0074	0.0074	0.0074	0.0074	0.0074	0.0074	0.0074	0.0074	0.0074	0.0074	0.0074	0.0074	0.0074	0.0074	0.0074	0.0074	0.0074	0.0074	0.0074	0.0074	0.0074	0.0074	0.0074	0.0074	0.0074	0.0074	0.0074	0.0074	0.0074	0.0074	0.0074	0.0074	0.0074	0.0074	0.0074	0.0074	0.0074	0.0074	0.0074	0.0074	0.0074	0.0074	0.0074	0.0074	0.0074	0.0074	0.0074	0.0074	0.0074	0.0074	0.0074	0.0074	0.0074	0.0074	0.0074	0.0074	0.0074	0.0074	0.0074	0.0074	0.0074	0.0074	0.0074	0.0074	0.0074	0.0074	0.0074	0.0074	0.0074	0.0074	0.0074	0.0074	0.0074	0.0074	0.0074	0.0074	0.0074	0.0074	0.0074	0.0074	0.0074	0.0074	0.0074	0.0074	0.0074	0.0074	0.0074	0.0074	0.0074	0.0074	0.0074	0.0074	0.0074	0.0074	0.0074	0.0074	0.0074	0.0074	0.0074	0.0074	0.0074	0.0074	0.0074	0.0074	0.0074	0.0074	0.0074	0.0074	0.0074	0.0074	0.0074	0.0074	0.0074	0.0074	0.0074	0.0074	0.0074	0.0074	0.0074	0.0074	0.0074	0.0074	0.0074	0.0074	0.0074	0.0074	0.0074	0.0074	0.0074	0.0074	0.0074	0.0074	0.0074	0.0074	0.0074	0.0074	0.0074	0.0074	0.0074	0.0074	0.0074	0.0074	0.0074	0.0074	0.0074	0.0074	0.0074	0.0074	0.0074	0.0074	0.0074	0.0074	0.0074	0.0074	0.0074	0.0074	0.0074	0.0074	0.0074	0.0074	0.0074	0.0074	0.0074	0.0074	0.0074	0.0074	0.0074	0.0074	0.0074	0.0074	0.0074	0.0074	0.0074	0.0074	0.0074	0.0028	0.0028	0.0028	0.0028	0.0028	0.0028	0.0028	0.0028	0.0028	0.0028	0.0028	0.0028	0.0028	0.0028	0.0028	0.0028	0.0028	0.0028	0.0028	0.0028	0.0028	0.0028	0.0028	0.0028	0.0028	0.0028	0.0028	0.0028	0.0028	0.0028	0.0028	0.0028	0.0028	0.0028	0.0028	0.0028	0.0028	0.0028	0.0028	0.0028	0.0028	0.0028	0.0028	0.0028	0.0028	0.0028	0.0028	0.0028	0.0028	0.0028	0.0028	0.0028	0.0028	0.0028	0.0028	0.0028	0.0028	0.0028	0.0028	0.0028	0.0028	0.0028	0.0028	0.0028	0.0028	0.0028	0.0028	0.0028	0.0028	0.0028	0.0028	0.0028	0.0028	0.0028	0.0028	0.0028	0.0028	0.0028	0.0028	0.0028	0.0028	0.0028	0.0028	0.0028	0.0028	0.0028	0.0028	0.0028	0.0028	0.0028	0.0028	0.0028	0.0028	0.0028	0.0028	0.0028	0.0028	0.0028	0.0028	0.0028	0.0028	0.0028	0.0028	0.0028	0.0028	0.0028	0.0028	0.0028	0.0028	0.0028	0.0028	0.0028	0.0028	0.0028	0.0028	0.0028	0.0028	0.0028	0.0028	0.0028	0.0028	0.0028	0.0028	0.0028	0.0028	0.0028	0.0028	0.0028	0.0028	0.0028	0.0028	0.0028	0.0028	0.0028	0.0028	0.0028	0.0028	0.0028	0.0028	0.0028	0.0028	0.0028	0.0037	0.0037	0.0037	0.0037	0.0037	0.0037	0.0037	0.0037	0.0037	0.0037	0.0037	0.0037	0.0037	0.0037	0.0037	0.0037	0.0037	0.0037	0.0037	0.0037	0.0037	0.0037	0.0037	0.0037	0.0037	0.0037	0.0037	0.0037	0.0037	0.0037	0.0037	0.0285	0.0037	0.0037	0.0037	0.0037	0.0037	0.0037	0.0037	0.0037	0.0037	0.0037	0.0037	0.0037	0.0037	0.0037	0.0037	0.0037	0.0037	0.0037	0.0037	0.0037	0.0037	0.0037	0.0037	0.0037	0.0037	0.0037	0.0037	0.0037	0.0037	0.0037	0.0037	0.0037	0.0037	0.0037	0.0037	0.0037	0.0037	0.0402	0.0037	0.0037	0.0037	0.0037	0.0037	0.0037	0.0037	0.0037	0.0037	0.0037	0.0037	0.0037	0.0037	0.0037	0.0037	0.0037	0.0037	0.0037	0.0037	0.0037	0.0037	0.0037	0.0037	0.0037	0.0037	0.0037	0.0037	0.0037	0.0037	0.0037	0.0037	0.0037	0.0037	0.0037	0.0037	0.0037	0.0037	0.0037	0.0037	0.0037	0.0037	0.0037	0.0037	0.0037	0.0037	0.0037	0.0037	0.0037	0.0037	0.0037	0.0037	0.0037	0.0037	0.0037	0.0037	0.0037	0.0037	0.0037	0.0037	0.0037	0.0037	0.0037	0.0037	0.0037	0.0285	0.0037	0.0037	0.0037	0.0037	0.0037	0.0037	0.0037	0.0037	0.0037	0.0037	0.0037	0.0037	0.0037	0.0037	0.0037	0.0037	0.0037	0.0037	0.0037	0.0037	0.0037	0.0037	0.0037	0.0037	0.0037	0.0037	0.0037	0.0037	0.0037	0.0037	0.0037	0.0037	0.0037	0.0037	0.0037	0.0037	0.0037	0.0037	0.0037	0.0037	0.0037	0.0037	0.0037	0.0037	0.0037	0.0037	0.0037	0.0037	0.0037	0.0037	0.0037	0.0037	0.0037	0.0037	0.0402	0.0402	0.0402	0.0402	0.0402	0.0402	0.0402	0.0402	0.0037	0.0285	0.0402	0.0402	0.0402	0.0037	0.0402	0.0402	0.0402	0.0037	0.0402	0.0402	0.0402	0.0402	0.0402	0.0402	0.0402	0.0402	0.0402	0.0402	0.0402	0.0285	0.0402	0.0402	0.0402	0.0402	0.0402	0.0402	0.0402	0.0402	0.0285	0.0402	0.0402	0.0402	0.0402	0.0402	0.0402	0.0402	0.0402	0.0037	0.0402	0.0402	0.0402	0.0402	0.0402	0.0402	0.0402	0.0402	0.0402	0.0402	0.0402	0.0402	0.0402	0.0402	0.0402	0.0402	0.0402	0.0402	0.0402	0.0402	0.0402	0.0402	0.0402	0.0402	0.0402	0.0402	0.0402	0.0402	0.0402	0.0402	0.0402	0.0402	0.0402
42	0.0091	0.0091	0.0091	0.0091	0.0091	0.0091	0.0091	0.0091	0.0091	0.0091	0.0091	0.0091	0.0091	0.0091	0.0091	0.0091	0.0091	0.0091	0.0091	0.0091	0.0091	0.0091	0.0091	0.0091	0.0091	0.0091	0.0091	0.0091	0.0091	0.0091	0.0091	0.0091	0.0091	0.0091	0.0091	0.0091	0.0091	0.0091	0.0091	0.0091	0.0091	0.0091	0.0091	0.0091	0.0091	0.0091	0.0091	0.0091	0.0091	0.0091	0.0091	0.0091	0.0091	0.0091	0.0091	0.0091	0.0091	0.0091	0.0091	0.0091	0.0091	0.0091	0.0091	0.0091	0.0091	0.0091	0.0091	0.0091	0.0091	0.0091	0.0091	0.0091	0.0091	0.0091	0.0091	0.0091	0.0091	0.0091	0.0091	0.0091	0.0091	0.0091	0.0091	0.0091	0.0091	0.0091	0.0091	0.0091	0.0091	0.0091	0.0091	0.0091	0.0091	0.0091	0.0091	0.0091	0.0091	0.0091	0.0091	0.0091	0.0091	0.0091	0.0091	0.0091	0.0091	0.0091	0.0091	0.0091	0.0091	0.0091	0.0091	0.0091	0.0091	0.0091	0.0091	0.0091	0.0091	0.0091	0.0091	0.0091	0.0091	0.0091	0.0091	0.0091	0.0091	0.0091	0.0091	0.0091	0.0091	0.0091	0.0091	0.0091	0.0091	0.0091	0.0091	0.0091	0.0091	0.0091	0.0091	0.0091	0.0091	0.0091	0.0091	0.0091	0.0091	0.0091	0.0091	0.0091	0.0091	0.0091	0.0091	0.0091	0.0091	0.0091	0.0091	0.0091	0.0091	0.0091	0.0091	0.0091	0.0091	0.0091	0.0091	0.0091	0.0091	0.0091	0.0091	0.0091	0.0091	0.0091	0.0091	0.0091	0.0091	0.0091	0.0091	0.0091	0.0091	0.0091	0.0091	0.0091	0.0091	0.0091	0.0091	0.0091	0.0091	0.0091	0.0091	0.0091	0.018	0.018	0.018	0.018	0.018	0.018	0.018	0.018	0.018	0.018	0.018	0.018	0.018	0.018	0.018	0.018	0.018	0.018	0.018	0.018	0.018	0.018	0.018	0.018	0.018	0.018	0.018	0.018	0.018	0.018	0.018	0.018	0.018	0.018	0.018	0.018	0.018	0.018	0.018	0.018	0.018	0.018	0.018	0.018	0.018	0.018	0.018	0.018	0.018	0.018	0.018	0.018	0.018	0.018	0.018	0.018	0.018	0.018	0.018	0.018	0.018	0.018	0.018	0.018	0.018	0.018	0.018	0.018	0.018	0.018	0.018	0.018	0.018	0.018	0.018	0.018	0.018	0.018	0.018	0.018	0.018	0.018	0.018	0.018	0.018	0.018	0.018	0.018	0.018	0.018	0.018	0.018	0.018	0.018	0.018	0.018	0.018	0.018	0.018	0.018	0.018	0.018	0.018	0.018	0.018	0.018	0.018	0.018	0.018	0.018	0.018	0.018	0.018	0.018	0.018	0.018	0.018	0.018	0.018	0.018	0.018	0.018	0.018	0.018	0.018	0.018	0.018	0.018	0.018	0.018	0.018	0.018	0.018	0.018	0.018	0.018	0.018	0.018	0.018	0.018	0.018	0.018	0.0149	0.0149	0.0149	0.0149	0.0149	0.0149	0.0149	0.0149	0.0149	0.0149	0.0149	0.0149	0.0149	0.0149	0.0149	0.0149	0.0149	0.0149	0.0149	0.0149	0.0149	0.0149	0.0149	0.0149	0.0149	0.0149	0.0149	0.0149	0.0149	0.0149	0.0149	0.0205	0.0149	0.0149	0.0149	0.0149	0.0149	0.0149	0.0149	0.0149	0.0149	0.0149	0.0149	0.0149	0.0149	0.0149	0.0149	0.0149	0.0149	0.0149	0.0149	0.0149	0.0149	0.0149	0.0149	0.0149	0.0149	0.0149	0.0149	0.0149	0.0149	0.0149	0.0149	0.0149	0.0149	0.0149	0.0149	0.0149	0.0149	0.0078	0.0149	0.0149	0.0149	0.0149	0.0149	0.0149	0.0149	0.0149	0.0149	0.0149	0.0149	0.0149	0.0149	0.0149	0.0149	0.0149	0.0149	0.0149	0.0149	0.0149	0.0149	0.0149	0.0149	0.0149	0.0149	0.0149	0.0149	0.0149	0.0149	0.0149	0.0149	0.0149	0.0149	0.0149	0.0149	0.0149	0.0149	0.0149	0.0149	0.0149	0.0149	0.0149	0.0149	0.0149	0.0149	0.0149	0.0149	0.0149	0.0149	0.0149	0.0149	0.0149	0.0149	0.0149	0.0149	0.0149	0.0149	0.0149	0.0149	0.0149	0.0149	0.0149	0.0149	0.0149	0.0205	0.0149	0.0149	0.0149	0.0149	0.0149	0.0149	0.0149	0.0149	0.0149	0.0149	0.0149	0.0149	0.0149	0.0149	0.0149	0.0149	0.0149	0.0149	0.0149	0.0149	0.0149	0.0149	0.0149	0.0149	0.0149	0.0149	0.0149	0.0149	0.0149	0.0149	0.0149	0.0149	0.0149	0.0149	0.0149	0.0149	0.0149	0.0149	0.0149	0.0149	0.0149	0.0149	0.0149	0.0149	0.0149	0.0149	0.0149	0.0149	0.0149	0.0149	0.0149	0.0149	0.0149	0.0149	0.0078	0.0078	0.0078	0.0078	0.0078	0.0078	0.0078	0.0078	0.0149	0.0205	0.0078	0.0078	0.0078	0.0149	0.0078	0.0078	0.0078	0.0149	0.0078	0.0078	0.0078	0.0078	0.0078	0.0078	0.0078	0.0078	0.0078	0.0078	0.0078	0.0205	0.0078	0.0078	0.0078	0.0078	0.0078	0.0078	0.0078	0.0078	0.0205	0.0078	0.0078	0.0078	0.0078	0.0078	0.0078	0.0078	0.0078	0.0149	0.0078	0.0078	0.0078	0.0078	0.0078	0.0078	0.0078	0.0078	0.0078	0.0078	0.0078	0.0078	0.0078	0.0078	0.0078	0.0078	0.0078	0.0078	0.0078	0.0078	0.0078	0.0078	0.0078	0.0078	0.0078	0.0078	0.0078	0.0078	0.0078	0.0078	0.0078	0.0078	0.0078
43	0.0207	0.0207	0.0207	0.0207	0.0207	0.0207	0.0207	0.0207	0.0207	0.0207	0.0207	0.0207	0.0207	0.0207	0.0207	0.0207	0.0207	0.0207	0.0207	0.0207	0.0207	0.0207	0.0207	0.0207	0.0207	0.0207	0.0207	0.0207	0.0207	0.0207	0.0207	0.0207	0.0207	0.0207	0.0207	0.0207	0.0207	0.0207	0.0207	0.0207	0.0207	0.0207	0.0207	0.0207	0.0207	0.0207	0.0207	0.0207	0.0207	0.0207	0.0207	0.0207	0.0207	0.0207	0.0207	0.0207	0.0207	0.0207	0.0207	0.0207	0.0207	0.0207	0.0207	0.0207	0.0207	0.0207	0.0207	0.0207	0.0207	0.0207	0.0207	0.0207	0.0207	0.0207	0.0207	0.0207	0.0207	0.0207	0.0207	0.0207	0.0207	0.0207	0.0207	0.0207	0.0207	0.0207	0.0207	0.0207	0.0207	0.0207	0.0207	0.0207	0.0207	0.0207	0.0207	0.0207	0.0207	0.0207	0.0207	0.0207	0.0207	0.0207	0.0207	0.0207	0.0207	0.0207	0.0207	0.0207	0.0207	0.0207	0.0207	0.0207	0.0207	0.0207	0.0207	0.0207	0.0207	0.0207	0.0207	0.0207	0.0207	0.0207	0.0207	0.0207	0.0207	0.0207	0.0207	0.0207	0.0207	0.0207	0.0207	0.0207	0.0207	0.0207	0.0207	0.0207	0.0207	0.0207	0.0207	0.0207	0.0207	0.0207	0.0207	0.0207	0.0207	0.0207	0.0207	0.0207	0.0207	0.0207	0.0207	0.0207	0.0207	0.0207	0.0207	0.0207	0.0207	0.0207	0.0207	0.0207	0.0207	0.0207	0.0207	0.0207	0.0207	0.0207	0.0207	0.0207	0.0207	0.0207	0.0207	0.0207	0.0207	0.0207	0.0207	0.0207	0.0207	0.0207	0.0207	0.0207	0.0207	0.0207	0.0207	0.0207	0.0207	0.0207	0.0207	0.0207	0.0169	0.0169	0.0169	0.0169	0.0169	0.0169	0.0169	0.0169	0.0169	0.0169	0.0169	0.0169	0.0169	0.0169	0.0169	0.0169	0.0169	0.0169	0.0169	0.0169	0.0169	0.0169	0.0169	0.0169	0.0169	0.0169	0.0169	0.0169	0.0169	0.0169	0.0169	0.0169	0.0169	0.0169	0.0169	0.0169	0.0169	0.0169	0.0169	0.0169	0.0169	0.0169	0.0169	0.0169	0.0169	0.0169	0.0169	0.0169	0.0169	0.0169	0.0169	0.0169	0.0169	0.0169	0.0169	0.0169	0.0169	0.0169	0.0169	0.0169	0.0169	0.0169	0.0169	0.0169	0.0169	0.0169	0.0169	0.0169	0.0169	0.0169	0.0169	0.0169	0.0169	0.0169	0.0169	0.0169	0.0169	0.0169	0.0169	0.0169	0.0169	0.0169	0.0169	0.0169	0.0169	0.0169	0.0169	0.0169	0.0169	0.0169	0.0169	0.0169	0.0169	0.0169	0.0169	0.0169	0.0169	0.0169	0.0169	0.0169	0.0169	0.0169	0.0169	0.0169	0.0169	0.0169	0.0169	0.0169	0.0169	0.0169	0.0169	0.0169	0.0169	0.0169	0.0169	0.0169	0.0169	0.0169	0.0169	0.0169	0.0169	0.0169	0.0169	0.0169	0.0169	0.0169	0.0169	0.0169	0.0169	0.0169	0.0169	0.0169	0.0169	0.0169	0.0169	0.0169	0.0169	0.0169	0.0169	0.0169	0.0169	0.0169	0.0042	0.0042	0.0042	0.0042	0.0042	0.0042	0.0042	0.0042	0.0042	0.0042	0.0042	0.0042	0.0042	0.0042	0.0042	0.0042	0.0042	0.0042	0.0042	0.0042	0.0042	0.0042	0.0042	0.0042	0.0042	0.0042	0.0042	0.0042	0.0042	0.0042	0.0042	0.0041	0.0042	0.0042	0.0042	0.0042	0.0042	0.0042	0.0042	0.0042	0.0042	0.0042	0.0042	0.0042	0.0042	0.0042	0.0042	0.0042	0.0042	0.0042	0.0042	0.0042	0.0042	0.0042	0.0042	0.0042	0.0042	0.0042	0.0042	0.0042	0.0042	0.0042	0.0042	0.0042	0.0042	0.0042	0.0042	0.0042	0.0042	0.0009	0.0042	0.0042	0.0042	0.0042	0.0042	0.0042	0.0042	0.0042	0.0042	0.0042	0.0042	0.0042	0.0042	0.0042	0.0042	0.0042	0.0042	0.0042	0.0042	0.0042	0.0042	0.0042	0.0042	0.0042	0.0042	0.0042	0.0042	0.0042	0.0042	0.0042	0.0042	0.0042	0.0042	0.0042	0.0042	0.0042	0.0042	0.0042	0.0042	0.0042	0.0042	0.0042	0.0042	0.0042	0.0042	0.0042	0.0042	0.0042	0.0042	0.0042	0.0042	0.0042	0.0042	0.0042	0.0042	0.0042	0.0042	0.0042	0.0042	0.0042	0.0042	0.0042	0.0042	0.0042	0.0041	0.0042	0.0042	0.0042	0.0042	0.0042	0.0042	0.0042	0.0042	0.0042	0.0042	0.0042	0.0042	0.0042	0.0042	0.0042	0.0042	0.0042	0.0042	0.0042	0.0042	0.0042	0.0042	0.0042	0.0042	0.0042	0.0042	0.0042	0.0042	0.0042	0.0042	0.0042	0.0042	0.0042	0.0042	0.0042	0.0042	0.0042	0.0042	0.0042	0.0042	0.0042	0.0042	0.0042	0.0042	0.0042	0.0042	0.0042	0.0042	0.0042	0.0042	0.0042	0.0042	0.0042	0.0042	0.0009	0.0009	0.0009	0.0009	0.0009	0.0009	0.0009	0.0009	0.0042	0.0041	0.0009	0.0009	0.0009	0.0042	0.0009	0.0009	0.0009	0.0042	0.0009	0.0009	0.0009	0.0009	0.0009	0.0009	0.0009	0.0009	0.0009	0.0009	0.0009	0.0041	0.0009	0.0009	0.0009	0.0009	0.0009	0.0009	0.0009	0.0009	0.0041	0.0009	0.0009	0.0009	0.0009	0.0009	0.0009	0.0009	0.0009	0.0042	0.0009	0.0009	0.0009	0.0009	0.0009	0.0009	0.0009	0.0009	0.0009	0.0009	0.0009	0.0009	0.0009	0.0009	0.0009	0.0009	0.0009	0.0009	0.0009	0.0009	0.0009	0.0009	0.0009	0.0009	0.0009	0.0009	0.0009	0.0009	0.0009	0.0009	0.0009	0.0009	0.0009
44	0.0012	0.0012	0.0012	0.0012	0.0012	0.0012	0.0012	0.0012	0.0012	0.0012	0.0012	0.0012	0.0012	0.0012	0.0012	0.0012	0.0012	0.0012	0.0012	0.0012	0.0012	0.0012	0.0012	0.0012	0.0012	0.0012	0.0012	0.0012	0.0012	0.0012	0.0012	0.0012	0.0012	0.0012	0.0012	0.0012	0.0012	0.0012	0.0012	0.0012	0.0012	0.0012	0.0012	0.0012	0.0012	0.0012	0.0012	0.0012	0.0012	0.0012	0.0012	0.0012	0.0012	0.0012	0.0012	0.0012	0.0012	0.0012	0.0012	0.0012	0.0012	0.0012	0.0012	0.0012	0.0012	0.0012	0.0012	0.0012	0.0012	0.0012	0.0012	0.0012	0.0012	0.0012	0.0012	0.0012	0.0012	0.0012	0.0012	0.0012	0.0012	0.0012	0.0012	0.0012	0.0012	0.0012	0.0012	0.0012	0.0012	0.0012	0.0012	0.0012	0.0012	0.0012	0.0012	0.0012	0.0012	0.0012	0.0012	0.0012	0.0012	0.0012	0.0012	0.0012	0.0012	0.0012	0.0012	0.0012	0.0012	0.0012	0.0012	0.0012	0.0012	0.0012	0.0012	0.0012	0.0012	0.0012	0.0012	0.0012	0.0012	0.0012	0.0012	0.0012	0.0012	0.0012	0.0012	0.0012	0.0012	0.0012	0.0012	0.0012	0.0012	0.0012	0.0012	0.0012	0.0012	0.0012	0.0012	0.0012	0.0012	0.0012	0.0012	0.0012	0.0012	0.0012	0.0012	0.0012	0.0012	0.0012	0.0012	0.0012	0.0012	0.0012	0.0012	0.0012	0.0012	0.0012	0.0012	0.0012	0.0012	0.0012	0.0012	0.0012	0.0012	0.0012	0.0012	0.0012	0.0012	0.0012	0.0012	0.0012	0.0012	0.0012	0.0012	0.0012	0.0012	0.0012	0.0012	0.0012	0.0012	0.0012	0.0012	0.0012	0.0012	0.0012	0.0012	0.0012	0.007	0.007	0.007	0.007	0.007	0.007	0.007	0.007	0.007	0.007	0.007	0.007	0.007	0.007	0.007	0.007	0.007	0.007	0.007	0.007	0.007	0.007	0.007	0.007	0.007	0.007	0.007	0.007	0.007	0.007	0.007	0.007	0.007	0.007	0.007	0.007	0.007	0.007	0.007	0.007	0.007	0.007	0.007	0.007	0.007	0.007	0.007	0.007	0.007	0.007	0.007	0.007	0.007	0.007	0.007	0.007	0.007	0.007	0.007	0.007	0.007	0.007	0.007	0.007	0.007	0.007	0.007	0.007	0.007	0.007	0.007	0.007	0.007	0.007	0.007	0.007	0.007	0.007	0.007	0.007	0.007	0.007	0.007	0.007	0.007	0.007	0.007	0.007	0.007	0.007	0.007	0.007	0.007	0.007	0.007	0.007	0.007	0.007	0.007	0.007	0.007	0.007	0.007	0.007	0.007	0.007	0.007	0.007	0.007	0.007	0.007	0.007	0.007	0.007	0.007	0.007	0.007	0.007	0.007	0.007	0.007	0.007	0.007	0.007	0.007	0.007	0.007	0.007	0.007	0.007	0.007	0.007	0.007	0.007	0.007	0.007	0.007	0.007	0.007	0.007	0.007	0.007	0.0001	0.0001	0.0001	0.0001	0.0001	0.0001	0.0001	0.0001	0.0001	0.0001	0.0001	0.0001	0.0001	0.0001	0.0001	0.0001	0.0001	0.0001	0.0001	0.0001	0.0001	0.0001	0.0001	0.0001	0.0001	0.0001	0.0001	0.0001	0.0001	0.0001	0.0001	0.0042	0.0001	0.0001	0.0001	0.0001	0.0001	0.0001	0.0001	0.0001	0.0001	0.0001	0.0001	0.0001	0.0001	0.0001	0.0001	0.0001	0.0001	0.0001	0.0001	0.0001	0.0001	0.0001	0.0001	0.0001	0.0001	0.0001	0.0001	0.0001	0.0001	0.0001	0.0001	0.0001	0.0001	0.0001	0.0001	0.0001	0.0001	0.0002	0.0001	0.0001	0.0001	0.0001	0.0001	0.0001	0.0001	0.0001	0.0001	0.0001	0.0001	0.0001	0.0001	0.0001	0.0001	0.0001	0.0001	0.0001	0.0001	0.0001	0.0001	0.0001	0.0001	0.0001	0.0001	0.0001	0.0001	0.0001	0.0001	0.0001	0.0001	0.0001	0.0001	0.0001	0.0001	0.0001	0.0001	0.0001	0.0001	0.0001	0.0001	0.0001	0.0001	0.0001	0.0001	0.0001	0.0001	0.0001	0.0001	0.0001	0.0001	0.0001	0.0001	0.0001	0.0001	0.0001	0.0001	0.0001	0.0001	0.0001	0.0001	0.0001	0.0001	0.0001	0.0042	0.0001	0.0001	0.0001	0.0001	0.0001	0.0001	0.0001	0.0001	0.0001	0.0001	0.0001	0.0001	0.0001	0.0001	0.0001	0.0001	0.0001	0.0001	0.0001	0.0001	0.0001	0.0001	0.0001	0.0001	0.0001	0.0001	0.0001	0.0001	0.0001	0.0001	0.0001	0.0001	0.0001	0.0001	0.0001	0.0001	0.0001	0.0001	0.0001	0.0001	0.0001	0.0001	0.0001	0.0001	0.0001	0.0001	0.0001	0.0001	0.0001	0.0001	0.0001	0.0001	0.0001	0.0001	0.0002	0.0002	0.0002	0.0002	0.0002	0.0002	0.0002	0.0002	0.0001	0.0042	0.0002	0.0002	0.0002	0.0001	0.0002	0.0002	0.0002	0.0001	0.0002	0.0002	0.0002	0.0002	0.0002	0.0002	0.0002	0.0002	0.0002	0.0002	0.0002	0.0042	0.0002	0.0002	0.0002	0.0002	0.0002	0.0002	0.0002	0.0002	0.0042	0.0002	0.0002	0.0002	0.0002	0.0002	0.0002	0.0002	0.0002	0.0001	0.0002	0.0002	0.0002	0.0002	0.0002	0.0002	0.0002	0.0002	0.0002	0.0002	0.0002	0.0002	0.0002	0.0002	0.0002	0.0002	0.0002	0.0002	0.0002	0.0002	0.0002	0.0002	0.0002	0.0002	0.0002	0.0002	0.0002	0.0002	0.0002	0.0002	0.0002	0.0002	0.0002
45	0.008	0.008	0.008	0.008	0.008	0.008	0.008	0.008	0.008	0.008	0.008	0.008	0.008	0.008	0.008	0.008	0.008	0.008	0.008	0.008	0.008	0.008	0.008	0.008	0.008	0.008	0.008	0.008	0.008	0.008	0.008	0.008	0.008	0.008	0.008	0.008	0.008	0.008	0.008	0.008	0.008	0.008	0.008	0.008	0.008	0.008	0.008	0.008	0.008	0.008	0.008	0.008	0.008	0.008	0.008	0.008	0.008	0.008	0.008	0.008	0.008	0.008	0.008	0.008	0.008	0.008	0.008	0.008	0.008	0.008	0.008	0.008	0.008	0.008	0.008	0.008	0.008	0.008	0.008	0.008	0.008	0.008	0.008	0.008	0.008	0.008	0.008	0.008	0.008	0.008	0.008	0.008	0.008	0.008	0.008	0.008	0.008	0.008	0.008	0.008	0.008	0.008	0.008	0.008	0.008	0.008	0.008	0.008	0.008	0.008	0.008	0.008	0.008	0.008	0.008	0.008	0.008	0.008	0.008	0.008	0.008	0.008	0.008	0.008	0.008	0.008	0.008	0.008	0.008	0.008	0.008	0.008	0.008	0.008	0.008	0.008	0.008	0.008	0.008	0.008	0.008	0.008	0.008	0.008	0.008	0.008	0.008	0.008	0.008	0.008	0.008	0.008	0.008	0.008	0.008	0.008	0.008	0.008	0.008	0.008	0.008	0.008	0.008	0.008	0.008	0.008	0.008	0.008	0.008	0.008	0.008	0.008	0.008	0.008	0.008	0.008	0.008	0.008	0.008	0.008	0.008	0.008	0.008	0.008	0.008	0.008	0.008	0.008	0.0097	0.0097	0.0097	0.0097	0.0097	0.0097	0.0097	0.0097	0.0097	0.0097	0.0097	0.0097	0.0097	0.0097	0.0097	0.0097	0.0097	0.0097	0.0097	0.0097	0.0097	0.0097	0.0097	0.0097	0.0097	0.0097	0.0097	0.0097	0.0097	0.0097	0.0097	0.0097	0.0097	0.0097	0.0097	0.0097	0.0097	0.0097	0.0097	0.0097	0.0097	0.0097	0.0097	0.0097	0.0097	0.0097	0.0097	0.0097	0.0097	0.0097	0.0097	0.0097	0.0097	0.0097	0.0097	0.0097	0.0097	0.0097	0.0097	0.0097	0.0097	0.0097	0.0097	0.0097	0.0097	0.0097	0.0097	0.0097	0.0097	0.0097	0.0097	0.0097	0.0097	0.0097	0.0097	0.0097	0.0097	0.0097	0.0097	0.0097	0.0097	0.0097	0.0097	0.0097	0.0097	0.0097	0.0097	0.0097	0.0097	0.0097	0.0097	0.0097	0.0097	0.0097	0.0097	0.0097	0.0097	0.0097	0.0097	0.0097	0.0097	0.0097	0.0097	0.0097	0.0097	0.0097	0.0097	0.0097	0.0097	0.0097	0.0097	0.0097	0.0097	0.0097	0.0097	0.0097	0.0097	0.0097	0.0097	0.0097	0.0097	0.0097	0.0097	0.0097	0.0097	0.0097	0.0097	0.0097	0.0097	0.0097	0.0097	0.0097	0.0097	0.0097	0.0097	0.0097	0.0097	0.0097	0.0097	0.0097	0.0097	0.0097	0.0483	0.0483	0.0483	0.0483	0.0483	0.0483	0.0483	0.0483	0.0483	0.0483	0.0483	0.0483	0.0483	0.0483	0.0483	0.0483	0.0483	0.0483	0.0483	0.0483	0.0483	0.0483	0.0483	0.0483	0.0483	0.0483	0.0483	0.0483	0.0483	0.0483	0.0483	0.0125	0.0483	0.0483	0.0483	0.0483	0.0483	0.0483	0.0483	0.0483	0.0483	0.0483	0.0483	0.0483	0.0483	0.0483	0.0483	0.0483	0.0483	0.0483	0.0483	0.0483	0.0483	0.0483	0.0483	0.0483	0.0483	0.0483	0.0483	0.0483	0.0483	0.0483	0.0483	0.0483	0.0483	0.0483	0.0483	0.0483	0.0483	0.0059	0.0483	0.0483	0.0483	0.0483	0.0483	0.0483	0.0483	0.0483	0.0483	0.0483	0.0483	0.0483	0.0483	0.0483	0.0483	0.0483	0.0483	0.0483	0.0483	0.0483	0.0483	0.0483	0.0483	0.0483	0.0483	0.0483	0.0483	0.0483	0.0483	0.0483	0.0483	0.0483	0.0483	0.0483	0.0483	0.0483	0.0483	0.0483	0.0483	0.0483	0.0483	0.0483	0.0483	0.0483	0.0483	0.0483	0.0483	0.0483	0.0483	0.0483	0.0483	0.0483	0.0483	0.0483	0.0483	0.0483	0.0483	0.0483	0.0483	0.0483	0.0483	0.0483	0.0483	0.0483	0.0125	0.0483	0.0483	0.0483	0.0483	0.0483	0.0483	0.0483	0.0483	0.0483	0.0483	0.0483	0.0483	0.0483	0.0483	0.0483	0.0483	0.0483	0.0483	0.0483	0.0483	0.0483	0.0483	0.0483	0.0483	0.0483	0.0483	0.0483	0.0483	0.0483	0.0483	0.0483	0.0483	0.0483	0.0483	0.0483	0.0483	0.0483	0.0483	0.0483	0.0483	0.0483	0.0483	0.0483	0.0483	0.0483	0.0483	0.0483	0.0483	0.0483	0.0483	0.0483	0.0483	0.0483	0.0483	0.0059	0.0059	0.0059	0.0059	0.0059	0.0059	0.0059	0.0059	0.0483	0.0125	0.0059	0.0059	0.0059	0.0483	0.0059	0.0059	0.0059	0.0483	0.0059	0.0059	0.0059	0.0059	0.0059	0.0059	0.0059	0.0059	0.0059	0.0059	0.0059	0.0125	0.0059	0.0059	0.0059	0.0059	0.0059	0.0059	0.0059	0.0059	0.0125	0.0059	0.0059	0.0059	0.0059	0.0059	0.0059	0.0059	0.0059	0.0483	0.0059	0.0059	0.0059	0.0059	0.0059	0.0059	0.0059	0.0059	0.0059	0.0059	0.0059	0.0059	0.0059	0.0059	0.0059	0.0059	0.0059	0.0059	0.0059	0.0059	0.0059	0.0059	0.0059	0.0059	0.0059	0.0059	0.0059	0.0059	0.0059	0.0059	0.0059	0.0059	0.0059
46	0.0177	0.0177	0.0177	0.0177	0.0177	0.0177	0.0177	0.0177	0.0177	0.0177	0.0177	0.0177	0.0177	0.0177	0.0177	0.0177	0.0177	0.0177	0.0177	0.0177	0.0177	0.0177	0.0177	0.0177	0.0177	0.0177	0.0177	0.0177	0.0177	0.0177	0.0177	0.0177	0.0177	0.0177	0.0177	0.0177	0.0177	0.0177	0.0177	0.0177	0.0177	0.0177	0.0177	0.0177	0.0177	0.0177	0.0177	0.0177	0.0177	0.0177	0.0177	0.0177	0.0177	0.0177	0.0177	0.0177	0.0177	0.0177	0.0177	0.0177	0.0177	0.0177	0.0177	0.0177	0.0177	0.0177	0.0177	0.0177	0.0177	0.0177	0.0177	0.0177	0.0177	0.0177	0.0177	0.0177	0.0177	0.0177	0.0177	0.0177	0.0177	0.0177	0.0177	0.0177	0.0177	0.0177	0.0177	0.0177	0.0177	0.0177	0.0177	0.0177	0.0177	0.0177	0.0177	0.0177	0.0177	0.0177	0.0177	0.0177	0.0177	0.0177	0.0177	0.0177	0.0177	0.0177	0.0177	0.0177	0.0177	0.0177	0.0177	0.0177	0.0177	0.0177	0.0177	0.0177	0.0177	0.0177	0.0177	0.0177	0.0177	0.0177	0.0177	0.0177	0.0177	0.0177	0.0177	0.0177	0.0177	0.0177	0.0177	0.0177	0.0177	0.0177	0.0177	0.0177	0.0177	0.0177	0.0177	0.0177	0.0177	0.0177	0.0177	0.0177	0.0177	0.0177	0.0177	0.0177	0.0177	0.0177	0.0177	0.0177	0.0177	0.0177	0.0177	0.0177	0.0177	0.0177	0.0177	0.0177	0.0177	0.0177	0.0177	0.0177	0.0177	0.0177	0.0177	0.0177	0.0177	0.0177	0.0177	0.0177	0.0177	0.0177	0.0177	0.0177	0.0177	0.0177	0.0177	0.0177	0.0177	0.0177	0.0177	0.0177	0.0177	0.0177	0.0177	0.0177	0.0023	0.0023	0.0023	0.0023	0.0023	0.0023	0.0023	0.0023	0.0023	0.0023	0.0023	0.0023	0.0023	0.0023	0.0023	0.0023	0.0023	0.0023	0.0023	0.0023	0.0023	0.0023	0.0023	0.0023	0.0023	0.0023	0.0023	0.0023	0.0023	0.0023	0.0023	0.0023	0.0023	0.0023	0.0023	0.0023	0.0023	0.0023	0.0023	0.0023	0.0023	0.0023	0.0023	0.0023	0.0023	0.0023	0.0023	0.0023	0.0023	0.0023	0.0023	0.0023	0.0023	0.0023	0.0023	0.0023	0.0023	0.0023	0.0023	0.0023	0.0023	0.0023	0.0023	0.0023	0.0023	0.0023	0.0023	0.0023	0.0023	0.0023	0.0023	0.0023	0.0023	0.0023	0.0023	0.0023	0.0023	0.0023	0.0023	0.0023	0.0023	0.0023	0.0023	0.0023	0.0023	0.0023	0.0023	0.0023	0.0023	0.0023	0.0023	0.0023	0.0023	0.0023	0.0023	0.0023	0.0023	0.0023	0.0023	0.0023	0.0023	0.0023	0.0023	0.0023	0.0023	0.0023	0.0023	0.0023	0.0023	0.0023	0.0023	0.0023	0.0023	0.0023	0.0023	0.0023	0.0023	0.0023	0.0023	0.0023	0.0023	0.0023	0.0023	0.0023	0.0023	0.0023	0.0023	0.0023	0.0023	0.0023	0.0023	0.0023	0.0023	0.0023	0.0023	0.0023	0.0023	0.0023	0.0023	0.0023	0.0023	0.0023	0.0019	0.0019	0.0019	0.0019	0.0019	0.0019	0.0019	0.0019	0.0019	0.0019	0.0019	0.0019	0.0019	0.0019	0.0019	0.0019	0.0019	0.0019	0.0019	0.0019	0.0019	0.0019	0.0019	0.0019	0.0019	0.0019	0.0019	0.0019	0.0019	0.0019	0.0019	0.0067	0.0019	0.0019	0.0019	0.0019	0.0019	0.0019	0.0019	0.0019	0.0019	0.0019	0.0019	0.0019	0.0019	0.0019	0.0019	0.0019	0.0019	0.0019	0.0019	0.0019	0.0019	0.0019	0.0019	0.0019	0.0019	0.0019	0.0019	0.0019	0.0019	0.0019	0.0019	0.0019	0.0019	0.0019	0.0019	0.0019	0.0019	0.0053	0.0019	0.0019	0.0019	0.0019	0.0019	0.0019	0.0019	0.0019	0.0019	0.0019	0.0019	0.0019	0.0019	0.0019	0.0019	0.0019	0.0019	0.0019	0.0019	0.0019	0.0019	0.0019	0.0019	0.0019	0.0019	0.0019	0.0019	0.0019	0.0019	0.0019	0.0019	0.0019	0.0019	0.0019	0.0019	0.0019	0.0019	0.0019	0.0019	0.0019	0.0019	0.0019	0.0019	0.0019	0.0019	0.0019	0.0019	0.0019	0.0019	0.0019	0.0019	0.0019	0.0019	0.0019	0.0019	0.0019	0.0019	0.0019	0.0019	0.0019	0.0019	0.0019	0.0019	0.0019	0.0067	0.0019	0.0019	0.0019	0.0019	0.0019	0.0019	0.0019	0.0019	0.0019	0.0019	0.0019	0.0019	0.0019	0.0019	0.0019	0.0019	0.0019	0.0019	0.0019	0.0019	0.0019	0.0019	0.0019	0.0019	0.0019	0.0019	0.0019	0.0019	0.0019	0.0019	0.0019	0.0019	0.0019	0.0019	0.0019	0.0019	0.0019	0.0019	0.0019	0.0019	0.0019	0.0019	0.0019	0.0019	0.0019	0.0019	0.0019	0.0019	0.0019	0.0019	0.0019	0.0019	0.0019	0.0019	0.0053	0.0053	0.0053	0.0053	0.0053	0.0053	0.0053	0.0053	0.0019	0.0067	0.0053	0.0053	0.0053	0.0019	0.0053	0.0053	0.0053	0.0019	0.0053	0.0053	0.0053	0.0053	0.0053	0.0053	0.0053	0.0053	0.0053	0.0053	0.0053	0.0067	0.0053	0.0053	0.0053	0.0053	0.0053	0.0053	0.0053	0.0053	0.0067	0.0053	0.0053	0.0053	0.0053	0.0053	0.0053	0.0053	0.0053	0.0019	0.0053	0.0053	0.0053	0.0053	0.0053	0.0053	0.0053	0.0053	0.0053	0.0053	0.0053	0.0053	0.0053	0.0053	0.0053	0.0053	0.0053	0.0053	0.0053	0.0053	0.0053	0.0053	0.0053	0.0053	0.0053	0.0053	0.0053	0.0053	0.0053	0.0053	0.0053	0.0053	0.0053
47	0.0178	0.0178	0.0178	0.0178	0.0178	0.0178	0.0178	0.0178	0.0178	0.0178	0.0178	0.0178	0.0178	0.0178	0.0178	0.0178	0.0178	0.0178	0.0178	0.0178	0.0178	0.0178	0.0178	0.0178	0.0178	0.0178	0.0178	0.0178	0.0178	0.0178	0.0178	0.0178	0.0178	0.0178	0.0178	0.0178	0.0178	0.0178	0.0178	0.0178	0.0178	0.0178	0.0178	0.0178	0.0178	0.0178	0.0178	0.0178	0.0178	0.0178	0.0178	0.0178	0.0178	0.0178	0.0178	0.0178	0.0178	0.0178	0.0178	0.0178	0.0178	0.0178	0.0178	0.0178	0.0178	0.0178	0.0178	0.0178	0.0178	0.0178	0.0178	0.0178	0.0178	0.0178	0.0178	0.0178	0.0178	0.0178	0.0178	0.0178	0.0178	0.0178	0.0178	0.0178	0.0178	0.0178	0.0178	0.0178	0.0178	0.0178	0.0178	0.0178	0.0178	0.0178	0.0178	0.0178	0.0178	0.0178	0.0178	0.0178	0.0178	0.0178	0.0178	0.0178	0.0178	0.0178	0.0178	0.0178	0.0178	0.0178	0.0178	0.0178	0.0178	0.0178	0.0178	0.0178	0.0178	0.0178	0.0178	0.0178	0.0178	0.0178	0.0178	0.0178	0.0178	0.0178	0.0178	0.0178	0.0178	0.0178	0.0178	0.0178	0.0178	0.0178	0.0178	0.0178	0.0178	0.0178	0.0178	0.0178	0.0178	0.0178	0.0178	0.0178	0.0178	0.0178	0.0178	0.0178	0.0178	0.0178	0.0178	0.0178	0.0178	0.0178	0.0178	0.0178	0.0178	0.0178	0.0178	0.0178	0.0178	0.0178	0.0178	0.0178	0.0178	0.0178	0.0178	0.0178	0.0178	0.0178	0.0178	0.0178	0.0178	0.0178	0.0178	0.0178	0.0178	0.0178	0.0178	0.0178	0.0178	0.0178	0.0178	0.0178	0.0178	0.0178	0.0178	0.0178	0.0099	0.0099	0.0099	0.0099	0.0099	0.0099	0.0099	0.0099	0.0099	0.0099	0.0099	0.0099	0.0099	0.0099	0.0099	0.0099	0.0099	0.0099	0.0099	0.0099	0.0099	0.0099	0.0099	0.0099	0.0099	0.0099	0.0099	0.0099	0.0099	0.0099	0.0099	0.0099	0.0099	0.0099	0.0099	0.0099	0.0099	0.0099	0.0099	0.0099	0.0099	0.0099	0.0099	0.0099	0.0099	0.0099	0.0099	0.0099	0.0099	0.0099	0.0099	0.0099	0.0099	0.0099	0.0099	0.0099	0.0099	0.0099	0.0099	0.0099	0.0099	0.0099	0.0099	0.0099	0.0099	0.0099	0.0099	0.0099	0.0099	0.0099	0.0099	0.0099	0.0099	0.0099	0.0099	0.0099	0.0099	0.0099	0.0099	0.0099	0.0099	0.0099	0.0099	0.0099	0.0099	0.0099	0.0099	0.0099	0.0099	0.0099	0.0099	0.0099	0.0099	0.0099	0.0099	0.0099	0.0099	0.0099	0.0099	0.0099	0.0099	0.0099	0.0099	0.0099	0.0099	0.0099	0.0099	0.0099	0.0099	0.0099	0.0099	0.0099	0.0099	0.0099	0.0099	0.0099	0.0099	0.0099	0.0099	0.0099	0.0099	0.0099	0.0099	0.0099	0.0099	0.0099	0.0099	0.0099	0.0099	0.0099	0.0099	0.0099	0.0099	0.0099	0.0099	0.0099	0.0099	0.0099	0.0099	0.0099	0.0099	0.0099	0.0006	0.0006	0.0006	0.0006	0.0006	0.0006	0.0006	0.0006	0.0006	0.0006	0.0006	0.0006	0.0006	0.0006	0.0006	0.0006	0.0006	0.0006	0.0006	0.0006	0.0006	0.0006	0.0006	0.0006	0.0006	0.0006	0.0006	0.0006	0.0006	0.0006	0.0006	0.0104	0.0006	0.0006	0.0006	0.0006	0.0006	0.0006	0.0006	0.0006	0.0006	0.0006	0.0006	0.0006	0.0006	0.0006	0.0006	0.0006	0.0006	0.0006	0.0006	0.0006	0.0006	0.0006	0.0006	0.0006	0.0006	0.0006	0.0006	0.0006	0.0006	0.0006	0.0006	0.0006	0.0006	0.0006	0.0006	0.0006	0.0006	0.0044	0.0006	0.0006	0.0006	0.0006	0.0006	0.0006	0.0006	0.0006	0.0006	0.0006	0.0006	0.0006	0.0006	0.0006	0.0006	0.0006	0.0006	0.0006	0.0006	0.0006	0.0006	0.0006	0.0006	0.0006	0.0006	0.0006	0.0006	0.0006	0.0006	0.0006	0.0006	0.0006	0.0006	0.0006	0.0006	0.0006	0.0006	0.0006	0.0006	0.0006	0.0006	0.0006	0.0006	0.0006	0.0006	0.0006	0.0006	0.0006	0.0006	0.0006	0.0006	0.0006	0.0006	0.0006	0.0006	0.0006	0.0006	0.0006	0.0006	0.0006	0.0006	0.0006	0.0006	0.0006	0.0104	0.0006	0.0006	0.0006	0.0006	0.0006	0.0006	0.0006	0.0006	0.0006	0.0006	0.0006	0.0006	0.0006	0.0006	0.0006	0.0006	0.0006	0.0006	0.0006	0.0006	0.0006	0.0006	0.0006	0.0006	0.0006	0.0006	0.0006	0.0006	0.0006	0.0006	0.0006	0.0006	0.0006	0.0006	0.0006	0.0006	0.0006	0.0006	0.0006	0.0006	0.0006	0.0006	0.0006	0.0006	0.0006	0.0006	0.0006	0.0006	0.0006	0.0006	0.0006	0.0006	0.0006	0.0006	0.0044	0.0044	0.0044	0.0044	0.0044	0.0044	0.0044	0.0044	0.0006	0.0104	0.0044	0.0044	0.0044	0.0006	0.0044	0.0044	0.0044	0.0006	0.0044	0.0044	0.0044	0.0044	0.0044	0.0044	0.0044	0.0044	0.0044	0.0044	0.0044	0.0104	0.0044	0.0044	0.0044	0.0044	0.0044	0.0044	0.0044	0.0044	0.0104	0.0044	0.0044	0.0044	0.0044	0.0044	0.0044	0.0044	0.0044	0.0006	0.0044	0.0044	0.0044	0.0044	0.0044	0.0044	0.0044	0.0044	0.0044	0.0044	0.0044	0.0044	0.0044	0.0044	0.0044	0.0044	0.0044	0.0044	0.0044	0.0044	0.0044	0.0044	0.0044	0.0044	0.0044	0.0044	0.0044	0.0044	0.0044	0.0044	0.0044	0.0044	0.0044
48	0.0059	0.0059	0.0059	0.0059	0.0059	0.0059	0.0059	0.0059	0.0059	0.0059	0.0059	0.0059	0.0059	0.0059	0.0059	0.0059	0.0059	0.0059	0.0059	0.0059	0.0059	0.0059	0.0059	0.0059	0.0059	0.0059	0.0059	0.0059	0.0059	0.0059	0.0059	0.0059	0.0059	0.0059	0.0059	0.0059	0.0059	0.0059	0.0059	0.0059	0.0059	0.0059	0.0059	0.0059	0.0059	0.0059	0.0059	0.0059	0.0059	0.0059	0.0059	0.0059	0.0059	0.0059	0.0059	0.0059	0.0059	0.0059	0.0059	0.0059	0.0059	0.0059	0.0059	0.0059	0.0059	0.0059	0.0059	0.0059	0.0059	0.0059	0.0059	0.0059	0.0059	0.0059	0.0059	0.0059	0.0059	0.0059	0.0059	0.0059	0.0059	0.0059	0.0059	0.0059	0.0059	0.0059	0.0059	0.0059	0.0059	0.0059	0.0059	0.0059	0.0059	0.0059	0.0059	0.0059	0.0059	0.0059	0.0059	0.0059	0.0059	0.0059	0.0059	0.0059	0.0059	0.0059	0.0059	0.0059	0.0059	0.0059	0.0059	0.0059	0.0059	0.0059	0.0059	0.0059	0.0059	0.0059	0.0059	0.0059	0.0059	0.0059	0.0059	0.0059	0.0059	0.0059	0.0059	0.0059	0.0059	0.0059	0.0059	0.0059	0.0059	0.0059	0.0059	0.0059	0.0059	0.0059	0.0059	0.0059	0.0059	0.0059	0.0059	0.0059	0.0059	0.0059	0.0059	0.0059	0.0059	0.0059	0.0059	0.0059	0.0059	0.0059	0.0059	0.0059	0.0059	0.0059	0.0059	0.0059	0.0059	0.0059	0.0059	0.0059	0.0059	0.0059	0.0059	0.0059	0.0059	0.0059	0.0059	0.0059	0.0059	0.0059	0.0059	0.0059	0.0059	0.0059	0.0059	0.0059	0.0059	0.0059	0.0059	0.0059	0.0059	0.0059	0.0059	0.0059	0.0016	0.0016	0.0016	0.0016	0.0016	0.0016	0.0016	0.0016	0.0016	0.0016	0.0016	0.0016	0.0016	0.0016	0.0016	0.0016	0.0016	0.0016	0.0016	0.0016	0.0016	0.0016	0.0016	0.0016	0.0016	0.0016	0.0016	0.0016	0.0016	0.0016	0.0016	0.0016	0.0016	0.0016	0.0016	0.0016	0.0016	0.0016	0.0016	0.0016	0.0016	0.0016	0.0016	0.0016	0.0016	0.0016	0.0016	0.0016	0.0016	0.0016	0.0016	0.0016	0.0016	0.0016	0.0016	0.0016	0.0016	0.0016	0.0016	0.0016	0.0016	0.0016	0.0016	0.0016	0.0016	0.0016	0.0016	0.0016	0.0016	0.0016	0.0016	0.0016	0.0016	0.0016	0.0016	0.0016	0.0016	0.0016	0.0016	0.0016	0.0016	0.0016	0.0016	0.0016	0.0016	0.0016	0.0016	0.0016	0.0016	0.0016	0.0016	0.0016	0.0016	0.0016	0.0016	0.0016	0.0016	0.0016	0.0016	0.0016	0.0016	0.0016	0.0016	0.0016	0.0016	0.0016	0.0016	0.0016	0.0016	0.0016	0.0016	0.0016	0.0016	0.0016	0.0016	0.0016	0.0016	0.0016	0.0016	0.0016	0.0016	0.0016	0.0016	0.0016	0.0016	0.0016	0.0016	0.0016	0.0016	0.0016	0.0016	0.0016	0.0016	0.0016	0.0016	0.0016	0.0016	0.0016	0.0016	0.0016	0.0016	0.0016	0.0057	0.0057	0.0057	0.0057	0.0057	0.0057	0.0057	0.0057	0.0057	0.0057	0.0057	0.0057	0.0057	0.0057	0.0057	0.0057	0.0057	0.0057	0.0057	0.0057	0.0057	0.0057	0.0057	0.0057	0.0057	0.0057	0.0057	0.0057	0.0057	0.0057	0.0057	0.0139	0.0057	0.0057	0.0057	0.0057	0.0057	0.0057	0.0057	0.0057	0.0057	0.0057	0.0057	0.0057	0.0057	0.0057	0.0057	0.0057	0.0057	0.0057	0.0057	0.0057	0.0057	0.0057	0.0057	0.0057	0.0057	0.0057	0.0057	0.0057	0.0057	0.0057	0.0057	0.0057	0.0057	0.0057	0.0057	0.0057	0.0057	0.0073	0.0057	0.0057	0.0057	0.0057	0.0057	0.0057	0.0057	0.0057	0.0057	0.0057	0.0057	0.0057	0.0057	0.0057	0.0057	0.0057	0.0057	0.0057	0.0057	0.0057	0.0057	0.0057	0.0057	0.0057	0.0057	0.0057	0.0057	0.0057	0.0057	0.0057	0.0057	0.0057	0.0057	0.0057	0.0057	0.0057	0.0057	0.0057	0.0057	0.0057	0.0057	0.0057	0.0057	0.0057	0.0057	0.0057	0.0057	0.0057	0.0057	0.0057	0.0057	0.0057	0.0057	0.0057	0.0057	0.0057	0.0057	0.0057	0.0057	0.0057	0.0057	0.0057	0.0057	0.0057	0.0139	0.0057	0.0057	0.0057	0.0057	0.0057	0.0057	0.0057	0.0057	0.0057	0.0057	0.0057	0.0057	0.0057	0.0057	0.0057	0.0057	0.0057	0.0057	0.0057	0.0057	0.0057	0.0057	0.0057	0.0057	0.0057	0.0057	0.0057	0.0057	0.0057	0.0057	0.0057	0.0057	0.0057	0.0057	0.0057	0.0057	0.0057	0.0057	0.0057	0.0057	0.0057	0.0057	0.0057	0.0057	0.0057	0.0057	0.0057	0.0057	0.0057	0.0057	0.0057	0.0057	0.0057	0.0057	0.0073	0.0073	0.0073	0.0073	0.0073	0.0073	0.0073	0.0073	0.0057	0.0139	0.0073	0.0073	0.0073	0.0057	0.0073	0.0073	0.0073	0.0057	0.0073	0.0073	0.0073	0.0073	0.0073	0.0073	0.0073	0.0073	0.0073	0.0073	0.0073	0.0139	0.0073	0.0073	0.0073	0.0073	0.0073	0.0073	0.0073	0.0073	0.0139	0.0073	0.0073	0.0073	0.0073	0.0073	0.0073	0.0073	0.0073	0.0057	0.0073	0.0073	0.0073	0.0073	0.0073	0.0073	0.0073	0.0073	0.0073	0.0073	0.0073	0.0073	0.0073	0.0073	0.0073	0.0073	0.0073	0.0073	0.0073	0.0073	0.0073	0.0073	0.0073	0.0073	0.0073	0.0073	0.0073	0.0073	0.0073	0.0073	0.0073	0.0073	0.0073
49	0.0192	0.0192	0.0192	0.0192	0.0192	0.0192	0.0192	0.0192	0.0192	0.0192	0.0192	0.0192	0.0192	0.0192	0.0192	0.0192	0.0192	0.0192	0.0192	0.0192	0.0192	0.0192	0.0192	0.0192	0.0192	0.0192	0.0192	0.0192	0.0192	0.0192	0.0192	0.0192	0.0192	0.0192	0.0192	0.0192	0.0192	0.0192	0.0192	0.0192	0.0192	0.0192	0.0192	0.0192	0.0192	0.0192	0.0192	0.0192	0.0192	0.0192	0.0192	0.0192	0.0192	0.0192	0.0192	0.0192	0.0192	0.0192	0.0192	0.0192	0.0192	0.0192	0.0192	0.0192	0.0192	0.0192	0.0192	0.0192	0.0192	0.0192	0.0192	0.0192	0.0192	0.0192	0.0192	0.0192	0.0192	0.0192	0.0192	0.0192	0.0192	0.0192	0.0192	0.0192	0.0192	0.0192	0.0192	0.0192	0.0192	0.0192	0.0192	0.0192	0.0192	0.0192	0.0192	0.0192	0.0192	0.0192	0.0192	0.0192	0.0192	0.0192	0.0192	0.0192	0.0192	0.0192	0.0192	0.0192	0.0192	0.0192	0.0192	0.0192	0.0192	0.0192	0.0192	0.0192	0.0192	0.0192	0.0192	0.0192	0.0192	0.0192	0.0192	0.0192	0.0192	0.0192	0.0192	0.0192	0.0192	0.0192	0.0192	0.0192	0.0192	0.0192	0.0192	0.0192	0.0192	0.0192	0.0192	0.0192	0.0192	0.0192	0.0192	0.0192	0.0192	0.0192	0.0192	0.0192	0.0192	0.0192	0.0192	0.0192	0.0192	0.0192	0.0192	0.0192	0.0192	0.0192	0.0192	0.0192	0.0192	0.0192	0.0192	0.0192	0.0192	0.0192	0.0192	0.0192	0.0192	0.0192	0.0192	0.0192	0.0192	0.0192	0.0192	0.0192	0.0192	0.0192	0.0192	0.0192	0.0192	0.0192	0.0192	0.0192	0.0192	0.0192	0.0192	0.0192	0.0028	0.0028	0.0028	0.0028	0.0028	0.0028	0.0028	0.0028	0.0028	0.0028	0.0028	0.0028	0.0028	0.0028	0.0028	0.0028	0.0028	0.0028	0.0028	0.0028	0.0028	0.0028	0.0028	0.0028	0.0028	0.0028	0.0028	0.0028	0.0028	0.0028	0.0028	0.0028	0.0028	0.0028	0.0028	0.0028	0.0028	0.0028	0.0028	0.0028	0.0028	0.0028	0.0028	0.0028	0.0028	0.0028	0.0028	0.0028	0.0028	0.0028	0.0028	0.0028	0.0028	0.0028	0.0028	0.0028	0.0028	0.0028	0.0028	0.0028	0.0028	0.0028	0.0028	0.0028	0.0028	0.0028	0.0028	0.0028	0.0028	0.0028	0.0028	0.0028	0.0028	0.0028	0.0028	0.0028	0.0028	0.0028	0.0028	0.0028	0.0028	0.0028	0.0028	0.0028	0.0028	0.0028	0.0028	0.0028	0.0028	0.0028	0.0028	0.0028	0.0028	0.0028	0.0028	0.0028	0.0028	0.0028	0.0028	0.0028	0.0028	0.0028	0.0028	0.0028	0.0028	0.0028	0.0028	0.0028	0.0028	0.0028	0.0028	0.0028	0.0028	0.0028	0.0028	0.0028	0.0028	0.0028	0.0028	0.0028	0.0028	0.0028	0.0028	0.0028	0.0028	0.0028	0.0028	0.0028	0.0028	0.0028	0.0028	0.0028	0.0028	0.0028	0.0028	0.0028	0.0028	0.0028	0.0028	0.0028	0.0028	0.0028	0.0001	0.0001	0.0001	0.0001	0.0001	0.0001	0.0001	0.0001	0.0001	0.0001	0.0001	0.0001	0.0001	0.0001	0.0001	0.0001	0.0001	0.0001	0.0001	0.0001	0.0001	0.0001	0.0001	0.0001	0.0001	0.0001	0.0001	0.0001	0.0001	0.0001	0.0001	0.0028	0.0001	0.0001	0.0001	0.0001	0.0001	0.0001	0.0001	0.0001	0.0001	0.0001	0.0001	0.0001	0.0001	0.0001	0.0001	0.0001	0.0001	0.0001	0.0001	0.0001	0.0001	0.0001	0.0001	0.0001	0.0001	0.0001	0.0001	0.0001	0.0001	0.0001	0.0001	0.0001	0.0001	0.0001	0.0001	0.0001	0.0001	0.0009	0.0001	0.0001	0.0001	0.0001	0.0001	0.0001	0.0001	0.0001	0.0001	0.0001	0.0001	0.0001	0.0001	0.0001	0.0001	0.0001	0.0001	0.0001	0.0001	0.0001	0.0001	0.0001	0.0001	0.0001	0.0001	0.0001	0.0001	0.0001	0.0001	0.0001	0.0001	0.0001	0.0001	0.0001	0.0001	0.0001	0.0001	0.0001	0.0001	0.0001	0.0001	0.0001	0.0001	0.0001	0.0001	0.0001	0.0001	0.0001	0.0001	0.0001	0.0001	0.0001	0.0001	0.0001	0.0001	0.0001	0.0001	0.0001	0.0001	0.0001	0.0001	0.0001	0.0001	0.0001	0.0028	0.0001	0.0001	0.0001	0.0001	0.0001	0.0001	0.0001	0.0001	0.0001	0.0001	0.0001	0.0001	0.0001	0.0001	0.0001	0.0001	0.0001	0.0001	0.0001	0.0001	0.0001	0.0001	0.0001	0.0001	0.0001	0.0001	0.0001	0.0001	0.0001	0.0001	0.0001	0.0001	0.0001	0.0001	0.0001	0.0001	0.0001	0.0001	0.0001	0.0001	0.0001	0.0001	0.0001	0.0001	0.0001	0.0001	0.0001	0.0001	0.0001	0.0001	0.0001	0.0001	0.0001	0.0001	0.0009	0.0009	0.0009	0.0009	0.0009	0.0009	0.0009	0.0009	0.0001	0.0028	0.0009	0.0009	0.0009	0.0001	0.0009	0.0009	0.0009	0.0001	0.0009	0.0009	0.0009	0.0009	0.0009	0.0009	0.0009	0.0009	0.0009	0.0009	0.0009	0.0028	0.0009	0.0009	0.0009	0.0009	0.0009	0.0009	0.0009	0.0009	0.0028	0.0009	0.0009	0.0009	0.0009	0.0009	0.0009	0.0009	0.0009	0.0001	0.0009	0.0009	0.0009	0.0009	0.0009	0.0009	0.0009	0.0009	0.0009	0.0009	0.0009	0.0009	0.0009	0.0009	0.0009	0.0009	0.0009	0.0009	0.0009	0.0009	0.0009	0.0009	0.0009	0.0009	0.0009	0.0009	0.0009	0.0009	0.0009	0.0009	0.0009	0.0009	0.0009
50	0.0009	0.0009	0.0009	0.0009	0.0009	0.0009	0.0009	0.0009	0.0009	0.0009	0.0009	0.0009	0.0009	0.0009	0.0009	0.0009	0.0009	0.0009	0.0009	0.0009	0.0009	0.0009	0.0009	0.0009	0.0009	0.0009	0.0009	0.0009	0.0009	0.0009	0.0009	0.0009	0.0009	0.0009	0.0009	0.0009	0.0009	0.0009	0.0009	0.0009	0.0009	0.0009	0.0009	0.0009	0.0009	0.0009	0.0009	0.0009	0.0009	0.0009	0.0009	0.0009	0.0009	0.0009	0.0009	0.0009	0.0009	0.0009	0.0009	0.0009	0.0009	0.0009	0.0009	0.0009	0.0009	0.0009	0.0009	0.0009	0.0009	0.0009	0.0009	0.0009	0.0009	0.0009	0.0009	0.0009	0.0009	0.0009	0.0009	0.0009	0.0009	0.0009	0.0009	0.0009	0.0009	0.0009	0.0009	0.0009	0.0009	0.0009	0.0009	0.0009	0.0009	0.0009	0.0009	0.0009	0.0009	0.0009	0.0009	0.0009	0.0009	0.0009	0.0009	0.0009	0.0009	0.0009	0.0009	0.0009	0.0009	0.0009	0.0009	0.0009	0.0009	0.0009	0.0009	0.0009	0.0009	0.0009	0.0009	0.0009	0.0009	0.0009	0.0009	0.0009	0.0009	0.0009	0.0009	0.0009	0.0009	0.0009	0.0009	0.0009	0.0009	0.0009	0.0009	0.0009	0.0009	0.0009	0.0009	0.0009	0.0009	0.0009	0.0009	0.0009	0.0009	0.0009	0.0009	0.0009	0.0009	0.0009	0.0009	0.0009	0.0009	0.0009	0.0009	0.0009	0.0009	0.0009	0.0009	0.0009	0.0009	0.0009	0.0009	0.0009	0.0009	0.0009	0.0009	0.0009	0.0009	0.0009	0.0009	0.0009	0.0009	0.0009	0.0009	0.0009	0.0009	0.0009	0.0009	0.0009	0.0009	0.0009	0.0009	0.0009	0.0009	0.0009	0.0009	0.0009	0.0011	0.0011	0.0011	0.0011	0.0011	0.0011	0.0011	0.0011	0.0011	0.0011	0.0011	0.0011	0.0011	0.0011	0.0011	0.0011	0.0011	0.0011	0.0011	0.0011	0.0011	0.0011	0.0011	0.0011	0.0011	0.0011	0.0011	0.0011	0.0011	0.0011	0.0011	0.0011	0.0011	0.0011	0.0011	0.0011	0.0011	0.0011	0.0011	0.0011	0.0011	0.0011	0.0011	0.0011	0.0011	0.0011	0.0011	0.0011	0.0011	0.0011	0.0011	0.0011	0.0011	0.0011	0.0011	0.0011	0.0011	0.0011	0.0011	0.0011	0.0011	0.0011	0.0011	0.0011	0.0011	0.0011	0.0011	0.0011	0.0011	0.0011	0.0011	0.0011	0.0011	0.0011	0.0011	0.0011	0.0011	0.0011	0.0011	0.0011	0.0011	0.0011	0.0011	0.0011	0.0011	0.0011	0.0011	0.0011	0.0011	0.0011	0.0011	0.0011	0.0011	0.0011	0.0011	0.0011	0.0011	0.0011	0.0011	0.0011	0.0011	0.0011	0.0011	0.0011	0.0011	0.0011	0.0011	0.0011	0.0011	0.0011	0.0011	0.0011	0.0011	0.0011	0.0011	0.0011	0.0011	0.0011	0.0011	0.0011	0.0011	0.0011	0.0011	0.0011	0.0011	0.0011	0.0011	0.0011	0.0011	0.0011	0.0011	0.0011	0.0011	0.0011	0.0011	0.0011	0.0011	0.0011	0.0011	0.0011	0.0011	0.0011	0.0045	0.0045	0.0045	0.0045	0.0045	0.0045	0.0045	0.0045	0.0045	0.0045	0.0045	0.0045	0.0045	0.0045	0.0045	0.0045	0.0045	0.0045	0.0045	0.0045	0.0045	0.0045	0.0045	0.0045	0.0045	0.0045	0.0045	0.0045	0.0045	0.0045	0.0045	0.0064	0.0045	0.0045	0.0045	0.0045	0.0045	0.0045	0.0045	0.0045	0.0045	0.0045	0.0045	0.0045	0.0045	0.0045	0.0045	0.0045	0.0045	0.0045	0.0045	0.0045	0.0045	0.0045	0.0045	0.0045	0.0045	0.0045	0.0045	0.0045	0.0045	0.0045	0.0045	0.0045	0.0045	0.0045	0.0045	0.0045	0.0045	0.0237	0.0045	0.0045	0.0045	0.0045	0.0045	0.0045	0.0045	0.0045	0.0045	0.0045	0.0045	0.0045	0.0045	0.0045	0.0045	0.0045	0.0045	0.0045	0.0045	0.0045	0.0045	0.0045	0.0045	0.0045	0.0045	0.0045	0.0045	0.0045	0.0045	0.0045	0.0045	0.0045	0.0045	0.0045	0.0045	0.0045	0.0045	0.0045	0.0045	0.0045	0.0045	0.0045	0.0045	0.0045	0.0045	0.0045	0.0045	0.0045	0.0045	0.0045	0.0045	0.0045	0.0045	0.0045	0.0045	0.0045	0.0045	0.0045	0.0045	0.0045	0.0045	0.0045	0.0045	0.0045	0.0064	0.0045	0.0045	0.0045	0.0045	0.0045	0.0045	0.0045	0.0045	0.0045	0.0045	0.0045	0.0045	0.0045	0.0045	0.0045	0.0045	0.0045	0.0045	0.0045	0.0045	0.0045	0.0045	0.0045	0.0045	0.0045	0.0045	0.0045	0.0045	0.0045	0.0045	0.0045	0.0045	0.0045	0.0045	0.0045	0.0045	0.0045	0.0045	0.0045	0.0045	0.0045	0.0045	0.0045	0.0045	0.0045	0.0045	0.0045	0.0045	0.0045	0.0045	0.0045	0.0045	0.0045	0.0045	0.0237	0.0237	0.0237	0.0237	0.0237	0.0237	0.0237	0.0237	0.0045	0.0064	0.0237	0.0237	0.0237	0.0045	0.0237	0.0237	0.0237	0.0045	0.0237	0.0237	0.0237	0.0237	0.0237	0.0237	0.0237	0.0237	0.0237	0.0237	0.0237	0.0064	0.0237	0.0237	0.0237	0.0237	0.0237	0.0237	0.0237	0.0237	0.0064	0.0237	0.0237	0.0237	0.0237	0.0237	0.0237	0.0237	0.0237	0.0045	0.0237	0.0237	0.0237	0.0237	0.0237	0.0237	0.0237	0.0237	0.0237	0.0237	0.0237	0.0237	0.0237	0.0237	0.0237	0.0237	0.0237	0.0237	0.0237	0.0237	0.0237	0.0237	0.0237	0.0237	0.0237	0.0237	0.0237	0.0237	0.0237	0.0237	0.0237	0.0237	0.0237
51	0.011	0.011	0.011	0.011	0.011	0.011	0.011	0.011	0.011	0.011	0.011	0.011	0.011	0.011	0.011	0.011	0.011	0.011	0.011	0.011	0.011	0.011	0.011	0.011	0.011	0.011	0.011	0.011	0.011	0.011	0.011	0.011	0.011	0.011	0.011	0.011	0.011	0.011	0.011	0.011	0.011	0.011	0.011	0.011	0.011	0.011	0.011	0.011	0.011	0.011	0.011	0.011	0.011	0.011	0.011	0.011	0.011	0.011	0.011	0.011	0.011	0.011	0.011	0.011	0.011	0.011	0.011	0.011	0.011	0.011	0.011	0.011	0.011	0.011	0.011	0.011	0.011	0.011	0.011	0.011	0.011	0.011	0.011	0.011	0.011	0.011	0.011	0.011	0.011	0.011	0.011	0.011	0.011	0.011	0.011	0.011	0.011	0.011	0.011	0.011	0.011	0.011	0.011	0.011	0.011	0.011	0.011	0.011	0.011	0.011	0.011	0.011	0.011	0.011	0.011	0.011	0.011	0.011	0.011	0.011	0.011	0.011	0.011	0.011	0.011	0.011	0.011	0.011	0.011	0.011	0.011	0.011	0.011	0.011	0.011	0.011	0.011	0.011	0.011	0.011	0.011	0.011	0.011	0.011	0.011	0.011	0.011	0.011	0.011	0.011	0.011	0.011	0.011	0.011	0.011	0.011	0.011	0.011	0.011	0.011	0.011	0.011	0.011	0.011	0.011	0.011	0.011	0.011	0.011	0.011	0.011	0.011	0.011	0.011	0.011	0.011	0.011	0.011	0.011	0.011	0.011	0.011	0.011	0.011	0.011	0.011	0.011	0.011	0.0022	0.0022	0.0022	0.0022	0.0022	0.0022	0.0022	0.0022	0.0022	0.0022	0.0022	0.0022	0.0022	0.0022	0.0022	0.0022	0.0022	0.0022	0.0022	0.0022	0.0022	0.0022	0.0022	0.0022	0.0022	0.0022	0.0022	0.0022	0.0022	0.0022	0.0022	0.0022	0.0022	0.0022	0.0022	0.0022	0.0022	0.0022	0.0022	0.0022	0.0022	0.0022	0.0022	0.0022	0.0022	0.0022	0.0022	0.0022	0.0022	0.0022	0.0022	0.0022	0.0022	0.0022	0.0022	0.0022	0.0022	0.0022	0.0022	0.0022	0.0022	0.0022	0.0022	0.0022	0.0022	0.0022	0.0022	0.0022	0.0022	0.0022	0.0022	0.0022	0.0022	0.0022	0.0022	0.0022	0.0022	0.0022	0.0022	0.0022	0.0022	0.0022	0.0022	0.0022	0.0022	0.0022	0.0022	0.0022	0.0022	0.0022	0.0022	0.0022	0.0022	0.0022	0.0022	0.0022	0.0022	0.0022	0.0022	0.0022	0.0022	0.0022	0.0022	0.0022	0.0022	0.0022	0.0022	0.0022	0.0022	0.0022	0.0022	0.0022	0.0022	0.0022	0.0022	0.0022	0.0022	0.0022	0.0022	0.0022	0.0022	0.0022	0.0022	0.0022	0.0022	0.0022	0.0022	0.0022	0.0022	0.0022	0.0022	0.0022	0.0022	0.0022	0.0022	0.0022	0.0022	0.0022	0.0022	0.0022	0.0022	0.0022	0.0341	0.0341	0.0341	0.0341	0.0341	0.0341	0.0341	0.0341	0.0341	0.0341	0.0341	0.0341	0.0341	0.0341	0.0341	0.0341	0.0341	0.0341	0.0341	0.0341	0.0341	0.0341	0.0341	0.0341	0.0341	0.0341	0.0341	0.0341	0.0341	0.0341	0.0341	0.0196	0.0341	0.0341	0.0341	0.0341	0.0341	0.0341	0.0341	0.0341	0.0341	0.0341	0.0341	0.0341	0.0341	0.0341	0.0341	0.0341	0.0341	0.0341	0.0341	0.0341	0.0341	0.0341	0.0341	0.0341	0.0341	0.0341	0.0341	0.0341	0.0341	0.0341	0.0341	0.0341	0.0341	0.0341	0.0341	0.0341	0.0341	0.0111	0.0341	0.0341	0.0341	0.0341	0.0341	0.0341	0.0341	0.0341	0.0341	0.0341	0.0341	0.0341	0.0341	0.0341	0.0341	0.0341	0.0341	0.0341	0.0341	0.0341	0.0341	0.0341	0.0341	0.0341	0.0341	0.0341	0.0341	0.0341	0.0341	0.0341	0.0341	0.0341	0.0341	0.0341	0.0341	0.0341	0.0341	0.0341	0.0341	0.0341	0.0341	0.0341	0.0341	0.0341	0.0341	0.0341	0.0341	0.0341	0.0341	0.0341	0.0341	0.0341	0.0341	0.0341	0.0341	0.0341	0.0341	0.0341	0.0341	0.0341	0.0341	0.0341	0.0341	0.0341	0.0196	0.0341	0.0341	0.0341	0.0341	0.0341	0.0341	0.0341	0.0341	0.0341	0.0341	0.0341	0.0341	0.0341	0.0341	0.0341	0.0341	0.0341	0.0341	0.0341	0.0341	0.0341	0.0341	0.0341	0.0341	0.0341	0.0341	0.0341	0.0341	0.0341	0.0341	0.0341	0.0341	0.0341	0.0341	0.0341	0.0341	0.0341	0.0341	0.0341	0.0341	0.0341	0.0341	0.0341	0.0341	0.0341	0.0341	0.0341	0.0341	0.0341	0.0341	0.0341	0.0341	0.0341	0.0341	0.0111	0.0111	0.0111	0.0111	0.0111	0.0111	0.0111	0.0111	0.0341	0.0196	0.0111	0.0111	0.0111	0.0341	0.0111	0.0111	0.0111	0.0341	0.0111	0.0111	0.0111	0.0111	0.0111	0.0111	0.0111	0.0111	0.0111	0.0111	0.0111	0.0196	0.0111	0.0111	0.0111	0.0111	0.0111	0.0111	0.0111	0.0111	0.0196	0.0111	0.0111	0.0111	0.0111	0.0111	0.0111	0.0111	0.0111	0.0341	0.0111	0.0111	0.0111	0.0111	0.0111	0.0111	0.0111	0.0111	0.0111	0.0111	0.0111	0.0111	0.0111	0.0111	0.0111	0.0111	0.0111	0.0111	0.0111	0.0111	0.0111	0.0111	0.0111	0.0111	0.0111	0.0111	0.0111	0.0111	0.0111	0.0111	0.0111	0.0111	0.0111
52	0.0033	0.0033	0.0033	0.0033	0.0033	0.0033	0.0033	0.0033	0.0033	0.0033	0.0033	0.0033	0.0033	0.0033	0.0033	0.0033	0.0033	0.0033	0.0033	0.0033	0.0033	0.0033	0.0033	0.0033	0.0033	0.0033	0.0033	0.0033	0.0033	0.0033	0.0033	0.0033	0.0033	0.0033	0.0033	0.0033	0.0033	0.0033	0.0033	0.0033	0.0033	0.0033	0.0033	0.0033	0.0033	0.0033	0.0033	0.0033	0.0033	0.0033	0.0033	0.0033	0.0033	0.0033	0.0033	0.0033	0.0033	0.0033	0.0033	0.0033	0.0033	0.0033	0.0033	0.0033	0.0033	0.0033	0.0033	0.0033	0.0033	0.0033	0.0033	0.0033	0.0033	0.0033	0.0033	0.0033	0.0033	0.0033	0.0033	0.0033	0.0033	0.0033	0.0033	0.0033	0.0033	0.0033	0.0033	0.0033	0.0033	0.0033	0.0033	0.0033	0.0033	0.0033	0.0033	0.0033	0.0033	0.0033	0.0033	0.0033	0.0033	0.0033	0.0033	0.0033	0.0033	0.0033	0.0033	0.0033	0.0033	0.0033	0.0033	0.0033	0.0033	0.0033	0.0033	0.0033	0.0033	0.0033	0.0033	0.0033	0.0033	0.0033	0.0033	0.0033	0.0033	0.0033	0.0033	0.0033	0.0033	0.0033	0.0033	0.0033	0.0033	0.0033	0.0033	0.0033	0.0033	0.0033	0.0033	0.0033	0.0033	0.0033	0.0033	0.0033	0.0033	0.0033	0.0033	0.0033	0.0033	0.0033	0.0033	0.0033	0.0033	0.0033	0.0033	0.0033	0.0033	0.0033	0.0033	0.0033	0.0033	0.0033	0.0033	0.0033	0.0033	0.0033	0.0033	0.0033	0.0033	0.0033	0.0033	0.0033	0.0033	0.0033	0.0033	0.0033	0.0033	0.0033	0.0033	0.0033	0.0033	0.0033	0.0033	0.0033	0.0033	0.0033	0.0033	0.0033	0.0195	0.0195	0.0195	0.0195	0.0195	0.0195	0.0195	0.0195	0.0195	0.0195	0.0195	0.0195	0.0195	0.0195	0.0195	0.0195	0.0195	0.0195	0.0195	0.0195	0.0195	0.0195	0.0195	0.0195	0.0195	0.0195	0.0195	0.0195	0.0195	0.0195	0.0195	0.0195	0.0195	0.0195	0.0195	0.0195	0.0195	0.0195	0.0195	0.0195	0.0195	0.0195	0.0195	0.0195	0.0195	0.0195	0.0195	0.0195	0.0195	0.0195	0.0195	0.0195	0.0195	0.0195	0.0195	0.0195	0.0195	0.0195	0.0195	0.0195	0.0195	0.0195	0.0195	0.0195	0.0195	0.0195	0.0195	0.0195	0.0195	0.0195	0.0195	0.0195	0.0195	0.0195	0.0195	0.0195	0.0195	0.0195	0.0195	0.0195	0.0195	0.0195	0.0195	0.0195	0.0195	0.0195	0.0195	0.0195	0.0195	0.0195	0.0195	0.0195	0.0195	0.0195	0.0195	0.0195	0.0195	0.0195	0.0195	0.0195	0.0195	0.0195	0.0195	0.0195	0.0195	0.0195	0.0195	0.0195	0.0195	0.0195	0.0195	0.0195	0.0195	0.0195	0.0195	0.0195	0.0195	0.0195	0.0195	0.0195	0.0195	0.0195	0.0195	0.0195	0.0195	0.0195	0.0195	0.0195	0.0195	0.0195	0.0195	0.0195	0.0195	0.0195	0.0195	0.0195	0.0195	0.0195	0.0195	0.0195	0.0195	0.0195	0.0056	0.0056	0.0056	0.0056	0.0056	0.0056	0.0056	0.0056	0.0056	0.0056	0.0056	0.0056	0.0056	0.0056	0.0056	0.0056	0.0056	0.0056	0.0056	0.0056	0.0056	0.0056	0.0056	0.0056	0.0056	0.0056	0.0056	0.0056	0.0056	0.0056	0.0056	0.0109	0.0056	0.0056	0.0056	0.0056	0.0056	0.0056	0.0056	0.0056	0.0056	0.0056	0.0056	0.0056	0.0056	0.0056	0.0056	0.0056	0.0056	0.0056	0.0056	0.0056	0.0056	0.0056	0.0056	0.0056	0.0056	0.0056	0.0056	0.0056	0.0056	0.0056	0.0056	0.0056	0.0056	0.0056	0.0056	0.0056	0.0056	0.0	0.0056	0.0056	0.0056	0.0056	0.0056	0.0056	0.0056	0.0056	0.0056	0.0056	0.0056	0.0056	0.0056	0.0056	0.0056	0.0056	0.0056	0.0056	0.0056	0.0056	0.0056	0.0056	0.0056	0.0056	0.0056	0.0056	0.0056	0.0056	0.0056	0.0056	0.0056	0.0056	0.0056	0.0056	0.0056	0.0056	0.0056	0.0056	0.0056	0.0056	0.0056	0.0056	0.0056	0.0056	0.0056	0.0056	0.0056	0.0056	0.0056	0.0056	0.0056	0.0056	0.0056	0.0056	0.0056	0.0056	0.0056	0.0056	0.0056	0.0056	0.0056	0.0056	0.0056	0.0056	0.0109	0.0056	0.0056	0.0056	0.0056	0.0056	0.0056	0.0056	0.0056	0.0056	0.0056	0.0056	0.0056	0.0056	0.0056	0.0056	0.0056	0.0056	0.0056	0.0056	0.0056	0.0056	0.0056	0.0056	0.0056	0.0056	0.0056	0.0056	0.0056	0.0056	0.0056	0.0056	0.0056	0.0056	0.0056	0.0056	0.0056	0.0056	0.0056	0.0056	0.0056	0.0056	0.0056	0.0056	0.0056	0.0056	0.0056	0.0056	0.0056	0.0056	0.0056	0.0056	0.0056	0.0056	0.0056	0.0	0.0	0.0	0.0	0.0	0.0	0.0	0.0	0.0056	0.0109	0.0	0.0	0.0	0.0056	0.0	0.0	0.0	0.0056	0.0	0.0	0.0	0.0	0.0	0.0	0.0	0.0	0.0	0.0	0.0	0.0109	0.0	0.0	0.0	0.0	0.0	0.0	0.0	0.0	0.0109	0.0	0.0	0.0	0.0	0.0	0.0	0.0	0.0	0.0056	0.0	0.0	0.0	0.0	0.0	0.0	0.0	0.0	0.0	0.0	0.0	0.0	0.0	0.0	0.0	0.0	0.0	0.0	0.0	0.0	0.0	0.0	0.0	0.0	0.0	0.0	0.0	0.0	0.0	0.0	0.0	0.0	0.0
53	0.0365	0.0365	0.0365	0.0365	0.0365	0.0365	0.0365	0.0365	0.0365	0.0365	0.0365	0.0365	0.0365	0.0365	0.0365	0.0365	0.0365	0.0365	0.0365	0.0365	0.0365	0.0365	0.0365	0.0365	0.0365	0.0365	0.0365	0.0365	0.0365	0.0365	0.0365	0.0365	0.0365	0.0365	0.0365	0.0365	0.0365	0.0365	0.0365	0.0365	0.0365	0.0365	0.0365	0.0365	0.0365	0.0365	0.0365	0.0365	0.0365	0.0365	0.0365	0.0365	0.0365	0.0365	0.0365	0.0365	0.0365	0.0365	0.0365	0.0365	0.0365	0.0365	0.0365	0.0365	0.0365	0.0365	0.0365	0.0365	0.0365	0.0365	0.0365	0.0365	0.0365	0.0365	0.0365	0.0365	0.0365	0.0365	0.0365	0.0365	0.0365	0.0365	0.0365	0.0365	0.0365	0.0365	0.0365	0.0365	0.0365	0.0365	0.0365	0.0365	0.0365	0.0365	0.0365	0.0365	0.0365	0.0365	0.0365	0.0365	0.0365	0.0365	0.0365	0.0365	0.0365	0.0365	0.0365	0.0365	0.0365	0.0365	0.0365	0.0365	0.0365	0.0365	0.0365	0.0365	0.0365	0.0365	0.0365	0.0365	0.0365	0.0365	0.0365	0.0365	0.0365	0.0365	0.0365	0.0365	0.0365	0.0365	0.0365	0.0365	0.0365	0.0365	0.0365	0.0365	0.0365	0.0365	0.0365	0.0365	0.0365	0.0365	0.0365	0.0365	0.0365	0.0365	0.0365	0.0365	0.0365	0.0365	0.0365	0.0365	0.0365	0.0365	0.0365	0.0365	0.0365	0.0365	0.0365	0.0365	0.0365	0.0365	0.0365	0.0365	0.0365	0.0365	0.0365	0.0365	0.0365	0.0365	0.0365	0.0365	0.0365	0.0365	0.0365	0.0365	0.0365	0.0365	0.0365	0.0365	0.0365	0.0365	0.0365	0.0365	0.0365	0.0365	0.0365	0.0365	0.9301	0.9301	0.9301	0.9301	0.9301	0.9301	0.9301	0.9301	0.9301	0.9301	0.9301	0.9301	0.9301	0.9301	0.9301	0.9301	0.9301	0.9301	0.9301	0.9301	0.9301	0.9301	0.9301	0.9301	0.9301	0.9301	0.9301	0.9301	0.9301	0.9301	0.9301	0.9301	0.9301	0.9301	0.9301	0.9301	0.9301	0.9301	0.9301	0.9301	0.9301	0.9301	0.9301	0.9301	0.9301	0.9301	0.9301	0.9301	0.9301	0.9301	0.9301	0.9301	0.9301	0.9301	0.9301	0.9301	0.9301	0.9301	0.9301	0.9301	0.9301	0.9301	0.9301	0.9301	0.9301	0.9301	0.9301	0.9301	0.9301	0.9301	0.9301	0.9301	0.9301	0.9301	0.9301	0.9301	0.9301	0.9301	0.9301	0.9301	0.9301	0.9301	0.9301	0.9301	0.9301	0.9301	0.9301	0.9301	0.9301	0.9301	0.9301	0.9301	0.9301	0.9301	0.9301	0.9301	0.9301	0.9301	0.9301	0.9301	0.9301	0.9301	0.9301	0.9301	0.9301	0.9301	0.9301	0.9301	0.9301	0.9301	0.9301	0.9301	0.9301	0.9301	0.9301	0.9301	0.9301	0.9301	0.9301	0.9301	0.9301	0.9301	0.9301	0.9301	0.9301	0.9301	0.9301	0.9301	0.9301	0.9301	0.9301	0.9301	0.9301	0.9301	0.9301	0.9301	0.9301	0.9301	0.9301	0.9301	0.9301	0.9301	0.0116	0.0116	0.0116	0.0116	0.0116	0.0116	0.0116	0.0116	0.0116	0.0116	0.0116	0.0116	0.0116	0.0116	0.0116	0.0116	0.0116	0.0116	0.0116	0.0116	0.0116	0.0116	0.0116	0.0116	0.0116	0.0116	0.0116	0.0116	0.0116	0.0116	0.0116	0.0143	0.0116	0.0116	0.0116	0.0116	0.0116	0.0116	0.0116	0.0116	0.0116	0.0116	0.0116	0.0116	0.0116	0.0116	0.0116	0.0116	0.0116	0.0116	0.0116	0.0116	0.0116	0.0116	0.0116	0.0116	0.0116	0.0116	0.0116	0.0116	0.0116	0.0116	0.0116	0.0116	0.0116	0.0116	0.0116	0.0116	0.0116	0.0212	0.0116	0.0116	0.0116	0.0116	0.0116	0.0116	0.0116	0.0116	0.0116	0.0116	0.0116	0.0116	0.0116	0.0116	0.0116	0.0116	0.0116	0.0116	0.0116	0.0116	0.0116	0.0116	0.0116	0.0116	0.0116	0.0116	0.0116	0.0116	0.0116	0.0116	0.0116	0.0116	0.0116	0.0116	0.0116	0.0116	0.0116	0.0116	0.0116	0.0116	0.0116	0.0116	0.0116	0.0116	0.0116	0.0116	0.0116	0.0116	0.0116	0.0116	0.0116	0.0116	0.0116	0.0116	0.0116	0.0116	0.0116	0.0116	0.0116	0.0116	0.0116	0.0116	0.0116	0.0116	0.0143	0.0116	0.0116	0.0116	0.0116	0.0116	0.0116	0.0116	0.0116	0.0116	0.0116	0.0116	0.0116	0.0116	0.0116	0.0116	0.0116	0.0116	0.0116	0.0116	0.0116	0.0116	0.0116	0.0116	0.0116	0.0116	0.0116	0.0116	0.0116	0.0116	0.0116	0.0116	0.0116	0.0116	0.0116	0.0116	0.0116	0.0116	0.0116	0.0116	0.0116	0.0116	0.0116	0.0116	0.0116	0.0116	0.0116	0.0116	0.0116	0.0116	0.0116	0.0116	0.0116	0.0116	0.0116	0.0212	0.0212	0.0212	0.0212	0.0212	0.0212	0.0212	0.0212	0.0116	0.0143	0.0212	0.0212	0.0212	0.0116	0.0212	0.0212	0.0212	0.0116	0.0212	0.0212	0.0212	0.0212	0.0212	0.0212	0.0212	0.0212	0.0212	0.0212	0.0212	0.0143	0.0212	0.0212	0.0212	0.0212	0.0212	0.0212	0.0212	0.0212	0.0143	0.0212	0.0212	0.0212	0.0212	0.0212	0.0212	0.0212	0.0212	0.0116	0.0212	0.0212	0.0212	0.0212	0.0212	0.0212	0.0212	0.0212	0.0212	0.0212	0.0212	0.0212	0.0212	0.0212	0.0212	0.0212	0.0212	0.0212	0.0212	0.0212	0.0212	0.0212	0.0212	0.0212	0.0212	0.0212	0.0212	0.0212	0.0212	0.0212	0.0212	0.0212	0.0212
54	0.0059	0.0059	0.0059	0.0059	0.0059	0.0059	0.0059	0.0059	0.0059	0.0059	0.0059	0.0059	0.0059	0.0059	0.0059	0.0059	0.0059	0.0059	0.0059	0.0059	0.0059	0.0059	0.0059	0.0059	0.0059	0.0059	0.0059	0.0059	0.0059	0.0059	0.0059	0.0059	0.0059	0.0059	0.0059	0.0059	0.0059	0.0059	0.0059	0.0059	0.0059	0.0059	0.0059	0.0059	0.0059	0.0059	0.0059	0.0059	0.0059	0.0059	0.0059	0.0059	0.0059	0.0059	0.0059	0.0059	0.0059	0.0059	0.0059	0.0059	0.0059	0.0059	0.0059	0.0059	0.0059	0.0059	0.0059	0.0059	0.0059	0.0059	0.0059	0.0059	0.0059	0.0059	0.0059	0.0059	0.0059	0.0059	0.0059	0.0059	0.0059	0.0059	0.0059	0.0059	0.0059	0.0059	0.0059	0.0059	0.0059	0.0059	0.0059	0.0059	0.0059	0.0059	0.0059	0.0059	0.0059	0.0059	0.0059	0.0059	0.0059	0.0059	0.0059	0.0059	0.0059	0.0059	0.0059	0.0059	0.0059	0.0059	0.0059	0.0059	0.0059	0.0059	0.0059	0.0059	0.0059	0.0059	0.0059	0.0059	0.0059	0.0059	0.0059	0.0059	0.0059	0.0059	0.0059	0.0059	0.0059	0.0059	0.0059	0.0059	0.0059	0.0059	0.0059	0.0059	0.0059	0.0059	0.0059	0.0059	0.0059	0.0059	0.0059	0.0059	0.0059	0.0059	0.0059	0.0059	0.0059	0.0059	0.0059	0.0059	0.0059	0.0059	0.0059	0.0059	0.0059	0.0059	0.0059	0.0059	0.0059	0.0059	0.0059	0.0059	0.0059	0.0059	0.0059	0.0059	0.0059	0.0059	0.0059	0.0059	0.0059	0.0059	0.0059	0.0059	0.0059	0.0059	0.0059	0.0059	0.0059	0.0059	0.0059	0.0059	0.0059	0.0059	0.0059	0.0059	0.0077	0.0077	0.0077	0.0077	0.0077	0.0077	0.0077	0.0077	0.0077	0.0077	0.0077	0.0077	0.0077	0.0077	0.0077	0.0077	0.0077	0.0077	0.0077	0.0077	0.0077	0.0077	0.0077	0.0077	0.0077	0.0077	0.0077	0.0077	0.0077	0.0077	0.0077	0.0077	0.0077	0.0077	0.0077	0.0077	0.0077	0.0077	0.0077	0.0077	0.0077	0.0077	0.0077	0.0077	0.0077	0.0077	0.0077	0.0077	0.0077	0.0077	0.0077	0.0077	0.0077	0.0077	0.0077	0.0077	0.0077	0.0077	0.0077	0.0077	0.0077	0.0077	0.0077	0.0077	0.0077	0.0077	0.0077	0.0077	0.0077	0.0077	0.0077	0.0077	0.0077	0.0077	0.0077	0.0077	0.0077	0.0077	0.0077	0.0077	0.0077	0.0077	0.0077	0.0077	0.0077	0.0077	0.0077	0.0077	0.0077	0.0077	0.0077	0.0077	0.0077	0.0077	0.0077	0.0077	0.0077	0.0077	0.0077	0.0077	0.0077	0.0077	0.0077	0.0077	0.0077	0.0077	0.0077	0.0077	0.0077	0.0077	0.0077	0.0077	0.0077	0.0077	0.0077	0.0077	0.0077	0.0077	0.0077	0.0077	0.0077	0.0077	0.0077	0.0077	0.0077	0.0077	0.0077	0.0077	0.0077	0.0077	0.0077	0.0077	0.0077	0.0077	0.0077	0.0077	0.0077	0.0077	0.0077	0.0077	0.0077	0.0077	0.9965	0.9965	0.9965	0.9965	0.9965	0.9965	0.9965	0.9965	0.9965	0.9965	0.9965	0.9965	0.9965	0.9965	0.9965	0.9965	0.9965	0.9965	0.9965	0.9965	0.9965	0.9965	0.9965	0.9965	0.9965	0.9965	0.9965	0.9965	0.9965	0.9965	0.9965	0.932	0.9965	0.9965	0.9965	0.9965	0.9965	0.9965	0.9965	0.9965	0.9965	0.9965	0.9965	0.9965	0.9965	0.9965	0.9965	0.9965	0.9965	0.9965	0.9965	0.9965	0.9965	0.9965	0.9965	0.9965	0.9965	0.9965	0.9965	0.9965	0.9965	0.9965	0.9965	0.9965	0.9965	0.9965	0.9965	0.9965	0.9965	0.9574	0.9965	0.9965	0.9965	0.9965	0.9965	0.9965	0.9965	0.9965	0.9965	0.9965	0.9965	0.9965	0.9965	0.9965	0.9965	0.9965	0.9965	0.9965	0.9965	0.9965	0.9965	0.9965	0.9965	0.9965	0.9965	0.9965	0.9965	0.9965	0.9965	0.9965	0.9965	0.9965	0.9965	0.9965	0.9965	0.9965	0.9965	0.9965	0.9965	0.9965	0.9965	0.9965	0.9965	0.9965	0.9965	0.9965	0.9965	0.9965	0.9965	0.9965	0.9965	0.9965	0.9965	0.9965	0.9965	0.9965	0.9965	0.9965	0.9965	0.9965	0.9965	0.9965	0.9965	0.9965	0.932	0.9965	0.9965	0.9965	0.9965	0.9965	0.9965	0.9965	0.9965	0.9965	0.9965	0.9965	0.9965	0.9965	0.9965	0.9965	0.9965	0.9965	0.9965	0.9965	0.9965	0.9965	0.9965	0.9965	0.9965	0.9965	0.9965	0.9965	0.9965	0.9965	0.9965	0.9965	0.9965	0.9965	0.9965	0.9965	0.9965	0.9965	0.9965	0.9965	0.9965	0.9965	0.9965	0.9965	0.9965	0.9965	0.9965	0.9965	0.9965	0.9965	0.9965	0.9965	0.9965	0.9965	0.9965	0.9574	0.9574	0.9574	0.9574	0.9574	0.9574	0.9574	0.9574	0.9965	0.932	0.9574	0.9574	0.9574	0.9965	0.9574	0.9574	0.9574	0.9965	0.9574	0.9574	0.9574	0.9574	0.9574	0.9574	0.9574	0.9574	0.9574	0.9574	0.9574	0.932	0.9574	0.9574	0.9574	0.9574	0.9574	0.9574	0.9574	0.9574	0.932	0.9574	0.9574	0.9574	0.9574	0.9574	0.9574	0.9574	0.9574	0.9965	0.9574	0.9574	0.9574	0.9574	0.9574	0.9574	0.9574	0.9574	0.9574	0.9574	0.9574	0.9574	0.9574	0.9574	0.9574	0.9574	0.9574	0.9574	0.9574	0.9574	0.9574	0.9574	0.9574	0.9574	0.9574	0.9574	0.9574	0.9574	0.9574	0.9574	0.9574	0.9574	0.9574
55	0.0023	0.0023	0.0023	0.0023	0.0023	0.0023	0.0023	0.0023	0.0023	0.0023	0.0023	0.0023	0.0023	0.0023	0.0023	0.0023	0.0023	0.0023	0.0023	0.0023	0.0023	0.0023	0.0023	0.0023	0.0023	0.0023	0.0023	0.0023	0.0023	0.0023	0.0023	0.0023	0.0023	0.0023	0.0023	0.0023	0.0023	0.0023	0.0023	0.0023	0.0023	0.0023	0.0023	0.0023	0.0023	0.0023	0.0023	0.0023	0.0023	0.0023	0.0023	0.0023	0.0023	0.0023	0.0023	0.0023	0.0023	0.0023	0.0023	0.0023	0.0023	0.0023	0.0023	0.0023	0.0023	0.0023	0.0023	0.0023	0.0023	0.0023	0.0023	0.0023	0.0023	0.0023	0.0023	0.0023	0.0023	0.0023	0.0023	0.0023	0.0023	0.0023	0.0023	0.0023	0.0023	0.0023	0.0023	0.0023	0.0023	0.0023	0.0023	0.0023	0.0023	0.0023	0.0023	0.0023	0.0023	0.0023	0.0023	0.0023	0.0023	0.0023	0.0023	0.0023	0.0023	0.0023	0.0023	0.0023	0.0023	0.0023	0.0023	0.0023	0.0023	0.0023	0.0023	0.0023	0.0023	0.0023	0.0023	0.0023	0.0023	0.0023	0.0023	0.0023	0.0023	0.0023	0.0023	0.0023	0.0023	0.0023	0.0023	0.0023	0.0023	0.0023	0.0023	0.0023	0.0023	0.0023	0.0023	0.0023	0.0023	0.0023	0.0023	0.0023	0.0023	0.0023	0.0023	0.0023	0.0023	0.0023	0.0023	0.0023	0.0023	0.0023	0.0023	0.0023	0.0023	0.0023	0.0023	0.0023	0.0023	0.0023	0.0023	0.0023	0.0023	0.0023	0.0023	0.0023	0.0023	0.0023	0.0023	0.0023	0.0023	0.0023	0.0023	0.0023	0.0023	0.0023	0.0023	0.0023	0.0023	0.0023	0.0023	0.0023	0.0023	0.0023	0.0023	0.0023	0.0105	0.0105	0.0105	0.0105	0.0105	0.0105	0.0105	0.0105	0.0105	0.0105	0.0105	0.0105	0.0105	0.0105	0.0105	0.0105	0.0105	0.0105	0.0105	0.0105	0.0105	0.0105	0.0105	0.0105	0.0105	0.0105	0.0105	0.0105	0.0105	0.0105	0.0105	0.0105	0.0105	0.0105	0.0105	0.0105	0.0105	0.0105	0.0105	0.0105	0.0105	0.0105	0.0105	0.0105	0.0105	0.0105	0.0105	0.0105	0.0105	0.0105	0.0105	0.0105	0.0105	0.0105	0.0105	0.0105	0.0105	0.0105	0.0105	0.0105	0.0105	0.0105	0.0105	0.0105	0.0105	0.0105	0.0105	0.0105	0.0105	0.0105	0.0105	0.0105	0.0105	0.0105	0.0105	0.0105	0.0105	0.0105	0.0105	0.0105	0.0105	0.0105	0.0105	0.0105	0.0105	0.0105	0.0105	0.0105	0.0105	0.0105	0.0105	0.0105	0.0105	0.0105	0.0105	0.0105	0.0105	0.0105	0.0105	0.0105	0.0105	0.0105	0.0105	0.0105	0.0105	0.0105	0.0105	0.0105	0.0105	0.0105	0.0105	0.0105	0.0105	0.0105	0.0105	0.0105	0.0105	0.0105	0.0105	0.0105	0.0105	0.0105	0.0105	0.0105	0.0105	0.0105	0.0105	0.0105	0.0105	0.0105	0.0105	0.0105	0.0105	0.0105	0.0105	0.0105	0.0105	0.0105	0.0105	0.0105	0.0105	0.0105	0.9449	0.9449	0.9449	0.9449	0.9449	0.9449	0.9449	0.9449	0.9449	0.9449	0.9449	0.9449	0.9449	0.9449	0.9449	0.9449	0.9449	0.9449	0.9449	0.9449	0.9449	0.9449	0.9449	0.9449	0.9449	0.9449	0.9449	0.9449	0.9449	0.9449	0.9449	0.9484	0.9449	0.9449	0.9449	0.9449	0.9449	0.9449	0.9449	0.9449	0.9449	0.9449	0.9449	0.9449	0.9449	0.9449	0.9449	0.9449	0.9449	0.9449	0.9449	0.9449	0.9449	0.9449	0.9449	0.9449	0.9449	0.9449	0.9449	0.9449	0.9449	0.9449	0.9449	0.9449	0.9449	0.9449	0.9449	0.9449	0.9449	0.993	0.9449	0.9449	0.9449	0.9449	0.9449	0.9449	0.9449	0.9449	0.9449	0.9449	0.9449	0.9449	0.9449	0.9449	0.9449	0.9449	0.9449	0.9449	0.9449	0.9449	0.9449	0.9449	0.9449	0.9449	0.9449	0.9449	0.9449	0.9449	0.9449	0.9449	0.9449	0.9449	0.9449	0.9449	0.9449	0.9449	0.9449	0.9449	0.9449	0.9449	0.9449	0.9449	0.9449	0.9449	0.9449	0.9449	0.9449	0.9449	0.9449	0.9449	0.9449	0.9449	0.9449	0.9449	0.9449	0.9449	0.9449	0.9449	0.9449	0.9449	0.9449	0.9449	0.9449	0.9449	0.9484	0.9449	0.9449	0.9449	0.9449	0.9449	0.9449	0.9449	0.9449	0.9449	0.9449	0.9449	0.9449	0.9449	0.9449	0.9449	0.9449	0.9449	0.9449	0.9449	0.9449	0.9449	0.9449	0.9449	0.9449	0.9449	0.9449	0.9449	0.9449	0.9449	0.9449	0.9449	0.9449	0.9449	0.9449	0.9449	0.9449	0.9449	0.9449	0.9449	0.9449	0.9449	0.9449	0.9449	0.9449	0.9449	0.9449	0.9449	0.9449	0.9449	0.9449	0.9449	0.9449	0.9449	0.9449	0.993	0.993	0.993	0.993	0.993	0.993	0.993	0.993	0.9449	0.9484	0.993	0.993	0.993	0.9449	0.993	0.993	0.993	0.9449	0.993	0.993	0.993	0.993	0.993	0.993	0.993	0.993	0.993	0.993	0.993	0.9484	0.993	0.993	0.993	0.993	0.993	0.993	0.993	0.993	0.9484	0.993	0.993	0.993	0.993	0.993	0.993	0.993	0.993	0.9449	0.993	0.993	0.993	0.993	0.993	0.993	0.993	0.993	0.993	0.993	0.993	0.993	0.993	0.993	0.993	0.993	0.993	0.993	0.993	0.993	0.993	0.993	0.993	0.993	0.993	0.993	0.993	0.993	0.993	0.993	0.993	0.993	0.993
56	0.0055	0.0055	0.0055	0.0055	0.0055	0.0055	0.0055	0.0055	0.0055	0.0055	0.0055	0.0055	0.0055	0.0055	0.0055	0.0055	0.0055	0.0055	0.0055	0.0055	0.0055	0.0055	0.0055	0.0055	0.0055	0.0055	0.0055	0.0055	0.0055	0.0055	0.0055	0.0055	0.0055	0.0055	0.0055	0.0055	0.0055	0.0055	0.0055	0.0055	0.0055	0.0055	0.0055	0.0055	0.0055	0.0055	0.0055	0.0055	0.0055	0.0055	0.0055	0.0055	0.0055	0.0055	0.0055	0.0055	0.0055	0.0055	0.0055	0.0055	0.0055	0.0055	0.0055	0.0055	0.0055	0.0055	0.0055	0.0055	0.0055	0.0055	0.0055	0.0055	0.0055	0.0055	0.0055	0.0055	0.0055	0.0055	0.0055	0.0055	0.0055	0.0055	0.0055	0.0055	0.0055	0.0055	0.0055	0.0055	0.0055	0.0055	0.0055	0.0055	0.0055	0.0055	0.0055	0.0055	0.0055	0.0055	0.0055	0.0055	0.0055	0.0055	0.0055	0.0055	0.0055	0.0055	0.0055	0.0055	0.0055	0.0055	0.0055	0.0055	0.0055	0.0055	0.0055	0.0055	0.0055	0.0055	0.0055	0.0055	0.0055	0.0055	0.0055	0.0055	0.0055	0.0055	0.0055	0.0055	0.0055	0.0055	0.0055	0.0055	0.0055	0.0055	0.0055	0.0055	0.0055	0.0055	0.0055	0.0055	0.0055	0.0055	0.0055	0.0055	0.0055	0.0055	0.0055	0.0055	0.0055	0.0055	0.0055	0.0055	0.0055	0.0055	0.0055	0.0055	0.0055	0.0055	0.0055	0.0055	0.0055	0.0055	0.0055	0.0055	0.0055	0.0055	0.0055	0.0055	0.0055	0.0055	0.0055	0.0055	0.0055	0.0055	0.0055	0.0055	0.0055	0.0055	0.0055	0.0055	0.0055	0.0055	0.0055	0.0055	0.0055	0.0055	0.0055	0.0055	0.0092	0.0092	0.0092	0.0092	0.0092	0.0092	0.0092	0.0092	0.0092	0.0092	0.0092	0.0092	0.0092	0.0092	0.0092	0.0092	0.0092	0.0092	0.0092	0.0092	0.0092	0.0092	0.0092	0.0092	0.0092	0.0092	0.0092	0.0092	0.0092	0.0092	0.0092	0.0092	0.0092	0.0092	0.0092	0.0092	0.0092	0.0092	0.0092	0.0092	0.0092	0.0092	0.0092	0.0092	0.0092	0.0092	0.0092	0.0092	0.0092	0.0092	0.0092	0.0092	0.0092	0.0092	0.0092	0.0092	0.0092	0.0092	0.0092	0.0092	0.0092	0.0092	0.0092	0.0092	0.0092	0.0092	0.0092	0.0092	0.0092	0.0092	0.0092	0.0092	0.0092	0.0092	0.0092	0.0092	0.0092	0.0092	0.0092	0.0092	0.0092	0.0092	0.0092	0.0092	0.0092	0.0092	0.0092	0.0092	0.0092	0.0092	0.0092	0.0092	0.0092	0.0092	0.0092	0.0092	0.0092	0.0092	0.0092	0.0092	0.0092	0.0092	0.0092	0.0092	0.0092	0.0092	0.0092	0.0092	0.0092	0.0092	0.0092	0.0092	0.0092	0.0092	0.0092	0.0092	0.0092	0.0092	0.0092	0.0092	0.0092	0.0092	0.0092	0.0092	0.0092	0.0092	0.0092	0.0092	0.0092	0.0092	0.0092	0.0092	0.0092	0.0092	0.0092	0.0092	0.0092	0.0092	0.0092	0.0092	0.0092	0.0092	0.0	0.0	0.0	0.0	0.0	0.0	0.0	0.0	0.0	0.0	0.0	0.0	0.0	0.0	0.0	0.0	0.0	0.0	0.0	0.0	0.0	0.0	0.0	0.0	0.0	0.0	0.0	0.0	0.0	0.0	0.0	0.012	0.0	0.0	0.0	0.0	0.0	0.0	0.0	0.0	0.0	0.0	0.0	0.0	0.0	0.0	0.0	0.0	0.0	0.0	0.0	0.0	0.0	0.0	0.0	0.0	0.0	0.0	0.0	0.0	0.0	0.0	0.0	0.0	0.0	0.0	0.0	0.0	0.0	0.0329	0.0	0.0	0.0	0.0	0.0	0.0	0.0	0.0	0.0	0.0	0.0	0.0	0.0	0.0	0.0	0.0	0.0	0.0	0.0	0.0	0.0	0.0	0.0	0.0	0.0	0.0	0.0	0.0	0.0	0.0	0.0	0.0	0.0	0.0	0.0	0.0	0.0	0.0	0.0	0.0	0.0	0.0	0.0	0.0	0.0	0.0	0.0	0.0	0.0	0.0	0.0	0.0	0.0	0.0	0.0	0.0	0.0	0.0	0.0	0.0	0.0	0.0	0.0	0.0	0.012	0.0	0.0	0.0	0.0	0.0	0.0	0.0	0.0	0.0	0.0	0.0	0.0	0.0	0.0	0.0	0.0	0.0	0.0	0.0	0.0	0.0	0.0	0.0	0.0	0.0	0.0	0.0	0.0	0.0	0.0	0.0	0.0	0.0	0.0	0.0	0.0	0.0	0.0	0.0	0.0	0.0	0.0	0.0	0.0	0.0	0.0	0.0	0.0	0.0	0.0	0.0	0.0	0.0	0.0	0.0329	0.0329	0.0329	0.0329	0.0329	0.0329	0.0329	0.0329	0.0	0.012	0.0329	0.0329	0.0329	0.0	0.0329	0.0329	0.0329	0.0	0.0329	0.0329	0.0329	0.0329	0.0329	0.0329	0.0329	0.0329	0.0329	0.0329	0.0329	0.012	0.0329	0.0329	0.0329	0.0329	0.0329	0.0329	0.0329	0.0329	0.012	0.0329	0.0329	0.0329	0.0329	0.0329	0.0329	0.0329	0.0329	0.0	0.0329	0.0329	0.0329	0.0329	0.0329	0.0329	0.0329	0.0329	0.0329	0.0329	0.0329	0.0329	0.0329	0.0329	0.0329	0.0329	0.0329	0.0329	0.0329	0.0329	0.0329	0.0329	0.0329	0.0329	0.0329	0.0329	0.0329	0.0329	0.0329	0.0329	0.0329	0.0329	0.0329
57	0.0008	0.0008	0.0008	0.0008	0.0008	0.0008	0.0008	0.0008	0.0008	0.0008	0.0008	0.0008	0.0008	0.0008	0.0008	0.0008	0.0008	0.0008	0.0008	0.0008	0.0008	0.0008	0.0008	0.0008	0.0008	0.0008	0.0008	0.0008	0.0008	0.0008	0.0008	0.0008	0.0008	0.0008	0.0008	0.0008	0.0008	0.0008	0.0008	0.0008	0.0008	0.0008	0.0008	0.0008	0.0008	0.0008	0.0008	0.0008	0.0008	0.0008	0.0008	0.0008	0.0008	0.0008	0.0008	0.0008	0.0008	0.0008	0.0008	0.0008	0.0008	0.0008	0.0008	0.0008	0.0008	0.0008	0.0008	0.0008	0.0008	0.0008	0.0008	0.0008	0.0008	0.0008	0.0008	0.0008	0.0008	0.0008	0.0008	0.0008	0.0008	0.0008	0.0008	0.0008	0.0008	0.0008	0.0008	0.0008	0.0008	0.0008	0.0008	0.0008	0.0008	0.0008	0.0008	0.0008	0.0008	0.0008	0.0008	0.0008	0.0008	0.0008	0.0008	0.0008	0.0008	0.0008	0.0008	0.0008	0.0008	0.0008	0.0008	0.0008	0.0008	0.0008	0.0008	0.0008	0.0008	0.0008	0.0008	0.0008	0.0008	0.0008	0.0008	0.0008	0.0008	0.0008	0.0008	0.0008	0.0008	0.0008	0.0008	0.0008	0.0008	0.0008	0.0008	0.0008	0.0008	0.0008	0.0008	0.0008	0.0008	0.0008	0.0008	0.0008	0.0008	0.0008	0.0008	0.0008	0.0008	0.0008	0.0008	0.0008	0.0008	0.0008	0.0008	0.0008	0.0008	0.0008	0.0008	0.0008	0.0008	0.0008	0.0008	0.0008	0.0008	0.0008	0.0008	0.0008	0.0008	0.0008	0.0008	0.0008	0.0008	0.0008	0.0008	0.0008	0.0008	0.0008	0.0008	0.0008	0.0008	0.0008	0.0008	0.0008	0.0008	0.0008	0.0008	0.0008	0.0177	0.0177	0.0177	0.0177	0.0177	0.0177	0.0177	0.0177	0.0177	0.0177	0.0177	0.0177	0.0177	0.0177	0.0177	0.0177	0.0177	0.0177	0.0177	0.0177	0.0177	0.0177	0.0177	0.0177	0.0177	0.0177	0.0177	0.0177	0.0177	0.0177	0.0177	0.0177	0.0177	0.0177	0.0177	0.0177	0.0177	0.0177	0.0177	0.0177	0.0177	0.0177	0.0177	0.0177	0.0177	0.0177	0.0177	0.0177	0.0177	0.0177	0.0177	0.0177	0.0177	0.0177	0.0177	0.0177	0.0177	0.0177	0.0177	0.0177	0.0177	0.0177	0.0177	0.0177	0.0177	0.0177	0.0177	0.0177	0.0177	0.0177	0.0177	0.0177	0.0177	0.0177	0.0177	0.0177	0.0177	0.0177	0.0177	0.0177	0.0177	0.0177	0.0177	0.0177	0.0177	0.0177	0.0177	0.0177	0.0177	0.0177	0.0177	0.0177	0.0177	0.0177	0.0177	0.0177	0.0177	0.0177	0.0177	0.0177	0.0177	0.0177	0.0177	0.0177	0.0177	0.0177	0.0177	0.0177	0.0177	0.0177	0.0177	0.0177	0.0177	0.0177	0.0177	0.0177	0.0177	0.0177	0.0177	0.0177	0.0177	0.0177	0.0177	0.0177	0.0177	0.0177	0.0177	0.0177	0.0177	0.0177	0.0177	0.0177	0.0177	0.0177	0.0177	0.0177	0.0177	0.0177	0.0177	0.0177	0.0177	0.0177	0.0031	0.0031	0.0031	0.0031	0.0031	0.0031	0.0031	0.0031	0.0031	0.0031	0.0031	0.0031	0.0031	0.0031	0.0031	0.0031	0.0031	0.0031	0.0031	0.0031	0.0031	0.0031	0.0031	0.0031	0.0031	0.0031	0.0031	0.0031	0.0031	0.0031	0.0031	0.5039	0.0031	0.0031	0.0031	0.0031	0.0031	0.0031	0.0031	0.0031	0.0031	0.0031	0.0031	0.0031	0.0031	0.0031	0.0031	0.0031	0.0031	0.0031	0.0031	0.0031	0.0031	0.0031	0.0031	0.0031	0.0031	0.0031	0.0031	0.0031	0.0031	0.0031	0.0031	0.0031	0.0031	0.0031	0.0031	0.0031	0.0031	0.9681	0.0031	0.0031	0.0031	0.0031	0.0031	0.0031	0.0031	0.0031	0.0031	0.0031	0.0031	0.0031	0.0031	0.0031	0.0031	0.0031	0.0031	0.0031	0.0031	0.0031	0.0031	0.0031	0.0031	0.0031	0.0031	0.0031	0.0031	0.0031	0.0031	0.0031	0.0031	0.0031	0.0031	0.0031	0.0031	0.0031	0.0031	0.0031	0.0031	0.0031	0.0031	0.0031	0.0031	0.0031	0.0031	0.0031	0.0031	0.0031	0.0031	0.0031	0.0031	0.0031	0.0031	0.0031	0.0031	0.0031	0.0031	0.0031	0.0031	0.0031	0.0031	0.0031	0.0031	0.0031	0.5039	0.0031	0.0031	0.0031	0.0031	0.0031	0.0031	0.0031	0.0031	0.0031	0.0031	0.0031	0.0031	0.0031	0.0031	0.0031	0.0031	0.0031	0.0031	0.0031	0.0031	0.0031	0.0031	0.0031	0.0031	0.0031	0.0031	0.0031	0.0031	0.0031	0.0031	0.0031	0.0031	0.0031	0.0031	0.0031	0.0031	0.0031	0.0031	0.0031	0.0031	0.0031	0.0031	0.0031	0.0031	0.0031	0.0031	0.0031	0.0031	0.0031	0.0031	0.0031	0.0031	0.0031	0.0031	0.9681	0.9681	0.9681	0.9681	0.9681	0.9681	0.9681	0.9681	0.0031	0.5039	0.9681	0.9681	0.9681	0.0031	0.9681	0.9681	0.9681	0.0031	0.9681	0.9681	0.9681	0.9681	0.9681	0.9681	0.9681	0.9681	0.9681	0.9681	0.9681	0.5039	0.9681	0.9681	0.9681	0.9681	0.9681	0.9681	0.9681	0.9681	0.5039	0.9681	0.9681	0.9681	0.9681	0.9681	0.9681	0.9681	0.9681	0.0031	0.9681	0.9681	0.9681	0.9681	0.9681	0.9681	0.9681	0.9681	0.9681	0.9681	0.9681	0.9681	0.9681	0.9681	0.9681	0.9681	0.9681	0.9681	0.9681	0.9681	0.9681	0.9681	0.9681	0.9681	0.9681	0.9681	0.9681	0.9681	0.9681	0.9681	0.9681	0.9681	0.9681
58	0.0183	0.0183	0.0183	0.0183	0.0183	0.0183	0.0183	0.0183	0.0183	0.0183	0.0183	0.0183	0.0183	0.0183	0.0183	0.0183	0.0183	0.0183	0.0183	0.0183	0.0183	0.0183	0.0183	0.0183	0.0183	0.0183	0.0183	0.0183	0.0183	0.0183	0.0183	0.0183	0.0183	0.0183	0.0183	0.0183	0.0183	0.0183	0.0183	0.0183	0.0183	0.0183	0.0183	0.0183	0.0183	0.0183	0.0183	0.0183	0.0183	0.0183	0.0183	0.0183	0.0183	0.0183	0.0183	0.0183	0.0183	0.0183	0.0183	0.0183	0.0183	0.0183	0.0183	0.0183	0.0183	0.0183	0.0183	0.0183	0.0183	0.0183	0.0183	0.0183	0.0183	0.0183	0.0183	0.0183	0.0183	0.0183	0.0183	0.0183	0.0183	0.0183	0.0183	0.0183	0.0183	0.0183	0.0183	0.0183	0.0183	0.0183	0.0183	0.0183	0.0183	0.0183	0.0183	0.0183	0.0183	0.0183	0.0183	0.0183	0.0183	0.0183	0.0183	0.0183	0.0183	0.0183	0.0183	0.0183	0.0183	0.0183	0.0183	0.0183	0.0183	0.0183	0.0183	0.0183	0.0183	0.0183	0.0183	0.0183	0.0183	0.0183	0.0183	0.0183	0.0183	0.0183	0.0183	0.0183	0.0183	0.0183	0.0183	0.0183	0.0183	0.0183	0.0183	0.0183	0.0183	0.0183	0.0183	0.0183	0.0183	0.0183	0.0183	0.0183	0.0183	0.0183	0.0183	0.0183	0.0183	0.0183	0.0183	0.0183	0.0183	0.0183	0.0183	0.0183	0.0183	0.0183	0.0183	0.0183	0.0183	0.0183	0.0183	0.0183	0.0183	0.0183	0.0183	0.0183	0.0183	0.0183	0.0183	0.0183	0.0183	0.0183	0.0183	0.0183	0.0183	0.0183	0.0183	0.0183	0.0183	0.0183	0.0183	0.0183	0.0183	0.0183	0.0183	0.0183	0.0011	0.0011	0.0011	0.0011	0.0011	0.0011	0.0011	0.0011	0.0011	0.0011	0.0011	0.0011	0.0011	0.0011	0.0011	0.0011	0.0011	0.0011	0.0011	0.0011	0.0011	0.0011	0.0011	0.0011	0.0011	0.0011	0.0011	0.0011	0.0011	0.0011	0.0011	0.0011	0.0011	0.0011	0.0011	0.0011	0.0011	0.0011	0.0011	0.0011	0.0011	0.0011	0.0011	0.0011	0.0011	0.0011	0.0011	0.0011	0.0011	0.0011	0.0011	0.0011	0.0011	0.0011	0.0011	0.0011	0.0011	0.0011	0.0011	0.0011	0.0011	0.0011	0.0011	0.0011	0.0011	0.0011	0.0011	0.0011	0.0011	0.0011	0.0011	0.0011	0.0011	0.0011	0.0011	0.0011	0.0011	0.0011	0.0011	0.0011	0.0011	0.0011	0.0011	0.0011	0.0011	0.0011	0.0011	0.0011	0.0011	0.0011	0.0011	0.0011	0.0011	0.0011	0.0011	0.0011	0.0011	0.0011	0.0011	0.0011	0.0011	0.0011	0.0011	0.0011	0.0011	0.0011	0.0011	0.0011	0.0011	0.0011	0.0011	0.0011	0.0011	0.0011	0.0011	0.0011	0.0011	0.0011	0.0011	0.0011	0.0011	0.0011	0.0011	0.0011	0.0011	0.0011	0.0011	0.0011	0.0011	0.0011	0.0011	0.0011	0.0011	0.0011	0.0011	0.0011	0.0011	0.0011	0.0011	0.0011	0.0011	0.0011	0.0295	0.0295	0.0295	0.0295	0.0295	0.0295	0.0295	0.0295	0.0295	0.0295	0.0295	0.0295	0.0295	0.0295	0.0295	0.0295	0.0295	0.0295	0.0295	0.0295	0.0295	0.0295	0.0295	0.0295	0.0295	0.0295	0.0295	0.0295	0.0295	0.0295	0.0295	0.0104	0.0295	0.0295	0.0295	0.0295	0.0295	0.0295	0.0295	0.0295	0.0295	0.0295	0.0295	0.0295	0.0295	0.0295	0.0295	0.0295	0.0295	0.0295	0.0295	0.0295	0.0295	0.0295	0.0295	0.0295	0.0295	0.0295	0.0295	0.0295	0.0295	0.0295	0.0295	0.0295	0.0295	0.0295	0.0295	0.0295	0.0295	0.0487	0.0295	0.0295	0.0295	0.0295	0.0295	0.0295	0.0295	0.0295	0.0295	0.0295	0.0295	0.0295	0.0295	0.0295	0.0295	0.0295	0.0295	0.0295	0.0295	0.0295	0.0295	0.0295	0.0295	0.0295	0.0295	0.0295	0.0295	0.0295	0.0295	0.0295	0.0295	0.0295	0.0295	0.0295	0.0295	0.0295	0.0295	0.0295	0.0295	0.0295	0.0295	0.0295	0.0295	0.0295	0.0295	0.0295	0.0295	0.0295	0.0295	0.0295	0.0295	0.0295	0.0295	0.0295	0.0295	0.0295	0.0295	0.0295	0.0295	0.0295	0.0295	0.0295	0.0295	0.0295	0.0104	0.0295	0.0295	0.0295	0.0295	0.0295	0.0295	0.0295	0.0295	0.0295	0.0295	0.0295	0.0295	0.0295	0.0295	0.0295	0.0295	0.0295	0.0295	0.0295	0.0295	0.0295	0.0295	0.0295	0.0295	0.0295	0.0295	0.0295	0.0295	0.0295	0.0295	0.0295	0.0295	0.0295	0.0295	0.0295	0.0295	0.0295	0.0295	0.0295	0.0295	0.0295	0.0295	0.0295	0.0295	0.0295	0.0295	0.0295	0.0295	0.0295	0.0295	0.0295	0.0295	0.0295	0.0295	0.0487	0.0487	0.0487	0.0487	0.0487	0.0487	0.0487	0.0487	0.0295	0.0104	0.0487	0.0487	0.0487	0.0295	0.0487	0.0487	0.0487	0.0295	0.0487	0.0487	0.0487	0.0487	0.0487	0.0487	0.0487	0.0487	0.0487	0.0487	0.0487	0.0104	0.0487	0.0487	0.0487	0.0487	0.0487	0.0487	0.0487	0.0487	0.0104	0.0487	0.0487	0.0487	0.0487	0.0487	0.0487	0.0487	0.0487	0.0295	0.0487	0.0487	0.0487	0.0487	0.0487	0.0487	0.0487	0.0487	0.0487	0.0487	0.0487	0.0487	0.0487	0.0487	0.0487	0.0487	0.0487	0.0487	0.0487	0.0487	0.0487	0.0487	0.0487	0.0487	0.0487	0.0487	0.0487	0.0487	0.0487	0.0487	0.0487	0.0487	0.0487
59	0.0204	0.0204	0.0204	0.0204	0.0204	0.0204	0.0204	0.0204	0.0204	0.0204	0.0204	0.0204	0.0204	0.0204	0.0204	0.0204	0.0204	0.0204	0.0204	0.0204	0.0204	0.0204	0.0204	0.0204	0.0204	0.0204	0.0204	0.0204	0.0204	0.0204	0.0204	0.0204	0.0204	0.0204	0.0204	0.0204	0.0204	0.0204	0.0204	0.0204	0.0204	0.0204	0.0204	0.0204	0.0204	0.0204	0.0204	0.0204	0.0204	0.0204	0.0204	0.0204	0.0204	0.0204	0.0204	0.0204	0.0204	0.0204	0.0204	0.0204	0.0204	0.0204	0.0204	0.0204	0.0204	0.0204	0.0204	0.0204	0.0204	0.0204	0.0204	0.0204	0.0204	0.0204	0.0204	0.0204	0.0204	0.0204	0.0204	0.0204	0.0204	0.0204	0.0204	0.0204	0.0204	0.0204	0.0204	0.0204	0.0204	0.0204	0.0204	0.0204	0.0204	0.0204	0.0204	0.0204	0.0204	0.0204	0.0204	0.0204	0.0204	0.0204	0.0204	0.0204	0.0204	0.0204	0.0204	0.0204	0.0204	0.0204	0.0204	0.0204	0.0204	0.0204	0.0204	0.0204	0.0204	0.0204	0.0204	0.0204	0.0204	0.0204	0.0204	0.0204	0.0204	0.0204	0.0204	0.0204	0.0204	0.0204	0.0204	0.0204	0.0204	0.0204	0.0204	0.0204	0.0204	0.0204	0.0204	0.0204	0.0204	0.0204	0.0204	0.0204	0.0204	0.0204	0.0204	0.0204	0.0204	0.0204	0.0204	0.0204	0.0204	0.0204	0.0204	0.0204	0.0204	0.0204	0.0204	0.0204	0.0204	0.0204	0.0204	0.0204	0.0204	0.0204	0.0204	0.0204	0.0204	0.0204	0.0204	0.0204	0.0204	0.0204	0.0204	0.0204	0.0204	0.0204	0.0204	0.0204	0.0204	0.0204	0.0204	0.0204	0.0204	0.0204	0.0204	0.0204	0.0344	0.0344	0.0344	0.0344	0.0344	0.0344	0.0344	0.0344	0.0344	0.0344	0.0344	0.0344	0.0344	0.0344	0.0344	0.0344	0.0344	0.0344	0.0344	0.0344	0.0344	0.0344	0.0344	0.0344	0.0344	0.0344	0.0344	0.0344	0.0344	0.0344	0.0344	0.0344	0.0344	0.0344	0.0344	0.0344	0.0344	0.0344	0.0344	0.0344	0.0344	0.0344	0.0344	0.0344	0.0344	0.0344	0.0344	0.0344	0.0344	0.0344	0.0344	0.0344	0.0344	0.0344	0.0344	0.0344	0.0344	0.0344	0.0344	0.0344	0.0344	0.0344	0.0344	0.0344	0.0344	0.0344	0.0344	0.0344	0.0344	0.0344	0.0344	0.0344	0.0344	0.0344	0.0344	0.0344	0.0344	0.0344	0.0344	0.0344	0.0344	0.0344	0.0344	0.0344	0.0344	0.0344	0.0344	0.0344	0.0344	0.0344	0.0344	0.0344	0.0344	0.0344	0.0344	0.0344	0.0344	0.0344	0.0344	0.0344	0.0344	0.0344	0.0344	0.0344	0.0344	0.0344	0.0344	0.0344	0.0344	0.0344	0.0344	0.0344	0.0344	0.0344	0.0344	0.0344	0.0344	0.0344	0.0344	0.0344	0.0344	0.0344	0.0344	0.0344	0.0344	0.0344	0.0344	0.0344	0.0344	0.0344	0.0344	0.0344	0.0344	0.0344	0.0344	0.0344	0.0344	0.0344	0.0344	0.0344	0.0344	0.0344	0.9922	0.9922	0.9922	0.9922	0.9922	0.9922	0.9922	0.9922	0.9922	0.9922	0.9922	0.9922	0.9922	0.9922	0.9922	0.9922	0.9922	0.9922	0.9922	0.9922	0.9922	0.9922	0.9922	0.9922	0.9922	0.9922	0.9922	0.9922	0.9922	0.9922	0.9922	0.9462	0.9922	0.9922	0.9922	0.9922	0.9922	0.9922	0.9922	0.9922	0.9922	0.9922	0.9922	0.9922	0.9922	0.9922	0.9922	0.9922	0.9922	0.9922	0.9922	0.9922	0.9922	0.9922	0.9922	0.9922	0.9922	0.9922	0.9922	0.9922	0.9922	0.9922	0.9922	0.9922	0.9922	0.9922	0.9922	0.9922	0.9922	0.982	0.9922	0.9922	0.9922	0.9922	0.9922	0.9922	0.9922	0.9922	0.9922	0.9922	0.9922	0.9922	0.9922	0.9922	0.9922	0.9922	0.9922	0.9922	0.9922	0.9922	0.9922	0.9922	0.9922	0.9922	0.9922	0.9922	0.9922	0.9922	0.9922	0.9922	0.9922	0.9922	0.9922	0.9922	0.9922	0.9922	0.9922	0.9922	0.9922	0.9922	0.9922	0.9922	0.9922	0.9922	0.9922	0.9922	0.9922	0.9922	0.9922	0.9922	0.9922	0.9922	0.9922	0.9922	0.9922	0.9922	0.9922	0.9922	0.9922	0.9922	0.9922	0.9922	0.9922	0.9922	0.9462	0.9922	0.9922	0.9922	0.9922	0.9922	0.9922	0.9922	0.9922	0.9922	0.9922	0.9922	0.9922	0.9922	0.9922	0.9922	0.9922	0.9922	0.9922	0.9922	0.9922	0.9922	0.9922	0.9922	0.9922	0.9922	0.9922	0.9922	0.9922	0.9922	0.9922	0.9922	0.9922	0.9922	0.9922	0.9922	0.9922	0.9922	0.9922	0.9922	0.9922	0.9922	0.9922	0.9922	0.9922	0.9922	0.9922	0.9922	0.9922	0.9922	0.9922	0.9922	0.9922	0.9922	0.9922	0.982	0.982	0.982	0.982	0.982	0.982	0.982	0.982	0.9922	0.9462	0.982	0.982	0.982	0.9922	0.982	0.982	0.982	0.9922	0.982	0.982	0.982	0.982	0.982	0.982	0.982	0.982	0.982	0.982	0.982	0.9462	0.982	0.982	0.982	0.982	0.982	0.982	0.982	0.982	0.9462	0.982	0.982	0.982	0.982	0.982	0.982	0.982	0.982	0.9922	0.982	0.982	0.982	0.982	0.982	0.982	0.982	0.982	0.982	0.982	0.982	0.982	0.982	0.982	0.982	0.982	0.982	0.982	0.982	0.982	0.982	0.982	0.982	0.982	0.982	0.982	0.982	0.982	0.982	0.982	0.982	0.982	0.982
60	0.0095	0.0095	0.0095	0.0095	0.0095	0.0095	0.0095	0.0095	0.0095	0.0095	0.0095	0.0095	0.0095	0.0095	0.0095	0.0095	0.0095	0.0095	0.0095	0.0095	0.0095	0.0095	0.0095	0.0095	0.0095	0.0095	0.0095	0.0095	0.0095	0.0095	0.0095	0.0095	0.0095	0.0095	0.0095	0.0095	0.0095	0.0095	0.0095	0.0095	0.0095	0.0095	0.0095	0.0095	0.0095	0.0095	0.0095	0.0095	0.0095	0.0095	0.0095	0.0095	0.0095	0.0095	0.0095	0.0095	0.0095	0.0095	0.0095	0.0095	0.0095	0.0095	0.0095	0.0095	0.0095	0.0095	0.0095	0.0095	0.0095	0.0095	0.0095	0.0095	0.0095	0.0095	0.0095	0.0095	0.0095	0.0095	0.0095	0.0095	0.0095	0.0095	0.0095	0.0095	0.0095	0.0095	0.0095	0.0095	0.0095	0.0095	0.0095	0.0095	0.0095	0.0095	0.0095	0.0095	0.0095	0.0095	0.0095	0.0095	0.0095	0.0095	0.0095	0.0095	0.0095	0.0095	0.0095	0.0095	0.0095	0.0095	0.0095	0.0095	0.0095	0.0095	0.0095	0.0095	0.0095	0.0095	0.0095	0.0095	0.0095	0.0095	0.0095	0.0095	0.0095	0.0095	0.0095	0.0095	0.0095	0.0095	0.0095	0.0095	0.0095	0.0095	0.0095	0.0095	0.0095	0.0095	0.0095	0.0095	0.0095	0.0095	0.0095	0.0095	0.0095	0.0095	0.0095	0.0095	0.0095	0.0095	0.0095	0.0095	0.0095	0.0095	0.0095	0.0095	0.0095	0.0095	0.0095	0.0095	0.0095	0.0095	0.0095	0.0095	0.0095	0.0095	0.0095	0.0095	0.0095	0.0095	0.0095	0.0095	0.0095	0.0095	0.0095	0.0095	0.0095	0.0095	0.0095	0.0095	0.0095	0.0095	0.0095	0.0095	0.0095	0.0095	0.0095	0.0095	0.0102	0.0102	0.0102	0.0102	0.0102	0.0102	0.0102	0.0102	0.0102	0.0102	0.0102	0.0102	0.0102	0.0102	0.0102	0.0102	0.0102	0.0102	0.0102	0.0102	0.0102	0.0102	0.0102	0.0102	0.0102	0.0102	0.0102	0.0102	0.0102	0.0102	0.0102	0.0102	0.0102	0.0102	0.0102	0.0102	0.0102	0.0102	0.0102	0.0102	0.0102	0.0102	0.0102	0.0102	0.0102	0.0102	0.0102	0.0102	0.0102	0.0102	0.0102	0.0102	0.0102	0.0102	0.0102	0.0102	0.0102	0.0102	0.0102	0.0102	0.0102	0.0102	0.0102	0.0102	0.0102	0.0102	0.0102	0.0102	0.0102	0.0102	0.0102	0.0102	0.0102	0.0102	0.0102	0.0102	0.0102	0.0102	0.0102	0.0102	0.0102	0.0102	0.0102	0.0102	0.0102	0.0102	0.0102	0.0102	0.0102	0.0102	0.0102	0.0102	0.0102	0.0102	0.0102	0.0102	0.0102	0.0102	0.0102	0.0102	0.0102	0.0102	0.0102	0.0102	0.0102	0.0102	0.0102	0.0102	0.0102	0.0102	0.0102	0.0102	0.0102	0.0102	0.0102	0.0102	0.0102	0.0102	0.0102	0.0102	0.0102	0.0102	0.0102	0.0102	0.0102	0.0102	0.0102	0.0102	0.0102	0.0102	0.0102	0.0102	0.0102	0.0102	0.0102	0.0102	0.0102	0.0102	0.0102	0.0102	0.0102	0.0102	0.0157	0.0157	0.0157	0.0157	0.0157	0.0157	0.0157	0.0157	0.0157	0.0157	0.0157	0.0157	0.0157	0.0157	0.0157	0.0157	0.0157	0.0157	0.0157	0.0157	0.0157	0.0157	0.0157	0.0157	0.0157	0.0157	0.0157	0.0157	0.0157	0.0157	0.0157	0.0063	0.0157	0.0157	0.0157	0.0157	0.0157	0.0157	0.0157	0.0157	0.0157	0.0157	0.0157	0.0157	0.0157	0.0157	0.0157	0.0157	0.0157	0.0157	0.0157	0.0157	0.0157	0.0157	0.0157	0.0157	0.0157	0.0157	0.0157	0.0157	0.0157	0.0157	0.0157	0.0157	0.0157	0.0157	0.0157	0.0157	0.0157	0.0119	0.0157	0.0157	0.0157	0.0157	0.0157	0.0157	0.0157	0.0157	0.0157	0.0157	0.0157	0.0157	0.0157	0.0157	0.0157	0.0157	0.0157	0.0157	0.0157	0.0157	0.0157	0.0157	0.0157	0.0157	0.0157	0.0157	0.0157	0.0157	0.0157	0.0157	0.0157	0.0157	0.0157	0.0157	0.0157	0.0157	0.0157	0.0157	0.0157	0.0157	0.0157	0.0157	0.0157	0.0157	0.0157	0.0157	0.0157	0.0157	0.0157	0.0157	0.0157	0.0157	0.0157	0.0157	0.0157	0.0157	0.0157	0.0157	0.0157	0.0157	0.0157	0.0157	0.0157	0.0157	0.0063	0.0157	0.0157	0.0157	0.0157	0.0157	0.0157	0.0157	0.0157	0.0157	0.0157	0.0157	0.0157	0.0157	0.0157	0.0157	0.0157	0.0157	0.0157	0.0157	0.0157	0.0157	0.0157	0.0157	0.0157	0.0157	0.0157	0.0157	0.0157	0.0157	0.0157	0.0157	0.0157	0.0157	0.0157	0.0157	0.0157	0.0157	0.0157	0.0157	0.0157	0.0157	0.0157	0.0157	0.0157	0.0157	0.0157	0.0157	0.0157	0.0157	0.0157	0.0157	0.0157	0.0157	0.0157	0.0119	0.0119	0.0119	0.0119	0.0119	0.0119	0.0119	0.0119	0.0157	0.0063	0.0119	0.0119	0.0119	0.0157	0.0119	0.0119	0.0119	0.0157	0.0119	0.0119	0.0119	0.0119	0.0119	0.0119	0.0119	0.0119	0.0119	0.0119	0.0119	0.0063	0.0119	0.0119	0.0119	0.0119	0.0119	0.0119	0.0119	0.0119	0.0063	0.0119	0.0119	0.0119	0.0119	0.0119	0.0119	0.0119	0.0119	0.0157	0.0119	0.0119	0.0119	0.0119	0.0119	0.0119	0.0119	0.0119	0.0119	0.0119	0.0119	0.0119	0.0119	0.0119	0.0119	0.0119	0.0119	0.0119	0.0119	0.0119	0.0119	0.0119	0.0119	0.0119	0.0119	0.0119	0.0119	0.0119	0.0119	0.0119	0.0119	0.0119	0.0119
