	15	15	15	15	15	11	11	11	11	11	11	11	11	11	11	11	11	11	0	0	0	0	0	0	0	0	1	0	0	0	0	0	0	8	0	0	0	0	4	0	5	0	0	0	0	0	0	0	0	18	0	0	0	1	0	0	0	3	0	0	0	0	0	0	0	0	0	0	0	0	7	0	0	0	0	0	0	12	0	0	0	0	8	0	10	17	0	0	0	0	0	0	7	13	0	0	0	5	0	0	0	0	0	8	0	0	0	0	0	0	0	0	0	0	0	3	0	0	0	1	1	0	0	8	4	0	0	0	0	12	16	0	0	4	16	0	0	0	0	0	0	0	0	0	0	0	0	0	0	0	0	0	0	0	5	0	0	4	0	0	1	0	0	0	0	0	16	0	0	12	8	0	8	0	1	0	8	1	0	0	0	0	0	0	1	0	4	3	0	0	0	3	1	0	0	0	0	0	0	6	0	0	0	0	0	18	0	0	0	0	0	0	0	0	1	0	0	0	0	1	0	0	0	3	0	0	4	0	0	0	0	1	4	0	18	0	0	4	18	0	0	0	0	0	3	0	0	0	0	0	6	0	3	0	0	10	0	0	0	0	1	0	18	0	0	0	0	0	0	4	3	0	0	0	0	0	6	3	0	0	0	0	0	0	1	0	0	0	0	0	0	10	0	0	18	3	0	0	1	0	0	0	0	4	3	0	0	0	12	0	0	0	0	0	0	0	0	0	0	6	0	7	0	0	0	0	0	1	0	0	0	0	0	0	1	0	0	1	0	0	0	18	14	0	17	0	0	0	6	4	1	0	0	0	0	0	8	16	0	0	0	0	0	1	0	3	0	0	17	0	0	0	0	4	0	0	14	0	0	0	0	0	0	0	6	1	0	0	0	0	8	6	0	0	6	0	0	0	0	0	8	0	1	0	1	0	0	0	0	0	2	0	0	0	0	0	0	0	0	7	6	8	0	0	0	0	0	0	0	0	0	2	0	0	0	0	0	0	0	0	3	0	0	4	13	0	8	0	0	0	18	0	0	0	6	0	0	1	1	0	1	0	0	0	0	0	0	0	0	0	0	0	0	12	0	0	0	10	0	0	0	0	14	0	0	0	3	0	0	0	0	4	4	0	0	0	4	0	0	0	16	8	0	0	0	0	0	0	14	0	7	13	0	0	0	18	0	7	2	9	9	9	9	9	9	9	9	9	9	9	9	9	9	9	9	9	9	9	9	9	9	9	9	9	9	9	9	9	9	9	9	9	9	9	9	9	9	9	9	9	9	9	9	9	9	9	9	9	9	9	9	9	9	9	9	9	9	9	9	9	9	9	9	9	9	9	9	9	9	9	9	9	9	9	9	9	9	9	9	9
0	0.4717	0.4717	0.4717	0.4717	0.4717	0.9703	0.9703	0.9703	0.9703	0.9703	0.9703	0.9703	0.9703	0.9703	0.9703	0.9703	0.9703	0.9703	0.8882	0.8882	0.8882	0.8882	0.8882	0.8882	0.8882	0.8882	0.9096	0.8882	0.8882	0.8882	0.8882	0.8882	0.8882	0.9311	0.8882	0.8882	0.8882	0.8882	0.8757	0.8882	0.9034	0.8882	0.8882	0.8882	0.8882	0.8882	0.8882	0.8882	0.8882	0.9181	0.8882	0.8882	0.8882	0.9096	0.8882	0.8882	0.8882	0.9192	0.8882	0.8882	0.8882	0.8882	0.8882	0.8882	0.8882	0.8882	0.8882	0.8882	0.8882	0.8882	0.9113	0.8882	0.8882	0.8882	0.8882	0.8882	0.8882	0.9149	0.8882	0.8882	0.8882	0.8882	0.9311	0.8882	0.8456	0.8975	0.8882	0.8882	0.8882	0.8882	0.8882	0.8882	0.9113	0.5279	0.8882	0.8882	0.8882	0.9034	0.8882	0.8882	0.8882	0.8882	0.8882	0.9311	0.8882	0.8882	0.8882	0.8882	0.8882	0.8882	0.8882	0.8882	0.8882	0.8882	0.8882	0.9192	0.8882	0.8882	0.8882	0.9096	0.9096	0.8882	0.8882	0.9311	0.8757	0.8882	0.8882	0.8882	0.8882	0.9149	0.8613	0.8882	0.8882	0.8757	0.8613	0.8882	0.8882	0.8882	0.8882	0.8882	0.8882	0.8882	0.8882	0.8882	0.8882	0.8882	0.8882	0.8882	0.8882	0.8882	0.8882	0.8882	0.8882	0.8882	0.9034	0.8882	0.8882	0.8757	0.8882	0.8882	0.9096	0.8882	0.8882	0.8882	0.8882	0.8882	0.8613	0.8882	0.8882	0.9149	0.9311	0.8882	0.9311	0.8882	0.9096	0.8882	0.9311	0.9096	0.8882	0.8882	0.8882	0.8882	0.8882	0.8882	0.9096	0.8882	0.8757	0.9192	0.8882	0.8882	0.8882	0.9192	0.9096	0.8882	0.8882	0.8882	0.8882	0.8882	0.8882	0.8976	0.8882	0.8882	0.8882	0.8882	0.8882	0.9181	0.8882	0.8882	0.8882	0.8882	0.8882	0.8882	0.8882	0.8882	0.9096	0.8882	0.8882	0.8882	0.8882	0.9096	0.8882	0.8882	0.8882	0.9192	0.8882	0.8882	0.8757	0.8882	0.8882	0.8882	0.8882	0.9096	0.8757	0.8882	0.9181	0.8882	0.8882	0.8757	0.9181	0.8882	0.8882	0.8882	0.8882	0.8882	0.9192	0.8882	0.8882	0.8882	0.8882	0.8882	0.8976	0.8882	0.9192	0.8882	0.8882	0.8456	0.8882	0.8882	0.8882	0.8882	0.9096	0.8882	0.9181	0.8882	0.8882	0.8882	0.8882	0.8882	0.8882	0.8757	0.9192	0.8882	0.8882	0.8882	0.8882	0.8882	0.8976	0.9192	0.8882	0.8882	0.8882	0.8882	0.8882	0.8882	0.9096	0.8882	0.8882	0.8882	0.8882	0.8882	0.8882	0.8456	0.8882	0.8882	0.9181	0.9192	0.8882	0.8882	0.9096	0.8882	0.8882	0.8882	0.8882	0.8757	0.9192	0.8882	0.8882	0.8882	0.9149	0.8882	0.8882	0.8882	0.8882	0.8882	0.8882	0.8882	0.8882	0.8882	0.8882	0.8976	0.8882	0.9113	0.8882	0.8882	0.8882	0.8882	0.8882	0.9096	0.8882	0.8882	0.8882	0.8882	0.8882	0.8882	0.9096	0.8882	0.8882	0.9096	0.8882	0.8882	0.8882	0.9181	0.9098	0.8882	0.8975	0.8882	0.8882	0.8882	0.8976	0.8757	0.9096	0.8882	0.8882	0.8882	0.8882	0.8882	0.9311	0.8613	0.8882	0.8882	0.8882	0.8882	0.8882	0.9096	0.8882	0.9192	0.8882	0.8882	0.8975	0.8882	0.8882	0.8882	0.8882	0.8757	0.8882	0.8882	0.9098	0.8882	0.8882	0.8882	0.8882	0.8882	0.8882	0.8882	0.8976	0.9096	0.8882	0.8882	0.8882	0.8882	0.9311	0.8976	0.8882	0.8882	0.8976	0.8882	0.8882	0.8882	0.8882	0.8882	0.9311	0.8882	0.9096	0.8882	0.9096	0.8882	0.8882	0.8882	0.8882	0.8882	0.8765	0.8882	0.8882	0.8882	0.8882	0.8882	0.8882	0.8882	0.8882	0.9113	0.8976	0.9311	0.8882	0.8882	0.8882	0.8882	0.8882	0.8882	0.8882	0.8882	0.8882	0.8765	0.8882	0.8882	0.8882	0.8882	0.8882	0.8882	0.8882	0.8882	0.9192	0.8882	0.8882	0.8757	0.5279	0.8882	0.9311	0.8882	0.8882	0.8882	0.9181	0.8882	0.8882	0.8882	0.8976	0.8882	0.8882	0.9096	0.9096	0.8882	0.9096	0.8882	0.8882	0.8882	0.8882	0.8882	0.8882	0.8882	0.8882	0.8882	0.8882	0.8882	0.8882	0.9149	0.8882	0.8882	0.8882	0.8456	0.8882	0.8882	0.8882	0.8882	0.9098	0.8882	0.8882	0.8882	0.9192	0.8882	0.8882	0.8882	0.8882	0.8757	0.8757	0.8882	0.8882	0.8882	0.8757	0.8882	0.8882	0.8882	0.8613	0.9311	0.8882	0.8882	0.8882	0.8882	0.8882	0.8882	0.9098	0.8882	0.9113	0.5279	0.8882	0.8882	0.8882	0.9181	0.8882	0.9113	0.8765	0.9637	0.9637	0.9637	0.9637	0.9637	0.9637	0.9637	0.9637	0.9637	0.9637	0.9637	0.9637	0.9637	0.9637	0.9637	0.9637	0.9637	0.9637	0.9637	0.9637	0.9637	0.9637	0.9637	0.9637	0.9637	0.9637	0.9637	0.9637	0.9637	0.9637	0.9637	0.9637	0.9637	0.9637	0.9637	0.9637	0.9637	0.9637	0.9637	0.9637	0.9637	0.9637	0.9637	0.9637	0.9637	0.9637	0.9637	0.9637	0.9637	0.9637	0.9637	0.9637	0.9637	0.9637	0.9637	0.9637	0.9637	0.9637	0.9637	0.9637	0.9637	0.9637	0.9637	0.9637	0.9637	0.9637	0.9637	0.9637	0.9637	0.9637	0.9637	0.9637	0.9637	0.9637	0.9637	0.9637	0.9637	0.9637	0.9637	0.9637	0.9637
1	0.8664	0.8664	0.8664	0.8664	0.8664	0.9242	0.9242	0.9242	0.9242	0.9242	0.9242	0.9242	0.9242	0.9242	0.9242	0.9242	0.9242	0.9242	0.9981	0.9981	0.9981	0.9981	0.9981	0.9981	0.9981	0.9981	0.9575	0.9981	0.9981	0.9981	0.9981	0.9981	0.9981	0.9671	0.9981	0.9981	0.9981	0.9981	0.9567	0.9981	0.9431	0.9981	0.9981	0.9981	0.9981	0.9981	0.9981	0.9981	0.9981	0.96	0.9981	0.9981	0.9981	0.9575	0.9981	0.9981	0.9981	0.9539	0.9981	0.9981	0.9981	0.9981	0.9981	0.9981	0.9981	0.9981	0.9981	0.9981	0.9981	0.9981	0.9528	0.9981	0.9981	0.9981	0.9981	0.9981	0.9981	0.93	0.9981	0.9981	0.9981	0.9981	0.9671	0.9981	0.9281	0.7395	0.9981	0.9981	0.9981	0.9981	0.9981	0.9981	0.9528	0.8006	0.9981	0.9981	0.9981	0.9431	0.9981	0.9981	0.9981	0.9981	0.9981	0.9671	0.9981	0.9981	0.9981	0.9981	0.9981	0.9981	0.9981	0.9981	0.9981	0.9981	0.9981	0.9539	0.9981	0.9981	0.9981	0.9575	0.9575	0.9981	0.9981	0.9671	0.9567	0.9981	0.9981	0.9981	0.9981	0.93	0.9429	0.9981	0.9981	0.9567	0.9429	0.9981	0.9981	0.9981	0.9981	0.9981	0.9981	0.9981	0.9981	0.9981	0.9981	0.9981	0.9981	0.9981	0.9981	0.9981	0.9981	0.9981	0.9981	0.9981	0.9431	0.9981	0.9981	0.9567	0.9981	0.9981	0.9575	0.9981	0.9981	0.9981	0.9981	0.9981	0.9429	0.9981	0.9981	0.93	0.9671	0.9981	0.9671	0.9981	0.9575	0.9981	0.9671	0.9575	0.9981	0.9981	0.9981	0.9981	0.9981	0.9981	0.9575	0.9981	0.9567	0.9539	0.9981	0.9981	0.9981	0.9539	0.9575	0.9981	0.9981	0.9981	0.9981	0.9981	0.9981	0.9584	0.9981	0.9981	0.9981	0.9981	0.9981	0.96	0.9981	0.9981	0.9981	0.9981	0.9981	0.9981	0.9981	0.9981	0.9575	0.9981	0.9981	0.9981	0.9981	0.9575	0.9981	0.9981	0.9981	0.9539	0.9981	0.9981	0.9567	0.9981	0.9981	0.9981	0.9981	0.9575	0.9567	0.9981	0.96	0.9981	0.9981	0.9567	0.96	0.9981	0.9981	0.9981	0.9981	0.9981	0.9539	0.9981	0.9981	0.9981	0.9981	0.9981	0.9584	0.9981	0.9539	0.9981	0.9981	0.9281	0.9981	0.9981	0.9981	0.9981	0.9575	0.9981	0.96	0.9981	0.9981	0.9981	0.9981	0.9981	0.9981	0.9567	0.9539	0.9981	0.9981	0.9981	0.9981	0.9981	0.9584	0.9539	0.9981	0.9981	0.9981	0.9981	0.9981	0.9981	0.9575	0.9981	0.9981	0.9981	0.9981	0.9981	0.9981	0.9281	0.9981	0.9981	0.96	0.9539	0.9981	0.9981	0.9575	0.9981	0.9981	0.9981	0.9981	0.9567	0.9539	0.9981	0.9981	0.9981	0.93	0.9981	0.9981	0.9981	0.9981	0.9981	0.9981	0.9981	0.9981	0.9981	0.9981	0.9584	0.9981	0.9528	0.9981	0.9981	0.9981	0.9981	0.9981	0.9575	0.9981	0.9981	0.9981	0.9981	0.9981	0.9981	0.9575	0.9981	0.9981	0.9575	0.9981	0.9981	0.9981	0.96	0.9457	0.9981	0.7395	0.9981	0.9981	0.9981	0.9584	0.9567	0.9575	0.9981	0.9981	0.9981	0.9981	0.9981	0.9671	0.9429	0.9981	0.9981	0.9981	0.9981	0.9981	0.9575	0.9981	0.9539	0.9981	0.9981	0.7395	0.9981	0.9981	0.9981	0.9981	0.9567	0.9981	0.9981	0.9457	0.9981	0.9981	0.9981	0.9981	0.9981	0.9981	0.9981	0.9584	0.9575	0.9981	0.9981	0.9981	0.9981	0.9671	0.9584	0.9981	0.9981	0.9584	0.9981	0.9981	0.9981	0.9981	0.9981	0.9671	0.9981	0.9575	0.9981	0.9575	0.9981	0.9981	0.9981	0.9981	0.9981	0.897	0.9981	0.9981	0.9981	0.9981	0.9981	0.9981	0.9981	0.9981	0.9528	0.9584	0.9671	0.9981	0.9981	0.9981	0.9981	0.9981	0.9981	0.9981	0.9981	0.9981	0.897	0.9981	0.9981	0.9981	0.9981	0.9981	0.9981	0.9981	0.9981	0.9539	0.9981	0.9981	0.9567	0.8006	0.9981	0.9671	0.9981	0.9981	0.9981	0.96	0.9981	0.9981	0.9981	0.9584	0.9981	0.9981	0.9575	0.9575	0.9981	0.9575	0.9981	0.9981	0.9981	0.9981	0.9981	0.9981	0.9981	0.9981	0.9981	0.9981	0.9981	0.9981	0.93	0.9981	0.9981	0.9981	0.9281	0.9981	0.9981	0.9981	0.9981	0.9457	0.9981	0.9981	0.9981	0.9539	0.9981	0.9981	0.9981	0.9981	0.9567	0.9567	0.9981	0.9981	0.9981	0.9567	0.9981	0.9981	0.9981	0.9429	0.9671	0.9981	0.9981	0.9981	0.9981	0.9981	0.9981	0.9457	0.9981	0.9528	0.8006	0.9981	0.9981	0.9981	0.96	0.9981	0.9528	0.897	0.9729	0.9729	0.9729	0.9729	0.9729	0.9729	0.9729	0.9729	0.9729	0.9729	0.9729	0.9729	0.9729	0.9729	0.9729	0.9729	0.9729	0.9729	0.9729	0.9729	0.9729	0.9729	0.9729	0.9729	0.9729	0.9729	0.9729	0.9729	0.9729	0.9729	0.9729	0.9729	0.9729	0.9729	0.9729	0.9729	0.9729	0.9729	0.9729	0.9729	0.9729	0.9729	0.9729	0.9729	0.9729	0.9729	0.9729	0.9729	0.9729	0.9729	0.9729	0.9729	0.9729	0.9729	0.9729	0.9729	0.9729	0.9729	0.9729	0.9729	0.9729	0.9729	0.9729	0.9729	0.9729	0.9729	0.9729	0.9729	0.9729	0.9729	0.9729	0.9729	0.9729	0.9729	0.9729	0.9729	0.9729	0.9729	0.9729	0.9729	0.9729
2	0.9529	0.9529	0.9529	0.9529	0.9529	0.9274	0.9274	0.9274	0.9274	0.9274	0.9274	0.9274	0.9274	0.9274	0.9274	0.9274	0.9274	0.9274	0.8881	0.8881	0.8881	0.8881	0.8881	0.8881	0.8881	0.8881	0.9106	0.8881	0.8881	0.8881	0.8881	0.8881	0.8881	0.9267	0.8881	0.8881	0.8881	0.8881	0.8903	0.8881	0.8956	0.8881	0.8881	0.8881	0.8881	0.8881	0.8881	0.8881	0.8881	0.9063	0.8881	0.8881	0.8881	0.9106	0.8881	0.8881	0.8881	0.9083	0.8881	0.8881	0.8881	0.8881	0.8881	0.8881	0.8881	0.8881	0.8881	0.8881	0.8881	0.8881	0.9055	0.8881	0.8881	0.8881	0.8881	0.8881	0.8881	0.8899	0.8881	0.8881	0.8881	0.8881	0.9267	0.8881	0.9131	0.5237	0.8881	0.8881	0.8881	0.8881	0.8881	0.8881	0.9055	0.3911	0.8881	0.8881	0.8881	0.8956	0.8881	0.8881	0.8881	0.8881	0.8881	0.9267	0.8881	0.8881	0.8881	0.8881	0.8881	0.8881	0.8881	0.8881	0.8881	0.8881	0.8881	0.9083	0.8881	0.8881	0.8881	0.9106	0.9106	0.8881	0.8881	0.9267	0.8903	0.8881	0.8881	0.8881	0.8881	0.8899	0.9054	0.8881	0.8881	0.8903	0.9054	0.8881	0.8881	0.8881	0.8881	0.8881	0.8881	0.8881	0.8881	0.8881	0.8881	0.8881	0.8881	0.8881	0.8881	0.8881	0.8881	0.8881	0.8881	0.8881	0.8956	0.8881	0.8881	0.8903	0.8881	0.8881	0.9106	0.8881	0.8881	0.8881	0.8881	0.8881	0.9054	0.8881	0.8881	0.8899	0.9267	0.8881	0.9267	0.8881	0.9106	0.8881	0.9267	0.9106	0.8881	0.8881	0.8881	0.8881	0.8881	0.8881	0.9106	0.8881	0.8903	0.9083	0.8881	0.8881	0.8881	0.9083	0.9106	0.8881	0.8881	0.8881	0.8881	0.8881	0.8881	0.9173	0.8881	0.8881	0.8881	0.8881	0.8881	0.9063	0.8881	0.8881	0.8881	0.8881	0.8881	0.8881	0.8881	0.8881	0.9106	0.8881	0.8881	0.8881	0.8881	0.9106	0.8881	0.8881	0.8881	0.9083	0.8881	0.8881	0.8903	0.8881	0.8881	0.8881	0.8881	0.9106	0.8903	0.8881	0.9063	0.8881	0.8881	0.8903	0.9063	0.8881	0.8881	0.8881	0.8881	0.8881	0.9083	0.8881	0.8881	0.8881	0.8881	0.8881	0.9173	0.8881	0.9083	0.8881	0.8881	0.9131	0.8881	0.8881	0.8881	0.8881	0.9106	0.8881	0.9063	0.8881	0.8881	0.8881	0.8881	0.8881	0.8881	0.8903	0.9083	0.8881	0.8881	0.8881	0.8881	0.8881	0.9173	0.9083	0.8881	0.8881	0.8881	0.8881	0.8881	0.8881	0.9106	0.8881	0.8881	0.8881	0.8881	0.8881	0.8881	0.9131	0.8881	0.8881	0.9063	0.9083	0.8881	0.8881	0.9106	0.8881	0.8881	0.8881	0.8881	0.8903	0.9083	0.8881	0.8881	0.8881	0.8899	0.8881	0.8881	0.8881	0.8881	0.8881	0.8881	0.8881	0.8881	0.8881	0.8881	0.9173	0.8881	0.9055	0.8881	0.8881	0.8881	0.8881	0.8881	0.9106	0.8881	0.8881	0.8881	0.8881	0.8881	0.8881	0.9106	0.8881	0.8881	0.9106	0.8881	0.8881	0.8881	0.9063	0.9002	0.8881	0.5237	0.8881	0.8881	0.8881	0.9173	0.8903	0.9106	0.8881	0.8881	0.8881	0.8881	0.8881	0.9267	0.9054	0.8881	0.8881	0.8881	0.8881	0.8881	0.9106	0.8881	0.9083	0.8881	0.8881	0.5237	0.8881	0.8881	0.8881	0.8881	0.8903	0.8881	0.8881	0.9002	0.8881	0.8881	0.8881	0.8881	0.8881	0.8881	0.8881	0.9173	0.9106	0.8881	0.8881	0.8881	0.8881	0.9267	0.9173	0.8881	0.8881	0.9173	0.8881	0.8881	0.8881	0.8881	0.8881	0.9267	0.8881	0.9106	0.8881	0.9106	0.8881	0.8881	0.8881	0.8881	0.8881	0.928	0.8881	0.8881	0.8881	0.8881	0.8881	0.8881	0.8881	0.8881	0.9055	0.9173	0.9267	0.8881	0.8881	0.8881	0.8881	0.8881	0.8881	0.8881	0.8881	0.8881	0.928	0.8881	0.8881	0.8881	0.8881	0.8881	0.8881	0.8881	0.8881	0.9083	0.8881	0.8881	0.8903	0.3911	0.8881	0.9267	0.8881	0.8881	0.8881	0.9063	0.8881	0.8881	0.8881	0.9173	0.8881	0.8881	0.9106	0.9106	0.8881	0.9106	0.8881	0.8881	0.8881	0.8881	0.8881	0.8881	0.8881	0.8881	0.8881	0.8881	0.8881	0.8881	0.8899	0.8881	0.8881	0.8881	0.9131	0.8881	0.8881	0.8881	0.8881	0.9002	0.8881	0.8881	0.8881	0.9083	0.8881	0.8881	0.8881	0.8881	0.8903	0.8903	0.8881	0.8881	0.8881	0.8903	0.8881	0.8881	0.8881	0.9054	0.9267	0.8881	0.8881	0.8881	0.8881	0.8881	0.8881	0.9002	0.8881	0.9055	0.3911	0.8881	0.8881	0.8881	0.9063	0.8881	0.9055	0.928	0.9559	0.9559	0.9559	0.9559	0.9559	0.9559	0.9559	0.9559	0.9559	0.9559	0.9559	0.9559	0.9559	0.9559	0.9559	0.9559	0.9559	0.9559	0.9559	0.9559	0.9559	0.9559	0.9559	0.9559	0.9559	0.9559	0.9559	0.9559	0.9559	0.9559	0.9559	0.9559	0.9559	0.9559	0.9559	0.9559	0.9559	0.9559	0.9559	0.9559	0.9559	0.9559	0.9559	0.9559	0.9559	0.9559	0.9559	0.9559	0.9559	0.9559	0.9559	0.9559	0.9559	0.9559	0.9559	0.9559	0.9559	0.9559	0.9559	0.9559	0.9559	0.9559	0.9559	0.9559	0.9559	0.9559	0.9559	0.9559	0.9559	0.9559	0.9559	0.9559	0.9559	0.9559	0.9559	0.9559	0.9559	0.9559	0.9559	0.9559	0.9559
3	0.8483	0.8483	0.8483	0.8483	0.8483	0.8855	0.8855	0.8855	0.8855	0.8855	0.8855	0.8855	0.8855	0.8855	0.8855	0.8855	0.8855	0.8855	0.9372	0.9372	0.9372	0.9372	0.9372	0.9372	0.9372	0.9372	0.9173	0.9372	0.9372	0.9372	0.9372	0.9372	0.9372	0.9168	0.9372	0.9372	0.9372	0.9372	0.911	0.9372	0.8772	0.9372	0.9372	0.9372	0.9372	0.9372	0.9372	0.9372	0.9372	0.8829	0.9372	0.9372	0.9372	0.9173	0.9372	0.9372	0.9372	0.9214	0.9372	0.9372	0.9372	0.9372	0.9372	0.9372	0.9372	0.9372	0.9372	0.9372	0.9372	0.9372	0.9174	0.9372	0.9372	0.9372	0.9372	0.9372	0.9372	0.8642	0.9372	0.9372	0.9372	0.9372	0.9168	0.9372	0.9317	0.9744	0.9372	0.9372	0.9372	0.9372	0.9372	0.9372	0.9174	0.2981	0.9372	0.9372	0.9372	0.8772	0.9372	0.9372	0.9372	0.9372	0.9372	0.9168	0.9372	0.9372	0.9372	0.9372	0.9372	0.9372	0.9372	0.9372	0.9372	0.9372	0.9372	0.9214	0.9372	0.9372	0.9372	0.9173	0.9173	0.9372	0.9372	0.9168	0.911	0.9372	0.9372	0.9372	0.9372	0.8642	0.9099	0.9372	0.9372	0.911	0.9099	0.9372	0.9372	0.9372	0.9372	0.9372	0.9372	0.9372	0.9372	0.9372	0.9372	0.9372	0.9372	0.9372	0.9372	0.9372	0.9372	0.9372	0.9372	0.9372	0.8772	0.9372	0.9372	0.911	0.9372	0.9372	0.9173	0.9372	0.9372	0.9372	0.9372	0.9372	0.9099	0.9372	0.9372	0.8642	0.9168	0.9372	0.9168	0.9372	0.9173	0.9372	0.9168	0.9173	0.9372	0.9372	0.9372	0.9372	0.9372	0.9372	0.9173	0.9372	0.911	0.9214	0.9372	0.9372	0.9372	0.9214	0.9173	0.9372	0.9372	0.9372	0.9372	0.9372	0.9372	0.9044	0.9372	0.9372	0.9372	0.9372	0.9372	0.8829	0.9372	0.9372	0.9372	0.9372	0.9372	0.9372	0.9372	0.9372	0.9173	0.9372	0.9372	0.9372	0.9372	0.9173	0.9372	0.9372	0.9372	0.9214	0.9372	0.9372	0.911	0.9372	0.9372	0.9372	0.9372	0.9173	0.911	0.9372	0.8829	0.9372	0.9372	0.911	0.8829	0.9372	0.9372	0.9372	0.9372	0.9372	0.9214	0.9372	0.9372	0.9372	0.9372	0.9372	0.9044	0.9372	0.9214	0.9372	0.9372	0.9317	0.9372	0.9372	0.9372	0.9372	0.9173	0.9372	0.8829	0.9372	0.9372	0.9372	0.9372	0.9372	0.9372	0.911	0.9214	0.9372	0.9372	0.9372	0.9372	0.9372	0.9044	0.9214	0.9372	0.9372	0.9372	0.9372	0.9372	0.9372	0.9173	0.9372	0.9372	0.9372	0.9372	0.9372	0.9372	0.9317	0.9372	0.9372	0.8829	0.9214	0.9372	0.9372	0.9173	0.9372	0.9372	0.9372	0.9372	0.911	0.9214	0.9372	0.9372	0.9372	0.8642	0.9372	0.9372	0.9372	0.9372	0.9372	0.9372	0.9372	0.9372	0.9372	0.9372	0.9044	0.9372	0.9174	0.9372	0.9372	0.9372	0.9372	0.9372	0.9173	0.9372	0.9372	0.9372	0.9372	0.9372	0.9372	0.9173	0.9372	0.9372	0.9173	0.9372	0.9372	0.9372	0.8829	0.8828	0.9372	0.9744	0.9372	0.9372	0.9372	0.9044	0.911	0.9173	0.9372	0.9372	0.9372	0.9372	0.9372	0.9168	0.9099	0.9372	0.9372	0.9372	0.9372	0.9372	0.9173	0.9372	0.9214	0.9372	0.9372	0.9744	0.9372	0.9372	0.9372	0.9372	0.911	0.9372	0.9372	0.8828	0.9372	0.9372	0.9372	0.9372	0.9372	0.9372	0.9372	0.9044	0.9173	0.9372	0.9372	0.9372	0.9372	0.9168	0.9044	0.9372	0.9372	0.9044	0.9372	0.9372	0.9372	0.9372	0.9372	0.9168	0.9372	0.9173	0.9372	0.9173	0.9372	0.9372	0.9372	0.9372	0.9372	0.8496	0.9372	0.9372	0.9372	0.9372	0.9372	0.9372	0.9372	0.9372	0.9174	0.9044	0.9168	0.9372	0.9372	0.9372	0.9372	0.9372	0.9372	0.9372	0.9372	0.9372	0.8496	0.9372	0.9372	0.9372	0.9372	0.9372	0.9372	0.9372	0.9372	0.9214	0.9372	0.9372	0.911	0.2981	0.9372	0.9168	0.9372	0.9372	0.9372	0.8829	0.9372	0.9372	0.9372	0.9044	0.9372	0.9372	0.9173	0.9173	0.9372	0.9173	0.9372	0.9372	0.9372	0.9372	0.9372	0.9372	0.9372	0.9372	0.9372	0.9372	0.9372	0.9372	0.8642	0.9372	0.9372	0.9372	0.9317	0.9372	0.9372	0.9372	0.9372	0.8828	0.9372	0.9372	0.9372	0.9214	0.9372	0.9372	0.9372	0.9372	0.911	0.911	0.9372	0.9372	0.9372	0.911	0.9372	0.9372	0.9372	0.9099	0.9168	0.9372	0.9372	0.9372	0.9372	0.9372	0.9372	0.8828	0.9372	0.9174	0.2981	0.9372	0.9372	0.9372	0.8829	0.9372	0.9174	0.8496	0.9173	0.9173	0.9173	0.9173	0.9173	0.9173	0.9173	0.9173	0.9173	0.9173	0.9173	0.9173	0.9173	0.9173	0.9173	0.9173	0.9173	0.9173	0.9173	0.9173	0.9173	0.9173	0.9173	0.9173	0.9173	0.9173	0.9173	0.9173	0.9173	0.9173	0.9173	0.9173	0.9173	0.9173	0.9173	0.9173	0.9173	0.9173	0.9173	0.9173	0.9173	0.9173	0.9173	0.9173	0.9173	0.9173	0.9173	0.9173	0.9173	0.9173	0.9173	0.9173	0.9173	0.9173	0.9173	0.9173	0.9173	0.9173	0.9173	0.9173	0.9173	0.9173	0.9173	0.9173	0.9173	0.9173	0.9173	0.9173	0.9173	0.9173	0.9173	0.9173	0.9173	0.9173	0.9173	0.9173	0.9173	0.9173	0.9173	0.9173	0.9173
4	0.8462	0.8462	0.8462	0.8462	0.8462	0.895	0.895	0.895	0.895	0.895	0.895	0.895	0.895	0.895	0.895	0.895	0.895	0.895	0.9183	0.9183	0.9183	0.9183	0.9183	0.9183	0.9183	0.9183	0.9256	0.9183	0.9183	0.9183	0.9183	0.9183	0.9183	0.931	0.9183	0.9183	0.9183	0.9183	0.9228	0.9183	0.8717	0.9183	0.9183	0.9183	0.9183	0.9183	0.9183	0.9183	0.9183	0.9128	0.9183	0.9183	0.9183	0.9256	0.9183	0.9183	0.9183	0.9367	0.9183	0.9183	0.9183	0.9183	0.9183	0.9183	0.9183	0.9183	0.9183	0.9183	0.9183	0.9183	0.9356	0.9183	0.9183	0.9183	0.9183	0.9183	0.9183	0.9115	0.9183	0.9183	0.9183	0.9183	0.931	0.9183	0.9119	0.8327	0.9183	0.9183	0.9183	0.9183	0.9183	0.9183	0.9356	0.8787	0.9183	0.9183	0.9183	0.8717	0.9183	0.9183	0.9183	0.9183	0.9183	0.931	0.9183	0.9183	0.9183	0.9183	0.9183	0.9183	0.9183	0.9183	0.9183	0.9183	0.9183	0.9367	0.9183	0.9183	0.9183	0.9256	0.9256	0.9183	0.9183	0.931	0.9228	0.9183	0.9183	0.9183	0.9183	0.9115	0.9109	0.9183	0.9183	0.9228	0.9109	0.9183	0.9183	0.9183	0.9183	0.9183	0.9183	0.9183	0.9183	0.9183	0.9183	0.9183	0.9183	0.9183	0.9183	0.9183	0.9183	0.9183	0.9183	0.9183	0.8717	0.9183	0.9183	0.9228	0.9183	0.9183	0.9256	0.9183	0.9183	0.9183	0.9183	0.9183	0.9109	0.9183	0.9183	0.9115	0.931	0.9183	0.931	0.9183	0.9256	0.9183	0.931	0.9256	0.9183	0.9183	0.9183	0.9183	0.9183	0.9183	0.9256	0.9183	0.9228	0.9367	0.9183	0.9183	0.9183	0.9367	0.9256	0.9183	0.9183	0.9183	0.9183	0.9183	0.9183	0.9261	0.9183	0.9183	0.9183	0.9183	0.9183	0.9128	0.9183	0.9183	0.9183	0.9183	0.9183	0.9183	0.9183	0.9183	0.9256	0.9183	0.9183	0.9183	0.9183	0.9256	0.9183	0.9183	0.9183	0.9367	0.9183	0.9183	0.9228	0.9183	0.9183	0.9183	0.9183	0.9256	0.9228	0.9183	0.9128	0.9183	0.9183	0.9228	0.9128	0.9183	0.9183	0.9183	0.9183	0.9183	0.9367	0.9183	0.9183	0.9183	0.9183	0.9183	0.9261	0.9183	0.9367	0.9183	0.9183	0.9119	0.9183	0.9183	0.9183	0.9183	0.9256	0.9183	0.9128	0.9183	0.9183	0.9183	0.9183	0.9183	0.9183	0.9228	0.9367	0.9183	0.9183	0.9183	0.9183	0.9183	0.9261	0.9367	0.9183	0.9183	0.9183	0.9183	0.9183	0.9183	0.9256	0.9183	0.9183	0.9183	0.9183	0.9183	0.9183	0.9119	0.9183	0.9183	0.9128	0.9367	0.9183	0.9183	0.9256	0.9183	0.9183	0.9183	0.9183	0.9228	0.9367	0.9183	0.9183	0.9183	0.9115	0.9183	0.9183	0.9183	0.9183	0.9183	0.9183	0.9183	0.9183	0.9183	0.9183	0.9261	0.9183	0.9356	0.9183	0.9183	0.9183	0.9183	0.9183	0.9256	0.9183	0.9183	0.9183	0.9183	0.9183	0.9183	0.9256	0.9183	0.9183	0.9256	0.9183	0.9183	0.9183	0.9128	0.9136	0.9183	0.8327	0.9183	0.9183	0.9183	0.9261	0.9228	0.9256	0.9183	0.9183	0.9183	0.9183	0.9183	0.931	0.9109	0.9183	0.9183	0.9183	0.9183	0.9183	0.9256	0.9183	0.9367	0.9183	0.9183	0.8327	0.9183	0.9183	0.9183	0.9183	0.9228	0.9183	0.9183	0.9136	0.9183	0.9183	0.9183	0.9183	0.9183	0.9183	0.9183	0.9261	0.9256	0.9183	0.9183	0.9183	0.9183	0.931	0.9261	0.9183	0.9183	0.9261	0.9183	0.9183	0.9183	0.9183	0.9183	0.931	0.9183	0.9256	0.9183	0.9256	0.9183	0.9183	0.9183	0.9183	0.9183	0.8494	0.9183	0.9183	0.9183	0.9183	0.9183	0.9183	0.9183	0.9183	0.9356	0.9261	0.931	0.9183	0.9183	0.9183	0.9183	0.9183	0.9183	0.9183	0.9183	0.9183	0.8494	0.9183	0.9183	0.9183	0.9183	0.9183	0.9183	0.9183	0.9183	0.9367	0.9183	0.9183	0.9228	0.8787	0.9183	0.931	0.9183	0.9183	0.9183	0.9128	0.9183	0.9183	0.9183	0.9261	0.9183	0.9183	0.9256	0.9256	0.9183	0.9256	0.9183	0.9183	0.9183	0.9183	0.9183	0.9183	0.9183	0.9183	0.9183	0.9183	0.9183	0.9183	0.9115	0.9183	0.9183	0.9183	0.9119	0.9183	0.9183	0.9183	0.9183	0.9136	0.9183	0.9183	0.9183	0.9367	0.9183	0.9183	0.9183	0.9183	0.9228	0.9228	0.9183	0.9183	0.9183	0.9228	0.9183	0.9183	0.9183	0.9109	0.931	0.9183	0.9183	0.9183	0.9183	0.9183	0.9183	0.9136	0.9183	0.9356	0.8787	0.9183	0.9183	0.9183	0.9128	0.9183	0.9356	0.8494	0.8786	0.8786	0.8786	0.8786	0.8786	0.8786	0.8786	0.8786	0.8786	0.8786	0.8786	0.8786	0.8786	0.8786	0.8786	0.8786	0.8786	0.8786	0.8786	0.8786	0.8786	0.8786	0.8786	0.8786	0.8786	0.8786	0.8786	0.8786	0.8786	0.8786	0.8786	0.8786	0.8786	0.8786	0.8786	0.8786	0.8786	0.8786	0.8786	0.8786	0.8786	0.8786	0.8786	0.8786	0.8786	0.8786	0.8786	0.8786	0.8786	0.8786	0.8786	0.8786	0.8786	0.8786	0.8786	0.8786	0.8786	0.8786	0.8786	0.8786	0.8786	0.8786	0.8786	0.8786	0.8786	0.8786	0.8786	0.8786	0.8786	0.8786	0.8786	0.8786	0.8786	0.8786	0.8786	0.8786	0.8786	0.8786	0.8786	0.8786	0.8786
5	0.6298	0.6298	0.6298	0.6298	0.6298	0.9237	0.9237	0.9237	0.9237	0.9237	0.9237	0.9237	0.9237	0.9237	0.9237	0.9237	0.9237	0.9237	0.9309	0.9309	0.9309	0.9309	0.9309	0.9309	0.9309	0.9309	0.9149	0.9309	0.9309	0.9309	0.9309	0.9309	0.9309	0.9278	0.9309	0.9309	0.9309	0.9309	0.9246	0.9309	0.8839	0.9309	0.9309	0.9309	0.9309	0.9309	0.9309	0.9309	0.9309	0.9076	0.9309	0.9309	0.9309	0.9149	0.9309	0.9309	0.9309	0.9019	0.9309	0.9309	0.9309	0.9309	0.9309	0.9309	0.9309	0.9309	0.9309	0.9309	0.9309	0.9309	0.9147	0.9309	0.9309	0.9309	0.9309	0.9309	0.9309	0.8964	0.9309	0.9309	0.9309	0.9309	0.9278	0.9309	0.9141	0.5289	0.9309	0.9309	0.9309	0.9309	0.9309	0.9309	0.9147	0.7652	0.9309	0.9309	0.9309	0.8839	0.9309	0.9309	0.9309	0.9309	0.9309	0.9278	0.9309	0.9309	0.9309	0.9309	0.9309	0.9309	0.9309	0.9309	0.9309	0.9309	0.9309	0.9019	0.9309	0.9309	0.9309	0.9149	0.9149	0.9309	0.9309	0.9278	0.9246	0.9309	0.9309	0.9309	0.9309	0.8964	0.9272	0.9309	0.9309	0.9246	0.9272	0.9309	0.9309	0.9309	0.9309	0.9309	0.9309	0.9309	0.9309	0.9309	0.9309	0.9309	0.9309	0.9309	0.9309	0.9309	0.9309	0.9309	0.9309	0.9309	0.8839	0.9309	0.9309	0.9246	0.9309	0.9309	0.9149	0.9309	0.9309	0.9309	0.9309	0.9309	0.9272	0.9309	0.9309	0.8964	0.9278	0.9309	0.9278	0.9309	0.9149	0.9309	0.9278	0.9149	0.9309	0.9309	0.9309	0.9309	0.9309	0.9309	0.9149	0.9309	0.9246	0.9019	0.9309	0.9309	0.9309	0.9019	0.9149	0.9309	0.9309	0.9309	0.9309	0.9309	0.9309	0.9278	0.9309	0.9309	0.9309	0.9309	0.9309	0.9076	0.9309	0.9309	0.9309	0.9309	0.9309	0.9309	0.9309	0.9309	0.9149	0.9309	0.9309	0.9309	0.9309	0.9149	0.9309	0.9309	0.9309	0.9019	0.9309	0.9309	0.9246	0.9309	0.9309	0.9309	0.9309	0.9149	0.9246	0.9309	0.9076	0.9309	0.9309	0.9246	0.9076	0.9309	0.9309	0.9309	0.9309	0.9309	0.9019	0.9309	0.9309	0.9309	0.9309	0.9309	0.9278	0.9309	0.9019	0.9309	0.9309	0.9141	0.9309	0.9309	0.9309	0.9309	0.9149	0.9309	0.9076	0.9309	0.9309	0.9309	0.9309	0.9309	0.9309	0.9246	0.9019	0.9309	0.9309	0.9309	0.9309	0.9309	0.9278	0.9019	0.9309	0.9309	0.9309	0.9309	0.9309	0.9309	0.9149	0.9309	0.9309	0.9309	0.9309	0.9309	0.9309	0.9141	0.9309	0.9309	0.9076	0.9019	0.9309	0.9309	0.9149	0.9309	0.9309	0.9309	0.9309	0.9246	0.9019	0.9309	0.9309	0.9309	0.8964	0.9309	0.9309	0.9309	0.9309	0.9309	0.9309	0.9309	0.9309	0.9309	0.9309	0.9278	0.9309	0.9147	0.9309	0.9309	0.9309	0.9309	0.9309	0.9149	0.9309	0.9309	0.9309	0.9309	0.9309	0.9309	0.9149	0.9309	0.9309	0.9149	0.9309	0.9309	0.9309	0.9076	0.8773	0.9309	0.5289	0.9309	0.9309	0.9309	0.9278	0.9246	0.9149	0.9309	0.9309	0.9309	0.9309	0.9309	0.9278	0.9272	0.9309	0.9309	0.9309	0.9309	0.9309	0.9149	0.9309	0.9019	0.9309	0.9309	0.5289	0.9309	0.9309	0.9309	0.9309	0.9246	0.9309	0.9309	0.8773	0.9309	0.9309	0.9309	0.9309	0.9309	0.9309	0.9309	0.9278	0.9149	0.9309	0.9309	0.9309	0.9309	0.9278	0.9278	0.9309	0.9309	0.9278	0.9309	0.9309	0.9309	0.9309	0.9309	0.9278	0.9309	0.9149	0.9309	0.9149	0.9309	0.9309	0.9309	0.9309	0.9309	0.9248	0.9309	0.9309	0.9309	0.9309	0.9309	0.9309	0.9309	0.9309	0.9147	0.9278	0.9278	0.9309	0.9309	0.9309	0.9309	0.9309	0.9309	0.9309	0.9309	0.9309	0.9248	0.9309	0.9309	0.9309	0.9309	0.9309	0.9309	0.9309	0.9309	0.9019	0.9309	0.9309	0.9246	0.7652	0.9309	0.9278	0.9309	0.9309	0.9309	0.9076	0.9309	0.9309	0.9309	0.9278	0.9309	0.9309	0.9149	0.9149	0.9309	0.9149	0.9309	0.9309	0.9309	0.9309	0.9309	0.9309	0.9309	0.9309	0.9309	0.9309	0.9309	0.9309	0.8964	0.9309	0.9309	0.9309	0.9141	0.9309	0.9309	0.9309	0.9309	0.8773	0.9309	0.9309	0.9309	0.9019	0.9309	0.9309	0.9309	0.9309	0.9246	0.9246	0.9309	0.9309	0.9309	0.9246	0.9309	0.9309	0.9309	0.9272	0.9278	0.9309	0.9309	0.9309	0.9309	0.9309	0.9309	0.8773	0.9309	0.9147	0.7652	0.9309	0.9309	0.9309	0.9076	0.9309	0.9147	0.9248	0.9719	0.9719	0.9719	0.9719	0.9719	0.9719	0.9719	0.9719	0.9719	0.9719	0.9719	0.9719	0.9719	0.9719	0.9719	0.9719	0.9719	0.9719	0.9719	0.9719	0.9719	0.9719	0.9719	0.9719	0.9719	0.9719	0.9719	0.9719	0.9719	0.9719	0.9719	0.9719	0.9719	0.9719	0.9719	0.9719	0.9719	0.9719	0.9719	0.9719	0.9719	0.9719	0.9719	0.9719	0.9719	0.9719	0.9719	0.9719	0.9719	0.9719	0.9719	0.9719	0.9719	0.9719	0.9719	0.9719	0.9719	0.9719	0.9719	0.9719	0.9719	0.9719	0.9719	0.9719	0.9719	0.9719	0.9719	0.9719	0.9719	0.9719	0.9719	0.9719	0.9719	0.9719	0.9719	0.9719	0.9719	0.9719	0.9719	0.9719	0.9719
6	0.899	0.899	0.899	0.899	0.899	0.7567	0.7567	0.7567	0.7567	0.7567	0.7567	0.7567	0.7567	0.7567	0.7567	0.7567	0.7567	0.7567	0.9017	0.9017	0.9017	0.9017	0.9017	0.9017	0.9017	0.9017	0.9146	0.9017	0.9017	0.9017	0.9017	0.9017	0.9017	0.8824	0.9017	0.9017	0.9017	0.9017	0.9227	0.9017	0.8812	0.9017	0.9017	0.9017	0.9017	0.9017	0.9017	0.9017	0.9017	0.8737	0.9017	0.9017	0.9017	0.9146	0.9017	0.9017	0.9017	0.9032	0.9017	0.9017	0.9017	0.9017	0.9017	0.9017	0.9017	0.9017	0.9017	0.9017	0.9017	0.9017	0.939	0.9017	0.9017	0.9017	0.9017	0.9017	0.9017	0.8496	0.9017	0.9017	0.9017	0.9017	0.8824	0.9017	0.922	0.7295	0.9017	0.9017	0.9017	0.9017	0.9017	0.9017	0.939	0.0965	0.9017	0.9017	0.9017	0.8812	0.9017	0.9017	0.9017	0.9017	0.9017	0.8824	0.9017	0.9017	0.9017	0.9017	0.9017	0.9017	0.9017	0.9017	0.9017	0.9017	0.9017	0.9032	0.9017	0.9017	0.9017	0.9146	0.9146	0.9017	0.9017	0.8824	0.9227	0.9017	0.9017	0.9017	0.9017	0.8496	0.9109	0.9017	0.9017	0.9227	0.9109	0.9017	0.9017	0.9017	0.9017	0.9017	0.9017	0.9017	0.9017	0.9017	0.9017	0.9017	0.9017	0.9017	0.9017	0.9017	0.9017	0.9017	0.9017	0.9017	0.8812	0.9017	0.9017	0.9227	0.9017	0.9017	0.9146	0.9017	0.9017	0.9017	0.9017	0.9017	0.9109	0.9017	0.9017	0.8496	0.8824	0.9017	0.8824	0.9017	0.9146	0.9017	0.8824	0.9146	0.9017	0.9017	0.9017	0.9017	0.9017	0.9017	0.9146	0.9017	0.9227	0.9032	0.9017	0.9017	0.9017	0.9032	0.9146	0.9017	0.9017	0.9017	0.9017	0.9017	0.9017	0.9308	0.9017	0.9017	0.9017	0.9017	0.9017	0.8737	0.9017	0.9017	0.9017	0.9017	0.9017	0.9017	0.9017	0.9017	0.9146	0.9017	0.9017	0.9017	0.9017	0.9146	0.9017	0.9017	0.9017	0.9032	0.9017	0.9017	0.9227	0.9017	0.9017	0.9017	0.9017	0.9146	0.9227	0.9017	0.8737	0.9017	0.9017	0.9227	0.8737	0.9017	0.9017	0.9017	0.9017	0.9017	0.9032	0.9017	0.9017	0.9017	0.9017	0.9017	0.9308	0.9017	0.9032	0.9017	0.9017	0.922	0.9017	0.9017	0.9017	0.9017	0.9146	0.9017	0.8737	0.9017	0.9017	0.9017	0.9017	0.9017	0.9017	0.9227	0.9032	0.9017	0.9017	0.9017	0.9017	0.9017	0.9308	0.9032	0.9017	0.9017	0.9017	0.9017	0.9017	0.9017	0.9146	0.9017	0.9017	0.9017	0.9017	0.9017	0.9017	0.922	0.9017	0.9017	0.8737	0.9032	0.9017	0.9017	0.9146	0.9017	0.9017	0.9017	0.9017	0.9227	0.9032	0.9017	0.9017	0.9017	0.8496	0.9017	0.9017	0.9017	0.9017	0.9017	0.9017	0.9017	0.9017	0.9017	0.9017	0.9308	0.9017	0.939	0.9017	0.9017	0.9017	0.9017	0.9017	0.9146	0.9017	0.9017	0.9017	0.9017	0.9017	0.9017	0.9146	0.9017	0.9017	0.9146	0.9017	0.9017	0.9017	0.8737	0.8701	0.9017	0.7295	0.9017	0.9017	0.9017	0.9308	0.9227	0.9146	0.9017	0.9017	0.9017	0.9017	0.9017	0.8824	0.9109	0.9017	0.9017	0.9017	0.9017	0.9017	0.9146	0.9017	0.9032	0.9017	0.9017	0.7295	0.9017	0.9017	0.9017	0.9017	0.9227	0.9017	0.9017	0.8701	0.9017	0.9017	0.9017	0.9017	0.9017	0.9017	0.9017	0.9308	0.9146	0.9017	0.9017	0.9017	0.9017	0.8824	0.9308	0.9017	0.9017	0.9308	0.9017	0.9017	0.9017	0.9017	0.9017	0.8824	0.9017	0.9146	0.9017	0.9146	0.9017	0.9017	0.9017	0.9017	0.9017	0.703	0.9017	0.9017	0.9017	0.9017	0.9017	0.9017	0.9017	0.9017	0.939	0.9308	0.8824	0.9017	0.9017	0.9017	0.9017	0.9017	0.9017	0.9017	0.9017	0.9017	0.703	0.9017	0.9017	0.9017	0.9017	0.9017	0.9017	0.9017	0.9017	0.9032	0.9017	0.9017	0.9227	0.0965	0.9017	0.8824	0.9017	0.9017	0.9017	0.8737	0.9017	0.9017	0.9017	0.9308	0.9017	0.9017	0.9146	0.9146	0.9017	0.9146	0.9017	0.9017	0.9017	0.9017	0.9017	0.9017	0.9017	0.9017	0.9017	0.9017	0.9017	0.9017	0.8496	0.9017	0.9017	0.9017	0.922	0.9017	0.9017	0.9017	0.9017	0.8701	0.9017	0.9017	0.9017	0.9032	0.9017	0.9017	0.9017	0.9017	0.9227	0.9227	0.9017	0.9017	0.9017	0.9227	0.9017	0.9017	0.9017	0.9109	0.8824	0.9017	0.9017	0.9017	0.9017	0.9017	0.9017	0.8701	0.9017	0.939	0.0965	0.9017	0.9017	0.9017	0.8737	0.9017	0.939	0.703	0.9717	0.9717	0.9717	0.9717	0.9717	0.9717	0.9717	0.9717	0.9717	0.9717	0.9717	0.9717	0.9717	0.9717	0.9717	0.9717	0.9717	0.9717	0.9717	0.9717	0.9717	0.9717	0.9717	0.9717	0.9717	0.9717	0.9717	0.9717	0.9717	0.9717	0.9717	0.9717	0.9717	0.9717	0.9717	0.9717	0.9717	0.9717	0.9717	0.9717	0.9717	0.9717	0.9717	0.9717	0.9717	0.9717	0.9717	0.9717	0.9717	0.9717	0.9717	0.9717	0.9717	0.9717	0.9717	0.9717	0.9717	0.9717	0.9717	0.9717	0.9717	0.9717	0.9717	0.9717	0.9717	0.9717	0.9717	0.9717	0.9717	0.9717	0.9717	0.9717	0.9717	0.9717	0.9717	0.9717	0.9717	0.9717	0.9717	0.9717	0.9717
7	0.0666	0.0666	0.0666	0.0666	0.0666	0.0271	0.0271	0.0271	0.0271	0.0271	0.0271	0.0271	0.0271	0.0271	0.0271	0.0271	0.0271	0.0271	0.0049	0.0049	0.0049	0.0049	0.0049	0.0049	0.0049	0.0049	0.0051	0.0049	0.0049	0.0049	0.0049	0.0049	0.0049	0.0052	0.0049	0.0049	0.0049	0.0049	0.0097	0.0049	0.0124	0.0049	0.0049	0.0049	0.0049	0.0049	0.0049	0.0049	0.0049	0.0063	0.0049	0.0049	0.0049	0.0051	0.0049	0.0049	0.0049	0.0068	0.0049	0.0049	0.0049	0.0049	0.0049	0.0049	0.0049	0.0049	0.0049	0.0049	0.0049	0.0049	0.0087	0.0049	0.0049	0.0049	0.0049	0.0049	0.0049	0.0079	0.0049	0.0049	0.0049	0.0049	0.0052	0.0049	0.0077	0.0146	0.0049	0.0049	0.0049	0.0049	0.0049	0.0049	0.0087	0.0463	0.0049	0.0049	0.0049	0.0124	0.0049	0.0049	0.0049	0.0049	0.0049	0.0052	0.0049	0.0049	0.0049	0.0049	0.0049	0.0049	0.0049	0.0049	0.0049	0.0049	0.0049	0.0068	0.0049	0.0049	0.0049	0.0051	0.0051	0.0049	0.0049	0.0052	0.0097	0.0049	0.0049	0.0049	0.0049	0.0079	0.0065	0.0049	0.0049	0.0097	0.0065	0.0049	0.0049	0.0049	0.0049	0.0049	0.0049	0.0049	0.0049	0.0049	0.0049	0.0049	0.0049	0.0049	0.0049	0.0049	0.0049	0.0049	0.0049	0.0049	0.0124	0.0049	0.0049	0.0097	0.0049	0.0049	0.0051	0.0049	0.0049	0.0049	0.0049	0.0049	0.0065	0.0049	0.0049	0.0079	0.0052	0.0049	0.0052	0.0049	0.0051	0.0049	0.0052	0.0051	0.0049	0.0049	0.0049	0.0049	0.0049	0.0049	0.0051	0.0049	0.0097	0.0068	0.0049	0.0049	0.0049	0.0068	0.0051	0.0049	0.0049	0.0049	0.0049	0.0049	0.0049	0.0058	0.0049	0.0049	0.0049	0.0049	0.0049	0.0063	0.0049	0.0049	0.0049	0.0049	0.0049	0.0049	0.0049	0.0049	0.0051	0.0049	0.0049	0.0049	0.0049	0.0051	0.0049	0.0049	0.0049	0.0068	0.0049	0.0049	0.0097	0.0049	0.0049	0.0049	0.0049	0.0051	0.0097	0.0049	0.0063	0.0049	0.0049	0.0097	0.0063	0.0049	0.0049	0.0049	0.0049	0.0049	0.0068	0.0049	0.0049	0.0049	0.0049	0.0049	0.0058	0.0049	0.0068	0.0049	0.0049	0.0077	0.0049	0.0049	0.0049	0.0049	0.0051	0.0049	0.0063	0.0049	0.0049	0.0049	0.0049	0.0049	0.0049	0.0097	0.0068	0.0049	0.0049	0.0049	0.0049	0.0049	0.0058	0.0068	0.0049	0.0049	0.0049	0.0049	0.0049	0.0049	0.0051	0.0049	0.0049	0.0049	0.0049	0.0049	0.0049	0.0077	0.0049	0.0049	0.0063	0.0068	0.0049	0.0049	0.0051	0.0049	0.0049	0.0049	0.0049	0.0097	0.0068	0.0049	0.0049	0.0049	0.0079	0.0049	0.0049	0.0049	0.0049	0.0049	0.0049	0.0049	0.0049	0.0049	0.0049	0.0058	0.0049	0.0087	0.0049	0.0049	0.0049	0.0049	0.0049	0.0051	0.0049	0.0049	0.0049	0.0049	0.0049	0.0049	0.0051	0.0049	0.0049	0.0051	0.0049	0.0049	0.0049	0.0063	0.0217	0.0049	0.0146	0.0049	0.0049	0.0049	0.0058	0.0097	0.0051	0.0049	0.0049	0.0049	0.0049	0.0049	0.0052	0.0065	0.0049	0.0049	0.0049	0.0049	0.0049	0.0051	0.0049	0.0068	0.0049	0.0049	0.0146	0.0049	0.0049	0.0049	0.0049	0.0097	0.0049	0.0049	0.0217	0.0049	0.0049	0.0049	0.0049	0.0049	0.0049	0.0049	0.0058	0.0051	0.0049	0.0049	0.0049	0.0049	0.0052	0.0058	0.0049	0.0049	0.0058	0.0049	0.0049	0.0049	0.0049	0.0049	0.0052	0.0049	0.0051	0.0049	0.0051	0.0049	0.0049	0.0049	0.0049	0.0049	0.0176	0.0049	0.0049	0.0049	0.0049	0.0049	0.0049	0.0049	0.0049	0.0087	0.0058	0.0052	0.0049	0.0049	0.0049	0.0049	0.0049	0.0049	0.0049	0.0049	0.0049	0.0176	0.0049	0.0049	0.0049	0.0049	0.0049	0.0049	0.0049	0.0049	0.0068	0.0049	0.0049	0.0097	0.0463	0.0049	0.0052	0.0049	0.0049	0.0049	0.0063	0.0049	0.0049	0.0049	0.0058	0.0049	0.0049	0.0051	0.0051	0.0049	0.0051	0.0049	0.0049	0.0049	0.0049	0.0049	0.0049	0.0049	0.0049	0.0049	0.0049	0.0049	0.0049	0.0079	0.0049	0.0049	0.0049	0.0077	0.0049	0.0049	0.0049	0.0049	0.0217	0.0049	0.0049	0.0049	0.0068	0.0049	0.0049	0.0049	0.0049	0.0097	0.0097	0.0049	0.0049	0.0049	0.0097	0.0049	0.0049	0.0049	0.0065	0.0052	0.0049	0.0049	0.0049	0.0049	0.0049	0.0049	0.0217	0.0049	0.0087	0.0463	0.0049	0.0049	0.0049	0.0063	0.0049	0.0087	0.0176	0.0172	0.0172	0.0172	0.0172	0.0172	0.0172	0.0172	0.0172	0.0172	0.0172	0.0172	0.0172	0.0172	0.0172	0.0172	0.0172	0.0172	0.0172	0.0172	0.0172	0.0172	0.0172	0.0172	0.0172	0.0172	0.0172	0.0172	0.0172	0.0172	0.0172	0.0172	0.0172	0.0172	0.0172	0.0172	0.0172	0.0172	0.0172	0.0172	0.0172	0.0172	0.0172	0.0172	0.0172	0.0172	0.0172	0.0172	0.0172	0.0172	0.0172	0.0172	0.0172	0.0172	0.0172	0.0172	0.0172	0.0172	0.0172	0.0172	0.0172	0.0172	0.0172	0.0172	0.0172	0.0172	0.0172	0.0172	0.0172	0.0172	0.0172	0.0172	0.0172	0.0172	0.0172	0.0172	0.0172	0.0172	0.0172	0.0172	0.0172	0.0172
8	0.0505	0.0505	0.0505	0.0505	0.0505	0.0189	0.0189	0.0189	0.0189	0.0189	0.0189	0.0189	0.0189	0.0189	0.0189	0.0189	0.0189	0.0189	0.0016	0.0016	0.0016	0.0016	0.0016	0.0016	0.0016	0.0016	0.0032	0.0016	0.0016	0.0016	0.0016	0.0016	0.0016	0.004	0.0016	0.0016	0.0016	0.0016	0.0026	0.0016	0.0044	0.0016	0.0016	0.0016	0.0016	0.0016	0.0016	0.0016	0.0016	0.0038	0.0016	0.0016	0.0016	0.0032	0.0016	0.0016	0.0016	0.0037	0.0016	0.0016	0.0016	0.0016	0.0016	0.0016	0.0016	0.0016	0.0016	0.0016	0.0016	0.0016	0.0037	0.0016	0.0016	0.0016	0.0016	0.0016	0.0016	0.006	0.0016	0.0016	0.0016	0.0016	0.004	0.0016	0.0051	0.0912	0.0016	0.0016	0.0016	0.0016	0.0016	0.0016	0.0037	0.168	0.0016	0.0016	0.0016	0.0044	0.0016	0.0016	0.0016	0.0016	0.0016	0.004	0.0016	0.0016	0.0016	0.0016	0.0016	0.0016	0.0016	0.0016	0.0016	0.0016	0.0016	0.0037	0.0016	0.0016	0.0016	0.0032	0.0032	0.0016	0.0016	0.004	0.0026	0.0016	0.0016	0.0016	0.0016	0.006	0.005	0.0016	0.0016	0.0026	0.005	0.0016	0.0016	0.0016	0.0016	0.0016	0.0016	0.0016	0.0016	0.0016	0.0016	0.0016	0.0016	0.0016	0.0016	0.0016	0.0016	0.0016	0.0016	0.0016	0.0044	0.0016	0.0016	0.0026	0.0016	0.0016	0.0032	0.0016	0.0016	0.0016	0.0016	0.0016	0.005	0.0016	0.0016	0.006	0.004	0.0016	0.004	0.0016	0.0032	0.0016	0.004	0.0032	0.0016	0.0016	0.0016	0.0016	0.0016	0.0016	0.0032	0.0016	0.0026	0.0037	0.0016	0.0016	0.0016	0.0037	0.0032	0.0016	0.0016	0.0016	0.0016	0.0016	0.0016	0.0038	0.0016	0.0016	0.0016	0.0016	0.0016	0.0038	0.0016	0.0016	0.0016	0.0016	0.0016	0.0016	0.0016	0.0016	0.0032	0.0016	0.0016	0.0016	0.0016	0.0032	0.0016	0.0016	0.0016	0.0037	0.0016	0.0016	0.0026	0.0016	0.0016	0.0016	0.0016	0.0032	0.0026	0.0016	0.0038	0.0016	0.0016	0.0026	0.0038	0.0016	0.0016	0.0016	0.0016	0.0016	0.0037	0.0016	0.0016	0.0016	0.0016	0.0016	0.0038	0.0016	0.0037	0.0016	0.0016	0.0051	0.0016	0.0016	0.0016	0.0016	0.0032	0.0016	0.0038	0.0016	0.0016	0.0016	0.0016	0.0016	0.0016	0.0026	0.0037	0.0016	0.0016	0.0016	0.0016	0.0016	0.0038	0.0037	0.0016	0.0016	0.0016	0.0016	0.0016	0.0016	0.0032	0.0016	0.0016	0.0016	0.0016	0.0016	0.0016	0.0051	0.0016	0.0016	0.0038	0.0037	0.0016	0.0016	0.0032	0.0016	0.0016	0.0016	0.0016	0.0026	0.0037	0.0016	0.0016	0.0016	0.006	0.0016	0.0016	0.0016	0.0016	0.0016	0.0016	0.0016	0.0016	0.0016	0.0016	0.0038	0.0016	0.0037	0.0016	0.0016	0.0016	0.0016	0.0016	0.0032	0.0016	0.0016	0.0016	0.0016	0.0016	0.0016	0.0032	0.0016	0.0016	0.0032	0.0016	0.0016	0.0016	0.0038	0.0058	0.0016	0.0912	0.0016	0.0016	0.0016	0.0038	0.0026	0.0032	0.0016	0.0016	0.0016	0.0016	0.0016	0.004	0.005	0.0016	0.0016	0.0016	0.0016	0.0016	0.0032	0.0016	0.0037	0.0016	0.0016	0.0912	0.0016	0.0016	0.0016	0.0016	0.0026	0.0016	0.0016	0.0058	0.0016	0.0016	0.0016	0.0016	0.0016	0.0016	0.0016	0.0038	0.0032	0.0016	0.0016	0.0016	0.0016	0.004	0.0038	0.0016	0.0016	0.0038	0.0016	0.0016	0.0016	0.0016	0.0016	0.004	0.0016	0.0032	0.0016	0.0032	0.0016	0.0016	0.0016	0.0016	0.0016	0.0169	0.0016	0.0016	0.0016	0.0016	0.0016	0.0016	0.0016	0.0016	0.0037	0.0038	0.004	0.0016	0.0016	0.0016	0.0016	0.0016	0.0016	0.0016	0.0016	0.0016	0.0169	0.0016	0.0016	0.0016	0.0016	0.0016	0.0016	0.0016	0.0016	0.0037	0.0016	0.0016	0.0026	0.168	0.0016	0.004	0.0016	0.0016	0.0016	0.0038	0.0016	0.0016	0.0016	0.0038	0.0016	0.0016	0.0032	0.0032	0.0016	0.0032	0.0016	0.0016	0.0016	0.0016	0.0016	0.0016	0.0016	0.0016	0.0016	0.0016	0.0016	0.0016	0.006	0.0016	0.0016	0.0016	0.0051	0.0016	0.0016	0.0016	0.0016	0.0058	0.0016	0.0016	0.0016	0.0037	0.0016	0.0016	0.0016	0.0016	0.0026	0.0026	0.0016	0.0016	0.0016	0.0026	0.0016	0.0016	0.0016	0.005	0.004	0.0016	0.0016	0.0016	0.0016	0.0016	0.0016	0.0058	0.0016	0.0037	0.168	0.0016	0.0016	0.0016	0.0038	0.0016	0.0037	0.0169	0.0037	0.0037	0.0037	0.0037	0.0037	0.0037	0.0037	0.0037	0.0037	0.0037	0.0037	0.0037	0.0037	0.0037	0.0037	0.0037	0.0037	0.0037	0.0037	0.0037	0.0037	0.0037	0.0037	0.0037	0.0037	0.0037	0.0037	0.0037	0.0037	0.0037	0.0037	0.0037	0.0037	0.0037	0.0037	0.0037	0.0037	0.0037	0.0037	0.0037	0.0037	0.0037	0.0037	0.0037	0.0037	0.0037	0.0037	0.0037	0.0037	0.0037	0.0037	0.0037	0.0037	0.0037	0.0037	0.0037	0.0037	0.0037	0.0037	0.0037	0.0037	0.0037	0.0037	0.0037	0.0037	0.0037	0.0037	0.0037	0.0037	0.0037	0.0037	0.0037	0.0037	0.0037	0.0037	0.0037	0.0037	0.0037	0.0037	0.0037	0.0037
9	0.0824	0.0824	0.0824	0.0824	0.0824	0.0315	0.0315	0.0315	0.0315	0.0315	0.0315	0.0315	0.0315	0.0315	0.0315	0.0315	0.0315	0.0315	0.0135	0.0135	0.0135	0.0135	0.0135	0.0135	0.0135	0.0135	0.0055	0.0135	0.0135	0.0135	0.0135	0.0135	0.0135	0.0063	0.0135	0.0135	0.0135	0.0135	0.0068	0.0135	0.0083	0.0135	0.0135	0.0135	0.0135	0.0135	0.0135	0.0135	0.0135	0.0063	0.0135	0.0135	0.0135	0.0055	0.0135	0.0135	0.0135	0.0054	0.0135	0.0135	0.0135	0.0135	0.0135	0.0135	0.0135	0.0135	0.0135	0.0135	0.0135	0.0135	0.0094	0.0135	0.0135	0.0135	0.0135	0.0135	0.0135	0.0085	0.0135	0.0135	0.0135	0.0135	0.0063	0.0135	0.013	0.0036	0.0135	0.0135	0.0135	0.0135	0.0135	0.0135	0.0094	0.0671	0.0135	0.0135	0.0135	0.0083	0.0135	0.0135	0.0135	0.0135	0.0135	0.0063	0.0135	0.0135	0.0135	0.0135	0.0135	0.0135	0.0135	0.0135	0.0135	0.0135	0.0135	0.0054	0.0135	0.0135	0.0135	0.0055	0.0055	0.0135	0.0135	0.0063	0.0068	0.0135	0.0135	0.0135	0.0135	0.0085	0.006	0.0135	0.0135	0.0068	0.006	0.0135	0.0135	0.0135	0.0135	0.0135	0.0135	0.0135	0.0135	0.0135	0.0135	0.0135	0.0135	0.0135	0.0135	0.0135	0.0135	0.0135	0.0135	0.0135	0.0083	0.0135	0.0135	0.0068	0.0135	0.0135	0.0055	0.0135	0.0135	0.0135	0.0135	0.0135	0.006	0.0135	0.0135	0.0085	0.0063	0.0135	0.0063	0.0135	0.0055	0.0135	0.0063	0.0055	0.0135	0.0135	0.0135	0.0135	0.0135	0.0135	0.0055	0.0135	0.0068	0.0054	0.0135	0.0135	0.0135	0.0054	0.0055	0.0135	0.0135	0.0135	0.0135	0.0135	0.0135	0.0144	0.0135	0.0135	0.0135	0.0135	0.0135	0.0063	0.0135	0.0135	0.0135	0.0135	0.0135	0.0135	0.0135	0.0135	0.0055	0.0135	0.0135	0.0135	0.0135	0.0055	0.0135	0.0135	0.0135	0.0054	0.0135	0.0135	0.0068	0.0135	0.0135	0.0135	0.0135	0.0055	0.0068	0.0135	0.0063	0.0135	0.0135	0.0068	0.0063	0.0135	0.0135	0.0135	0.0135	0.0135	0.0054	0.0135	0.0135	0.0135	0.0135	0.0135	0.0144	0.0135	0.0054	0.0135	0.0135	0.013	0.0135	0.0135	0.0135	0.0135	0.0055	0.0135	0.0063	0.0135	0.0135	0.0135	0.0135	0.0135	0.0135	0.0068	0.0054	0.0135	0.0135	0.0135	0.0135	0.0135	0.0144	0.0054	0.0135	0.0135	0.0135	0.0135	0.0135	0.0135	0.0055	0.0135	0.0135	0.0135	0.0135	0.0135	0.0135	0.013	0.0135	0.0135	0.0063	0.0054	0.0135	0.0135	0.0055	0.0135	0.0135	0.0135	0.0135	0.0068	0.0054	0.0135	0.0135	0.0135	0.0085	0.0135	0.0135	0.0135	0.0135	0.0135	0.0135	0.0135	0.0135	0.0135	0.0135	0.0144	0.0135	0.0094	0.0135	0.0135	0.0135	0.0135	0.0135	0.0055	0.0135	0.0135	0.0135	0.0135	0.0135	0.0135	0.0055	0.0135	0.0135	0.0055	0.0135	0.0135	0.0135	0.0063	0.0098	0.0135	0.0036	0.0135	0.0135	0.0135	0.0144	0.0068	0.0055	0.0135	0.0135	0.0135	0.0135	0.0135	0.0063	0.006	0.0135	0.0135	0.0135	0.0135	0.0135	0.0055	0.0135	0.0054	0.0135	0.0135	0.0036	0.0135	0.0135	0.0135	0.0135	0.0068	0.0135	0.0135	0.0098	0.0135	0.0135	0.0135	0.0135	0.0135	0.0135	0.0135	0.0144	0.0055	0.0135	0.0135	0.0135	0.0135	0.0063	0.0144	0.0135	0.0135	0.0144	0.0135	0.0135	0.0135	0.0135	0.0135	0.0063	0.0135	0.0055	0.0135	0.0055	0.0135	0.0135	0.0135	0.0135	0.0135	0.0169	0.0135	0.0135	0.0135	0.0135	0.0135	0.0135	0.0135	0.0135	0.0094	0.0144	0.0063	0.0135	0.0135	0.0135	0.0135	0.0135	0.0135	0.0135	0.0135	0.0135	0.0169	0.0135	0.0135	0.0135	0.0135	0.0135	0.0135	0.0135	0.0135	0.0054	0.0135	0.0135	0.0068	0.0671	0.0135	0.0063	0.0135	0.0135	0.0135	0.0063	0.0135	0.0135	0.0135	0.0144	0.0135	0.0135	0.0055	0.0055	0.0135	0.0055	0.0135	0.0135	0.0135	0.0135	0.0135	0.0135	0.0135	0.0135	0.0135	0.0135	0.0135	0.0135	0.0085	0.0135	0.0135	0.0135	0.013	0.0135	0.0135	0.0135	0.0135	0.0098	0.0135	0.0135	0.0135	0.0054	0.0135	0.0135	0.0135	0.0135	0.0068	0.0068	0.0135	0.0135	0.0135	0.0068	0.0135	0.0135	0.0135	0.006	0.0063	0.0135	0.0135	0.0135	0.0135	0.0135	0.0135	0.0098	0.0135	0.0094	0.0671	0.0135	0.0135	0.0135	0.0063	0.0135	0.0094	0.0169	0.0051	0.0051	0.0051	0.0051	0.0051	0.0051	0.0051	0.0051	0.0051	0.0051	0.0051	0.0051	0.0051	0.0051	0.0051	0.0051	0.0051	0.0051	0.0051	0.0051	0.0051	0.0051	0.0051	0.0051	0.0051	0.0051	0.0051	0.0051	0.0051	0.0051	0.0051	0.0051	0.0051	0.0051	0.0051	0.0051	0.0051	0.0051	0.0051	0.0051	0.0051	0.0051	0.0051	0.0051	0.0051	0.0051	0.0051	0.0051	0.0051	0.0051	0.0051	0.0051	0.0051	0.0051	0.0051	0.0051	0.0051	0.0051	0.0051	0.0051	0.0051	0.0051	0.0051	0.0051	0.0051	0.0051	0.0051	0.0051	0.0051	0.0051	0.0051	0.0051	0.0051	0.0051	0.0051	0.0051	0.0051	0.0051	0.0051	0.0051	0.0051
10	0.0149	0.0149	0.0149	0.0149	0.0149	0.0312	0.0312	0.0312	0.0312	0.0312	0.0312	0.0312	0.0312	0.0312	0.0312	0.0312	0.0312	0.0312	0.019	0.019	0.019	0.019	0.019	0.019	0.019	0.019	0.0219	0.019	0.019	0.019	0.019	0.019	0.019	0.0131	0.019	0.019	0.019	0.019	0.0243	0.019	0.0193	0.019	0.019	0.019	0.019	0.019	0.019	0.019	0.019	0.0183	0.019	0.019	0.019	0.0219	0.019	0.019	0.019	0.0234	0.019	0.019	0.019	0.019	0.019	0.019	0.019	0.019	0.019	0.019	0.019	0.019	0.0464	0.019	0.019	0.019	0.019	0.019	0.019	0.0231	0.019	0.019	0.019	0.019	0.0131	0.019	0.02	0.0048	0.019	0.019	0.019	0.019	0.019	0.019	0.0464	0.0562	0.019	0.019	0.019	0.0193	0.019	0.019	0.019	0.019	0.019	0.0131	0.019	0.019	0.019	0.019	0.019	0.019	0.019	0.019	0.019	0.019	0.019	0.0234	0.019	0.019	0.019	0.0219	0.0219	0.019	0.019	0.0131	0.0243	0.019	0.019	0.019	0.019	0.0231	0.0279	0.019	0.019	0.0243	0.0279	0.019	0.019	0.019	0.019	0.019	0.019	0.019	0.019	0.019	0.019	0.019	0.019	0.019	0.019	0.019	0.019	0.019	0.019	0.019	0.0193	0.019	0.019	0.0243	0.019	0.019	0.0219	0.019	0.019	0.019	0.019	0.019	0.0279	0.019	0.019	0.0231	0.0131	0.019	0.0131	0.019	0.0219	0.019	0.0131	0.0219	0.019	0.019	0.019	0.019	0.019	0.019	0.0219	0.019	0.0243	0.0234	0.019	0.019	0.019	0.0234	0.0219	0.019	0.019	0.019	0.019	0.019	0.019	0.0205	0.019	0.019	0.019	0.019	0.019	0.0183	0.019	0.019	0.019	0.019	0.019	0.019	0.019	0.019	0.0219	0.019	0.019	0.019	0.019	0.0219	0.019	0.019	0.019	0.0234	0.019	0.019	0.0243	0.019	0.019	0.019	0.019	0.0219	0.0243	0.019	0.0183	0.019	0.019	0.0243	0.0183	0.019	0.019	0.019	0.019	0.019	0.0234	0.019	0.019	0.019	0.019	0.019	0.0205	0.019	0.0234	0.019	0.019	0.02	0.019	0.019	0.019	0.019	0.0219	0.019	0.0183	0.019	0.019	0.019	0.019	0.019	0.019	0.0243	0.0234	0.019	0.019	0.019	0.019	0.019	0.0205	0.0234	0.019	0.019	0.019	0.019	0.019	0.019	0.0219	0.019	0.019	0.019	0.019	0.019	0.019	0.02	0.019	0.019	0.0183	0.0234	0.019	0.019	0.0219	0.019	0.019	0.019	0.019	0.0243	0.0234	0.019	0.019	0.019	0.0231	0.019	0.019	0.019	0.019	0.019	0.019	0.019	0.019	0.019	0.019	0.0205	0.019	0.0464	0.019	0.019	0.019	0.019	0.019	0.0219	0.019	0.019	0.019	0.019	0.019	0.019	0.0219	0.019	0.019	0.0219	0.019	0.019	0.019	0.0183	0.0295	0.019	0.0048	0.019	0.019	0.019	0.0205	0.0243	0.0219	0.019	0.019	0.019	0.019	0.019	0.0131	0.0279	0.019	0.019	0.019	0.019	0.019	0.0219	0.019	0.0234	0.019	0.019	0.0048	0.019	0.019	0.019	0.019	0.0243	0.019	0.019	0.0295	0.019	0.019	0.019	0.019	0.019	0.019	0.019	0.0205	0.0219	0.019	0.019	0.019	0.019	0.0131	0.0205	0.019	0.019	0.0205	0.019	0.019	0.019	0.019	0.019	0.0131	0.019	0.0219	0.019	0.0219	0.019	0.019	0.019	0.019	0.019	0.0217	0.019	0.019	0.019	0.019	0.019	0.019	0.019	0.019	0.0464	0.0205	0.0131	0.019	0.019	0.019	0.019	0.019	0.019	0.019	0.019	0.019	0.0217	0.019	0.019	0.019	0.019	0.019	0.019	0.019	0.019	0.0234	0.019	0.019	0.0243	0.0562	0.019	0.0131	0.019	0.019	0.019	0.0183	0.019	0.019	0.019	0.0205	0.019	0.019	0.0219	0.0219	0.019	0.0219	0.019	0.019	0.019	0.019	0.019	0.019	0.019	0.019	0.019	0.019	0.019	0.019	0.0231	0.019	0.019	0.019	0.02	0.019	0.019	0.019	0.019	0.0295	0.019	0.019	0.019	0.0234	0.019	0.019	0.019	0.019	0.0243	0.0243	0.019	0.019	0.019	0.0243	0.019	0.019	0.019	0.0279	0.0131	0.019	0.019	0.019	0.019	0.019	0.019	0.0295	0.019	0.0464	0.0562	0.019	0.019	0.019	0.0183	0.019	0.0464	0.0217	0.0037	0.0037	0.0037	0.0037	0.0037	0.0037	0.0037	0.0037	0.0037	0.0037	0.0037	0.0037	0.0037	0.0037	0.0037	0.0037	0.0037	0.0037	0.0037	0.0037	0.0037	0.0037	0.0037	0.0037	0.0037	0.0037	0.0037	0.0037	0.0037	0.0037	0.0037	0.0037	0.0037	0.0037	0.0037	0.0037	0.0037	0.0037	0.0037	0.0037	0.0037	0.0037	0.0037	0.0037	0.0037	0.0037	0.0037	0.0037	0.0037	0.0037	0.0037	0.0037	0.0037	0.0037	0.0037	0.0037	0.0037	0.0037	0.0037	0.0037	0.0037	0.0037	0.0037	0.0037	0.0037	0.0037	0.0037	0.0037	0.0037	0.0037	0.0037	0.0037	0.0037	0.0037	0.0037	0.0037	0.0037	0.0037	0.0037	0.0037	0.0037
11	0.059	0.059	0.059	0.059	0.059	0.0216	0.0216	0.0216	0.0216	0.0216	0.0216	0.0216	0.0216	0.0216	0.0216	0.0216	0.0216	0.0216	0.0054	0.0054	0.0054	0.0054	0.0054	0.0054	0.0054	0.0054	0.0073	0.0054	0.0054	0.0054	0.0054	0.0054	0.0054	0.0084	0.0054	0.0054	0.0054	0.0054	0.0091	0.0054	0.0139	0.0054	0.0054	0.0054	0.0054	0.0054	0.0054	0.0054	0.0054	0.0133	0.0054	0.0054	0.0054	0.0073	0.0054	0.0054	0.0054	0.0057	0.0054	0.0054	0.0054	0.0054	0.0054	0.0054	0.0054	0.0054	0.0054	0.0054	0.0054	0.0054	0.0086	0.0054	0.0054	0.0054	0.0054	0.0054	0.0054	0.0155	0.0054	0.0054	0.0054	0.0054	0.0084	0.0054	0.0134	0.0194	0.0054	0.0054	0.0054	0.0054	0.0054	0.0054	0.0086	0.058	0.0054	0.0054	0.0054	0.0139	0.0054	0.0054	0.0054	0.0054	0.0054	0.0084	0.0054	0.0054	0.0054	0.0054	0.0054	0.0054	0.0054	0.0054	0.0054	0.0054	0.0054	0.0057	0.0054	0.0054	0.0054	0.0073	0.0073	0.0054	0.0054	0.0084	0.0091	0.0054	0.0054	0.0054	0.0054	0.0155	0.0126	0.0054	0.0054	0.0091	0.0126	0.0054	0.0054	0.0054	0.0054	0.0054	0.0054	0.0054	0.0054	0.0054	0.0054	0.0054	0.0054	0.0054	0.0054	0.0054	0.0054	0.0054	0.0054	0.0054	0.0139	0.0054	0.0054	0.0091	0.0054	0.0054	0.0073	0.0054	0.0054	0.0054	0.0054	0.0054	0.0126	0.0054	0.0054	0.0155	0.0084	0.0054	0.0084	0.0054	0.0073	0.0054	0.0084	0.0073	0.0054	0.0054	0.0054	0.0054	0.0054	0.0054	0.0073	0.0054	0.0091	0.0057	0.0054	0.0054	0.0054	0.0057	0.0073	0.0054	0.0054	0.0054	0.0054	0.0054	0.0054	0.0128	0.0054	0.0054	0.0054	0.0054	0.0054	0.0133	0.0054	0.0054	0.0054	0.0054	0.0054	0.0054	0.0054	0.0054	0.0073	0.0054	0.0054	0.0054	0.0054	0.0073	0.0054	0.0054	0.0054	0.0057	0.0054	0.0054	0.0091	0.0054	0.0054	0.0054	0.0054	0.0073	0.0091	0.0054	0.0133	0.0054	0.0054	0.0091	0.0133	0.0054	0.0054	0.0054	0.0054	0.0054	0.0057	0.0054	0.0054	0.0054	0.0054	0.0054	0.0128	0.0054	0.0057	0.0054	0.0054	0.0134	0.0054	0.0054	0.0054	0.0054	0.0073	0.0054	0.0133	0.0054	0.0054	0.0054	0.0054	0.0054	0.0054	0.0091	0.0057	0.0054	0.0054	0.0054	0.0054	0.0054	0.0128	0.0057	0.0054	0.0054	0.0054	0.0054	0.0054	0.0054	0.0073	0.0054	0.0054	0.0054	0.0054	0.0054	0.0054	0.0134	0.0054	0.0054	0.0133	0.0057	0.0054	0.0054	0.0073	0.0054	0.0054	0.0054	0.0054	0.0091	0.0057	0.0054	0.0054	0.0054	0.0155	0.0054	0.0054	0.0054	0.0054	0.0054	0.0054	0.0054	0.0054	0.0054	0.0054	0.0128	0.0054	0.0086	0.0054	0.0054	0.0054	0.0054	0.0054	0.0073	0.0054	0.0054	0.0054	0.0054	0.0054	0.0054	0.0073	0.0054	0.0054	0.0073	0.0054	0.0054	0.0054	0.0133	0.0143	0.0054	0.0194	0.0054	0.0054	0.0054	0.0128	0.0091	0.0073	0.0054	0.0054	0.0054	0.0054	0.0054	0.0084	0.0126	0.0054	0.0054	0.0054	0.0054	0.0054	0.0073	0.0054	0.0057	0.0054	0.0054	0.0194	0.0054	0.0054	0.0054	0.0054	0.0091	0.0054	0.0054	0.0143	0.0054	0.0054	0.0054	0.0054	0.0054	0.0054	0.0054	0.0128	0.0073	0.0054	0.0054	0.0054	0.0054	0.0084	0.0128	0.0054	0.0054	0.0128	0.0054	0.0054	0.0054	0.0054	0.0054	0.0084	0.0054	0.0073	0.0054	0.0073	0.0054	0.0054	0.0054	0.0054	0.0054	0.0143	0.0054	0.0054	0.0054	0.0054	0.0054	0.0054	0.0054	0.0054	0.0086	0.0128	0.0084	0.0054	0.0054	0.0054	0.0054	0.0054	0.0054	0.0054	0.0054	0.0054	0.0143	0.0054	0.0054	0.0054	0.0054	0.0054	0.0054	0.0054	0.0054	0.0057	0.0054	0.0054	0.0091	0.058	0.0054	0.0084	0.0054	0.0054	0.0054	0.0133	0.0054	0.0054	0.0054	0.0128	0.0054	0.0054	0.0073	0.0073	0.0054	0.0073	0.0054	0.0054	0.0054	0.0054	0.0054	0.0054	0.0054	0.0054	0.0054	0.0054	0.0054	0.0054	0.0155	0.0054	0.0054	0.0054	0.0134	0.0054	0.0054	0.0054	0.0054	0.0143	0.0054	0.0054	0.0054	0.0057	0.0054	0.0054	0.0054	0.0054	0.0091	0.0091	0.0054	0.0054	0.0054	0.0091	0.0054	0.0054	0.0054	0.0126	0.0084	0.0054	0.0054	0.0054	0.0054	0.0054	0.0054	0.0143	0.0054	0.0086	0.058	0.0054	0.0054	0.0054	0.0133	0.0054	0.0086	0.0143	0.0209	0.0209	0.0209	0.0209	0.0209	0.0209	0.0209	0.0209	0.0209	0.0209	0.0209	0.0209	0.0209	0.0209	0.0209	0.0209	0.0209	0.0209	0.0209	0.0209	0.0209	0.0209	0.0209	0.0209	0.0209	0.0209	0.0209	0.0209	0.0209	0.0209	0.0209	0.0209	0.0209	0.0209	0.0209	0.0209	0.0209	0.0209	0.0209	0.0209	0.0209	0.0209	0.0209	0.0209	0.0209	0.0209	0.0209	0.0209	0.0209	0.0209	0.0209	0.0209	0.0209	0.0209	0.0209	0.0209	0.0209	0.0209	0.0209	0.0209	0.0209	0.0209	0.0209	0.0209	0.0209	0.0209	0.0209	0.0209	0.0209	0.0209	0.0209	0.0209	0.0209	0.0209	0.0209	0.0209	0.0209	0.0209	0.0209	0.0209	0.0209
12	0.0695	0.0695	0.0695	0.0695	0.0695	0.023	0.023	0.023	0.023	0.023	0.023	0.023	0.023	0.023	0.023	0.023	0.023	0.023	0.0102	0.0102	0.0102	0.0102	0.0102	0.0102	0.0102	0.0102	0.0088	0.0102	0.0102	0.0102	0.0102	0.0102	0.0102	0.0051	0.0102	0.0102	0.0102	0.0102	0.006	0.0102	0.008	0.0102	0.0102	0.0102	0.0102	0.0102	0.0102	0.0102	0.0102	0.008	0.0102	0.0102	0.0102	0.0088	0.0102	0.0102	0.0102	0.0068	0.0102	0.0102	0.0102	0.0102	0.0102	0.0102	0.0102	0.0102	0.0102	0.0102	0.0102	0.0102	0.0072	0.0102	0.0102	0.0102	0.0102	0.0102	0.0102	0.0088	0.0102	0.0102	0.0102	0.0102	0.0051	0.0102	0.0089	0.001	0.0102	0.0102	0.0102	0.0102	0.0102	0.0102	0.0072	0.036	0.0102	0.0102	0.0102	0.008	0.0102	0.0102	0.0102	0.0102	0.0102	0.0051	0.0102	0.0102	0.0102	0.0102	0.0102	0.0102	0.0102	0.0102	0.0102	0.0102	0.0102	0.0068	0.0102	0.0102	0.0102	0.0088	0.0088	0.0102	0.0102	0.0051	0.006	0.0102	0.0102	0.0102	0.0102	0.0088	0.0121	0.0102	0.0102	0.006	0.0121	0.0102	0.0102	0.0102	0.0102	0.0102	0.0102	0.0102	0.0102	0.0102	0.0102	0.0102	0.0102	0.0102	0.0102	0.0102	0.0102	0.0102	0.0102	0.0102	0.008	0.0102	0.0102	0.006	0.0102	0.0102	0.0088	0.0102	0.0102	0.0102	0.0102	0.0102	0.0121	0.0102	0.0102	0.0088	0.0051	0.0102	0.0051	0.0102	0.0088	0.0102	0.0051	0.0088	0.0102	0.0102	0.0102	0.0102	0.0102	0.0102	0.0088	0.0102	0.006	0.0068	0.0102	0.0102	0.0102	0.0068	0.0088	0.0102	0.0102	0.0102	0.0102	0.0102	0.0102	0.0049	0.0102	0.0102	0.0102	0.0102	0.0102	0.008	0.0102	0.0102	0.0102	0.0102	0.0102	0.0102	0.0102	0.0102	0.0088	0.0102	0.0102	0.0102	0.0102	0.0088	0.0102	0.0102	0.0102	0.0068	0.0102	0.0102	0.006	0.0102	0.0102	0.0102	0.0102	0.0088	0.006	0.0102	0.008	0.0102	0.0102	0.006	0.008	0.0102	0.0102	0.0102	0.0102	0.0102	0.0068	0.0102	0.0102	0.0102	0.0102	0.0102	0.0049	0.0102	0.0068	0.0102	0.0102	0.0089	0.0102	0.0102	0.0102	0.0102	0.0088	0.0102	0.008	0.0102	0.0102	0.0102	0.0102	0.0102	0.0102	0.006	0.0068	0.0102	0.0102	0.0102	0.0102	0.0102	0.0049	0.0068	0.0102	0.0102	0.0102	0.0102	0.0102	0.0102	0.0088	0.0102	0.0102	0.0102	0.0102	0.0102	0.0102	0.0089	0.0102	0.0102	0.008	0.0068	0.0102	0.0102	0.0088	0.0102	0.0102	0.0102	0.0102	0.006	0.0068	0.0102	0.0102	0.0102	0.0088	0.0102	0.0102	0.0102	0.0102	0.0102	0.0102	0.0102	0.0102	0.0102	0.0102	0.0049	0.0102	0.0072	0.0102	0.0102	0.0102	0.0102	0.0102	0.0088	0.0102	0.0102	0.0102	0.0102	0.0102	0.0102	0.0088	0.0102	0.0102	0.0088	0.0102	0.0102	0.0102	0.008	0.0093	0.0102	0.001	0.0102	0.0102	0.0102	0.0049	0.006	0.0088	0.0102	0.0102	0.0102	0.0102	0.0102	0.0051	0.0121	0.0102	0.0102	0.0102	0.0102	0.0102	0.0088	0.0102	0.0068	0.0102	0.0102	0.001	0.0102	0.0102	0.0102	0.0102	0.006	0.0102	0.0102	0.0093	0.0102	0.0102	0.0102	0.0102	0.0102	0.0102	0.0102	0.0049	0.0088	0.0102	0.0102	0.0102	0.0102	0.0051	0.0049	0.0102	0.0102	0.0049	0.0102	0.0102	0.0102	0.0102	0.0102	0.0051	0.0102	0.0088	0.0102	0.0088	0.0102	0.0102	0.0102	0.0102	0.0102	0.0056	0.0102	0.0102	0.0102	0.0102	0.0102	0.0102	0.0102	0.0102	0.0072	0.0049	0.0051	0.0102	0.0102	0.0102	0.0102	0.0102	0.0102	0.0102	0.0102	0.0102	0.0056	0.0102	0.0102	0.0102	0.0102	0.0102	0.0102	0.0102	0.0102	0.0068	0.0102	0.0102	0.006	0.036	0.0102	0.0051	0.0102	0.0102	0.0102	0.008	0.0102	0.0102	0.0102	0.0049	0.0102	0.0102	0.0088	0.0088	0.0102	0.0088	0.0102	0.0102	0.0102	0.0102	0.0102	0.0102	0.0102	0.0102	0.0102	0.0102	0.0102	0.0102	0.0088	0.0102	0.0102	0.0102	0.0089	0.0102	0.0102	0.0102	0.0102	0.0093	0.0102	0.0102	0.0102	0.0068	0.0102	0.0102	0.0102	0.0102	0.006	0.006	0.0102	0.0102	0.0102	0.006	0.0102	0.0102	0.0102	0.0121	0.0051	0.0102	0.0102	0.0102	0.0102	0.0102	0.0102	0.0093	0.0102	0.0072	0.036	0.0102	0.0102	0.0102	0.008	0.0102	0.0072	0.0056	0.0051	0.0051	0.0051	0.0051	0.0051	0.0051	0.0051	0.0051	0.0051	0.0051	0.0051	0.0051	0.0051	0.0051	0.0051	0.0051	0.0051	0.0051	0.0051	0.0051	0.0051	0.0051	0.0051	0.0051	0.0051	0.0051	0.0051	0.0051	0.0051	0.0051	0.0051	0.0051	0.0051	0.0051	0.0051	0.0051	0.0051	0.0051	0.0051	0.0051	0.0051	0.0051	0.0051	0.0051	0.0051	0.0051	0.0051	0.0051	0.0051	0.0051	0.0051	0.0051	0.0051	0.0051	0.0051	0.0051	0.0051	0.0051	0.0051	0.0051	0.0051	0.0051	0.0051	0.0051	0.0051	0.0051	0.0051	0.0051	0.0051	0.0051	0.0051	0.0051	0.0051	0.0051	0.0051	0.0051	0.0051	0.0051	0.0051	0.0051	0.0051
13	0.0628	0.0628	0.0628	0.0628	0.0628	0.0255	0.0255	0.0255	0.0255	0.0255	0.0255	0.0255	0.0255	0.0255	0.0255	0.0255	0.0255	0.0255	0.0197	0.0197	0.0197	0.0197	0.0197	0.0197	0.0197	0.0197	0.0073	0.0197	0.0197	0.0197	0.0197	0.0197	0.0197	0.0067	0.0197	0.0197	0.0197	0.0197	0.0071	0.0197	0.0134	0.0197	0.0197	0.0197	0.0197	0.0197	0.0197	0.0197	0.0197	0.0058	0.0197	0.0197	0.0197	0.0073	0.0197	0.0197	0.0197	0.0083	0.0197	0.0197	0.0197	0.0197	0.0197	0.0197	0.0197	0.0197	0.0197	0.0197	0.0197	0.0197	0.0076	0.0197	0.0197	0.0197	0.0197	0.0197	0.0197	0.0253	0.0197	0.0197	0.0197	0.0197	0.0067	0.0197	0.0099	0.0025	0.0197	0.0197	0.0197	0.0197	0.0197	0.0197	0.0076	0.138	0.0197	0.0197	0.0197	0.0134	0.0197	0.0197	0.0197	0.0197	0.0197	0.0067	0.0197	0.0197	0.0197	0.0197	0.0197	0.0197	0.0197	0.0197	0.0197	0.0197	0.0197	0.0083	0.0197	0.0197	0.0197	0.0073	0.0073	0.0197	0.0197	0.0067	0.0071	0.0197	0.0197	0.0197	0.0197	0.0253	0.0088	0.0197	0.0197	0.0071	0.0088	0.0197	0.0197	0.0197	0.0197	0.0197	0.0197	0.0197	0.0197	0.0197	0.0197	0.0197	0.0197	0.0197	0.0197	0.0197	0.0197	0.0197	0.0197	0.0197	0.0134	0.0197	0.0197	0.0071	0.0197	0.0197	0.0073	0.0197	0.0197	0.0197	0.0197	0.0197	0.0088	0.0197	0.0197	0.0253	0.0067	0.0197	0.0067	0.0197	0.0073	0.0197	0.0067	0.0073	0.0197	0.0197	0.0197	0.0197	0.0197	0.0197	0.0073	0.0197	0.0071	0.0083	0.0197	0.0197	0.0197	0.0083	0.0073	0.0197	0.0197	0.0197	0.0197	0.0197	0.0197	0.0104	0.0197	0.0197	0.0197	0.0197	0.0197	0.0058	0.0197	0.0197	0.0197	0.0197	0.0197	0.0197	0.0197	0.0197	0.0073	0.0197	0.0197	0.0197	0.0197	0.0073	0.0197	0.0197	0.0197	0.0083	0.0197	0.0197	0.0071	0.0197	0.0197	0.0197	0.0197	0.0073	0.0071	0.0197	0.0058	0.0197	0.0197	0.0071	0.0058	0.0197	0.0197	0.0197	0.0197	0.0197	0.0083	0.0197	0.0197	0.0197	0.0197	0.0197	0.0104	0.0197	0.0083	0.0197	0.0197	0.0099	0.0197	0.0197	0.0197	0.0197	0.0073	0.0197	0.0058	0.0197	0.0197	0.0197	0.0197	0.0197	0.0197	0.0071	0.0083	0.0197	0.0197	0.0197	0.0197	0.0197	0.0104	0.0083	0.0197	0.0197	0.0197	0.0197	0.0197	0.0197	0.0073	0.0197	0.0197	0.0197	0.0197	0.0197	0.0197	0.0099	0.0197	0.0197	0.0058	0.0083	0.0197	0.0197	0.0073	0.0197	0.0197	0.0197	0.0197	0.0071	0.0083	0.0197	0.0197	0.0197	0.0253	0.0197	0.0197	0.0197	0.0197	0.0197	0.0197	0.0197	0.0197	0.0197	0.0197	0.0104	0.0197	0.0076	0.0197	0.0197	0.0197	0.0197	0.0197	0.0073	0.0197	0.0197	0.0197	0.0197	0.0197	0.0197	0.0073	0.0197	0.0197	0.0073	0.0197	0.0197	0.0197	0.0058	0.0075	0.0197	0.0025	0.0197	0.0197	0.0197	0.0104	0.0071	0.0073	0.0197	0.0197	0.0197	0.0197	0.0197	0.0067	0.0088	0.0197	0.0197	0.0197	0.0197	0.0197	0.0073	0.0197	0.0083	0.0197	0.0197	0.0025	0.0197	0.0197	0.0197	0.0197	0.0071	0.0197	0.0197	0.0075	0.0197	0.0197	0.0197	0.0197	0.0197	0.0197	0.0197	0.0104	0.0073	0.0197	0.0197	0.0197	0.0197	0.0067	0.0104	0.0197	0.0197	0.0104	0.0197	0.0197	0.0197	0.0197	0.0197	0.0067	0.0197	0.0073	0.0197	0.0073	0.0197	0.0197	0.0197	0.0197	0.0197	0.015	0.0197	0.0197	0.0197	0.0197	0.0197	0.0197	0.0197	0.0197	0.0076	0.0104	0.0067	0.0197	0.0197	0.0197	0.0197	0.0197	0.0197	0.0197	0.0197	0.0197	0.015	0.0197	0.0197	0.0197	0.0197	0.0197	0.0197	0.0197	0.0197	0.0083	0.0197	0.0197	0.0071	0.138	0.0197	0.0067	0.0197	0.0197	0.0197	0.0058	0.0197	0.0197	0.0197	0.0104	0.0197	0.0197	0.0073	0.0073	0.0197	0.0073	0.0197	0.0197	0.0197	0.0197	0.0197	0.0197	0.0197	0.0197	0.0197	0.0197	0.0197	0.0197	0.0253	0.0197	0.0197	0.0197	0.0099	0.0197	0.0197	0.0197	0.0197	0.0075	0.0197	0.0197	0.0197	0.0083	0.0197	0.0197	0.0197	0.0197	0.0071	0.0071	0.0197	0.0197	0.0197	0.0071	0.0197	0.0197	0.0197	0.0088	0.0067	0.0197	0.0197	0.0197	0.0197	0.0197	0.0197	0.0075	0.0197	0.0076	0.138	0.0197	0.0197	0.0197	0.0058	0.0197	0.0076	0.015	0.0155	0.0155	0.0155	0.0155	0.0155	0.0155	0.0155	0.0155	0.0155	0.0155	0.0155	0.0155	0.0155	0.0155	0.0155	0.0155	0.0155	0.0155	0.0155	0.0155	0.0155	0.0155	0.0155	0.0155	0.0155	0.0155	0.0155	0.0155	0.0155	0.0155	0.0155	0.0155	0.0155	0.0155	0.0155	0.0155	0.0155	0.0155	0.0155	0.0155	0.0155	0.0155	0.0155	0.0155	0.0155	0.0155	0.0155	0.0155	0.0155	0.0155	0.0155	0.0155	0.0155	0.0155	0.0155	0.0155	0.0155	0.0155	0.0155	0.0155	0.0155	0.0155	0.0155	0.0155	0.0155	0.0155	0.0155	0.0155	0.0155	0.0155	0.0155	0.0155	0.0155	0.0155	0.0155	0.0155	0.0155	0.0155	0.0155	0.0155	0.0155
14	0.0951	0.0951	0.0951	0.0951	0.0951	0.0304	0.0304	0.0304	0.0304	0.0304	0.0304	0.0304	0.0304	0.0304	0.0304	0.0304	0.0304	0.0304	0.0132	0.0132	0.0132	0.0132	0.0132	0.0132	0.0132	0.0132	0.0122	0.0132	0.0132	0.0132	0.0132	0.0132	0.0132	0.0112	0.0132	0.0132	0.0132	0.0132	0.0098	0.0132	0.0136	0.0132	0.0132	0.0132	0.0132	0.0132	0.0132	0.0132	0.0132	0.0119	0.0132	0.0132	0.0132	0.0122	0.0132	0.0132	0.0132	0.0106	0.0132	0.0132	0.0132	0.0132	0.0132	0.0132	0.0132	0.0132	0.0132	0.0132	0.0132	0.0132	0.0107	0.0132	0.0132	0.0132	0.0132	0.0132	0.0132	0.017	0.0132	0.0132	0.0132	0.0132	0.0112	0.0132	0.0177	0.3402	0.0132	0.0132	0.0132	0.0132	0.0132	0.0132	0.0107	0.0549	0.0132	0.0132	0.0132	0.0136	0.0132	0.0132	0.0132	0.0132	0.0132	0.0112	0.0132	0.0132	0.0132	0.0132	0.0132	0.0132	0.0132	0.0132	0.0132	0.0132	0.0132	0.0106	0.0132	0.0132	0.0132	0.0122	0.0122	0.0132	0.0132	0.0112	0.0098	0.0132	0.0132	0.0132	0.0132	0.017	0.014	0.0132	0.0132	0.0098	0.014	0.0132	0.0132	0.0132	0.0132	0.0132	0.0132	0.0132	0.0132	0.0132	0.0132	0.0132	0.0132	0.0132	0.0132	0.0132	0.0132	0.0132	0.0132	0.0132	0.0136	0.0132	0.0132	0.0098	0.0132	0.0132	0.0122	0.0132	0.0132	0.0132	0.0132	0.0132	0.014	0.0132	0.0132	0.017	0.0112	0.0132	0.0112	0.0132	0.0122	0.0132	0.0112	0.0122	0.0132	0.0132	0.0132	0.0132	0.0132	0.0132	0.0122	0.0132	0.0098	0.0106	0.0132	0.0132	0.0132	0.0106	0.0122	0.0132	0.0132	0.0132	0.0132	0.0132	0.0132	0.01	0.0132	0.0132	0.0132	0.0132	0.0132	0.0119	0.0132	0.0132	0.0132	0.0132	0.0132	0.0132	0.0132	0.0132	0.0122	0.0132	0.0132	0.0132	0.0132	0.0122	0.0132	0.0132	0.0132	0.0106	0.0132	0.0132	0.0098	0.0132	0.0132	0.0132	0.0132	0.0122	0.0098	0.0132	0.0119	0.0132	0.0132	0.0098	0.0119	0.0132	0.0132	0.0132	0.0132	0.0132	0.0106	0.0132	0.0132	0.0132	0.0132	0.0132	0.01	0.0132	0.0106	0.0132	0.0132	0.0177	0.0132	0.0132	0.0132	0.0132	0.0122	0.0132	0.0119	0.0132	0.0132	0.0132	0.0132	0.0132	0.0132	0.0098	0.0106	0.0132	0.0132	0.0132	0.0132	0.0132	0.01	0.0106	0.0132	0.0132	0.0132	0.0132	0.0132	0.0132	0.0122	0.0132	0.0132	0.0132	0.0132	0.0132	0.0132	0.0177	0.0132	0.0132	0.0119	0.0106	0.0132	0.0132	0.0122	0.0132	0.0132	0.0132	0.0132	0.0098	0.0106	0.0132	0.0132	0.0132	0.017	0.0132	0.0132	0.0132	0.0132	0.0132	0.0132	0.0132	0.0132	0.0132	0.0132	0.01	0.0132	0.0107	0.0132	0.0132	0.0132	0.0132	0.0132	0.0122	0.0132	0.0132	0.0132	0.0132	0.0132	0.0132	0.0122	0.0132	0.0132	0.0122	0.0132	0.0132	0.0132	0.0119	0.0129	0.0132	0.3402	0.0132	0.0132	0.0132	0.01	0.0098	0.0122	0.0132	0.0132	0.0132	0.0132	0.0132	0.0112	0.014	0.0132	0.0132	0.0132	0.0132	0.0132	0.0122	0.0132	0.0106	0.0132	0.0132	0.3402	0.0132	0.0132	0.0132	0.0132	0.0098	0.0132	0.0132	0.0129	0.0132	0.0132	0.0132	0.0132	0.0132	0.0132	0.0132	0.01	0.0122	0.0132	0.0132	0.0132	0.0132	0.0112	0.01	0.0132	0.0132	0.01	0.0132	0.0132	0.0132	0.0132	0.0132	0.0112	0.0132	0.0122	0.0132	0.0122	0.0132	0.0132	0.0132	0.0132	0.0132	0.0215	0.0132	0.0132	0.0132	0.0132	0.0132	0.0132	0.0132	0.0132	0.0107	0.01	0.0112	0.0132	0.0132	0.0132	0.0132	0.0132	0.0132	0.0132	0.0132	0.0132	0.0215	0.0132	0.0132	0.0132	0.0132	0.0132	0.0132	0.0132	0.0132	0.0106	0.0132	0.0132	0.0098	0.0549	0.0132	0.0112	0.0132	0.0132	0.0132	0.0119	0.0132	0.0132	0.0132	0.01	0.0132	0.0132	0.0122	0.0122	0.0132	0.0122	0.0132	0.0132	0.0132	0.0132	0.0132	0.0132	0.0132	0.0132	0.0132	0.0132	0.0132	0.0132	0.017	0.0132	0.0132	0.0132	0.0177	0.0132	0.0132	0.0132	0.0132	0.0129	0.0132	0.0132	0.0132	0.0106	0.0132	0.0132	0.0132	0.0132	0.0098	0.0098	0.0132	0.0132	0.0132	0.0098	0.0132	0.0132	0.0132	0.014	0.0112	0.0132	0.0132	0.0132	0.0132	0.0132	0.0132	0.0129	0.0132	0.0107	0.0549	0.0132	0.0132	0.0132	0.0119	0.0132	0.0107	0.0215	0.0162	0.0162	0.0162	0.0162	0.0162	0.0162	0.0162	0.0162	0.0162	0.0162	0.0162	0.0162	0.0162	0.0162	0.0162	0.0162	0.0162	0.0162	0.0162	0.0162	0.0162	0.0162	0.0162	0.0162	0.0162	0.0162	0.0162	0.0162	0.0162	0.0162	0.0162	0.0162	0.0162	0.0162	0.0162	0.0162	0.0162	0.0162	0.0162	0.0162	0.0162	0.0162	0.0162	0.0162	0.0162	0.0162	0.0162	0.0162	0.0162	0.0162	0.0162	0.0162	0.0162	0.0162	0.0162	0.0162	0.0162	0.0162	0.0162	0.0162	0.0162	0.0162	0.0162	0.0162	0.0162	0.0162	0.0162	0.0162	0.0162	0.0162	0.0162	0.0162	0.0162	0.0162	0.0162	0.0162	0.0162	0.0162	0.0162	0.0162	0.0162
15	0.8723	0.8723	0.8723	0.8723	0.8723	0.93	0.93	0.93	0.93	0.93	0.93	0.93	0.93	0.93	0.93	0.93	0.93	0.93	0.0043	0.0043	0.0043	0.0043	0.0043	0.0043	0.0043	0.0043	0.0033	0.0043	0.0043	0.0043	0.0043	0.0043	0.0043	0.0039	0.0043	0.0043	0.0043	0.0043	0.0035	0.0043	0.0066	0.0043	0.0043	0.0043	0.0043	0.0043	0.0043	0.0043	0.0043	0.0062	0.0043	0.0043	0.0043	0.0033	0.0043	0.0043	0.0043	0.0034	0.0043	0.0043	0.0043	0.0043	0.0043	0.0043	0.0043	0.0043	0.0043	0.0043	0.0043	0.0043	0.0035	0.0043	0.0043	0.0043	0.0043	0.0043	0.0043	0.0142	0.0043	0.0043	0.0043	0.0043	0.0039	0.0043	0.0048	0.082	0.0043	0.0043	0.0043	0.0043	0.0043	0.0043	0.0035	0.4214	0.0043	0.0043	0.0043	0.0066	0.0043	0.0043	0.0043	0.0043	0.0043	0.0039	0.0043	0.0043	0.0043	0.0043	0.0043	0.0043	0.0043	0.0043	0.0043	0.0043	0.0043	0.0034	0.0043	0.0043	0.0043	0.0033	0.0033	0.0043	0.0043	0.0039	0.0035	0.0043	0.0043	0.0043	0.0043	0.0142	0.0042	0.0043	0.0043	0.0035	0.0042	0.0043	0.0043	0.0043	0.0043	0.0043	0.0043	0.0043	0.0043	0.0043	0.0043	0.0043	0.0043	0.0043	0.0043	0.0043	0.0043	0.0043	0.0043	0.0043	0.0066	0.0043	0.0043	0.0035	0.0043	0.0043	0.0033	0.0043	0.0043	0.0043	0.0043	0.0043	0.0042	0.0043	0.0043	0.0142	0.0039	0.0043	0.0039	0.0043	0.0033	0.0043	0.0039	0.0033	0.0043	0.0043	0.0043	0.0043	0.0043	0.0043	0.0033	0.0043	0.0035	0.0034	0.0043	0.0043	0.0043	0.0034	0.0033	0.0043	0.0043	0.0043	0.0043	0.0043	0.0043	0.0032	0.0043	0.0043	0.0043	0.0043	0.0043	0.0062	0.0043	0.0043	0.0043	0.0043	0.0043	0.0043	0.0043	0.0043	0.0033	0.0043	0.0043	0.0043	0.0043	0.0033	0.0043	0.0043	0.0043	0.0034	0.0043	0.0043	0.0035	0.0043	0.0043	0.0043	0.0043	0.0033	0.0035	0.0043	0.0062	0.0043	0.0043	0.0035	0.0062	0.0043	0.0043	0.0043	0.0043	0.0043	0.0034	0.0043	0.0043	0.0043	0.0043	0.0043	0.0032	0.0043	0.0034	0.0043	0.0043	0.0048	0.0043	0.0043	0.0043	0.0043	0.0033	0.0043	0.0062	0.0043	0.0043	0.0043	0.0043	0.0043	0.0043	0.0035	0.0034	0.0043	0.0043	0.0043	0.0043	0.0043	0.0032	0.0034	0.0043	0.0043	0.0043	0.0043	0.0043	0.0043	0.0033	0.0043	0.0043	0.0043	0.0043	0.0043	0.0043	0.0048	0.0043	0.0043	0.0062	0.0034	0.0043	0.0043	0.0033	0.0043	0.0043	0.0043	0.0043	0.0035	0.0034	0.0043	0.0043	0.0043	0.0142	0.0043	0.0043	0.0043	0.0043	0.0043	0.0043	0.0043	0.0043	0.0043	0.0043	0.0032	0.0043	0.0035	0.0043	0.0043	0.0043	0.0043	0.0043	0.0033	0.0043	0.0043	0.0043	0.0043	0.0043	0.0043	0.0033	0.0043	0.0043	0.0033	0.0043	0.0043	0.0043	0.0062	0.0064	0.0043	0.082	0.0043	0.0043	0.0043	0.0032	0.0035	0.0033	0.0043	0.0043	0.0043	0.0043	0.0043	0.0039	0.0042	0.0043	0.0043	0.0043	0.0043	0.0043	0.0033	0.0043	0.0034	0.0043	0.0043	0.082	0.0043	0.0043	0.0043	0.0043	0.0035	0.0043	0.0043	0.0064	0.0043	0.0043	0.0043	0.0043	0.0043	0.0043	0.0043	0.0032	0.0033	0.0043	0.0043	0.0043	0.0043	0.0039	0.0032	0.0043	0.0043	0.0032	0.0043	0.0043	0.0043	0.0043	0.0043	0.0039	0.0043	0.0033	0.0043	0.0033	0.0043	0.0043	0.0043	0.0043	0.0043	0.0199	0.0043	0.0043	0.0043	0.0043	0.0043	0.0043	0.0043	0.0043	0.0035	0.0032	0.0039	0.0043	0.0043	0.0043	0.0043	0.0043	0.0043	0.0043	0.0043	0.0043	0.0199	0.0043	0.0043	0.0043	0.0043	0.0043	0.0043	0.0043	0.0043	0.0034	0.0043	0.0043	0.0035	0.4214	0.0043	0.0039	0.0043	0.0043	0.0043	0.0062	0.0043	0.0043	0.0043	0.0032	0.0043	0.0043	0.0033	0.0033	0.0043	0.0033	0.0043	0.0043	0.0043	0.0043	0.0043	0.0043	0.0043	0.0043	0.0043	0.0043	0.0043	0.0043	0.0142	0.0043	0.0043	0.0043	0.0048	0.0043	0.0043	0.0043	0.0043	0.0064	0.0043	0.0043	0.0043	0.0034	0.0043	0.0043	0.0043	0.0043	0.0035	0.0035	0.0043	0.0043	0.0043	0.0035	0.0043	0.0043	0.0043	0.0042	0.0039	0.0043	0.0043	0.0043	0.0043	0.0043	0.0043	0.0064	0.0043	0.0035	0.4214	0.0043	0.0043	0.0043	0.0062	0.0043	0.0035	0.0199	0.0047	0.0047	0.0047	0.0047	0.0047	0.0047	0.0047	0.0047	0.0047	0.0047	0.0047	0.0047	0.0047	0.0047	0.0047	0.0047	0.0047	0.0047	0.0047	0.0047	0.0047	0.0047	0.0047	0.0047	0.0047	0.0047	0.0047	0.0047	0.0047	0.0047	0.0047	0.0047	0.0047	0.0047	0.0047	0.0047	0.0047	0.0047	0.0047	0.0047	0.0047	0.0047	0.0047	0.0047	0.0047	0.0047	0.0047	0.0047	0.0047	0.0047	0.0047	0.0047	0.0047	0.0047	0.0047	0.0047	0.0047	0.0047	0.0047	0.0047	0.0047	0.0047	0.0047	0.0047	0.0047	0.0047	0.0047	0.0047	0.0047	0.0047	0.0047	0.0047	0.0047	0.0047	0.0047	0.0047	0.0047	0.0047	0.0047	0.0047	0.0047
16	0.7538	0.7538	0.7538	0.7538	0.7538	0.9334	0.9334	0.9334	0.9334	0.9334	0.9334	0.9334	0.9334	0.9334	0.9334	0.9334	0.9334	0.9334	0.0054	0.0054	0.0054	0.0054	0.0054	0.0054	0.0054	0.0054	0.01	0.0054	0.0054	0.0054	0.0054	0.0054	0.0054	0.0283	0.0054	0.0054	0.0054	0.0054	0.0116	0.0054	0.0432	0.0054	0.0054	0.0054	0.0054	0.0054	0.0054	0.0054	0.0054	0.0234	0.0054	0.0054	0.0054	0.01	0.0054	0.0054	0.0054	0.0169	0.0054	0.0054	0.0054	0.0054	0.0054	0.0054	0.0054	0.0054	0.0054	0.0054	0.0054	0.0054	0.012	0.0054	0.0054	0.0054	0.0054	0.0054	0.0054	0.036	0.0054	0.0054	0.0054	0.0054	0.0283	0.0054	0.0118	0.3827	0.0054	0.0054	0.0054	0.0054	0.0054	0.0054	0.012	0.8142	0.0054	0.0054	0.0054	0.0432	0.0054	0.0054	0.0054	0.0054	0.0054	0.0283	0.0054	0.0054	0.0054	0.0054	0.0054	0.0054	0.0054	0.0054	0.0054	0.0054	0.0054	0.0169	0.0054	0.0054	0.0054	0.01	0.01	0.0054	0.0054	0.0283	0.0116	0.0054	0.0054	0.0054	0.0054	0.036	0.0102	0.0054	0.0054	0.0116	0.0102	0.0054	0.0054	0.0054	0.0054	0.0054	0.0054	0.0054	0.0054	0.0054	0.0054	0.0054	0.0054	0.0054	0.0054	0.0054	0.0054	0.0054	0.0054	0.0054	0.0432	0.0054	0.0054	0.0116	0.0054	0.0054	0.01	0.0054	0.0054	0.0054	0.0054	0.0054	0.0102	0.0054	0.0054	0.036	0.0283	0.0054	0.0283	0.0054	0.01	0.0054	0.0283	0.01	0.0054	0.0054	0.0054	0.0054	0.0054	0.0054	0.01	0.0054	0.0116	0.0169	0.0054	0.0054	0.0054	0.0169	0.01	0.0054	0.0054	0.0054	0.0054	0.0054	0.0054	0.0126	0.0054	0.0054	0.0054	0.0054	0.0054	0.0234	0.0054	0.0054	0.0054	0.0054	0.0054	0.0054	0.0054	0.0054	0.01	0.0054	0.0054	0.0054	0.0054	0.01	0.0054	0.0054	0.0054	0.0169	0.0054	0.0054	0.0116	0.0054	0.0054	0.0054	0.0054	0.01	0.0116	0.0054	0.0234	0.0054	0.0054	0.0116	0.0234	0.0054	0.0054	0.0054	0.0054	0.0054	0.0169	0.0054	0.0054	0.0054	0.0054	0.0054	0.0126	0.0054	0.0169	0.0054	0.0054	0.0118	0.0054	0.0054	0.0054	0.0054	0.01	0.0054	0.0234	0.0054	0.0054	0.0054	0.0054	0.0054	0.0054	0.0116	0.0169	0.0054	0.0054	0.0054	0.0054	0.0054	0.0126	0.0169	0.0054	0.0054	0.0054	0.0054	0.0054	0.0054	0.01	0.0054	0.0054	0.0054	0.0054	0.0054	0.0054	0.0118	0.0054	0.0054	0.0234	0.0169	0.0054	0.0054	0.01	0.0054	0.0054	0.0054	0.0054	0.0116	0.0169	0.0054	0.0054	0.0054	0.036	0.0054	0.0054	0.0054	0.0054	0.0054	0.0054	0.0054	0.0054	0.0054	0.0054	0.0126	0.0054	0.012	0.0054	0.0054	0.0054	0.0054	0.0054	0.01	0.0054	0.0054	0.0054	0.0054	0.0054	0.0054	0.01	0.0054	0.0054	0.01	0.0054	0.0054	0.0054	0.0234	0.0239	0.0054	0.3827	0.0054	0.0054	0.0054	0.0126	0.0116	0.01	0.0054	0.0054	0.0054	0.0054	0.0054	0.0283	0.0102	0.0054	0.0054	0.0054	0.0054	0.0054	0.01	0.0054	0.0169	0.0054	0.0054	0.3827	0.0054	0.0054	0.0054	0.0054	0.0116	0.0054	0.0054	0.0239	0.0054	0.0054	0.0054	0.0054	0.0054	0.0054	0.0054	0.0126	0.01	0.0054	0.0054	0.0054	0.0054	0.0283	0.0126	0.0054	0.0054	0.0126	0.0054	0.0054	0.0054	0.0054	0.0054	0.0283	0.0054	0.01	0.0054	0.01	0.0054	0.0054	0.0054	0.0054	0.0054	0.0948	0.0054	0.0054	0.0054	0.0054	0.0054	0.0054	0.0054	0.0054	0.012	0.0126	0.0283	0.0054	0.0054	0.0054	0.0054	0.0054	0.0054	0.0054	0.0054	0.0054	0.0948	0.0054	0.0054	0.0054	0.0054	0.0054	0.0054	0.0054	0.0054	0.0169	0.0054	0.0054	0.0116	0.8142	0.0054	0.0283	0.0054	0.0054	0.0054	0.0234	0.0054	0.0054	0.0054	0.0126	0.0054	0.0054	0.01	0.01	0.0054	0.01	0.0054	0.0054	0.0054	0.0054	0.0054	0.0054	0.0054	0.0054	0.0054	0.0054	0.0054	0.0054	0.036	0.0054	0.0054	0.0054	0.0118	0.0054	0.0054	0.0054	0.0054	0.0239	0.0054	0.0054	0.0054	0.0169	0.0054	0.0054	0.0054	0.0054	0.0116	0.0116	0.0054	0.0054	0.0054	0.0116	0.0054	0.0054	0.0054	0.0102	0.0283	0.0054	0.0054	0.0054	0.0054	0.0054	0.0054	0.0239	0.0054	0.012	0.8142	0.0054	0.0054	0.0054	0.0234	0.0054	0.012	0.0948	0.0047	0.0047	0.0047	0.0047	0.0047	0.0047	0.0047	0.0047	0.0047	0.0047	0.0047	0.0047	0.0047	0.0047	0.0047	0.0047	0.0047	0.0047	0.0047	0.0047	0.0047	0.0047	0.0047	0.0047	0.0047	0.0047	0.0047	0.0047	0.0047	0.0047	0.0047	0.0047	0.0047	0.0047	0.0047	0.0047	0.0047	0.0047	0.0047	0.0047	0.0047	0.0047	0.0047	0.0047	0.0047	0.0047	0.0047	0.0047	0.0047	0.0047	0.0047	0.0047	0.0047	0.0047	0.0047	0.0047	0.0047	0.0047	0.0047	0.0047	0.0047	0.0047	0.0047	0.0047	0.0047	0.0047	0.0047	0.0047	0.0047	0.0047	0.0047	0.0047	0.0047	0.0047	0.0047	0.0047	0.0047	0.0047	0.0047	0.0047	0.0047
17	0.8264	0.8264	0.8264	0.8264	0.8264	0.8892	0.8892	0.8892	0.8892	0.8892	0.8892	0.8892	0.8892	0.8892	0.8892	0.8892	0.8892	0.8892	0.004	0.004	0.004	0.004	0.004	0.004	0.004	0.004	0.0035	0.004	0.004	0.004	0.004	0.004	0.004	0.0034	0.004	0.004	0.004	0.004	0.0059	0.004	0.0059	0.004	0.004	0.004	0.004	0.004	0.004	0.004	0.004	0.0034	0.004	0.004	0.004	0.0035	0.004	0.004	0.004	0.0032	0.004	0.004	0.004	0.004	0.004	0.004	0.004	0.004	0.004	0.004	0.004	0.004	0.0036	0.004	0.004	0.004	0.004	0.004	0.004	0.005	0.004	0.004	0.004	0.004	0.0034	0.004	0.0041	0.0942	0.004	0.004	0.004	0.004	0.004	0.004	0.0036	0.0173	0.004	0.004	0.004	0.0059	0.004	0.004	0.004	0.004	0.004	0.0034	0.004	0.004	0.004	0.004	0.004	0.004	0.004	0.004	0.004	0.004	0.004	0.0032	0.004	0.004	0.004	0.0035	0.0035	0.004	0.004	0.0034	0.0059	0.004	0.004	0.004	0.004	0.005	0.0052	0.004	0.004	0.0059	0.0052	0.004	0.004	0.004	0.004	0.004	0.004	0.004	0.004	0.004	0.004	0.004	0.004	0.004	0.004	0.004	0.004	0.004	0.004	0.004	0.0059	0.004	0.004	0.0059	0.004	0.004	0.0035	0.004	0.004	0.004	0.004	0.004	0.0052	0.004	0.004	0.005	0.0034	0.004	0.0034	0.004	0.0035	0.004	0.0034	0.0035	0.004	0.004	0.004	0.004	0.004	0.004	0.0035	0.004	0.0059	0.0032	0.004	0.004	0.004	0.0032	0.0035	0.004	0.004	0.004	0.004	0.004	0.004	0.0035	0.004	0.004	0.004	0.004	0.004	0.0034	0.004	0.004	0.004	0.004	0.004	0.004	0.004	0.004	0.0035	0.004	0.004	0.004	0.004	0.0035	0.004	0.004	0.004	0.0032	0.004	0.004	0.0059	0.004	0.004	0.004	0.004	0.0035	0.0059	0.004	0.0034	0.004	0.004	0.0059	0.0034	0.004	0.004	0.004	0.004	0.004	0.0032	0.004	0.004	0.004	0.004	0.004	0.0035	0.004	0.0032	0.004	0.004	0.0041	0.004	0.004	0.004	0.004	0.0035	0.004	0.0034	0.004	0.004	0.004	0.004	0.004	0.004	0.0059	0.0032	0.004	0.004	0.004	0.004	0.004	0.0035	0.0032	0.004	0.004	0.004	0.004	0.004	0.004	0.0035	0.004	0.004	0.004	0.004	0.004	0.004	0.0041	0.004	0.004	0.0034	0.0032	0.004	0.004	0.0035	0.004	0.004	0.004	0.004	0.0059	0.0032	0.004	0.004	0.004	0.005	0.004	0.004	0.004	0.004	0.004	0.004	0.004	0.004	0.004	0.004	0.0035	0.004	0.0036	0.004	0.004	0.004	0.004	0.004	0.0035	0.004	0.004	0.004	0.004	0.004	0.004	0.0035	0.004	0.004	0.0035	0.004	0.004	0.004	0.0034	0.0049	0.004	0.0942	0.004	0.004	0.004	0.0035	0.0059	0.0035	0.004	0.004	0.004	0.004	0.004	0.0034	0.0052	0.004	0.004	0.004	0.004	0.004	0.0035	0.004	0.0032	0.004	0.004	0.0942	0.004	0.004	0.004	0.004	0.0059	0.004	0.004	0.0049	0.004	0.004	0.004	0.004	0.004	0.004	0.004	0.0035	0.0035	0.004	0.004	0.004	0.004	0.0034	0.0035	0.004	0.004	0.0035	0.004	0.004	0.004	0.004	0.004	0.0034	0.004	0.0035	0.004	0.0035	0.004	0.004	0.004	0.004	0.004	0.011	0.004	0.004	0.004	0.004	0.004	0.004	0.004	0.004	0.0036	0.0035	0.0034	0.004	0.004	0.004	0.004	0.004	0.004	0.004	0.004	0.004	0.011	0.004	0.004	0.004	0.004	0.004	0.004	0.004	0.004	0.0032	0.004	0.004	0.0059	0.0173	0.004	0.0034	0.004	0.004	0.004	0.0034	0.004	0.004	0.004	0.0035	0.004	0.004	0.0035	0.0035	0.004	0.0035	0.004	0.004	0.004	0.004	0.004	0.004	0.004	0.004	0.004	0.004	0.004	0.004	0.005	0.004	0.004	0.004	0.0041	0.004	0.004	0.004	0.004	0.0049	0.004	0.004	0.004	0.0032	0.004	0.004	0.004	0.004	0.0059	0.0059	0.004	0.004	0.004	0.0059	0.004	0.004	0.004	0.0052	0.0034	0.004	0.004	0.004	0.004	0.004	0.004	0.0049	0.004	0.0036	0.0173	0.004	0.004	0.004	0.0034	0.004	0.0036	0.011	0.003	0.003	0.003	0.003	0.003	0.003	0.003	0.003	0.003	0.003	0.003	0.003	0.003	0.003	0.003	0.003	0.003	0.003	0.003	0.003	0.003	0.003	0.003	0.003	0.003	0.003	0.003	0.003	0.003	0.003	0.003	0.003	0.003	0.003	0.003	0.003	0.003	0.003	0.003	0.003	0.003	0.003	0.003	0.003	0.003	0.003	0.003	0.003	0.003	0.003	0.003	0.003	0.003	0.003	0.003	0.003	0.003	0.003	0.003	0.003	0.003	0.003	0.003	0.003	0.003	0.003	0.003	0.003	0.003	0.003	0.003	0.003	0.003	0.003	0.003	0.003	0.003	0.003	0.003	0.003	0.003
18	0.8695	0.8695	0.8695	0.8695	0.8695	0.8752	0.8752	0.8752	0.8752	0.8752	0.8752	0.8752	0.8752	0.8752	0.8752	0.8752	0.8752	0.8752	0.0153	0.0153	0.0153	0.0153	0.0153	0.0153	0.0153	0.0153	0.0104	0.0153	0.0153	0.0153	0.0153	0.0153	0.0153	0.0074	0.0153	0.0153	0.0153	0.0153	0.0121	0.0153	0.014	0.0153	0.0153	0.0153	0.0153	0.0153	0.0153	0.0153	0.0153	0.0112	0.0153	0.0153	0.0153	0.0104	0.0153	0.0153	0.0153	0.0092	0.0153	0.0153	0.0153	0.0153	0.0153	0.0153	0.0153	0.0153	0.0153	0.0153	0.0153	0.0153	0.0115	0.0153	0.0153	0.0153	0.0153	0.0153	0.0153	0.0103	0.0153	0.0153	0.0153	0.0153	0.0074	0.0153	0.0162	0.0003	0.0153	0.0153	0.0153	0.0153	0.0153	0.0153	0.0115	0.0688	0.0153	0.0153	0.0153	0.014	0.0153	0.0153	0.0153	0.0153	0.0153	0.0074	0.0153	0.0153	0.0153	0.0153	0.0153	0.0153	0.0153	0.0153	0.0153	0.0153	0.0153	0.0092	0.0153	0.0153	0.0153	0.0104	0.0104	0.0153	0.0153	0.0074	0.0121	0.0153	0.0153	0.0153	0.0153	0.0103	0.0142	0.0153	0.0153	0.0121	0.0142	0.0153	0.0153	0.0153	0.0153	0.0153	0.0153	0.0153	0.0153	0.0153	0.0153	0.0153	0.0153	0.0153	0.0153	0.0153	0.0153	0.0153	0.0153	0.0153	0.014	0.0153	0.0153	0.0121	0.0153	0.0153	0.0104	0.0153	0.0153	0.0153	0.0153	0.0153	0.0142	0.0153	0.0153	0.0103	0.0074	0.0153	0.0074	0.0153	0.0104	0.0153	0.0074	0.0104	0.0153	0.0153	0.0153	0.0153	0.0153	0.0153	0.0104	0.0153	0.0121	0.0092	0.0153	0.0153	0.0153	0.0092	0.0104	0.0153	0.0153	0.0153	0.0153	0.0153	0.0153	0.0142	0.0153	0.0153	0.0153	0.0153	0.0153	0.0112	0.0153	0.0153	0.0153	0.0153	0.0153	0.0153	0.0153	0.0153	0.0104	0.0153	0.0153	0.0153	0.0153	0.0104	0.0153	0.0153	0.0153	0.0092	0.0153	0.0153	0.0121	0.0153	0.0153	0.0153	0.0153	0.0104	0.0121	0.0153	0.0112	0.0153	0.0153	0.0121	0.0112	0.0153	0.0153	0.0153	0.0153	0.0153	0.0092	0.0153	0.0153	0.0153	0.0153	0.0153	0.0142	0.0153	0.0092	0.0153	0.0153	0.0162	0.0153	0.0153	0.0153	0.0153	0.0104	0.0153	0.0112	0.0153	0.0153	0.0153	0.0153	0.0153	0.0153	0.0121	0.0092	0.0153	0.0153	0.0153	0.0153	0.0153	0.0142	0.0092	0.0153	0.0153	0.0153	0.0153	0.0153	0.0153	0.0104	0.0153	0.0153	0.0153	0.0153	0.0153	0.0153	0.0162	0.0153	0.0153	0.0112	0.0092	0.0153	0.0153	0.0104	0.0153	0.0153	0.0153	0.0153	0.0121	0.0092	0.0153	0.0153	0.0153	0.0103	0.0153	0.0153	0.0153	0.0153	0.0153	0.0153	0.0153	0.0153	0.0153	0.0153	0.0142	0.0153	0.0115	0.0153	0.0153	0.0153	0.0153	0.0153	0.0104	0.0153	0.0153	0.0153	0.0153	0.0153	0.0153	0.0104	0.0153	0.0153	0.0104	0.0153	0.0153	0.0153	0.0112	0.0136	0.0153	0.0003	0.0153	0.0153	0.0153	0.0142	0.0121	0.0104	0.0153	0.0153	0.0153	0.0153	0.0153	0.0074	0.0142	0.0153	0.0153	0.0153	0.0153	0.0153	0.0104	0.0153	0.0092	0.0153	0.0153	0.0003	0.0153	0.0153	0.0153	0.0153	0.0121	0.0153	0.0153	0.0136	0.0153	0.0153	0.0153	0.0153	0.0153	0.0153	0.0153	0.0142	0.0104	0.0153	0.0153	0.0153	0.0153	0.0074	0.0142	0.0153	0.0153	0.0142	0.0153	0.0153	0.0153	0.0153	0.0153	0.0074	0.0153	0.0104	0.0153	0.0104	0.0153	0.0153	0.0153	0.0153	0.0153	0.0121	0.0153	0.0153	0.0153	0.0153	0.0153	0.0153	0.0153	0.0153	0.0115	0.0142	0.0074	0.0153	0.0153	0.0153	0.0153	0.0153	0.0153	0.0153	0.0153	0.0153	0.0121	0.0153	0.0153	0.0153	0.0153	0.0153	0.0153	0.0153	0.0153	0.0092	0.0153	0.0153	0.0121	0.0688	0.0153	0.0074	0.0153	0.0153	0.0153	0.0112	0.0153	0.0153	0.0153	0.0142	0.0153	0.0153	0.0104	0.0104	0.0153	0.0104	0.0153	0.0153	0.0153	0.0153	0.0153	0.0153	0.0153	0.0153	0.0153	0.0153	0.0153	0.0153	0.0103	0.0153	0.0153	0.0153	0.0162	0.0153	0.0153	0.0153	0.0153	0.0136	0.0153	0.0153	0.0153	0.0092	0.0153	0.0153	0.0153	0.0153	0.0121	0.0121	0.0153	0.0153	0.0153	0.0121	0.0153	0.0153	0.0153	0.0142	0.0074	0.0153	0.0153	0.0153	0.0153	0.0153	0.0153	0.0136	0.0153	0.0115	0.0688	0.0153	0.0153	0.0153	0.0112	0.0153	0.0115	0.0121	0.0319	0.0319	0.0319	0.0319	0.0319	0.0319	0.0319	0.0319	0.0319	0.0319	0.0319	0.0319	0.0319	0.0319	0.0319	0.0319	0.0319	0.0319	0.0319	0.0319	0.0319	0.0319	0.0319	0.0319	0.0319	0.0319	0.0319	0.0319	0.0319	0.0319	0.0319	0.0319	0.0319	0.0319	0.0319	0.0319	0.0319	0.0319	0.0319	0.0319	0.0319	0.0319	0.0319	0.0319	0.0319	0.0319	0.0319	0.0319	0.0319	0.0319	0.0319	0.0319	0.0319	0.0319	0.0319	0.0319	0.0319	0.0319	0.0319	0.0319	0.0319	0.0319	0.0319	0.0319	0.0319	0.0319	0.0319	0.0319	0.0319	0.0319	0.0319	0.0319	0.0319	0.0319	0.0319	0.0319	0.0319	0.0319	0.0319	0.0319	0.0319
19	0.9045	0.9045	0.9045	0.9045	0.9045	0.9045	0.9045	0.9045	0.9045	0.9045	0.9045	0.9045	0.9045	0.9045	0.9045	0.9045	0.9045	0.9045	0.0005	0.0005	0.0005	0.0005	0.0005	0.0005	0.0005	0.0005	0.0022	0.0005	0.0005	0.0005	0.0005	0.0005	0.0005	0.0037	0.0005	0.0005	0.0005	0.0005	0.0023	0.0005	0.0049	0.0005	0.0005	0.0005	0.0005	0.0005	0.0005	0.0005	0.0005	0.0024	0.0005	0.0005	0.0005	0.0022	0.0005	0.0005	0.0005	0.0041	0.0005	0.0005	0.0005	0.0005	0.0005	0.0005	0.0005	0.0005	0.0005	0.0005	0.0005	0.0005	0.004	0.0005	0.0005	0.0005	0.0005	0.0005	0.0005	0.0055	0.0005	0.0005	0.0005	0.0005	0.0037	0.0005	0.0031	0.0118	0.0005	0.0005	0.0005	0.0005	0.0005	0.0005	0.004	0.0275	0.0005	0.0005	0.0005	0.0049	0.0005	0.0005	0.0005	0.0005	0.0005	0.0037	0.0005	0.0005	0.0005	0.0005	0.0005	0.0005	0.0005	0.0005	0.0005	0.0005	0.0005	0.0041	0.0005	0.0005	0.0005	0.0022	0.0022	0.0005	0.0005	0.0037	0.0023	0.0005	0.0005	0.0005	0.0005	0.0055	0.0044	0.0005	0.0005	0.0023	0.0044	0.0005	0.0005	0.0005	0.0005	0.0005	0.0005	0.0005	0.0005	0.0005	0.0005	0.0005	0.0005	0.0005	0.0005	0.0005	0.0005	0.0005	0.0005	0.0005	0.0049	0.0005	0.0005	0.0023	0.0005	0.0005	0.0022	0.0005	0.0005	0.0005	0.0005	0.0005	0.0044	0.0005	0.0005	0.0055	0.0037	0.0005	0.0037	0.0005	0.0022	0.0005	0.0037	0.0022	0.0005	0.0005	0.0005	0.0005	0.0005	0.0005	0.0022	0.0005	0.0023	0.0041	0.0005	0.0005	0.0005	0.0041	0.0022	0.0005	0.0005	0.0005	0.0005	0.0005	0.0005	0.0034	0.0005	0.0005	0.0005	0.0005	0.0005	0.0024	0.0005	0.0005	0.0005	0.0005	0.0005	0.0005	0.0005	0.0005	0.0022	0.0005	0.0005	0.0005	0.0005	0.0022	0.0005	0.0005	0.0005	0.0041	0.0005	0.0005	0.0023	0.0005	0.0005	0.0005	0.0005	0.0022	0.0023	0.0005	0.0024	0.0005	0.0005	0.0023	0.0024	0.0005	0.0005	0.0005	0.0005	0.0005	0.0041	0.0005	0.0005	0.0005	0.0005	0.0005	0.0034	0.0005	0.0041	0.0005	0.0005	0.0031	0.0005	0.0005	0.0005	0.0005	0.0022	0.0005	0.0024	0.0005	0.0005	0.0005	0.0005	0.0005	0.0005	0.0023	0.0041	0.0005	0.0005	0.0005	0.0005	0.0005	0.0034	0.0041	0.0005	0.0005	0.0005	0.0005	0.0005	0.0005	0.0022	0.0005	0.0005	0.0005	0.0005	0.0005	0.0005	0.0031	0.0005	0.0005	0.0024	0.0041	0.0005	0.0005	0.0022	0.0005	0.0005	0.0005	0.0005	0.0023	0.0041	0.0005	0.0005	0.0005	0.0055	0.0005	0.0005	0.0005	0.0005	0.0005	0.0005	0.0005	0.0005	0.0005	0.0005	0.0034	0.0005	0.004	0.0005	0.0005	0.0005	0.0005	0.0005	0.0022	0.0005	0.0005	0.0005	0.0005	0.0005	0.0005	0.0022	0.0005	0.0005	0.0022	0.0005	0.0005	0.0005	0.0024	0.0036	0.0005	0.0118	0.0005	0.0005	0.0005	0.0034	0.0023	0.0022	0.0005	0.0005	0.0005	0.0005	0.0005	0.0037	0.0044	0.0005	0.0005	0.0005	0.0005	0.0005	0.0022	0.0005	0.0041	0.0005	0.0005	0.0118	0.0005	0.0005	0.0005	0.0005	0.0023	0.0005	0.0005	0.0036	0.0005	0.0005	0.0005	0.0005	0.0005	0.0005	0.0005	0.0034	0.0022	0.0005	0.0005	0.0005	0.0005	0.0037	0.0034	0.0005	0.0005	0.0034	0.0005	0.0005	0.0005	0.0005	0.0005	0.0037	0.0005	0.0022	0.0005	0.0022	0.0005	0.0005	0.0005	0.0005	0.0005	0.0058	0.0005	0.0005	0.0005	0.0005	0.0005	0.0005	0.0005	0.0005	0.004	0.0034	0.0037	0.0005	0.0005	0.0005	0.0005	0.0005	0.0005	0.0005	0.0005	0.0005	0.0058	0.0005	0.0005	0.0005	0.0005	0.0005	0.0005	0.0005	0.0005	0.0041	0.0005	0.0005	0.0023	0.0275	0.0005	0.0037	0.0005	0.0005	0.0005	0.0024	0.0005	0.0005	0.0005	0.0034	0.0005	0.0005	0.0022	0.0022	0.0005	0.0022	0.0005	0.0005	0.0005	0.0005	0.0005	0.0005	0.0005	0.0005	0.0005	0.0005	0.0005	0.0005	0.0055	0.0005	0.0005	0.0005	0.0031	0.0005	0.0005	0.0005	0.0005	0.0036	0.0005	0.0005	0.0005	0.0041	0.0005	0.0005	0.0005	0.0005	0.0023	0.0023	0.0005	0.0005	0.0005	0.0023	0.0005	0.0005	0.0005	0.0044	0.0037	0.0005	0.0005	0.0005	0.0005	0.0005	0.0005	0.0036	0.0005	0.004	0.0275	0.0005	0.0005	0.0005	0.0024	0.0005	0.004	0.0058	0.0042	0.0042	0.0042	0.0042	0.0042	0.0042	0.0042	0.0042	0.0042	0.0042	0.0042	0.0042	0.0042	0.0042	0.0042	0.0042	0.0042	0.0042	0.0042	0.0042	0.0042	0.0042	0.0042	0.0042	0.0042	0.0042	0.0042	0.0042	0.0042	0.0042	0.0042	0.0042	0.0042	0.0042	0.0042	0.0042	0.0042	0.0042	0.0042	0.0042	0.0042	0.0042	0.0042	0.0042	0.0042	0.0042	0.0042	0.0042	0.0042	0.0042	0.0042	0.0042	0.0042	0.0042	0.0042	0.0042	0.0042	0.0042	0.0042	0.0042	0.0042	0.0042	0.0042	0.0042	0.0042	0.0042	0.0042	0.0042	0.0042	0.0042	0.0042	0.0042	0.0042	0.0042	0.0042	0.0042	0.0042	0.0042	0.0042	0.0042	0.0042
20	0.8585	0.8585	0.8585	0.8585	0.8585	0.9169	0.9169	0.9169	0.9169	0.9169	0.9169	0.9169	0.9169	0.9169	0.9169	0.9169	0.9169	0.9169	0.0204	0.0204	0.0204	0.0204	0.0204	0.0204	0.0204	0.0204	0.0143	0.0204	0.0204	0.0204	0.0204	0.0204	0.0204	0.014	0.0204	0.0204	0.0204	0.0204	0.0231	0.0204	0.0205	0.0204	0.0204	0.0204	0.0204	0.0204	0.0204	0.0204	0.0204	0.0124	0.0204	0.0204	0.0204	0.0143	0.0204	0.0204	0.0204	0.0142	0.0204	0.0204	0.0204	0.0204	0.0204	0.0204	0.0204	0.0204	0.0204	0.0204	0.0204	0.0204	0.0165	0.0204	0.0204	0.0204	0.0204	0.0204	0.0204	0.0116	0.0204	0.0204	0.0204	0.0204	0.014	0.0204	0.0192	0.055	0.0204	0.0204	0.0204	0.0204	0.0204	0.0204	0.0165	0.0487	0.0204	0.0204	0.0204	0.0205	0.0204	0.0204	0.0204	0.0204	0.0204	0.014	0.0204	0.0204	0.0204	0.0204	0.0204	0.0204	0.0204	0.0204	0.0204	0.0204	0.0204	0.0142	0.0204	0.0204	0.0204	0.0143	0.0143	0.0204	0.0204	0.014	0.0231	0.0204	0.0204	0.0204	0.0204	0.0116	0.0158	0.0204	0.0204	0.0231	0.0158	0.0204	0.0204	0.0204	0.0204	0.0204	0.0204	0.0204	0.0204	0.0204	0.0204	0.0204	0.0204	0.0204	0.0204	0.0204	0.0204	0.0204	0.0204	0.0204	0.0205	0.0204	0.0204	0.0231	0.0204	0.0204	0.0143	0.0204	0.0204	0.0204	0.0204	0.0204	0.0158	0.0204	0.0204	0.0116	0.014	0.0204	0.014	0.0204	0.0143	0.0204	0.014	0.0143	0.0204	0.0204	0.0204	0.0204	0.0204	0.0204	0.0143	0.0204	0.0231	0.0142	0.0204	0.0204	0.0204	0.0142	0.0143	0.0204	0.0204	0.0204	0.0204	0.0204	0.0204	0.0193	0.0204	0.0204	0.0204	0.0204	0.0204	0.0124	0.0204	0.0204	0.0204	0.0204	0.0204	0.0204	0.0204	0.0204	0.0143	0.0204	0.0204	0.0204	0.0204	0.0143	0.0204	0.0204	0.0204	0.0142	0.0204	0.0204	0.0231	0.0204	0.0204	0.0204	0.0204	0.0143	0.0231	0.0204	0.0124	0.0204	0.0204	0.0231	0.0124	0.0204	0.0204	0.0204	0.0204	0.0204	0.0142	0.0204	0.0204	0.0204	0.0204	0.0204	0.0193	0.0204	0.0142	0.0204	0.0204	0.0192	0.0204	0.0204	0.0204	0.0204	0.0143	0.0204	0.0124	0.0204	0.0204	0.0204	0.0204	0.0204	0.0204	0.0231	0.0142	0.0204	0.0204	0.0204	0.0204	0.0204	0.0193	0.0142	0.0204	0.0204	0.0204	0.0204	0.0204	0.0204	0.0143	0.0204	0.0204	0.0204	0.0204	0.0204	0.0204	0.0192	0.0204	0.0204	0.0124	0.0142	0.0204	0.0204	0.0143	0.0204	0.0204	0.0204	0.0204	0.0231	0.0142	0.0204	0.0204	0.0204	0.0116	0.0204	0.0204	0.0204	0.0204	0.0204	0.0204	0.0204	0.0204	0.0204	0.0204	0.0193	0.0204	0.0165	0.0204	0.0204	0.0204	0.0204	0.0204	0.0143	0.0204	0.0204	0.0204	0.0204	0.0204	0.0204	0.0143	0.0204	0.0204	0.0143	0.0204	0.0204	0.0204	0.0124	0.0243	0.0204	0.055	0.0204	0.0204	0.0204	0.0193	0.0231	0.0143	0.0204	0.0204	0.0204	0.0204	0.0204	0.014	0.0158	0.0204	0.0204	0.0204	0.0204	0.0204	0.0143	0.0204	0.0142	0.0204	0.0204	0.055	0.0204	0.0204	0.0204	0.0204	0.0231	0.0204	0.0204	0.0243	0.0204	0.0204	0.0204	0.0204	0.0204	0.0204	0.0204	0.0193	0.0143	0.0204	0.0204	0.0204	0.0204	0.014	0.0193	0.0204	0.0204	0.0193	0.0204	0.0204	0.0204	0.0204	0.0204	0.014	0.0204	0.0143	0.0204	0.0143	0.0204	0.0204	0.0204	0.0204	0.0204	0.0185	0.0204	0.0204	0.0204	0.0204	0.0204	0.0204	0.0204	0.0204	0.0165	0.0193	0.014	0.0204	0.0204	0.0204	0.0204	0.0204	0.0204	0.0204	0.0204	0.0204	0.0185	0.0204	0.0204	0.0204	0.0204	0.0204	0.0204	0.0204	0.0204	0.0142	0.0204	0.0204	0.0231	0.0487	0.0204	0.014	0.0204	0.0204	0.0204	0.0124	0.0204	0.0204	0.0204	0.0193	0.0204	0.0204	0.0143	0.0143	0.0204	0.0143	0.0204	0.0204	0.0204	0.0204	0.0204	0.0204	0.0204	0.0204	0.0204	0.0204	0.0204	0.0204	0.0116	0.0204	0.0204	0.0204	0.0192	0.0204	0.0204	0.0204	0.0204	0.0243	0.0204	0.0204	0.0204	0.0142	0.0204	0.0204	0.0204	0.0204	0.0231	0.0231	0.0204	0.0204	0.0204	0.0231	0.0204	0.0204	0.0204	0.0158	0.014	0.0204	0.0204	0.0204	0.0204	0.0204	0.0204	0.0243	0.0204	0.0165	0.0487	0.0204	0.0204	0.0204	0.0124	0.0204	0.0165	0.0185	0.0038	0.0038	0.0038	0.0038	0.0038	0.0038	0.0038	0.0038	0.0038	0.0038	0.0038	0.0038	0.0038	0.0038	0.0038	0.0038	0.0038	0.0038	0.0038	0.0038	0.0038	0.0038	0.0038	0.0038	0.0038	0.0038	0.0038	0.0038	0.0038	0.0038	0.0038	0.0038	0.0038	0.0038	0.0038	0.0038	0.0038	0.0038	0.0038	0.0038	0.0038	0.0038	0.0038	0.0038	0.0038	0.0038	0.0038	0.0038	0.0038	0.0038	0.0038	0.0038	0.0038	0.0038	0.0038	0.0038	0.0038	0.0038	0.0038	0.0038	0.0038	0.0038	0.0038	0.0038	0.0038	0.0038	0.0038	0.0038	0.0038	0.0038	0.0038	0.0038	0.0038	0.0038	0.0038	0.0038	0.0038	0.0038	0.0038	0.0038	0.0038
21	0.9397	0.9397	0.9397	0.9397	0.9397	0.7194	0.7194	0.7194	0.7194	0.7194	0.7194	0.7194	0.7194	0.7194	0.7194	0.7194	0.7194	0.7194	0.0027	0.0027	0.0027	0.0027	0.0027	0.0027	0.0027	0.0027	0.0055	0.0027	0.0027	0.0027	0.0027	0.0027	0.0027	0.006	0.0027	0.0027	0.0027	0.0027	0.0055	0.0027	0.0078	0.0027	0.0027	0.0027	0.0027	0.0027	0.0027	0.0027	0.0027	0.0092	0.0027	0.0027	0.0027	0.0055	0.0027	0.0027	0.0027	0.0058	0.0027	0.0027	0.0027	0.0027	0.0027	0.0027	0.0027	0.0027	0.0027	0.0027	0.0027	0.0027	0.0071	0.0027	0.0027	0.0027	0.0027	0.0027	0.0027	0.0062	0.0027	0.0027	0.0027	0.0027	0.006	0.0027	0.0062	0.0361	0.0027	0.0027	0.0027	0.0027	0.0027	0.0027	0.0071	0.036	0.0027	0.0027	0.0027	0.0078	0.0027	0.0027	0.0027	0.0027	0.0027	0.006	0.0027	0.0027	0.0027	0.0027	0.0027	0.0027	0.0027	0.0027	0.0027	0.0027	0.0027	0.0058	0.0027	0.0027	0.0027	0.0055	0.0055	0.0027	0.0027	0.006	0.0055	0.0027	0.0027	0.0027	0.0027	0.0062	0.0098	0.0027	0.0027	0.0055	0.0098	0.0027	0.0027	0.0027	0.0027	0.0027	0.0027	0.0027	0.0027	0.0027	0.0027	0.0027	0.0027	0.0027	0.0027	0.0027	0.0027	0.0027	0.0027	0.0027	0.0078	0.0027	0.0027	0.0055	0.0027	0.0027	0.0055	0.0027	0.0027	0.0027	0.0027	0.0027	0.0098	0.0027	0.0027	0.0062	0.006	0.0027	0.006	0.0027	0.0055	0.0027	0.006	0.0055	0.0027	0.0027	0.0027	0.0027	0.0027	0.0027	0.0055	0.0027	0.0055	0.0058	0.0027	0.0027	0.0027	0.0058	0.0055	0.0027	0.0027	0.0027	0.0027	0.0027	0.0027	0.0057	0.0027	0.0027	0.0027	0.0027	0.0027	0.0092	0.0027	0.0027	0.0027	0.0027	0.0027	0.0027	0.0027	0.0027	0.0055	0.0027	0.0027	0.0027	0.0027	0.0055	0.0027	0.0027	0.0027	0.0058	0.0027	0.0027	0.0055	0.0027	0.0027	0.0027	0.0027	0.0055	0.0055	0.0027	0.0092	0.0027	0.0027	0.0055	0.0092	0.0027	0.0027	0.0027	0.0027	0.0027	0.0058	0.0027	0.0027	0.0027	0.0027	0.0027	0.0057	0.0027	0.0058	0.0027	0.0027	0.0062	0.0027	0.0027	0.0027	0.0027	0.0055	0.0027	0.0092	0.0027	0.0027	0.0027	0.0027	0.0027	0.0027	0.0055	0.0058	0.0027	0.0027	0.0027	0.0027	0.0027	0.0057	0.0058	0.0027	0.0027	0.0027	0.0027	0.0027	0.0027	0.0055	0.0027	0.0027	0.0027	0.0027	0.0027	0.0027	0.0062	0.0027	0.0027	0.0092	0.0058	0.0027	0.0027	0.0055	0.0027	0.0027	0.0027	0.0027	0.0055	0.0058	0.0027	0.0027	0.0027	0.0062	0.0027	0.0027	0.0027	0.0027	0.0027	0.0027	0.0027	0.0027	0.0027	0.0027	0.0057	0.0027	0.0071	0.0027	0.0027	0.0027	0.0027	0.0027	0.0055	0.0027	0.0027	0.0027	0.0027	0.0027	0.0027	0.0055	0.0027	0.0027	0.0055	0.0027	0.0027	0.0027	0.0092	0.0107	0.0027	0.0361	0.0027	0.0027	0.0027	0.0057	0.0055	0.0055	0.0027	0.0027	0.0027	0.0027	0.0027	0.006	0.0098	0.0027	0.0027	0.0027	0.0027	0.0027	0.0055	0.0027	0.0058	0.0027	0.0027	0.0361	0.0027	0.0027	0.0027	0.0027	0.0055	0.0027	0.0027	0.0107	0.0027	0.0027	0.0027	0.0027	0.0027	0.0027	0.0027	0.0057	0.0055	0.0027	0.0027	0.0027	0.0027	0.006	0.0057	0.0027	0.0027	0.0057	0.0027	0.0027	0.0027	0.0027	0.0027	0.006	0.0027	0.0055	0.0027	0.0055	0.0027	0.0027	0.0027	0.0027	0.0027	0.0065	0.0027	0.0027	0.0027	0.0027	0.0027	0.0027	0.0027	0.0027	0.0071	0.0057	0.006	0.0027	0.0027	0.0027	0.0027	0.0027	0.0027	0.0027	0.0027	0.0027	0.0065	0.0027	0.0027	0.0027	0.0027	0.0027	0.0027	0.0027	0.0027	0.0058	0.0027	0.0027	0.0055	0.036	0.0027	0.006	0.0027	0.0027	0.0027	0.0092	0.0027	0.0027	0.0027	0.0057	0.0027	0.0027	0.0055	0.0055	0.0027	0.0055	0.0027	0.0027	0.0027	0.0027	0.0027	0.0027	0.0027	0.0027	0.0027	0.0027	0.0027	0.0027	0.0062	0.0027	0.0027	0.0027	0.0062	0.0027	0.0027	0.0027	0.0027	0.0107	0.0027	0.0027	0.0027	0.0058	0.0027	0.0027	0.0027	0.0027	0.0055	0.0055	0.0027	0.0027	0.0027	0.0055	0.0027	0.0027	0.0027	0.0098	0.006	0.0027	0.0027	0.0027	0.0027	0.0027	0.0027	0.0107	0.0027	0.0071	0.036	0.0027	0.0027	0.0027	0.0092	0.0027	0.0071	0.0065	0.0045	0.0045	0.0045	0.0045	0.0045	0.0045	0.0045	0.0045	0.0045	0.0045	0.0045	0.0045	0.0045	0.0045	0.0045	0.0045	0.0045	0.0045	0.0045	0.0045	0.0045	0.0045	0.0045	0.0045	0.0045	0.0045	0.0045	0.0045	0.0045	0.0045	0.0045	0.0045	0.0045	0.0045	0.0045	0.0045	0.0045	0.0045	0.0045	0.0045	0.0045	0.0045	0.0045	0.0045	0.0045	0.0045	0.0045	0.0045	0.0045	0.0045	0.0045	0.0045	0.0045	0.0045	0.0045	0.0045	0.0045	0.0045	0.0045	0.0045	0.0045	0.0045	0.0045	0.0045	0.0045	0.0045	0.0045	0.0045	0.0045	0.0045	0.0045	0.0045	0.0045	0.0045	0.0045	0.0045	0.0045	0.0045	0.0045	0.0045	0.0045
22	0.9446	0.9446	0.9446	0.9446	0.9446	0.9283	0.9283	0.9283	0.9283	0.9283	0.9283	0.9283	0.9283	0.9283	0.9283	0.9283	0.9283	0.9283	0.0147	0.0147	0.0147	0.0147	0.0147	0.0147	0.0147	0.0147	0.0165	0.0147	0.0147	0.0147	0.0147	0.0147	0.0147	0.017	0.0147	0.0147	0.0147	0.0147	0.0162	0.0147	0.0353	0.0147	0.0147	0.0147	0.0147	0.0147	0.0147	0.0147	0.0147	0.0201	0.0147	0.0147	0.0147	0.0165	0.0147	0.0147	0.0147	0.0228	0.0147	0.0147	0.0147	0.0147	0.0147	0.0147	0.0147	0.0147	0.0147	0.0147	0.0147	0.0147	0.0208	0.0147	0.0147	0.0147	0.0147	0.0147	0.0147	0.0238	0.0147	0.0147	0.0147	0.0147	0.017	0.0147	0.0158	0.0078	0.0147	0.0147	0.0147	0.0147	0.0147	0.0147	0.0208	0.1143	0.0147	0.0147	0.0147	0.0353	0.0147	0.0147	0.0147	0.0147	0.0147	0.017	0.0147	0.0147	0.0147	0.0147	0.0147	0.0147	0.0147	0.0147	0.0147	0.0147	0.0147	0.0228	0.0147	0.0147	0.0147	0.0165	0.0165	0.0147	0.0147	0.017	0.0162	0.0147	0.0147	0.0147	0.0147	0.0238	0.0215	0.0147	0.0147	0.0162	0.0215	0.0147	0.0147	0.0147	0.0147	0.0147	0.0147	0.0147	0.0147	0.0147	0.0147	0.0147	0.0147	0.0147	0.0147	0.0147	0.0147	0.0147	0.0147	0.0147	0.0353	0.0147	0.0147	0.0162	0.0147	0.0147	0.0165	0.0147	0.0147	0.0147	0.0147	0.0147	0.0215	0.0147	0.0147	0.0238	0.017	0.0147	0.017	0.0147	0.0165	0.0147	0.017	0.0165	0.0147	0.0147	0.0147	0.0147	0.0147	0.0147	0.0165	0.0147	0.0162	0.0228	0.0147	0.0147	0.0147	0.0228	0.0165	0.0147	0.0147	0.0147	0.0147	0.0147	0.0147	0.0133	0.0147	0.0147	0.0147	0.0147	0.0147	0.0201	0.0147	0.0147	0.0147	0.0147	0.0147	0.0147	0.0147	0.0147	0.0165	0.0147	0.0147	0.0147	0.0147	0.0165	0.0147	0.0147	0.0147	0.0228	0.0147	0.0147	0.0162	0.0147	0.0147	0.0147	0.0147	0.0165	0.0162	0.0147	0.0201	0.0147	0.0147	0.0162	0.0201	0.0147	0.0147	0.0147	0.0147	0.0147	0.0228	0.0147	0.0147	0.0147	0.0147	0.0147	0.0133	0.0147	0.0228	0.0147	0.0147	0.0158	0.0147	0.0147	0.0147	0.0147	0.0165	0.0147	0.0201	0.0147	0.0147	0.0147	0.0147	0.0147	0.0147	0.0162	0.0228	0.0147	0.0147	0.0147	0.0147	0.0147	0.0133	0.0228	0.0147	0.0147	0.0147	0.0147	0.0147	0.0147	0.0165	0.0147	0.0147	0.0147	0.0147	0.0147	0.0147	0.0158	0.0147	0.0147	0.0201	0.0228	0.0147	0.0147	0.0165	0.0147	0.0147	0.0147	0.0147	0.0162	0.0228	0.0147	0.0147	0.0147	0.0238	0.0147	0.0147	0.0147	0.0147	0.0147	0.0147	0.0147	0.0147	0.0147	0.0147	0.0133	0.0147	0.0208	0.0147	0.0147	0.0147	0.0147	0.0147	0.0165	0.0147	0.0147	0.0147	0.0147	0.0147	0.0147	0.0165	0.0147	0.0147	0.0165	0.0147	0.0147	0.0147	0.0201	0.025	0.0147	0.0078	0.0147	0.0147	0.0147	0.0133	0.0162	0.0165	0.0147	0.0147	0.0147	0.0147	0.0147	0.017	0.0215	0.0147	0.0147	0.0147	0.0147	0.0147	0.0165	0.0147	0.0228	0.0147	0.0147	0.0078	0.0147	0.0147	0.0147	0.0147	0.0162	0.0147	0.0147	0.025	0.0147	0.0147	0.0147	0.0147	0.0147	0.0147	0.0147	0.0133	0.0165	0.0147	0.0147	0.0147	0.0147	0.017	0.0133	0.0147	0.0147	0.0133	0.0147	0.0147	0.0147	0.0147	0.0147	0.017	0.0147	0.0165	0.0147	0.0165	0.0147	0.0147	0.0147	0.0147	0.0147	0.0219	0.0147	0.0147	0.0147	0.0147	0.0147	0.0147	0.0147	0.0147	0.0208	0.0133	0.017	0.0147	0.0147	0.0147	0.0147	0.0147	0.0147	0.0147	0.0147	0.0147	0.0219	0.0147	0.0147	0.0147	0.0147	0.0147	0.0147	0.0147	0.0147	0.0228	0.0147	0.0147	0.0162	0.1143	0.0147	0.017	0.0147	0.0147	0.0147	0.0201	0.0147	0.0147	0.0147	0.0133	0.0147	0.0147	0.0165	0.0165	0.0147	0.0165	0.0147	0.0147	0.0147	0.0147	0.0147	0.0147	0.0147	0.0147	0.0147	0.0147	0.0147	0.0147	0.0238	0.0147	0.0147	0.0147	0.0158	0.0147	0.0147	0.0147	0.0147	0.025	0.0147	0.0147	0.0147	0.0228	0.0147	0.0147	0.0147	0.0147	0.0162	0.0162	0.0147	0.0147	0.0147	0.0162	0.0147	0.0147	0.0147	0.0215	0.017	0.0147	0.0147	0.0147	0.0147	0.0147	0.0147	0.025	0.0147	0.0208	0.1143	0.0147	0.0147	0.0147	0.0201	0.0147	0.0208	0.0219	0.042	0.042	0.042	0.042	0.042	0.042	0.042	0.042	0.042	0.042	0.042	0.042	0.042	0.042	0.042	0.042	0.042	0.042	0.042	0.042	0.042	0.042	0.042	0.042	0.042	0.042	0.042	0.042	0.042	0.042	0.042	0.042	0.042	0.042	0.042	0.042	0.042	0.042	0.042	0.042	0.042	0.042	0.042	0.042	0.042	0.042	0.042	0.042	0.042	0.042	0.042	0.042	0.042	0.042	0.042	0.042	0.042	0.042	0.042	0.042	0.042	0.042	0.042	0.042	0.042	0.042	0.042	0.042	0.042	0.042	0.042	0.042	0.042	0.042	0.042	0.042	0.042	0.042	0.042	0.042	0.042
23	0.2431	0.2431	0.2431	0.2431	0.2431	0.0341	0.0341	0.0341	0.0341	0.0341	0.0341	0.0341	0.0341	0.0341	0.0341	0.0341	0.0341	0.0341	0.0115	0.0115	0.0115	0.0115	0.0115	0.0115	0.0115	0.0115	0.0088	0.0115	0.0115	0.0115	0.0115	0.0115	0.0115	0.008	0.0115	0.0115	0.0115	0.0115	0.0102	0.0115	0.0105	0.0115	0.0115	0.0115	0.0115	0.0115	0.0115	0.0115	0.0115	0.0087	0.0115	0.0115	0.0115	0.0088	0.0115	0.0115	0.0115	0.0068	0.0115	0.0115	0.0115	0.0115	0.0115	0.0115	0.0115	0.0115	0.0115	0.0115	0.0115	0.0115	0.0079	0.0115	0.0115	0.0115	0.0115	0.0115	0.0115	0.0084	0.0115	0.0115	0.0115	0.0115	0.008	0.0115	0.012	0.0973	0.0115	0.0115	0.0115	0.0115	0.0115	0.0115	0.0079	0.1045	0.0115	0.0115	0.0115	0.0105	0.0115	0.0115	0.0115	0.0115	0.0115	0.008	0.0115	0.0115	0.0115	0.0115	0.0115	0.0115	0.0115	0.0115	0.0115	0.0115	0.0115	0.0068	0.0115	0.0115	0.0115	0.0088	0.0088	0.0115	0.0115	0.008	0.0102	0.0115	0.0115	0.0115	0.0115	0.0084	0.0102	0.0115	0.0115	0.0102	0.0102	0.0115	0.0115	0.0115	0.0115	0.0115	0.0115	0.0115	0.0115	0.0115	0.0115	0.0115	0.0115	0.0115	0.0115	0.0115	0.0115	0.0115	0.0115	0.0115	0.0105	0.0115	0.0115	0.0102	0.0115	0.0115	0.0088	0.0115	0.0115	0.0115	0.0115	0.0115	0.0102	0.0115	0.0115	0.0084	0.008	0.0115	0.008	0.0115	0.0088	0.0115	0.008	0.0088	0.0115	0.0115	0.0115	0.0115	0.0115	0.0115	0.0088	0.0115	0.0102	0.0068	0.0115	0.0115	0.0115	0.0068	0.0088	0.0115	0.0115	0.0115	0.0115	0.0115	0.0115	0.0076	0.0115	0.0115	0.0115	0.0115	0.0115	0.0087	0.0115	0.0115	0.0115	0.0115	0.0115	0.0115	0.0115	0.0115	0.0088	0.0115	0.0115	0.0115	0.0115	0.0088	0.0115	0.0115	0.0115	0.0068	0.0115	0.0115	0.0102	0.0115	0.0115	0.0115	0.0115	0.0088	0.0102	0.0115	0.0087	0.0115	0.0115	0.0102	0.0087	0.0115	0.0115	0.0115	0.0115	0.0115	0.0068	0.0115	0.0115	0.0115	0.0115	0.0115	0.0076	0.0115	0.0068	0.0115	0.0115	0.012	0.0115	0.0115	0.0115	0.0115	0.0088	0.0115	0.0087	0.0115	0.0115	0.0115	0.0115	0.0115	0.0115	0.0102	0.0068	0.0115	0.0115	0.0115	0.0115	0.0115	0.0076	0.0068	0.0115	0.0115	0.0115	0.0115	0.0115	0.0115	0.0088	0.0115	0.0115	0.0115	0.0115	0.0115	0.0115	0.012	0.0115	0.0115	0.0087	0.0068	0.0115	0.0115	0.0088	0.0115	0.0115	0.0115	0.0115	0.0102	0.0068	0.0115	0.0115	0.0115	0.0084	0.0115	0.0115	0.0115	0.0115	0.0115	0.0115	0.0115	0.0115	0.0115	0.0115	0.0076	0.0115	0.0079	0.0115	0.0115	0.0115	0.0115	0.0115	0.0088	0.0115	0.0115	0.0115	0.0115	0.0115	0.0115	0.0088	0.0115	0.0115	0.0088	0.0115	0.0115	0.0115	0.0087	0.0099	0.0115	0.0973	0.0115	0.0115	0.0115	0.0076	0.0102	0.0088	0.0115	0.0115	0.0115	0.0115	0.0115	0.008	0.0102	0.0115	0.0115	0.0115	0.0115	0.0115	0.0088	0.0115	0.0068	0.0115	0.0115	0.0973	0.0115	0.0115	0.0115	0.0115	0.0102	0.0115	0.0115	0.0099	0.0115	0.0115	0.0115	0.0115	0.0115	0.0115	0.0115	0.0076	0.0088	0.0115	0.0115	0.0115	0.0115	0.008	0.0076	0.0115	0.0115	0.0076	0.0115	0.0115	0.0115	0.0115	0.0115	0.008	0.0115	0.0088	0.0115	0.0088	0.0115	0.0115	0.0115	0.0115	0.0115	0.0353	0.0115	0.0115	0.0115	0.0115	0.0115	0.0115	0.0115	0.0115	0.0079	0.0076	0.008	0.0115	0.0115	0.0115	0.0115	0.0115	0.0115	0.0115	0.0115	0.0115	0.0353	0.0115	0.0115	0.0115	0.0115	0.0115	0.0115	0.0115	0.0115	0.0068	0.0115	0.0115	0.0102	0.1045	0.0115	0.008	0.0115	0.0115	0.0115	0.0087	0.0115	0.0115	0.0115	0.0076	0.0115	0.0115	0.0088	0.0088	0.0115	0.0088	0.0115	0.0115	0.0115	0.0115	0.0115	0.0115	0.0115	0.0115	0.0115	0.0115	0.0115	0.0115	0.0084	0.0115	0.0115	0.0115	0.012	0.0115	0.0115	0.0115	0.0115	0.0099	0.0115	0.0115	0.0115	0.0068	0.0115	0.0115	0.0115	0.0115	0.0102	0.0102	0.0115	0.0115	0.0115	0.0102	0.0115	0.0115	0.0115	0.0102	0.008	0.0115	0.0115	0.0115	0.0115	0.0115	0.0115	0.0099	0.0115	0.0079	0.1045	0.0115	0.0115	0.0115	0.0087	0.0115	0.0079	0.0353	0.0061	0.0061	0.0061	0.0061	0.0061	0.0061	0.0061	0.0061	0.0061	0.0061	0.0061	0.0061	0.0061	0.0061	0.0061	0.0061	0.0061	0.0061	0.0061	0.0061	0.0061	0.0061	0.0061	0.0061	0.0061	0.0061	0.0061	0.0061	0.0061	0.0061	0.0061	0.0061	0.0061	0.0061	0.0061	0.0061	0.0061	0.0061	0.0061	0.0061	0.0061	0.0061	0.0061	0.0061	0.0061	0.0061	0.0061	0.0061	0.0061	0.0061	0.0061	0.0061	0.0061	0.0061	0.0061	0.0061	0.0061	0.0061	0.0061	0.0061	0.0061	0.0061	0.0061	0.0061	0.0061	0.0061	0.0061	0.0061	0.0061	0.0061	0.0061	0.0061	0.0061	0.0061	0.0061	0.0061	0.0061	0.0061	0.0061	0.0061	0.0061
24	0.1032	0.1032	0.1032	0.1032	0.1032	0.021	0.021	0.021	0.021	0.021	0.021	0.021	0.021	0.021	0.021	0.021	0.021	0.021	0.0211	0.0211	0.0211	0.0211	0.0211	0.0211	0.0211	0.0211	0.024	0.0211	0.0211	0.0211	0.0211	0.0211	0.0211	0.0181	0.0211	0.0211	0.0211	0.0211	0.0202	0.0211	0.0212	0.0211	0.0211	0.0211	0.0211	0.0211	0.0211	0.0211	0.0211	0.0186	0.0211	0.0211	0.0211	0.024	0.0211	0.0211	0.0211	0.0212	0.0211	0.0211	0.0211	0.0211	0.0211	0.0211	0.0211	0.0211	0.0211	0.0211	0.0211	0.0211	0.0225	0.0211	0.0211	0.0211	0.0211	0.0211	0.0211	0.0247	0.0211	0.0211	0.0211	0.0211	0.0181	0.0211	0.024	0.0254	0.0211	0.0211	0.0211	0.0211	0.0211	0.0211	0.0225	0.1112	0.0211	0.0211	0.0211	0.0212	0.0211	0.0211	0.0211	0.0211	0.0211	0.0181	0.0211	0.0211	0.0211	0.0211	0.0211	0.0211	0.0211	0.0211	0.0211	0.0211	0.0211	0.0212	0.0211	0.0211	0.0211	0.024	0.024	0.0211	0.0211	0.0181	0.0202	0.0211	0.0211	0.0211	0.0211	0.0247	0.0246	0.0211	0.0211	0.0202	0.0246	0.0211	0.0211	0.0211	0.0211	0.0211	0.0211	0.0211	0.0211	0.0211	0.0211	0.0211	0.0211	0.0211	0.0211	0.0211	0.0211	0.0211	0.0211	0.0211	0.0212	0.0211	0.0211	0.0202	0.0211	0.0211	0.024	0.0211	0.0211	0.0211	0.0211	0.0211	0.0246	0.0211	0.0211	0.0247	0.0181	0.0211	0.0181	0.0211	0.024	0.0211	0.0181	0.024	0.0211	0.0211	0.0211	0.0211	0.0211	0.0211	0.024	0.0211	0.0202	0.0212	0.0211	0.0211	0.0211	0.0212	0.024	0.0211	0.0211	0.0211	0.0211	0.0211	0.0211	0.0265	0.0211	0.0211	0.0211	0.0211	0.0211	0.0186	0.0211	0.0211	0.0211	0.0211	0.0211	0.0211	0.0211	0.0211	0.024	0.0211	0.0211	0.0211	0.0211	0.024	0.0211	0.0211	0.0211	0.0212	0.0211	0.0211	0.0202	0.0211	0.0211	0.0211	0.0211	0.024	0.0202	0.0211	0.0186	0.0211	0.0211	0.0202	0.0186	0.0211	0.0211	0.0211	0.0211	0.0211	0.0212	0.0211	0.0211	0.0211	0.0211	0.0211	0.0265	0.0211	0.0212	0.0211	0.0211	0.024	0.0211	0.0211	0.0211	0.0211	0.024	0.0211	0.0186	0.0211	0.0211	0.0211	0.0211	0.0211	0.0211	0.0202	0.0212	0.0211	0.0211	0.0211	0.0211	0.0211	0.0265	0.0212	0.0211	0.0211	0.0211	0.0211	0.0211	0.0211	0.024	0.0211	0.0211	0.0211	0.0211	0.0211	0.0211	0.024	0.0211	0.0211	0.0186	0.0212	0.0211	0.0211	0.024	0.0211	0.0211	0.0211	0.0211	0.0202	0.0212	0.0211	0.0211	0.0211	0.0247	0.0211	0.0211	0.0211	0.0211	0.0211	0.0211	0.0211	0.0211	0.0211	0.0211	0.0265	0.0211	0.0225	0.0211	0.0211	0.0211	0.0211	0.0211	0.024	0.0211	0.0211	0.0211	0.0211	0.0211	0.0211	0.024	0.0211	0.0211	0.024	0.0211	0.0211	0.0211	0.0186	0.0153	0.0211	0.0254	0.0211	0.0211	0.0211	0.0265	0.0202	0.024	0.0211	0.0211	0.0211	0.0211	0.0211	0.0181	0.0246	0.0211	0.0211	0.0211	0.0211	0.0211	0.024	0.0211	0.0212	0.0211	0.0211	0.0254	0.0211	0.0211	0.0211	0.0211	0.0202	0.0211	0.0211	0.0153	0.0211	0.0211	0.0211	0.0211	0.0211	0.0211	0.0211	0.0265	0.024	0.0211	0.0211	0.0211	0.0211	0.0181	0.0265	0.0211	0.0211	0.0265	0.0211	0.0211	0.0211	0.0211	0.0211	0.0181	0.0211	0.024	0.0211	0.024	0.0211	0.0211	0.0211	0.0211	0.0211	0.0278	0.0211	0.0211	0.0211	0.0211	0.0211	0.0211	0.0211	0.0211	0.0225	0.0265	0.0181	0.0211	0.0211	0.0211	0.0211	0.0211	0.0211	0.0211	0.0211	0.0211	0.0278	0.0211	0.0211	0.0211	0.0211	0.0211	0.0211	0.0211	0.0211	0.0212	0.0211	0.0211	0.0202	0.1112	0.0211	0.0181	0.0211	0.0211	0.0211	0.0186	0.0211	0.0211	0.0211	0.0265	0.0211	0.0211	0.024	0.024	0.0211	0.024	0.0211	0.0211	0.0211	0.0211	0.0211	0.0211	0.0211	0.0211	0.0211	0.0211	0.0211	0.0211	0.0247	0.0211	0.0211	0.0211	0.024	0.0211	0.0211	0.0211	0.0211	0.0153	0.0211	0.0211	0.0211	0.0212	0.0211	0.0211	0.0211	0.0211	0.0202	0.0202	0.0211	0.0211	0.0211	0.0202	0.0211	0.0211	0.0211	0.0246	0.0181	0.0211	0.0211	0.0211	0.0211	0.0211	0.0211	0.0153	0.0211	0.0225	0.1112	0.0211	0.0211	0.0211	0.0186	0.0211	0.0225	0.0278	0.034	0.034	0.034	0.034	0.034	0.034	0.034	0.034	0.034	0.034	0.034	0.034	0.034	0.034	0.034	0.034	0.034	0.034	0.034	0.034	0.034	0.034	0.034	0.034	0.034	0.034	0.034	0.034	0.034	0.034	0.034	0.034	0.034	0.034	0.034	0.034	0.034	0.034	0.034	0.034	0.034	0.034	0.034	0.034	0.034	0.034	0.034	0.034	0.034	0.034	0.034	0.034	0.034	0.034	0.034	0.034	0.034	0.034	0.034	0.034	0.034	0.034	0.034	0.034	0.034	0.034	0.034	0.034	0.034	0.034	0.034	0.034	0.034	0.034	0.034	0.034	0.034	0.034	0.034	0.034	0.034
25	0.0571	0.0571	0.0571	0.0571	0.0571	0.0212	0.0212	0.0212	0.0212	0.0212	0.0212	0.0212	0.0212	0.0212	0.0212	0.0212	0.0212	0.0212	0.0275	0.0275	0.0275	0.0275	0.0275	0.0275	0.0275	0.0275	0.019	0.0275	0.0275	0.0275	0.0275	0.0275	0.0275	0.0158	0.0275	0.0275	0.0275	0.0275	0.0235	0.0275	0.0234	0.0275	0.0275	0.0275	0.0275	0.0275	0.0275	0.0275	0.0275	0.0182	0.0275	0.0275	0.0275	0.019	0.0275	0.0275	0.0275	0.0286	0.0275	0.0275	0.0275	0.0275	0.0275	0.0275	0.0275	0.0275	0.0275	0.0275	0.0275	0.0275	0.0328	0.0275	0.0275	0.0275	0.0275	0.0275	0.0275	0.0228	0.0275	0.0275	0.0275	0.0275	0.0158	0.0275	0.0203	0.0027	0.0275	0.0275	0.0275	0.0275	0.0275	0.0275	0.0328	0.1007	0.0275	0.0275	0.0275	0.0234	0.0275	0.0275	0.0275	0.0275	0.0275	0.0158	0.0275	0.0275	0.0275	0.0275	0.0275	0.0275	0.0275	0.0275	0.0275	0.0275	0.0275	0.0286	0.0275	0.0275	0.0275	0.019	0.019	0.0275	0.0275	0.0158	0.0235	0.0275	0.0275	0.0275	0.0275	0.0228	0.0201	0.0275	0.0275	0.0235	0.0201	0.0275	0.0275	0.0275	0.0275	0.0275	0.0275	0.0275	0.0275	0.0275	0.0275	0.0275	0.0275	0.0275	0.0275	0.0275	0.0275	0.0275	0.0275	0.0275	0.0234	0.0275	0.0275	0.0235	0.0275	0.0275	0.019	0.0275	0.0275	0.0275	0.0275	0.0275	0.0201	0.0275	0.0275	0.0228	0.0158	0.0275	0.0158	0.0275	0.019	0.0275	0.0158	0.019	0.0275	0.0275	0.0275	0.0275	0.0275	0.0275	0.019	0.0275	0.0235	0.0286	0.0275	0.0275	0.0275	0.0286	0.019	0.0275	0.0275	0.0275	0.0275	0.0275	0.0275	0.0279	0.0275	0.0275	0.0275	0.0275	0.0275	0.0182	0.0275	0.0275	0.0275	0.0275	0.0275	0.0275	0.0275	0.0275	0.019	0.0275	0.0275	0.0275	0.0275	0.019	0.0275	0.0275	0.0275	0.0286	0.0275	0.0275	0.0235	0.0275	0.0275	0.0275	0.0275	0.019	0.0235	0.0275	0.0182	0.0275	0.0275	0.0235	0.0182	0.0275	0.0275	0.0275	0.0275	0.0275	0.0286	0.0275	0.0275	0.0275	0.0275	0.0275	0.0279	0.0275	0.0286	0.0275	0.0275	0.0203	0.0275	0.0275	0.0275	0.0275	0.019	0.0275	0.0182	0.0275	0.0275	0.0275	0.0275	0.0275	0.0275	0.0235	0.0286	0.0275	0.0275	0.0275	0.0275	0.0275	0.0279	0.0286	0.0275	0.0275	0.0275	0.0275	0.0275	0.0275	0.019	0.0275	0.0275	0.0275	0.0275	0.0275	0.0275	0.0203	0.0275	0.0275	0.0182	0.0286	0.0275	0.0275	0.019	0.0275	0.0275	0.0275	0.0275	0.0235	0.0286	0.0275	0.0275	0.0275	0.0228	0.0275	0.0275	0.0275	0.0275	0.0275	0.0275	0.0275	0.0275	0.0275	0.0275	0.0279	0.0275	0.0328	0.0275	0.0275	0.0275	0.0275	0.0275	0.019	0.0275	0.0275	0.0275	0.0275	0.0275	0.0275	0.019	0.0275	0.0275	0.019	0.0275	0.0275	0.0275	0.0182	0.0378	0.0275	0.0027	0.0275	0.0275	0.0275	0.0279	0.0235	0.019	0.0275	0.0275	0.0275	0.0275	0.0275	0.0158	0.0201	0.0275	0.0275	0.0275	0.0275	0.0275	0.019	0.0275	0.0286	0.0275	0.0275	0.0027	0.0275	0.0275	0.0275	0.0275	0.0235	0.0275	0.0275	0.0378	0.0275	0.0275	0.0275	0.0275	0.0275	0.0275	0.0275	0.0279	0.019	0.0275	0.0275	0.0275	0.0275	0.0158	0.0279	0.0275	0.0275	0.0279	0.0275	0.0275	0.0275	0.0275	0.0275	0.0158	0.0275	0.019	0.0275	0.019	0.0275	0.0275	0.0275	0.0275	0.0275	0.0255	0.0275	0.0275	0.0275	0.0275	0.0275	0.0275	0.0275	0.0275	0.0328	0.0279	0.0158	0.0275	0.0275	0.0275	0.0275	0.0275	0.0275	0.0275	0.0275	0.0275	0.0255	0.0275	0.0275	0.0275	0.0275	0.0275	0.0275	0.0275	0.0275	0.0286	0.0275	0.0275	0.0235	0.1007	0.0275	0.0158	0.0275	0.0275	0.0275	0.0182	0.0275	0.0275	0.0275	0.0279	0.0275	0.0275	0.019	0.019	0.0275	0.019	0.0275	0.0275	0.0275	0.0275	0.0275	0.0275	0.0275	0.0275	0.0275	0.0275	0.0275	0.0275	0.0228	0.0275	0.0275	0.0275	0.0203	0.0275	0.0275	0.0275	0.0275	0.0378	0.0275	0.0275	0.0275	0.0286	0.0275	0.0275	0.0275	0.0275	0.0235	0.0235	0.0275	0.0275	0.0275	0.0235	0.0275	0.0275	0.0275	0.0201	0.0158	0.0275	0.0275	0.0275	0.0275	0.0275	0.0275	0.0378	0.0275	0.0328	0.1007	0.0275	0.0275	0.0275	0.0182	0.0275	0.0328	0.0255	0.0044	0.0044	0.0044	0.0044	0.0044	0.0044	0.0044	0.0044	0.0044	0.0044	0.0044	0.0044	0.0044	0.0044	0.0044	0.0044	0.0044	0.0044	0.0044	0.0044	0.0044	0.0044	0.0044	0.0044	0.0044	0.0044	0.0044	0.0044	0.0044	0.0044	0.0044	0.0044	0.0044	0.0044	0.0044	0.0044	0.0044	0.0044	0.0044	0.0044	0.0044	0.0044	0.0044	0.0044	0.0044	0.0044	0.0044	0.0044	0.0044	0.0044	0.0044	0.0044	0.0044	0.0044	0.0044	0.0044	0.0044	0.0044	0.0044	0.0044	0.0044	0.0044	0.0044	0.0044	0.0044	0.0044	0.0044	0.0044	0.0044	0.0044	0.0044	0.0044	0.0044	0.0044	0.0044	0.0044	0.0044	0.0044	0.0044	0.0044	0.0044
26	0.0749	0.0749	0.0749	0.0749	0.0749	0.0874	0.0874	0.0874	0.0874	0.0874	0.0874	0.0874	0.0874	0.0874	0.0874	0.0874	0.0874	0.0874	0.0097	0.0097	0.0097	0.0097	0.0097	0.0097	0.0097	0.0097	0.0069	0.0097	0.0097	0.0097	0.0097	0.0097	0.0097	0.0066	0.0097	0.0097	0.0097	0.0097	0.0074	0.0097	0.0129	0.0097	0.0097	0.0097	0.0097	0.0097	0.0097	0.0097	0.0097	0.0126	0.0097	0.0097	0.0097	0.0069	0.0097	0.0097	0.0097	0.0061	0.0097	0.0097	0.0097	0.0097	0.0097	0.0097	0.0097	0.0097	0.0097	0.0097	0.0097	0.0097	0.0068	0.0097	0.0097	0.0097	0.0097	0.0097	0.0097	0.0118	0.0097	0.0097	0.0097	0.0097	0.0066	0.0097	0.0055	0.0081	0.0097	0.0097	0.0097	0.0097	0.0097	0.0097	0.0068	0.0716	0.0097	0.0097	0.0097	0.0129	0.0097	0.0097	0.0097	0.0097	0.0097	0.0066	0.0097	0.0097	0.0097	0.0097	0.0097	0.0097	0.0097	0.0097	0.0097	0.0097	0.0097	0.0061	0.0097	0.0097	0.0097	0.0069	0.0069	0.0097	0.0097	0.0066	0.0074	0.0097	0.0097	0.0097	0.0097	0.0118	0.0083	0.0097	0.0097	0.0074	0.0083	0.0097	0.0097	0.0097	0.0097	0.0097	0.0097	0.0097	0.0097	0.0097	0.0097	0.0097	0.0097	0.0097	0.0097	0.0097	0.0097	0.0097	0.0097	0.0097	0.0129	0.0097	0.0097	0.0074	0.0097	0.0097	0.0069	0.0097	0.0097	0.0097	0.0097	0.0097	0.0083	0.0097	0.0097	0.0118	0.0066	0.0097	0.0066	0.0097	0.0069	0.0097	0.0066	0.0069	0.0097	0.0097	0.0097	0.0097	0.0097	0.0097	0.0069	0.0097	0.0074	0.0061	0.0097	0.0097	0.0097	0.0061	0.0069	0.0097	0.0097	0.0097	0.0097	0.0097	0.0097	0.0058	0.0097	0.0097	0.0097	0.0097	0.0097	0.0126	0.0097	0.0097	0.0097	0.0097	0.0097	0.0097	0.0097	0.0097	0.0069	0.0097	0.0097	0.0097	0.0097	0.0069	0.0097	0.0097	0.0097	0.0061	0.0097	0.0097	0.0074	0.0097	0.0097	0.0097	0.0097	0.0069	0.0074	0.0097	0.0126	0.0097	0.0097	0.0074	0.0126	0.0097	0.0097	0.0097	0.0097	0.0097	0.0061	0.0097	0.0097	0.0097	0.0097	0.0097	0.0058	0.0097	0.0061	0.0097	0.0097	0.0055	0.0097	0.0097	0.0097	0.0097	0.0069	0.0097	0.0126	0.0097	0.0097	0.0097	0.0097	0.0097	0.0097	0.0074	0.0061	0.0097	0.0097	0.0097	0.0097	0.0097	0.0058	0.0061	0.0097	0.0097	0.0097	0.0097	0.0097	0.0097	0.0069	0.0097	0.0097	0.0097	0.0097	0.0097	0.0097	0.0055	0.0097	0.0097	0.0126	0.0061	0.0097	0.0097	0.0069	0.0097	0.0097	0.0097	0.0097	0.0074	0.0061	0.0097	0.0097	0.0097	0.0118	0.0097	0.0097	0.0097	0.0097	0.0097	0.0097	0.0097	0.0097	0.0097	0.0097	0.0058	0.0097	0.0068	0.0097	0.0097	0.0097	0.0097	0.0097	0.0069	0.0097	0.0097	0.0097	0.0097	0.0097	0.0097	0.0069	0.0097	0.0097	0.0069	0.0097	0.0097	0.0097	0.0126	0.0148	0.0097	0.0081	0.0097	0.0097	0.0097	0.0058	0.0074	0.0069	0.0097	0.0097	0.0097	0.0097	0.0097	0.0066	0.0083	0.0097	0.0097	0.0097	0.0097	0.0097	0.0069	0.0097	0.0061	0.0097	0.0097	0.0081	0.0097	0.0097	0.0097	0.0097	0.0074	0.0097	0.0097	0.0148	0.0097	0.0097	0.0097	0.0097	0.0097	0.0097	0.0097	0.0058	0.0069	0.0097	0.0097	0.0097	0.0097	0.0066	0.0058	0.0097	0.0097	0.0058	0.0097	0.0097	0.0097	0.0097	0.0097	0.0066	0.0097	0.0069	0.0097	0.0069	0.0097	0.0097	0.0097	0.0097	0.0097	0.0184	0.0097	0.0097	0.0097	0.0097	0.0097	0.0097	0.0097	0.0097	0.0068	0.0058	0.0066	0.0097	0.0097	0.0097	0.0097	0.0097	0.0097	0.0097	0.0097	0.0097	0.0184	0.0097	0.0097	0.0097	0.0097	0.0097	0.0097	0.0097	0.0097	0.0061	0.0097	0.0097	0.0074	0.0716	0.0097	0.0066	0.0097	0.0097	0.0097	0.0126	0.0097	0.0097	0.0097	0.0058	0.0097	0.0097	0.0069	0.0069	0.0097	0.0069	0.0097	0.0097	0.0097	0.0097	0.0097	0.0097	0.0097	0.0097	0.0097	0.0097	0.0097	0.0097	0.0118	0.0097	0.0097	0.0097	0.0055	0.0097	0.0097	0.0097	0.0097	0.0148	0.0097	0.0097	0.0097	0.0061	0.0097	0.0097	0.0097	0.0097	0.0074	0.0074	0.0097	0.0097	0.0097	0.0074	0.0097	0.0097	0.0097	0.0083	0.0066	0.0097	0.0097	0.0097	0.0097	0.0097	0.0097	0.0148	0.0097	0.0068	0.0716	0.0097	0.0097	0.0097	0.0126	0.0097	0.0068	0.0184	0.0044	0.0044	0.0044	0.0044	0.0044	0.0044	0.0044	0.0044	0.0044	0.0044	0.0044	0.0044	0.0044	0.0044	0.0044	0.0044	0.0044	0.0044	0.0044	0.0044	0.0044	0.0044	0.0044	0.0044	0.0044	0.0044	0.0044	0.0044	0.0044	0.0044	0.0044	0.0044	0.0044	0.0044	0.0044	0.0044	0.0044	0.0044	0.0044	0.0044	0.0044	0.0044	0.0044	0.0044	0.0044	0.0044	0.0044	0.0044	0.0044	0.0044	0.0044	0.0044	0.0044	0.0044	0.0044	0.0044	0.0044	0.0044	0.0044	0.0044	0.0044	0.0044	0.0044	0.0044	0.0044	0.0044	0.0044	0.0044	0.0044	0.0044	0.0044	0.0044	0.0044	0.0044	0.0044	0.0044	0.0044	0.0044	0.0044	0.0044	0.0044
27	0.0772	0.0772	0.0772	0.0772	0.0772	0.0419	0.0419	0.0419	0.0419	0.0419	0.0419	0.0419	0.0419	0.0419	0.0419	0.0419	0.0419	0.0419	0.0156	0.0156	0.0156	0.0156	0.0156	0.0156	0.0156	0.0156	0.019	0.0156	0.0156	0.0156	0.0156	0.0156	0.0156	0.0149	0.0156	0.0156	0.0156	0.0156	0.0321	0.0156	0.0173	0.0156	0.0156	0.0156	0.0156	0.0156	0.0156	0.0156	0.0156	0.0155	0.0156	0.0156	0.0156	0.019	0.0156	0.0156	0.0156	0.0159	0.0156	0.0156	0.0156	0.0156	0.0156	0.0156	0.0156	0.0156	0.0156	0.0156	0.0156	0.0156	0.0267	0.0156	0.0156	0.0156	0.0156	0.0156	0.0156	0.0195	0.0156	0.0156	0.0156	0.0156	0.0149	0.0156	0.0263	0.1734	0.0156	0.0156	0.0156	0.0156	0.0156	0.0156	0.0267	0.0079	0.0156	0.0156	0.0156	0.0173	0.0156	0.0156	0.0156	0.0156	0.0156	0.0149	0.0156	0.0156	0.0156	0.0156	0.0156	0.0156	0.0156	0.0156	0.0156	0.0156	0.0156	0.0159	0.0156	0.0156	0.0156	0.019	0.019	0.0156	0.0156	0.0149	0.0321	0.0156	0.0156	0.0156	0.0156	0.0195	0.0201	0.0156	0.0156	0.0321	0.0201	0.0156	0.0156	0.0156	0.0156	0.0156	0.0156	0.0156	0.0156	0.0156	0.0156	0.0156	0.0156	0.0156	0.0156	0.0156	0.0156	0.0156	0.0156	0.0156	0.0173	0.0156	0.0156	0.0321	0.0156	0.0156	0.019	0.0156	0.0156	0.0156	0.0156	0.0156	0.0201	0.0156	0.0156	0.0195	0.0149	0.0156	0.0149	0.0156	0.019	0.0156	0.0149	0.019	0.0156	0.0156	0.0156	0.0156	0.0156	0.0156	0.019	0.0156	0.0321	0.0159	0.0156	0.0156	0.0156	0.0159	0.019	0.0156	0.0156	0.0156	0.0156	0.0156	0.0156	0.0215	0.0156	0.0156	0.0156	0.0156	0.0156	0.0155	0.0156	0.0156	0.0156	0.0156	0.0156	0.0156	0.0156	0.0156	0.019	0.0156	0.0156	0.0156	0.0156	0.019	0.0156	0.0156	0.0156	0.0159	0.0156	0.0156	0.0321	0.0156	0.0156	0.0156	0.0156	0.019	0.0321	0.0156	0.0155	0.0156	0.0156	0.0321	0.0155	0.0156	0.0156	0.0156	0.0156	0.0156	0.0159	0.0156	0.0156	0.0156	0.0156	0.0156	0.0215	0.0156	0.0159	0.0156	0.0156	0.0263	0.0156	0.0156	0.0156	0.0156	0.019	0.0156	0.0155	0.0156	0.0156	0.0156	0.0156	0.0156	0.0156	0.0321	0.0159	0.0156	0.0156	0.0156	0.0156	0.0156	0.0215	0.0159	0.0156	0.0156	0.0156	0.0156	0.0156	0.0156	0.019	0.0156	0.0156	0.0156	0.0156	0.0156	0.0156	0.0263	0.0156	0.0156	0.0155	0.0159	0.0156	0.0156	0.019	0.0156	0.0156	0.0156	0.0156	0.0321	0.0159	0.0156	0.0156	0.0156	0.0195	0.0156	0.0156	0.0156	0.0156	0.0156	0.0156	0.0156	0.0156	0.0156	0.0156	0.0215	0.0156	0.0267	0.0156	0.0156	0.0156	0.0156	0.0156	0.019	0.0156	0.0156	0.0156	0.0156	0.0156	0.0156	0.019	0.0156	0.0156	0.019	0.0156	0.0156	0.0156	0.0155	0.0318	0.0156	0.1734	0.0156	0.0156	0.0156	0.0215	0.0321	0.019	0.0156	0.0156	0.0156	0.0156	0.0156	0.0149	0.0201	0.0156	0.0156	0.0156	0.0156	0.0156	0.019	0.0156	0.0159	0.0156	0.0156	0.1734	0.0156	0.0156	0.0156	0.0156	0.0321	0.0156	0.0156	0.0318	0.0156	0.0156	0.0156	0.0156	0.0156	0.0156	0.0156	0.0215	0.019	0.0156	0.0156	0.0156	0.0156	0.0149	0.0215	0.0156	0.0156	0.0215	0.0156	0.0156	0.0156	0.0156	0.0156	0.0149	0.0156	0.019	0.0156	0.019	0.0156	0.0156	0.0156	0.0156	0.0156	0.0259	0.0156	0.0156	0.0156	0.0156	0.0156	0.0156	0.0156	0.0156	0.0267	0.0215	0.0149	0.0156	0.0156	0.0156	0.0156	0.0156	0.0156	0.0156	0.0156	0.0156	0.0259	0.0156	0.0156	0.0156	0.0156	0.0156	0.0156	0.0156	0.0156	0.0159	0.0156	0.0156	0.0321	0.0079	0.0156	0.0149	0.0156	0.0156	0.0156	0.0155	0.0156	0.0156	0.0156	0.0215	0.0156	0.0156	0.019	0.019	0.0156	0.019	0.0156	0.0156	0.0156	0.0156	0.0156	0.0156	0.0156	0.0156	0.0156	0.0156	0.0156	0.0156	0.0195	0.0156	0.0156	0.0156	0.0263	0.0156	0.0156	0.0156	0.0156	0.0318	0.0156	0.0156	0.0156	0.0159	0.0156	0.0156	0.0156	0.0156	0.0321	0.0321	0.0156	0.0156	0.0156	0.0321	0.0156	0.0156	0.0156	0.0201	0.0149	0.0156	0.0156	0.0156	0.0156	0.0156	0.0156	0.0318	0.0156	0.0267	0.0079	0.0156	0.0156	0.0156	0.0155	0.0156	0.0267	0.0259	0.0158	0.0158	0.0158	0.0158	0.0158	0.0158	0.0158	0.0158	0.0158	0.0158	0.0158	0.0158	0.0158	0.0158	0.0158	0.0158	0.0158	0.0158	0.0158	0.0158	0.0158	0.0158	0.0158	0.0158	0.0158	0.0158	0.0158	0.0158	0.0158	0.0158	0.0158	0.0158	0.0158	0.0158	0.0158	0.0158	0.0158	0.0158	0.0158	0.0158	0.0158	0.0158	0.0158	0.0158	0.0158	0.0158	0.0158	0.0158	0.0158	0.0158	0.0158	0.0158	0.0158	0.0158	0.0158	0.0158	0.0158	0.0158	0.0158	0.0158	0.0158	0.0158	0.0158	0.0158	0.0158	0.0158	0.0158	0.0158	0.0158	0.0158	0.0158	0.0158	0.0158	0.0158	0.0158	0.0158	0.0158	0.0158	0.0158	0.0158	0.0158
28	0.0698	0.0698	0.0698	0.0698	0.0698	0.0291	0.0291	0.0291	0.0291	0.0291	0.0291	0.0291	0.0291	0.0291	0.0291	0.0291	0.0291	0.0291	0.0058	0.0058	0.0058	0.0058	0.0058	0.0058	0.0058	0.0058	0.01	0.0058	0.0058	0.0058	0.0058	0.0058	0.0058	0.0107	0.0058	0.0058	0.0058	0.0058	0.0085	0.0058	0.015	0.0058	0.0058	0.0058	0.0058	0.0058	0.0058	0.0058	0.0058	0.0094	0.0058	0.0058	0.0058	0.01	0.0058	0.0058	0.0058	0.0068	0.0058	0.0058	0.0058	0.0058	0.0058	0.0058	0.0058	0.0058	0.0058	0.0058	0.0058	0.0058	0.0082	0.0058	0.0058	0.0058	0.0058	0.0058	0.0058	0.0116	0.0058	0.0058	0.0058	0.0058	0.0107	0.0058	0.013	0.0004	0.0058	0.0058	0.0058	0.0058	0.0058	0.0058	0.0082	0.3737	0.0058	0.0058	0.0058	0.015	0.0058	0.0058	0.0058	0.0058	0.0058	0.0107	0.0058	0.0058	0.0058	0.0058	0.0058	0.0058	0.0058	0.0058	0.0058	0.0058	0.0058	0.0068	0.0058	0.0058	0.0058	0.01	0.01	0.0058	0.0058	0.0107	0.0085	0.0058	0.0058	0.0058	0.0058	0.0116	0.0126	0.0058	0.0058	0.0085	0.0126	0.0058	0.0058	0.0058	0.0058	0.0058	0.0058	0.0058	0.0058	0.0058	0.0058	0.0058	0.0058	0.0058	0.0058	0.0058	0.0058	0.0058	0.0058	0.0058	0.015	0.0058	0.0058	0.0085	0.0058	0.0058	0.01	0.0058	0.0058	0.0058	0.0058	0.0058	0.0126	0.0058	0.0058	0.0116	0.0107	0.0058	0.0107	0.0058	0.01	0.0058	0.0107	0.01	0.0058	0.0058	0.0058	0.0058	0.0058	0.0058	0.01	0.0058	0.0085	0.0068	0.0058	0.0058	0.0058	0.0068	0.01	0.0058	0.0058	0.0058	0.0058	0.0058	0.0058	0.0071	0.0058	0.0058	0.0058	0.0058	0.0058	0.0094	0.0058	0.0058	0.0058	0.0058	0.0058	0.0058	0.0058	0.0058	0.01	0.0058	0.0058	0.0058	0.0058	0.01	0.0058	0.0058	0.0058	0.0068	0.0058	0.0058	0.0085	0.0058	0.0058	0.0058	0.0058	0.01	0.0085	0.0058	0.0094	0.0058	0.0058	0.0085	0.0094	0.0058	0.0058	0.0058	0.0058	0.0058	0.0068	0.0058	0.0058	0.0058	0.0058	0.0058	0.0071	0.0058	0.0068	0.0058	0.0058	0.013	0.0058	0.0058	0.0058	0.0058	0.01	0.0058	0.0094	0.0058	0.0058	0.0058	0.0058	0.0058	0.0058	0.0085	0.0068	0.0058	0.0058	0.0058	0.0058	0.0058	0.0071	0.0068	0.0058	0.0058	0.0058	0.0058	0.0058	0.0058	0.01	0.0058	0.0058	0.0058	0.0058	0.0058	0.0058	0.013	0.0058	0.0058	0.0094	0.0068	0.0058	0.0058	0.01	0.0058	0.0058	0.0058	0.0058	0.0085	0.0068	0.0058	0.0058	0.0058	0.0116	0.0058	0.0058	0.0058	0.0058	0.0058	0.0058	0.0058	0.0058	0.0058	0.0058	0.0071	0.0058	0.0082	0.0058	0.0058	0.0058	0.0058	0.0058	0.01	0.0058	0.0058	0.0058	0.0058	0.0058	0.0058	0.01	0.0058	0.0058	0.01	0.0058	0.0058	0.0058	0.0094	0.007	0.0058	0.0004	0.0058	0.0058	0.0058	0.0071	0.0085	0.01	0.0058	0.0058	0.0058	0.0058	0.0058	0.0107	0.0126	0.0058	0.0058	0.0058	0.0058	0.0058	0.01	0.0058	0.0068	0.0058	0.0058	0.0004	0.0058	0.0058	0.0058	0.0058	0.0085	0.0058	0.0058	0.007	0.0058	0.0058	0.0058	0.0058	0.0058	0.0058	0.0058	0.0071	0.01	0.0058	0.0058	0.0058	0.0058	0.0107	0.0071	0.0058	0.0058	0.0071	0.0058	0.0058	0.0058	0.0058	0.0058	0.0107	0.0058	0.01	0.0058	0.01	0.0058	0.0058	0.0058	0.0058	0.0058	0.0607	0.0058	0.0058	0.0058	0.0058	0.0058	0.0058	0.0058	0.0058	0.0082	0.0071	0.0107	0.0058	0.0058	0.0058	0.0058	0.0058	0.0058	0.0058	0.0058	0.0058	0.0607	0.0058	0.0058	0.0058	0.0058	0.0058	0.0058	0.0058	0.0058	0.0068	0.0058	0.0058	0.0085	0.3737	0.0058	0.0107	0.0058	0.0058	0.0058	0.0094	0.0058	0.0058	0.0058	0.0071	0.0058	0.0058	0.01	0.01	0.0058	0.01	0.0058	0.0058	0.0058	0.0058	0.0058	0.0058	0.0058	0.0058	0.0058	0.0058	0.0058	0.0058	0.0116	0.0058	0.0058	0.0058	0.013	0.0058	0.0058	0.0058	0.0058	0.007	0.0058	0.0058	0.0058	0.0068	0.0058	0.0058	0.0058	0.0058	0.0085	0.0085	0.0058	0.0058	0.0058	0.0085	0.0058	0.0058	0.0058	0.0126	0.0107	0.0058	0.0058	0.0058	0.0058	0.0058	0.0058	0.007	0.0058	0.0082	0.3737	0.0058	0.0058	0.0058	0.0094	0.0058	0.0082	0.0607	0.0044	0.0044	0.0044	0.0044	0.0044	0.0044	0.0044	0.0044	0.0044	0.0044	0.0044	0.0044	0.0044	0.0044	0.0044	0.0044	0.0044	0.0044	0.0044	0.0044	0.0044	0.0044	0.0044	0.0044	0.0044	0.0044	0.0044	0.0044	0.0044	0.0044	0.0044	0.0044	0.0044	0.0044	0.0044	0.0044	0.0044	0.0044	0.0044	0.0044	0.0044	0.0044	0.0044	0.0044	0.0044	0.0044	0.0044	0.0044	0.0044	0.0044	0.0044	0.0044	0.0044	0.0044	0.0044	0.0044	0.0044	0.0044	0.0044	0.0044	0.0044	0.0044	0.0044	0.0044	0.0044	0.0044	0.0044	0.0044	0.0044	0.0044	0.0044	0.0044	0.0044	0.0044	0.0044	0.0044	0.0044	0.0044	0.0044	0.0044	0.0044
29	0.1393	0.1393	0.1393	0.1393	0.1393	0.014	0.014	0.014	0.014	0.014	0.014	0.014	0.014	0.014	0.014	0.014	0.014	0.014	0.0	0.0	0.0	0.0	0.0	0.0	0.0	0.0	0.0032	0.0	0.0	0.0	0.0	0.0	0.0	0.0045	0.0	0.0	0.0	0.0	0.0026	0.0	0.0063	0.0	0.0	0.0	0.0	0.0	0.0	0.0	0.0	0.0038	0.0	0.0	0.0	0.0032	0.0	0.0	0.0	0.0039	0.0	0.0	0.0	0.0	0.0	0.0	0.0	0.0	0.0	0.0	0.0	0.0	0.0039	0.0	0.0	0.0	0.0	0.0	0.0	0.0087	0.0	0.0	0.0	0.0	0.0045	0.0	0.0161	0.2643	0.0	0.0	0.0	0.0	0.0	0.0	0.0039	0.1731	0.0	0.0	0.0	0.0063	0.0	0.0	0.0	0.0	0.0	0.0045	0.0	0.0	0.0	0.0	0.0	0.0	0.0	0.0	0.0	0.0	0.0	0.0039	0.0	0.0	0.0	0.0032	0.0032	0.0	0.0	0.0045	0.0026	0.0	0.0	0.0	0.0	0.0087	0.0095	0.0	0.0	0.0026	0.0095	0.0	0.0	0.0	0.0	0.0	0.0	0.0	0.0	0.0	0.0	0.0	0.0	0.0	0.0	0.0	0.0	0.0	0.0	0.0	0.0063	0.0	0.0	0.0026	0.0	0.0	0.0032	0.0	0.0	0.0	0.0	0.0	0.0095	0.0	0.0	0.0087	0.0045	0.0	0.0045	0.0	0.0032	0.0	0.0045	0.0032	0.0	0.0	0.0	0.0	0.0	0.0	0.0032	0.0	0.0026	0.0039	0.0	0.0	0.0	0.0039	0.0032	0.0	0.0	0.0	0.0	0.0	0.0	0.0051	0.0	0.0	0.0	0.0	0.0	0.0038	0.0	0.0	0.0	0.0	0.0	0.0	0.0	0.0	0.0032	0.0	0.0	0.0	0.0	0.0032	0.0	0.0	0.0	0.0039	0.0	0.0	0.0026	0.0	0.0	0.0	0.0	0.0032	0.0026	0.0	0.0038	0.0	0.0	0.0026	0.0038	0.0	0.0	0.0	0.0	0.0	0.0039	0.0	0.0	0.0	0.0	0.0	0.0051	0.0	0.0039	0.0	0.0	0.0161	0.0	0.0	0.0	0.0	0.0032	0.0	0.0038	0.0	0.0	0.0	0.0	0.0	0.0	0.0026	0.0039	0.0	0.0	0.0	0.0	0.0	0.0051	0.0039	0.0	0.0	0.0	0.0	0.0	0.0	0.0032	0.0	0.0	0.0	0.0	0.0	0.0	0.0161	0.0	0.0	0.0038	0.0039	0.0	0.0	0.0032	0.0	0.0	0.0	0.0	0.0026	0.0039	0.0	0.0	0.0	0.0087	0.0	0.0	0.0	0.0	0.0	0.0	0.0	0.0	0.0	0.0	0.0051	0.0	0.0039	0.0	0.0	0.0	0.0	0.0	0.0032	0.0	0.0	0.0	0.0	0.0	0.0	0.0032	0.0	0.0	0.0032	0.0	0.0	0.0	0.0038	0.0048	0.0	0.2643	0.0	0.0	0.0	0.0051	0.0026	0.0032	0.0	0.0	0.0	0.0	0.0	0.0045	0.0095	0.0	0.0	0.0	0.0	0.0	0.0032	0.0	0.0039	0.0	0.0	0.2643	0.0	0.0	0.0	0.0	0.0026	0.0	0.0	0.0048	0.0	0.0	0.0	0.0	0.0	0.0	0.0	0.0051	0.0032	0.0	0.0	0.0	0.0	0.0045	0.0051	0.0	0.0	0.0051	0.0	0.0	0.0	0.0	0.0	0.0045	0.0	0.0032	0.0	0.0032	0.0	0.0	0.0	0.0	0.0	0.0091	0.0	0.0	0.0	0.0	0.0	0.0	0.0	0.0	0.0039	0.0051	0.0045	0.0	0.0	0.0	0.0	0.0	0.0	0.0	0.0	0.0	0.0091	0.0	0.0	0.0	0.0	0.0	0.0	0.0	0.0	0.0039	0.0	0.0	0.0026	0.1731	0.0	0.0045	0.0	0.0	0.0	0.0038	0.0	0.0	0.0	0.0051	0.0	0.0	0.0032	0.0032	0.0	0.0032	0.0	0.0	0.0	0.0	0.0	0.0	0.0	0.0	0.0	0.0	0.0	0.0	0.0087	0.0	0.0	0.0	0.0161	0.0	0.0	0.0	0.0	0.0048	0.0	0.0	0.0	0.0039	0.0	0.0	0.0	0.0	0.0026	0.0026	0.0	0.0	0.0	0.0026	0.0	0.0	0.0	0.0095	0.0045	0.0	0.0	0.0	0.0	0.0	0.0	0.0048	0.0	0.0039	0.1731	0.0	0.0	0.0	0.0038	0.0	0.0039	0.0091	0.0343	0.0343	0.0343	0.0343	0.0343	0.0343	0.0343	0.0343	0.0343	0.0343	0.0343	0.0343	0.0343	0.0343	0.0343	0.0343	0.0343	0.0343	0.0343	0.0343	0.0343	0.0343	0.0343	0.0343	0.0343	0.0343	0.0343	0.0343	0.0343	0.0343	0.0343	0.0343	0.0343	0.0343	0.0343	0.0343	0.0343	0.0343	0.0343	0.0343	0.0343	0.0343	0.0343	0.0343	0.0343	0.0343	0.0343	0.0343	0.0343	0.0343	0.0343	0.0343	0.0343	0.0343	0.0343	0.0343	0.0343	0.0343	0.0343	0.0343	0.0343	0.0343	0.0343	0.0343	0.0343	0.0343	0.0343	0.0343	0.0343	0.0343	0.0343	0.0343	0.0343	0.0343	0.0343	0.0343	0.0343	0.0343	0.0343	0.0343	0.0343
30	0.3502	0.3502	0.3502	0.3502	0.3502	0.0273	0.0273	0.0273	0.0273	0.0273	0.0273	0.0273	0.0273	0.0273	0.0273	0.0273	0.0273	0.0273	0.0173	0.0173	0.0173	0.0173	0.0173	0.0173	0.0173	0.0173	0.0106	0.0173	0.0173	0.0173	0.0173	0.0173	0.0173	0.0088	0.0173	0.0173	0.0173	0.0173	0.0136	0.0173	0.015	0.0173	0.0173	0.0173	0.0173	0.0173	0.0173	0.0173	0.0173	0.0112	0.0173	0.0173	0.0173	0.0106	0.0173	0.0173	0.0173	0.0117	0.0173	0.0173	0.0173	0.0173	0.0173	0.0173	0.0173	0.0173	0.0173	0.0173	0.0173	0.0173	0.0144	0.0173	0.0173	0.0173	0.0173	0.0173	0.0173	0.019	0.0173	0.0173	0.0173	0.0173	0.0088	0.0173	0.0225	0.1989	0.0173	0.0173	0.0173	0.0173	0.0173	0.0173	0.0144	0.0853	0.0173	0.0173	0.0173	0.015	0.0173	0.0173	0.0173	0.0173	0.0173	0.0088	0.0173	0.0173	0.0173	0.0173	0.0173	0.0173	0.0173	0.0173	0.0173	0.0173	0.0173	0.0117	0.0173	0.0173	0.0173	0.0106	0.0106	0.0173	0.0173	0.0088	0.0136	0.0173	0.0173	0.0173	0.0173	0.019	0.0149	0.0173	0.0173	0.0136	0.0149	0.0173	0.0173	0.0173	0.0173	0.0173	0.0173	0.0173	0.0173	0.0173	0.0173	0.0173	0.0173	0.0173	0.0173	0.0173	0.0173	0.0173	0.0173	0.0173	0.015	0.0173	0.0173	0.0136	0.0173	0.0173	0.0106	0.0173	0.0173	0.0173	0.0173	0.0173	0.0149	0.0173	0.0173	0.019	0.0088	0.0173	0.0088	0.0173	0.0106	0.0173	0.0088	0.0106	0.0173	0.0173	0.0173	0.0173	0.0173	0.0173	0.0106	0.0173	0.0136	0.0117	0.0173	0.0173	0.0173	0.0117	0.0106	0.0173	0.0173	0.0173	0.0173	0.0173	0.0173	0.0293	0.0173	0.0173	0.0173	0.0173	0.0173	0.0112	0.0173	0.0173	0.0173	0.0173	0.0173	0.0173	0.0173	0.0173	0.0106	0.0173	0.0173	0.0173	0.0173	0.0106	0.0173	0.0173	0.0173	0.0117	0.0173	0.0173	0.0136	0.0173	0.0173	0.0173	0.0173	0.0106	0.0136	0.0173	0.0112	0.0173	0.0173	0.0136	0.0112	0.0173	0.0173	0.0173	0.0173	0.0173	0.0117	0.0173	0.0173	0.0173	0.0173	0.0173	0.0293	0.0173	0.0117	0.0173	0.0173	0.0225	0.0173	0.0173	0.0173	0.0173	0.0106	0.0173	0.0112	0.0173	0.0173	0.0173	0.0173	0.0173	0.0173	0.0136	0.0117	0.0173	0.0173	0.0173	0.0173	0.0173	0.0293	0.0117	0.0173	0.0173	0.0173	0.0173	0.0173	0.0173	0.0106	0.0173	0.0173	0.0173	0.0173	0.0173	0.0173	0.0225	0.0173	0.0173	0.0112	0.0117	0.0173	0.0173	0.0106	0.0173	0.0173	0.0173	0.0173	0.0136	0.0117	0.0173	0.0173	0.0173	0.019	0.0173	0.0173	0.0173	0.0173	0.0173	0.0173	0.0173	0.0173	0.0173	0.0173	0.0293	0.0173	0.0144	0.0173	0.0173	0.0173	0.0173	0.0173	0.0106	0.0173	0.0173	0.0173	0.0173	0.0173	0.0173	0.0106	0.0173	0.0173	0.0106	0.0173	0.0173	0.0173	0.0112	0.0154	0.0173	0.1989	0.0173	0.0173	0.0173	0.0293	0.0136	0.0106	0.0173	0.0173	0.0173	0.0173	0.0173	0.0088	0.0149	0.0173	0.0173	0.0173	0.0173	0.0173	0.0106	0.0173	0.0117	0.0173	0.0173	0.1989	0.0173	0.0173	0.0173	0.0173	0.0136	0.0173	0.0173	0.0154	0.0173	0.0173	0.0173	0.0173	0.0173	0.0173	0.0173	0.0293	0.0106	0.0173	0.0173	0.0173	0.0173	0.0088	0.0293	0.0173	0.0173	0.0293	0.0173	0.0173	0.0173	0.0173	0.0173	0.0088	0.0173	0.0106	0.0173	0.0106	0.0173	0.0173	0.0173	0.0173	0.0173	0.0259	0.0173	0.0173	0.0173	0.0173	0.0173	0.0173	0.0173	0.0173	0.0144	0.0293	0.0088	0.0173	0.0173	0.0173	0.0173	0.0173	0.0173	0.0173	0.0173	0.0173	0.0259	0.0173	0.0173	0.0173	0.0173	0.0173	0.0173	0.0173	0.0173	0.0117	0.0173	0.0173	0.0136	0.0853	0.0173	0.0088	0.0173	0.0173	0.0173	0.0112	0.0173	0.0173	0.0173	0.0293	0.0173	0.0173	0.0106	0.0106	0.0173	0.0106	0.0173	0.0173	0.0173	0.0173	0.0173	0.0173	0.0173	0.0173	0.0173	0.0173	0.0173	0.0173	0.019	0.0173	0.0173	0.0173	0.0225	0.0173	0.0173	0.0173	0.0173	0.0154	0.0173	0.0173	0.0173	0.0117	0.0173	0.0173	0.0173	0.0173	0.0136	0.0136	0.0173	0.0173	0.0173	0.0136	0.0173	0.0173	0.0173	0.0149	0.0088	0.0173	0.0173	0.0173	0.0173	0.0173	0.0173	0.0154	0.0173	0.0144	0.0853	0.0173	0.0173	0.0173	0.0112	0.0173	0.0144	0.0259	0.0059	0.0059	0.0059	0.0059	0.0059	0.0059	0.0059	0.0059	0.0059	0.0059	0.0059	0.0059	0.0059	0.0059	0.0059	0.0059	0.0059	0.0059	0.0059	0.0059	0.0059	0.0059	0.0059	0.0059	0.0059	0.0059	0.0059	0.0059	0.0059	0.0059	0.0059	0.0059	0.0059	0.0059	0.0059	0.0059	0.0059	0.0059	0.0059	0.0059	0.0059	0.0059	0.0059	0.0059	0.0059	0.0059	0.0059	0.0059	0.0059	0.0059	0.0059	0.0059	0.0059	0.0059	0.0059	0.0059	0.0059	0.0059	0.0059	0.0059	0.0059	0.0059	0.0059	0.0059	0.0059	0.0059	0.0059	0.0059	0.0059	0.0059	0.0059	0.0059	0.0059	0.0059	0.0059	0.0059	0.0059	0.0059	0.0059	0.0059	0.0059
31	0.066	0.066	0.066	0.066	0.066	0.0337	0.0337	0.0337	0.0337	0.0337	0.0337	0.0337	0.0337	0.0337	0.0337	0.0337	0.0337	0.0337	0.0059	0.0059	0.0059	0.0059	0.0059	0.0059	0.0059	0.0059	0.007	0.0059	0.0059	0.0059	0.0059	0.0059	0.0059	0.005	0.0059	0.0059	0.0059	0.0059	0.0063	0.0059	0.0069	0.0059	0.0059	0.0059	0.0059	0.0059	0.0059	0.0059	0.0059	0.007	0.0059	0.0059	0.0059	0.007	0.0059	0.0059	0.0059	0.0061	0.0059	0.0059	0.0059	0.0059	0.0059	0.0059	0.0059	0.0059	0.0059	0.0059	0.0059	0.0059	0.0054	0.0059	0.0059	0.0059	0.0059	0.0059	0.0059	0.0075	0.0059	0.0059	0.0059	0.0059	0.005	0.0059	0.0082	0.0074	0.0059	0.0059	0.0059	0.0059	0.0059	0.0059	0.0054	0.0321	0.0059	0.0059	0.0059	0.0069	0.0059	0.0059	0.0059	0.0059	0.0059	0.005	0.0059	0.0059	0.0059	0.0059	0.0059	0.0059	0.0059	0.0059	0.0059	0.0059	0.0059	0.0061	0.0059	0.0059	0.0059	0.007	0.007	0.0059	0.0059	0.005	0.0063	0.0059	0.0059	0.0059	0.0059	0.0075	0.008	0.0059	0.0059	0.0063	0.008	0.0059	0.0059	0.0059	0.0059	0.0059	0.0059	0.0059	0.0059	0.0059	0.0059	0.0059	0.0059	0.0059	0.0059	0.0059	0.0059	0.0059	0.0059	0.0059	0.0069	0.0059	0.0059	0.0063	0.0059	0.0059	0.007	0.0059	0.0059	0.0059	0.0059	0.0059	0.008	0.0059	0.0059	0.0075	0.005	0.0059	0.005	0.0059	0.007	0.0059	0.005	0.007	0.0059	0.0059	0.0059	0.0059	0.0059	0.0059	0.007	0.0059	0.0063	0.0061	0.0059	0.0059	0.0059	0.0061	0.007	0.0059	0.0059	0.0059	0.0059	0.0059	0.0059	0.0062	0.0059	0.0059	0.0059	0.0059	0.0059	0.007	0.0059	0.0059	0.0059	0.0059	0.0059	0.0059	0.0059	0.0059	0.007	0.0059	0.0059	0.0059	0.0059	0.007	0.0059	0.0059	0.0059	0.0061	0.0059	0.0059	0.0063	0.0059	0.0059	0.0059	0.0059	0.007	0.0063	0.0059	0.007	0.0059	0.0059	0.0063	0.007	0.0059	0.0059	0.0059	0.0059	0.0059	0.0061	0.0059	0.0059	0.0059	0.0059	0.0059	0.0062	0.0059	0.0061	0.0059	0.0059	0.0082	0.0059	0.0059	0.0059	0.0059	0.007	0.0059	0.007	0.0059	0.0059	0.0059	0.0059	0.0059	0.0059	0.0063	0.0061	0.0059	0.0059	0.0059	0.0059	0.0059	0.0062	0.0061	0.0059	0.0059	0.0059	0.0059	0.0059	0.0059	0.007	0.0059	0.0059	0.0059	0.0059	0.0059	0.0059	0.0082	0.0059	0.0059	0.007	0.0061	0.0059	0.0059	0.007	0.0059	0.0059	0.0059	0.0059	0.0063	0.0061	0.0059	0.0059	0.0059	0.0075	0.0059	0.0059	0.0059	0.0059	0.0059	0.0059	0.0059	0.0059	0.0059	0.0059	0.0062	0.0059	0.0054	0.0059	0.0059	0.0059	0.0059	0.0059	0.007	0.0059	0.0059	0.0059	0.0059	0.0059	0.0059	0.007	0.0059	0.0059	0.007	0.0059	0.0059	0.0059	0.007	0.0071	0.0059	0.0074	0.0059	0.0059	0.0059	0.0062	0.0063	0.007	0.0059	0.0059	0.0059	0.0059	0.0059	0.005	0.008	0.0059	0.0059	0.0059	0.0059	0.0059	0.007	0.0059	0.0061	0.0059	0.0059	0.0074	0.0059	0.0059	0.0059	0.0059	0.0063	0.0059	0.0059	0.0071	0.0059	0.0059	0.0059	0.0059	0.0059	0.0059	0.0059	0.0062	0.007	0.0059	0.0059	0.0059	0.0059	0.005	0.0062	0.0059	0.0059	0.0062	0.0059	0.0059	0.0059	0.0059	0.0059	0.005	0.0059	0.007	0.0059	0.007	0.0059	0.0059	0.0059	0.0059	0.0059	0.0071	0.0059	0.0059	0.0059	0.0059	0.0059	0.0059	0.0059	0.0059	0.0054	0.0062	0.005	0.0059	0.0059	0.0059	0.0059	0.0059	0.0059	0.0059	0.0059	0.0059	0.0071	0.0059	0.0059	0.0059	0.0059	0.0059	0.0059	0.0059	0.0059	0.0061	0.0059	0.0059	0.0063	0.0321	0.0059	0.005	0.0059	0.0059	0.0059	0.007	0.0059	0.0059	0.0059	0.0062	0.0059	0.0059	0.007	0.007	0.0059	0.007	0.0059	0.0059	0.0059	0.0059	0.0059	0.0059	0.0059	0.0059	0.0059	0.0059	0.0059	0.0059	0.0075	0.0059	0.0059	0.0059	0.0082	0.0059	0.0059	0.0059	0.0059	0.0071	0.0059	0.0059	0.0059	0.0061	0.0059	0.0059	0.0059	0.0059	0.0063	0.0063	0.0059	0.0059	0.0059	0.0063	0.0059	0.0059	0.0059	0.008	0.005	0.0059	0.0059	0.0059	0.0059	0.0059	0.0059	0.0071	0.0059	0.0054	0.0321	0.0059	0.0059	0.0059	0.007	0.0059	0.0054	0.0071	0.0044	0.0044	0.0044	0.0044	0.0044	0.0044	0.0044	0.0044	0.0044	0.0044	0.0044	0.0044	0.0044	0.0044	0.0044	0.0044	0.0044	0.0044	0.0044	0.0044	0.0044	0.0044	0.0044	0.0044	0.0044	0.0044	0.0044	0.0044	0.0044	0.0044	0.0044	0.0044	0.0044	0.0044	0.0044	0.0044	0.0044	0.0044	0.0044	0.0044	0.0044	0.0044	0.0044	0.0044	0.0044	0.0044	0.0044	0.0044	0.0044	0.0044	0.0044	0.0044	0.0044	0.0044	0.0044	0.0044	0.0044	0.0044	0.0044	0.0044	0.0044	0.0044	0.0044	0.0044	0.0044	0.0044	0.0044	0.0044	0.0044	0.0044	0.0044	0.0044	0.0044	0.0044	0.0044	0.0044	0.0044	0.0044	0.0044	0.0044	0.0044
32	0.0635	0.0635	0.0635	0.0635	0.0635	0.0281	0.0281	0.0281	0.0281	0.0281	0.0281	0.0281	0.0281	0.0281	0.0281	0.0281	0.0281	0.0281	0.0153	0.0153	0.0153	0.0153	0.0153	0.0153	0.0153	0.0153	0.0124	0.0153	0.0153	0.0153	0.0153	0.0153	0.0153	0.0093	0.0153	0.0153	0.0153	0.0153	0.0113	0.0153	0.022	0.0153	0.0153	0.0153	0.0153	0.0153	0.0153	0.0153	0.0153	0.0156	0.0153	0.0153	0.0153	0.0124	0.0153	0.0153	0.0153	0.0108	0.0153	0.0153	0.0153	0.0153	0.0153	0.0153	0.0153	0.0153	0.0153	0.0153	0.0153	0.0153	0.0129	0.0153	0.0153	0.0153	0.0153	0.0153	0.0153	0.0656	0.0153	0.0153	0.0153	0.0153	0.0093	0.0153	0.0113	0.0034	0.0153	0.0153	0.0153	0.0153	0.0153	0.0153	0.0129	0.145	0.0153	0.0153	0.0153	0.022	0.0153	0.0153	0.0153	0.0153	0.0153	0.0093	0.0153	0.0153	0.0153	0.0153	0.0153	0.0153	0.0153	0.0153	0.0153	0.0153	0.0153	0.0108	0.0153	0.0153	0.0153	0.0124	0.0124	0.0153	0.0153	0.0093	0.0113	0.0153	0.0153	0.0153	0.0153	0.0656	0.0153	0.0153	0.0153	0.0113	0.0153	0.0153	0.0153	0.0153	0.0153	0.0153	0.0153	0.0153	0.0153	0.0153	0.0153	0.0153	0.0153	0.0153	0.0153	0.0153	0.0153	0.0153	0.0153	0.0153	0.022	0.0153	0.0153	0.0113	0.0153	0.0153	0.0124	0.0153	0.0153	0.0153	0.0153	0.0153	0.0153	0.0153	0.0153	0.0656	0.0093	0.0153	0.0093	0.0153	0.0124	0.0153	0.0093	0.0124	0.0153	0.0153	0.0153	0.0153	0.0153	0.0153	0.0124	0.0153	0.0113	0.0108	0.0153	0.0153	0.0153	0.0108	0.0124	0.0153	0.0153	0.0153	0.0153	0.0153	0.0153	0.0138	0.0153	0.0153	0.0153	0.0153	0.0153	0.0156	0.0153	0.0153	0.0153	0.0153	0.0153	0.0153	0.0153	0.0153	0.0124	0.0153	0.0153	0.0153	0.0153	0.0124	0.0153	0.0153	0.0153	0.0108	0.0153	0.0153	0.0113	0.0153	0.0153	0.0153	0.0153	0.0124	0.0113	0.0153	0.0156	0.0153	0.0153	0.0113	0.0156	0.0153	0.0153	0.0153	0.0153	0.0153	0.0108	0.0153	0.0153	0.0153	0.0153	0.0153	0.0138	0.0153	0.0108	0.0153	0.0153	0.0113	0.0153	0.0153	0.0153	0.0153	0.0124	0.0153	0.0156	0.0153	0.0153	0.0153	0.0153	0.0153	0.0153	0.0113	0.0108	0.0153	0.0153	0.0153	0.0153	0.0153	0.0138	0.0108	0.0153	0.0153	0.0153	0.0153	0.0153	0.0153	0.0124	0.0153	0.0153	0.0153	0.0153	0.0153	0.0153	0.0113	0.0153	0.0153	0.0156	0.0108	0.0153	0.0153	0.0124	0.0153	0.0153	0.0153	0.0153	0.0113	0.0108	0.0153	0.0153	0.0153	0.0656	0.0153	0.0153	0.0153	0.0153	0.0153	0.0153	0.0153	0.0153	0.0153	0.0153	0.0138	0.0153	0.0129	0.0153	0.0153	0.0153	0.0153	0.0153	0.0124	0.0153	0.0153	0.0153	0.0153	0.0153	0.0153	0.0124	0.0153	0.0153	0.0124	0.0153	0.0153	0.0153	0.0156	0.0178	0.0153	0.0034	0.0153	0.0153	0.0153	0.0138	0.0113	0.0124	0.0153	0.0153	0.0153	0.0153	0.0153	0.0093	0.0153	0.0153	0.0153	0.0153	0.0153	0.0153	0.0124	0.0153	0.0108	0.0153	0.0153	0.0034	0.0153	0.0153	0.0153	0.0153	0.0113	0.0153	0.0153	0.0178	0.0153	0.0153	0.0153	0.0153	0.0153	0.0153	0.0153	0.0138	0.0124	0.0153	0.0153	0.0153	0.0153	0.0093	0.0138	0.0153	0.0153	0.0138	0.0153	0.0153	0.0153	0.0153	0.0153	0.0093	0.0153	0.0124	0.0153	0.0124	0.0153	0.0153	0.0153	0.0153	0.0153	0.0264	0.0153	0.0153	0.0153	0.0153	0.0153	0.0153	0.0153	0.0153	0.0129	0.0138	0.0093	0.0153	0.0153	0.0153	0.0153	0.0153	0.0153	0.0153	0.0153	0.0153	0.0264	0.0153	0.0153	0.0153	0.0153	0.0153	0.0153	0.0153	0.0153	0.0108	0.0153	0.0153	0.0113	0.145	0.0153	0.0093	0.0153	0.0153	0.0153	0.0156	0.0153	0.0153	0.0153	0.0138	0.0153	0.0153	0.0124	0.0124	0.0153	0.0124	0.0153	0.0153	0.0153	0.0153	0.0153	0.0153	0.0153	0.0153	0.0153	0.0153	0.0153	0.0153	0.0656	0.0153	0.0153	0.0153	0.0113	0.0153	0.0153	0.0153	0.0153	0.0178	0.0153	0.0153	0.0153	0.0108	0.0153	0.0153	0.0153	0.0153	0.0113	0.0113	0.0153	0.0153	0.0153	0.0113	0.0153	0.0153	0.0153	0.0153	0.0093	0.0153	0.0153	0.0153	0.0153	0.0153	0.0153	0.0178	0.0153	0.0129	0.145	0.0153	0.0153	0.0153	0.0156	0.0153	0.0129	0.0264	0.0051	0.0051	0.0051	0.0051	0.0051	0.0051	0.0051	0.0051	0.0051	0.0051	0.0051	0.0051	0.0051	0.0051	0.0051	0.0051	0.0051	0.0051	0.0051	0.0051	0.0051	0.0051	0.0051	0.0051	0.0051	0.0051	0.0051	0.0051	0.0051	0.0051	0.0051	0.0051	0.0051	0.0051	0.0051	0.0051	0.0051	0.0051	0.0051	0.0051	0.0051	0.0051	0.0051	0.0051	0.0051	0.0051	0.0051	0.0051	0.0051	0.0051	0.0051	0.0051	0.0051	0.0051	0.0051	0.0051	0.0051	0.0051	0.0051	0.0051	0.0051	0.0051	0.0051	0.0051	0.0051	0.0051	0.0051	0.0051	0.0051	0.0051	0.0051	0.0051	0.0051	0.0051	0.0051	0.0051	0.0051	0.0051	0.0051	0.0051	0.0051
33	0.1058	0.1058	0.1058	0.1058	0.1058	0.1574	0.1574	0.1574	0.1574	0.1574	0.1574	0.1574	0.1574	0.1574	0.1574	0.1574	0.1574	0.1574	0.006	0.006	0.006	0.006	0.006	0.006	0.006	0.006	0.0108	0.006	0.006	0.006	0.006	0.006	0.006	0.0125	0.006	0.006	0.006	0.006	0.0112	0.006	0.0191	0.006	0.006	0.006	0.006	0.006	0.006	0.006	0.006	0.0129	0.006	0.006	0.006	0.0108	0.006	0.006	0.006	0.0122	0.006	0.006	0.006	0.006	0.006	0.006	0.006	0.006	0.006	0.006	0.006	0.006	0.009	0.006	0.006	0.006	0.006	0.006	0.006	0.0179	0.006	0.006	0.006	0.006	0.0125	0.006	0.0217	0.0	0.006	0.006	0.006	0.006	0.006	0.006	0.009	0.5464	0.006	0.006	0.006	0.0191	0.006	0.006	0.006	0.006	0.006	0.0125	0.006	0.006	0.006	0.006	0.006	0.006	0.006	0.006	0.006	0.006	0.006	0.0122	0.006	0.006	0.006	0.0108	0.0108	0.006	0.006	0.0125	0.0112	0.006	0.006	0.006	0.006	0.0179	0.0136	0.006	0.006	0.0112	0.0136	0.006	0.006	0.006	0.006	0.006	0.006	0.006	0.006	0.006	0.006	0.006	0.006	0.006	0.006	0.006	0.006	0.006	0.006	0.006	0.0191	0.006	0.006	0.0112	0.006	0.006	0.0108	0.006	0.006	0.006	0.006	0.006	0.0136	0.006	0.006	0.0179	0.0125	0.006	0.0125	0.006	0.0108	0.006	0.0125	0.0108	0.006	0.006	0.006	0.006	0.006	0.006	0.0108	0.006	0.0112	0.0122	0.006	0.006	0.006	0.0122	0.0108	0.006	0.006	0.006	0.006	0.006	0.006	0.0111	0.006	0.006	0.006	0.006	0.006	0.0129	0.006	0.006	0.006	0.006	0.006	0.006	0.006	0.006	0.0108	0.006	0.006	0.006	0.006	0.0108	0.006	0.006	0.006	0.0122	0.006	0.006	0.0112	0.006	0.006	0.006	0.006	0.0108	0.0112	0.006	0.0129	0.006	0.006	0.0112	0.0129	0.006	0.006	0.006	0.006	0.006	0.0122	0.006	0.006	0.006	0.006	0.006	0.0111	0.006	0.0122	0.006	0.006	0.0217	0.006	0.006	0.006	0.006	0.0108	0.006	0.0129	0.006	0.006	0.006	0.006	0.006	0.006	0.0112	0.0122	0.006	0.006	0.006	0.006	0.006	0.0111	0.0122	0.006	0.006	0.006	0.006	0.006	0.006	0.0108	0.006	0.006	0.006	0.006	0.006	0.006	0.0217	0.006	0.006	0.0129	0.0122	0.006	0.006	0.0108	0.006	0.006	0.006	0.006	0.0112	0.0122	0.006	0.006	0.006	0.0179	0.006	0.006	0.006	0.006	0.006	0.006	0.006	0.006	0.006	0.006	0.0111	0.006	0.009	0.006	0.006	0.006	0.006	0.006	0.0108	0.006	0.006	0.006	0.006	0.006	0.006	0.0108	0.006	0.006	0.0108	0.006	0.006	0.006	0.0129	0.0139	0.006	0.0	0.006	0.006	0.006	0.0111	0.0112	0.0108	0.006	0.006	0.006	0.006	0.006	0.0125	0.0136	0.006	0.006	0.006	0.006	0.006	0.0108	0.006	0.0122	0.006	0.006	0.0	0.006	0.006	0.006	0.006	0.0112	0.006	0.006	0.0139	0.006	0.006	0.006	0.006	0.006	0.006	0.006	0.0111	0.0108	0.006	0.006	0.006	0.006	0.0125	0.0111	0.006	0.006	0.0111	0.006	0.006	0.006	0.006	0.006	0.0125	0.006	0.0108	0.006	0.0108	0.006	0.006	0.006	0.006	0.006	0.0384	0.006	0.006	0.006	0.006	0.006	0.006	0.006	0.006	0.009	0.0111	0.0125	0.006	0.006	0.006	0.006	0.006	0.006	0.006	0.006	0.006	0.0384	0.006	0.006	0.006	0.006	0.006	0.006	0.006	0.006	0.0122	0.006	0.006	0.0112	0.5464	0.006	0.0125	0.006	0.006	0.006	0.0129	0.006	0.006	0.006	0.0111	0.006	0.006	0.0108	0.0108	0.006	0.0108	0.006	0.006	0.006	0.006	0.006	0.006	0.006	0.006	0.006	0.006	0.006	0.006	0.0179	0.006	0.006	0.006	0.0217	0.006	0.006	0.006	0.006	0.0139	0.006	0.006	0.006	0.0122	0.006	0.006	0.006	0.006	0.0112	0.0112	0.006	0.006	0.006	0.0112	0.006	0.006	0.006	0.0136	0.0125	0.006	0.006	0.006	0.006	0.006	0.006	0.0139	0.006	0.009	0.5464	0.006	0.006	0.006	0.0129	0.006	0.009	0.0384	0.0043	0.0043	0.0043	0.0043	0.0043	0.0043	0.0043	0.0043	0.0043	0.0043	0.0043	0.0043	0.0043	0.0043	0.0043	0.0043	0.0043	0.0043	0.0043	0.0043	0.0043	0.0043	0.0043	0.0043	0.0043	0.0043	0.0043	0.0043	0.0043	0.0043	0.0043	0.0043	0.0043	0.0043	0.0043	0.0043	0.0043	0.0043	0.0043	0.0043	0.0043	0.0043	0.0043	0.0043	0.0043	0.0043	0.0043	0.0043	0.0043	0.0043	0.0043	0.0043	0.0043	0.0043	0.0043	0.0043	0.0043	0.0043	0.0043	0.0043	0.0043	0.0043	0.0043	0.0043	0.0043	0.0043	0.0043	0.0043	0.0043	0.0043	0.0043	0.0043	0.0043	0.0043	0.0043	0.0043	0.0043	0.0043	0.0043	0.0043	0.0043
34	0.0688	0.0688	0.0688	0.0688	0.0688	0.02	0.02	0.02	0.02	0.02	0.02	0.02	0.02	0.02	0.02	0.02	0.02	0.02	0.0087	0.0087	0.0087	0.0087	0.0087	0.0087	0.0087	0.0087	0.005	0.0087	0.0087	0.0087	0.0087	0.0087	0.0087	0.0042	0.0087	0.0087	0.0087	0.0087	0.0049	0.0087	0.0104	0.0087	0.0087	0.0087	0.0087	0.0087	0.0087	0.0087	0.0087	0.0035	0.0087	0.0087	0.0087	0.005	0.0087	0.0087	0.0087	0.0041	0.0087	0.0087	0.0087	0.0087	0.0087	0.0087	0.0087	0.0087	0.0087	0.0087	0.0087	0.0087	0.0053	0.0087	0.0087	0.0087	0.0087	0.0087	0.0087	0.0085	0.0087	0.0087	0.0087	0.0087	0.0042	0.0087	0.0063	0.2231	0.0087	0.0087	0.0087	0.0087	0.0087	0.0087	0.0053	0.0524	0.0087	0.0087	0.0087	0.0104	0.0087	0.0087	0.0087	0.0087	0.0087	0.0042	0.0087	0.0087	0.0087	0.0087	0.0087	0.0087	0.0087	0.0087	0.0087	0.0087	0.0087	0.0041	0.0087	0.0087	0.0087	0.005	0.005	0.0087	0.0087	0.0042	0.0049	0.0087	0.0087	0.0087	0.0087	0.0085	0.0054	0.0087	0.0087	0.0049	0.0054	0.0087	0.0087	0.0087	0.0087	0.0087	0.0087	0.0087	0.0087	0.0087	0.0087	0.0087	0.0087	0.0087	0.0087	0.0087	0.0087	0.0087	0.0087	0.0087	0.0104	0.0087	0.0087	0.0049	0.0087	0.0087	0.005	0.0087	0.0087	0.0087	0.0087	0.0087	0.0054	0.0087	0.0087	0.0085	0.0042	0.0087	0.0042	0.0087	0.005	0.0087	0.0042	0.005	0.0087	0.0087	0.0087	0.0087	0.0087	0.0087	0.005	0.0087	0.0049	0.0041	0.0087	0.0087	0.0087	0.0041	0.005	0.0087	0.0087	0.0087	0.0087	0.0087	0.0087	0.0029	0.0087	0.0087	0.0087	0.0087	0.0087	0.0035	0.0087	0.0087	0.0087	0.0087	0.0087	0.0087	0.0087	0.0087	0.005	0.0087	0.0087	0.0087	0.0087	0.005	0.0087	0.0087	0.0087	0.0041	0.0087	0.0087	0.0049	0.0087	0.0087	0.0087	0.0087	0.005	0.0049	0.0087	0.0035	0.0087	0.0087	0.0049	0.0035	0.0087	0.0087	0.0087	0.0087	0.0087	0.0041	0.0087	0.0087	0.0087	0.0087	0.0087	0.0029	0.0087	0.0041	0.0087	0.0087	0.0063	0.0087	0.0087	0.0087	0.0087	0.005	0.0087	0.0035	0.0087	0.0087	0.0087	0.0087	0.0087	0.0087	0.0049	0.0041	0.0087	0.0087	0.0087	0.0087	0.0087	0.0029	0.0041	0.0087	0.0087	0.0087	0.0087	0.0087	0.0087	0.005	0.0087	0.0087	0.0087	0.0087	0.0087	0.0087	0.0063	0.0087	0.0087	0.0035	0.0041	0.0087	0.0087	0.005	0.0087	0.0087	0.0087	0.0087	0.0049	0.0041	0.0087	0.0087	0.0087	0.0085	0.0087	0.0087	0.0087	0.0087	0.0087	0.0087	0.0087	0.0087	0.0087	0.0087	0.0029	0.0087	0.0053	0.0087	0.0087	0.0087	0.0087	0.0087	0.005	0.0087	0.0087	0.0087	0.0087	0.0087	0.0087	0.005	0.0087	0.0087	0.005	0.0087	0.0087	0.0087	0.0035	0.0076	0.0087	0.2231	0.0087	0.0087	0.0087	0.0029	0.0049	0.005	0.0087	0.0087	0.0087	0.0087	0.0087	0.0042	0.0054	0.0087	0.0087	0.0087	0.0087	0.0087	0.005	0.0087	0.0041	0.0087	0.0087	0.2231	0.0087	0.0087	0.0087	0.0087	0.0049	0.0087	0.0087	0.0076	0.0087	0.0087	0.0087	0.0087	0.0087	0.0087	0.0087	0.0029	0.005	0.0087	0.0087	0.0087	0.0087	0.0042	0.0029	0.0087	0.0087	0.0029	0.0087	0.0087	0.0087	0.0087	0.0087	0.0042	0.0087	0.005	0.0087	0.005	0.0087	0.0087	0.0087	0.0087	0.0087	0.0124	0.0087	0.0087	0.0087	0.0087	0.0087	0.0087	0.0087	0.0087	0.0053	0.0029	0.0042	0.0087	0.0087	0.0087	0.0087	0.0087	0.0087	0.0087	0.0087	0.0087	0.0124	0.0087	0.0087	0.0087	0.0087	0.0087	0.0087	0.0087	0.0087	0.0041	0.0087	0.0087	0.0049	0.0524	0.0087	0.0042	0.0087	0.0087	0.0087	0.0035	0.0087	0.0087	0.0087	0.0029	0.0087	0.0087	0.005	0.005	0.0087	0.005	0.0087	0.0087	0.0087	0.0087	0.0087	0.0087	0.0087	0.0087	0.0087	0.0087	0.0087	0.0087	0.0085	0.0087	0.0087	0.0087	0.0063	0.0087	0.0087	0.0087	0.0087	0.0076	0.0087	0.0087	0.0087	0.0041	0.0087	0.0087	0.0087	0.0087	0.0049	0.0049	0.0087	0.0087	0.0087	0.0049	0.0087	0.0087	0.0087	0.0054	0.0042	0.0087	0.0087	0.0087	0.0087	0.0087	0.0087	0.0076	0.0087	0.0053	0.0524	0.0087	0.0087	0.0087	0.0035	0.0087	0.0053	0.0124	0.0054	0.0054	0.0054	0.0054	0.0054	0.0054	0.0054	0.0054	0.0054	0.0054	0.0054	0.0054	0.0054	0.0054	0.0054	0.0054	0.0054	0.0054	0.0054	0.0054	0.0054	0.0054	0.0054	0.0054	0.0054	0.0054	0.0054	0.0054	0.0054	0.0054	0.0054	0.0054	0.0054	0.0054	0.0054	0.0054	0.0054	0.0054	0.0054	0.0054	0.0054	0.0054	0.0054	0.0054	0.0054	0.0054	0.0054	0.0054	0.0054	0.0054	0.0054	0.0054	0.0054	0.0054	0.0054	0.0054	0.0054	0.0054	0.0054	0.0054	0.0054	0.0054	0.0054	0.0054	0.0054	0.0054	0.0054	0.0054	0.0054	0.0054	0.0054	0.0054	0.0054	0.0054	0.0054	0.0054	0.0054	0.0054	0.0054	0.0054	0.0054
35	0.0777	0.0777	0.0777	0.0777	0.0777	0.0328	0.0328	0.0328	0.0328	0.0328	0.0328	0.0328	0.0328	0.0328	0.0328	0.0328	0.0328	0.0328	0.0009	0.0009	0.0009	0.0009	0.0009	0.0009	0.0009	0.0009	0.0012	0.0009	0.0009	0.0009	0.0009	0.0009	0.0009	0.0015	0.0009	0.0009	0.0009	0.0009	0.0012	0.0009	0.004	0.0009	0.0009	0.0009	0.0009	0.0009	0.0009	0.0009	0.0009	0.0026	0.0009	0.0009	0.0009	0.0012	0.0009	0.0009	0.0009	0.0019	0.0009	0.0009	0.0009	0.0009	0.0009	0.0009	0.0009	0.0009	0.0009	0.0009	0.0009	0.0009	0.0021	0.0009	0.0009	0.0009	0.0009	0.0009	0.0009	0.0088	0.0009	0.0009	0.0009	0.0009	0.0015	0.0009	0.0045	0.0533	0.0009	0.0009	0.0009	0.0009	0.0009	0.0009	0.0021	0.0659	0.0009	0.0009	0.0009	0.004	0.0009	0.0009	0.0009	0.0009	0.0009	0.0015	0.0009	0.0009	0.0009	0.0009	0.0009	0.0009	0.0009	0.0009	0.0009	0.0009	0.0009	0.0019	0.0009	0.0009	0.0009	0.0012	0.0012	0.0009	0.0009	0.0015	0.0012	0.0009	0.0009	0.0009	0.0009	0.0088	0.0042	0.0009	0.0009	0.0012	0.0042	0.0009	0.0009	0.0009	0.0009	0.0009	0.0009	0.0009	0.0009	0.0009	0.0009	0.0009	0.0009	0.0009	0.0009	0.0009	0.0009	0.0009	0.0009	0.0009	0.004	0.0009	0.0009	0.0012	0.0009	0.0009	0.0012	0.0009	0.0009	0.0009	0.0009	0.0009	0.0042	0.0009	0.0009	0.0088	0.0015	0.0009	0.0015	0.0009	0.0012	0.0009	0.0015	0.0012	0.0009	0.0009	0.0009	0.0009	0.0009	0.0009	0.0012	0.0009	0.0012	0.0019	0.0009	0.0009	0.0009	0.0019	0.0012	0.0009	0.0009	0.0009	0.0009	0.0009	0.0009	0.0019	0.0009	0.0009	0.0009	0.0009	0.0009	0.0026	0.0009	0.0009	0.0009	0.0009	0.0009	0.0009	0.0009	0.0009	0.0012	0.0009	0.0009	0.0009	0.0009	0.0012	0.0009	0.0009	0.0009	0.0019	0.0009	0.0009	0.0012	0.0009	0.0009	0.0009	0.0009	0.0012	0.0012	0.0009	0.0026	0.0009	0.0009	0.0012	0.0026	0.0009	0.0009	0.0009	0.0009	0.0009	0.0019	0.0009	0.0009	0.0009	0.0009	0.0009	0.0019	0.0009	0.0019	0.0009	0.0009	0.0045	0.0009	0.0009	0.0009	0.0009	0.0012	0.0009	0.0026	0.0009	0.0009	0.0009	0.0009	0.0009	0.0009	0.0012	0.0019	0.0009	0.0009	0.0009	0.0009	0.0009	0.0019	0.0019	0.0009	0.0009	0.0009	0.0009	0.0009	0.0009	0.0012	0.0009	0.0009	0.0009	0.0009	0.0009	0.0009	0.0045	0.0009	0.0009	0.0026	0.0019	0.0009	0.0009	0.0012	0.0009	0.0009	0.0009	0.0009	0.0012	0.0019	0.0009	0.0009	0.0009	0.0088	0.0009	0.0009	0.0009	0.0009	0.0009	0.0009	0.0009	0.0009	0.0009	0.0009	0.0019	0.0009	0.0021	0.0009	0.0009	0.0009	0.0009	0.0009	0.0012	0.0009	0.0009	0.0009	0.0009	0.0009	0.0009	0.0012	0.0009	0.0009	0.0012	0.0009	0.0009	0.0009	0.0026	0.0034	0.0009	0.0533	0.0009	0.0009	0.0009	0.0019	0.0012	0.0012	0.0009	0.0009	0.0009	0.0009	0.0009	0.0015	0.0042	0.0009	0.0009	0.0009	0.0009	0.0009	0.0012	0.0009	0.0019	0.0009	0.0009	0.0533	0.0009	0.0009	0.0009	0.0009	0.0012	0.0009	0.0009	0.0034	0.0009	0.0009	0.0009	0.0009	0.0009	0.0009	0.0009	0.0019	0.0012	0.0009	0.0009	0.0009	0.0009	0.0015	0.0019	0.0009	0.0009	0.0019	0.0009	0.0009	0.0009	0.0009	0.0009	0.0015	0.0009	0.0012	0.0009	0.0012	0.0009	0.0009	0.0009	0.0009	0.0009	0.0086	0.0009	0.0009	0.0009	0.0009	0.0009	0.0009	0.0009	0.0009	0.0021	0.0019	0.0015	0.0009	0.0009	0.0009	0.0009	0.0009	0.0009	0.0009	0.0009	0.0009	0.0086	0.0009	0.0009	0.0009	0.0009	0.0009	0.0009	0.0009	0.0009	0.0019	0.0009	0.0009	0.0012	0.0659	0.0009	0.0015	0.0009	0.0009	0.0009	0.0026	0.0009	0.0009	0.0009	0.0019	0.0009	0.0009	0.0012	0.0012	0.0009	0.0012	0.0009	0.0009	0.0009	0.0009	0.0009	0.0009	0.0009	0.0009	0.0009	0.0009	0.0009	0.0009	0.0088	0.0009	0.0009	0.0009	0.0045	0.0009	0.0009	0.0009	0.0009	0.0034	0.0009	0.0009	0.0009	0.0019	0.0009	0.0009	0.0009	0.0009	0.0012	0.0012	0.0009	0.0009	0.0009	0.0012	0.0009	0.0009	0.0009	0.0042	0.0015	0.0009	0.0009	0.0009	0.0009	0.0009	0.0009	0.0034	0.0009	0.0021	0.0659	0.0009	0.0009	0.0009	0.0026	0.0009	0.0021	0.0086	0.0187	0.0187	0.0187	0.0187	0.0187	0.0187	0.0187	0.0187	0.0187	0.0187	0.0187	0.0187	0.0187	0.0187	0.0187	0.0187	0.0187	0.0187	0.0187	0.0187	0.0187	0.0187	0.0187	0.0187	0.0187	0.0187	0.0187	0.0187	0.0187	0.0187	0.0187	0.0187	0.0187	0.0187	0.0187	0.0187	0.0187	0.0187	0.0187	0.0187	0.0187	0.0187	0.0187	0.0187	0.0187	0.0187	0.0187	0.0187	0.0187	0.0187	0.0187	0.0187	0.0187	0.0187	0.0187	0.0187	0.0187	0.0187	0.0187	0.0187	0.0187	0.0187	0.0187	0.0187	0.0187	0.0187	0.0187	0.0187	0.0187	0.0187	0.0187	0.0187	0.0187	0.0187	0.0187	0.0187	0.0187	0.0187	0.0187	0.0187	0.0187
36	0.0591	0.0591	0.0591	0.0591	0.0591	0.9428	0.9428	0.9428	0.9428	0.9428	0.9428	0.9428	0.9428	0.9428	0.9428	0.9428	0.9428	0.9428	0.0042	0.0042	0.0042	0.0042	0.0042	0.0042	0.0042	0.0042	0.0052	0.0042	0.0042	0.0042	0.0042	0.0042	0.0042	0.0075	0.0042	0.0042	0.0042	0.0042	0.0069	0.0042	0.0511	0.0042	0.0042	0.0042	0.0042	0.0042	0.0042	0.0042	0.0042	0.008	0.0042	0.0042	0.0042	0.0052	0.0042	0.0042	0.0042	0.0073	0.0042	0.0042	0.0042	0.0042	0.0042	0.0042	0.0042	0.0042	0.0042	0.0042	0.0042	0.0042	0.0067	0.0042	0.0042	0.0042	0.0042	0.0042	0.0042	0.0157	0.0042	0.0042	0.0042	0.0042	0.0075	0.0042	0.0103	0.0381	0.0042	0.0042	0.0042	0.0042	0.0042	0.0042	0.0067	0.5881	0.0042	0.0042	0.0042	0.0511	0.0042	0.0042	0.0042	0.0042	0.0042	0.0075	0.0042	0.0042	0.0042	0.0042	0.0042	0.0042	0.0042	0.0042	0.0042	0.0042	0.0042	0.0073	0.0042	0.0042	0.0042	0.0052	0.0052	0.0042	0.0042	0.0075	0.0069	0.0042	0.0042	0.0042	0.0042	0.0157	0.0103	0.0042	0.0042	0.0069	0.0103	0.0042	0.0042	0.0042	0.0042	0.0042	0.0042	0.0042	0.0042	0.0042	0.0042	0.0042	0.0042	0.0042	0.0042	0.0042	0.0042	0.0042	0.0042	0.0042	0.0511	0.0042	0.0042	0.0069	0.0042	0.0042	0.0052	0.0042	0.0042	0.0042	0.0042	0.0042	0.0103	0.0042	0.0042	0.0157	0.0075	0.0042	0.0075	0.0042	0.0052	0.0042	0.0075	0.0052	0.0042	0.0042	0.0042	0.0042	0.0042	0.0042	0.0052	0.0042	0.0069	0.0073	0.0042	0.0042	0.0042	0.0073	0.0052	0.0042	0.0042	0.0042	0.0042	0.0042	0.0042	0.0045	0.0042	0.0042	0.0042	0.0042	0.0042	0.008	0.0042	0.0042	0.0042	0.0042	0.0042	0.0042	0.0042	0.0042	0.0052	0.0042	0.0042	0.0042	0.0042	0.0052	0.0042	0.0042	0.0042	0.0073	0.0042	0.0042	0.0069	0.0042	0.0042	0.0042	0.0042	0.0052	0.0069	0.0042	0.008	0.0042	0.0042	0.0069	0.008	0.0042	0.0042	0.0042	0.0042	0.0042	0.0073	0.0042	0.0042	0.0042	0.0042	0.0042	0.0045	0.0042	0.0073	0.0042	0.0042	0.0103	0.0042	0.0042	0.0042	0.0042	0.0052	0.0042	0.008	0.0042	0.0042	0.0042	0.0042	0.0042	0.0042	0.0069	0.0073	0.0042	0.0042	0.0042	0.0042	0.0042	0.0045	0.0073	0.0042	0.0042	0.0042	0.0042	0.0042	0.0042	0.0052	0.0042	0.0042	0.0042	0.0042	0.0042	0.0042	0.0103	0.0042	0.0042	0.008	0.0073	0.0042	0.0042	0.0052	0.0042	0.0042	0.0042	0.0042	0.0069	0.0073	0.0042	0.0042	0.0042	0.0157	0.0042	0.0042	0.0042	0.0042	0.0042	0.0042	0.0042	0.0042	0.0042	0.0042	0.0045	0.0042	0.0067	0.0042	0.0042	0.0042	0.0042	0.0042	0.0052	0.0042	0.0042	0.0042	0.0042	0.0042	0.0042	0.0052	0.0042	0.0042	0.0052	0.0042	0.0042	0.0042	0.008	0.0116	0.0042	0.0381	0.0042	0.0042	0.0042	0.0045	0.0069	0.0052	0.0042	0.0042	0.0042	0.0042	0.0042	0.0075	0.0103	0.0042	0.0042	0.0042	0.0042	0.0042	0.0052	0.0042	0.0073	0.0042	0.0042	0.0381	0.0042	0.0042	0.0042	0.0042	0.0069	0.0042	0.0042	0.0116	0.0042	0.0042	0.0042	0.0042	0.0042	0.0042	0.0042	0.0045	0.0052	0.0042	0.0042	0.0042	0.0042	0.0075	0.0045	0.0042	0.0042	0.0045	0.0042	0.0042	0.0042	0.0042	0.0042	0.0075	0.0042	0.0052	0.0042	0.0052	0.0042	0.0042	0.0042	0.0042	0.0042	0.0332	0.0042	0.0042	0.0042	0.0042	0.0042	0.0042	0.0042	0.0042	0.0067	0.0045	0.0075	0.0042	0.0042	0.0042	0.0042	0.0042	0.0042	0.0042	0.0042	0.0042	0.0332	0.0042	0.0042	0.0042	0.0042	0.0042	0.0042	0.0042	0.0042	0.0073	0.0042	0.0042	0.0069	0.5881	0.0042	0.0075	0.0042	0.0042	0.0042	0.008	0.0042	0.0042	0.0042	0.0045	0.0042	0.0042	0.0052	0.0052	0.0042	0.0052	0.0042	0.0042	0.0042	0.0042	0.0042	0.0042	0.0042	0.0042	0.0042	0.0042	0.0042	0.0042	0.0157	0.0042	0.0042	0.0042	0.0103	0.0042	0.0042	0.0042	0.0042	0.0116	0.0042	0.0042	0.0042	0.0073	0.0042	0.0042	0.0042	0.0042	0.0069	0.0069	0.0042	0.0042	0.0042	0.0069	0.0042	0.0042	0.0042	0.0103	0.0075	0.0042	0.0042	0.0042	0.0042	0.0042	0.0042	0.0116	0.0042	0.0067	0.5881	0.0042	0.0042	0.0042	0.008	0.0042	0.0067	0.0332	0.0343	0.0343	0.0343	0.0343	0.0343	0.0343	0.0343	0.0343	0.0343	0.0343	0.0343	0.0343	0.0343	0.0343	0.0343	0.0343	0.0343	0.0343	0.0343	0.0343	0.0343	0.0343	0.0343	0.0343	0.0343	0.0343	0.0343	0.0343	0.0343	0.0343	0.0343	0.0343	0.0343	0.0343	0.0343	0.0343	0.0343	0.0343	0.0343	0.0343	0.0343	0.0343	0.0343	0.0343	0.0343	0.0343	0.0343	0.0343	0.0343	0.0343	0.0343	0.0343	0.0343	0.0343	0.0343	0.0343	0.0343	0.0343	0.0343	0.0343	0.0343	0.0343	0.0343	0.0343	0.0343	0.0343	0.0343	0.0343	0.0343	0.0343	0.0343	0.0343	0.0343	0.0343	0.0343	0.0343	0.0343	0.0343	0.0343	0.0343	0.0343
37	0.1201	0.1201	0.1201	0.1201	0.1201	0.8842	0.8842	0.8842	0.8842	0.8842	0.8842	0.8842	0.8842	0.8842	0.8842	0.8842	0.8842	0.8842	0.0163	0.0163	0.0163	0.0163	0.0163	0.0163	0.0163	0.0163	0.0084	0.0163	0.0163	0.0163	0.0163	0.0163	0.0163	0.019	0.0163	0.0163	0.0163	0.0163	0.0105	0.0163	0.0147	0.0163	0.0163	0.0163	0.0163	0.0163	0.0163	0.0163	0.0163	0.0103	0.0163	0.0163	0.0163	0.0084	0.0163	0.0163	0.0163	0.0095	0.0163	0.0163	0.0163	0.0163	0.0163	0.0163	0.0163	0.0163	0.0163	0.0163	0.0163	0.0163	0.012	0.0163	0.0163	0.0163	0.0163	0.0163	0.0163	0.0151	0.0163	0.0163	0.0163	0.0163	0.019	0.0163	0.0138	0.0053	0.0163	0.0163	0.0163	0.0163	0.0163	0.0163	0.012	0.0331	0.0163	0.0163	0.0163	0.0147	0.0163	0.0163	0.0163	0.0163	0.0163	0.019	0.0163	0.0163	0.0163	0.0163	0.0163	0.0163	0.0163	0.0163	0.0163	0.0163	0.0163	0.0095	0.0163	0.0163	0.0163	0.0084	0.0084	0.0163	0.0163	0.019	0.0105	0.0163	0.0163	0.0163	0.0163	0.0151	0.0109	0.0163	0.0163	0.0105	0.0109	0.0163	0.0163	0.0163	0.0163	0.0163	0.0163	0.0163	0.0163	0.0163	0.0163	0.0163	0.0163	0.0163	0.0163	0.0163	0.0163	0.0163	0.0163	0.0163	0.0147	0.0163	0.0163	0.0105	0.0163	0.0163	0.0084	0.0163	0.0163	0.0163	0.0163	0.0163	0.0109	0.0163	0.0163	0.0151	0.019	0.0163	0.019	0.0163	0.0084	0.0163	0.019	0.0084	0.0163	0.0163	0.0163	0.0163	0.0163	0.0163	0.0084	0.0163	0.0105	0.0095	0.0163	0.0163	0.0163	0.0095	0.0084	0.0163	0.0163	0.0163	0.0163	0.0163	0.0163	0.012	0.0163	0.0163	0.0163	0.0163	0.0163	0.0103	0.0163	0.0163	0.0163	0.0163	0.0163	0.0163	0.0163	0.0163	0.0084	0.0163	0.0163	0.0163	0.0163	0.0084	0.0163	0.0163	0.0163	0.0095	0.0163	0.0163	0.0105	0.0163	0.0163	0.0163	0.0163	0.0084	0.0105	0.0163	0.0103	0.0163	0.0163	0.0105	0.0103	0.0163	0.0163	0.0163	0.0163	0.0163	0.0095	0.0163	0.0163	0.0163	0.0163	0.0163	0.012	0.0163	0.0095	0.0163	0.0163	0.0138	0.0163	0.0163	0.0163	0.0163	0.0084	0.0163	0.0103	0.0163	0.0163	0.0163	0.0163	0.0163	0.0163	0.0105	0.0095	0.0163	0.0163	0.0163	0.0163	0.0163	0.012	0.0095	0.0163	0.0163	0.0163	0.0163	0.0163	0.0163	0.0084	0.0163	0.0163	0.0163	0.0163	0.0163	0.0163	0.0138	0.0163	0.0163	0.0103	0.0095	0.0163	0.0163	0.0084	0.0163	0.0163	0.0163	0.0163	0.0105	0.0095	0.0163	0.0163	0.0163	0.0151	0.0163	0.0163	0.0163	0.0163	0.0163	0.0163	0.0163	0.0163	0.0163	0.0163	0.012	0.0163	0.012	0.0163	0.0163	0.0163	0.0163	0.0163	0.0084	0.0163	0.0163	0.0163	0.0163	0.0163	0.0163	0.0084	0.0163	0.0163	0.0084	0.0163	0.0163	0.0163	0.0103	0.0287	0.0163	0.0053	0.0163	0.0163	0.0163	0.012	0.0105	0.0084	0.0163	0.0163	0.0163	0.0163	0.0163	0.019	0.0109	0.0163	0.0163	0.0163	0.0163	0.0163	0.0084	0.0163	0.0095	0.0163	0.0163	0.0053	0.0163	0.0163	0.0163	0.0163	0.0105	0.0163	0.0163	0.0287	0.0163	0.0163	0.0163	0.0163	0.0163	0.0163	0.0163	0.012	0.0084	0.0163	0.0163	0.0163	0.0163	0.019	0.012	0.0163	0.0163	0.012	0.0163	0.0163	0.0163	0.0163	0.0163	0.019	0.0163	0.0084	0.0163	0.0084	0.0163	0.0163	0.0163	0.0163	0.0163	0.0216	0.0163	0.0163	0.0163	0.0163	0.0163	0.0163	0.0163	0.0163	0.012	0.012	0.019	0.0163	0.0163	0.0163	0.0163	0.0163	0.0163	0.0163	0.0163	0.0163	0.0216	0.0163	0.0163	0.0163	0.0163	0.0163	0.0163	0.0163	0.0163	0.0095	0.0163	0.0163	0.0105	0.0331	0.0163	0.019	0.0163	0.0163	0.0163	0.0103	0.0163	0.0163	0.0163	0.012	0.0163	0.0163	0.0084	0.0084	0.0163	0.0084	0.0163	0.0163	0.0163	0.0163	0.0163	0.0163	0.0163	0.0163	0.0163	0.0163	0.0163	0.0163	0.0151	0.0163	0.0163	0.0163	0.0138	0.0163	0.0163	0.0163	0.0163	0.0287	0.0163	0.0163	0.0163	0.0095	0.0163	0.0163	0.0163	0.0163	0.0105	0.0105	0.0163	0.0163	0.0163	0.0105	0.0163	0.0163	0.0163	0.0109	0.019	0.0163	0.0163	0.0163	0.0163	0.0163	0.0163	0.0287	0.0163	0.012	0.0331	0.0163	0.0163	0.0163	0.0103	0.0163	0.012	0.0216	0.0046	0.0046	0.0046	0.0046	0.0046	0.0046	0.0046	0.0046	0.0046	0.0046	0.0046	0.0046	0.0046	0.0046	0.0046	0.0046	0.0046	0.0046	0.0046	0.0046	0.0046	0.0046	0.0046	0.0046	0.0046	0.0046	0.0046	0.0046	0.0046	0.0046	0.0046	0.0046	0.0046	0.0046	0.0046	0.0046	0.0046	0.0046	0.0046	0.0046	0.0046	0.0046	0.0046	0.0046	0.0046	0.0046	0.0046	0.0046	0.0046	0.0046	0.0046	0.0046	0.0046	0.0046	0.0046	0.0046	0.0046	0.0046	0.0046	0.0046	0.0046	0.0046	0.0046	0.0046	0.0046	0.0046	0.0046	0.0046	0.0046	0.0046	0.0046	0.0046	0.0046	0.0046	0.0046	0.0046	0.0046	0.0046	0.0046	0.0046	0.0046
38	0.0727	0.0727	0.0727	0.0727	0.0727	0.8852	0.8852	0.8852	0.8852	0.8852	0.8852	0.8852	0.8852	0.8852	0.8852	0.8852	0.8852	0.8852	0.0059	0.0059	0.0059	0.0059	0.0059	0.0059	0.0059	0.0059	0.0105	0.0059	0.0059	0.0059	0.0059	0.0059	0.0059	0.0136	0.0059	0.0059	0.0059	0.0059	0.0135	0.0059	0.012	0.0059	0.0059	0.0059	0.0059	0.0059	0.0059	0.0059	0.0059	0.0136	0.0059	0.0059	0.0059	0.0105	0.0059	0.0059	0.0059	0.0106	0.0059	0.0059	0.0059	0.0059	0.0059	0.0059	0.0059	0.0059	0.0059	0.0059	0.0059	0.0059	0.0122	0.0059	0.0059	0.0059	0.0059	0.0059	0.0059	0.0241	0.0059	0.0059	0.0059	0.0059	0.0136	0.0059	0.0578	0.7107	0.0059	0.0059	0.0059	0.0059	0.0059	0.0059	0.0122	0.0158	0.0059	0.0059	0.0059	0.012	0.0059	0.0059	0.0059	0.0059	0.0059	0.0136	0.0059	0.0059	0.0059	0.0059	0.0059	0.0059	0.0059	0.0059	0.0059	0.0059	0.0059	0.0106	0.0059	0.0059	0.0059	0.0105	0.0105	0.0059	0.0059	0.0136	0.0135	0.0059	0.0059	0.0059	0.0059	0.0241	0.0169	0.0059	0.0059	0.0135	0.0169	0.0059	0.0059	0.0059	0.0059	0.0059	0.0059	0.0059	0.0059	0.0059	0.0059	0.0059	0.0059	0.0059	0.0059	0.0059	0.0059	0.0059	0.0059	0.0059	0.012	0.0059	0.0059	0.0135	0.0059	0.0059	0.0105	0.0059	0.0059	0.0059	0.0059	0.0059	0.0169	0.0059	0.0059	0.0241	0.0136	0.0059	0.0136	0.0059	0.0105	0.0059	0.0136	0.0105	0.0059	0.0059	0.0059	0.0059	0.0059	0.0059	0.0105	0.0059	0.0135	0.0106	0.0059	0.0059	0.0059	0.0106	0.0105	0.0059	0.0059	0.0059	0.0059	0.0059	0.0059	0.0199	0.0059	0.0059	0.0059	0.0059	0.0059	0.0136	0.0059	0.0059	0.0059	0.0059	0.0059	0.0059	0.0059	0.0059	0.0105	0.0059	0.0059	0.0059	0.0059	0.0105	0.0059	0.0059	0.0059	0.0106	0.0059	0.0059	0.0135	0.0059	0.0059	0.0059	0.0059	0.0105	0.0135	0.0059	0.0136	0.0059	0.0059	0.0135	0.0136	0.0059	0.0059	0.0059	0.0059	0.0059	0.0106	0.0059	0.0059	0.0059	0.0059	0.0059	0.0199	0.0059	0.0106	0.0059	0.0059	0.0578	0.0059	0.0059	0.0059	0.0059	0.0105	0.0059	0.0136	0.0059	0.0059	0.0059	0.0059	0.0059	0.0059	0.0135	0.0106	0.0059	0.0059	0.0059	0.0059	0.0059	0.0199	0.0106	0.0059	0.0059	0.0059	0.0059	0.0059	0.0059	0.0105	0.0059	0.0059	0.0059	0.0059	0.0059	0.0059	0.0578	0.0059	0.0059	0.0136	0.0106	0.0059	0.0059	0.0105	0.0059	0.0059	0.0059	0.0059	0.0135	0.0106	0.0059	0.0059	0.0059	0.0241	0.0059	0.0059	0.0059	0.0059	0.0059	0.0059	0.0059	0.0059	0.0059	0.0059	0.0199	0.0059	0.0122	0.0059	0.0059	0.0059	0.0059	0.0059	0.0105	0.0059	0.0059	0.0059	0.0059	0.0059	0.0059	0.0105	0.0059	0.0059	0.0105	0.0059	0.0059	0.0059	0.0136	0.0136	0.0059	0.7107	0.0059	0.0059	0.0059	0.0199	0.0135	0.0105	0.0059	0.0059	0.0059	0.0059	0.0059	0.0136	0.0169	0.0059	0.0059	0.0059	0.0059	0.0059	0.0105	0.0059	0.0106	0.0059	0.0059	0.7107	0.0059	0.0059	0.0059	0.0059	0.0135	0.0059	0.0059	0.0136	0.0059	0.0059	0.0059	0.0059	0.0059	0.0059	0.0059	0.0199	0.0105	0.0059	0.0059	0.0059	0.0059	0.0136	0.0199	0.0059	0.0059	0.0199	0.0059	0.0059	0.0059	0.0059	0.0059	0.0136	0.0059	0.0105	0.0059	0.0105	0.0059	0.0059	0.0059	0.0059	0.0059	0.0219	0.0059	0.0059	0.0059	0.0059	0.0059	0.0059	0.0059	0.0059	0.0122	0.0199	0.0136	0.0059	0.0059	0.0059	0.0059	0.0059	0.0059	0.0059	0.0059	0.0059	0.0219	0.0059	0.0059	0.0059	0.0059	0.0059	0.0059	0.0059	0.0059	0.0106	0.0059	0.0059	0.0135	0.0158	0.0059	0.0136	0.0059	0.0059	0.0059	0.0136	0.0059	0.0059	0.0059	0.0199	0.0059	0.0059	0.0105	0.0105	0.0059	0.0105	0.0059	0.0059	0.0059	0.0059	0.0059	0.0059	0.0059	0.0059	0.0059	0.0059	0.0059	0.0059	0.0241	0.0059	0.0059	0.0059	0.0578	0.0059	0.0059	0.0059	0.0059	0.0136	0.0059	0.0059	0.0059	0.0106	0.0059	0.0059	0.0059	0.0059	0.0135	0.0135	0.0059	0.0059	0.0059	0.0135	0.0059	0.0059	0.0059	0.0169	0.0136	0.0059	0.0059	0.0059	0.0059	0.0059	0.0059	0.0136	0.0059	0.0122	0.0158	0.0059	0.0059	0.0059	0.0136	0.0059	0.0122	0.0219	0.0178	0.0178	0.0178	0.0178	0.0178	0.0178	0.0178	0.0178	0.0178	0.0178	0.0178	0.0178	0.0178	0.0178	0.0178	0.0178	0.0178	0.0178	0.0178	0.0178	0.0178	0.0178	0.0178	0.0178	0.0178	0.0178	0.0178	0.0178	0.0178	0.0178	0.0178	0.0178	0.0178	0.0178	0.0178	0.0178	0.0178	0.0178	0.0178	0.0178	0.0178	0.0178	0.0178	0.0178	0.0178	0.0178	0.0178	0.0178	0.0178	0.0178	0.0178	0.0178	0.0178	0.0178	0.0178	0.0178	0.0178	0.0178	0.0178	0.0178	0.0178	0.0178	0.0178	0.0178	0.0178	0.0178	0.0178	0.0178	0.0178	0.0178	0.0178	0.0178	0.0178	0.0178	0.0178	0.0178	0.0178	0.0178	0.0178	0.0178	0.0178
39	0.0614	0.0614	0.0614	0.0614	0.0614	0.9434	0.9434	0.9434	0.9434	0.9434	0.9434	0.9434	0.9434	0.9434	0.9434	0.9434	0.9434	0.9434	0.0045	0.0045	0.0045	0.0045	0.0045	0.0045	0.0045	0.0045	0.0062	0.0045	0.0045	0.0045	0.0045	0.0045	0.0045	0.0038	0.0045	0.0045	0.0045	0.0045	0.0048	0.0045	0.0067	0.0045	0.0045	0.0045	0.0045	0.0045	0.0045	0.0045	0.0045	0.0051	0.0045	0.0045	0.0045	0.0062	0.0045	0.0045	0.0045	0.0059	0.0045	0.0045	0.0045	0.0045	0.0045	0.0045	0.0045	0.0045	0.0045	0.0045	0.0045	0.0045	0.0057	0.0045	0.0045	0.0045	0.0045	0.0045	0.0045	0.0069	0.0045	0.0045	0.0045	0.0045	0.0038	0.0045	0.006	0.4045	0.0045	0.0045	0.0045	0.0045	0.0045	0.0045	0.0057	0.1058	0.0045	0.0045	0.0045	0.0067	0.0045	0.0045	0.0045	0.0045	0.0045	0.0038	0.0045	0.0045	0.0045	0.0045	0.0045	0.0045	0.0045	0.0045	0.0045	0.0045	0.0045	0.0059	0.0045	0.0045	0.0045	0.0062	0.0062	0.0045	0.0045	0.0038	0.0048	0.0045	0.0045	0.0045	0.0045	0.0069	0.0093	0.0045	0.0045	0.0048	0.0093	0.0045	0.0045	0.0045	0.0045	0.0045	0.0045	0.0045	0.0045	0.0045	0.0045	0.0045	0.0045	0.0045	0.0045	0.0045	0.0045	0.0045	0.0045	0.0045	0.0067	0.0045	0.0045	0.0048	0.0045	0.0045	0.0062	0.0045	0.0045	0.0045	0.0045	0.0045	0.0093	0.0045	0.0045	0.0069	0.0038	0.0045	0.0038	0.0045	0.0062	0.0045	0.0038	0.0062	0.0045	0.0045	0.0045	0.0045	0.0045	0.0045	0.0062	0.0045	0.0048	0.0059	0.0045	0.0045	0.0045	0.0059	0.0062	0.0045	0.0045	0.0045	0.0045	0.0045	0.0045	0.006	0.0045	0.0045	0.0045	0.0045	0.0045	0.0051	0.0045	0.0045	0.0045	0.0045	0.0045	0.0045	0.0045	0.0045	0.0062	0.0045	0.0045	0.0045	0.0045	0.0062	0.0045	0.0045	0.0045	0.0059	0.0045	0.0045	0.0048	0.0045	0.0045	0.0045	0.0045	0.0062	0.0048	0.0045	0.0051	0.0045	0.0045	0.0048	0.0051	0.0045	0.0045	0.0045	0.0045	0.0045	0.0059	0.0045	0.0045	0.0045	0.0045	0.0045	0.006	0.0045	0.0059	0.0045	0.0045	0.006	0.0045	0.0045	0.0045	0.0045	0.0062	0.0045	0.0051	0.0045	0.0045	0.0045	0.0045	0.0045	0.0045	0.0048	0.0059	0.0045	0.0045	0.0045	0.0045	0.0045	0.006	0.0059	0.0045	0.0045	0.0045	0.0045	0.0045	0.0045	0.0062	0.0045	0.0045	0.0045	0.0045	0.0045	0.0045	0.006	0.0045	0.0045	0.0051	0.0059	0.0045	0.0045	0.0062	0.0045	0.0045	0.0045	0.0045	0.0048	0.0059	0.0045	0.0045	0.0045	0.0069	0.0045	0.0045	0.0045	0.0045	0.0045	0.0045	0.0045	0.0045	0.0045	0.0045	0.006	0.0045	0.0057	0.0045	0.0045	0.0045	0.0045	0.0045	0.0062	0.0045	0.0045	0.0045	0.0045	0.0045	0.0045	0.0062	0.0045	0.0045	0.0062	0.0045	0.0045	0.0045	0.0051	0.0046	0.0045	0.4045	0.0045	0.0045	0.0045	0.006	0.0048	0.0062	0.0045	0.0045	0.0045	0.0045	0.0045	0.0038	0.0093	0.0045	0.0045	0.0045	0.0045	0.0045	0.0062	0.0045	0.0059	0.0045	0.0045	0.4045	0.0045	0.0045	0.0045	0.0045	0.0048	0.0045	0.0045	0.0046	0.0045	0.0045	0.0045	0.0045	0.0045	0.0045	0.0045	0.006	0.0062	0.0045	0.0045	0.0045	0.0045	0.0038	0.006	0.0045	0.0045	0.006	0.0045	0.0045	0.0045	0.0045	0.0045	0.0038	0.0045	0.0062	0.0045	0.0062	0.0045	0.0045	0.0045	0.0045	0.0045	0.0119	0.0045	0.0045	0.0045	0.0045	0.0045	0.0045	0.0045	0.0045	0.0057	0.006	0.0038	0.0045	0.0045	0.0045	0.0045	0.0045	0.0045	0.0045	0.0045	0.0045	0.0119	0.0045	0.0045	0.0045	0.0045	0.0045	0.0045	0.0045	0.0045	0.0059	0.0045	0.0045	0.0048	0.1058	0.0045	0.0038	0.0045	0.0045	0.0045	0.0051	0.0045	0.0045	0.0045	0.006	0.0045	0.0045	0.0062	0.0062	0.0045	0.0062	0.0045	0.0045	0.0045	0.0045	0.0045	0.0045	0.0045	0.0045	0.0045	0.0045	0.0045	0.0045	0.0069	0.0045	0.0045	0.0045	0.006	0.0045	0.0045	0.0045	0.0045	0.0046	0.0045	0.0045	0.0045	0.0059	0.0045	0.0045	0.0045	0.0045	0.0048	0.0048	0.0045	0.0045	0.0045	0.0048	0.0045	0.0045	0.0045	0.0093	0.0038	0.0045	0.0045	0.0045	0.0045	0.0045	0.0045	0.0046	0.0045	0.0057	0.1058	0.0045	0.0045	0.0045	0.0051	0.0045	0.0057	0.0119	0.0377	0.0377	0.0377	0.0377	0.0377	0.0377	0.0377	0.0377	0.0377	0.0377	0.0377	0.0377	0.0377	0.0377	0.0377	0.0377	0.0377	0.0377	0.0377	0.0377	0.0377	0.0377	0.0377	0.0377	0.0377	0.0377	0.0377	0.0377	0.0377	0.0377	0.0377	0.0377	0.0377	0.0377	0.0377	0.0377	0.0377	0.0377	0.0377	0.0377	0.0377	0.0377	0.0377	0.0377	0.0377	0.0377	0.0377	0.0377	0.0377	0.0377	0.0377	0.0377	0.0377	0.0377	0.0377	0.0377	0.0377	0.0377	0.0377	0.0377	0.0377	0.0377	0.0377	0.0377	0.0377	0.0377	0.0377	0.0377	0.0377	0.0377	0.0377	0.0377	0.0377	0.0377	0.0377	0.0377	0.0377	0.0377	0.0377	0.0377	0.0377
40	0.0932	0.0932	0.0932	0.0932	0.0932	0.9665	0.9665	0.9665	0.9665	0.9665	0.9665	0.9665	0.9665	0.9665	0.9665	0.9665	0.9665	0.9665	0.0051	0.0051	0.0051	0.0051	0.0051	0.0051	0.0051	0.0051	0.0044	0.0051	0.0051	0.0051	0.0051	0.0051	0.0051	0.0094	0.0051	0.0051	0.0051	0.0051	0.0057	0.0051	0.0096	0.0051	0.0051	0.0051	0.0051	0.0051	0.0051	0.0051	0.0051	0.0039	0.0051	0.0051	0.0051	0.0044	0.0051	0.0051	0.0051	0.0039	0.0051	0.0051	0.0051	0.0051	0.0051	0.0051	0.0051	0.0051	0.0051	0.0051	0.0051	0.0051	0.0089	0.0051	0.0051	0.0051	0.0051	0.0051	0.0051	0.0123	0.0051	0.0051	0.0051	0.0051	0.0094	0.0051	0.0181	0.6307	0.0051	0.0051	0.0051	0.0051	0.0051	0.0051	0.0089	0.0391	0.0051	0.0051	0.0051	0.0096	0.0051	0.0051	0.0051	0.0051	0.0051	0.0094	0.0051	0.0051	0.0051	0.0051	0.0051	0.0051	0.0051	0.0051	0.0051	0.0051	0.0051	0.0039	0.0051	0.0051	0.0051	0.0044	0.0044	0.0051	0.0051	0.0094	0.0057	0.0051	0.0051	0.0051	0.0051	0.0123	0.0091	0.0051	0.0051	0.0057	0.0091	0.0051	0.0051	0.0051	0.0051	0.0051	0.0051	0.0051	0.0051	0.0051	0.0051	0.0051	0.0051	0.0051	0.0051	0.0051	0.0051	0.0051	0.0051	0.0051	0.0096	0.0051	0.0051	0.0057	0.0051	0.0051	0.0044	0.0051	0.0051	0.0051	0.0051	0.0051	0.0091	0.0051	0.0051	0.0123	0.0094	0.0051	0.0094	0.0051	0.0044	0.0051	0.0094	0.0044	0.0051	0.0051	0.0051	0.0051	0.0051	0.0051	0.0044	0.0051	0.0057	0.0039	0.0051	0.0051	0.0051	0.0039	0.0044	0.0051	0.0051	0.0051	0.0051	0.0051	0.0051	0.0072	0.0051	0.0051	0.0051	0.0051	0.0051	0.0039	0.0051	0.0051	0.0051	0.0051	0.0051	0.0051	0.0051	0.0051	0.0044	0.0051	0.0051	0.0051	0.0051	0.0044	0.0051	0.0051	0.0051	0.0039	0.0051	0.0051	0.0057	0.0051	0.0051	0.0051	0.0051	0.0044	0.0057	0.0051	0.0039	0.0051	0.0051	0.0057	0.0039	0.0051	0.0051	0.0051	0.0051	0.0051	0.0039	0.0051	0.0051	0.0051	0.0051	0.0051	0.0072	0.0051	0.0039	0.0051	0.0051	0.0181	0.0051	0.0051	0.0051	0.0051	0.0044	0.0051	0.0039	0.0051	0.0051	0.0051	0.0051	0.0051	0.0051	0.0057	0.0039	0.0051	0.0051	0.0051	0.0051	0.0051	0.0072	0.0039	0.0051	0.0051	0.0051	0.0051	0.0051	0.0051	0.0044	0.0051	0.0051	0.0051	0.0051	0.0051	0.0051	0.0181	0.0051	0.0051	0.0039	0.0039	0.0051	0.0051	0.0044	0.0051	0.0051	0.0051	0.0051	0.0057	0.0039	0.0051	0.0051	0.0051	0.0123	0.0051	0.0051	0.0051	0.0051	0.0051	0.0051	0.0051	0.0051	0.0051	0.0051	0.0072	0.0051	0.0089	0.0051	0.0051	0.0051	0.0051	0.0051	0.0044	0.0051	0.0051	0.0051	0.0051	0.0051	0.0051	0.0044	0.0051	0.0051	0.0044	0.0051	0.0051	0.0051	0.0039	0.01	0.0051	0.6307	0.0051	0.0051	0.0051	0.0072	0.0057	0.0044	0.0051	0.0051	0.0051	0.0051	0.0051	0.0094	0.0091	0.0051	0.0051	0.0051	0.0051	0.0051	0.0044	0.0051	0.0039	0.0051	0.0051	0.6307	0.0051	0.0051	0.0051	0.0051	0.0057	0.0051	0.0051	0.01	0.0051	0.0051	0.0051	0.0051	0.0051	0.0051	0.0051	0.0072	0.0044	0.0051	0.0051	0.0051	0.0051	0.0094	0.0072	0.0051	0.0051	0.0072	0.0051	0.0051	0.0051	0.0051	0.0051	0.0094	0.0051	0.0044	0.0051	0.0044	0.0051	0.0051	0.0051	0.0051	0.0051	0.0157	0.0051	0.0051	0.0051	0.0051	0.0051	0.0051	0.0051	0.0051	0.0089	0.0072	0.0094	0.0051	0.0051	0.0051	0.0051	0.0051	0.0051	0.0051	0.0051	0.0051	0.0157	0.0051	0.0051	0.0051	0.0051	0.0051	0.0051	0.0051	0.0051	0.0039	0.0051	0.0051	0.0057	0.0391	0.0051	0.0094	0.0051	0.0051	0.0051	0.0039	0.0051	0.0051	0.0051	0.0072	0.0051	0.0051	0.0044	0.0044	0.0051	0.0044	0.0051	0.0051	0.0051	0.0051	0.0051	0.0051	0.0051	0.0051	0.0051	0.0051	0.0051	0.0051	0.0123	0.0051	0.0051	0.0051	0.0181	0.0051	0.0051	0.0051	0.0051	0.01	0.0051	0.0051	0.0051	0.0039	0.0051	0.0051	0.0051	0.0051	0.0057	0.0057	0.0051	0.0051	0.0051	0.0057	0.0051	0.0051	0.0051	0.0091	0.0094	0.0051	0.0051	0.0051	0.0051	0.0051	0.0051	0.01	0.0051	0.0089	0.0391	0.0051	0.0051	0.0051	0.0039	0.0051	0.0089	0.0157	0.0053	0.0053	0.0053	0.0053	0.0053	0.0053	0.0053	0.0053	0.0053	0.0053	0.0053	0.0053	0.0053	0.0053	0.0053	0.0053	0.0053	0.0053	0.0053	0.0053	0.0053	0.0053	0.0053	0.0053	0.0053	0.0053	0.0053	0.0053	0.0053	0.0053	0.0053	0.0053	0.0053	0.0053	0.0053	0.0053	0.0053	0.0053	0.0053	0.0053	0.0053	0.0053	0.0053	0.0053	0.0053	0.0053	0.0053	0.0053	0.0053	0.0053	0.0053	0.0053	0.0053	0.0053	0.0053	0.0053	0.0053	0.0053	0.0053	0.0053	0.0053	0.0053	0.0053	0.0053	0.0053	0.0053	0.0053	0.0053	0.0053	0.0053	0.0053	0.0053	0.0053	0.0053	0.0053	0.0053	0.0053	0.0053	0.0053	0.0053	0.0053
41	0.0602	0.0602	0.0602	0.0602	0.0602	0.9662	0.9662	0.9662	0.9662	0.9662	0.9662	0.9662	0.9662	0.9662	0.9662	0.9662	0.9662	0.9662	0.0004	0.0004	0.0004	0.0004	0.0004	0.0004	0.0004	0.0004	0.005	0.0004	0.0004	0.0004	0.0004	0.0004	0.0004	0.0049	0.0004	0.0004	0.0004	0.0004	0.0036	0.0004	0.0085	0.0004	0.0004	0.0004	0.0004	0.0004	0.0004	0.0004	0.0004	0.0058	0.0004	0.0004	0.0004	0.005	0.0004	0.0004	0.0004	0.0044	0.0004	0.0004	0.0004	0.0004	0.0004	0.0004	0.0004	0.0004	0.0004	0.0004	0.0004	0.0004	0.004	0.0004	0.0004	0.0004	0.0004	0.0004	0.0004	0.0097	0.0004	0.0004	0.0004	0.0004	0.0049	0.0004	0.0056	0.1719	0.0004	0.0004	0.0004	0.0004	0.0004	0.0004	0.004	0.0273	0.0004	0.0004	0.0004	0.0085	0.0004	0.0004	0.0004	0.0004	0.0004	0.0049	0.0004	0.0004	0.0004	0.0004	0.0004	0.0004	0.0004	0.0004	0.0004	0.0004	0.0004	0.0044	0.0004	0.0004	0.0004	0.005	0.005	0.0004	0.0004	0.0049	0.0036	0.0004	0.0004	0.0004	0.0004	0.0097	0.005	0.0004	0.0004	0.0036	0.005	0.0004	0.0004	0.0004	0.0004	0.0004	0.0004	0.0004	0.0004	0.0004	0.0004	0.0004	0.0004	0.0004	0.0004	0.0004	0.0004	0.0004	0.0004	0.0004	0.0085	0.0004	0.0004	0.0036	0.0004	0.0004	0.005	0.0004	0.0004	0.0004	0.0004	0.0004	0.005	0.0004	0.0004	0.0097	0.0049	0.0004	0.0049	0.0004	0.005	0.0004	0.0049	0.005	0.0004	0.0004	0.0004	0.0004	0.0004	0.0004	0.005	0.0004	0.0036	0.0044	0.0004	0.0004	0.0004	0.0044	0.005	0.0004	0.0004	0.0004	0.0004	0.0004	0.0004	0.0045	0.0004	0.0004	0.0004	0.0004	0.0004	0.0058	0.0004	0.0004	0.0004	0.0004	0.0004	0.0004	0.0004	0.0004	0.005	0.0004	0.0004	0.0004	0.0004	0.005	0.0004	0.0004	0.0004	0.0044	0.0004	0.0004	0.0036	0.0004	0.0004	0.0004	0.0004	0.005	0.0036	0.0004	0.0058	0.0004	0.0004	0.0036	0.0058	0.0004	0.0004	0.0004	0.0004	0.0004	0.0044	0.0004	0.0004	0.0004	0.0004	0.0004	0.0045	0.0004	0.0044	0.0004	0.0004	0.0056	0.0004	0.0004	0.0004	0.0004	0.005	0.0004	0.0058	0.0004	0.0004	0.0004	0.0004	0.0004	0.0004	0.0036	0.0044	0.0004	0.0004	0.0004	0.0004	0.0004	0.0045	0.0044	0.0004	0.0004	0.0004	0.0004	0.0004	0.0004	0.005	0.0004	0.0004	0.0004	0.0004	0.0004	0.0004	0.0056	0.0004	0.0004	0.0058	0.0044	0.0004	0.0004	0.005	0.0004	0.0004	0.0004	0.0004	0.0036	0.0044	0.0004	0.0004	0.0004	0.0097	0.0004	0.0004	0.0004	0.0004	0.0004	0.0004	0.0004	0.0004	0.0004	0.0004	0.0045	0.0004	0.004	0.0004	0.0004	0.0004	0.0004	0.0004	0.005	0.0004	0.0004	0.0004	0.0004	0.0004	0.0004	0.005	0.0004	0.0004	0.005	0.0004	0.0004	0.0004	0.0058	0.0044	0.0004	0.1719	0.0004	0.0004	0.0004	0.0045	0.0036	0.005	0.0004	0.0004	0.0004	0.0004	0.0004	0.0049	0.005	0.0004	0.0004	0.0004	0.0004	0.0004	0.005	0.0004	0.0044	0.0004	0.0004	0.1719	0.0004	0.0004	0.0004	0.0004	0.0036	0.0004	0.0004	0.0044	0.0004	0.0004	0.0004	0.0004	0.0004	0.0004	0.0004	0.0045	0.005	0.0004	0.0004	0.0004	0.0004	0.0049	0.0045	0.0004	0.0004	0.0045	0.0004	0.0004	0.0004	0.0004	0.0004	0.0049	0.0004	0.005	0.0004	0.005	0.0004	0.0004	0.0004	0.0004	0.0004	0.0114	0.0004	0.0004	0.0004	0.0004	0.0004	0.0004	0.0004	0.0004	0.004	0.0045	0.0049	0.0004	0.0004	0.0004	0.0004	0.0004	0.0004	0.0004	0.0004	0.0004	0.0114	0.0004	0.0004	0.0004	0.0004	0.0004	0.0004	0.0004	0.0004	0.0044	0.0004	0.0004	0.0036	0.0273	0.0004	0.0049	0.0004	0.0004	0.0004	0.0058	0.0004	0.0004	0.0004	0.0045	0.0004	0.0004	0.005	0.005	0.0004	0.005	0.0004	0.0004	0.0004	0.0004	0.0004	0.0004	0.0004	0.0004	0.0004	0.0004	0.0004	0.0004	0.0097	0.0004	0.0004	0.0004	0.0056	0.0004	0.0004	0.0004	0.0004	0.0044	0.0004	0.0004	0.0004	0.0044	0.0004	0.0004	0.0004	0.0004	0.0036	0.0036	0.0004	0.0004	0.0004	0.0036	0.0004	0.0004	0.0004	0.005	0.0049	0.0004	0.0004	0.0004	0.0004	0.0004	0.0004	0.0044	0.0004	0.004	0.0273	0.0004	0.0004	0.0004	0.0058	0.0004	0.004	0.0114	0.0175	0.0175	0.0175	0.0175	0.0175	0.0175	0.0175	0.0175	0.0175	0.0175	0.0175	0.0175	0.0175	0.0175	0.0175	0.0175	0.0175	0.0175	0.0175	0.0175	0.0175	0.0175	0.0175	0.0175	0.0175	0.0175	0.0175	0.0175	0.0175	0.0175	0.0175	0.0175	0.0175	0.0175	0.0175	0.0175	0.0175	0.0175	0.0175	0.0175	0.0175	0.0175	0.0175	0.0175	0.0175	0.0175	0.0175	0.0175	0.0175	0.0175	0.0175	0.0175	0.0175	0.0175	0.0175	0.0175	0.0175	0.0175	0.0175	0.0175	0.0175	0.0175	0.0175	0.0175	0.0175	0.0175	0.0175	0.0175	0.0175	0.0175	0.0175	0.0175	0.0175	0.0175	0.0175	0.0175	0.0175	0.0175	0.0175	0.0175	0.0175
42	0.091	0.091	0.091	0.091	0.091	0.896	0.896	0.896	0.896	0.896	0.896	0.896	0.896	0.896	0.896	0.896	0.896	0.896	0.0063	0.0063	0.0063	0.0063	0.0063	0.0063	0.0063	0.0063	0.0061	0.0063	0.0063	0.0063	0.0063	0.0063	0.0063	0.0067	0.0063	0.0063	0.0063	0.0063	0.0055	0.0063	0.0098	0.0063	0.0063	0.0063	0.0063	0.0063	0.0063	0.0063	0.0063	0.0083	0.0063	0.0063	0.0063	0.0061	0.0063	0.0063	0.0063	0.0065	0.0063	0.0063	0.0063	0.0063	0.0063	0.0063	0.0063	0.0063	0.0063	0.0063	0.0063	0.0063	0.0043	0.0063	0.0063	0.0063	0.0063	0.0063	0.0063	0.009	0.0063	0.0063	0.0063	0.0063	0.0067	0.0063	0.0065	0.0034	0.0063	0.0063	0.0063	0.0063	0.0063	0.0063	0.0043	0.0204	0.0063	0.0063	0.0063	0.0098	0.0063	0.0063	0.0063	0.0063	0.0063	0.0067	0.0063	0.0063	0.0063	0.0063	0.0063	0.0063	0.0063	0.0063	0.0063	0.0063	0.0063	0.0065	0.0063	0.0063	0.0063	0.0061	0.0061	0.0063	0.0063	0.0067	0.0055	0.0063	0.0063	0.0063	0.0063	0.009	0.0047	0.0063	0.0063	0.0055	0.0047	0.0063	0.0063	0.0063	0.0063	0.0063	0.0063	0.0063	0.0063	0.0063	0.0063	0.0063	0.0063	0.0063	0.0063	0.0063	0.0063	0.0063	0.0063	0.0063	0.0098	0.0063	0.0063	0.0055	0.0063	0.0063	0.0061	0.0063	0.0063	0.0063	0.0063	0.0063	0.0047	0.0063	0.0063	0.009	0.0067	0.0063	0.0067	0.0063	0.0061	0.0063	0.0067	0.0061	0.0063	0.0063	0.0063	0.0063	0.0063	0.0063	0.0061	0.0063	0.0055	0.0065	0.0063	0.0063	0.0063	0.0065	0.0061	0.0063	0.0063	0.0063	0.0063	0.0063	0.0063	0.0044	0.0063	0.0063	0.0063	0.0063	0.0063	0.0083	0.0063	0.0063	0.0063	0.0063	0.0063	0.0063	0.0063	0.0063	0.0061	0.0063	0.0063	0.0063	0.0063	0.0061	0.0063	0.0063	0.0063	0.0065	0.0063	0.0063	0.0055	0.0063	0.0063	0.0063	0.0063	0.0061	0.0055	0.0063	0.0083	0.0063	0.0063	0.0055	0.0083	0.0063	0.0063	0.0063	0.0063	0.0063	0.0065	0.0063	0.0063	0.0063	0.0063	0.0063	0.0044	0.0063	0.0065	0.0063	0.0063	0.0065	0.0063	0.0063	0.0063	0.0063	0.0061	0.0063	0.0083	0.0063	0.0063	0.0063	0.0063	0.0063	0.0063	0.0055	0.0065	0.0063	0.0063	0.0063	0.0063	0.0063	0.0044	0.0065	0.0063	0.0063	0.0063	0.0063	0.0063	0.0063	0.0061	0.0063	0.0063	0.0063	0.0063	0.0063	0.0063	0.0065	0.0063	0.0063	0.0083	0.0065	0.0063	0.0063	0.0061	0.0063	0.0063	0.0063	0.0063	0.0055	0.0065	0.0063	0.0063	0.0063	0.009	0.0063	0.0063	0.0063	0.0063	0.0063	0.0063	0.0063	0.0063	0.0063	0.0063	0.0044	0.0063	0.0043	0.0063	0.0063	0.0063	0.0063	0.0063	0.0061	0.0063	0.0063	0.0063	0.0063	0.0063	0.0063	0.0061	0.0063	0.0063	0.0061	0.0063	0.0063	0.0063	0.0083	0.0081	0.0063	0.0034	0.0063	0.0063	0.0063	0.0044	0.0055	0.0061	0.0063	0.0063	0.0063	0.0063	0.0063	0.0067	0.0047	0.0063	0.0063	0.0063	0.0063	0.0063	0.0061	0.0063	0.0065	0.0063	0.0063	0.0034	0.0063	0.0063	0.0063	0.0063	0.0055	0.0063	0.0063	0.0081	0.0063	0.0063	0.0063	0.0063	0.0063	0.0063	0.0063	0.0044	0.0061	0.0063	0.0063	0.0063	0.0063	0.0067	0.0044	0.0063	0.0063	0.0044	0.0063	0.0063	0.0063	0.0063	0.0063	0.0067	0.0063	0.0061	0.0063	0.0061	0.0063	0.0063	0.0063	0.0063	0.0063	0.0105	0.0063	0.0063	0.0063	0.0063	0.0063	0.0063	0.0063	0.0063	0.0043	0.0044	0.0067	0.0063	0.0063	0.0063	0.0063	0.0063	0.0063	0.0063	0.0063	0.0063	0.0105	0.0063	0.0063	0.0063	0.0063	0.0063	0.0063	0.0063	0.0063	0.0065	0.0063	0.0063	0.0055	0.0204	0.0063	0.0067	0.0063	0.0063	0.0063	0.0083	0.0063	0.0063	0.0063	0.0044	0.0063	0.0063	0.0061	0.0061	0.0063	0.0061	0.0063	0.0063	0.0063	0.0063	0.0063	0.0063	0.0063	0.0063	0.0063	0.0063	0.0063	0.0063	0.009	0.0063	0.0063	0.0063	0.0065	0.0063	0.0063	0.0063	0.0063	0.0081	0.0063	0.0063	0.0063	0.0065	0.0063	0.0063	0.0063	0.0063	0.0055	0.0055	0.0063	0.0063	0.0063	0.0055	0.0063	0.0063	0.0063	0.0047	0.0067	0.0063	0.0063	0.0063	0.0063	0.0063	0.0063	0.0081	0.0063	0.0043	0.0204	0.0063	0.0063	0.0063	0.0083	0.0063	0.0043	0.0105	0.0183	0.0183	0.0183	0.0183	0.0183	0.0183	0.0183	0.0183	0.0183	0.0183	0.0183	0.0183	0.0183	0.0183	0.0183	0.0183	0.0183	0.0183	0.0183	0.0183	0.0183	0.0183	0.0183	0.0183	0.0183	0.0183	0.0183	0.0183	0.0183	0.0183	0.0183	0.0183	0.0183	0.0183	0.0183	0.0183	0.0183	0.0183	0.0183	0.0183	0.0183	0.0183	0.0183	0.0183	0.0183	0.0183	0.0183	0.0183	0.0183	0.0183	0.0183	0.0183	0.0183	0.0183	0.0183	0.0183	0.0183	0.0183	0.0183	0.0183	0.0183	0.0183	0.0183	0.0183	0.0183	0.0183	0.0183	0.0183	0.0183	0.0183	0.0183	0.0183	0.0183	0.0183	0.0183	0.0183	0.0183	0.0183	0.0183	0.0183	0.0183
43	0.064	0.064	0.064	0.064	0.064	0.7091	0.7091	0.7091	0.7091	0.7091	0.7091	0.7091	0.7091	0.7091	0.7091	0.7091	0.7091	0.7091	0.0104	0.0104	0.0104	0.0104	0.0104	0.0104	0.0104	0.0104	0.0067	0.0104	0.0104	0.0104	0.0104	0.0104	0.0104	0.0055	0.0104	0.0104	0.0104	0.0104	0.0056	0.0104	0.0091	0.0104	0.0104	0.0104	0.0104	0.0104	0.0104	0.0104	0.0104	0.0076	0.0104	0.0104	0.0104	0.0067	0.0104	0.0104	0.0104	0.0057	0.0104	0.0104	0.0104	0.0104	0.0104	0.0104	0.0104	0.0104	0.0104	0.0104	0.0104	0.0104	0.004	0.0104	0.0104	0.0104	0.0104	0.0104	0.0104	0.0093	0.0104	0.0104	0.0104	0.0104	0.0055	0.0104	0.0066	0.0443	0.0104	0.0104	0.0104	0.0104	0.0104	0.0104	0.004	0.0241	0.0104	0.0104	0.0104	0.0091	0.0104	0.0104	0.0104	0.0104	0.0104	0.0055	0.0104	0.0104	0.0104	0.0104	0.0104	0.0104	0.0104	0.0104	0.0104	0.0104	0.0104	0.0057	0.0104	0.0104	0.0104	0.0067	0.0067	0.0104	0.0104	0.0055	0.0056	0.0104	0.0104	0.0104	0.0104	0.0093	0.009	0.0104	0.0104	0.0056	0.009	0.0104	0.0104	0.0104	0.0104	0.0104	0.0104	0.0104	0.0104	0.0104	0.0104	0.0104	0.0104	0.0104	0.0104	0.0104	0.0104	0.0104	0.0104	0.0104	0.0091	0.0104	0.0104	0.0056	0.0104	0.0104	0.0067	0.0104	0.0104	0.0104	0.0104	0.0104	0.009	0.0104	0.0104	0.0093	0.0055	0.0104	0.0055	0.0104	0.0067	0.0104	0.0055	0.0067	0.0104	0.0104	0.0104	0.0104	0.0104	0.0104	0.0067	0.0104	0.0056	0.0057	0.0104	0.0104	0.0104	0.0057	0.0067	0.0104	0.0104	0.0104	0.0104	0.0104	0.0104	0.0056	0.0104	0.0104	0.0104	0.0104	0.0104	0.0076	0.0104	0.0104	0.0104	0.0104	0.0104	0.0104	0.0104	0.0104	0.0067	0.0104	0.0104	0.0104	0.0104	0.0067	0.0104	0.0104	0.0104	0.0057	0.0104	0.0104	0.0056	0.0104	0.0104	0.0104	0.0104	0.0067	0.0056	0.0104	0.0076	0.0104	0.0104	0.0056	0.0076	0.0104	0.0104	0.0104	0.0104	0.0104	0.0057	0.0104	0.0104	0.0104	0.0104	0.0104	0.0056	0.0104	0.0057	0.0104	0.0104	0.0066	0.0104	0.0104	0.0104	0.0104	0.0067	0.0104	0.0076	0.0104	0.0104	0.0104	0.0104	0.0104	0.0104	0.0056	0.0057	0.0104	0.0104	0.0104	0.0104	0.0104	0.0056	0.0057	0.0104	0.0104	0.0104	0.0104	0.0104	0.0104	0.0067	0.0104	0.0104	0.0104	0.0104	0.0104	0.0104	0.0066	0.0104	0.0104	0.0076	0.0057	0.0104	0.0104	0.0067	0.0104	0.0104	0.0104	0.0104	0.0056	0.0057	0.0104	0.0104	0.0104	0.0093	0.0104	0.0104	0.0104	0.0104	0.0104	0.0104	0.0104	0.0104	0.0104	0.0104	0.0056	0.0104	0.004	0.0104	0.0104	0.0104	0.0104	0.0104	0.0067	0.0104	0.0104	0.0104	0.0104	0.0104	0.0104	0.0067	0.0104	0.0104	0.0067	0.0104	0.0104	0.0104	0.0076	0.0062	0.0104	0.0443	0.0104	0.0104	0.0104	0.0056	0.0056	0.0067	0.0104	0.0104	0.0104	0.0104	0.0104	0.0055	0.009	0.0104	0.0104	0.0104	0.0104	0.0104	0.0067	0.0104	0.0057	0.0104	0.0104	0.0443	0.0104	0.0104	0.0104	0.0104	0.0056	0.0104	0.0104	0.0062	0.0104	0.0104	0.0104	0.0104	0.0104	0.0104	0.0104	0.0056	0.0067	0.0104	0.0104	0.0104	0.0104	0.0055	0.0056	0.0104	0.0104	0.0056	0.0104	0.0104	0.0104	0.0104	0.0104	0.0055	0.0104	0.0067	0.0104	0.0067	0.0104	0.0104	0.0104	0.0104	0.0104	0.0152	0.0104	0.0104	0.0104	0.0104	0.0104	0.0104	0.0104	0.0104	0.004	0.0056	0.0055	0.0104	0.0104	0.0104	0.0104	0.0104	0.0104	0.0104	0.0104	0.0104	0.0152	0.0104	0.0104	0.0104	0.0104	0.0104	0.0104	0.0104	0.0104	0.0057	0.0104	0.0104	0.0056	0.0241	0.0104	0.0055	0.0104	0.0104	0.0104	0.0076	0.0104	0.0104	0.0104	0.0056	0.0104	0.0104	0.0067	0.0067	0.0104	0.0067	0.0104	0.0104	0.0104	0.0104	0.0104	0.0104	0.0104	0.0104	0.0104	0.0104	0.0104	0.0104	0.0093	0.0104	0.0104	0.0104	0.0066	0.0104	0.0104	0.0104	0.0104	0.0062	0.0104	0.0104	0.0104	0.0057	0.0104	0.0104	0.0104	0.0104	0.0056	0.0056	0.0104	0.0104	0.0104	0.0056	0.0104	0.0104	0.0104	0.009	0.0055	0.0104	0.0104	0.0104	0.0104	0.0104	0.0104	0.0062	0.0104	0.004	0.0241	0.0104	0.0104	0.0104	0.0076	0.0104	0.004	0.0152	0.0043	0.0043	0.0043	0.0043	0.0043	0.0043	0.0043	0.0043	0.0043	0.0043	0.0043	0.0043	0.0043	0.0043	0.0043	0.0043	0.0043	0.0043	0.0043	0.0043	0.0043	0.0043	0.0043	0.0043	0.0043	0.0043	0.0043	0.0043	0.0043	0.0043	0.0043	0.0043	0.0043	0.0043	0.0043	0.0043	0.0043	0.0043	0.0043	0.0043	0.0043	0.0043	0.0043	0.0043	0.0043	0.0043	0.0043	0.0043	0.0043	0.0043	0.0043	0.0043	0.0043	0.0043	0.0043	0.0043	0.0043	0.0043	0.0043	0.0043	0.0043	0.0043	0.0043	0.0043	0.0043	0.0043	0.0043	0.0043	0.0043	0.0043	0.0043	0.0043	0.0043	0.0043	0.0043	0.0043	0.0043	0.0043	0.0043	0.0043	0.0043
44	0.1008	0.1008	0.1008	0.1008	0.1008	0.8723	0.8723	0.8723	0.8723	0.8723	0.8723	0.8723	0.8723	0.8723	0.8723	0.8723	0.8723	0.8723	0.006	0.006	0.006	0.006	0.006	0.006	0.006	0.006	0.0089	0.006	0.006	0.006	0.006	0.006	0.006	0.0112	0.006	0.006	0.006	0.006	0.0118	0.006	0.0111	0.006	0.006	0.006	0.006	0.006	0.006	0.006	0.006	0.0108	0.006	0.006	0.006	0.0089	0.006	0.006	0.006	0.0098	0.006	0.006	0.006	0.006	0.006	0.006	0.006	0.006	0.006	0.006	0.006	0.006	0.0077	0.006	0.006	0.006	0.006	0.006	0.006	0.013	0.006	0.006	0.006	0.006	0.0112	0.006	0.0092	0.0133	0.006	0.006	0.006	0.006	0.006	0.006	0.0077	0.106	0.006	0.006	0.006	0.0111	0.006	0.006	0.006	0.006	0.006	0.0112	0.006	0.006	0.006	0.006	0.006	0.006	0.006	0.006	0.006	0.006	0.006	0.0098	0.006	0.006	0.006	0.0089	0.0089	0.006	0.006	0.0112	0.0118	0.006	0.006	0.006	0.006	0.013	0.0125	0.006	0.006	0.0118	0.0125	0.006	0.006	0.006	0.006	0.006	0.006	0.006	0.006	0.006	0.006	0.006	0.006	0.006	0.006	0.006	0.006	0.006	0.006	0.006	0.0111	0.006	0.006	0.0118	0.006	0.006	0.0089	0.006	0.006	0.006	0.006	0.006	0.0125	0.006	0.006	0.013	0.0112	0.006	0.0112	0.006	0.0089	0.006	0.0112	0.0089	0.006	0.006	0.006	0.006	0.006	0.006	0.0089	0.006	0.0118	0.0098	0.006	0.006	0.006	0.0098	0.0089	0.006	0.006	0.006	0.006	0.006	0.006	0.0082	0.006	0.006	0.006	0.006	0.006	0.0108	0.006	0.006	0.006	0.006	0.006	0.006	0.006	0.006	0.0089	0.006	0.006	0.006	0.006	0.0089	0.006	0.006	0.006	0.0098	0.006	0.006	0.0118	0.006	0.006	0.006	0.006	0.0089	0.0118	0.006	0.0108	0.006	0.006	0.0118	0.0108	0.006	0.006	0.006	0.006	0.006	0.0098	0.006	0.006	0.006	0.006	0.006	0.0082	0.006	0.0098	0.006	0.006	0.0092	0.006	0.006	0.006	0.006	0.0089	0.006	0.0108	0.006	0.006	0.006	0.006	0.006	0.006	0.0118	0.0098	0.006	0.006	0.006	0.006	0.006	0.0082	0.0098	0.006	0.006	0.006	0.006	0.006	0.006	0.0089	0.006	0.006	0.006	0.006	0.006	0.006	0.0092	0.006	0.006	0.0108	0.0098	0.006	0.006	0.0089	0.006	0.006	0.006	0.006	0.0118	0.0098	0.006	0.006	0.006	0.013	0.006	0.006	0.006	0.006	0.006	0.006	0.006	0.006	0.006	0.006	0.0082	0.006	0.0077	0.006	0.006	0.006	0.006	0.006	0.0089	0.006	0.006	0.006	0.006	0.006	0.006	0.0089	0.006	0.006	0.0089	0.006	0.006	0.006	0.0108	0.0132	0.006	0.0133	0.006	0.006	0.006	0.0082	0.0118	0.0089	0.006	0.006	0.006	0.006	0.006	0.0112	0.0125	0.006	0.006	0.006	0.006	0.006	0.0089	0.006	0.0098	0.006	0.006	0.0133	0.006	0.006	0.006	0.006	0.0118	0.006	0.006	0.0132	0.006	0.006	0.006	0.006	0.006	0.006	0.006	0.0082	0.0089	0.006	0.006	0.006	0.006	0.0112	0.0082	0.006	0.006	0.0082	0.006	0.006	0.006	0.006	0.006	0.0112	0.006	0.0089	0.006	0.0089	0.006	0.006	0.006	0.006	0.006	0.0242	0.006	0.006	0.006	0.006	0.006	0.006	0.006	0.006	0.0077	0.0082	0.0112	0.006	0.006	0.006	0.006	0.006	0.006	0.006	0.006	0.006	0.0242	0.006	0.006	0.006	0.006	0.006	0.006	0.006	0.006	0.0098	0.006	0.006	0.0118	0.106	0.006	0.0112	0.006	0.006	0.006	0.0108	0.006	0.006	0.006	0.0082	0.006	0.006	0.0089	0.0089	0.006	0.0089	0.006	0.006	0.006	0.006	0.006	0.006	0.006	0.006	0.006	0.006	0.006	0.006	0.013	0.006	0.006	0.006	0.0092	0.006	0.006	0.006	0.006	0.0132	0.006	0.006	0.006	0.0098	0.006	0.006	0.006	0.006	0.0118	0.0118	0.006	0.006	0.006	0.0118	0.006	0.006	0.006	0.0125	0.0112	0.006	0.006	0.006	0.006	0.006	0.006	0.0132	0.006	0.0077	0.106	0.006	0.006	0.006	0.0108	0.006	0.0077	0.0242	0.0345	0.0345	0.0345	0.0345	0.0345	0.0345	0.0345	0.0345	0.0345	0.0345	0.0345	0.0345	0.0345	0.0345	0.0345	0.0345	0.0345	0.0345	0.0345	0.0345	0.0345	0.0345	0.0345	0.0345	0.0345	0.0345	0.0345	0.0345	0.0345	0.0345	0.0345	0.0345	0.0345	0.0345	0.0345	0.0345	0.0345	0.0345	0.0345	0.0345	0.0345	0.0345	0.0345	0.0345	0.0345	0.0345	0.0345	0.0345	0.0345	0.0345	0.0345	0.0345	0.0345	0.0345	0.0345	0.0345	0.0345	0.0345	0.0345	0.0345	0.0345	0.0345	0.0345	0.0345	0.0345	0.0345	0.0345	0.0345	0.0345	0.0345	0.0345	0.0345	0.0345	0.0345	0.0345	0.0345	0.0345	0.0345	0.0345	0.0345	0.0345
45	0.4897	0.4897	0.4897	0.4897	0.4897	0.9614	0.9614	0.9614	0.9614	0.9614	0.9614	0.9614	0.9614	0.9614	0.9614	0.9614	0.9614	0.9614	0.0136	0.0136	0.0136	0.0136	0.0136	0.0136	0.0136	0.0136	0.0088	0.0136	0.0136	0.0136	0.0136	0.0136	0.0136	0.0076	0.0136	0.0136	0.0136	0.0136	0.0092	0.0136	0.0148	0.0136	0.0136	0.0136	0.0136	0.0136	0.0136	0.0136	0.0136	0.0084	0.0136	0.0136	0.0136	0.0088	0.0136	0.0136	0.0136	0.0081	0.0136	0.0136	0.0136	0.0136	0.0136	0.0136	0.0136	0.0136	0.0136	0.0136	0.0136	0.0136	0.0078	0.0136	0.0136	0.0136	0.0136	0.0136	0.0136	0.0124	0.0136	0.0136	0.0136	0.0136	0.0076	0.0136	0.0139	0.0008	0.0136	0.0136	0.0136	0.0136	0.0136	0.0136	0.0078	0.0182	0.0136	0.0136	0.0136	0.0148	0.0136	0.0136	0.0136	0.0136	0.0136	0.0076	0.0136	0.0136	0.0136	0.0136	0.0136	0.0136	0.0136	0.0136	0.0136	0.0136	0.0136	0.0081	0.0136	0.0136	0.0136	0.0088	0.0088	0.0136	0.0136	0.0076	0.0092	0.0136	0.0136	0.0136	0.0136	0.0124	0.0085	0.0136	0.0136	0.0092	0.0085	0.0136	0.0136	0.0136	0.0136	0.0136	0.0136	0.0136	0.0136	0.0136	0.0136	0.0136	0.0136	0.0136	0.0136	0.0136	0.0136	0.0136	0.0136	0.0136	0.0148	0.0136	0.0136	0.0092	0.0136	0.0136	0.0088	0.0136	0.0136	0.0136	0.0136	0.0136	0.0085	0.0136	0.0136	0.0124	0.0076	0.0136	0.0076	0.0136	0.0088	0.0136	0.0076	0.0088	0.0136	0.0136	0.0136	0.0136	0.0136	0.0136	0.0088	0.0136	0.0092	0.0081	0.0136	0.0136	0.0136	0.0081	0.0088	0.0136	0.0136	0.0136	0.0136	0.0136	0.0136	0.0071	0.0136	0.0136	0.0136	0.0136	0.0136	0.0084	0.0136	0.0136	0.0136	0.0136	0.0136	0.0136	0.0136	0.0136	0.0088	0.0136	0.0136	0.0136	0.0136	0.0088	0.0136	0.0136	0.0136	0.0081	0.0136	0.0136	0.0092	0.0136	0.0136	0.0136	0.0136	0.0088	0.0092	0.0136	0.0084	0.0136	0.0136	0.0092	0.0084	0.0136	0.0136	0.0136	0.0136	0.0136	0.0081	0.0136	0.0136	0.0136	0.0136	0.0136	0.0071	0.0136	0.0081	0.0136	0.0136	0.0139	0.0136	0.0136	0.0136	0.0136	0.0088	0.0136	0.0084	0.0136	0.0136	0.0136	0.0136	0.0136	0.0136	0.0092	0.0081	0.0136	0.0136	0.0136	0.0136	0.0136	0.0071	0.0081	0.0136	0.0136	0.0136	0.0136	0.0136	0.0136	0.0088	0.0136	0.0136	0.0136	0.0136	0.0136	0.0136	0.0139	0.0136	0.0136	0.0084	0.0081	0.0136	0.0136	0.0088	0.0136	0.0136	0.0136	0.0136	0.0092	0.0081	0.0136	0.0136	0.0136	0.0124	0.0136	0.0136	0.0136	0.0136	0.0136	0.0136	0.0136	0.0136	0.0136	0.0136	0.0071	0.0136	0.0078	0.0136	0.0136	0.0136	0.0136	0.0136	0.0088	0.0136	0.0136	0.0136	0.0136	0.0136	0.0136	0.0088	0.0136	0.0136	0.0088	0.0136	0.0136	0.0136	0.0084	0.0098	0.0136	0.0008	0.0136	0.0136	0.0136	0.0071	0.0092	0.0088	0.0136	0.0136	0.0136	0.0136	0.0136	0.0076	0.0085	0.0136	0.0136	0.0136	0.0136	0.0136	0.0088	0.0136	0.0081	0.0136	0.0136	0.0008	0.0136	0.0136	0.0136	0.0136	0.0092	0.0136	0.0136	0.0098	0.0136	0.0136	0.0136	0.0136	0.0136	0.0136	0.0136	0.0071	0.0088	0.0136	0.0136	0.0136	0.0136	0.0076	0.0071	0.0136	0.0136	0.0071	0.0136	0.0136	0.0136	0.0136	0.0136	0.0076	0.0136	0.0088	0.0136	0.0088	0.0136	0.0136	0.0136	0.0136	0.0136	0.024	0.0136	0.0136	0.0136	0.0136	0.0136	0.0136	0.0136	0.0136	0.0078	0.0071	0.0076	0.0136	0.0136	0.0136	0.0136	0.0136	0.0136	0.0136	0.0136	0.0136	0.024	0.0136	0.0136	0.0136	0.0136	0.0136	0.0136	0.0136	0.0136	0.0081	0.0136	0.0136	0.0092	0.0182	0.0136	0.0076	0.0136	0.0136	0.0136	0.0084	0.0136	0.0136	0.0136	0.0071	0.0136	0.0136	0.0088	0.0088	0.0136	0.0088	0.0136	0.0136	0.0136	0.0136	0.0136	0.0136	0.0136	0.0136	0.0136	0.0136	0.0136	0.0136	0.0124	0.0136	0.0136	0.0136	0.0139	0.0136	0.0136	0.0136	0.0136	0.0098	0.0136	0.0136	0.0136	0.0081	0.0136	0.0136	0.0136	0.0136	0.0092	0.0092	0.0136	0.0136	0.0136	0.0092	0.0136	0.0136	0.0136	0.0085	0.0076	0.0136	0.0136	0.0136	0.0136	0.0136	0.0136	0.0098	0.0136	0.0078	0.0182	0.0136	0.0136	0.0136	0.0084	0.0136	0.0078	0.024	0.0146	0.0146	0.0146	0.0146	0.0146	0.0146	0.0146	0.0146	0.0146	0.0146	0.0146	0.0146	0.0146	0.0146	0.0146	0.0146	0.0146	0.0146	0.0146	0.0146	0.0146	0.0146	0.0146	0.0146	0.0146	0.0146	0.0146	0.0146	0.0146	0.0146	0.0146	0.0146	0.0146	0.0146	0.0146	0.0146	0.0146	0.0146	0.0146	0.0146	0.0146	0.0146	0.0146	0.0146	0.0146	0.0146	0.0146	0.0146	0.0146	0.0146	0.0146	0.0146	0.0146	0.0146	0.0146	0.0146	0.0146	0.0146	0.0146	0.0146	0.0146	0.0146	0.0146	0.0146	0.0146	0.0146	0.0146	0.0146	0.0146	0.0146	0.0146	0.0146	0.0146	0.0146	0.0146	0.0146	0.0146	0.0146	0.0146	0.0146	0.0146
46	0.0612	0.0612	0.0612	0.0612	0.0612	0.9727	0.9727	0.9727	0.9727	0.9727	0.9727	0.9727	0.9727	0.9727	0.9727	0.9727	0.9727	0.9727	0.012	0.012	0.012	0.012	0.012	0.012	0.012	0.012	0.0089	0.012	0.012	0.012	0.012	0.012	0.012	0.0074	0.012	0.012	0.012	0.012	0.0068	0.012	0.0094	0.012	0.012	0.012	0.012	0.012	0.012	0.012	0.012	0.0078	0.012	0.012	0.012	0.0089	0.012	0.012	0.012	0.007	0.012	0.012	0.012	0.012	0.012	0.012	0.012	0.012	0.012	0.012	0.012	0.012	0.0099	0.012	0.012	0.012	0.012	0.012	0.012	0.0085	0.012	0.012	0.012	0.012	0.0074	0.012	0.0094	0.0016	0.012	0.012	0.012	0.012	0.012	0.012	0.0099	0.102	0.012	0.012	0.012	0.0094	0.012	0.012	0.012	0.012	0.012	0.0074	0.012	0.012	0.012	0.012	0.012	0.012	0.012	0.012	0.012	0.012	0.012	0.007	0.012	0.012	0.012	0.0089	0.0089	0.012	0.012	0.0074	0.0068	0.012	0.012	0.012	0.012	0.0085	0.0123	0.012	0.012	0.0068	0.0123	0.012	0.012	0.012	0.012	0.012	0.012	0.012	0.012	0.012	0.012	0.012	0.012	0.012	0.012	0.012	0.012	0.012	0.012	0.012	0.0094	0.012	0.012	0.0068	0.012	0.012	0.0089	0.012	0.012	0.012	0.012	0.012	0.0123	0.012	0.012	0.0085	0.0074	0.012	0.0074	0.012	0.0089	0.012	0.0074	0.0089	0.012	0.012	0.012	0.012	0.012	0.012	0.0089	0.012	0.0068	0.007	0.012	0.012	0.012	0.007	0.0089	0.012	0.012	0.012	0.012	0.012	0.012	0.0103	0.012	0.012	0.012	0.012	0.012	0.0078	0.012	0.012	0.012	0.012	0.012	0.012	0.012	0.012	0.0089	0.012	0.012	0.012	0.012	0.0089	0.012	0.012	0.012	0.007	0.012	0.012	0.0068	0.012	0.012	0.012	0.012	0.0089	0.0068	0.012	0.0078	0.012	0.012	0.0068	0.0078	0.012	0.012	0.012	0.012	0.012	0.007	0.012	0.012	0.012	0.012	0.012	0.0103	0.012	0.007	0.012	0.012	0.0094	0.012	0.012	0.012	0.012	0.0089	0.012	0.0078	0.012	0.012	0.012	0.012	0.012	0.012	0.0068	0.007	0.012	0.012	0.012	0.012	0.012	0.0103	0.007	0.012	0.012	0.012	0.012	0.012	0.012	0.0089	0.012	0.012	0.012	0.012	0.012	0.012	0.0094	0.012	0.012	0.0078	0.007	0.012	0.012	0.0089	0.012	0.012	0.012	0.012	0.0068	0.007	0.012	0.012	0.012	0.0085	0.012	0.012	0.012	0.012	0.012	0.012	0.012	0.012	0.012	0.012	0.0103	0.012	0.0099	0.012	0.012	0.012	0.012	0.012	0.0089	0.012	0.012	0.012	0.012	0.012	0.012	0.0089	0.012	0.012	0.0089	0.012	0.012	0.012	0.0078	0.0098	0.012	0.0016	0.012	0.012	0.012	0.0103	0.0068	0.0089	0.012	0.012	0.012	0.012	0.012	0.0074	0.0123	0.012	0.012	0.012	0.012	0.012	0.0089	0.012	0.007	0.012	0.012	0.0016	0.012	0.012	0.012	0.012	0.0068	0.012	0.012	0.0098	0.012	0.012	0.012	0.012	0.012	0.012	0.012	0.0103	0.0089	0.012	0.012	0.012	0.012	0.0074	0.0103	0.012	0.012	0.0103	0.012	0.012	0.012	0.012	0.012	0.0074	0.012	0.0089	0.012	0.0089	0.012	0.012	0.012	0.012	0.012	0.0114	0.012	0.012	0.012	0.012	0.012	0.012	0.012	0.012	0.0099	0.0103	0.0074	0.012	0.012	0.012	0.012	0.012	0.012	0.012	0.012	0.012	0.0114	0.012	0.012	0.012	0.012	0.012	0.012	0.012	0.012	0.007	0.012	0.012	0.0068	0.102	0.012	0.0074	0.012	0.012	0.012	0.0078	0.012	0.012	0.012	0.0103	0.012	0.012	0.0089	0.0089	0.012	0.0089	0.012	0.012	0.012	0.012	0.012	0.012	0.012	0.012	0.012	0.012	0.012	0.012	0.0085	0.012	0.012	0.012	0.0094	0.012	0.012	0.012	0.012	0.0098	0.012	0.012	0.012	0.007	0.012	0.012	0.012	0.012	0.0068	0.0068	0.012	0.012	0.012	0.0068	0.012	0.012	0.012	0.0123	0.0074	0.012	0.012	0.012	0.012	0.012	0.012	0.0098	0.012	0.0099	0.102	0.012	0.012	0.012	0.0078	0.012	0.0099	0.0114	0.0046	0.0046	0.0046	0.0046	0.0046	0.0046	0.0046	0.0046	0.0046	0.0046	0.0046	0.0046	0.0046	0.0046	0.0046	0.0046	0.0046	0.0046	0.0046	0.0046	0.0046	0.0046	0.0046	0.0046	0.0046	0.0046	0.0046	0.0046	0.0046	0.0046	0.0046	0.0046	0.0046	0.0046	0.0046	0.0046	0.0046	0.0046	0.0046	0.0046	0.0046	0.0046	0.0046	0.0046	0.0046	0.0046	0.0046	0.0046	0.0046	0.0046	0.0046	0.0046	0.0046	0.0046	0.0046	0.0046	0.0046	0.0046	0.0046	0.0046	0.0046	0.0046	0.0046	0.0046	0.0046	0.0046	0.0046	0.0046	0.0046	0.0046	0.0046	0.0046	0.0046	0.0046	0.0046	0.0046	0.0046	0.0046	0.0046	0.0046	0.0046
47	0.0684	0.0684	0.0684	0.0684	0.0684	0.9761	0.9761	0.9761	0.9761	0.9761	0.9761	0.9761	0.9761	0.9761	0.9761	0.9761	0.9761	0.9761	0.0105	0.0105	0.0105	0.0105	0.0105	0.0105	0.0105	0.0105	0.0113	0.0105	0.0105	0.0105	0.0105	0.0105	0.0105	0.0084	0.0105	0.0105	0.0105	0.0105	0.0104	0.0105	0.0088	0.0105	0.0105	0.0105	0.0105	0.0105	0.0105	0.0105	0.0105	0.0103	0.0105	0.0105	0.0105	0.0113	0.0105	0.0105	0.0105	0.0115	0.0105	0.0105	0.0105	0.0105	0.0105	0.0105	0.0105	0.0105	0.0105	0.0105	0.0105	0.0105	0.0104	0.0105	0.0105	0.0105	0.0105	0.0105	0.0105	0.0098	0.0105	0.0105	0.0105	0.0105	0.0084	0.0105	0.0184	0.0004	0.0105	0.0105	0.0105	0.0105	0.0105	0.0105	0.0104	0.0256	0.0105	0.0105	0.0105	0.0088	0.0105	0.0105	0.0105	0.0105	0.0105	0.0084	0.0105	0.0105	0.0105	0.0105	0.0105	0.0105	0.0105	0.0105	0.0105	0.0105	0.0105	0.0115	0.0105	0.0105	0.0105	0.0113	0.0113	0.0105	0.0105	0.0084	0.0104	0.0105	0.0105	0.0105	0.0105	0.0098	0.011	0.0105	0.0105	0.0104	0.011	0.0105	0.0105	0.0105	0.0105	0.0105	0.0105	0.0105	0.0105	0.0105	0.0105	0.0105	0.0105	0.0105	0.0105	0.0105	0.0105	0.0105	0.0105	0.0105	0.0088	0.0105	0.0105	0.0104	0.0105	0.0105	0.0113	0.0105	0.0105	0.0105	0.0105	0.0105	0.011	0.0105	0.0105	0.0098	0.0084	0.0105	0.0084	0.0105	0.0113	0.0105	0.0084	0.0113	0.0105	0.0105	0.0105	0.0105	0.0105	0.0105	0.0113	0.0105	0.0104	0.0115	0.0105	0.0105	0.0105	0.0115	0.0113	0.0105	0.0105	0.0105	0.0105	0.0105	0.0105	0.0176	0.0105	0.0105	0.0105	0.0105	0.0105	0.0103	0.0105	0.0105	0.0105	0.0105	0.0105	0.0105	0.0105	0.0105	0.0113	0.0105	0.0105	0.0105	0.0105	0.0113	0.0105	0.0105	0.0105	0.0115	0.0105	0.0105	0.0104	0.0105	0.0105	0.0105	0.0105	0.0113	0.0104	0.0105	0.0103	0.0105	0.0105	0.0104	0.0103	0.0105	0.0105	0.0105	0.0105	0.0105	0.0115	0.0105	0.0105	0.0105	0.0105	0.0105	0.0176	0.0105	0.0115	0.0105	0.0105	0.0184	0.0105	0.0105	0.0105	0.0105	0.0113	0.0105	0.0103	0.0105	0.0105	0.0105	0.0105	0.0105	0.0105	0.0104	0.0115	0.0105	0.0105	0.0105	0.0105	0.0105	0.0176	0.0115	0.0105	0.0105	0.0105	0.0105	0.0105	0.0105	0.0113	0.0105	0.0105	0.0105	0.0105	0.0105	0.0105	0.0184	0.0105	0.0105	0.0103	0.0115	0.0105	0.0105	0.0113	0.0105	0.0105	0.0105	0.0105	0.0104	0.0115	0.0105	0.0105	0.0105	0.0098	0.0105	0.0105	0.0105	0.0105	0.0105	0.0105	0.0105	0.0105	0.0105	0.0105	0.0176	0.0105	0.0104	0.0105	0.0105	0.0105	0.0105	0.0105	0.0113	0.0105	0.0105	0.0105	0.0105	0.0105	0.0105	0.0113	0.0105	0.0105	0.0113	0.0105	0.0105	0.0105	0.0103	0.0103	0.0105	0.0004	0.0105	0.0105	0.0105	0.0176	0.0104	0.0113	0.0105	0.0105	0.0105	0.0105	0.0105	0.0084	0.011	0.0105	0.0105	0.0105	0.0105	0.0105	0.0113	0.0105	0.0115	0.0105	0.0105	0.0004	0.0105	0.0105	0.0105	0.0105	0.0104	0.0105	0.0105	0.0103	0.0105	0.0105	0.0105	0.0105	0.0105	0.0105	0.0105	0.0176	0.0113	0.0105	0.0105	0.0105	0.0105	0.0084	0.0176	0.0105	0.0105	0.0176	0.0105	0.0105	0.0105	0.0105	0.0105	0.0084	0.0105	0.0113	0.0105	0.0113	0.0105	0.0105	0.0105	0.0105	0.0105	0.0125	0.0105	0.0105	0.0105	0.0105	0.0105	0.0105	0.0105	0.0105	0.0104	0.0176	0.0084	0.0105	0.0105	0.0105	0.0105	0.0105	0.0105	0.0105	0.0105	0.0105	0.0125	0.0105	0.0105	0.0105	0.0105	0.0105	0.0105	0.0105	0.0105	0.0115	0.0105	0.0105	0.0104	0.0256	0.0105	0.0084	0.0105	0.0105	0.0105	0.0103	0.0105	0.0105	0.0105	0.0176	0.0105	0.0105	0.0113	0.0113	0.0105	0.0113	0.0105	0.0105	0.0105	0.0105	0.0105	0.0105	0.0105	0.0105	0.0105	0.0105	0.0105	0.0105	0.0098	0.0105	0.0105	0.0105	0.0184	0.0105	0.0105	0.0105	0.0105	0.0103	0.0105	0.0105	0.0105	0.0115	0.0105	0.0105	0.0105	0.0105	0.0104	0.0104	0.0105	0.0105	0.0105	0.0104	0.0105	0.0105	0.0105	0.011	0.0084	0.0105	0.0105	0.0105	0.0105	0.0105	0.0105	0.0103	0.0105	0.0104	0.0256	0.0105	0.0105	0.0105	0.0103	0.0105	0.0104	0.0125	0.0337	0.0337	0.0337	0.0337	0.0337	0.0337	0.0337	0.0337	0.0337	0.0337	0.0337	0.0337	0.0337	0.0337	0.0337	0.0337	0.0337	0.0337	0.0337	0.0337	0.0337	0.0337	0.0337	0.0337	0.0337	0.0337	0.0337	0.0337	0.0337	0.0337	0.0337	0.0337	0.0337	0.0337	0.0337	0.0337	0.0337	0.0337	0.0337	0.0337	0.0337	0.0337	0.0337	0.0337	0.0337	0.0337	0.0337	0.0337	0.0337	0.0337	0.0337	0.0337	0.0337	0.0337	0.0337	0.0337	0.0337	0.0337	0.0337	0.0337	0.0337	0.0337	0.0337	0.0337	0.0337	0.0337	0.0337	0.0337	0.0337	0.0337	0.0337	0.0337	0.0337	0.0337	0.0337	0.0337	0.0337	0.0337	0.0337	0.0337	0.0337
48	0.0648	0.0648	0.0648	0.0648	0.0648	0.7371	0.7371	0.7371	0.7371	0.7371	0.7371	0.7371	0.7371	0.7371	0.7371	0.7371	0.7371	0.7371	0.0068	0.0068	0.0068	0.0068	0.0068	0.0068	0.0068	0.0068	0.0101	0.0068	0.0068	0.0068	0.0068	0.0068	0.0068	0.0077	0.0068	0.0068	0.0068	0.0068	0.0086	0.0068	0.0102	0.0068	0.0068	0.0068	0.0068	0.0068	0.0068	0.0068	0.0068	0.0087	0.0068	0.0068	0.0068	0.0101	0.0068	0.0068	0.0068	0.0114	0.0068	0.0068	0.0068	0.0068	0.0068	0.0068	0.0068	0.0068	0.0068	0.0068	0.0068	0.0068	0.0085	0.0068	0.0068	0.0068	0.0068	0.0068	0.0068	0.0133	0.0068	0.0068	0.0068	0.0068	0.0077	0.0068	0.0096	0.1871	0.0068	0.0068	0.0068	0.0068	0.0068	0.0068	0.0085	0.0372	0.0068	0.0068	0.0068	0.0102	0.0068	0.0068	0.0068	0.0068	0.0068	0.0077	0.0068	0.0068	0.0068	0.0068	0.0068	0.0068	0.0068	0.0068	0.0068	0.0068	0.0068	0.0114	0.0068	0.0068	0.0068	0.0101	0.0101	0.0068	0.0068	0.0077	0.0086	0.0068	0.0068	0.0068	0.0068	0.0133	0.0113	0.0068	0.0068	0.0086	0.0113	0.0068	0.0068	0.0068	0.0068	0.0068	0.0068	0.0068	0.0068	0.0068	0.0068	0.0068	0.0068	0.0068	0.0068	0.0068	0.0068	0.0068	0.0068	0.0068	0.0102	0.0068	0.0068	0.0086	0.0068	0.0068	0.0101	0.0068	0.0068	0.0068	0.0068	0.0068	0.0113	0.0068	0.0068	0.0133	0.0077	0.0068	0.0077	0.0068	0.0101	0.0068	0.0077	0.0101	0.0068	0.0068	0.0068	0.0068	0.0068	0.0068	0.0101	0.0068	0.0086	0.0114	0.0068	0.0068	0.0068	0.0114	0.0101	0.0068	0.0068	0.0068	0.0068	0.0068	0.0068	0.0084	0.0068	0.0068	0.0068	0.0068	0.0068	0.0087	0.0068	0.0068	0.0068	0.0068	0.0068	0.0068	0.0068	0.0068	0.0101	0.0068	0.0068	0.0068	0.0068	0.0101	0.0068	0.0068	0.0068	0.0114	0.0068	0.0068	0.0086	0.0068	0.0068	0.0068	0.0068	0.0101	0.0086	0.0068	0.0087	0.0068	0.0068	0.0086	0.0087	0.0068	0.0068	0.0068	0.0068	0.0068	0.0114	0.0068	0.0068	0.0068	0.0068	0.0068	0.0084	0.0068	0.0114	0.0068	0.0068	0.0096	0.0068	0.0068	0.0068	0.0068	0.0101	0.0068	0.0087	0.0068	0.0068	0.0068	0.0068	0.0068	0.0068	0.0086	0.0114	0.0068	0.0068	0.0068	0.0068	0.0068	0.0084	0.0114	0.0068	0.0068	0.0068	0.0068	0.0068	0.0068	0.0101	0.0068	0.0068	0.0068	0.0068	0.0068	0.0068	0.0096	0.0068	0.0068	0.0087	0.0114	0.0068	0.0068	0.0101	0.0068	0.0068	0.0068	0.0068	0.0086	0.0114	0.0068	0.0068	0.0068	0.0133	0.0068	0.0068	0.0068	0.0068	0.0068	0.0068	0.0068	0.0068	0.0068	0.0068	0.0084	0.0068	0.0085	0.0068	0.0068	0.0068	0.0068	0.0068	0.0101	0.0068	0.0068	0.0068	0.0068	0.0068	0.0068	0.0101	0.0068	0.0068	0.0101	0.0068	0.0068	0.0068	0.0087	0.0082	0.0068	0.1871	0.0068	0.0068	0.0068	0.0084	0.0086	0.0101	0.0068	0.0068	0.0068	0.0068	0.0068	0.0077	0.0113	0.0068	0.0068	0.0068	0.0068	0.0068	0.0101	0.0068	0.0114	0.0068	0.0068	0.1871	0.0068	0.0068	0.0068	0.0068	0.0086	0.0068	0.0068	0.0082	0.0068	0.0068	0.0068	0.0068	0.0068	0.0068	0.0068	0.0084	0.0101	0.0068	0.0068	0.0068	0.0068	0.0077	0.0084	0.0068	0.0068	0.0084	0.0068	0.0068	0.0068	0.0068	0.0068	0.0077	0.0068	0.0101	0.0068	0.0101	0.0068	0.0068	0.0068	0.0068	0.0068	0.009	0.0068	0.0068	0.0068	0.0068	0.0068	0.0068	0.0068	0.0068	0.0085	0.0084	0.0077	0.0068	0.0068	0.0068	0.0068	0.0068	0.0068	0.0068	0.0068	0.0068	0.009	0.0068	0.0068	0.0068	0.0068	0.0068	0.0068	0.0068	0.0068	0.0114	0.0068	0.0068	0.0086	0.0372	0.0068	0.0077	0.0068	0.0068	0.0068	0.0087	0.0068	0.0068	0.0068	0.0084	0.0068	0.0068	0.0101	0.0101	0.0068	0.0101	0.0068	0.0068	0.0068	0.0068	0.0068	0.0068	0.0068	0.0068	0.0068	0.0068	0.0068	0.0068	0.0133	0.0068	0.0068	0.0068	0.0096	0.0068	0.0068	0.0068	0.0068	0.0082	0.0068	0.0068	0.0068	0.0114	0.0068	0.0068	0.0068	0.0068	0.0086	0.0086	0.0068	0.0068	0.0068	0.0086	0.0068	0.0068	0.0068	0.0113	0.0077	0.0068	0.0068	0.0068	0.0068	0.0068	0.0068	0.0082	0.0068	0.0085	0.0372	0.0068	0.0068	0.0068	0.0087	0.0068	0.0085	0.009	0.0051	0.0051	0.0051	0.0051	0.0051	0.0051	0.0051	0.0051	0.0051	0.0051	0.0051	0.0051	0.0051	0.0051	0.0051	0.0051	0.0051	0.0051	0.0051	0.0051	0.0051	0.0051	0.0051	0.0051	0.0051	0.0051	0.0051	0.0051	0.0051	0.0051	0.0051	0.0051	0.0051	0.0051	0.0051	0.0051	0.0051	0.0051	0.0051	0.0051	0.0051	0.0051	0.0051	0.0051	0.0051	0.0051	0.0051	0.0051	0.0051	0.0051	0.0051	0.0051	0.0051	0.0051	0.0051	0.0051	0.0051	0.0051	0.0051	0.0051	0.0051	0.0051	0.0051	0.0051	0.0051	0.0051	0.0051	0.0051	0.0051	0.0051	0.0051	0.0051	0.0051	0.0051	0.0051	0.0051	0.0051	0.0051	0.0051	0.0051	0.0051
49	0.0692	0.0692	0.0692	0.0692	0.0692	0.0228	0.0228	0.0228	0.0228	0.0228	0.0228	0.0228	0.0228	0.0228	0.0228	0.0228	0.0228	0.0228	0.0208	0.0208	0.0208	0.0208	0.0208	0.0208	0.0208	0.0208	0.0189	0.0208	0.0208	0.0208	0.0208	0.0208	0.0208	0.0123	0.0208	0.0208	0.0208	0.0208	0.0159	0.0208	0.0189	0.0208	0.0208	0.0208	0.0208	0.0208	0.0208	0.0208	0.0208	0.0141	0.0208	0.0208	0.0208	0.0189	0.0208	0.0208	0.0208	0.0164	0.0208	0.0208	0.0208	0.0208	0.0208	0.0208	0.0208	0.0208	0.0208	0.0208	0.0208	0.0208	0.0266	0.0208	0.0208	0.0208	0.0208	0.0208	0.0208	0.0174	0.0208	0.0208	0.0208	0.0208	0.0123	0.0208	0.0176	0.0251	0.0208	0.0208	0.0208	0.0208	0.0208	0.0208	0.0266	0.0275	0.0208	0.0208	0.0208	0.0189	0.0208	0.0208	0.0208	0.0208	0.0208	0.0123	0.0208	0.0208	0.0208	0.0208	0.0208	0.0208	0.0208	0.0208	0.0208	0.0208	0.0208	0.0164	0.0208	0.0208	0.0208	0.0189	0.0189	0.0208	0.0208	0.0123	0.0159	0.0208	0.0208	0.0208	0.0208	0.0174	0.0377	0.0208	0.0208	0.0159	0.0377	0.0208	0.0208	0.0208	0.0208	0.0208	0.0208	0.0208	0.0208	0.0208	0.0208	0.0208	0.0208	0.0208	0.0208	0.0208	0.0208	0.0208	0.0208	0.0208	0.0189	0.0208	0.0208	0.0159	0.0208	0.0208	0.0189	0.0208	0.0208	0.0208	0.0208	0.0208	0.0377	0.0208	0.0208	0.0174	0.0123	0.0208	0.0123	0.0208	0.0189	0.0208	0.0123	0.0189	0.0208	0.0208	0.0208	0.0208	0.0208	0.0208	0.0189	0.0208	0.0159	0.0164	0.0208	0.0208	0.0208	0.0164	0.0189	0.0208	0.0208	0.0208	0.0208	0.0208	0.0208	0.0189	0.0208	0.0208	0.0208	0.0208	0.0208	0.0141	0.0208	0.0208	0.0208	0.0208	0.0208	0.0208	0.0208	0.0208	0.0189	0.0208	0.0208	0.0208	0.0208	0.0189	0.0208	0.0208	0.0208	0.0164	0.0208	0.0208	0.0159	0.0208	0.0208	0.0208	0.0208	0.0189	0.0159	0.0208	0.0141	0.0208	0.0208	0.0159	0.0141	0.0208	0.0208	0.0208	0.0208	0.0208	0.0164	0.0208	0.0208	0.0208	0.0208	0.0208	0.0189	0.0208	0.0164	0.0208	0.0208	0.0176	0.0208	0.0208	0.0208	0.0208	0.0189	0.0208	0.0141	0.0208	0.0208	0.0208	0.0208	0.0208	0.0208	0.0159	0.0164	0.0208	0.0208	0.0208	0.0208	0.0208	0.0189	0.0164	0.0208	0.0208	0.0208	0.0208	0.0208	0.0208	0.0189	0.0208	0.0208	0.0208	0.0208	0.0208	0.0208	0.0176	0.0208	0.0208	0.0141	0.0164	0.0208	0.0208	0.0189	0.0208	0.0208	0.0208	0.0208	0.0159	0.0164	0.0208	0.0208	0.0208	0.0174	0.0208	0.0208	0.0208	0.0208	0.0208	0.0208	0.0208	0.0208	0.0208	0.0208	0.0189	0.0208	0.0266	0.0208	0.0208	0.0208	0.0208	0.0208	0.0189	0.0208	0.0208	0.0208	0.0208	0.0208	0.0208	0.0189	0.0208	0.0208	0.0189	0.0208	0.0208	0.0208	0.0141	0.0213	0.0208	0.0251	0.0208	0.0208	0.0208	0.0189	0.0159	0.0189	0.0208	0.0208	0.0208	0.0208	0.0208	0.0123	0.0377	0.0208	0.0208	0.0208	0.0208	0.0208	0.0189	0.0208	0.0164	0.0208	0.0208	0.0251	0.0208	0.0208	0.0208	0.0208	0.0159	0.0208	0.0208	0.0213	0.0208	0.0208	0.0208	0.0208	0.0208	0.0208	0.0208	0.0189	0.0189	0.0208	0.0208	0.0208	0.0208	0.0123	0.0189	0.0208	0.0208	0.0189	0.0208	0.0208	0.0208	0.0208	0.0208	0.0123	0.0208	0.0189	0.0208	0.0189	0.0208	0.0208	0.0208	0.0208	0.0208	0.0163	0.0208	0.0208	0.0208	0.0208	0.0208	0.0208	0.0208	0.0208	0.0266	0.0189	0.0123	0.0208	0.0208	0.0208	0.0208	0.0208	0.0208	0.0208	0.0208	0.0208	0.0163	0.0208	0.0208	0.0208	0.0208	0.0208	0.0208	0.0208	0.0208	0.0164	0.0208	0.0208	0.0159	0.0275	0.0208	0.0123	0.0208	0.0208	0.0208	0.0141	0.0208	0.0208	0.0208	0.0189	0.0208	0.0208	0.0189	0.0189	0.0208	0.0189	0.0208	0.0208	0.0208	0.0208	0.0208	0.0208	0.0208	0.0208	0.0208	0.0208	0.0208	0.0208	0.0174	0.0208	0.0208	0.0208	0.0176	0.0208	0.0208	0.0208	0.0208	0.0213	0.0208	0.0208	0.0208	0.0164	0.0208	0.0208	0.0208	0.0208	0.0159	0.0159	0.0208	0.0208	0.0208	0.0159	0.0208	0.0208	0.0208	0.0377	0.0123	0.0208	0.0208	0.0208	0.0208	0.0208	0.0208	0.0213	0.0208	0.0266	0.0275	0.0208	0.0208	0.0208	0.0141	0.0208	0.0266	0.0163	0.9702	0.9702	0.9702	0.9702	0.9702	0.9702	0.9702	0.9702	0.9702	0.9702	0.9702	0.9702	0.9702	0.9702	0.9702	0.9702	0.9702	0.9702	0.9702	0.9702	0.9702	0.9702	0.9702	0.9702	0.9702	0.9702	0.9702	0.9702	0.9702	0.9702	0.9702	0.9702	0.9702	0.9702	0.9702	0.9702	0.9702	0.9702	0.9702	0.9702	0.9702	0.9702	0.9702	0.9702	0.9702	0.9702	0.9702	0.9702	0.9702	0.9702	0.9702	0.9702	0.9702	0.9702	0.9702	0.9702	0.9702	0.9702	0.9702	0.9702	0.9702	0.9702	0.9702	0.9702	0.9702	0.9702	0.9702	0.9702	0.9702	0.9702	0.9702	0.9702	0.9702	0.9702	0.9702	0.9702	0.9702	0.9702	0.9702	0.9702	0.9702
50	0.0798	0.0798	0.0798	0.0798	0.0798	0.0354	0.0354	0.0354	0.0354	0.0354	0.0354	0.0354	0.0354	0.0354	0.0354	0.0354	0.0354	0.0354	0.0085	0.0085	0.0085	0.0085	0.0085	0.0085	0.0085	0.0085	0.0125	0.0085	0.0085	0.0085	0.0085	0.0085	0.0085	0.0247	0.0085	0.0085	0.0085	0.0085	0.0129	0.0085	0.0212	0.0085	0.0085	0.0085	0.0085	0.0085	0.0085	0.0085	0.0085	0.0157	0.0085	0.0085	0.0085	0.0125	0.0085	0.0085	0.0085	0.0163	0.0085	0.0085	0.0085	0.0085	0.0085	0.0085	0.0085	0.0085	0.0085	0.0085	0.0085	0.0085	0.0133	0.0085	0.0085	0.0085	0.0085	0.0085	0.0085	0.0186	0.0085	0.0085	0.0085	0.0085	0.0247	0.0085	0.0147	0.1695	0.0085	0.0085	0.0085	0.0085	0.0085	0.0085	0.0133	0.1417	0.0085	0.0085	0.0085	0.0212	0.0085	0.0085	0.0085	0.0085	0.0085	0.0247	0.0085	0.0085	0.0085	0.0085	0.0085	0.0085	0.0085	0.0085	0.0085	0.0085	0.0085	0.0163	0.0085	0.0085	0.0085	0.0125	0.0125	0.0085	0.0085	0.0247	0.0129	0.0085	0.0085	0.0085	0.0085	0.0186	0.018	0.0085	0.0085	0.0129	0.018	0.0085	0.0085	0.0085	0.0085	0.0085	0.0085	0.0085	0.0085	0.0085	0.0085	0.0085	0.0085	0.0085	0.0085	0.0085	0.0085	0.0085	0.0085	0.0085	0.0212	0.0085	0.0085	0.0129	0.0085	0.0085	0.0125	0.0085	0.0085	0.0085	0.0085	0.0085	0.018	0.0085	0.0085	0.0186	0.0247	0.0085	0.0247	0.0085	0.0125	0.0085	0.0247	0.0125	0.0085	0.0085	0.0085	0.0085	0.0085	0.0085	0.0125	0.0085	0.0129	0.0163	0.0085	0.0085	0.0085	0.0163	0.0125	0.0085	0.0085	0.0085	0.0085	0.0085	0.0085	0.0082	0.0085	0.0085	0.0085	0.0085	0.0085	0.0157	0.0085	0.0085	0.0085	0.0085	0.0085	0.0085	0.0085	0.0085	0.0125	0.0085	0.0085	0.0085	0.0085	0.0125	0.0085	0.0085	0.0085	0.0163	0.0085	0.0085	0.0129	0.0085	0.0085	0.0085	0.0085	0.0125	0.0129	0.0085	0.0157	0.0085	0.0085	0.0129	0.0157	0.0085	0.0085	0.0085	0.0085	0.0085	0.0163	0.0085	0.0085	0.0085	0.0085	0.0085	0.0082	0.0085	0.0163	0.0085	0.0085	0.0147	0.0085	0.0085	0.0085	0.0085	0.0125	0.0085	0.0157	0.0085	0.0085	0.0085	0.0085	0.0085	0.0085	0.0129	0.0163	0.0085	0.0085	0.0085	0.0085	0.0085	0.0082	0.0163	0.0085	0.0085	0.0085	0.0085	0.0085	0.0085	0.0125	0.0085	0.0085	0.0085	0.0085	0.0085	0.0085	0.0147	0.0085	0.0085	0.0157	0.0163	0.0085	0.0085	0.0125	0.0085	0.0085	0.0085	0.0085	0.0129	0.0163	0.0085	0.0085	0.0085	0.0186	0.0085	0.0085	0.0085	0.0085	0.0085	0.0085	0.0085	0.0085	0.0085	0.0085	0.0082	0.0085	0.0133	0.0085	0.0085	0.0085	0.0085	0.0085	0.0125	0.0085	0.0085	0.0085	0.0085	0.0085	0.0085	0.0125	0.0085	0.0085	0.0125	0.0085	0.0085	0.0085	0.0157	0.0213	0.0085	0.1695	0.0085	0.0085	0.0085	0.0082	0.0129	0.0125	0.0085	0.0085	0.0085	0.0085	0.0085	0.0247	0.018	0.0085	0.0085	0.0085	0.0085	0.0085	0.0125	0.0085	0.0163	0.0085	0.0085	0.1695	0.0085	0.0085	0.0085	0.0085	0.0129	0.0085	0.0085	0.0213	0.0085	0.0085	0.0085	0.0085	0.0085	0.0085	0.0085	0.0082	0.0125	0.0085	0.0085	0.0085	0.0085	0.0247	0.0082	0.0085	0.0085	0.0082	0.0085	0.0085	0.0085	0.0085	0.0085	0.0247	0.0085	0.0125	0.0085	0.0125	0.0085	0.0085	0.0085	0.0085	0.0085	0.0315	0.0085	0.0085	0.0085	0.0085	0.0085	0.0085	0.0085	0.0085	0.0133	0.0082	0.0247	0.0085	0.0085	0.0085	0.0085	0.0085	0.0085	0.0085	0.0085	0.0085	0.0315	0.0085	0.0085	0.0085	0.0085	0.0085	0.0085	0.0085	0.0085	0.0163	0.0085	0.0085	0.0129	0.1417	0.0085	0.0247	0.0085	0.0085	0.0085	0.0157	0.0085	0.0085	0.0085	0.0082	0.0085	0.0085	0.0125	0.0125	0.0085	0.0125	0.0085	0.0085	0.0085	0.0085	0.0085	0.0085	0.0085	0.0085	0.0085	0.0085	0.0085	0.0085	0.0186	0.0085	0.0085	0.0085	0.0147	0.0085	0.0085	0.0085	0.0085	0.0213	0.0085	0.0085	0.0085	0.0163	0.0085	0.0085	0.0085	0.0085	0.0129	0.0129	0.0085	0.0085	0.0085	0.0129	0.0085	0.0085	0.0085	0.018	0.0247	0.0085	0.0085	0.0085	0.0085	0.0085	0.0085	0.0213	0.0085	0.0133	0.1417	0.0085	0.0085	0.0085	0.0157	0.0085	0.0133	0.0315	0.9569	0.9569	0.9569	0.9569	0.9569	0.9569	0.9569	0.9569	0.9569	0.9569	0.9569	0.9569	0.9569	0.9569	0.9569	0.9569	0.9569	0.9569	0.9569	0.9569	0.9569	0.9569	0.9569	0.9569	0.9569	0.9569	0.9569	0.9569	0.9569	0.9569	0.9569	0.9569	0.9569	0.9569	0.9569	0.9569	0.9569	0.9569	0.9569	0.9569	0.9569	0.9569	0.9569	0.9569	0.9569	0.9569	0.9569	0.9569	0.9569	0.9569	0.9569	0.9569	0.9569	0.9569	0.9569	0.9569	0.9569	0.9569	0.9569	0.9569	0.9569	0.9569	0.9569	0.9569	0.9569	0.9569	0.9569	0.9569	0.9569	0.9569	0.9569	0.9569	0.9569	0.9569	0.9569	0.9569	0.9569	0.9569	0.9569	0.9569	0.9569
51	0.1437	0.1437	0.1437	0.1437	0.1437	0.0376	0.0376	0.0376	0.0376	0.0376	0.0376	0.0376	0.0376	0.0376	0.0376	0.0376	0.0376	0.0376	0.013	0.013	0.013	0.013	0.013	0.013	0.013	0.013	0.013	0.013	0.013	0.013	0.013	0.013	0.013	0.0135	0.013	0.013	0.013	0.013	0.0112	0.013	0.015	0.013	0.013	0.013	0.013	0.013	0.013	0.013	0.013	0.0131	0.013	0.013	0.013	0.013	0.013	0.013	0.013	0.0102	0.013	0.013	0.013	0.013	0.013	0.013	0.013	0.013	0.013	0.013	0.013	0.013	0.0099	0.013	0.013	0.013	0.013	0.013	0.013	0.014	0.013	0.013	0.013	0.013	0.0135	0.013	0.0161	0.0623	0.013	0.013	0.013	0.013	0.013	0.013	0.0099	0.1677	0.013	0.013	0.013	0.015	0.013	0.013	0.013	0.013	0.013	0.0135	0.013	0.013	0.013	0.013	0.013	0.013	0.013	0.013	0.013	0.013	0.013	0.0102	0.013	0.013	0.013	0.013	0.013	0.013	0.013	0.0135	0.0112	0.013	0.013	0.013	0.013	0.014	0.0131	0.013	0.013	0.0112	0.0131	0.013	0.013	0.013	0.013	0.013	0.013	0.013	0.013	0.013	0.013	0.013	0.013	0.013	0.013	0.013	0.013	0.013	0.013	0.013	0.015	0.013	0.013	0.0112	0.013	0.013	0.013	0.013	0.013	0.013	0.013	0.013	0.0131	0.013	0.013	0.014	0.0135	0.013	0.0135	0.013	0.013	0.013	0.0135	0.013	0.013	0.013	0.013	0.013	0.013	0.013	0.013	0.013	0.0112	0.0102	0.013	0.013	0.013	0.0102	0.013	0.013	0.013	0.013	0.013	0.013	0.013	0.0138	0.013	0.013	0.013	0.013	0.013	0.0131	0.013	0.013	0.013	0.013	0.013	0.013	0.013	0.013	0.013	0.013	0.013	0.013	0.013	0.013	0.013	0.013	0.013	0.0102	0.013	0.013	0.0112	0.013	0.013	0.013	0.013	0.013	0.0112	0.013	0.0131	0.013	0.013	0.0112	0.0131	0.013	0.013	0.013	0.013	0.013	0.0102	0.013	0.013	0.013	0.013	0.013	0.0138	0.013	0.0102	0.013	0.013	0.0161	0.013	0.013	0.013	0.013	0.013	0.013	0.0131	0.013	0.013	0.013	0.013	0.013	0.013	0.0112	0.0102	0.013	0.013	0.013	0.013	0.013	0.0138	0.0102	0.013	0.013	0.013	0.013	0.013	0.013	0.013	0.013	0.013	0.013	0.013	0.013	0.013	0.0161	0.013	0.013	0.0131	0.0102	0.013	0.013	0.013	0.013	0.013	0.013	0.013	0.0112	0.0102	0.013	0.013	0.013	0.014	0.013	0.013	0.013	0.013	0.013	0.013	0.013	0.013	0.013	0.013	0.0138	0.013	0.0099	0.013	0.013	0.013	0.013	0.013	0.013	0.013	0.013	0.013	0.013	0.013	0.013	0.013	0.013	0.013	0.013	0.013	0.013	0.013	0.0131	0.0113	0.013	0.0623	0.013	0.013	0.013	0.0138	0.0112	0.013	0.013	0.013	0.013	0.013	0.013	0.0135	0.0131	0.013	0.013	0.013	0.013	0.013	0.013	0.013	0.0102	0.013	0.013	0.0623	0.013	0.013	0.013	0.013	0.0112	0.013	0.013	0.0113	0.013	0.013	0.013	0.013	0.013	0.013	0.013	0.0138	0.013	0.013	0.013	0.013	0.013	0.0135	0.0138	0.013	0.013	0.0138	0.013	0.013	0.013	0.013	0.013	0.0135	0.013	0.013	0.013	0.013	0.013	0.013	0.013	0.013	0.013	0.1199	0.013	0.013	0.013	0.013	0.013	0.013	0.013	0.013	0.0099	0.0138	0.0135	0.013	0.013	0.013	0.013	0.013	0.013	0.013	0.013	0.013	0.1199	0.013	0.013	0.013	0.013	0.013	0.013	0.013	0.013	0.0102	0.013	0.013	0.0112	0.1677	0.013	0.0135	0.013	0.013	0.013	0.0131	0.013	0.013	0.013	0.0138	0.013	0.013	0.013	0.013	0.013	0.013	0.013	0.013	0.013	0.013	0.013	0.013	0.013	0.013	0.013	0.013	0.013	0.013	0.014	0.013	0.013	0.013	0.0161	0.013	0.013	0.013	0.013	0.0113	0.013	0.013	0.013	0.0102	0.013	0.013	0.013	0.013	0.0112	0.0112	0.013	0.013	0.013	0.0112	0.013	0.013	0.013	0.0131	0.0135	0.013	0.013	0.013	0.013	0.013	0.013	0.0113	0.013	0.0099	0.1677	0.013	0.013	0.013	0.0131	0.013	0.0099	0.1199	0.8524	0.8524	0.8524	0.8524	0.8524	0.8524	0.8524	0.8524	0.8524	0.8524	0.8524	0.8524	0.8524	0.8524	0.8524	0.8524	0.8524	0.8524	0.8524	0.8524	0.8524	0.8524	0.8524	0.8524	0.8524	0.8524	0.8524	0.8524	0.8524	0.8524	0.8524	0.8524	0.8524	0.8524	0.8524	0.8524	0.8524	0.8524	0.8524	0.8524	0.8524	0.8524	0.8524	0.8524	0.8524	0.8524	0.8524	0.8524	0.8524	0.8524	0.8524	0.8524	0.8524	0.8524	0.8524	0.8524	0.8524	0.8524	0.8524	0.8524	0.8524	0.8524	0.8524	0.8524	0.8524	0.8524	0.8524	0.8524	0.8524	0.8524	0.8524	0.8524	0.8524	0.8524	0.8524	0.8524	0.8524	0.8524	0.8524	0.8524	0.8524
52	0.0571	0.0571	0.0571	0.0571	0.0571	0.1055	0.1055	0.1055	0.1055	0.1055	0.1055	0.1055	0.1055	0.1055	0.1055	0.1055	0.1055	0.1055	0.0136	0.0136	0.0136	0.0136	0.0136	0.0136	0.0136	0.0136	0.0104	0.0136	0.0136	0.0136	0.0136	0.0136	0.0136	0.0102	0.0136	0.0136	0.0136	0.0136	0.013	0.0136	0.0174	0.0136	0.0136	0.0136	0.0136	0.0136	0.0136	0.0136	0.0136	0.0109	0.0136	0.0136	0.0136	0.0104	0.0136	0.0136	0.0136	0.0143	0.0136	0.0136	0.0136	0.0136	0.0136	0.0136	0.0136	0.0136	0.0136	0.0136	0.0136	0.0136	0.0173	0.0136	0.0136	0.0136	0.0136	0.0136	0.0136	0.0167	0.0136	0.0136	0.0136	0.0136	0.0102	0.0136	0.0128	0.0139	0.0136	0.0136	0.0136	0.0136	0.0136	0.0136	0.0173	0.0707	0.0136	0.0136	0.0136	0.0174	0.0136	0.0136	0.0136	0.0136	0.0136	0.0102	0.0136	0.0136	0.0136	0.0136	0.0136	0.0136	0.0136	0.0136	0.0136	0.0136	0.0136	0.0143	0.0136	0.0136	0.0136	0.0104	0.0104	0.0136	0.0136	0.0102	0.013	0.0136	0.0136	0.0136	0.0136	0.0167	0.0118	0.0136	0.0136	0.013	0.0118	0.0136	0.0136	0.0136	0.0136	0.0136	0.0136	0.0136	0.0136	0.0136	0.0136	0.0136	0.0136	0.0136	0.0136	0.0136	0.0136	0.0136	0.0136	0.0136	0.0174	0.0136	0.0136	0.013	0.0136	0.0136	0.0104	0.0136	0.0136	0.0136	0.0136	0.0136	0.0118	0.0136	0.0136	0.0167	0.0102	0.0136	0.0102	0.0136	0.0104	0.0136	0.0102	0.0104	0.0136	0.0136	0.0136	0.0136	0.0136	0.0136	0.0104	0.0136	0.013	0.0143	0.0136	0.0136	0.0136	0.0143	0.0104	0.0136	0.0136	0.0136	0.0136	0.0136	0.0136	0.0101	0.0136	0.0136	0.0136	0.0136	0.0136	0.0109	0.0136	0.0136	0.0136	0.0136	0.0136	0.0136	0.0136	0.0136	0.0104	0.0136	0.0136	0.0136	0.0136	0.0104	0.0136	0.0136	0.0136	0.0143	0.0136	0.0136	0.013	0.0136	0.0136	0.0136	0.0136	0.0104	0.013	0.0136	0.0109	0.0136	0.0136	0.013	0.0109	0.0136	0.0136	0.0136	0.0136	0.0136	0.0143	0.0136	0.0136	0.0136	0.0136	0.0136	0.0101	0.0136	0.0143	0.0136	0.0136	0.0128	0.0136	0.0136	0.0136	0.0136	0.0104	0.0136	0.0109	0.0136	0.0136	0.0136	0.0136	0.0136	0.0136	0.013	0.0143	0.0136	0.0136	0.0136	0.0136	0.0136	0.0101	0.0143	0.0136	0.0136	0.0136	0.0136	0.0136	0.0136	0.0104	0.0136	0.0136	0.0136	0.0136	0.0136	0.0136	0.0128	0.0136	0.0136	0.0109	0.0143	0.0136	0.0136	0.0104	0.0136	0.0136	0.0136	0.0136	0.013	0.0143	0.0136	0.0136	0.0136	0.0167	0.0136	0.0136	0.0136	0.0136	0.0136	0.0136	0.0136	0.0136	0.0136	0.0136	0.0101	0.0136	0.0173	0.0136	0.0136	0.0136	0.0136	0.0136	0.0104	0.0136	0.0136	0.0136	0.0136	0.0136	0.0136	0.0104	0.0136	0.0136	0.0104	0.0136	0.0136	0.0136	0.0109	0.065	0.0136	0.0139	0.0136	0.0136	0.0136	0.0101	0.013	0.0104	0.0136	0.0136	0.0136	0.0136	0.0136	0.0102	0.0118	0.0136	0.0136	0.0136	0.0136	0.0136	0.0104	0.0136	0.0143	0.0136	0.0136	0.0139	0.0136	0.0136	0.0136	0.0136	0.013	0.0136	0.0136	0.065	0.0136	0.0136	0.0136	0.0136	0.0136	0.0136	0.0136	0.0101	0.0104	0.0136	0.0136	0.0136	0.0136	0.0102	0.0101	0.0136	0.0136	0.0101	0.0136	0.0136	0.0136	0.0136	0.0136	0.0102	0.0136	0.0104	0.0136	0.0104	0.0136	0.0136	0.0136	0.0136	0.0136	0.0136	0.0136	0.0136	0.0136	0.0136	0.0136	0.0136	0.0136	0.0136	0.0173	0.0101	0.0102	0.0136	0.0136	0.0136	0.0136	0.0136	0.0136	0.0136	0.0136	0.0136	0.0136	0.0136	0.0136	0.0136	0.0136	0.0136	0.0136	0.0136	0.0136	0.0143	0.0136	0.0136	0.013	0.0707	0.0136	0.0102	0.0136	0.0136	0.0136	0.0109	0.0136	0.0136	0.0136	0.0101	0.0136	0.0136	0.0104	0.0104	0.0136	0.0104	0.0136	0.0136	0.0136	0.0136	0.0136	0.0136	0.0136	0.0136	0.0136	0.0136	0.0136	0.0136	0.0167	0.0136	0.0136	0.0136	0.0128	0.0136	0.0136	0.0136	0.0136	0.065	0.0136	0.0136	0.0136	0.0143	0.0136	0.0136	0.0136	0.0136	0.013	0.013	0.0136	0.0136	0.0136	0.013	0.0136	0.0136	0.0136	0.0118	0.0102	0.0136	0.0136	0.0136	0.0136	0.0136	0.0136	0.065	0.0136	0.0173	0.0707	0.0136	0.0136	0.0136	0.0109	0.0136	0.0173	0.0136	0.9466	0.9466	0.9466	0.9466	0.9466	0.9466	0.9466	0.9466	0.9466	0.9466	0.9466	0.9466	0.9466	0.9466	0.9466	0.9466	0.9466	0.9466	0.9466	0.9466	0.9466	0.9466	0.9466	0.9466	0.9466	0.9466	0.9466	0.9466	0.9466	0.9466	0.9466	0.9466	0.9466	0.9466	0.9466	0.9466	0.9466	0.9466	0.9466	0.9466	0.9466	0.9466	0.9466	0.9466	0.9466	0.9466	0.9466	0.9466	0.9466	0.9466	0.9466	0.9466	0.9466	0.9466	0.9466	0.9466	0.9466	0.9466	0.9466	0.9466	0.9466	0.9466	0.9466	0.9466	0.9466	0.9466	0.9466	0.9466	0.9466	0.9466	0.9466	0.9466	0.9466	0.9466	0.9466	0.9466	0.9466	0.9466	0.9466	0.9466	0.9466
53	0.0614	0.0614	0.0614	0.0614	0.0614	0.0283	0.0283	0.0283	0.0283	0.0283	0.0283	0.0283	0.0283	0.0283	0.0283	0.0283	0.0283	0.0283	0.0139	0.0139	0.0139	0.0139	0.0139	0.0139	0.0139	0.0139	0.0129	0.0139	0.0139	0.0139	0.0139	0.0139	0.0139	0.0077	0.0139	0.0139	0.0139	0.0139	0.009	0.0139	0.0145	0.0139	0.0139	0.0139	0.0139	0.0139	0.0139	0.0139	0.0139	0.0097	0.0139	0.0139	0.0139	0.0129	0.0139	0.0139	0.0139	0.0086	0.0139	0.0139	0.0139	0.0139	0.0139	0.0139	0.0139	0.0139	0.0139	0.0139	0.0139	0.0139	0.0119	0.0139	0.0139	0.0139	0.0139	0.0139	0.0139	0.0096	0.0139	0.0139	0.0139	0.0139	0.0077	0.0139	0.0139	0.0002	0.0139	0.0139	0.0139	0.0139	0.0139	0.0139	0.0119	0.0195	0.0139	0.0139	0.0139	0.0145	0.0139	0.0139	0.0139	0.0139	0.0139	0.0077	0.0139	0.0139	0.0139	0.0139	0.0139	0.0139	0.0139	0.0139	0.0139	0.0139	0.0139	0.0086	0.0139	0.0139	0.0139	0.0129	0.0129	0.0139	0.0139	0.0077	0.009	0.0139	0.0139	0.0139	0.0139	0.0096	0.0623	0.0139	0.0139	0.009	0.0623	0.0139	0.0139	0.0139	0.0139	0.0139	0.0139	0.0139	0.0139	0.0139	0.0139	0.0139	0.0139	0.0139	0.0139	0.0139	0.0139	0.0139	0.0139	0.0139	0.0145	0.0139	0.0139	0.009	0.0139	0.0139	0.0129	0.0139	0.0139	0.0139	0.0139	0.0139	0.0623	0.0139	0.0139	0.0096	0.0077	0.0139	0.0077	0.0139	0.0129	0.0139	0.0077	0.0129	0.0139	0.0139	0.0139	0.0139	0.0139	0.0139	0.0129	0.0139	0.009	0.0086	0.0139	0.0139	0.0139	0.0086	0.0129	0.0139	0.0139	0.0139	0.0139	0.0139	0.0139	0.0096	0.0139	0.0139	0.0139	0.0139	0.0139	0.0097	0.0139	0.0139	0.0139	0.0139	0.0139	0.0139	0.0139	0.0139	0.0129	0.0139	0.0139	0.0139	0.0139	0.0129	0.0139	0.0139	0.0139	0.0086	0.0139	0.0139	0.009	0.0139	0.0139	0.0139	0.0139	0.0129	0.009	0.0139	0.0097	0.0139	0.0139	0.009	0.0097	0.0139	0.0139	0.0139	0.0139	0.0139	0.0086	0.0139	0.0139	0.0139	0.0139	0.0139	0.0096	0.0139	0.0086	0.0139	0.0139	0.0139	0.0139	0.0139	0.0139	0.0139	0.0129	0.0139	0.0097	0.0139	0.0139	0.0139	0.0139	0.0139	0.0139	0.009	0.0086	0.0139	0.0139	0.0139	0.0139	0.0139	0.0096	0.0086	0.0139	0.0139	0.0139	0.0139	0.0139	0.0139	0.0129	0.0139	0.0139	0.0139	0.0139	0.0139	0.0139	0.0139	0.0139	0.0139	0.0097	0.0086	0.0139	0.0139	0.0129	0.0139	0.0139	0.0139	0.0139	0.009	0.0086	0.0139	0.0139	0.0139	0.0096	0.0139	0.0139	0.0139	0.0139	0.0139	0.0139	0.0139	0.0139	0.0139	0.0139	0.0096	0.0139	0.0119	0.0139	0.0139	0.0139	0.0139	0.0139	0.0129	0.0139	0.0139	0.0139	0.0139	0.0139	0.0139	0.0129	0.0139	0.0139	0.0129	0.0139	0.0139	0.0139	0.0097	0.0132	0.0139	0.0002	0.0139	0.0139	0.0139	0.0096	0.009	0.0129	0.0139	0.0139	0.0139	0.0139	0.0139	0.0077	0.0623	0.0139	0.0139	0.0139	0.0139	0.0139	0.0129	0.0139	0.0086	0.0139	0.0139	0.0002	0.0139	0.0139	0.0139	0.0139	0.009	0.0139	0.0139	0.0132	0.0139	0.0139	0.0139	0.0139	0.0139	0.0139	0.0139	0.0096	0.0129	0.0139	0.0139	0.0139	0.0139	0.0077	0.0096	0.0139	0.0139	0.0096	0.0139	0.0139	0.0139	0.0139	0.0139	0.0077	0.0139	0.0129	0.0139	0.0129	0.0139	0.0139	0.0139	0.0139	0.0139	0.0181	0.0139	0.0139	0.0139	0.0139	0.0139	0.0139	0.0139	0.0139	0.0119	0.0096	0.0077	0.0139	0.0139	0.0139	0.0139	0.0139	0.0139	0.0139	0.0139	0.0139	0.0181	0.0139	0.0139	0.0139	0.0139	0.0139	0.0139	0.0139	0.0139	0.0086	0.0139	0.0139	0.009	0.0195	0.0139	0.0077	0.0139	0.0139	0.0139	0.0097	0.0139	0.0139	0.0139	0.0096	0.0139	0.0139	0.0129	0.0129	0.0139	0.0129	0.0139	0.0139	0.0139	0.0139	0.0139	0.0139	0.0139	0.0139	0.0139	0.0139	0.0139	0.0139	0.0096	0.0139	0.0139	0.0139	0.0139	0.0139	0.0139	0.0139	0.0139	0.0132	0.0139	0.0139	0.0139	0.0086	0.0139	0.0139	0.0139	0.0139	0.009	0.009	0.0139	0.0139	0.0139	0.009	0.0139	0.0139	0.0139	0.0623	0.0077	0.0139	0.0139	0.0139	0.0139	0.0139	0.0139	0.0132	0.0139	0.0119	0.0195	0.0139	0.0139	0.0139	0.0097	0.0139	0.0119	0.0181	0.8981	0.8981	0.8981	0.8981	0.8981	0.8981	0.8981	0.8981	0.8981	0.8981	0.8981	0.8981	0.8981	0.8981	0.8981	0.8981	0.8981	0.8981	0.8981	0.8981	0.8981	0.8981	0.8981	0.8981	0.8981	0.8981	0.8981	0.8981	0.8981	0.8981	0.8981	0.8981	0.8981	0.8981	0.8981	0.8981	0.8981	0.8981	0.8981	0.8981	0.8981	0.8981	0.8981	0.8981	0.8981	0.8981	0.8981	0.8981	0.8981	0.8981	0.8981	0.8981	0.8981	0.8981	0.8981	0.8981	0.8981	0.8981	0.8981	0.8981	0.8981	0.8981	0.8981	0.8981	0.8981	0.8981	0.8981	0.8981	0.8981	0.8981	0.8981	0.8981	0.8981	0.8981	0.8981	0.8981	0.8981	0.8981	0.8981	0.8981	0.8981
54	0.1565	0.1565	0.1565	0.1565	0.1565	0.02	0.02	0.02	0.02	0.02	0.02	0.02	0.02	0.02	0.02	0.02	0.02	0.02	0.0001	0.0001	0.0001	0.0001	0.0001	0.0001	0.0001	0.0001	0.0029	0.0001	0.0001	0.0001	0.0001	0.0001	0.0001	0.0034	0.0001	0.0001	0.0001	0.0001	0.0028	0.0001	0.0051	0.0001	0.0001	0.0001	0.0001	0.0001	0.0001	0.0001	0.0001	0.0034	0.0001	0.0001	0.0001	0.0029	0.0001	0.0001	0.0001	0.0033	0.0001	0.0001	0.0001	0.0001	0.0001	0.0001	0.0001	0.0001	0.0001	0.0001	0.0001	0.0001	0.0042	0.0001	0.0001	0.0001	0.0001	0.0001	0.0001	0.005	0.0001	0.0001	0.0001	0.0001	0.0034	0.0001	0.0038	0.0745	0.0001	0.0001	0.0001	0.0001	0.0001	0.0001	0.0042	0.0829	0.0001	0.0001	0.0001	0.0051	0.0001	0.0001	0.0001	0.0001	0.0001	0.0034	0.0001	0.0001	0.0001	0.0001	0.0001	0.0001	0.0001	0.0001	0.0001	0.0001	0.0001	0.0033	0.0001	0.0001	0.0001	0.0029	0.0029	0.0001	0.0001	0.0034	0.0028	0.0001	0.0001	0.0001	0.0001	0.005	0.0054	0.0001	0.0001	0.0028	0.0054	0.0001	0.0001	0.0001	0.0001	0.0001	0.0001	0.0001	0.0001	0.0001	0.0001	0.0001	0.0001	0.0001	0.0001	0.0001	0.0001	0.0001	0.0001	0.0001	0.0051	0.0001	0.0001	0.0028	0.0001	0.0001	0.0029	0.0001	0.0001	0.0001	0.0001	0.0001	0.0054	0.0001	0.0001	0.005	0.0034	0.0001	0.0034	0.0001	0.0029	0.0001	0.0034	0.0029	0.0001	0.0001	0.0001	0.0001	0.0001	0.0001	0.0029	0.0001	0.0028	0.0033	0.0001	0.0001	0.0001	0.0033	0.0029	0.0001	0.0001	0.0001	0.0001	0.0001	0.0001	0.0024	0.0001	0.0001	0.0001	0.0001	0.0001	0.0034	0.0001	0.0001	0.0001	0.0001	0.0001	0.0001	0.0001	0.0001	0.0029	0.0001	0.0001	0.0001	0.0001	0.0029	0.0001	0.0001	0.0001	0.0033	0.0001	0.0001	0.0028	0.0001	0.0001	0.0001	0.0001	0.0029	0.0028	0.0001	0.0034	0.0001	0.0001	0.0028	0.0034	0.0001	0.0001	0.0001	0.0001	0.0001	0.0033	0.0001	0.0001	0.0001	0.0001	0.0001	0.0024	0.0001	0.0033	0.0001	0.0001	0.0038	0.0001	0.0001	0.0001	0.0001	0.0029	0.0001	0.0034	0.0001	0.0001	0.0001	0.0001	0.0001	0.0001	0.0028	0.0033	0.0001	0.0001	0.0001	0.0001	0.0001	0.0024	0.0033	0.0001	0.0001	0.0001	0.0001	0.0001	0.0001	0.0029	0.0001	0.0001	0.0001	0.0001	0.0001	0.0001	0.0038	0.0001	0.0001	0.0034	0.0033	0.0001	0.0001	0.0029	0.0001	0.0001	0.0001	0.0001	0.0028	0.0033	0.0001	0.0001	0.0001	0.005	0.0001	0.0001	0.0001	0.0001	0.0001	0.0001	0.0001	0.0001	0.0001	0.0001	0.0024	0.0001	0.0042	0.0001	0.0001	0.0001	0.0001	0.0001	0.0029	0.0001	0.0001	0.0001	0.0001	0.0001	0.0001	0.0029	0.0001	0.0001	0.0029	0.0001	0.0001	0.0001	0.0034	0.0051	0.0001	0.0745	0.0001	0.0001	0.0001	0.0024	0.0028	0.0029	0.0001	0.0001	0.0001	0.0001	0.0001	0.0034	0.0054	0.0001	0.0001	0.0001	0.0001	0.0001	0.0029	0.0001	0.0033	0.0001	0.0001	0.0745	0.0001	0.0001	0.0001	0.0001	0.0028	0.0001	0.0001	0.0051	0.0001	0.0001	0.0001	0.0001	0.0001	0.0001	0.0001	0.0024	0.0029	0.0001	0.0001	0.0001	0.0001	0.0034	0.0024	0.0001	0.0001	0.0024	0.0001	0.0001	0.0001	0.0001	0.0001	0.0034	0.0001	0.0029	0.0001	0.0029	0.0001	0.0001	0.0001	0.0001	0.0001	0.0097	0.0001	0.0001	0.0001	0.0001	0.0001	0.0001	0.0001	0.0001	0.0042	0.0024	0.0034	0.0001	0.0001	0.0001	0.0001	0.0001	0.0001	0.0001	0.0001	0.0001	0.0097	0.0001	0.0001	0.0001	0.0001	0.0001	0.0001	0.0001	0.0001	0.0033	0.0001	0.0001	0.0028	0.0829	0.0001	0.0034	0.0001	0.0001	0.0001	0.0034	0.0001	0.0001	0.0001	0.0024	0.0001	0.0001	0.0029	0.0029	0.0001	0.0029	0.0001	0.0001	0.0001	0.0001	0.0001	0.0001	0.0001	0.0001	0.0001	0.0001	0.0001	0.0001	0.005	0.0001	0.0001	0.0001	0.0038	0.0001	0.0001	0.0001	0.0001	0.0051	0.0001	0.0001	0.0001	0.0033	0.0001	0.0001	0.0001	0.0001	0.0028	0.0028	0.0001	0.0001	0.0001	0.0028	0.0001	0.0001	0.0001	0.0054	0.0034	0.0001	0.0001	0.0001	0.0001	0.0001	0.0001	0.0051	0.0001	0.0042	0.0829	0.0001	0.0001	0.0001	0.0034	0.0001	0.0042	0.0097	0.9787	0.9787	0.9787	0.9787	0.9787	0.9787	0.9787	0.9787	0.9787	0.9787	0.9787	0.9787	0.9787	0.9787	0.9787	0.9787	0.9787	0.9787	0.9787	0.9787	0.9787	0.9787	0.9787	0.9787	0.9787	0.9787	0.9787	0.9787	0.9787	0.9787	0.9787	0.9787	0.9787	0.9787	0.9787	0.9787	0.9787	0.9787	0.9787	0.9787	0.9787	0.9787	0.9787	0.9787	0.9787	0.9787	0.9787	0.9787	0.9787	0.9787	0.9787	0.9787	0.9787	0.9787	0.9787	0.9787	0.9787	0.9787	0.9787	0.9787	0.9787	0.9787	0.9787	0.9787	0.9787	0.9787	0.9787	0.9787	0.9787	0.9787	0.9787	0.9787	0.9787	0.9787	0.9787	0.9787	0.9787	0.9787	0.9787	0.9787	0.9787
55	0.1044	0.1044	0.1044	0.1044	0.1044	0.0375	0.0375	0.0375	0.0375	0.0375	0.0375	0.0375	0.0375	0.0375	0.0375	0.0375	0.0375	0.0375	0.0158	0.0158	0.0158	0.0158	0.0158	0.0158	0.0158	0.0158	0.0192	0.0158	0.0158	0.0158	0.0158	0.0158	0.0158	0.0171	0.0158	0.0158	0.0158	0.0158	0.0135	0.0158	0.0267	0.0158	0.0158	0.0158	0.0158	0.0158	0.0158	0.0158	0.0158	0.0163	0.0158	0.0158	0.0158	0.0192	0.0158	0.0158	0.0158	0.0181	0.0158	0.0158	0.0158	0.0158	0.0158	0.0158	0.0158	0.0158	0.0158	0.0158	0.0158	0.0158	0.0178	0.0158	0.0158	0.0158	0.0158	0.0158	0.0158	0.0173	0.0158	0.0158	0.0158	0.0158	0.0171	0.0158	0.0155	0.0	0.0158	0.0158	0.0158	0.0158	0.0158	0.0158	0.0178	0.4035	0.0158	0.0158	0.0158	0.0267	0.0158	0.0158	0.0158	0.0158	0.0158	0.0171	0.0158	0.0158	0.0158	0.0158	0.0158	0.0158	0.0158	0.0158	0.0158	0.0158	0.0158	0.0181	0.0158	0.0158	0.0158	0.0192	0.0192	0.0158	0.0158	0.0171	0.0135	0.0158	0.0158	0.0158	0.0158	0.0173	0.0227	0.0158	0.0158	0.0135	0.0227	0.0158	0.0158	0.0158	0.0158	0.0158	0.0158	0.0158	0.0158	0.0158	0.0158	0.0158	0.0158	0.0158	0.0158	0.0158	0.0158	0.0158	0.0158	0.0158	0.0267	0.0158	0.0158	0.0135	0.0158	0.0158	0.0192	0.0158	0.0158	0.0158	0.0158	0.0158	0.0227	0.0158	0.0158	0.0173	0.0171	0.0158	0.0171	0.0158	0.0192	0.0158	0.0171	0.0192	0.0158	0.0158	0.0158	0.0158	0.0158	0.0158	0.0192	0.0158	0.0135	0.0181	0.0158	0.0158	0.0158	0.0181	0.0192	0.0158	0.0158	0.0158	0.0158	0.0158	0.0158	0.0144	0.0158	0.0158	0.0158	0.0158	0.0158	0.0163	0.0158	0.0158	0.0158	0.0158	0.0158	0.0158	0.0158	0.0158	0.0192	0.0158	0.0158	0.0158	0.0158	0.0192	0.0158	0.0158	0.0158	0.0181	0.0158	0.0158	0.0135	0.0158	0.0158	0.0158	0.0158	0.0192	0.0135	0.0158	0.0163	0.0158	0.0158	0.0135	0.0163	0.0158	0.0158	0.0158	0.0158	0.0158	0.0181	0.0158	0.0158	0.0158	0.0158	0.0158	0.0144	0.0158	0.0181	0.0158	0.0158	0.0155	0.0158	0.0158	0.0158	0.0158	0.0192	0.0158	0.0163	0.0158	0.0158	0.0158	0.0158	0.0158	0.0158	0.0135	0.0181	0.0158	0.0158	0.0158	0.0158	0.0158	0.0144	0.0181	0.0158	0.0158	0.0158	0.0158	0.0158	0.0158	0.0192	0.0158	0.0158	0.0158	0.0158	0.0158	0.0158	0.0155	0.0158	0.0158	0.0163	0.0181	0.0158	0.0158	0.0192	0.0158	0.0158	0.0158	0.0158	0.0135	0.0181	0.0158	0.0158	0.0158	0.0173	0.0158	0.0158	0.0158	0.0158	0.0158	0.0158	0.0158	0.0158	0.0158	0.0158	0.0144	0.0158	0.0178	0.0158	0.0158	0.0158	0.0158	0.0158	0.0192	0.0158	0.0158	0.0158	0.0158	0.0158	0.0158	0.0192	0.0158	0.0158	0.0192	0.0158	0.0158	0.0158	0.0163	0.0181	0.0158	0.0	0.0158	0.0158	0.0158	0.0144	0.0135	0.0192	0.0158	0.0158	0.0158	0.0158	0.0158	0.0171	0.0227	0.0158	0.0158	0.0158	0.0158	0.0158	0.0192	0.0158	0.0181	0.0158	0.0158	0.0	0.0158	0.0158	0.0158	0.0158	0.0135	0.0158	0.0158	0.0181	0.0158	0.0158	0.0158	0.0158	0.0158	0.0158	0.0158	0.0144	0.0192	0.0158	0.0158	0.0158	0.0158	0.0171	0.0144	0.0158	0.0158	0.0144	0.0158	0.0158	0.0158	0.0158	0.0158	0.0171	0.0158	0.0192	0.0158	0.0192	0.0158	0.0158	0.0158	0.0158	0.0158	0.0239	0.0158	0.0158	0.0158	0.0158	0.0158	0.0158	0.0158	0.0158	0.0178	0.0144	0.0171	0.0158	0.0158	0.0158	0.0158	0.0158	0.0158	0.0158	0.0158	0.0158	0.0239	0.0158	0.0158	0.0158	0.0158	0.0158	0.0158	0.0158	0.0158	0.0181	0.0158	0.0158	0.0135	0.4035	0.0158	0.0171	0.0158	0.0158	0.0158	0.0163	0.0158	0.0158	0.0158	0.0144	0.0158	0.0158	0.0192	0.0192	0.0158	0.0192	0.0158	0.0158	0.0158	0.0158	0.0158	0.0158	0.0158	0.0158	0.0158	0.0158	0.0158	0.0158	0.0173	0.0158	0.0158	0.0158	0.0155	0.0158	0.0158	0.0158	0.0158	0.0181	0.0158	0.0158	0.0158	0.0181	0.0158	0.0158	0.0158	0.0158	0.0135	0.0135	0.0158	0.0158	0.0158	0.0135	0.0158	0.0158	0.0158	0.0227	0.0171	0.0158	0.0158	0.0158	0.0158	0.0158	0.0158	0.0181	0.0158	0.0178	0.4035	0.0158	0.0158	0.0158	0.0163	0.0158	0.0178	0.0239	0.9594	0.9594	0.9594	0.9594	0.9594	0.9594	0.9594	0.9594	0.9594	0.9594	0.9594	0.9594	0.9594	0.9594	0.9594	0.9594	0.9594	0.9594	0.9594	0.9594	0.9594	0.9594	0.9594	0.9594	0.9594	0.9594	0.9594	0.9594	0.9594	0.9594	0.9594	0.9594	0.9594	0.9594	0.9594	0.9594	0.9594	0.9594	0.9594	0.9594	0.9594	0.9594	0.9594	0.9594	0.9594	0.9594	0.9594	0.9594	0.9594	0.9594	0.9594	0.9594	0.9594	0.9594	0.9594	0.9594	0.9594	0.9594	0.9594	0.9594	0.9594	0.9594	0.9594	0.9594	0.9594	0.9594	0.9594	0.9594	0.9594	0.9594	0.9594	0.9594	0.9594	0.9594	0.9594	0.9594	0.9594	0.9594	0.9594	0.9594	0.9594
56	0.0715	0.0715	0.0715	0.0715	0.0715	0.0247	0.0247	0.0247	0.0247	0.0247	0.0247	0.0247	0.0247	0.0247	0.0247	0.0247	0.0247	0.0247	0.0057	0.0057	0.0057	0.0057	0.0057	0.0057	0.0057	0.0057	0.0071	0.0057	0.0057	0.0057	0.0057	0.0057	0.0057	0.0091	0.0057	0.0057	0.0057	0.0057	0.0105	0.0057	0.0319	0.0057	0.0057	0.0057	0.0057	0.0057	0.0057	0.0057	0.0057	0.0126	0.0057	0.0057	0.0057	0.0071	0.0057	0.0057	0.0057	0.0085	0.0057	0.0057	0.0057	0.0057	0.0057	0.0057	0.0057	0.0057	0.0057	0.0057	0.0057	0.0057	0.0083	0.0057	0.0057	0.0057	0.0057	0.0057	0.0057	0.0156	0.0057	0.0057	0.0057	0.0057	0.0091	0.0057	0.0077	0.0523	0.0057	0.0057	0.0057	0.0057	0.0057	0.0057	0.0083	0.617	0.0057	0.0057	0.0057	0.0319	0.0057	0.0057	0.0057	0.0057	0.0057	0.0091	0.0057	0.0057	0.0057	0.0057	0.0057	0.0057	0.0057	0.0057	0.0057	0.0057	0.0057	0.0085	0.0057	0.0057	0.0057	0.0071	0.0071	0.0057	0.0057	0.0091	0.0105	0.0057	0.0057	0.0057	0.0057	0.0156	0.0116	0.0057	0.0057	0.0105	0.0116	0.0057	0.0057	0.0057	0.0057	0.0057	0.0057	0.0057	0.0057	0.0057	0.0057	0.0057	0.0057	0.0057	0.0057	0.0057	0.0057	0.0057	0.0057	0.0057	0.0319	0.0057	0.0057	0.0105	0.0057	0.0057	0.0071	0.0057	0.0057	0.0057	0.0057	0.0057	0.0116	0.0057	0.0057	0.0156	0.0091	0.0057	0.0091	0.0057	0.0071	0.0057	0.0091	0.0071	0.0057	0.0057	0.0057	0.0057	0.0057	0.0057	0.0071	0.0057	0.0105	0.0085	0.0057	0.0057	0.0057	0.0085	0.0071	0.0057	0.0057	0.0057	0.0057	0.0057	0.0057	0.0076	0.0057	0.0057	0.0057	0.0057	0.0057	0.0126	0.0057	0.0057	0.0057	0.0057	0.0057	0.0057	0.0057	0.0057	0.0071	0.0057	0.0057	0.0057	0.0057	0.0071	0.0057	0.0057	0.0057	0.0085	0.0057	0.0057	0.0105	0.0057	0.0057	0.0057	0.0057	0.0071	0.0105	0.0057	0.0126	0.0057	0.0057	0.0105	0.0126	0.0057	0.0057	0.0057	0.0057	0.0057	0.0085	0.0057	0.0057	0.0057	0.0057	0.0057	0.0076	0.0057	0.0085	0.0057	0.0057	0.0077	0.0057	0.0057	0.0057	0.0057	0.0071	0.0057	0.0126	0.0057	0.0057	0.0057	0.0057	0.0057	0.0057	0.0105	0.0085	0.0057	0.0057	0.0057	0.0057	0.0057	0.0076	0.0085	0.0057	0.0057	0.0057	0.0057	0.0057	0.0057	0.0071	0.0057	0.0057	0.0057	0.0057	0.0057	0.0057	0.0077	0.0057	0.0057	0.0126	0.0085	0.0057	0.0057	0.0071	0.0057	0.0057	0.0057	0.0057	0.0105	0.0085	0.0057	0.0057	0.0057	0.0156	0.0057	0.0057	0.0057	0.0057	0.0057	0.0057	0.0057	0.0057	0.0057	0.0057	0.0076	0.0057	0.0083	0.0057	0.0057	0.0057	0.0057	0.0057	0.0071	0.0057	0.0057	0.0057	0.0057	0.0057	0.0057	0.0071	0.0057	0.0057	0.0071	0.0057	0.0057	0.0057	0.0126	0.0153	0.0057	0.0523	0.0057	0.0057	0.0057	0.0076	0.0105	0.0071	0.0057	0.0057	0.0057	0.0057	0.0057	0.0091	0.0116	0.0057	0.0057	0.0057	0.0057	0.0057	0.0071	0.0057	0.0085	0.0057	0.0057	0.0523	0.0057	0.0057	0.0057	0.0057	0.0105	0.0057	0.0057	0.0153	0.0057	0.0057	0.0057	0.0057	0.0057	0.0057	0.0057	0.0076	0.0071	0.0057	0.0057	0.0057	0.0057	0.0091	0.0076	0.0057	0.0057	0.0076	0.0057	0.0057	0.0057	0.0057	0.0057	0.0091	0.0057	0.0071	0.0057	0.0071	0.0057	0.0057	0.0057	0.0057	0.0057	0.0281	0.0057	0.0057	0.0057	0.0057	0.0057	0.0057	0.0057	0.0057	0.0083	0.0076	0.0091	0.0057	0.0057	0.0057	0.0057	0.0057	0.0057	0.0057	0.0057	0.0057	0.0281	0.0057	0.0057	0.0057	0.0057	0.0057	0.0057	0.0057	0.0057	0.0085	0.0057	0.0057	0.0105	0.617	0.0057	0.0091	0.0057	0.0057	0.0057	0.0126	0.0057	0.0057	0.0057	0.0076	0.0057	0.0057	0.0071	0.0071	0.0057	0.0071	0.0057	0.0057	0.0057	0.0057	0.0057	0.0057	0.0057	0.0057	0.0057	0.0057	0.0057	0.0057	0.0156	0.0057	0.0057	0.0057	0.0077	0.0057	0.0057	0.0057	0.0057	0.0153	0.0057	0.0057	0.0057	0.0085	0.0057	0.0057	0.0057	0.0057	0.0105	0.0105	0.0057	0.0057	0.0057	0.0105	0.0057	0.0057	0.0057	0.0116	0.0091	0.0057	0.0057	0.0057	0.0057	0.0057	0.0057	0.0153	0.0057	0.0083	0.617	0.0057	0.0057	0.0057	0.0126	0.0057	0.0083	0.0281	0.8425	0.8425	0.8425	0.8425	0.8425	0.8425	0.8425	0.8425	0.8425	0.8425	0.8425	0.8425	0.8425	0.8425	0.8425	0.8425	0.8425	0.8425	0.8425	0.8425	0.8425	0.8425	0.8425	0.8425	0.8425	0.8425	0.8425	0.8425	0.8425	0.8425	0.8425	0.8425	0.8425	0.8425	0.8425	0.8425	0.8425	0.8425	0.8425	0.8425	0.8425	0.8425	0.8425	0.8425	0.8425	0.8425	0.8425	0.8425	0.8425	0.8425	0.8425	0.8425	0.8425	0.8425	0.8425	0.8425	0.8425	0.8425	0.8425	0.8425	0.8425	0.8425	0.8425	0.8425	0.8425	0.8425	0.8425	0.8425	0.8425	0.8425	0.8425	0.8425	0.8425	0.8425	0.8425	0.8425	0.8425	0.8425	0.8425	0.8425	0.8425
57	0.0701	0.0701	0.0701	0.0701	0.0701	0.0254	0.0254	0.0254	0.0254	0.0254	0.0254	0.0254	0.0254	0.0254	0.0254	0.0254	0.0254	0.0254	0.9138	0.9138	0.9138	0.9138	0.9138	0.9138	0.9138	0.9138	0.8779	0.9138	0.9138	0.9138	0.9138	0.9138	0.9138	0.8409	0.9138	0.9138	0.9138	0.9138	0.8876	0.9138	0.8329	0.9138	0.9138	0.9138	0.9138	0.9138	0.9138	0.9138	0.9138	0.8604	0.9138	0.9138	0.9138	0.8779	0.9138	0.9138	0.9138	0.8756	0.9138	0.9138	0.9138	0.9138	0.9138	0.9138	0.9138	0.9138	0.9138	0.9138	0.9138	0.9138	0.9002	0.9138	0.9138	0.9138	0.9138	0.9138	0.9138	0.8157	0.9138	0.9138	0.9138	0.9138	0.8409	0.9138	0.8947	0.9215	0.9138	0.9138	0.9138	0.9138	0.9138	0.9138	0.9002	0.8133	0.9138	0.9138	0.9138	0.8329	0.9138	0.9138	0.9138	0.9138	0.9138	0.8409	0.9138	0.9138	0.9138	0.9138	0.9138	0.9138	0.9138	0.9138	0.9138	0.9138	0.9138	0.8756	0.9138	0.9138	0.9138	0.8779	0.8779	0.9138	0.9138	0.8409	0.8876	0.9138	0.9138	0.9138	0.9138	0.8157	0.8809	0.9138	0.9138	0.8876	0.8809	0.9138	0.9138	0.9138	0.9138	0.9138	0.9138	0.9138	0.9138	0.9138	0.9138	0.9138	0.9138	0.9138	0.9138	0.9138	0.9138	0.9138	0.9138	0.9138	0.8329	0.9138	0.9138	0.8876	0.9138	0.9138	0.8779	0.9138	0.9138	0.9138	0.9138	0.9138	0.8809	0.9138	0.9138	0.8157	0.8409	0.9138	0.8409	0.9138	0.8779	0.9138	0.8409	0.8779	0.9138	0.9138	0.9138	0.9138	0.9138	0.9138	0.8779	0.9138	0.8876	0.8756	0.9138	0.9138	0.9138	0.8756	0.8779	0.9138	0.9138	0.9138	0.9138	0.9138	0.9138	0.897	0.9138	0.9138	0.9138	0.9138	0.9138	0.8604	0.9138	0.9138	0.9138	0.9138	0.9138	0.9138	0.9138	0.9138	0.8779	0.9138	0.9138	0.9138	0.9138	0.8779	0.9138	0.9138	0.9138	0.8756	0.9138	0.9138	0.8876	0.9138	0.9138	0.9138	0.9138	0.8779	0.8876	0.9138	0.8604	0.9138	0.9138	0.8876	0.8604	0.9138	0.9138	0.9138	0.9138	0.9138	0.8756	0.9138	0.9138	0.9138	0.9138	0.9138	0.897	0.9138	0.8756	0.9138	0.9138	0.8947	0.9138	0.9138	0.9138	0.9138	0.8779	0.9138	0.8604	0.9138	0.9138	0.9138	0.9138	0.9138	0.9138	0.8876	0.8756	0.9138	0.9138	0.9138	0.9138	0.9138	0.897	0.8756	0.9138	0.9138	0.9138	0.9138	0.9138	0.9138	0.8779	0.9138	0.9138	0.9138	0.9138	0.9138	0.9138	0.8947	0.9138	0.9138	0.8604	0.8756	0.9138	0.9138	0.8779	0.9138	0.9138	0.9138	0.9138	0.8876	0.8756	0.9138	0.9138	0.9138	0.8157	0.9138	0.9138	0.9138	0.9138	0.9138	0.9138	0.9138	0.9138	0.9138	0.9138	0.897	0.9138	0.9002	0.9138	0.9138	0.9138	0.9138	0.9138	0.8779	0.9138	0.9138	0.9138	0.9138	0.9138	0.9138	0.8779	0.9138	0.9138	0.8779	0.9138	0.9138	0.9138	0.8604	0.8796	0.9138	0.9215	0.9138	0.9138	0.9138	0.897	0.8876	0.8779	0.9138	0.9138	0.9138	0.9138	0.9138	0.8409	0.8809	0.9138	0.9138	0.9138	0.9138	0.9138	0.8779	0.9138	0.8756	0.9138	0.9138	0.9215	0.9138	0.9138	0.9138	0.9138	0.8876	0.9138	0.9138	0.8796	0.9138	0.9138	0.9138	0.9138	0.9138	0.9138	0.9138	0.897	0.8779	0.9138	0.9138	0.9138	0.9138	0.8409	0.897	0.9138	0.9138	0.897	0.9138	0.9138	0.9138	0.9138	0.9138	0.8409	0.9138	0.8779	0.9138	0.8779	0.9138	0.9138	0.9138	0.9138	0.9138	0.71	0.9138	0.9138	0.9138	0.9138	0.9138	0.9138	0.9138	0.9138	0.9002	0.897	0.8409	0.9138	0.9138	0.9138	0.9138	0.9138	0.9138	0.9138	0.9138	0.9138	0.71	0.9138	0.9138	0.9138	0.9138	0.9138	0.9138	0.9138	0.9138	0.8756	0.9138	0.9138	0.8876	0.8133	0.9138	0.8409	0.9138	0.9138	0.9138	0.8604	0.9138	0.9138	0.9138	0.897	0.9138	0.9138	0.8779	0.8779	0.9138	0.8779	0.9138	0.9138	0.9138	0.9138	0.9138	0.9138	0.9138	0.9138	0.9138	0.9138	0.9138	0.9138	0.8157	0.9138	0.9138	0.9138	0.8947	0.9138	0.9138	0.9138	0.9138	0.8796	0.9138	0.9138	0.9138	0.8756	0.9138	0.9138	0.9138	0.9138	0.8876	0.8876	0.9138	0.9138	0.9138	0.8876	0.9138	0.9138	0.9138	0.8809	0.8409	0.9138	0.9138	0.9138	0.9138	0.9138	0.9138	0.8796	0.9138	0.9002	0.8133	0.9138	0.9138	0.9138	0.8604	0.9138	0.9002	0.71	0.9825	0.9825	0.9825	0.9825	0.9825	0.9825	0.9825	0.9825	0.9825	0.9825	0.9825	0.9825	0.9825	0.9825	0.9825	0.9825	0.9825	0.9825	0.9825	0.9825	0.9825	0.9825	0.9825	0.9825	0.9825	0.9825	0.9825	0.9825	0.9825	0.9825	0.9825	0.9825	0.9825	0.9825	0.9825	0.9825	0.9825	0.9825	0.9825	0.9825	0.9825	0.9825	0.9825	0.9825	0.9825	0.9825	0.9825	0.9825	0.9825	0.9825	0.9825	0.9825	0.9825	0.9825	0.9825	0.9825	0.9825	0.9825	0.9825	0.9825	0.9825	0.9825	0.9825	0.9825	0.9825	0.9825	0.9825	0.9825	0.9825	0.9825	0.9825	0.9825	0.9825	0.9825	0.9825	0.9825	0.9825	0.9825	0.9825	0.9825	0.9825
58	0.0458	0.0458	0.0458	0.0458	0.0458	0.9208	0.9208	0.9208	0.9208	0.9208	0.9208	0.9208	0.9208	0.9208	0.9208	0.9208	0.9208	0.9208	0.0	0.0	0.0	0.0	0.0	0.0	0.0	0.0	0.0012	0.0	0.0	0.0	0.0	0.0	0.0	0.0022	0.0	0.0	0.0	0.0	0.0017	0.0	0.0054	0.0	0.0	0.0	0.0	0.0	0.0	0.0	0.0	0.0018	0.0	0.0	0.0	0.0012	0.0	0.0	0.0	0.0015	0.0	0.0	0.0	0.0	0.0	0.0	0.0	0.0	0.0	0.0	0.0	0.0	0.0035	0.0	0.0	0.0	0.0	0.0	0.0	0.0071	0.0	0.0	0.0	0.0	0.0022	0.0	0.004	0.316	0.0	0.0	0.0	0.0	0.0	0.0	0.0035	0.0561	0.0	0.0	0.0	0.0054	0.0	0.0	0.0	0.0	0.0	0.0022	0.0	0.0	0.0	0.0	0.0	0.0	0.0	0.0	0.0	0.0	0.0	0.0015	0.0	0.0	0.0	0.0012	0.0012	0.0	0.0	0.0022	0.0017	0.0	0.0	0.0	0.0	0.0071	0.0048	0.0	0.0	0.0017	0.0048	0.0	0.0	0.0	0.0	0.0	0.0	0.0	0.0	0.0	0.0	0.0	0.0	0.0	0.0	0.0	0.0	0.0	0.0	0.0	0.0054	0.0	0.0	0.0017	0.0	0.0	0.0012	0.0	0.0	0.0	0.0	0.0	0.0048	0.0	0.0	0.0071	0.0022	0.0	0.0022	0.0	0.0012	0.0	0.0022	0.0012	0.0	0.0	0.0	0.0	0.0	0.0	0.0012	0.0	0.0017	0.0015	0.0	0.0	0.0	0.0015	0.0012	0.0	0.0	0.0	0.0	0.0	0.0	0.0017	0.0	0.0	0.0	0.0	0.0	0.0018	0.0	0.0	0.0	0.0	0.0	0.0	0.0	0.0	0.0012	0.0	0.0	0.0	0.0	0.0012	0.0	0.0	0.0	0.0015	0.0	0.0	0.0017	0.0	0.0	0.0	0.0	0.0012	0.0017	0.0	0.0018	0.0	0.0	0.0017	0.0018	0.0	0.0	0.0	0.0	0.0	0.0015	0.0	0.0	0.0	0.0	0.0	0.0017	0.0	0.0015	0.0	0.0	0.004	0.0	0.0	0.0	0.0	0.0012	0.0	0.0018	0.0	0.0	0.0	0.0	0.0	0.0	0.0017	0.0015	0.0	0.0	0.0	0.0	0.0	0.0017	0.0015	0.0	0.0	0.0	0.0	0.0	0.0	0.0012	0.0	0.0	0.0	0.0	0.0	0.0	0.004	0.0	0.0	0.0018	0.0015	0.0	0.0	0.0012	0.0	0.0	0.0	0.0	0.0017	0.0015	0.0	0.0	0.0	0.0071	0.0	0.0	0.0	0.0	0.0	0.0	0.0	0.0	0.0	0.0	0.0017	0.0	0.0035	0.0	0.0	0.0	0.0	0.0	0.0012	0.0	0.0	0.0	0.0	0.0	0.0	0.0012	0.0	0.0	0.0012	0.0	0.0	0.0	0.0018	0.0021	0.0	0.316	0.0	0.0	0.0	0.0017	0.0017	0.0012	0.0	0.0	0.0	0.0	0.0	0.0022	0.0048	0.0	0.0	0.0	0.0	0.0	0.0012	0.0	0.0015	0.0	0.0	0.316	0.0	0.0	0.0	0.0	0.0017	0.0	0.0	0.0021	0.0	0.0	0.0	0.0	0.0	0.0	0.0	0.0017	0.0012	0.0	0.0	0.0	0.0	0.0022	0.0017	0.0	0.0	0.0017	0.0	0.0	0.0	0.0	0.0	0.0022	0.0	0.0012	0.0	0.0012	0.0	0.0	0.0	0.0	0.0	0.0246	0.0	0.0	0.0	0.0	0.0	0.0	0.0	0.0	0.0035	0.0017	0.0022	0.0	0.0	0.0	0.0	0.0	0.0	0.0	0.0	0.0	0.0246	0.0	0.0	0.0	0.0	0.0	0.0	0.0	0.0	0.0015	0.0	0.0	0.0017	0.0561	0.0	0.0022	0.0	0.0	0.0	0.0018	0.0	0.0	0.0	0.0017	0.0	0.0	0.0012	0.0012	0.0	0.0012	0.0	0.0	0.0	0.0	0.0	0.0	0.0	0.0	0.0	0.0	0.0	0.0	0.0071	0.0	0.0	0.0	0.004	0.0	0.0	0.0	0.0	0.0021	0.0	0.0	0.0	0.0015	0.0	0.0	0.0	0.0	0.0017	0.0017	0.0	0.0	0.0	0.0017	0.0	0.0	0.0	0.0048	0.0022	0.0	0.0	0.0	0.0	0.0	0.0	0.0021	0.0	0.0035	0.0561	0.0	0.0	0.0	0.0018	0.0	0.0035	0.0246	0.0166	0.0166	0.0166	0.0166	0.0166	0.0166	0.0166	0.0166	0.0166	0.0166	0.0166	0.0166	0.0166	0.0166	0.0166	0.0166	0.0166	0.0166	0.0166	0.0166	0.0166	0.0166	0.0166	0.0166	0.0166	0.0166	0.0166	0.0166	0.0166	0.0166	0.0166	0.0166	0.0166	0.0166	0.0166	0.0166	0.0166	0.0166	0.0166	0.0166	0.0166	0.0166	0.0166	0.0166	0.0166	0.0166	0.0166	0.0166	0.0166	0.0166	0.0166	0.0166	0.0166	0.0166	0.0166	0.0166	0.0166	0.0166	0.0166	0.0166	0.0166	0.0166	0.0166	0.0166	0.0166	0.0166	0.0166	0.0166	0.0166	0.0166	0.0166	0.0166	0.0166	0.0166	0.0166	0.0166	0.0166	0.0166	0.0166	0.0166	0.0166
59	0.8914	0.8914	0.8914	0.8914	0.8914	0.0137	0.0137	0.0137	0.0137	0.0137	0.0137	0.0137	0.0137	0.0137	0.0137	0.0137	0.0137	0.0137	0.9581	0.9581	0.9581	0.9581	0.9581	0.9581	0.9581	0.9581	0.9274	0.9581	0.9581	0.9581	0.9581	0.9581	0.9581	0.9467	0.9581	0.9581	0.9581	0.9581	0.949	0.9581	0.8906	0.9581	0.9581	0.9581	0.9581	0.9581	0.9581	0.9581	0.9581	0.9199	0.9581	0.9581	0.9581	0.9274	0.9581	0.9581	0.9581	0.94	0.9581	0.9581	0.9581	0.9581	0.9581	0.9581	0.9581	0.9581	0.9581	0.9581	0.9581	0.9581	0.9476	0.9581	0.9581	0.9581	0.9581	0.9581	0.9581	0.9116	0.9581	0.9581	0.9581	0.9581	0.9467	0.9581	0.9503	0.6726	0.9581	0.9581	0.9581	0.9581	0.9581	0.9581	0.9476	0.7354	0.9581	0.9581	0.9581	0.8906	0.9581	0.9581	0.9581	0.9581	0.9581	0.9467	0.9581	0.9581	0.9581	0.9581	0.9581	0.9581	0.9581	0.9581	0.9581	0.9581	0.9581	0.94	0.9581	0.9581	0.9581	0.9274	0.9274	0.9581	0.9581	0.9467	0.949	0.9581	0.9581	0.9581	0.9581	0.9116	0.9228	0.9581	0.9581	0.949	0.9228	0.9581	0.9581	0.9581	0.9581	0.9581	0.9581	0.9581	0.9581	0.9581	0.9581	0.9581	0.9581	0.9581	0.9581	0.9581	0.9581	0.9581	0.9581	0.9581	0.8906	0.9581	0.9581	0.949	0.9581	0.9581	0.9274	0.9581	0.9581	0.9581	0.9581	0.9581	0.9228	0.9581	0.9581	0.9116	0.9467	0.9581	0.9467	0.9581	0.9274	0.9581	0.9467	0.9274	0.9581	0.9581	0.9581	0.9581	0.9581	0.9581	0.9274	0.9581	0.949	0.94	0.9581	0.9581	0.9581	0.94	0.9274	0.9581	0.9581	0.9581	0.9581	0.9581	0.9581	0.9509	0.9581	0.9581	0.9581	0.9581	0.9581	0.9199	0.9581	0.9581	0.9581	0.9581	0.9581	0.9581	0.9581	0.9581	0.9274	0.9581	0.9581	0.9581	0.9581	0.9274	0.9581	0.9581	0.9581	0.94	0.9581	0.9581	0.949	0.9581	0.9581	0.9581	0.9581	0.9274	0.949	0.9581	0.9199	0.9581	0.9581	0.949	0.9199	0.9581	0.9581	0.9581	0.9581	0.9581	0.94	0.9581	0.9581	0.9581	0.9581	0.9581	0.9509	0.9581	0.94	0.9581	0.9581	0.9503	0.9581	0.9581	0.9581	0.9581	0.9274	0.9581	0.9199	0.9581	0.9581	0.9581	0.9581	0.9581	0.9581	0.949	0.94	0.9581	0.9581	0.9581	0.9581	0.9581	0.9509	0.94	0.9581	0.9581	0.9581	0.9581	0.9581	0.9581	0.9274	0.9581	0.9581	0.9581	0.9581	0.9581	0.9581	0.9503	0.9581	0.9581	0.9199	0.94	0.9581	0.9581	0.9274	0.9581	0.9581	0.9581	0.9581	0.949	0.94	0.9581	0.9581	0.9581	0.9116	0.9581	0.9581	0.9581	0.9581	0.9581	0.9581	0.9581	0.9581	0.9581	0.9581	0.9509	0.9581	0.9476	0.9581	0.9581	0.9581	0.9581	0.9581	0.9274	0.9581	0.9581	0.9581	0.9581	0.9581	0.9581	0.9274	0.9581	0.9581	0.9274	0.9581	0.9581	0.9581	0.9199	0.9344	0.9581	0.6726	0.9581	0.9581	0.9581	0.9509	0.949	0.9274	0.9581	0.9581	0.9581	0.9581	0.9581	0.9467	0.9228	0.9581	0.9581	0.9581	0.9581	0.9581	0.9274	0.9581	0.94	0.9581	0.9581	0.6726	0.9581	0.9581	0.9581	0.9581	0.949	0.9581	0.9581	0.9344	0.9581	0.9581	0.9581	0.9581	0.9581	0.9581	0.9581	0.9509	0.9274	0.9581	0.9581	0.9581	0.9581	0.9467	0.9509	0.9581	0.9581	0.9509	0.9581	0.9581	0.9581	0.9581	0.9581	0.9467	0.9581	0.9274	0.9581	0.9274	0.9581	0.9581	0.9581	0.9581	0.9581	0.8603	0.9581	0.9581	0.9581	0.9581	0.9581	0.9581	0.9581	0.9581	0.9476	0.9509	0.9467	0.9581	0.9581	0.9581	0.9581	0.9581	0.9581	0.9581	0.9581	0.9581	0.8603	0.9581	0.9581	0.9581	0.9581	0.9581	0.9581	0.9581	0.9581	0.94	0.9581	0.9581	0.949	0.7354	0.9581	0.9467	0.9581	0.9581	0.9581	0.9199	0.9581	0.9581	0.9581	0.9509	0.9581	0.9581	0.9274	0.9274	0.9581	0.9274	0.9581	0.9581	0.9581	0.9581	0.9581	0.9581	0.9581	0.9581	0.9581	0.9581	0.9581	0.9581	0.9116	0.9581	0.9581	0.9581	0.9503	0.9581	0.9581	0.9581	0.9581	0.9344	0.9581	0.9581	0.9581	0.94	0.9581	0.9581	0.9581	0.9581	0.949	0.949	0.9581	0.9581	0.9581	0.949	0.9581	0.9581	0.9581	0.9228	0.9467	0.9581	0.9581	0.9581	0.9581	0.9581	0.9581	0.9344	0.9581	0.9476	0.7354	0.9581	0.9581	0.9581	0.9199	0.9581	0.9476	0.8603	0.8958	0.8958	0.8958	0.8958	0.8958	0.8958	0.8958	0.8958	0.8958	0.8958	0.8958	0.8958	0.8958	0.8958	0.8958	0.8958	0.8958	0.8958	0.8958	0.8958	0.8958	0.8958	0.8958	0.8958	0.8958	0.8958	0.8958	0.8958	0.8958	0.8958	0.8958	0.8958	0.8958	0.8958	0.8958	0.8958	0.8958	0.8958	0.8958	0.8958	0.8958	0.8958	0.8958	0.8958	0.8958	0.8958	0.8958	0.8958	0.8958	0.8958	0.8958	0.8958	0.8958	0.8958	0.8958	0.8958	0.8958	0.8958	0.8958	0.8958	0.8958	0.8958	0.8958	0.8958	0.8958	0.8958	0.8958	0.8958	0.8958	0.8958	0.8958	0.8958	0.8958	0.8958	0.8958	0.8958	0.8958	0.8958	0.8958	0.8958	0.8958
60	0.0708	0.0708	0.0708	0.0708	0.0708	0.0259	0.0259	0.0259	0.0259	0.0259	0.0259	0.0259	0.0259	0.0259	0.0259	0.0259	0.0259	0.0259	0.9333	0.9333	0.9333	0.9333	0.9333	0.9333	0.9333	0.9333	0.9337	0.9333	0.9333	0.9333	0.9333	0.9333	0.9333	0.9332	0.9333	0.9333	0.9333	0.9333	0.9298	0.9333	0.9366	0.9333	0.9333	0.9333	0.9333	0.9333	0.9333	0.9333	0.9333	0.9338	0.9333	0.9333	0.9333	0.9337	0.9333	0.9333	0.9333	0.9256	0.9333	0.9333	0.9333	0.9333	0.9333	0.9333	0.9333	0.9333	0.9333	0.9333	0.9333	0.9333	0.9339	0.9333	0.9333	0.9333	0.9333	0.9333	0.9333	0.9386	0.9333	0.9333	0.9333	0.9333	0.9332	0.9333	0.9373	0.7263	0.9333	0.9333	0.9333	0.9333	0.9333	0.9333	0.9339	0.9339	0.9333	0.9333	0.9333	0.9366	0.9333	0.9333	0.9333	0.9333	0.9333	0.9332	0.9333	0.9333	0.9333	0.9333	0.9333	0.9333	0.9333	0.9333	0.9333	0.9333	0.9333	0.9256	0.9333	0.9333	0.9333	0.9337	0.9337	0.9333	0.9333	0.9332	0.9298	0.9333	0.9333	0.9333	0.9333	0.9386	0.9205	0.9333	0.9333	0.9298	0.9205	0.9333	0.9333	0.9333	0.9333	0.9333	0.9333	0.9333	0.9333	0.9333	0.9333	0.9333	0.9333	0.9333	0.9333	0.9333	0.9333	0.9333	0.9333	0.9333	0.9366	0.9333	0.9333	0.9298	0.9333	0.9333	0.9337	0.9333	0.9333	0.9333	0.9333	0.9333	0.9205	0.9333	0.9333	0.9386	0.9332	0.9333	0.9332	0.9333	0.9337	0.9333	0.9332	0.9337	0.9333	0.9333	0.9333	0.9333	0.9333	0.9333	0.9337	0.9333	0.9298	0.9256	0.9333	0.9333	0.9333	0.9256	0.9337	0.9333	0.9333	0.9333	0.9333	0.9333	0.9333	0.9393	0.9333	0.9333	0.9333	0.9333	0.9333	0.9338	0.9333	0.9333	0.9333	0.9333	0.9333	0.9333	0.9333	0.9333	0.9337	0.9333	0.9333	0.9333	0.9333	0.9337	0.9333	0.9333	0.9333	0.9256	0.9333	0.9333	0.9298	0.9333	0.9333	0.9333	0.9333	0.9337	0.9298	0.9333	0.9338	0.9333	0.9333	0.9298	0.9338	0.9333	0.9333	0.9333	0.9333	0.9333	0.9256	0.9333	0.9333	0.9333	0.9333	0.9333	0.9393	0.9333	0.9256	0.9333	0.9333	0.9373	0.9333	0.9333	0.9333	0.9333	0.9337	0.9333	0.9338	0.9333	0.9333	0.9333	0.9333	0.9333	0.9333	0.9298	0.9256	0.9333	0.9333	0.9333	0.9333	0.9333	0.9393	0.9256	0.9333	0.9333	0.9333	0.9333	0.9333	0.9333	0.9337	0.9333	0.9333	0.9333	0.9333	0.9333	0.9333	0.9373	0.9333	0.9333	0.9338	0.9256	0.9333	0.9333	0.9337	0.9333	0.9333	0.9333	0.9333	0.9298	0.9256	0.9333	0.9333	0.9333	0.9386	0.9333	0.9333	0.9333	0.9333	0.9333	0.9333	0.9333	0.9333	0.9333	0.9333	0.9393	0.9333	0.9339	0.9333	0.9333	0.9333	0.9333	0.9333	0.9337	0.9333	0.9333	0.9333	0.9333	0.9333	0.9333	0.9337	0.9333	0.9333	0.9337	0.9333	0.9333	0.9333	0.9338	0.9176	0.9333	0.7263	0.9333	0.9333	0.9333	0.9393	0.9298	0.9337	0.9333	0.9333	0.9333	0.9333	0.9333	0.9332	0.9205	0.9333	0.9333	0.9333	0.9333	0.9333	0.9337	0.9333	0.9256	0.9333	0.9333	0.7263	0.9333	0.9333	0.9333	0.9333	0.9298	0.9333	0.9333	0.9176	0.9333	0.9333	0.9333	0.9333	0.9333	0.9333	0.9333	0.9393	0.9337	0.9333	0.9333	0.9333	0.9333	0.9332	0.9393	0.9333	0.9333	0.9393	0.9333	0.9333	0.9333	0.9333	0.9333	0.9332	0.9333	0.9337	0.9333	0.9337	0.9333	0.9333	0.9333	0.9333	0.9333	0.9137	0.9333	0.9333	0.9333	0.9333	0.9333	0.9333	0.9333	0.9333	0.9339	0.9393	0.9332	0.9333	0.9333	0.9333	0.9333	0.9333	0.9333	0.9333	0.9333	0.9333	0.9137	0.9333	0.9333	0.9333	0.9333	0.9333	0.9333	0.9333	0.9333	0.9256	0.9333	0.9333	0.9298	0.9339	0.9333	0.9332	0.9333	0.9333	0.9333	0.9338	0.9333	0.9333	0.9333	0.9393	0.9333	0.9333	0.9337	0.9337	0.9333	0.9337	0.9333	0.9333	0.9333	0.9333	0.9333	0.9333	0.9333	0.9333	0.9333	0.9333	0.9333	0.9333	0.9386	0.9333	0.9333	0.9333	0.9373	0.9333	0.9333	0.9333	0.9333	0.9176	0.9333	0.9333	0.9333	0.9256	0.9333	0.9333	0.9333	0.9333	0.9298	0.9298	0.9333	0.9333	0.9333	0.9298	0.9333	0.9333	0.9333	0.9205	0.9332	0.9333	0.9333	0.9333	0.9333	0.9333	0.9333	0.9176	0.9333	0.9339	0.9339	0.9333	0.9333	0.9333	0.9338	0.9333	0.9339	0.9137	0.9702	0.9702	0.9702	0.9702	0.9702	0.9702	0.9702	0.9702	0.9702	0.9702	0.9702	0.9702	0.9702	0.9702	0.9702	0.9702	0.9702	0.9702	0.9702	0.9702	0.9702	0.9702	0.9702	0.9702	0.9702	0.9702	0.9702	0.9702	0.9702	0.9702	0.9702	0.9702	0.9702	0.9702	0.9702	0.9702	0.9702	0.9702	0.9702	0.9702	0.9702	0.9702	0.9702	0.9702	0.9702	0.9702	0.9702	0.9702	0.9702	0.9702	0.9702	0.9702	0.9702	0.9702	0.9702	0.9702	0.9702	0.9702	0.9702	0.9702	0.9702	0.9702	0.9702	0.9702	0.9702	0.9702	0.9702	0.9702	0.9702	0.9702	0.9702	0.9702	0.9702	0.9702	0.9702	0.9702	0.9702	0.9702	0.9702	0.9702	0.9702
61	0.7388	0.7388	0.7388	0.7388	0.7388	0.1544	0.1544	0.1544	0.1544	0.1544	0.1544	0.1544	0.1544	0.1544	0.1544	0.1544	0.1544	0.1544	0.9588	0.9588	0.9588	0.9588	0.9588	0.9588	0.9588	0.9588	0.9501	0.9588	0.9588	0.9588	0.9588	0.9588	0.9588	0.9535	0.9588	0.9588	0.9588	0.9588	0.9491	0.9588	0.9446	0.9588	0.9588	0.9588	0.9588	0.9588	0.9588	0.9588	0.9588	0.9458	0.9588	0.9588	0.9588	0.9501	0.9588	0.9588	0.9588	0.9399	0.9588	0.9588	0.9588	0.9588	0.9588	0.9588	0.9588	0.9588	0.9588	0.9588	0.9588	0.9588	0.928	0.9588	0.9588	0.9588	0.9588	0.9588	0.9588	0.9308	0.9588	0.9588	0.9588	0.9588	0.9535	0.9588	0.9199	0.3076	0.9588	0.9588	0.9588	0.9588	0.9588	0.9588	0.928	0.9449	0.9588	0.9588	0.9588	0.9446	0.9588	0.9588	0.9588	0.9588	0.9588	0.9535	0.9588	0.9588	0.9588	0.9588	0.9588	0.9588	0.9588	0.9588	0.9588	0.9588	0.9588	0.9399	0.9588	0.9588	0.9588	0.9501	0.9501	0.9588	0.9588	0.9535	0.9491	0.9588	0.9588	0.9588	0.9588	0.9308	0.9411	0.9588	0.9588	0.9491	0.9411	0.9588	0.9588	0.9588	0.9588	0.9588	0.9588	0.9588	0.9588	0.9588	0.9588	0.9588	0.9588	0.9588	0.9588	0.9588	0.9588	0.9588	0.9588	0.9588	0.9446	0.9588	0.9588	0.9491	0.9588	0.9588	0.9501	0.9588	0.9588	0.9588	0.9588	0.9588	0.9411	0.9588	0.9588	0.9308	0.9535	0.9588	0.9535	0.9588	0.9501	0.9588	0.9535	0.9501	0.9588	0.9588	0.9588	0.9588	0.9588	0.9588	0.9501	0.9588	0.9491	0.9399	0.9588	0.9588	0.9588	0.9399	0.9501	0.9588	0.9588	0.9588	0.9588	0.9588	0.9588	0.9248	0.9588	0.9588	0.9588	0.9588	0.9588	0.9458	0.9588	0.9588	0.9588	0.9588	0.9588	0.9588	0.9588	0.9588	0.9501	0.9588	0.9588	0.9588	0.9588	0.9501	0.9588	0.9588	0.9588	0.9399	0.9588	0.9588	0.9491	0.9588	0.9588	0.9588	0.9588	0.9501	0.9491	0.9588	0.9458	0.9588	0.9588	0.9491	0.9458	0.9588	0.9588	0.9588	0.9588	0.9588	0.9399	0.9588	0.9588	0.9588	0.9588	0.9588	0.9248	0.9588	0.9399	0.9588	0.9588	0.9199	0.9588	0.9588	0.9588	0.9588	0.9501	0.9588	0.9458	0.9588	0.9588	0.9588	0.9588	0.9588	0.9588	0.9491	0.9399	0.9588	0.9588	0.9588	0.9588	0.9588	0.9248	0.9399	0.9588	0.9588	0.9588	0.9588	0.9588	0.9588	0.9501	0.9588	0.9588	0.9588	0.9588	0.9588	0.9588	0.9199	0.9588	0.9588	0.9458	0.9399	0.9588	0.9588	0.9501	0.9588	0.9588	0.9588	0.9588	0.9491	0.9399	0.9588	0.9588	0.9588	0.9308	0.9588	0.9588	0.9588	0.9588	0.9588	0.9588	0.9588	0.9588	0.9588	0.9588	0.9248	0.9588	0.928	0.9588	0.9588	0.9588	0.9588	0.9588	0.9501	0.9588	0.9588	0.9588	0.9588	0.9588	0.9588	0.9501	0.9588	0.9588	0.9501	0.9588	0.9588	0.9588	0.9458	0.9268	0.9588	0.3076	0.9588	0.9588	0.9588	0.9248	0.9491	0.9501	0.9588	0.9588	0.9588	0.9588	0.9588	0.9535	0.9411	0.9588	0.9588	0.9588	0.9588	0.9588	0.9501	0.9588	0.9399	0.9588	0.9588	0.3076	0.9588	0.9588	0.9588	0.9588	0.9491	0.9588	0.9588	0.9268	0.9588	0.9588	0.9588	0.9588	0.9588	0.9588	0.9588	0.9248	0.9501	0.9588	0.9588	0.9588	0.9588	0.9535	0.9248	0.9588	0.9588	0.9248	0.9588	0.9588	0.9588	0.9588	0.9588	0.9535	0.9588	0.9501	0.9588	0.9501	0.9588	0.9588	0.9588	0.9588	0.9588	0.8893	0.9588	0.9588	0.9588	0.9588	0.9588	0.9588	0.9588	0.9588	0.928	0.9248	0.9535	0.9588	0.9588	0.9588	0.9588	0.9588	0.9588	0.9588	0.9588	0.9588	0.8893	0.9588	0.9588	0.9588	0.9588	0.9588	0.9588	0.9588	0.9588	0.9399	0.9588	0.9588	0.9491	0.9449	0.9588	0.9535	0.9588	0.9588	0.9588	0.9458	0.9588	0.9588	0.9588	0.9248	0.9588	0.9588	0.9501	0.9501	0.9588	0.9501	0.9588	0.9588	0.9588	0.9588	0.9588	0.9588	0.9588	0.9588	0.9588	0.9588	0.9588	0.9588	0.9308	0.9588	0.9588	0.9588	0.9199	0.9588	0.9588	0.9588	0.9588	0.9268	0.9588	0.9588	0.9588	0.9399	0.9588	0.9588	0.9588	0.9588	0.9491	0.9491	0.9588	0.9588	0.9588	0.9491	0.9588	0.9588	0.9588	0.9411	0.9535	0.9588	0.9588	0.9588	0.9588	0.9588	0.9588	0.9268	0.9588	0.928	0.9449	0.9588	0.9588	0.9588	0.9458	0.9588	0.928	0.8893	0.0055	0.0055	0.0055	0.0055	0.0055	0.0055	0.0055	0.0055	0.0055	0.0055	0.0055	0.0055	0.0055	0.0055	0.0055	0.0055	0.0055	0.0055	0.0055	0.0055	0.0055	0.0055	0.0055	0.0055	0.0055	0.0055	0.0055	0.0055	0.0055	0.0055	0.0055	0.0055	0.0055	0.0055	0.0055	0.0055	0.0055	0.0055	0.0055	0.0055	0.0055	0.0055	0.0055	0.0055	0.0055	0.0055	0.0055	0.0055	0.0055	0.0055	0.0055	0.0055	0.0055	0.0055	0.0055	0.0055	0.0055	0.0055	0.0055	0.0055	0.0055	0.0055	0.0055	0.0055	0.0055	0.0055	0.0055	0.0055	0.0055	0.0055	0.0055	0.0055	0.0055	0.0055	0.0055	0.0055	0.0055	0.0055	0.0055	0.0055	0.0055
62	0.0572	0.0572	0.0572	0.0572	0.0572	0.1063	0.1063	0.1063	0.1063	0.1063	0.1063	0.1063	0.1063	0.1063	0.1063	0.1063	0.1063	0.1063	0.9178	0.9178	0.9178	0.9178	0.9178	0.9178	0.9178	0.9178	0.8862	0.9178	0.9178	0.9178	0.9178	0.9178	0.9178	0.9084	0.9178	0.9178	0.9178	0.9178	0.9149	0.9178	0.9084	0.9178	0.9178	0.9178	0.9178	0.9178	0.9178	0.9178	0.9178	0.8566	0.9178	0.9178	0.9178	0.8862	0.9178	0.9178	0.9178	0.9107	0.9178	0.9178	0.9178	0.9178	0.9178	0.9178	0.9178	0.9178	0.9178	0.9178	0.9178	0.9178	0.9219	0.9178	0.9178	0.9178	0.9178	0.9178	0.9178	0.8904	0.9178	0.9178	0.9178	0.9178	0.9084	0.9178	0.9219	0.9311	0.9178	0.9178	0.9178	0.9178	0.9178	0.9178	0.9219	0.816	0.9178	0.9178	0.9178	0.9084	0.9178	0.9178	0.9178	0.9178	0.9178	0.9084	0.9178	0.9178	0.9178	0.9178	0.9178	0.9178	0.9178	0.9178	0.9178	0.9178	0.9178	0.9107	0.9178	0.9178	0.9178	0.8862	0.8862	0.9178	0.9178	0.9084	0.9149	0.9178	0.9178	0.9178	0.9178	0.8904	0.8654	0.9178	0.9178	0.9149	0.8654	0.9178	0.9178	0.9178	0.9178	0.9178	0.9178	0.9178	0.9178	0.9178	0.9178	0.9178	0.9178	0.9178	0.9178	0.9178	0.9178	0.9178	0.9178	0.9178	0.9084	0.9178	0.9178	0.9149	0.9178	0.9178	0.8862	0.9178	0.9178	0.9178	0.9178	0.9178	0.8654	0.9178	0.9178	0.8904	0.9084	0.9178	0.9084	0.9178	0.8862	0.9178	0.9084	0.8862	0.9178	0.9178	0.9178	0.9178	0.9178	0.9178	0.8862	0.9178	0.9149	0.9107	0.9178	0.9178	0.9178	0.9107	0.8862	0.9178	0.9178	0.9178	0.9178	0.9178	0.9178	0.9221	0.9178	0.9178	0.9178	0.9178	0.9178	0.8566	0.9178	0.9178	0.9178	0.9178	0.9178	0.9178	0.9178	0.9178	0.8862	0.9178	0.9178	0.9178	0.9178	0.8862	0.9178	0.9178	0.9178	0.9107	0.9178	0.9178	0.9149	0.9178	0.9178	0.9178	0.9178	0.8862	0.9149	0.9178	0.8566	0.9178	0.9178	0.9149	0.8566	0.9178	0.9178	0.9178	0.9178	0.9178	0.9107	0.9178	0.9178	0.9178	0.9178	0.9178	0.9221	0.9178	0.9107	0.9178	0.9178	0.9219	0.9178	0.9178	0.9178	0.9178	0.8862	0.9178	0.8566	0.9178	0.9178	0.9178	0.9178	0.9178	0.9178	0.9149	0.9107	0.9178	0.9178	0.9178	0.9178	0.9178	0.9221	0.9107	0.9178	0.9178	0.9178	0.9178	0.9178	0.9178	0.8862	0.9178	0.9178	0.9178	0.9178	0.9178	0.9178	0.9219	0.9178	0.9178	0.8566	0.9107	0.9178	0.9178	0.8862	0.9178	0.9178	0.9178	0.9178	0.9149	0.9107	0.9178	0.9178	0.9178	0.8904	0.9178	0.9178	0.9178	0.9178	0.9178	0.9178	0.9178	0.9178	0.9178	0.9178	0.9221	0.9178	0.9219	0.9178	0.9178	0.9178	0.9178	0.9178	0.8862	0.9178	0.9178	0.9178	0.9178	0.9178	0.9178	0.8862	0.9178	0.9178	0.8862	0.9178	0.9178	0.9178	0.8566	0.8543	0.9178	0.9311	0.9178	0.9178	0.9178	0.9221	0.9149	0.8862	0.9178	0.9178	0.9178	0.9178	0.9178	0.9084	0.8654	0.9178	0.9178	0.9178	0.9178	0.9178	0.8862	0.9178	0.9107	0.9178	0.9178	0.9311	0.9178	0.9178	0.9178	0.9178	0.9149	0.9178	0.9178	0.8543	0.9178	0.9178	0.9178	0.9178	0.9178	0.9178	0.9178	0.9221	0.8862	0.9178	0.9178	0.9178	0.9178	0.9084	0.9221	0.9178	0.9178	0.9221	0.9178	0.9178	0.9178	0.9178	0.9178	0.9084	0.9178	0.8862	0.9178	0.8862	0.9178	0.9178	0.9178	0.9178	0.9178	0.8764	0.9178	0.9178	0.9178	0.9178	0.9178	0.9178	0.9178	0.9178	0.9219	0.9221	0.9084	0.9178	0.9178	0.9178	0.9178	0.9178	0.9178	0.9178	0.9178	0.9178	0.8764	0.9178	0.9178	0.9178	0.9178	0.9178	0.9178	0.9178	0.9178	0.9107	0.9178	0.9178	0.9149	0.816	0.9178	0.9084	0.9178	0.9178	0.9178	0.8566	0.9178	0.9178	0.9178	0.9221	0.9178	0.9178	0.8862	0.8862	0.9178	0.8862	0.9178	0.9178	0.9178	0.9178	0.9178	0.9178	0.9178	0.9178	0.9178	0.9178	0.9178	0.9178	0.8904	0.9178	0.9178	0.9178	0.9219	0.9178	0.9178	0.9178	0.9178	0.8543	0.9178	0.9178	0.9178	0.9107	0.9178	0.9178	0.9178	0.9178	0.9149	0.9149	0.9178	0.9178	0.9178	0.9149	0.9178	0.9178	0.9178	0.8654	0.9084	0.9178	0.9178	0.9178	0.9178	0.9178	0.9178	0.8543	0.9178	0.9219	0.816	0.9178	0.9178	0.9178	0.8566	0.9178	0.9219	0.8764	0.9372	0.9372	0.9372	0.9372	0.9372	0.9372	0.9372	0.9372	0.9372	0.9372	0.9372	0.9372	0.9372	0.9372	0.9372	0.9372	0.9372	0.9372	0.9372	0.9372	0.9372	0.9372	0.9372	0.9372	0.9372	0.9372	0.9372	0.9372	0.9372	0.9372	0.9372	0.9372	0.9372	0.9372	0.9372	0.9372	0.9372	0.9372	0.9372	0.9372	0.9372	0.9372	0.9372	0.9372	0.9372	0.9372	0.9372	0.9372	0.9372	0.9372	0.9372	0.9372	0.9372	0.9372	0.9372	0.9372	0.9372	0.9372	0.9372	0.9372	0.9372	0.9372	0.9372	0.9372	0.9372	0.9372	0.9372	0.9372	0.9372	0.9372	0.9372	0.9372	0.9372	0.9372	0.9372	0.9372	0.9372	0.9372	0.9372	0.9372	0.9372
63	0.7465	0.7465	0.7465	0.7465	0.7465	0.9552	0.9552	0.9552	0.9552	0.9552	0.9552	0.9552	0.9552	0.9552	0.9552	0.9552	0.9552	0.9552	0.0045	0.0045	0.0045	0.0045	0.0045	0.0045	0.0045	0.0045	0.0103	0.0045	0.0045	0.0045	0.0045	0.0045	0.0045	0.0055	0.0045	0.0045	0.0045	0.0045	0.0115	0.0045	0.0159	0.0045	0.0045	0.0045	0.0045	0.0045	0.0045	0.0045	0.0045	0.0204	0.0045	0.0045	0.0045	0.0103	0.0045	0.0045	0.0045	0.0069	0.0045	0.0045	0.0045	0.0045	0.0045	0.0045	0.0045	0.0045	0.0045	0.0045	0.0045	0.0045	0.0083	0.0045	0.0045	0.0045	0.0045	0.0045	0.0045	0.0233	0.0045	0.0045	0.0045	0.0045	0.0055	0.0045	0.0097	0.0041	0.0045	0.0045	0.0045	0.0045	0.0045	0.0045	0.0083	0.1469	0.0045	0.0045	0.0045	0.0159	0.0045	0.0045	0.0045	0.0045	0.0045	0.0055	0.0045	0.0045	0.0045	0.0045	0.0045	0.0045	0.0045	0.0045	0.0045	0.0045	0.0045	0.0069	0.0045	0.0045	0.0045	0.0103	0.0103	0.0045	0.0045	0.0055	0.0115	0.0045	0.0045	0.0045	0.0045	0.0233	0.0106	0.0045	0.0045	0.0115	0.0106	0.0045	0.0045	0.0045	0.0045	0.0045	0.0045	0.0045	0.0045	0.0045	0.0045	0.0045	0.0045	0.0045	0.0045	0.0045	0.0045	0.0045	0.0045	0.0045	0.0159	0.0045	0.0045	0.0115	0.0045	0.0045	0.0103	0.0045	0.0045	0.0045	0.0045	0.0045	0.0106	0.0045	0.0045	0.0233	0.0055	0.0045	0.0055	0.0045	0.0103	0.0045	0.0055	0.0103	0.0045	0.0045	0.0045	0.0045	0.0045	0.0045	0.0103	0.0045	0.0115	0.0069	0.0045	0.0045	0.0045	0.0069	0.0103	0.0045	0.0045	0.0045	0.0045	0.0045	0.0045	0.0086	0.0045	0.0045	0.0045	0.0045	0.0045	0.0204	0.0045	0.0045	0.0045	0.0045	0.0045	0.0045	0.0045	0.0045	0.0103	0.0045	0.0045	0.0045	0.0045	0.0103	0.0045	0.0045	0.0045	0.0069	0.0045	0.0045	0.0115	0.0045	0.0045	0.0045	0.0045	0.0103	0.0115	0.0045	0.0204	0.0045	0.0045	0.0115	0.0204	0.0045	0.0045	0.0045	0.0045	0.0045	0.0069	0.0045	0.0045	0.0045	0.0045	0.0045	0.0086	0.0045	0.0069	0.0045	0.0045	0.0097	0.0045	0.0045	0.0045	0.0045	0.0103	0.0045	0.0204	0.0045	0.0045	0.0045	0.0045	0.0045	0.0045	0.0115	0.0069	0.0045	0.0045	0.0045	0.0045	0.0045	0.0086	0.0069	0.0045	0.0045	0.0045	0.0045	0.0045	0.0045	0.0103	0.0045	0.0045	0.0045	0.0045	0.0045	0.0045	0.0097	0.0045	0.0045	0.0204	0.0069	0.0045	0.0045	0.0103	0.0045	0.0045	0.0045	0.0045	0.0115	0.0069	0.0045	0.0045	0.0045	0.0233	0.0045	0.0045	0.0045	0.0045	0.0045	0.0045	0.0045	0.0045	0.0045	0.0045	0.0086	0.0045	0.0083	0.0045	0.0045	0.0045	0.0045	0.0045	0.0103	0.0045	0.0045	0.0045	0.0045	0.0045	0.0045	0.0103	0.0045	0.0045	0.0103	0.0045	0.0045	0.0045	0.0204	0.0167	0.0045	0.0041	0.0045	0.0045	0.0045	0.0086	0.0115	0.0103	0.0045	0.0045	0.0045	0.0045	0.0045	0.0055	0.0106	0.0045	0.0045	0.0045	0.0045	0.0045	0.0103	0.0045	0.0069	0.0045	0.0045	0.0041	0.0045	0.0045	0.0045	0.0045	0.0115	0.0045	0.0045	0.0167	0.0045	0.0045	0.0045	0.0045	0.0045	0.0045	0.0045	0.0086	0.0103	0.0045	0.0045	0.0045	0.0045	0.0055	0.0086	0.0045	0.0045	0.0086	0.0045	0.0045	0.0045	0.0045	0.0045	0.0055	0.0045	0.0103	0.0045	0.0103	0.0045	0.0045	0.0045	0.0045	0.0045	0.028	0.0045	0.0045	0.0045	0.0045	0.0045	0.0045	0.0045	0.0045	0.0083	0.0086	0.0055	0.0045	0.0045	0.0045	0.0045	0.0045	0.0045	0.0045	0.0045	0.0045	0.028	0.0045	0.0045	0.0045	0.0045	0.0045	0.0045	0.0045	0.0045	0.0069	0.0045	0.0045	0.0115	0.1469	0.0045	0.0055	0.0045	0.0045	0.0045	0.0204	0.0045	0.0045	0.0045	0.0086	0.0045	0.0045	0.0103	0.0103	0.0045	0.0103	0.0045	0.0045	0.0045	0.0045	0.0045	0.0045	0.0045	0.0045	0.0045	0.0045	0.0045	0.0045	0.0233	0.0045	0.0045	0.0045	0.0097	0.0045	0.0045	0.0045	0.0045	0.0167	0.0045	0.0045	0.0045	0.0069	0.0045	0.0045	0.0045	0.0045	0.0115	0.0115	0.0045	0.0045	0.0045	0.0115	0.0045	0.0045	0.0045	0.0106	0.0055	0.0045	0.0045	0.0045	0.0045	0.0045	0.0045	0.0167	0.0045	0.0083	0.1469	0.0045	0.0045	0.0045	0.0204	0.0045	0.0083	0.028	0.0046	0.0046	0.0046	0.0046	0.0046	0.0046	0.0046	0.0046	0.0046	0.0046	0.0046	0.0046	0.0046	0.0046	0.0046	0.0046	0.0046	0.0046	0.0046	0.0046	0.0046	0.0046	0.0046	0.0046	0.0046	0.0046	0.0046	0.0046	0.0046	0.0046	0.0046	0.0046	0.0046	0.0046	0.0046	0.0046	0.0046	0.0046	0.0046	0.0046	0.0046	0.0046	0.0046	0.0046	0.0046	0.0046	0.0046	0.0046	0.0046	0.0046	0.0046	0.0046	0.0046	0.0046	0.0046	0.0046	0.0046	0.0046	0.0046	0.0046	0.0046	0.0046	0.0046	0.0046	0.0046	0.0046	0.0046	0.0046	0.0046	0.0046	0.0046	0.0046	0.0046	0.0046	0.0046	0.0046	0.0046	0.0046	0.0046	0.0046	0.0046
64	0.0923	0.0923	0.0923	0.0923	0.0923	0.9739	0.9739	0.9739	0.9739	0.9739	0.9739	0.9739	0.9739	0.9739	0.9739	0.9739	0.9739	0.9739	0.9314	0.9314	0.9314	0.9314	0.9314	0.9314	0.9314	0.9314	0.9335	0.9314	0.9314	0.9314	0.9314	0.9314	0.9314	0.9454	0.9314	0.9314	0.9314	0.9314	0.9298	0.9314	0.9132	0.9314	0.9314	0.9314	0.9314	0.9314	0.9314	0.9314	0.9314	0.9212	0.9314	0.9314	0.9314	0.9335	0.9314	0.9314	0.9314	0.9288	0.9314	0.9314	0.9314	0.9314	0.9314	0.9314	0.9314	0.9314	0.9314	0.9314	0.9314	0.9314	0.9164	0.9314	0.9314	0.9314	0.9314	0.9314	0.9314	0.9267	0.9314	0.9314	0.9314	0.9314	0.9454	0.9314	0.9254	0.8545	0.9314	0.9314	0.9314	0.9314	0.9314	0.9314	0.9164	0.4834	0.9314	0.9314	0.9314	0.9132	0.9314	0.9314	0.9314	0.9314	0.9314	0.9454	0.9314	0.9314	0.9314	0.9314	0.9314	0.9314	0.9314	0.9314	0.9314	0.9314	0.9314	0.9288	0.9314	0.9314	0.9314	0.9335	0.9335	0.9314	0.9314	0.9454	0.9298	0.9314	0.9314	0.9314	0.9314	0.9267	0.9123	0.9314	0.9314	0.9298	0.9123	0.9314	0.9314	0.9314	0.9314	0.9314	0.9314	0.9314	0.9314	0.9314	0.9314	0.9314	0.9314	0.9314	0.9314	0.9314	0.9314	0.9314	0.9314	0.9314	0.9132	0.9314	0.9314	0.9298	0.9314	0.9314	0.9335	0.9314	0.9314	0.9314	0.9314	0.9314	0.9123	0.9314	0.9314	0.9267	0.9454	0.9314	0.9454	0.9314	0.9335	0.9314	0.9454	0.9335	0.9314	0.9314	0.9314	0.9314	0.9314	0.9314	0.9335	0.9314	0.9298	0.9288	0.9314	0.9314	0.9314	0.9288	0.9335	0.9314	0.9314	0.9314	0.9314	0.9314	0.9314	0.9447	0.9314	0.9314	0.9314	0.9314	0.9314	0.9212	0.9314	0.9314	0.9314	0.9314	0.9314	0.9314	0.9314	0.9314	0.9335	0.9314	0.9314	0.9314	0.9314	0.9335	0.9314	0.9314	0.9314	0.9288	0.9314	0.9314	0.9298	0.9314	0.9314	0.9314	0.9314	0.9335	0.9298	0.9314	0.9212	0.9314	0.9314	0.9298	0.9212	0.9314	0.9314	0.9314	0.9314	0.9314	0.9288	0.9314	0.9314	0.9314	0.9314	0.9314	0.9447	0.9314	0.9288	0.9314	0.9314	0.9254	0.9314	0.9314	0.9314	0.9314	0.9335	0.9314	0.9212	0.9314	0.9314	0.9314	0.9314	0.9314	0.9314	0.9298	0.9288	0.9314	0.9314	0.9314	0.9314	0.9314	0.9447	0.9288	0.9314	0.9314	0.9314	0.9314	0.9314	0.9314	0.9335	0.9314	0.9314	0.9314	0.9314	0.9314	0.9314	0.9254	0.9314	0.9314	0.9212	0.9288	0.9314	0.9314	0.9335	0.9314	0.9314	0.9314	0.9314	0.9298	0.9288	0.9314	0.9314	0.9314	0.9267	0.9314	0.9314	0.9314	0.9314	0.9314	0.9314	0.9314	0.9314	0.9314	0.9314	0.9447	0.9314	0.9164	0.9314	0.9314	0.9314	0.9314	0.9314	0.9335	0.9314	0.9314	0.9314	0.9314	0.9314	0.9314	0.9335	0.9314	0.9314	0.9335	0.9314	0.9314	0.9314	0.9212	0.9203	0.9314	0.8545	0.9314	0.9314	0.9314	0.9447	0.9298	0.9335	0.9314	0.9314	0.9314	0.9314	0.9314	0.9454	0.9123	0.9314	0.9314	0.9314	0.9314	0.9314	0.9335	0.9314	0.9288	0.9314	0.9314	0.8545	0.9314	0.9314	0.9314	0.9314	0.9298	0.9314	0.9314	0.9203	0.9314	0.9314	0.9314	0.9314	0.9314	0.9314	0.9314	0.9447	0.9335	0.9314	0.9314	0.9314	0.9314	0.9454	0.9447	0.9314	0.9314	0.9447	0.9314	0.9314	0.9314	0.9314	0.9314	0.9454	0.9314	0.9335	0.9314	0.9335	0.9314	0.9314	0.9314	0.9314	0.9314	0.8741	0.9314	0.9314	0.9314	0.9314	0.9314	0.9314	0.9314	0.9314	0.9164	0.9447	0.9454	0.9314	0.9314	0.9314	0.9314	0.9314	0.9314	0.9314	0.9314	0.9314	0.8741	0.9314	0.9314	0.9314	0.9314	0.9314	0.9314	0.9314	0.9314	0.9288	0.9314	0.9314	0.9298	0.4834	0.9314	0.9454	0.9314	0.9314	0.9314	0.9212	0.9314	0.9314	0.9314	0.9447	0.9314	0.9314	0.9335	0.9335	0.9314	0.9335	0.9314	0.9314	0.9314	0.9314	0.9314	0.9314	0.9314	0.9314	0.9314	0.9314	0.9314	0.9314	0.9267	0.9314	0.9314	0.9314	0.9254	0.9314	0.9314	0.9314	0.9314	0.9203	0.9314	0.9314	0.9314	0.9288	0.9314	0.9314	0.9314	0.9314	0.9298	0.9298	0.9314	0.9314	0.9314	0.9298	0.9314	0.9314	0.9314	0.9123	0.9454	0.9314	0.9314	0.9314	0.9314	0.9314	0.9314	0.9203	0.9314	0.9164	0.4834	0.9314	0.9314	0.9314	0.9212	0.9314	0.9164	0.8741	0.0034	0.0034	0.0034	0.0034	0.0034	0.0034	0.0034	0.0034	0.0034	0.0034	0.0034	0.0034	0.0034	0.0034	0.0034	0.0034	0.0034	0.0034	0.0034	0.0034	0.0034	0.0034	0.0034	0.0034	0.0034	0.0034	0.0034	0.0034	0.0034	0.0034	0.0034	0.0034	0.0034	0.0034	0.0034	0.0034	0.0034	0.0034	0.0034	0.0034	0.0034	0.0034	0.0034	0.0034	0.0034	0.0034	0.0034	0.0034	0.0034	0.0034	0.0034	0.0034	0.0034	0.0034	0.0034	0.0034	0.0034	0.0034	0.0034	0.0034	0.0034	0.0034	0.0034	0.0034	0.0034	0.0034	0.0034	0.0034	0.0034	0.0034	0.0034	0.0034	0.0034	0.0034	0.0034	0.0034	0.0034	0.0034	0.0034	0.0034	0.0034
65	0.965	0.965	0.965	0.965	0.965	0.8639	0.8639	0.8639	0.8639	0.8639	0.8639	0.8639	0.8639	0.8639	0.8639	0.8639	0.8639	0.8639	0.9493	0.9493	0.9493	0.9493	0.9493	0.9493	0.9493	0.9493	0.9492	0.9493	0.9493	0.9493	0.9493	0.9493	0.9493	0.9615	0.9493	0.9493	0.9493	0.9493	0.9447	0.9493	0.9311	0.9493	0.9493	0.9493	0.9493	0.9493	0.9493	0.9493	0.9493	0.9492	0.9493	0.9493	0.9493	0.9492	0.9493	0.9493	0.9493	0.9532	0.9493	0.9493	0.9493	0.9493	0.9493	0.9493	0.9493	0.9493	0.9493	0.9493	0.9493	0.9493	0.9585	0.9493	0.9493	0.9493	0.9493	0.9493	0.9493	0.9362	0.9493	0.9493	0.9493	0.9493	0.9615	0.9493	0.9329	0.8616	0.9493	0.9493	0.9493	0.9493	0.9493	0.9493	0.9585	0.8564	0.9493	0.9493	0.9493	0.9311	0.9493	0.9493	0.9493	0.9493	0.9493	0.9615	0.9493	0.9493	0.9493	0.9493	0.9493	0.9493	0.9493	0.9493	0.9493	0.9493	0.9493	0.9532	0.9493	0.9493	0.9493	0.9492	0.9492	0.9493	0.9493	0.9615	0.9447	0.9493	0.9493	0.9493	0.9493	0.9362	0.914	0.9493	0.9493	0.9447	0.914	0.9493	0.9493	0.9493	0.9493	0.9493	0.9493	0.9493	0.9493	0.9493	0.9493	0.9493	0.9493	0.9493	0.9493	0.9493	0.9493	0.9493	0.9493	0.9493	0.9311	0.9493	0.9493	0.9447	0.9493	0.9493	0.9492	0.9493	0.9493	0.9493	0.9493	0.9493	0.914	0.9493	0.9493	0.9362	0.9615	0.9493	0.9615	0.9493	0.9492	0.9493	0.9615	0.9492	0.9493	0.9493	0.9493	0.9493	0.9493	0.9493	0.9492	0.9493	0.9447	0.9532	0.9493	0.9493	0.9493	0.9532	0.9492	0.9493	0.9493	0.9493	0.9493	0.9493	0.9493	0.9571	0.9493	0.9493	0.9493	0.9493	0.9493	0.9492	0.9493	0.9493	0.9493	0.9493	0.9493	0.9493	0.9493	0.9493	0.9492	0.9493	0.9493	0.9493	0.9493	0.9492	0.9493	0.9493	0.9493	0.9532	0.9493	0.9493	0.9447	0.9493	0.9493	0.9493	0.9493	0.9492	0.9447	0.9493	0.9492	0.9493	0.9493	0.9447	0.9492	0.9493	0.9493	0.9493	0.9493	0.9493	0.9532	0.9493	0.9493	0.9493	0.9493	0.9493	0.9571	0.9493	0.9532	0.9493	0.9493	0.9329	0.9493	0.9493	0.9493	0.9493	0.9492	0.9493	0.9492	0.9493	0.9493	0.9493	0.9493	0.9493	0.9493	0.9447	0.9532	0.9493	0.9493	0.9493	0.9493	0.9493	0.9571	0.9532	0.9493	0.9493	0.9493	0.9493	0.9493	0.9493	0.9492	0.9493	0.9493	0.9493	0.9493	0.9493	0.9493	0.9329	0.9493	0.9493	0.9492	0.9532	0.9493	0.9493	0.9492	0.9493	0.9493	0.9493	0.9493	0.9447	0.9532	0.9493	0.9493	0.9493	0.9362	0.9493	0.9493	0.9493	0.9493	0.9493	0.9493	0.9493	0.9493	0.9493	0.9493	0.9571	0.9493	0.9585	0.9493	0.9493	0.9493	0.9493	0.9493	0.9492	0.9493	0.9493	0.9493	0.9493	0.9493	0.9493	0.9492	0.9493	0.9493	0.9492	0.9493	0.9493	0.9493	0.9492	0.9307	0.9493	0.8616	0.9493	0.9493	0.9493	0.9571	0.9447	0.9492	0.9493	0.9493	0.9493	0.9493	0.9493	0.9615	0.914	0.9493	0.9493	0.9493	0.9493	0.9493	0.9492	0.9493	0.9532	0.9493	0.9493	0.8616	0.9493	0.9493	0.9493	0.9493	0.9447	0.9493	0.9493	0.9307	0.9493	0.9493	0.9493	0.9493	0.9493	0.9493	0.9493	0.9571	0.9492	0.9493	0.9493	0.9493	0.9493	0.9615	0.9571	0.9493	0.9493	0.9571	0.9493	0.9493	0.9493	0.9493	0.9493	0.9615	0.9493	0.9492	0.9493	0.9492	0.9493	0.9493	0.9493	0.9493	0.9493	0.9317	0.9493	0.9493	0.9493	0.9493	0.9493	0.9493	0.9493	0.9493	0.9585	0.9571	0.9615	0.9493	0.9493	0.9493	0.9493	0.9493	0.9493	0.9493	0.9493	0.9493	0.9317	0.9493	0.9493	0.9493	0.9493	0.9493	0.9493	0.9493	0.9493	0.9532	0.9493	0.9493	0.9447	0.8564	0.9493	0.9615	0.9493	0.9493	0.9493	0.9492	0.9493	0.9493	0.9493	0.9571	0.9493	0.9493	0.9492	0.9492	0.9493	0.9492	0.9493	0.9493	0.9493	0.9493	0.9493	0.9493	0.9493	0.9493	0.9493	0.9493	0.9493	0.9493	0.9362	0.9493	0.9493	0.9493	0.9329	0.9493	0.9493	0.9493	0.9493	0.9307	0.9493	0.9493	0.9493	0.9532	0.9493	0.9493	0.9493	0.9493	0.9447	0.9447	0.9493	0.9493	0.9493	0.9447	0.9493	0.9493	0.9493	0.914	0.9615	0.9493	0.9493	0.9493	0.9493	0.9493	0.9493	0.9307	0.9493	0.9585	0.8564	0.9493	0.9493	0.9493	0.9492	0.9493	0.9585	0.9317	0.8791	0.8791	0.8791	0.8791	0.8791	0.8791	0.8791	0.8791	0.8791	0.8791	0.8791	0.8791	0.8791	0.8791	0.8791	0.8791	0.8791	0.8791	0.8791	0.8791	0.8791	0.8791	0.8791	0.8791	0.8791	0.8791	0.8791	0.8791	0.8791	0.8791	0.8791	0.8791	0.8791	0.8791	0.8791	0.8791	0.8791	0.8791	0.8791	0.8791	0.8791	0.8791	0.8791	0.8791	0.8791	0.8791	0.8791	0.8791	0.8791	0.8791	0.8791	0.8791	0.8791	0.8791	0.8791	0.8791	0.8791	0.8791	0.8791	0.8791	0.8791	0.8791	0.8791	0.8791	0.8791	0.8791	0.8791	0.8791	0.8791	0.8791	0.8791	0.8791	0.8791	0.8791	0.8791	0.8791	0.8791	0.8791	0.8791	0.8791	0.8791
66	0.09	0.09	0.09	0.09	0.09	0.0191	0.0191	0.0191	0.0191	0.0191	0.0191	0.0191	0.0191	0.0191	0.0191	0.0191	0.0191	0.0191	0.9072	0.9072	0.9072	0.9072	0.9072	0.9072	0.9072	0.9072	0.9316	0.9072	0.9072	0.9072	0.9072	0.9072	0.9072	0.9342	0.9072	0.9072	0.9072	0.9072	0.9337	0.9072	0.9253	0.9072	0.9072	0.9072	0.9072	0.9072	0.9072	0.9072	0.9072	0.9417	0.9072	0.9072	0.9072	0.9316	0.9072	0.9072	0.9072	0.9325	0.9072	0.9072	0.9072	0.9072	0.9072	0.9072	0.9072	0.9072	0.9072	0.9072	0.9072	0.9072	0.9276	0.9072	0.9072	0.9072	0.9072	0.9072	0.9072	0.9135	0.9072	0.9072	0.9072	0.9072	0.9342	0.9072	0.9345	0.9376	0.9072	0.9072	0.9072	0.9072	0.9072	0.9072	0.9276	0.935	0.9072	0.9072	0.9072	0.9253	0.9072	0.9072	0.9072	0.9072	0.9072	0.9342	0.9072	0.9072	0.9072	0.9072	0.9072	0.9072	0.9072	0.9072	0.9072	0.9072	0.9072	0.9325	0.9072	0.9072	0.9072	0.9316	0.9316	0.9072	0.9072	0.9342	0.9337	0.9072	0.9072	0.9072	0.9072	0.9135	0.9276	0.9072	0.9072	0.9337	0.9276	0.9072	0.9072	0.9072	0.9072	0.9072	0.9072	0.9072	0.9072	0.9072	0.9072	0.9072	0.9072	0.9072	0.9072	0.9072	0.9072	0.9072	0.9072	0.9072	0.9253	0.9072	0.9072	0.9337	0.9072	0.9072	0.9316	0.9072	0.9072	0.9072	0.9072	0.9072	0.9276	0.9072	0.9072	0.9135	0.9342	0.9072	0.9342	0.9072	0.9316	0.9072	0.9342	0.9316	0.9072	0.9072	0.9072	0.9072	0.9072	0.9072	0.9316	0.9072	0.9337	0.9325	0.9072	0.9072	0.9072	0.9325	0.9316	0.9072	0.9072	0.9072	0.9072	0.9072	0.9072	0.9361	0.9072	0.9072	0.9072	0.9072	0.9072	0.9417	0.9072	0.9072	0.9072	0.9072	0.9072	0.9072	0.9072	0.9072	0.9316	0.9072	0.9072	0.9072	0.9072	0.9316	0.9072	0.9072	0.9072	0.9325	0.9072	0.9072	0.9337	0.9072	0.9072	0.9072	0.9072	0.9316	0.9337	0.9072	0.9417	0.9072	0.9072	0.9337	0.9417	0.9072	0.9072	0.9072	0.9072	0.9072	0.9325	0.9072	0.9072	0.9072	0.9072	0.9072	0.9361	0.9072	0.9325	0.9072	0.9072	0.9345	0.9072	0.9072	0.9072	0.9072	0.9316	0.9072	0.9417	0.9072	0.9072	0.9072	0.9072	0.9072	0.9072	0.9337	0.9325	0.9072	0.9072	0.9072	0.9072	0.9072	0.9361	0.9325	0.9072	0.9072	0.9072	0.9072	0.9072	0.9072	0.9316	0.9072	0.9072	0.9072	0.9072	0.9072	0.9072	0.9345	0.9072	0.9072	0.9417	0.9325	0.9072	0.9072	0.9316	0.9072	0.9072	0.9072	0.9072	0.9337	0.9325	0.9072	0.9072	0.9072	0.9135	0.9072	0.9072	0.9072	0.9072	0.9072	0.9072	0.9072	0.9072	0.9072	0.9072	0.9361	0.9072	0.9276	0.9072	0.9072	0.9072	0.9072	0.9072	0.9316	0.9072	0.9072	0.9072	0.9072	0.9072	0.9072	0.9316	0.9072	0.9072	0.9316	0.9072	0.9072	0.9072	0.9417	0.9067	0.9072	0.9376	0.9072	0.9072	0.9072	0.9361	0.9337	0.9316	0.9072	0.9072	0.9072	0.9072	0.9072	0.9342	0.9276	0.9072	0.9072	0.9072	0.9072	0.9072	0.9316	0.9072	0.9325	0.9072	0.9072	0.9376	0.9072	0.9072	0.9072	0.9072	0.9337	0.9072	0.9072	0.9067	0.9072	0.9072	0.9072	0.9072	0.9072	0.9072	0.9072	0.9361	0.9316	0.9072	0.9072	0.9072	0.9072	0.9342	0.9361	0.9072	0.9072	0.9361	0.9072	0.9072	0.9072	0.9072	0.9072	0.9342	0.9072	0.9316	0.9072	0.9316	0.9072	0.9072	0.9072	0.9072	0.9072	0.9087	0.9072	0.9072	0.9072	0.9072	0.9072	0.9072	0.9072	0.9072	0.9276	0.9361	0.9342	0.9072	0.9072	0.9072	0.9072	0.9072	0.9072	0.9072	0.9072	0.9072	0.9087	0.9072	0.9072	0.9072	0.9072	0.9072	0.9072	0.9072	0.9072	0.9325	0.9072	0.9072	0.9337	0.935	0.9072	0.9342	0.9072	0.9072	0.9072	0.9417	0.9072	0.9072	0.9072	0.9361	0.9072	0.9072	0.9316	0.9316	0.9072	0.9316	0.9072	0.9072	0.9072	0.9072	0.9072	0.9072	0.9072	0.9072	0.9072	0.9072	0.9072	0.9072	0.9135	0.9072	0.9072	0.9072	0.9345	0.9072	0.9072	0.9072	0.9072	0.9067	0.9072	0.9072	0.9072	0.9325	0.9072	0.9072	0.9072	0.9072	0.9337	0.9337	0.9072	0.9072	0.9072	0.9337	0.9072	0.9072	0.9072	0.9276	0.9342	0.9072	0.9072	0.9072	0.9072	0.9072	0.9072	0.9067	0.9072	0.9276	0.935	0.9072	0.9072	0.9072	0.9417	0.9072	0.9276	0.9087	0.9195	0.9195	0.9195	0.9195	0.9195	0.9195	0.9195	0.9195	0.9195	0.9195	0.9195	0.9195	0.9195	0.9195	0.9195	0.9195	0.9195	0.9195	0.9195	0.9195	0.9195	0.9195	0.9195	0.9195	0.9195	0.9195	0.9195	0.9195	0.9195	0.9195	0.9195	0.9195	0.9195	0.9195	0.9195	0.9195	0.9195	0.9195	0.9195	0.9195	0.9195	0.9195	0.9195	0.9195	0.9195	0.9195	0.9195	0.9195	0.9195	0.9195	0.9195	0.9195	0.9195	0.9195	0.9195	0.9195	0.9195	0.9195	0.9195	0.9195	0.9195	0.9195	0.9195	0.9195	0.9195	0.9195	0.9195	0.9195	0.9195	0.9195	0.9195	0.9195	0.9195	0.9195	0.9195	0.9195	0.9195	0.9195	0.9195	0.9195	0.9195
