	3	3	3	3	3	2	2	2	2	2	2	2	2	2	2	2	2	2	0	0	0	0	0	0	0	0	0	0	0	0	0	0	0	0	0	0	0	0	0	0	0	0	0	0	0	0	0	0	0	0	0	0	0	0	0	0	0	0	0	0	0	0	0	0	0	0	0	0	0	0	0	0	0	0	0	0	0	0	0	0	0	0	0	0	0	0	0	0	0	0	0	0	0	1	0	0	0	0	0	0	0	0	0	0	0	0	0	0	0	0	0	0	0	0	0	0	0	0	0	0	0	0	0	0	0	0	0	0	0	0	0	0	0	0	0	0	0	0	0	0	0	0	0	0	0	0	0	0	0	0	0	0	0	0	1	0	0	0	0	0	0	0	0	0	0	0	0	0	0	0	0	0	0	0	0	0	0	0	0	0	0	0	0	0	0	0	0	0	0	0	0	0	0	0	0	0	0	0	0	0	0	0	0	0	0	0	0	0	0	0	0	0	0	0	0	0	0	0	0	0	0	0	0	0	0	0	0	0	0	0	0	0	0	0	0	0	0	0	0	0	0	0	0	0	0	0	0	0	0	0	0	0	0	0	0	0	0	0	0	0	0	0	0	0	0	0	0	0	0	0	0	0	0	0	0	0	0	0	0	0	0	0	0	0	0	0	0	0	0	0	0	0	0	0	0	0	0	0	0	0	0	0	0	0	0	0	0	0	0	0	0	0	0	0	0	0	0	0	0	0	0	0	0	0	0	0	0	0	0	0	0	0	0	0	0	0	0	0	0	0	0	0	0	0	0	0	0	0	0	0	0	0	0	0	0	0	0	0	0	0	0	0	0	0	0	0	0	0	0	0	0	0	0	0	0	0	0	0	0	0	0	0	0	0	0	0	0	0	0	0	0	0	0	0	0	0	0	0	0	0	0	0	0	0	0	0	0	0	0	0	1	0	0	0	0	0	0	0	0	0	0	0	0	0	0	0	0	0	0	0	0	0	0	0	0	0	0	0	0	0	0	0	0	0	1	0	0	0	0	0	0	0	0	0	0	0	0	0	0	0	0	0	0	0	0	0	0	0	0	0	0	0	0	0	0	0	0	0	0	0	0	0	0	0	0	0	0	0	0	0	0	0	0	0	0	0	0	0	0	0	0	0	0	0	0	0	0	0	0	0	0	1	0	0	0	0	0	0	0	4	4	4	4	4	4	4	4	4	4	4	4	4	4	4	4	4	4	4	4	4	4	4	4	4	4	4	4	4	4	4	4	4	4	4	4	4	4	4	4	4	4	4	4	4	4	4	4	4	4	4	4	4	4	4	4	4	4	4	4	4	4	4	4	4	4	4	4	4	4	4	4	4	4	4	4	4	4	4	4	4
0	0.4673	0.4673	0.4673	0.4673	0.4673	0.969	0.969	0.969	0.969	0.969	0.969	0.969	0.969	0.969	0.969	0.969	0.969	0.969	0.8896	0.8896	0.8896	0.8896	0.8896	0.8896	0.8896	0.8896	0.8896	0.8896	0.8896	0.8896	0.8896	0.8896	0.8896	0.8896	0.8896	0.8896	0.8896	0.8896	0.8896	0.8896	0.8896	0.8896	0.8896	0.8896	0.8896	0.8896	0.8896	0.8896	0.8896	0.8896	0.8896	0.8896	0.8896	0.8896	0.8896	0.8896	0.8896	0.8896	0.8896	0.8896	0.8896	0.8896	0.8896	0.8896	0.8896	0.8896	0.8896	0.8896	0.8896	0.8896	0.8896	0.8896	0.8896	0.8896	0.8896	0.8896	0.8896	0.8896	0.8896	0.8896	0.8896	0.8896	0.8896	0.8896	0.8896	0.8896	0.8896	0.8896	0.8896	0.8896	0.8896	0.8896	0.8896	0.8287	0.8896	0.8896	0.8896	0.8896	0.8896	0.8896	0.8896	0.8896	0.8896	0.8896	0.8896	0.8896	0.8896	0.8896	0.8896	0.8896	0.8896	0.8896	0.8896	0.8896	0.8896	0.8896	0.8896	0.8896	0.8896	0.8896	0.8896	0.8896	0.8896	0.8896	0.8896	0.8896	0.8896	0.8896	0.8896	0.8896	0.8896	0.8896	0.8896	0.8896	0.8896	0.8896	0.8896	0.8896	0.8896	0.8896	0.8896	0.8896	0.8896	0.8896	0.8896	0.8896	0.8896	0.8896	0.8896	0.8896	0.8896	0.8896	0.8896	0.8896	0.8287	0.8896	0.8896	0.8896	0.8896	0.8896	0.8896	0.8896	0.8896	0.8896	0.8896	0.8896	0.8896	0.8896	0.8896	0.8896	0.8896	0.8896	0.8896	0.8896	0.8896	0.8896	0.8896	0.8896	0.8896	0.8896	0.8896	0.8896	0.8896	0.8896	0.8896	0.8896	0.8896	0.8896	0.8896	0.8896	0.8896	0.8896	0.8896	0.8896	0.8896	0.8896	0.8896	0.8896	0.8896	0.8896	0.8896	0.8896	0.8896	0.8896	0.8896	0.8896	0.8896	0.8896	0.8896	0.8896	0.8896	0.8896	0.8896	0.8896	0.8896	0.8896	0.8896	0.8896	0.8896	0.8896	0.8896	0.8896	0.8896	0.8896	0.8896	0.8896	0.8896	0.8896	0.8896	0.8896	0.8896	0.8896	0.8896	0.8896	0.8896	0.8896	0.8896	0.8896	0.8896	0.8896	0.8896	0.8896	0.8896	0.8896	0.8896	0.8896	0.8896	0.8896	0.8896	0.8896	0.8896	0.8896	0.8896	0.8896	0.8896	0.8896	0.8896	0.8896	0.8896	0.8896	0.8896	0.8896	0.8896	0.8896	0.8896	0.8896	0.8896	0.8896	0.8896	0.8896	0.8896	0.8896	0.8896	0.8896	0.8896	0.8896	0.8896	0.8896	0.8896	0.8896	0.8896	0.8896	0.8896	0.8896	0.8896	0.8896	0.8896	0.8896	0.8896	0.8896	0.8896	0.8896	0.8896	0.8896	0.8896	0.8896	0.8896	0.8896	0.8896	0.8896	0.8896	0.8896	0.8896	0.8896	0.8896	0.8896	0.8896	0.8896	0.8896	0.8896	0.8896	0.8896	0.8896	0.8896	0.8896	0.8896	0.8896	0.8896	0.8896	0.8896	0.8896	0.8896	0.8896	0.8896	0.8896	0.8896	0.8896	0.8896	0.8896	0.8896	0.8896	0.8896	0.8896	0.8896	0.8896	0.8896	0.8896	0.8896	0.8896	0.8896	0.8896	0.8896	0.8896	0.8896	0.8896	0.8896	0.8896	0.8896	0.8896	0.8896	0.8896	0.8896	0.8896	0.8896	0.8896	0.8896	0.8896	0.8896	0.8896	0.8896	0.8896	0.8896	0.8896	0.8896	0.8896	0.8896	0.8896	0.8896	0.8896	0.8896	0.8896	0.8896	0.8896	0.8896	0.8896	0.8896	0.8896	0.8896	0.8896	0.8896	0.8896	0.8896	0.8896	0.8896	0.8896	0.8896	0.8896	0.8896	0.8896	0.8896	0.8896	0.8896	0.8896	0.8896	0.8896	0.8896	0.8896	0.8896	0.8896	0.8896	0.8896	0.8896	0.8896	0.8896	0.8896	0.8896	0.8896	0.8896	0.8896	0.8896	0.8287	0.8896	0.8896	0.8896	0.8896	0.8896	0.8896	0.8896	0.8896	0.8896	0.8896	0.8896	0.8896	0.8896	0.8896	0.8896	0.8896	0.8896	0.8896	0.8896	0.8896	0.8896	0.8896	0.8896	0.8896	0.8896	0.8896	0.8896	0.8896	0.8896	0.8896	0.8896	0.8896	0.8896	0.8287	0.8896	0.8896	0.8896	0.8896	0.8896	0.8896	0.8896	0.8896	0.8896	0.8896	0.8896	0.8896	0.8896	0.8896	0.8896	0.8896	0.8896	0.8896	0.8896	0.8896	0.8896	0.8896	0.8896	0.8896	0.8896	0.8896	0.8896	0.8896	0.8896	0.8896	0.8896	0.8896	0.8896	0.8896	0.8896	0.8896	0.8896	0.8896	0.8896	0.8896	0.8896	0.8896	0.8896	0.8896	0.8896	0.8896	0.8896	0.8896	0.8896	0.8896	0.8896	0.8896	0.8896	0.8896	0.8896	0.8896	0.8896	0.8896	0.8896	0.8896	0.8896	0.8896	0.8896	0.8896	0.8896	0.8896	0.8287	0.8896	0.8896	0.8896	0.8896	0.8896	0.8896	0.8896	0.9533	0.9533	0.9533	0.9533	0.9533	0.9533	0.9533	0.9533	0.9533	0.9533	0.9533	0.9533	0.9533	0.9533	0.9533	0.9533	0.9533	0.9533	0.9533	0.9533	0.9533	0.9533	0.9533	0.9533	0.9533	0.9533	0.9533	0.9533	0.9533	0.9533	0.9533	0.9533	0.9533	0.9533	0.9533	0.9533	0.9533	0.9533	0.9533	0.9533	0.9533	0.9533	0.9533	0.9533	0.9533	0.9533	0.9533	0.9533	0.9533	0.9533	0.9533	0.9533	0.9533	0.9533	0.9533	0.9533	0.9533	0.9533	0.9533	0.9533	0.9533	0.9533	0.9533	0.9533	0.9533	0.9533	0.9533	0.9533	0.9533	0.9533	0.9533	0.9533	0.9533	0.9533	0.9533	0.9533	0.9533	0.9533	0.9533	0.9533	0.9533
1	0.86	0.86	0.86	0.86	0.86	0.9395	0.9395	0.9395	0.9395	0.9395	0.9395	0.9395	0.9395	0.9395	0.9395	0.9395	0.9395	0.9395	0.9394	0.9394	0.9394	0.9394	0.9394	0.9394	0.9394	0.9394	0.9394	0.9394	0.9394	0.9394	0.9394	0.9394	0.9394	0.9394	0.9394	0.9394	0.9394	0.9394	0.9394	0.9394	0.9394	0.9394	0.9394	0.9394	0.9394	0.9394	0.9394	0.9394	0.9394	0.9394	0.9394	0.9394	0.9394	0.9394	0.9394	0.9394	0.9394	0.9394	0.9394	0.9394	0.9394	0.9394	0.9394	0.9394	0.9394	0.9394	0.9394	0.9394	0.9394	0.9394	0.9394	0.9394	0.9394	0.9394	0.9394	0.9394	0.9394	0.9394	0.9394	0.9394	0.9394	0.9394	0.9394	0.9394	0.9394	0.9394	0.9394	0.9394	0.9394	0.9394	0.9394	0.9394	0.9394	0.8681	0.9394	0.9394	0.9394	0.9394	0.9394	0.9394	0.9394	0.9394	0.9394	0.9394	0.9394	0.9394	0.9394	0.9394	0.9394	0.9394	0.9394	0.9394	0.9394	0.9394	0.9394	0.9394	0.9394	0.9394	0.9394	0.9394	0.9394	0.9394	0.9394	0.9394	0.9394	0.9394	0.9394	0.9394	0.9394	0.9394	0.9394	0.9394	0.9394	0.9394	0.9394	0.9394	0.9394	0.9394	0.9394	0.9394	0.9394	0.9394	0.9394	0.9394	0.9394	0.9394	0.9394	0.9394	0.9394	0.9394	0.9394	0.9394	0.9394	0.9394	0.8681	0.9394	0.9394	0.9394	0.9394	0.9394	0.9394	0.9394	0.9394	0.9394	0.9394	0.9394	0.9394	0.9394	0.9394	0.9394	0.9394	0.9394	0.9394	0.9394	0.9394	0.9394	0.9394	0.9394	0.9394	0.9394	0.9394	0.9394	0.9394	0.9394	0.9394	0.9394	0.9394	0.9394	0.9394	0.9394	0.9394	0.9394	0.9394	0.9394	0.9394	0.9394	0.9394	0.9394	0.9394	0.9394	0.9394	0.9394	0.9394	0.9394	0.9394	0.9394	0.9394	0.9394	0.9394	0.9394	0.9394	0.9394	0.9394	0.9394	0.9394	0.9394	0.9394	0.9394	0.9394	0.9394	0.9394	0.9394	0.9394	0.9394	0.9394	0.9394	0.9394	0.9394	0.9394	0.9394	0.9394	0.9394	0.9394	0.9394	0.9394	0.9394	0.9394	0.9394	0.9394	0.9394	0.9394	0.9394	0.9394	0.9394	0.9394	0.9394	0.9394	0.9394	0.9394	0.9394	0.9394	0.9394	0.9394	0.9394	0.9394	0.9394	0.9394	0.9394	0.9394	0.9394	0.9394	0.9394	0.9394	0.9394	0.9394	0.9394	0.9394	0.9394	0.9394	0.9394	0.9394	0.9394	0.9394	0.9394	0.9394	0.9394	0.9394	0.9394	0.9394	0.9394	0.9394	0.9394	0.9394	0.9394	0.9394	0.9394	0.9394	0.9394	0.9394	0.9394	0.9394	0.9394	0.9394	0.9394	0.9394	0.9394	0.9394	0.9394	0.9394	0.9394	0.9394	0.9394	0.9394	0.9394	0.9394	0.9394	0.9394	0.9394	0.9394	0.9394	0.9394	0.9394	0.9394	0.9394	0.9394	0.9394	0.9394	0.9394	0.9394	0.9394	0.9394	0.9394	0.9394	0.9394	0.9394	0.9394	0.9394	0.9394	0.9394	0.9394	0.9394	0.9394	0.9394	0.9394	0.9394	0.9394	0.9394	0.9394	0.9394	0.9394	0.9394	0.9394	0.9394	0.9394	0.9394	0.9394	0.9394	0.9394	0.9394	0.9394	0.9394	0.9394	0.9394	0.9394	0.9394	0.9394	0.9394	0.9394	0.9394	0.9394	0.9394	0.9394	0.9394	0.9394	0.9394	0.9394	0.9394	0.9394	0.9394	0.9394	0.9394	0.9394	0.9394	0.9394	0.9394	0.9394	0.9394	0.9394	0.9394	0.9394	0.9394	0.9394	0.9394	0.9394	0.9394	0.9394	0.9394	0.9394	0.9394	0.9394	0.9394	0.9394	0.9394	0.9394	0.9394	0.9394	0.9394	0.9394	0.9394	0.9394	0.9394	0.9394	0.9394	0.9394	0.9394	0.9394	0.9394	0.9394	0.9394	0.9394	0.8681	0.9394	0.9394	0.9394	0.9394	0.9394	0.9394	0.9394	0.9394	0.9394	0.9394	0.9394	0.9394	0.9394	0.9394	0.9394	0.9394	0.9394	0.9394	0.9394	0.9394	0.9394	0.9394	0.9394	0.9394	0.9394	0.9394	0.9394	0.9394	0.9394	0.9394	0.9394	0.9394	0.9394	0.8681	0.9394	0.9394	0.9394	0.9394	0.9394	0.9394	0.9394	0.9394	0.9394	0.9394	0.9394	0.9394	0.9394	0.9394	0.9394	0.9394	0.9394	0.9394	0.9394	0.9394	0.9394	0.9394	0.9394	0.9394	0.9394	0.9394	0.9394	0.9394	0.9394	0.9394	0.9394	0.9394	0.9394	0.9394	0.9394	0.9394	0.9394	0.9394	0.9394	0.9394	0.9394	0.9394	0.9394	0.9394	0.9394	0.9394	0.9394	0.9394	0.9394	0.9394	0.9394	0.9394	0.9394	0.9394	0.9394	0.9394	0.9394	0.9394	0.9394	0.9394	0.9394	0.9394	0.9394	0.9394	0.9394	0.9394	0.8681	0.9394	0.9394	0.9394	0.9394	0.9394	0.9394	0.9394	0.9775	0.9775	0.9775	0.9775	0.9775	0.9775	0.9775	0.9775	0.9775	0.9775	0.9775	0.9775	0.9775	0.9775	0.9775	0.9775	0.9775	0.9775	0.9775	0.9775	0.9775	0.9775	0.9775	0.9775	0.9775	0.9775	0.9775	0.9775	0.9775	0.9775	0.9775	0.9775	0.9775	0.9775	0.9775	0.9775	0.9775	0.9775	0.9775	0.9775	0.9775	0.9775	0.9775	0.9775	0.9775	0.9775	0.9775	0.9775	0.9775	0.9775	0.9775	0.9775	0.9775	0.9775	0.9775	0.9775	0.9775	0.9775	0.9775	0.9775	0.9775	0.9775	0.9775	0.9775	0.9775	0.9775	0.9775	0.9775	0.9775	0.9775	0.9775	0.9775	0.9775	0.9775	0.9775	0.9775	0.9775	0.9775	0.9775	0.9775	0.9775
2	0.9419	0.9419	0.9419	0.9419	0.9419	0.9001	0.9001	0.9001	0.9001	0.9001	0.9001	0.9001	0.9001	0.9001	0.9001	0.9001	0.9001	0.9001	0.9067	0.9067	0.9067	0.9067	0.9067	0.9067	0.9067	0.9067	0.9067	0.9067	0.9067	0.9067	0.9067	0.9067	0.9067	0.9067	0.9067	0.9067	0.9067	0.9067	0.9067	0.9067	0.9067	0.9067	0.9067	0.9067	0.9067	0.9067	0.9067	0.9067	0.9067	0.9067	0.9067	0.9067	0.9067	0.9067	0.9067	0.9067	0.9067	0.9067	0.9067	0.9067	0.9067	0.9067	0.9067	0.9067	0.9067	0.9067	0.9067	0.9067	0.9067	0.9067	0.9067	0.9067	0.9067	0.9067	0.9067	0.9067	0.9067	0.9067	0.9067	0.9067	0.9067	0.9067	0.9067	0.9067	0.9067	0.9067	0.9067	0.9067	0.9067	0.9067	0.9067	0.9067	0.9067	0.8904	0.9067	0.9067	0.9067	0.9067	0.9067	0.9067	0.9067	0.9067	0.9067	0.9067	0.9067	0.9067	0.9067	0.9067	0.9067	0.9067	0.9067	0.9067	0.9067	0.9067	0.9067	0.9067	0.9067	0.9067	0.9067	0.9067	0.9067	0.9067	0.9067	0.9067	0.9067	0.9067	0.9067	0.9067	0.9067	0.9067	0.9067	0.9067	0.9067	0.9067	0.9067	0.9067	0.9067	0.9067	0.9067	0.9067	0.9067	0.9067	0.9067	0.9067	0.9067	0.9067	0.9067	0.9067	0.9067	0.9067	0.9067	0.9067	0.9067	0.9067	0.8904	0.9067	0.9067	0.9067	0.9067	0.9067	0.9067	0.9067	0.9067	0.9067	0.9067	0.9067	0.9067	0.9067	0.9067	0.9067	0.9067	0.9067	0.9067	0.9067	0.9067	0.9067	0.9067	0.9067	0.9067	0.9067	0.9067	0.9067	0.9067	0.9067	0.9067	0.9067	0.9067	0.9067	0.9067	0.9067	0.9067	0.9067	0.9067	0.9067	0.9067	0.9067	0.9067	0.9067	0.9067	0.9067	0.9067	0.9067	0.9067	0.9067	0.9067	0.9067	0.9067	0.9067	0.9067	0.9067	0.9067	0.9067	0.9067	0.9067	0.9067	0.9067	0.9067	0.9067	0.9067	0.9067	0.9067	0.9067	0.9067	0.9067	0.9067	0.9067	0.9067	0.9067	0.9067	0.9067	0.9067	0.9067	0.9067	0.9067	0.9067	0.9067	0.9067	0.9067	0.9067	0.9067	0.9067	0.9067	0.9067	0.9067	0.9067	0.9067	0.9067	0.9067	0.9067	0.9067	0.9067	0.9067	0.9067	0.9067	0.9067	0.9067	0.9067	0.9067	0.9067	0.9067	0.9067	0.9067	0.9067	0.9067	0.9067	0.9067	0.9067	0.9067	0.9067	0.9067	0.9067	0.9067	0.9067	0.9067	0.9067	0.9067	0.9067	0.9067	0.9067	0.9067	0.9067	0.9067	0.9067	0.9067	0.9067	0.9067	0.9067	0.9067	0.9067	0.9067	0.9067	0.9067	0.9067	0.9067	0.9067	0.9067	0.9067	0.9067	0.9067	0.9067	0.9067	0.9067	0.9067	0.9067	0.9067	0.9067	0.9067	0.9067	0.9067	0.9067	0.9067	0.9067	0.9067	0.9067	0.9067	0.9067	0.9067	0.9067	0.9067	0.9067	0.9067	0.9067	0.9067	0.9067	0.9067	0.9067	0.9067	0.9067	0.9067	0.9067	0.9067	0.9067	0.9067	0.9067	0.9067	0.9067	0.9067	0.9067	0.9067	0.9067	0.9067	0.9067	0.9067	0.9067	0.9067	0.9067	0.9067	0.9067	0.9067	0.9067	0.9067	0.9067	0.9067	0.9067	0.9067	0.9067	0.9067	0.9067	0.9067	0.9067	0.9067	0.9067	0.9067	0.9067	0.9067	0.9067	0.9067	0.9067	0.9067	0.9067	0.9067	0.9067	0.9067	0.9067	0.9067	0.9067	0.9067	0.9067	0.9067	0.9067	0.9067	0.9067	0.9067	0.9067	0.9067	0.9067	0.9067	0.9067	0.9067	0.9067	0.9067	0.9067	0.9067	0.9067	0.9067	0.9067	0.9067	0.9067	0.9067	0.9067	0.9067	0.9067	0.9067	0.9067	0.9067	0.9067	0.9067	0.9067	0.9067	0.9067	0.8904	0.9067	0.9067	0.9067	0.9067	0.9067	0.9067	0.9067	0.9067	0.9067	0.9067	0.9067	0.9067	0.9067	0.9067	0.9067	0.9067	0.9067	0.9067	0.9067	0.9067	0.9067	0.9067	0.9067	0.9067	0.9067	0.9067	0.9067	0.9067	0.9067	0.9067	0.9067	0.9067	0.9067	0.8904	0.9067	0.9067	0.9067	0.9067	0.9067	0.9067	0.9067	0.9067	0.9067	0.9067	0.9067	0.9067	0.9067	0.9067	0.9067	0.9067	0.9067	0.9067	0.9067	0.9067	0.9067	0.9067	0.9067	0.9067	0.9067	0.9067	0.9067	0.9067	0.9067	0.9067	0.9067	0.9067	0.9067	0.9067	0.9067	0.9067	0.9067	0.9067	0.9067	0.9067	0.9067	0.9067	0.9067	0.9067	0.9067	0.9067	0.9067	0.9067	0.9067	0.9067	0.9067	0.9067	0.9067	0.9067	0.9067	0.9067	0.9067	0.9067	0.9067	0.9067	0.9067	0.9067	0.9067	0.9067	0.9067	0.9067	0.8904	0.9067	0.9067	0.9067	0.9067	0.9067	0.9067	0.9067	0.9631	0.9631	0.9631	0.9631	0.9631	0.9631	0.9631	0.9631	0.9631	0.9631	0.9631	0.9631	0.9631	0.9631	0.9631	0.9631	0.9631	0.9631	0.9631	0.9631	0.9631	0.9631	0.9631	0.9631	0.9631	0.9631	0.9631	0.9631	0.9631	0.9631	0.9631	0.9631	0.9631	0.9631	0.9631	0.9631	0.9631	0.9631	0.9631	0.9631	0.9631	0.9631	0.9631	0.9631	0.9631	0.9631	0.9631	0.9631	0.9631	0.9631	0.9631	0.9631	0.9631	0.9631	0.9631	0.9631	0.9631	0.9631	0.9631	0.9631	0.9631	0.9631	0.9631	0.9631	0.9631	0.9631	0.9631	0.9631	0.9631	0.9631	0.9631	0.9631	0.9631	0.9631	0.9631	0.9631	0.9631	0.9631	0.9631	0.9631	0.9631
3	0.8876	0.8876	0.8876	0.8876	0.8876	0.9239	0.9239	0.9239	0.9239	0.9239	0.9239	0.9239	0.9239	0.9239	0.9239	0.9239	0.9239	0.9239	0.9021	0.9021	0.9021	0.9021	0.9021	0.9021	0.9021	0.9021	0.9021	0.9021	0.9021	0.9021	0.9021	0.9021	0.9021	0.9021	0.9021	0.9021	0.9021	0.9021	0.9021	0.9021	0.9021	0.9021	0.9021	0.9021	0.9021	0.9021	0.9021	0.9021	0.9021	0.9021	0.9021	0.9021	0.9021	0.9021	0.9021	0.9021	0.9021	0.9021	0.9021	0.9021	0.9021	0.9021	0.9021	0.9021	0.9021	0.9021	0.9021	0.9021	0.9021	0.9021	0.9021	0.9021	0.9021	0.9021	0.9021	0.9021	0.9021	0.9021	0.9021	0.9021	0.9021	0.9021	0.9021	0.9021	0.9021	0.9021	0.9021	0.9021	0.9021	0.9021	0.9021	0.9021	0.9021	0.6894	0.9021	0.9021	0.9021	0.9021	0.9021	0.9021	0.9021	0.9021	0.9021	0.9021	0.9021	0.9021	0.9021	0.9021	0.9021	0.9021	0.9021	0.9021	0.9021	0.9021	0.9021	0.9021	0.9021	0.9021	0.9021	0.9021	0.9021	0.9021	0.9021	0.9021	0.9021	0.9021	0.9021	0.9021	0.9021	0.9021	0.9021	0.9021	0.9021	0.9021	0.9021	0.9021	0.9021	0.9021	0.9021	0.9021	0.9021	0.9021	0.9021	0.9021	0.9021	0.9021	0.9021	0.9021	0.9021	0.9021	0.9021	0.9021	0.9021	0.9021	0.6894	0.9021	0.9021	0.9021	0.9021	0.9021	0.9021	0.9021	0.9021	0.9021	0.9021	0.9021	0.9021	0.9021	0.9021	0.9021	0.9021	0.9021	0.9021	0.9021	0.9021	0.9021	0.9021	0.9021	0.9021	0.9021	0.9021	0.9021	0.9021	0.9021	0.9021	0.9021	0.9021	0.9021	0.9021	0.9021	0.9021	0.9021	0.9021	0.9021	0.9021	0.9021	0.9021	0.9021	0.9021	0.9021	0.9021	0.9021	0.9021	0.9021	0.9021	0.9021	0.9021	0.9021	0.9021	0.9021	0.9021	0.9021	0.9021	0.9021	0.9021	0.9021	0.9021	0.9021	0.9021	0.9021	0.9021	0.9021	0.9021	0.9021	0.9021	0.9021	0.9021	0.9021	0.9021	0.9021	0.9021	0.9021	0.9021	0.9021	0.9021	0.9021	0.9021	0.9021	0.9021	0.9021	0.9021	0.9021	0.9021	0.9021	0.9021	0.9021	0.9021	0.9021	0.9021	0.9021	0.9021	0.9021	0.9021	0.9021	0.9021	0.9021	0.9021	0.9021	0.9021	0.9021	0.9021	0.9021	0.9021	0.9021	0.9021	0.9021	0.9021	0.9021	0.9021	0.9021	0.9021	0.9021	0.9021	0.9021	0.9021	0.9021	0.9021	0.9021	0.9021	0.9021	0.9021	0.9021	0.9021	0.9021	0.9021	0.9021	0.9021	0.9021	0.9021	0.9021	0.9021	0.9021	0.9021	0.9021	0.9021	0.9021	0.9021	0.9021	0.9021	0.9021	0.9021	0.9021	0.9021	0.9021	0.9021	0.9021	0.9021	0.9021	0.9021	0.9021	0.9021	0.9021	0.9021	0.9021	0.9021	0.9021	0.9021	0.9021	0.9021	0.9021	0.9021	0.9021	0.9021	0.9021	0.9021	0.9021	0.9021	0.9021	0.9021	0.9021	0.9021	0.9021	0.9021	0.9021	0.9021	0.9021	0.9021	0.9021	0.9021	0.9021	0.9021	0.9021	0.9021	0.9021	0.9021	0.9021	0.9021	0.9021	0.9021	0.9021	0.9021	0.9021	0.9021	0.9021	0.9021	0.9021	0.9021	0.9021	0.9021	0.9021	0.9021	0.9021	0.9021	0.9021	0.9021	0.9021	0.9021	0.9021	0.9021	0.9021	0.9021	0.9021	0.9021	0.9021	0.9021	0.9021	0.9021	0.9021	0.9021	0.9021	0.9021	0.9021	0.9021	0.9021	0.9021	0.9021	0.9021	0.9021	0.9021	0.9021	0.9021	0.9021	0.9021	0.9021	0.9021	0.9021	0.9021	0.9021	0.9021	0.9021	0.9021	0.9021	0.9021	0.9021	0.9021	0.9021	0.9021	0.9021	0.9021	0.9021	0.6894	0.9021	0.9021	0.9021	0.9021	0.9021	0.9021	0.9021	0.9021	0.9021	0.9021	0.9021	0.9021	0.9021	0.9021	0.9021	0.9021	0.9021	0.9021	0.9021	0.9021	0.9021	0.9021	0.9021	0.9021	0.9021	0.9021	0.9021	0.9021	0.9021	0.9021	0.9021	0.9021	0.9021	0.6894	0.9021	0.9021	0.9021	0.9021	0.9021	0.9021	0.9021	0.9021	0.9021	0.9021	0.9021	0.9021	0.9021	0.9021	0.9021	0.9021	0.9021	0.9021	0.9021	0.9021	0.9021	0.9021	0.9021	0.9021	0.9021	0.9021	0.9021	0.9021	0.9021	0.9021	0.9021	0.9021	0.9021	0.9021	0.9021	0.9021	0.9021	0.9021	0.9021	0.9021	0.9021	0.9021	0.9021	0.9021	0.9021	0.9021	0.9021	0.9021	0.9021	0.9021	0.9021	0.9021	0.9021	0.9021	0.9021	0.9021	0.9021	0.9021	0.9021	0.9021	0.9021	0.9021	0.9021	0.9021	0.9021	0.9021	0.6894	0.9021	0.9021	0.9021	0.9021	0.9021	0.9021	0.9021	0.9213	0.9213	0.9213	0.9213	0.9213	0.9213	0.9213	0.9213	0.9213	0.9213	0.9213	0.9213	0.9213	0.9213	0.9213	0.9213	0.9213	0.9213	0.9213	0.9213	0.9213	0.9213	0.9213	0.9213	0.9213	0.9213	0.9213	0.9213	0.9213	0.9213	0.9213	0.9213	0.9213	0.9213	0.9213	0.9213	0.9213	0.9213	0.9213	0.9213	0.9213	0.9213	0.9213	0.9213	0.9213	0.9213	0.9213	0.9213	0.9213	0.9213	0.9213	0.9213	0.9213	0.9213	0.9213	0.9213	0.9213	0.9213	0.9213	0.9213	0.9213	0.9213	0.9213	0.9213	0.9213	0.9213	0.9213	0.9213	0.9213	0.9213	0.9213	0.9213	0.9213	0.9213	0.9213	0.9213	0.9213	0.9213	0.9213	0.9213	0.9213
4	0.8983	0.8983	0.8983	0.8983	0.8983	0.9115	0.9115	0.9115	0.9115	0.9115	0.9115	0.9115	0.9115	0.9115	0.9115	0.9115	0.9115	0.9115	0.9111	0.9111	0.9111	0.9111	0.9111	0.9111	0.9111	0.9111	0.9111	0.9111	0.9111	0.9111	0.9111	0.9111	0.9111	0.9111	0.9111	0.9111	0.9111	0.9111	0.9111	0.9111	0.9111	0.9111	0.9111	0.9111	0.9111	0.9111	0.9111	0.9111	0.9111	0.9111	0.9111	0.9111	0.9111	0.9111	0.9111	0.9111	0.9111	0.9111	0.9111	0.9111	0.9111	0.9111	0.9111	0.9111	0.9111	0.9111	0.9111	0.9111	0.9111	0.9111	0.9111	0.9111	0.9111	0.9111	0.9111	0.9111	0.9111	0.9111	0.9111	0.9111	0.9111	0.9111	0.9111	0.9111	0.9111	0.9111	0.9111	0.9111	0.9111	0.9111	0.9111	0.9111	0.9111	0.7772	0.9111	0.9111	0.9111	0.9111	0.9111	0.9111	0.9111	0.9111	0.9111	0.9111	0.9111	0.9111	0.9111	0.9111	0.9111	0.9111	0.9111	0.9111	0.9111	0.9111	0.9111	0.9111	0.9111	0.9111	0.9111	0.9111	0.9111	0.9111	0.9111	0.9111	0.9111	0.9111	0.9111	0.9111	0.9111	0.9111	0.9111	0.9111	0.9111	0.9111	0.9111	0.9111	0.9111	0.9111	0.9111	0.9111	0.9111	0.9111	0.9111	0.9111	0.9111	0.9111	0.9111	0.9111	0.9111	0.9111	0.9111	0.9111	0.9111	0.9111	0.7772	0.9111	0.9111	0.9111	0.9111	0.9111	0.9111	0.9111	0.9111	0.9111	0.9111	0.9111	0.9111	0.9111	0.9111	0.9111	0.9111	0.9111	0.9111	0.9111	0.9111	0.9111	0.9111	0.9111	0.9111	0.9111	0.9111	0.9111	0.9111	0.9111	0.9111	0.9111	0.9111	0.9111	0.9111	0.9111	0.9111	0.9111	0.9111	0.9111	0.9111	0.9111	0.9111	0.9111	0.9111	0.9111	0.9111	0.9111	0.9111	0.9111	0.9111	0.9111	0.9111	0.9111	0.9111	0.9111	0.9111	0.9111	0.9111	0.9111	0.9111	0.9111	0.9111	0.9111	0.9111	0.9111	0.9111	0.9111	0.9111	0.9111	0.9111	0.9111	0.9111	0.9111	0.9111	0.9111	0.9111	0.9111	0.9111	0.9111	0.9111	0.9111	0.9111	0.9111	0.9111	0.9111	0.9111	0.9111	0.9111	0.9111	0.9111	0.9111	0.9111	0.9111	0.9111	0.9111	0.9111	0.9111	0.9111	0.9111	0.9111	0.9111	0.9111	0.9111	0.9111	0.9111	0.9111	0.9111	0.9111	0.9111	0.9111	0.9111	0.9111	0.9111	0.9111	0.9111	0.9111	0.9111	0.9111	0.9111	0.9111	0.9111	0.9111	0.9111	0.9111	0.9111	0.9111	0.9111	0.9111	0.9111	0.9111	0.9111	0.9111	0.9111	0.9111	0.9111	0.9111	0.9111	0.9111	0.9111	0.9111	0.9111	0.9111	0.9111	0.9111	0.9111	0.9111	0.9111	0.9111	0.9111	0.9111	0.9111	0.9111	0.9111	0.9111	0.9111	0.9111	0.9111	0.9111	0.9111	0.9111	0.9111	0.9111	0.9111	0.9111	0.9111	0.9111	0.9111	0.9111	0.9111	0.9111	0.9111	0.9111	0.9111	0.9111	0.9111	0.9111	0.9111	0.9111	0.9111	0.9111	0.9111	0.9111	0.9111	0.9111	0.9111	0.9111	0.9111	0.9111	0.9111	0.9111	0.9111	0.9111	0.9111	0.9111	0.9111	0.9111	0.9111	0.9111	0.9111	0.9111	0.9111	0.9111	0.9111	0.9111	0.9111	0.9111	0.9111	0.9111	0.9111	0.9111	0.9111	0.9111	0.9111	0.9111	0.9111	0.9111	0.9111	0.9111	0.9111	0.9111	0.9111	0.9111	0.9111	0.9111	0.9111	0.9111	0.9111	0.9111	0.9111	0.9111	0.9111	0.9111	0.9111	0.9111	0.9111	0.9111	0.9111	0.9111	0.9111	0.9111	0.9111	0.9111	0.9111	0.9111	0.9111	0.9111	0.9111	0.9111	0.9111	0.9111	0.9111	0.9111	0.9111	0.9111	0.9111	0.7772	0.9111	0.9111	0.9111	0.9111	0.9111	0.9111	0.9111	0.9111	0.9111	0.9111	0.9111	0.9111	0.9111	0.9111	0.9111	0.9111	0.9111	0.9111	0.9111	0.9111	0.9111	0.9111	0.9111	0.9111	0.9111	0.9111	0.9111	0.9111	0.9111	0.9111	0.9111	0.9111	0.9111	0.7772	0.9111	0.9111	0.9111	0.9111	0.9111	0.9111	0.9111	0.9111	0.9111	0.9111	0.9111	0.9111	0.9111	0.9111	0.9111	0.9111	0.9111	0.9111	0.9111	0.9111	0.9111	0.9111	0.9111	0.9111	0.9111	0.9111	0.9111	0.9111	0.9111	0.9111	0.9111	0.9111	0.9111	0.9111	0.9111	0.9111	0.9111	0.9111	0.9111	0.9111	0.9111	0.9111	0.9111	0.9111	0.9111	0.9111	0.9111	0.9111	0.9111	0.9111	0.9111	0.9111	0.9111	0.9111	0.9111	0.9111	0.9111	0.9111	0.9111	0.9111	0.9111	0.9111	0.9111	0.9111	0.9111	0.9111	0.7772	0.9111	0.9111	0.9111	0.9111	0.9111	0.9111	0.9111	0.8821	0.8821	0.8821	0.8821	0.8821	0.8821	0.8821	0.8821	0.8821	0.8821	0.8821	0.8821	0.8821	0.8821	0.8821	0.8821	0.8821	0.8821	0.8821	0.8821	0.8821	0.8821	0.8821	0.8821	0.8821	0.8821	0.8821	0.8821	0.8821	0.8821	0.8821	0.8821	0.8821	0.8821	0.8821	0.8821	0.8821	0.8821	0.8821	0.8821	0.8821	0.8821	0.8821	0.8821	0.8821	0.8821	0.8821	0.8821	0.8821	0.8821	0.8821	0.8821	0.8821	0.8821	0.8821	0.8821	0.8821	0.8821	0.8821	0.8821	0.8821	0.8821	0.8821	0.8821	0.8821	0.8821	0.8821	0.8821	0.8821	0.8821	0.8821	0.8821	0.8821	0.8821	0.8821	0.8821	0.8821	0.8821	0.8821	0.8821	0.8821
5	0.662	0.662	0.662	0.662	0.662	0.9344	0.9344	0.9344	0.9344	0.9344	0.9344	0.9344	0.9344	0.9344	0.9344	0.9344	0.9344	0.9344	0.9157	0.9157	0.9157	0.9157	0.9157	0.9157	0.9157	0.9157	0.9157	0.9157	0.9157	0.9157	0.9157	0.9157	0.9157	0.9157	0.9157	0.9157	0.9157	0.9157	0.9157	0.9157	0.9157	0.9157	0.9157	0.9157	0.9157	0.9157	0.9157	0.9157	0.9157	0.9157	0.9157	0.9157	0.9157	0.9157	0.9157	0.9157	0.9157	0.9157	0.9157	0.9157	0.9157	0.9157	0.9157	0.9157	0.9157	0.9157	0.9157	0.9157	0.9157	0.9157	0.9157	0.9157	0.9157	0.9157	0.9157	0.9157	0.9157	0.9157	0.9157	0.9157	0.9157	0.9157	0.9157	0.9157	0.9157	0.9157	0.9157	0.9157	0.9157	0.9157	0.9157	0.9157	0.9157	0.847	0.9157	0.9157	0.9157	0.9157	0.9157	0.9157	0.9157	0.9157	0.9157	0.9157	0.9157	0.9157	0.9157	0.9157	0.9157	0.9157	0.9157	0.9157	0.9157	0.9157	0.9157	0.9157	0.9157	0.9157	0.9157	0.9157	0.9157	0.9157	0.9157	0.9157	0.9157	0.9157	0.9157	0.9157	0.9157	0.9157	0.9157	0.9157	0.9157	0.9157	0.9157	0.9157	0.9157	0.9157	0.9157	0.9157	0.9157	0.9157	0.9157	0.9157	0.9157	0.9157	0.9157	0.9157	0.9157	0.9157	0.9157	0.9157	0.9157	0.9157	0.847	0.9157	0.9157	0.9157	0.9157	0.9157	0.9157	0.9157	0.9157	0.9157	0.9157	0.9157	0.9157	0.9157	0.9157	0.9157	0.9157	0.9157	0.9157	0.9157	0.9157	0.9157	0.9157	0.9157	0.9157	0.9157	0.9157	0.9157	0.9157	0.9157	0.9157	0.9157	0.9157	0.9157	0.9157	0.9157	0.9157	0.9157	0.9157	0.9157	0.9157	0.9157	0.9157	0.9157	0.9157	0.9157	0.9157	0.9157	0.9157	0.9157	0.9157	0.9157	0.9157	0.9157	0.9157	0.9157	0.9157	0.9157	0.9157	0.9157	0.9157	0.9157	0.9157	0.9157	0.9157	0.9157	0.9157	0.9157	0.9157	0.9157	0.9157	0.9157	0.9157	0.9157	0.9157	0.9157	0.9157	0.9157	0.9157	0.9157	0.9157	0.9157	0.9157	0.9157	0.9157	0.9157	0.9157	0.9157	0.9157	0.9157	0.9157	0.9157	0.9157	0.9157	0.9157	0.9157	0.9157	0.9157	0.9157	0.9157	0.9157	0.9157	0.9157	0.9157	0.9157	0.9157	0.9157	0.9157	0.9157	0.9157	0.9157	0.9157	0.9157	0.9157	0.9157	0.9157	0.9157	0.9157	0.9157	0.9157	0.9157	0.9157	0.9157	0.9157	0.9157	0.9157	0.9157	0.9157	0.9157	0.9157	0.9157	0.9157	0.9157	0.9157	0.9157	0.9157	0.9157	0.9157	0.9157	0.9157	0.9157	0.9157	0.9157	0.9157	0.9157	0.9157	0.9157	0.9157	0.9157	0.9157	0.9157	0.9157	0.9157	0.9157	0.9157	0.9157	0.9157	0.9157	0.9157	0.9157	0.9157	0.9157	0.9157	0.9157	0.9157	0.9157	0.9157	0.9157	0.9157	0.9157	0.9157	0.9157	0.9157	0.9157	0.9157	0.9157	0.9157	0.9157	0.9157	0.9157	0.9157	0.9157	0.9157	0.9157	0.9157	0.9157	0.9157	0.9157	0.9157	0.9157	0.9157	0.9157	0.9157	0.9157	0.9157	0.9157	0.9157	0.9157	0.9157	0.9157	0.9157	0.9157	0.9157	0.9157	0.9157	0.9157	0.9157	0.9157	0.9157	0.9157	0.9157	0.9157	0.9157	0.9157	0.9157	0.9157	0.9157	0.9157	0.9157	0.9157	0.9157	0.9157	0.9157	0.9157	0.9157	0.9157	0.9157	0.9157	0.9157	0.9157	0.9157	0.9157	0.9157	0.9157	0.9157	0.9157	0.9157	0.9157	0.9157	0.9157	0.9157	0.9157	0.9157	0.9157	0.9157	0.9157	0.9157	0.9157	0.9157	0.9157	0.9157	0.9157	0.9157	0.9157	0.9157	0.9157	0.847	0.9157	0.9157	0.9157	0.9157	0.9157	0.9157	0.9157	0.9157	0.9157	0.9157	0.9157	0.9157	0.9157	0.9157	0.9157	0.9157	0.9157	0.9157	0.9157	0.9157	0.9157	0.9157	0.9157	0.9157	0.9157	0.9157	0.9157	0.9157	0.9157	0.9157	0.9157	0.9157	0.9157	0.847	0.9157	0.9157	0.9157	0.9157	0.9157	0.9157	0.9157	0.9157	0.9157	0.9157	0.9157	0.9157	0.9157	0.9157	0.9157	0.9157	0.9157	0.9157	0.9157	0.9157	0.9157	0.9157	0.9157	0.9157	0.9157	0.9157	0.9157	0.9157	0.9157	0.9157	0.9157	0.9157	0.9157	0.9157	0.9157	0.9157	0.9157	0.9157	0.9157	0.9157	0.9157	0.9157	0.9157	0.9157	0.9157	0.9157	0.9157	0.9157	0.9157	0.9157	0.9157	0.9157	0.9157	0.9157	0.9157	0.9157	0.9157	0.9157	0.9157	0.9157	0.9157	0.9157	0.9157	0.9157	0.9157	0.9157	0.847	0.9157	0.9157	0.9157	0.9157	0.9157	0.9157	0.9157	0.9676	0.9676	0.9676	0.9676	0.9676	0.9676	0.9676	0.9676	0.9676	0.9676	0.9676	0.9676	0.9676	0.9676	0.9676	0.9676	0.9676	0.9676	0.9676	0.9676	0.9676	0.9676	0.9676	0.9676	0.9676	0.9676	0.9676	0.9676	0.9676	0.9676	0.9676	0.9676	0.9676	0.9676	0.9676	0.9676	0.9676	0.9676	0.9676	0.9676	0.9676	0.9676	0.9676	0.9676	0.9676	0.9676	0.9676	0.9676	0.9676	0.9676	0.9676	0.9676	0.9676	0.9676	0.9676	0.9676	0.9676	0.9676	0.9676	0.9676	0.9676	0.9676	0.9676	0.9676	0.9676	0.9676	0.9676	0.9676	0.9676	0.9676	0.9676	0.9676	0.9676	0.9676	0.9676	0.9676	0.9676	0.9676	0.9676	0.9676	0.9676
6	0.8834	0.8834	0.8834	0.8834	0.8834	0.7777	0.7777	0.7777	0.7777	0.7777	0.7777	0.7777	0.7777	0.7777	0.7777	0.7777	0.7777	0.7777	0.8893	0.8893	0.8893	0.8893	0.8893	0.8893	0.8893	0.8893	0.8893	0.8893	0.8893	0.8893	0.8893	0.8893	0.8893	0.8893	0.8893	0.8893	0.8893	0.8893	0.8893	0.8893	0.8893	0.8893	0.8893	0.8893	0.8893	0.8893	0.8893	0.8893	0.8893	0.8893	0.8893	0.8893	0.8893	0.8893	0.8893	0.8893	0.8893	0.8893	0.8893	0.8893	0.8893	0.8893	0.8893	0.8893	0.8893	0.8893	0.8893	0.8893	0.8893	0.8893	0.8893	0.8893	0.8893	0.8893	0.8893	0.8893	0.8893	0.8893	0.8893	0.8893	0.8893	0.8893	0.8893	0.8893	0.8893	0.8893	0.8893	0.8893	0.8893	0.8893	0.8893	0.8893	0.8893	0.5291	0.8893	0.8893	0.8893	0.8893	0.8893	0.8893	0.8893	0.8893	0.8893	0.8893	0.8893	0.8893	0.8893	0.8893	0.8893	0.8893	0.8893	0.8893	0.8893	0.8893	0.8893	0.8893	0.8893	0.8893	0.8893	0.8893	0.8893	0.8893	0.8893	0.8893	0.8893	0.8893	0.8893	0.8893	0.8893	0.8893	0.8893	0.8893	0.8893	0.8893	0.8893	0.8893	0.8893	0.8893	0.8893	0.8893	0.8893	0.8893	0.8893	0.8893	0.8893	0.8893	0.8893	0.8893	0.8893	0.8893	0.8893	0.8893	0.8893	0.8893	0.5291	0.8893	0.8893	0.8893	0.8893	0.8893	0.8893	0.8893	0.8893	0.8893	0.8893	0.8893	0.8893	0.8893	0.8893	0.8893	0.8893	0.8893	0.8893	0.8893	0.8893	0.8893	0.8893	0.8893	0.8893	0.8893	0.8893	0.8893	0.8893	0.8893	0.8893	0.8893	0.8893	0.8893	0.8893	0.8893	0.8893	0.8893	0.8893	0.8893	0.8893	0.8893	0.8893	0.8893	0.8893	0.8893	0.8893	0.8893	0.8893	0.8893	0.8893	0.8893	0.8893	0.8893	0.8893	0.8893	0.8893	0.8893	0.8893	0.8893	0.8893	0.8893	0.8893	0.8893	0.8893	0.8893	0.8893	0.8893	0.8893	0.8893	0.8893	0.8893	0.8893	0.8893	0.8893	0.8893	0.8893	0.8893	0.8893	0.8893	0.8893	0.8893	0.8893	0.8893	0.8893	0.8893	0.8893	0.8893	0.8893	0.8893	0.8893	0.8893	0.8893	0.8893	0.8893	0.8893	0.8893	0.8893	0.8893	0.8893	0.8893	0.8893	0.8893	0.8893	0.8893	0.8893	0.8893	0.8893	0.8893	0.8893	0.8893	0.8893	0.8893	0.8893	0.8893	0.8893	0.8893	0.8893	0.8893	0.8893	0.8893	0.8893	0.8893	0.8893	0.8893	0.8893	0.8893	0.8893	0.8893	0.8893	0.8893	0.8893	0.8893	0.8893	0.8893	0.8893	0.8893	0.8893	0.8893	0.8893	0.8893	0.8893	0.8893	0.8893	0.8893	0.8893	0.8893	0.8893	0.8893	0.8893	0.8893	0.8893	0.8893	0.8893	0.8893	0.8893	0.8893	0.8893	0.8893	0.8893	0.8893	0.8893	0.8893	0.8893	0.8893	0.8893	0.8893	0.8893	0.8893	0.8893	0.8893	0.8893	0.8893	0.8893	0.8893	0.8893	0.8893	0.8893	0.8893	0.8893	0.8893	0.8893	0.8893	0.8893	0.8893	0.8893	0.8893	0.8893	0.8893	0.8893	0.8893	0.8893	0.8893	0.8893	0.8893	0.8893	0.8893	0.8893	0.8893	0.8893	0.8893	0.8893	0.8893	0.8893	0.8893	0.8893	0.8893	0.8893	0.8893	0.8893	0.8893	0.8893	0.8893	0.8893	0.8893	0.8893	0.8893	0.8893	0.8893	0.8893	0.8893	0.8893	0.8893	0.8893	0.8893	0.8893	0.8893	0.8893	0.8893	0.8893	0.8893	0.8893	0.8893	0.8893	0.8893	0.8893	0.8893	0.8893	0.8893	0.8893	0.8893	0.8893	0.8893	0.8893	0.8893	0.8893	0.8893	0.8893	0.8893	0.8893	0.8893	0.8893	0.8893	0.8893	0.8893	0.8893	0.5291	0.8893	0.8893	0.8893	0.8893	0.8893	0.8893	0.8893	0.8893	0.8893	0.8893	0.8893	0.8893	0.8893	0.8893	0.8893	0.8893	0.8893	0.8893	0.8893	0.8893	0.8893	0.8893	0.8893	0.8893	0.8893	0.8893	0.8893	0.8893	0.8893	0.8893	0.8893	0.8893	0.8893	0.5291	0.8893	0.8893	0.8893	0.8893	0.8893	0.8893	0.8893	0.8893	0.8893	0.8893	0.8893	0.8893	0.8893	0.8893	0.8893	0.8893	0.8893	0.8893	0.8893	0.8893	0.8893	0.8893	0.8893	0.8893	0.8893	0.8893	0.8893	0.8893	0.8893	0.8893	0.8893	0.8893	0.8893	0.8893	0.8893	0.8893	0.8893	0.8893	0.8893	0.8893	0.8893	0.8893	0.8893	0.8893	0.8893	0.8893	0.8893	0.8893	0.8893	0.8893	0.8893	0.8893	0.8893	0.8893	0.8893	0.8893	0.8893	0.8893	0.8893	0.8893	0.8893	0.8893	0.8893	0.8893	0.8893	0.8893	0.5291	0.8893	0.8893	0.8893	0.8893	0.8893	0.8893	0.8893	0.9637	0.9637	0.9637	0.9637	0.9637	0.9637	0.9637	0.9637	0.9637	0.9637	0.9637	0.9637	0.9637	0.9637	0.9637	0.9637	0.9637	0.9637	0.9637	0.9637	0.9637	0.9637	0.9637	0.9637	0.9637	0.9637	0.9637	0.9637	0.9637	0.9637	0.9637	0.9637	0.9637	0.9637	0.9637	0.9637	0.9637	0.9637	0.9637	0.9637	0.9637	0.9637	0.9637	0.9637	0.9637	0.9637	0.9637	0.9637	0.9637	0.9637	0.9637	0.9637	0.9637	0.9637	0.9637	0.9637	0.9637	0.9637	0.9637	0.9637	0.9637	0.9637	0.9637	0.9637	0.9637	0.9637	0.9637	0.9637	0.9637	0.9637	0.9637	0.9637	0.9637	0.9637	0.9637	0.9637	0.9637	0.9637	0.9637	0.9637	0.9637
7	0.0818	0.0818	0.0818	0.0818	0.0818	0.0311	0.0311	0.0311	0.0311	0.0311	0.0311	0.0311	0.0311	0.0311	0.0311	0.0311	0.0311	0.0311	0.0123	0.0123	0.0123	0.0123	0.0123	0.0123	0.0123	0.0123	0.0123	0.0123	0.0123	0.0123	0.0123	0.0123	0.0123	0.0123	0.0123	0.0123	0.0123	0.0123	0.0123	0.0123	0.0123	0.0123	0.0123	0.0123	0.0123	0.0123	0.0123	0.0123	0.0123	0.0123	0.0123	0.0123	0.0123	0.0123	0.0123	0.0123	0.0123	0.0123	0.0123	0.0123	0.0123	0.0123	0.0123	0.0123	0.0123	0.0123	0.0123	0.0123	0.0123	0.0123	0.0123	0.0123	0.0123	0.0123	0.0123	0.0123	0.0123	0.0123	0.0123	0.0123	0.0123	0.0123	0.0123	0.0123	0.0123	0.0123	0.0123	0.0123	0.0123	0.0123	0.0123	0.0123	0.0123	0.0152	0.0123	0.0123	0.0123	0.0123	0.0123	0.0123	0.0123	0.0123	0.0123	0.0123	0.0123	0.0123	0.0123	0.0123	0.0123	0.0123	0.0123	0.0123	0.0123	0.0123	0.0123	0.0123	0.0123	0.0123	0.0123	0.0123	0.0123	0.0123	0.0123	0.0123	0.0123	0.0123	0.0123	0.0123	0.0123	0.0123	0.0123	0.0123	0.0123	0.0123	0.0123	0.0123	0.0123	0.0123	0.0123	0.0123	0.0123	0.0123	0.0123	0.0123	0.0123	0.0123	0.0123	0.0123	0.0123	0.0123	0.0123	0.0123	0.0123	0.0123	0.0152	0.0123	0.0123	0.0123	0.0123	0.0123	0.0123	0.0123	0.0123	0.0123	0.0123	0.0123	0.0123	0.0123	0.0123	0.0123	0.0123	0.0123	0.0123	0.0123	0.0123	0.0123	0.0123	0.0123	0.0123	0.0123	0.0123	0.0123	0.0123	0.0123	0.0123	0.0123	0.0123	0.0123	0.0123	0.0123	0.0123	0.0123	0.0123	0.0123	0.0123	0.0123	0.0123	0.0123	0.0123	0.0123	0.0123	0.0123	0.0123	0.0123	0.0123	0.0123	0.0123	0.0123	0.0123	0.0123	0.0123	0.0123	0.0123	0.0123	0.0123	0.0123	0.0123	0.0123	0.0123	0.0123	0.0123	0.0123	0.0123	0.0123	0.0123	0.0123	0.0123	0.0123	0.0123	0.0123	0.0123	0.0123	0.0123	0.0123	0.0123	0.0123	0.0123	0.0123	0.0123	0.0123	0.0123	0.0123	0.0123	0.0123	0.0123	0.0123	0.0123	0.0123	0.0123	0.0123	0.0123	0.0123	0.0123	0.0123	0.0123	0.0123	0.0123	0.0123	0.0123	0.0123	0.0123	0.0123	0.0123	0.0123	0.0123	0.0123	0.0123	0.0123	0.0123	0.0123	0.0123	0.0123	0.0123	0.0123	0.0123	0.0123	0.0123	0.0123	0.0123	0.0123	0.0123	0.0123	0.0123	0.0123	0.0123	0.0123	0.0123	0.0123	0.0123	0.0123	0.0123	0.0123	0.0123	0.0123	0.0123	0.0123	0.0123	0.0123	0.0123	0.0123	0.0123	0.0123	0.0123	0.0123	0.0123	0.0123	0.0123	0.0123	0.0123	0.0123	0.0123	0.0123	0.0123	0.0123	0.0123	0.0123	0.0123	0.0123	0.0123	0.0123	0.0123	0.0123	0.0123	0.0123	0.0123	0.0123	0.0123	0.0123	0.0123	0.0123	0.0123	0.0123	0.0123	0.0123	0.0123	0.0123	0.0123	0.0123	0.0123	0.0123	0.0123	0.0123	0.0123	0.0123	0.0123	0.0123	0.0123	0.0123	0.0123	0.0123	0.0123	0.0123	0.0123	0.0123	0.0123	0.0123	0.0123	0.0123	0.0123	0.0123	0.0123	0.0123	0.0123	0.0123	0.0123	0.0123	0.0123	0.0123	0.0123	0.0123	0.0123	0.0123	0.0123	0.0123	0.0123	0.0123	0.0123	0.0123	0.0123	0.0123	0.0123	0.0123	0.0123	0.0123	0.0123	0.0123	0.0123	0.0123	0.0123	0.0123	0.0123	0.0123	0.0123	0.0123	0.0123	0.0123	0.0123	0.0123	0.0123	0.0123	0.0123	0.0123	0.0123	0.0123	0.0123	0.0123	0.0123	0.0123	0.0123	0.0123	0.0152	0.0123	0.0123	0.0123	0.0123	0.0123	0.0123	0.0123	0.0123	0.0123	0.0123	0.0123	0.0123	0.0123	0.0123	0.0123	0.0123	0.0123	0.0123	0.0123	0.0123	0.0123	0.0123	0.0123	0.0123	0.0123	0.0123	0.0123	0.0123	0.0123	0.0123	0.0123	0.0123	0.0123	0.0152	0.0123	0.0123	0.0123	0.0123	0.0123	0.0123	0.0123	0.0123	0.0123	0.0123	0.0123	0.0123	0.0123	0.0123	0.0123	0.0123	0.0123	0.0123	0.0123	0.0123	0.0123	0.0123	0.0123	0.0123	0.0123	0.0123	0.0123	0.0123	0.0123	0.0123	0.0123	0.0123	0.0123	0.0123	0.0123	0.0123	0.0123	0.0123	0.0123	0.0123	0.0123	0.0123	0.0123	0.0123	0.0123	0.0123	0.0123	0.0123	0.0123	0.0123	0.0123	0.0123	0.0123	0.0123	0.0123	0.0123	0.0123	0.0123	0.0123	0.0123	0.0123	0.0123	0.0123	0.0123	0.0123	0.0123	0.0152	0.0123	0.0123	0.0123	0.0123	0.0123	0.0123	0.0123	0.0205	0.0205	0.0205	0.0205	0.0205	0.0205	0.0205	0.0205	0.0205	0.0205	0.0205	0.0205	0.0205	0.0205	0.0205	0.0205	0.0205	0.0205	0.0205	0.0205	0.0205	0.0205	0.0205	0.0205	0.0205	0.0205	0.0205	0.0205	0.0205	0.0205	0.0205	0.0205	0.0205	0.0205	0.0205	0.0205	0.0205	0.0205	0.0205	0.0205	0.0205	0.0205	0.0205	0.0205	0.0205	0.0205	0.0205	0.0205	0.0205	0.0205	0.0205	0.0205	0.0205	0.0205	0.0205	0.0205	0.0205	0.0205	0.0205	0.0205	0.0205	0.0205	0.0205	0.0205	0.0205	0.0205	0.0205	0.0205	0.0205	0.0205	0.0205	0.0205	0.0205	0.0205	0.0205	0.0205	0.0205	0.0205	0.0205	0.0205	0.0205
8	0.0559	0.0559	0.0559	0.0559	0.0559	0.0225	0.0225	0.0225	0.0225	0.0225	0.0225	0.0225	0.0225	0.0225	0.0225	0.0225	0.0225	0.0225	0.006	0.006	0.006	0.006	0.006	0.006	0.006	0.006	0.006	0.006	0.006	0.006	0.006	0.006	0.006	0.006	0.006	0.006	0.006	0.006	0.006	0.006	0.006	0.006	0.006	0.006	0.006	0.006	0.006	0.006	0.006	0.006	0.006	0.006	0.006	0.006	0.006	0.006	0.006	0.006	0.006	0.006	0.006	0.006	0.006	0.006	0.006	0.006	0.006	0.006	0.006	0.006	0.006	0.006	0.006	0.006	0.006	0.006	0.006	0.006	0.006	0.006	0.006	0.006	0.006	0.006	0.006	0.006	0.006	0.006	0.006	0.006	0.006	0.006	0.006	0.0122	0.006	0.006	0.006	0.006	0.006	0.006	0.006	0.006	0.006	0.006	0.006	0.006	0.006	0.006	0.006	0.006	0.006	0.006	0.006	0.006	0.006	0.006	0.006	0.006	0.006	0.006	0.006	0.006	0.006	0.006	0.006	0.006	0.006	0.006	0.006	0.006	0.006	0.006	0.006	0.006	0.006	0.006	0.006	0.006	0.006	0.006	0.006	0.006	0.006	0.006	0.006	0.006	0.006	0.006	0.006	0.006	0.006	0.006	0.006	0.006	0.0122	0.006	0.006	0.006	0.006	0.006	0.006	0.006	0.006	0.006	0.006	0.006	0.006	0.006	0.006	0.006	0.006	0.006	0.006	0.006	0.006	0.006	0.006	0.006	0.006	0.006	0.006	0.006	0.006	0.006	0.006	0.006	0.006	0.006	0.006	0.006	0.006	0.006	0.006	0.006	0.006	0.006	0.006	0.006	0.006	0.006	0.006	0.006	0.006	0.006	0.006	0.006	0.006	0.006	0.006	0.006	0.006	0.006	0.006	0.006	0.006	0.006	0.006	0.006	0.006	0.006	0.006	0.006	0.006	0.006	0.006	0.006	0.006	0.006	0.006	0.006	0.006	0.006	0.006	0.006	0.006	0.006	0.006	0.006	0.006	0.006	0.006	0.006	0.006	0.006	0.006	0.006	0.006	0.006	0.006	0.006	0.006	0.006	0.006	0.006	0.006	0.006	0.006	0.006	0.006	0.006	0.006	0.006	0.006	0.006	0.006	0.006	0.006	0.006	0.006	0.006	0.006	0.006	0.006	0.006	0.006	0.006	0.006	0.006	0.006	0.006	0.006	0.006	0.006	0.006	0.006	0.006	0.006	0.006	0.006	0.006	0.006	0.006	0.006	0.006	0.006	0.006	0.006	0.006	0.006	0.006	0.006	0.006	0.006	0.006	0.006	0.006	0.006	0.006	0.006	0.006	0.006	0.006	0.006	0.006	0.006	0.006	0.006	0.006	0.006	0.006	0.006	0.006	0.006	0.006	0.006	0.006	0.006	0.006	0.006	0.006	0.006	0.006	0.006	0.006	0.006	0.006	0.006	0.006	0.006	0.006	0.006	0.006	0.006	0.006	0.006	0.006	0.006	0.006	0.006	0.006	0.006	0.006	0.006	0.006	0.006	0.006	0.006	0.006	0.006	0.006	0.006	0.006	0.006	0.006	0.006	0.006	0.006	0.006	0.006	0.006	0.006	0.006	0.006	0.006	0.006	0.006	0.006	0.006	0.006	0.006	0.006	0.006	0.006	0.006	0.006	0.006	0.006	0.006	0.006	0.006	0.006	0.006	0.006	0.006	0.006	0.006	0.006	0.006	0.006	0.006	0.006	0.006	0.006	0.006	0.006	0.006	0.006	0.006	0.006	0.006	0.0122	0.006	0.006	0.006	0.006	0.006	0.006	0.006	0.006	0.006	0.006	0.006	0.006	0.006	0.006	0.006	0.006	0.006	0.006	0.006	0.006	0.006	0.006	0.006	0.006	0.006	0.006	0.006	0.006	0.006	0.006	0.006	0.006	0.006	0.0122	0.006	0.006	0.006	0.006	0.006	0.006	0.006	0.006	0.006	0.006	0.006	0.006	0.006	0.006	0.006	0.006	0.006	0.006	0.006	0.006	0.006	0.006	0.006	0.006	0.006	0.006	0.006	0.006	0.006	0.006	0.006	0.006	0.006	0.006	0.006	0.006	0.006	0.006	0.006	0.006	0.006	0.006	0.006	0.006	0.006	0.006	0.006	0.006	0.006	0.006	0.006	0.006	0.006	0.006	0.006	0.006	0.006	0.006	0.006	0.006	0.006	0.006	0.006	0.006	0.006	0.006	0.0122	0.006	0.006	0.006	0.006	0.006	0.006	0.006	0.0045	0.0045	0.0045	0.0045	0.0045	0.0045	0.0045	0.0045	0.0045	0.0045	0.0045	0.0045	0.0045	0.0045	0.0045	0.0045	0.0045	0.0045	0.0045	0.0045	0.0045	0.0045	0.0045	0.0045	0.0045	0.0045	0.0045	0.0045	0.0045	0.0045	0.0045	0.0045	0.0045	0.0045	0.0045	0.0045	0.0045	0.0045	0.0045	0.0045	0.0045	0.0045	0.0045	0.0045	0.0045	0.0045	0.0045	0.0045	0.0045	0.0045	0.0045	0.0045	0.0045	0.0045	0.0045	0.0045	0.0045	0.0045	0.0045	0.0045	0.0045	0.0045	0.0045	0.0045	0.0045	0.0045	0.0045	0.0045	0.0045	0.0045	0.0045	0.0045	0.0045	0.0045	0.0045	0.0045	0.0045	0.0045	0.0045	0.0045	0.0045
9	0.0673	0.0673	0.0673	0.0673	0.0673	0.0382	0.0382	0.0382	0.0382	0.0382	0.0382	0.0382	0.0382	0.0382	0.0382	0.0382	0.0382	0.0382	0.0123	0.0123	0.0123	0.0123	0.0123	0.0123	0.0123	0.0123	0.0123	0.0123	0.0123	0.0123	0.0123	0.0123	0.0123	0.0123	0.0123	0.0123	0.0123	0.0123	0.0123	0.0123	0.0123	0.0123	0.0123	0.0123	0.0123	0.0123	0.0123	0.0123	0.0123	0.0123	0.0123	0.0123	0.0123	0.0123	0.0123	0.0123	0.0123	0.0123	0.0123	0.0123	0.0123	0.0123	0.0123	0.0123	0.0123	0.0123	0.0123	0.0123	0.0123	0.0123	0.0123	0.0123	0.0123	0.0123	0.0123	0.0123	0.0123	0.0123	0.0123	0.0123	0.0123	0.0123	0.0123	0.0123	0.0123	0.0123	0.0123	0.0123	0.0123	0.0123	0.0123	0.0123	0.0123	0.0121	0.0123	0.0123	0.0123	0.0123	0.0123	0.0123	0.0123	0.0123	0.0123	0.0123	0.0123	0.0123	0.0123	0.0123	0.0123	0.0123	0.0123	0.0123	0.0123	0.0123	0.0123	0.0123	0.0123	0.0123	0.0123	0.0123	0.0123	0.0123	0.0123	0.0123	0.0123	0.0123	0.0123	0.0123	0.0123	0.0123	0.0123	0.0123	0.0123	0.0123	0.0123	0.0123	0.0123	0.0123	0.0123	0.0123	0.0123	0.0123	0.0123	0.0123	0.0123	0.0123	0.0123	0.0123	0.0123	0.0123	0.0123	0.0123	0.0123	0.0123	0.0121	0.0123	0.0123	0.0123	0.0123	0.0123	0.0123	0.0123	0.0123	0.0123	0.0123	0.0123	0.0123	0.0123	0.0123	0.0123	0.0123	0.0123	0.0123	0.0123	0.0123	0.0123	0.0123	0.0123	0.0123	0.0123	0.0123	0.0123	0.0123	0.0123	0.0123	0.0123	0.0123	0.0123	0.0123	0.0123	0.0123	0.0123	0.0123	0.0123	0.0123	0.0123	0.0123	0.0123	0.0123	0.0123	0.0123	0.0123	0.0123	0.0123	0.0123	0.0123	0.0123	0.0123	0.0123	0.0123	0.0123	0.0123	0.0123	0.0123	0.0123	0.0123	0.0123	0.0123	0.0123	0.0123	0.0123	0.0123	0.0123	0.0123	0.0123	0.0123	0.0123	0.0123	0.0123	0.0123	0.0123	0.0123	0.0123	0.0123	0.0123	0.0123	0.0123	0.0123	0.0123	0.0123	0.0123	0.0123	0.0123	0.0123	0.0123	0.0123	0.0123	0.0123	0.0123	0.0123	0.0123	0.0123	0.0123	0.0123	0.0123	0.0123	0.0123	0.0123	0.0123	0.0123	0.0123	0.0123	0.0123	0.0123	0.0123	0.0123	0.0123	0.0123	0.0123	0.0123	0.0123	0.0123	0.0123	0.0123	0.0123	0.0123	0.0123	0.0123	0.0123	0.0123	0.0123	0.0123	0.0123	0.0123	0.0123	0.0123	0.0123	0.0123	0.0123	0.0123	0.0123	0.0123	0.0123	0.0123	0.0123	0.0123	0.0123	0.0123	0.0123	0.0123	0.0123	0.0123	0.0123	0.0123	0.0123	0.0123	0.0123	0.0123	0.0123	0.0123	0.0123	0.0123	0.0123	0.0123	0.0123	0.0123	0.0123	0.0123	0.0123	0.0123	0.0123	0.0123	0.0123	0.0123	0.0123	0.0123	0.0123	0.0123	0.0123	0.0123	0.0123	0.0123	0.0123	0.0123	0.0123	0.0123	0.0123	0.0123	0.0123	0.0123	0.0123	0.0123	0.0123	0.0123	0.0123	0.0123	0.0123	0.0123	0.0123	0.0123	0.0123	0.0123	0.0123	0.0123	0.0123	0.0123	0.0123	0.0123	0.0123	0.0123	0.0123	0.0123	0.0123	0.0123	0.0123	0.0123	0.0123	0.0123	0.0123	0.0123	0.0123	0.0123	0.0123	0.0123	0.0123	0.0123	0.0123	0.0123	0.0123	0.0123	0.0123	0.0123	0.0123	0.0123	0.0123	0.0123	0.0123	0.0123	0.0123	0.0123	0.0123	0.0123	0.0123	0.0123	0.0123	0.0123	0.0123	0.0123	0.0123	0.0123	0.0123	0.0123	0.0123	0.0123	0.0123	0.0123	0.0123	0.0123	0.0123	0.0123	0.0121	0.0123	0.0123	0.0123	0.0123	0.0123	0.0123	0.0123	0.0123	0.0123	0.0123	0.0123	0.0123	0.0123	0.0123	0.0123	0.0123	0.0123	0.0123	0.0123	0.0123	0.0123	0.0123	0.0123	0.0123	0.0123	0.0123	0.0123	0.0123	0.0123	0.0123	0.0123	0.0123	0.0123	0.0121	0.0123	0.0123	0.0123	0.0123	0.0123	0.0123	0.0123	0.0123	0.0123	0.0123	0.0123	0.0123	0.0123	0.0123	0.0123	0.0123	0.0123	0.0123	0.0123	0.0123	0.0123	0.0123	0.0123	0.0123	0.0123	0.0123	0.0123	0.0123	0.0123	0.0123	0.0123	0.0123	0.0123	0.0123	0.0123	0.0123	0.0123	0.0123	0.0123	0.0123	0.0123	0.0123	0.0123	0.0123	0.0123	0.0123	0.0123	0.0123	0.0123	0.0123	0.0123	0.0123	0.0123	0.0123	0.0123	0.0123	0.0123	0.0123	0.0123	0.0123	0.0123	0.0123	0.0123	0.0123	0.0123	0.0123	0.0121	0.0123	0.0123	0.0123	0.0123	0.0123	0.0123	0.0123	0.0046	0.0046	0.0046	0.0046	0.0046	0.0046	0.0046	0.0046	0.0046	0.0046	0.0046	0.0046	0.0046	0.0046	0.0046	0.0046	0.0046	0.0046	0.0046	0.0046	0.0046	0.0046	0.0046	0.0046	0.0046	0.0046	0.0046	0.0046	0.0046	0.0046	0.0046	0.0046	0.0046	0.0046	0.0046	0.0046	0.0046	0.0046	0.0046	0.0046	0.0046	0.0046	0.0046	0.0046	0.0046	0.0046	0.0046	0.0046	0.0046	0.0046	0.0046	0.0046	0.0046	0.0046	0.0046	0.0046	0.0046	0.0046	0.0046	0.0046	0.0046	0.0046	0.0046	0.0046	0.0046	0.0046	0.0046	0.0046	0.0046	0.0046	0.0046	0.0046	0.0046	0.0046	0.0046	0.0046	0.0046	0.0046	0.0046	0.0046	0.0046
10	0.0686	0.0686	0.0686	0.0686	0.0686	0.0309	0.0309	0.0309	0.0309	0.0309	0.0309	0.0309	0.0309	0.0309	0.0309	0.0309	0.0309	0.0309	0.0234	0.0234	0.0234	0.0234	0.0234	0.0234	0.0234	0.0234	0.0234	0.0234	0.0234	0.0234	0.0234	0.0234	0.0234	0.0234	0.0234	0.0234	0.0234	0.0234	0.0234	0.0234	0.0234	0.0234	0.0234	0.0234	0.0234	0.0234	0.0234	0.0234	0.0234	0.0234	0.0234	0.0234	0.0234	0.0234	0.0234	0.0234	0.0234	0.0234	0.0234	0.0234	0.0234	0.0234	0.0234	0.0234	0.0234	0.0234	0.0234	0.0234	0.0234	0.0234	0.0234	0.0234	0.0234	0.0234	0.0234	0.0234	0.0234	0.0234	0.0234	0.0234	0.0234	0.0234	0.0234	0.0234	0.0234	0.0234	0.0234	0.0234	0.0234	0.0234	0.0234	0.0234	0.0234	0.0221	0.0234	0.0234	0.0234	0.0234	0.0234	0.0234	0.0234	0.0234	0.0234	0.0234	0.0234	0.0234	0.0234	0.0234	0.0234	0.0234	0.0234	0.0234	0.0234	0.0234	0.0234	0.0234	0.0234	0.0234	0.0234	0.0234	0.0234	0.0234	0.0234	0.0234	0.0234	0.0234	0.0234	0.0234	0.0234	0.0234	0.0234	0.0234	0.0234	0.0234	0.0234	0.0234	0.0234	0.0234	0.0234	0.0234	0.0234	0.0234	0.0234	0.0234	0.0234	0.0234	0.0234	0.0234	0.0234	0.0234	0.0234	0.0234	0.0234	0.0234	0.0221	0.0234	0.0234	0.0234	0.0234	0.0234	0.0234	0.0234	0.0234	0.0234	0.0234	0.0234	0.0234	0.0234	0.0234	0.0234	0.0234	0.0234	0.0234	0.0234	0.0234	0.0234	0.0234	0.0234	0.0234	0.0234	0.0234	0.0234	0.0234	0.0234	0.0234	0.0234	0.0234	0.0234	0.0234	0.0234	0.0234	0.0234	0.0234	0.0234	0.0234	0.0234	0.0234	0.0234	0.0234	0.0234	0.0234	0.0234	0.0234	0.0234	0.0234	0.0234	0.0234	0.0234	0.0234	0.0234	0.0234	0.0234	0.0234	0.0234	0.0234	0.0234	0.0234	0.0234	0.0234	0.0234	0.0234	0.0234	0.0234	0.0234	0.0234	0.0234	0.0234	0.0234	0.0234	0.0234	0.0234	0.0234	0.0234	0.0234	0.0234	0.0234	0.0234	0.0234	0.0234	0.0234	0.0234	0.0234	0.0234	0.0234	0.0234	0.0234	0.0234	0.0234	0.0234	0.0234	0.0234	0.0234	0.0234	0.0234	0.0234	0.0234	0.0234	0.0234	0.0234	0.0234	0.0234	0.0234	0.0234	0.0234	0.0234	0.0234	0.0234	0.0234	0.0234	0.0234	0.0234	0.0234	0.0234	0.0234	0.0234	0.0234	0.0234	0.0234	0.0234	0.0234	0.0234	0.0234	0.0234	0.0234	0.0234	0.0234	0.0234	0.0234	0.0234	0.0234	0.0234	0.0234	0.0234	0.0234	0.0234	0.0234	0.0234	0.0234	0.0234	0.0234	0.0234	0.0234	0.0234	0.0234	0.0234	0.0234	0.0234	0.0234	0.0234	0.0234	0.0234	0.0234	0.0234	0.0234	0.0234	0.0234	0.0234	0.0234	0.0234	0.0234	0.0234	0.0234	0.0234	0.0234	0.0234	0.0234	0.0234	0.0234	0.0234	0.0234	0.0234	0.0234	0.0234	0.0234	0.0234	0.0234	0.0234	0.0234	0.0234	0.0234	0.0234	0.0234	0.0234	0.0234	0.0234	0.0234	0.0234	0.0234	0.0234	0.0234	0.0234	0.0234	0.0234	0.0234	0.0234	0.0234	0.0234	0.0234	0.0234	0.0234	0.0234	0.0234	0.0234	0.0234	0.0234	0.0234	0.0234	0.0234	0.0234	0.0234	0.0234	0.0234	0.0234	0.0234	0.0234	0.0234	0.0234	0.0234	0.0234	0.0234	0.0234	0.0234	0.0234	0.0234	0.0234	0.0234	0.0234	0.0234	0.0234	0.0234	0.0234	0.0234	0.0234	0.0234	0.0234	0.0234	0.0234	0.0234	0.0234	0.0234	0.0234	0.0234	0.0234	0.0234	0.0234	0.0234	0.0234	0.0234	0.0234	0.0234	0.0221	0.0234	0.0234	0.0234	0.0234	0.0234	0.0234	0.0234	0.0234	0.0234	0.0234	0.0234	0.0234	0.0234	0.0234	0.0234	0.0234	0.0234	0.0234	0.0234	0.0234	0.0234	0.0234	0.0234	0.0234	0.0234	0.0234	0.0234	0.0234	0.0234	0.0234	0.0234	0.0234	0.0234	0.0221	0.0234	0.0234	0.0234	0.0234	0.0234	0.0234	0.0234	0.0234	0.0234	0.0234	0.0234	0.0234	0.0234	0.0234	0.0234	0.0234	0.0234	0.0234	0.0234	0.0234	0.0234	0.0234	0.0234	0.0234	0.0234	0.0234	0.0234	0.0234	0.0234	0.0234	0.0234	0.0234	0.0234	0.0234	0.0234	0.0234	0.0234	0.0234	0.0234	0.0234	0.0234	0.0234	0.0234	0.0234	0.0234	0.0234	0.0234	0.0234	0.0234	0.0234	0.0234	0.0234	0.0234	0.0234	0.0234	0.0234	0.0234	0.0234	0.0234	0.0234	0.0234	0.0234	0.0234	0.0234	0.0234	0.0234	0.0221	0.0234	0.0234	0.0234	0.0234	0.0234	0.0234	0.0234	0.005	0.005	0.005	0.005	0.005	0.005	0.005	0.005	0.005	0.005	0.005	0.005	0.005	0.005	0.005	0.005	0.005	0.005	0.005	0.005	0.005	0.005	0.005	0.005	0.005	0.005	0.005	0.005	0.005	0.005	0.005	0.005	0.005	0.005	0.005	0.005	0.005	0.005	0.005	0.005	0.005	0.005	0.005	0.005	0.005	0.005	0.005	0.005	0.005	0.005	0.005	0.005	0.005	0.005	0.005	0.005	0.005	0.005	0.005	0.005	0.005	0.005	0.005	0.005	0.005	0.005	0.005	0.005	0.005	0.005	0.005	0.005	0.005	0.005	0.005	0.005	0.005	0.005	0.005	0.005	0.005
11	0.057	0.057	0.057	0.057	0.057	0.0301	0.0301	0.0301	0.0301	0.0301	0.0301	0.0301	0.0301	0.0301	0.0301	0.0301	0.0301	0.0301	0.0134	0.0134	0.0134	0.0134	0.0134	0.0134	0.0134	0.0134	0.0134	0.0134	0.0134	0.0134	0.0134	0.0134	0.0134	0.0134	0.0134	0.0134	0.0134	0.0134	0.0134	0.0134	0.0134	0.0134	0.0134	0.0134	0.0134	0.0134	0.0134	0.0134	0.0134	0.0134	0.0134	0.0134	0.0134	0.0134	0.0134	0.0134	0.0134	0.0134	0.0134	0.0134	0.0134	0.0134	0.0134	0.0134	0.0134	0.0134	0.0134	0.0134	0.0134	0.0134	0.0134	0.0134	0.0134	0.0134	0.0134	0.0134	0.0134	0.0134	0.0134	0.0134	0.0134	0.0134	0.0134	0.0134	0.0134	0.0134	0.0134	0.0134	0.0134	0.0134	0.0134	0.0134	0.0134	0.0095	0.0134	0.0134	0.0134	0.0134	0.0134	0.0134	0.0134	0.0134	0.0134	0.0134	0.0134	0.0134	0.0134	0.0134	0.0134	0.0134	0.0134	0.0134	0.0134	0.0134	0.0134	0.0134	0.0134	0.0134	0.0134	0.0134	0.0134	0.0134	0.0134	0.0134	0.0134	0.0134	0.0134	0.0134	0.0134	0.0134	0.0134	0.0134	0.0134	0.0134	0.0134	0.0134	0.0134	0.0134	0.0134	0.0134	0.0134	0.0134	0.0134	0.0134	0.0134	0.0134	0.0134	0.0134	0.0134	0.0134	0.0134	0.0134	0.0134	0.0134	0.0095	0.0134	0.0134	0.0134	0.0134	0.0134	0.0134	0.0134	0.0134	0.0134	0.0134	0.0134	0.0134	0.0134	0.0134	0.0134	0.0134	0.0134	0.0134	0.0134	0.0134	0.0134	0.0134	0.0134	0.0134	0.0134	0.0134	0.0134	0.0134	0.0134	0.0134	0.0134	0.0134	0.0134	0.0134	0.0134	0.0134	0.0134	0.0134	0.0134	0.0134	0.0134	0.0134	0.0134	0.0134	0.0134	0.0134	0.0134	0.0134	0.0134	0.0134	0.0134	0.0134	0.0134	0.0134	0.0134	0.0134	0.0134	0.0134	0.0134	0.0134	0.0134	0.0134	0.0134	0.0134	0.0134	0.0134	0.0134	0.0134	0.0134	0.0134	0.0134	0.0134	0.0134	0.0134	0.0134	0.0134	0.0134	0.0134	0.0134	0.0134	0.0134	0.0134	0.0134	0.0134	0.0134	0.0134	0.0134	0.0134	0.0134	0.0134	0.0134	0.0134	0.0134	0.0134	0.0134	0.0134	0.0134	0.0134	0.0134	0.0134	0.0134	0.0134	0.0134	0.0134	0.0134	0.0134	0.0134	0.0134	0.0134	0.0134	0.0134	0.0134	0.0134	0.0134	0.0134	0.0134	0.0134	0.0134	0.0134	0.0134	0.0134	0.0134	0.0134	0.0134	0.0134	0.0134	0.0134	0.0134	0.0134	0.0134	0.0134	0.0134	0.0134	0.0134	0.0134	0.0134	0.0134	0.0134	0.0134	0.0134	0.0134	0.0134	0.0134	0.0134	0.0134	0.0134	0.0134	0.0134	0.0134	0.0134	0.0134	0.0134	0.0134	0.0134	0.0134	0.0134	0.0134	0.0134	0.0134	0.0134	0.0134	0.0134	0.0134	0.0134	0.0134	0.0134	0.0134	0.0134	0.0134	0.0134	0.0134	0.0134	0.0134	0.0134	0.0134	0.0134	0.0134	0.0134	0.0134	0.0134	0.0134	0.0134	0.0134	0.0134	0.0134	0.0134	0.0134	0.0134	0.0134	0.0134	0.0134	0.0134	0.0134	0.0134	0.0134	0.0134	0.0134	0.0134	0.0134	0.0134	0.0134	0.0134	0.0134	0.0134	0.0134	0.0134	0.0134	0.0134	0.0134	0.0134	0.0134	0.0134	0.0134	0.0134	0.0134	0.0134	0.0134	0.0134	0.0134	0.0134	0.0134	0.0134	0.0134	0.0134	0.0134	0.0134	0.0134	0.0134	0.0134	0.0134	0.0134	0.0134	0.0134	0.0134	0.0134	0.0134	0.0134	0.0134	0.0134	0.0134	0.0134	0.0134	0.0134	0.0134	0.0134	0.0134	0.0134	0.0134	0.0134	0.0134	0.0134	0.0134	0.0134	0.0134	0.0134	0.0095	0.0134	0.0134	0.0134	0.0134	0.0134	0.0134	0.0134	0.0134	0.0134	0.0134	0.0134	0.0134	0.0134	0.0134	0.0134	0.0134	0.0134	0.0134	0.0134	0.0134	0.0134	0.0134	0.0134	0.0134	0.0134	0.0134	0.0134	0.0134	0.0134	0.0134	0.0134	0.0134	0.0134	0.0095	0.0134	0.0134	0.0134	0.0134	0.0134	0.0134	0.0134	0.0134	0.0134	0.0134	0.0134	0.0134	0.0134	0.0134	0.0134	0.0134	0.0134	0.0134	0.0134	0.0134	0.0134	0.0134	0.0134	0.0134	0.0134	0.0134	0.0134	0.0134	0.0134	0.0134	0.0134	0.0134	0.0134	0.0134	0.0134	0.0134	0.0134	0.0134	0.0134	0.0134	0.0134	0.0134	0.0134	0.0134	0.0134	0.0134	0.0134	0.0134	0.0134	0.0134	0.0134	0.0134	0.0134	0.0134	0.0134	0.0134	0.0134	0.0134	0.0134	0.0134	0.0134	0.0134	0.0134	0.0134	0.0134	0.0134	0.0095	0.0134	0.0134	0.0134	0.0134	0.0134	0.0134	0.0134	0.021	0.021	0.021	0.021	0.021	0.021	0.021	0.021	0.021	0.021	0.021	0.021	0.021	0.021	0.021	0.021	0.021	0.021	0.021	0.021	0.021	0.021	0.021	0.021	0.021	0.021	0.021	0.021	0.021	0.021	0.021	0.021	0.021	0.021	0.021	0.021	0.021	0.021	0.021	0.021	0.021	0.021	0.021	0.021	0.021	0.021	0.021	0.021	0.021	0.021	0.021	0.021	0.021	0.021	0.021	0.021	0.021	0.021	0.021	0.021	0.021	0.021	0.021	0.021	0.021	0.021	0.021	0.021	0.021	0.021	0.021	0.021	0.021	0.021	0.021	0.021	0.021	0.021	0.021	0.021	0.021
12	0.0558	0.0558	0.0558	0.0558	0.0558	0.0262	0.0262	0.0262	0.0262	0.0262	0.0262	0.0262	0.0262	0.0262	0.0262	0.0262	0.0262	0.0262	0.0078	0.0078	0.0078	0.0078	0.0078	0.0078	0.0078	0.0078	0.0078	0.0078	0.0078	0.0078	0.0078	0.0078	0.0078	0.0078	0.0078	0.0078	0.0078	0.0078	0.0078	0.0078	0.0078	0.0078	0.0078	0.0078	0.0078	0.0078	0.0078	0.0078	0.0078	0.0078	0.0078	0.0078	0.0078	0.0078	0.0078	0.0078	0.0078	0.0078	0.0078	0.0078	0.0078	0.0078	0.0078	0.0078	0.0078	0.0078	0.0078	0.0078	0.0078	0.0078	0.0078	0.0078	0.0078	0.0078	0.0078	0.0078	0.0078	0.0078	0.0078	0.0078	0.0078	0.0078	0.0078	0.0078	0.0078	0.0078	0.0078	0.0078	0.0078	0.0078	0.0078	0.0078	0.0078	0.0137	0.0078	0.0078	0.0078	0.0078	0.0078	0.0078	0.0078	0.0078	0.0078	0.0078	0.0078	0.0078	0.0078	0.0078	0.0078	0.0078	0.0078	0.0078	0.0078	0.0078	0.0078	0.0078	0.0078	0.0078	0.0078	0.0078	0.0078	0.0078	0.0078	0.0078	0.0078	0.0078	0.0078	0.0078	0.0078	0.0078	0.0078	0.0078	0.0078	0.0078	0.0078	0.0078	0.0078	0.0078	0.0078	0.0078	0.0078	0.0078	0.0078	0.0078	0.0078	0.0078	0.0078	0.0078	0.0078	0.0078	0.0078	0.0078	0.0078	0.0078	0.0137	0.0078	0.0078	0.0078	0.0078	0.0078	0.0078	0.0078	0.0078	0.0078	0.0078	0.0078	0.0078	0.0078	0.0078	0.0078	0.0078	0.0078	0.0078	0.0078	0.0078	0.0078	0.0078	0.0078	0.0078	0.0078	0.0078	0.0078	0.0078	0.0078	0.0078	0.0078	0.0078	0.0078	0.0078	0.0078	0.0078	0.0078	0.0078	0.0078	0.0078	0.0078	0.0078	0.0078	0.0078	0.0078	0.0078	0.0078	0.0078	0.0078	0.0078	0.0078	0.0078	0.0078	0.0078	0.0078	0.0078	0.0078	0.0078	0.0078	0.0078	0.0078	0.0078	0.0078	0.0078	0.0078	0.0078	0.0078	0.0078	0.0078	0.0078	0.0078	0.0078	0.0078	0.0078	0.0078	0.0078	0.0078	0.0078	0.0078	0.0078	0.0078	0.0078	0.0078	0.0078	0.0078	0.0078	0.0078	0.0078	0.0078	0.0078	0.0078	0.0078	0.0078	0.0078	0.0078	0.0078	0.0078	0.0078	0.0078	0.0078	0.0078	0.0078	0.0078	0.0078	0.0078	0.0078	0.0078	0.0078	0.0078	0.0078	0.0078	0.0078	0.0078	0.0078	0.0078	0.0078	0.0078	0.0078	0.0078	0.0078	0.0078	0.0078	0.0078	0.0078	0.0078	0.0078	0.0078	0.0078	0.0078	0.0078	0.0078	0.0078	0.0078	0.0078	0.0078	0.0078	0.0078	0.0078	0.0078	0.0078	0.0078	0.0078	0.0078	0.0078	0.0078	0.0078	0.0078	0.0078	0.0078	0.0078	0.0078	0.0078	0.0078	0.0078	0.0078	0.0078	0.0078	0.0078	0.0078	0.0078	0.0078	0.0078	0.0078	0.0078	0.0078	0.0078	0.0078	0.0078	0.0078	0.0078	0.0078	0.0078	0.0078	0.0078	0.0078	0.0078	0.0078	0.0078	0.0078	0.0078	0.0078	0.0078	0.0078	0.0078	0.0078	0.0078	0.0078	0.0078	0.0078	0.0078	0.0078	0.0078	0.0078	0.0078	0.0078	0.0078	0.0078	0.0078	0.0078	0.0078	0.0078	0.0078	0.0078	0.0078	0.0078	0.0078	0.0078	0.0078	0.0078	0.0078	0.0078	0.0078	0.0078	0.0078	0.0078	0.0078	0.0078	0.0078	0.0078	0.0078	0.0078	0.0078	0.0078	0.0078	0.0078	0.0078	0.0078	0.0078	0.0078	0.0078	0.0078	0.0078	0.0078	0.0078	0.0078	0.0078	0.0078	0.0078	0.0078	0.0078	0.0078	0.0078	0.0078	0.0078	0.0078	0.0078	0.0078	0.0078	0.0078	0.0078	0.0078	0.0078	0.0078	0.0078	0.0078	0.0137	0.0078	0.0078	0.0078	0.0078	0.0078	0.0078	0.0078	0.0078	0.0078	0.0078	0.0078	0.0078	0.0078	0.0078	0.0078	0.0078	0.0078	0.0078	0.0078	0.0078	0.0078	0.0078	0.0078	0.0078	0.0078	0.0078	0.0078	0.0078	0.0078	0.0078	0.0078	0.0078	0.0078	0.0137	0.0078	0.0078	0.0078	0.0078	0.0078	0.0078	0.0078	0.0078	0.0078	0.0078	0.0078	0.0078	0.0078	0.0078	0.0078	0.0078	0.0078	0.0078	0.0078	0.0078	0.0078	0.0078	0.0078	0.0078	0.0078	0.0078	0.0078	0.0078	0.0078	0.0078	0.0078	0.0078	0.0078	0.0078	0.0078	0.0078	0.0078	0.0078	0.0078	0.0078	0.0078	0.0078	0.0078	0.0078	0.0078	0.0078	0.0078	0.0078	0.0078	0.0078	0.0078	0.0078	0.0078	0.0078	0.0078	0.0078	0.0078	0.0078	0.0078	0.0078	0.0078	0.0078	0.0078	0.0078	0.0078	0.0078	0.0137	0.0078	0.0078	0.0078	0.0078	0.0078	0.0078	0.0078	0.0056	0.0056	0.0056	0.0056	0.0056	0.0056	0.0056	0.0056	0.0056	0.0056	0.0056	0.0056	0.0056	0.0056	0.0056	0.0056	0.0056	0.0056	0.0056	0.0056	0.0056	0.0056	0.0056	0.0056	0.0056	0.0056	0.0056	0.0056	0.0056	0.0056	0.0056	0.0056	0.0056	0.0056	0.0056	0.0056	0.0056	0.0056	0.0056	0.0056	0.0056	0.0056	0.0056	0.0056	0.0056	0.0056	0.0056	0.0056	0.0056	0.0056	0.0056	0.0056	0.0056	0.0056	0.0056	0.0056	0.0056	0.0056	0.0056	0.0056	0.0056	0.0056	0.0056	0.0056	0.0056	0.0056	0.0056	0.0056	0.0056	0.0056	0.0056	0.0056	0.0056	0.0056	0.0056	0.0056	0.0056	0.0056	0.0056	0.0056	0.0056
13	0.0787	0.0787	0.0787	0.0787	0.0787	0.028	0.028	0.028	0.028	0.028	0.028	0.028	0.028	0.028	0.028	0.028	0.028	0.028	0.0108	0.0108	0.0108	0.0108	0.0108	0.0108	0.0108	0.0108	0.0108	0.0108	0.0108	0.0108	0.0108	0.0108	0.0108	0.0108	0.0108	0.0108	0.0108	0.0108	0.0108	0.0108	0.0108	0.0108	0.0108	0.0108	0.0108	0.0108	0.0108	0.0108	0.0108	0.0108	0.0108	0.0108	0.0108	0.0108	0.0108	0.0108	0.0108	0.0108	0.0108	0.0108	0.0108	0.0108	0.0108	0.0108	0.0108	0.0108	0.0108	0.0108	0.0108	0.0108	0.0108	0.0108	0.0108	0.0108	0.0108	0.0108	0.0108	0.0108	0.0108	0.0108	0.0108	0.0108	0.0108	0.0108	0.0108	0.0108	0.0108	0.0108	0.0108	0.0108	0.0108	0.0108	0.0108	0.0359	0.0108	0.0108	0.0108	0.0108	0.0108	0.0108	0.0108	0.0108	0.0108	0.0108	0.0108	0.0108	0.0108	0.0108	0.0108	0.0108	0.0108	0.0108	0.0108	0.0108	0.0108	0.0108	0.0108	0.0108	0.0108	0.0108	0.0108	0.0108	0.0108	0.0108	0.0108	0.0108	0.0108	0.0108	0.0108	0.0108	0.0108	0.0108	0.0108	0.0108	0.0108	0.0108	0.0108	0.0108	0.0108	0.0108	0.0108	0.0108	0.0108	0.0108	0.0108	0.0108	0.0108	0.0108	0.0108	0.0108	0.0108	0.0108	0.0108	0.0108	0.0359	0.0108	0.0108	0.0108	0.0108	0.0108	0.0108	0.0108	0.0108	0.0108	0.0108	0.0108	0.0108	0.0108	0.0108	0.0108	0.0108	0.0108	0.0108	0.0108	0.0108	0.0108	0.0108	0.0108	0.0108	0.0108	0.0108	0.0108	0.0108	0.0108	0.0108	0.0108	0.0108	0.0108	0.0108	0.0108	0.0108	0.0108	0.0108	0.0108	0.0108	0.0108	0.0108	0.0108	0.0108	0.0108	0.0108	0.0108	0.0108	0.0108	0.0108	0.0108	0.0108	0.0108	0.0108	0.0108	0.0108	0.0108	0.0108	0.0108	0.0108	0.0108	0.0108	0.0108	0.0108	0.0108	0.0108	0.0108	0.0108	0.0108	0.0108	0.0108	0.0108	0.0108	0.0108	0.0108	0.0108	0.0108	0.0108	0.0108	0.0108	0.0108	0.0108	0.0108	0.0108	0.0108	0.0108	0.0108	0.0108	0.0108	0.0108	0.0108	0.0108	0.0108	0.0108	0.0108	0.0108	0.0108	0.0108	0.0108	0.0108	0.0108	0.0108	0.0108	0.0108	0.0108	0.0108	0.0108	0.0108	0.0108	0.0108	0.0108	0.0108	0.0108	0.0108	0.0108	0.0108	0.0108	0.0108	0.0108	0.0108	0.0108	0.0108	0.0108	0.0108	0.0108	0.0108	0.0108	0.0108	0.0108	0.0108	0.0108	0.0108	0.0108	0.0108	0.0108	0.0108	0.0108	0.0108	0.0108	0.0108	0.0108	0.0108	0.0108	0.0108	0.0108	0.0108	0.0108	0.0108	0.0108	0.0108	0.0108	0.0108	0.0108	0.0108	0.0108	0.0108	0.0108	0.0108	0.0108	0.0108	0.0108	0.0108	0.0108	0.0108	0.0108	0.0108	0.0108	0.0108	0.0108	0.0108	0.0108	0.0108	0.0108	0.0108	0.0108	0.0108	0.0108	0.0108	0.0108	0.0108	0.0108	0.0108	0.0108	0.0108	0.0108	0.0108	0.0108	0.0108	0.0108	0.0108	0.0108	0.0108	0.0108	0.0108	0.0108	0.0108	0.0108	0.0108	0.0108	0.0108	0.0108	0.0108	0.0108	0.0108	0.0108	0.0108	0.0108	0.0108	0.0108	0.0108	0.0108	0.0108	0.0108	0.0108	0.0108	0.0108	0.0108	0.0108	0.0108	0.0108	0.0108	0.0108	0.0108	0.0108	0.0108	0.0108	0.0108	0.0108	0.0108	0.0108	0.0108	0.0108	0.0108	0.0108	0.0108	0.0108	0.0108	0.0108	0.0108	0.0108	0.0108	0.0108	0.0108	0.0108	0.0108	0.0108	0.0108	0.0108	0.0108	0.0108	0.0108	0.0108	0.0108	0.0108	0.0108	0.0359	0.0108	0.0108	0.0108	0.0108	0.0108	0.0108	0.0108	0.0108	0.0108	0.0108	0.0108	0.0108	0.0108	0.0108	0.0108	0.0108	0.0108	0.0108	0.0108	0.0108	0.0108	0.0108	0.0108	0.0108	0.0108	0.0108	0.0108	0.0108	0.0108	0.0108	0.0108	0.0108	0.0108	0.0359	0.0108	0.0108	0.0108	0.0108	0.0108	0.0108	0.0108	0.0108	0.0108	0.0108	0.0108	0.0108	0.0108	0.0108	0.0108	0.0108	0.0108	0.0108	0.0108	0.0108	0.0108	0.0108	0.0108	0.0108	0.0108	0.0108	0.0108	0.0108	0.0108	0.0108	0.0108	0.0108	0.0108	0.0108	0.0108	0.0108	0.0108	0.0108	0.0108	0.0108	0.0108	0.0108	0.0108	0.0108	0.0108	0.0108	0.0108	0.0108	0.0108	0.0108	0.0108	0.0108	0.0108	0.0108	0.0108	0.0108	0.0108	0.0108	0.0108	0.0108	0.0108	0.0108	0.0108	0.0108	0.0108	0.0108	0.0359	0.0108	0.0108	0.0108	0.0108	0.0108	0.0108	0.0108	0.0147	0.0147	0.0147	0.0147	0.0147	0.0147	0.0147	0.0147	0.0147	0.0147	0.0147	0.0147	0.0147	0.0147	0.0147	0.0147	0.0147	0.0147	0.0147	0.0147	0.0147	0.0147	0.0147	0.0147	0.0147	0.0147	0.0147	0.0147	0.0147	0.0147	0.0147	0.0147	0.0147	0.0147	0.0147	0.0147	0.0147	0.0147	0.0147	0.0147	0.0147	0.0147	0.0147	0.0147	0.0147	0.0147	0.0147	0.0147	0.0147	0.0147	0.0147	0.0147	0.0147	0.0147	0.0147	0.0147	0.0147	0.0147	0.0147	0.0147	0.0147	0.0147	0.0147	0.0147	0.0147	0.0147	0.0147	0.0147	0.0147	0.0147	0.0147	0.0147	0.0147	0.0147	0.0147	0.0147	0.0147	0.0147	0.0147	0.0147	0.0147
14	0.0721	0.0721	0.0721	0.0721	0.0721	0.0299	0.0299	0.0299	0.0299	0.0299	0.0299	0.0299	0.0299	0.0299	0.0299	0.0299	0.0299	0.0299	0.0166	0.0166	0.0166	0.0166	0.0166	0.0166	0.0166	0.0166	0.0166	0.0166	0.0166	0.0166	0.0166	0.0166	0.0166	0.0166	0.0166	0.0166	0.0166	0.0166	0.0166	0.0166	0.0166	0.0166	0.0166	0.0166	0.0166	0.0166	0.0166	0.0166	0.0166	0.0166	0.0166	0.0166	0.0166	0.0166	0.0166	0.0166	0.0166	0.0166	0.0166	0.0166	0.0166	0.0166	0.0166	0.0166	0.0166	0.0166	0.0166	0.0166	0.0166	0.0166	0.0166	0.0166	0.0166	0.0166	0.0166	0.0166	0.0166	0.0166	0.0166	0.0166	0.0166	0.0166	0.0166	0.0166	0.0166	0.0166	0.0166	0.0166	0.0166	0.0166	0.0166	0.0166	0.0166	0.0107	0.0166	0.0166	0.0166	0.0166	0.0166	0.0166	0.0166	0.0166	0.0166	0.0166	0.0166	0.0166	0.0166	0.0166	0.0166	0.0166	0.0166	0.0166	0.0166	0.0166	0.0166	0.0166	0.0166	0.0166	0.0166	0.0166	0.0166	0.0166	0.0166	0.0166	0.0166	0.0166	0.0166	0.0166	0.0166	0.0166	0.0166	0.0166	0.0166	0.0166	0.0166	0.0166	0.0166	0.0166	0.0166	0.0166	0.0166	0.0166	0.0166	0.0166	0.0166	0.0166	0.0166	0.0166	0.0166	0.0166	0.0166	0.0166	0.0166	0.0166	0.0107	0.0166	0.0166	0.0166	0.0166	0.0166	0.0166	0.0166	0.0166	0.0166	0.0166	0.0166	0.0166	0.0166	0.0166	0.0166	0.0166	0.0166	0.0166	0.0166	0.0166	0.0166	0.0166	0.0166	0.0166	0.0166	0.0166	0.0166	0.0166	0.0166	0.0166	0.0166	0.0166	0.0166	0.0166	0.0166	0.0166	0.0166	0.0166	0.0166	0.0166	0.0166	0.0166	0.0166	0.0166	0.0166	0.0166	0.0166	0.0166	0.0166	0.0166	0.0166	0.0166	0.0166	0.0166	0.0166	0.0166	0.0166	0.0166	0.0166	0.0166	0.0166	0.0166	0.0166	0.0166	0.0166	0.0166	0.0166	0.0166	0.0166	0.0166	0.0166	0.0166	0.0166	0.0166	0.0166	0.0166	0.0166	0.0166	0.0166	0.0166	0.0166	0.0166	0.0166	0.0166	0.0166	0.0166	0.0166	0.0166	0.0166	0.0166	0.0166	0.0166	0.0166	0.0166	0.0166	0.0166	0.0166	0.0166	0.0166	0.0166	0.0166	0.0166	0.0166	0.0166	0.0166	0.0166	0.0166	0.0166	0.0166	0.0166	0.0166	0.0166	0.0166	0.0166	0.0166	0.0166	0.0166	0.0166	0.0166	0.0166	0.0166	0.0166	0.0166	0.0166	0.0166	0.0166	0.0166	0.0166	0.0166	0.0166	0.0166	0.0166	0.0166	0.0166	0.0166	0.0166	0.0166	0.0166	0.0166	0.0166	0.0166	0.0166	0.0166	0.0166	0.0166	0.0166	0.0166	0.0166	0.0166	0.0166	0.0166	0.0166	0.0166	0.0166	0.0166	0.0166	0.0166	0.0166	0.0166	0.0166	0.0166	0.0166	0.0166	0.0166	0.0166	0.0166	0.0166	0.0166	0.0166	0.0166	0.0166	0.0166	0.0166	0.0166	0.0166	0.0166	0.0166	0.0166	0.0166	0.0166	0.0166	0.0166	0.0166	0.0166	0.0166	0.0166	0.0166	0.0166	0.0166	0.0166	0.0166	0.0166	0.0166	0.0166	0.0166	0.0166	0.0166	0.0166	0.0166	0.0166	0.0166	0.0166	0.0166	0.0166	0.0166	0.0166	0.0166	0.0166	0.0166	0.0166	0.0166	0.0166	0.0166	0.0166	0.0166	0.0166	0.0166	0.0166	0.0166	0.0166	0.0166	0.0166	0.0166	0.0166	0.0166	0.0166	0.0166	0.0166	0.0166	0.0166	0.0166	0.0166	0.0166	0.0166	0.0166	0.0166	0.0166	0.0166	0.0166	0.0166	0.0166	0.0166	0.0166	0.0166	0.0166	0.0166	0.0166	0.0166	0.0166	0.0166	0.0166	0.0166	0.0166	0.0166	0.0166	0.0107	0.0166	0.0166	0.0166	0.0166	0.0166	0.0166	0.0166	0.0166	0.0166	0.0166	0.0166	0.0166	0.0166	0.0166	0.0166	0.0166	0.0166	0.0166	0.0166	0.0166	0.0166	0.0166	0.0166	0.0166	0.0166	0.0166	0.0166	0.0166	0.0166	0.0166	0.0166	0.0166	0.0166	0.0107	0.0166	0.0166	0.0166	0.0166	0.0166	0.0166	0.0166	0.0166	0.0166	0.0166	0.0166	0.0166	0.0166	0.0166	0.0166	0.0166	0.0166	0.0166	0.0166	0.0166	0.0166	0.0166	0.0166	0.0166	0.0166	0.0166	0.0166	0.0166	0.0166	0.0166	0.0166	0.0166	0.0166	0.0166	0.0166	0.0166	0.0166	0.0166	0.0166	0.0166	0.0166	0.0166	0.0166	0.0166	0.0166	0.0166	0.0166	0.0166	0.0166	0.0166	0.0166	0.0166	0.0166	0.0166	0.0166	0.0166	0.0166	0.0166	0.0166	0.0166	0.0166	0.0166	0.0166	0.0166	0.0166	0.0166	0.0107	0.0166	0.0166	0.0166	0.0166	0.0166	0.0166	0.0166	0.0172	0.0172	0.0172	0.0172	0.0172	0.0172	0.0172	0.0172	0.0172	0.0172	0.0172	0.0172	0.0172	0.0172	0.0172	0.0172	0.0172	0.0172	0.0172	0.0172	0.0172	0.0172	0.0172	0.0172	0.0172	0.0172	0.0172	0.0172	0.0172	0.0172	0.0172	0.0172	0.0172	0.0172	0.0172	0.0172	0.0172	0.0172	0.0172	0.0172	0.0172	0.0172	0.0172	0.0172	0.0172	0.0172	0.0172	0.0172	0.0172	0.0172	0.0172	0.0172	0.0172	0.0172	0.0172	0.0172	0.0172	0.0172	0.0172	0.0172	0.0172	0.0172	0.0172	0.0172	0.0172	0.0172	0.0172	0.0172	0.0172	0.0172	0.0172	0.0172	0.0172	0.0172	0.0172	0.0172	0.0172	0.0172	0.0172	0.0172	0.0172
15	0.8895	0.8895	0.8895	0.8895	0.8895	0.9262	0.9262	0.9262	0.9262	0.9262	0.9262	0.9262	0.9262	0.9262	0.9262	0.9262	0.9262	0.9262	0.007	0.007	0.007	0.007	0.007	0.007	0.007	0.007	0.007	0.007	0.007	0.007	0.007	0.007	0.007	0.007	0.007	0.007	0.007	0.007	0.007	0.007	0.007	0.007	0.007	0.007	0.007	0.007	0.007	0.007	0.007	0.007	0.007	0.007	0.007	0.007	0.007	0.007	0.007	0.007	0.007	0.007	0.007	0.007	0.007	0.007	0.007	0.007	0.007	0.007	0.007	0.007	0.007	0.007	0.007	0.007	0.007	0.007	0.007	0.007	0.007	0.007	0.007	0.007	0.007	0.007	0.007	0.007	0.007	0.007	0.007	0.007	0.007	0.007	0.007	0.0516	0.007	0.007	0.007	0.007	0.007	0.007	0.007	0.007	0.007	0.007	0.007	0.007	0.007	0.007	0.007	0.007	0.007	0.007	0.007	0.007	0.007	0.007	0.007	0.007	0.007	0.007	0.007	0.007	0.007	0.007	0.007	0.007	0.007	0.007	0.007	0.007	0.007	0.007	0.007	0.007	0.007	0.007	0.007	0.007	0.007	0.007	0.007	0.007	0.007	0.007	0.007	0.007	0.007	0.007	0.007	0.007	0.007	0.007	0.007	0.007	0.0516	0.007	0.007	0.007	0.007	0.007	0.007	0.007	0.007	0.007	0.007	0.007	0.007	0.007	0.007	0.007	0.007	0.007	0.007	0.007	0.007	0.007	0.007	0.007	0.007	0.007	0.007	0.007	0.007	0.007	0.007	0.007	0.007	0.007	0.007	0.007	0.007	0.007	0.007	0.007	0.007	0.007	0.007	0.007	0.007	0.007	0.007	0.007	0.007	0.007	0.007	0.007	0.007	0.007	0.007	0.007	0.007	0.007	0.007	0.007	0.007	0.007	0.007	0.007	0.007	0.007	0.007	0.007	0.007	0.007	0.007	0.007	0.007	0.007	0.007	0.007	0.007	0.007	0.007	0.007	0.007	0.007	0.007	0.007	0.007	0.007	0.007	0.007	0.007	0.007	0.007	0.007	0.007	0.007	0.007	0.007	0.007	0.007	0.007	0.007	0.007	0.007	0.007	0.007	0.007	0.007	0.007	0.007	0.007	0.007	0.007	0.007	0.007	0.007	0.007	0.007	0.007	0.007	0.007	0.007	0.007	0.007	0.007	0.007	0.007	0.007	0.007	0.007	0.007	0.007	0.007	0.007	0.007	0.007	0.007	0.007	0.007	0.007	0.007	0.007	0.007	0.007	0.007	0.007	0.007	0.007	0.007	0.007	0.007	0.007	0.007	0.007	0.007	0.007	0.007	0.007	0.007	0.007	0.007	0.007	0.007	0.007	0.007	0.007	0.007	0.007	0.007	0.007	0.007	0.007	0.007	0.007	0.007	0.007	0.007	0.007	0.007	0.007	0.007	0.007	0.007	0.007	0.007	0.007	0.007	0.007	0.007	0.007	0.007	0.007	0.007	0.007	0.007	0.007	0.007	0.007	0.007	0.007	0.007	0.007	0.007	0.007	0.007	0.007	0.007	0.007	0.007	0.007	0.007	0.007	0.007	0.007	0.007	0.007	0.007	0.007	0.007	0.007	0.007	0.007	0.007	0.007	0.007	0.007	0.007	0.007	0.007	0.007	0.007	0.007	0.007	0.007	0.007	0.007	0.007	0.007	0.007	0.007	0.007	0.007	0.007	0.007	0.007	0.007	0.007	0.007	0.007	0.007	0.007	0.007	0.007	0.007	0.007	0.007	0.007	0.007	0.0516	0.007	0.007	0.007	0.007	0.007	0.007	0.007	0.007	0.007	0.007	0.007	0.007	0.007	0.007	0.007	0.007	0.007	0.007	0.007	0.007	0.007	0.007	0.007	0.007	0.007	0.007	0.007	0.007	0.007	0.007	0.007	0.007	0.007	0.0516	0.007	0.007	0.007	0.007	0.007	0.007	0.007	0.007	0.007	0.007	0.007	0.007	0.007	0.007	0.007	0.007	0.007	0.007	0.007	0.007	0.007	0.007	0.007	0.007	0.007	0.007	0.007	0.007	0.007	0.007	0.007	0.007	0.007	0.007	0.007	0.007	0.007	0.007	0.007	0.007	0.007	0.007	0.007	0.007	0.007	0.007	0.007	0.007	0.007	0.007	0.007	0.007	0.007	0.007	0.007	0.007	0.007	0.007	0.007	0.007	0.007	0.007	0.007	0.007	0.007	0.007	0.0516	0.007	0.007	0.007	0.007	0.007	0.007	0.007	0.003	0.003	0.003	0.003	0.003	0.003	0.003	0.003	0.003	0.003	0.003	0.003	0.003	0.003	0.003	0.003	0.003	0.003	0.003	0.003	0.003	0.003	0.003	0.003	0.003	0.003	0.003	0.003	0.003	0.003	0.003	0.003	0.003	0.003	0.003	0.003	0.003	0.003	0.003	0.003	0.003	0.003	0.003	0.003	0.003	0.003	0.003	0.003	0.003	0.003	0.003	0.003	0.003	0.003	0.003	0.003	0.003	0.003	0.003	0.003	0.003	0.003	0.003	0.003	0.003	0.003	0.003	0.003	0.003	0.003	0.003	0.003	0.003	0.003	0.003	0.003	0.003	0.003	0.003	0.003	0.003
16	0.7558	0.7558	0.7558	0.7558	0.7558	0.9189	0.9189	0.9189	0.9189	0.9189	0.9189	0.9189	0.9189	0.9189	0.9189	0.9189	0.9189	0.9189	0.0219	0.0219	0.0219	0.0219	0.0219	0.0219	0.0219	0.0219	0.0219	0.0219	0.0219	0.0219	0.0219	0.0219	0.0219	0.0219	0.0219	0.0219	0.0219	0.0219	0.0219	0.0219	0.0219	0.0219	0.0219	0.0219	0.0219	0.0219	0.0219	0.0219	0.0219	0.0219	0.0219	0.0219	0.0219	0.0219	0.0219	0.0219	0.0219	0.0219	0.0219	0.0219	0.0219	0.0219	0.0219	0.0219	0.0219	0.0219	0.0219	0.0219	0.0219	0.0219	0.0219	0.0219	0.0219	0.0219	0.0219	0.0219	0.0219	0.0219	0.0219	0.0219	0.0219	0.0219	0.0219	0.0219	0.0219	0.0219	0.0219	0.0219	0.0219	0.0219	0.0219	0.0219	0.0219	0.271	0.0219	0.0219	0.0219	0.0219	0.0219	0.0219	0.0219	0.0219	0.0219	0.0219	0.0219	0.0219	0.0219	0.0219	0.0219	0.0219	0.0219	0.0219	0.0219	0.0219	0.0219	0.0219	0.0219	0.0219	0.0219	0.0219	0.0219	0.0219	0.0219	0.0219	0.0219	0.0219	0.0219	0.0219	0.0219	0.0219	0.0219	0.0219	0.0219	0.0219	0.0219	0.0219	0.0219	0.0219	0.0219	0.0219	0.0219	0.0219	0.0219	0.0219	0.0219	0.0219	0.0219	0.0219	0.0219	0.0219	0.0219	0.0219	0.0219	0.0219	0.271	0.0219	0.0219	0.0219	0.0219	0.0219	0.0219	0.0219	0.0219	0.0219	0.0219	0.0219	0.0219	0.0219	0.0219	0.0219	0.0219	0.0219	0.0219	0.0219	0.0219	0.0219	0.0219	0.0219	0.0219	0.0219	0.0219	0.0219	0.0219	0.0219	0.0219	0.0219	0.0219	0.0219	0.0219	0.0219	0.0219	0.0219	0.0219	0.0219	0.0219	0.0219	0.0219	0.0219	0.0219	0.0219	0.0219	0.0219	0.0219	0.0219	0.0219	0.0219	0.0219	0.0219	0.0219	0.0219	0.0219	0.0219	0.0219	0.0219	0.0219	0.0219	0.0219	0.0219	0.0219	0.0219	0.0219	0.0219	0.0219	0.0219	0.0219	0.0219	0.0219	0.0219	0.0219	0.0219	0.0219	0.0219	0.0219	0.0219	0.0219	0.0219	0.0219	0.0219	0.0219	0.0219	0.0219	0.0219	0.0219	0.0219	0.0219	0.0219	0.0219	0.0219	0.0219	0.0219	0.0219	0.0219	0.0219	0.0219	0.0219	0.0219	0.0219	0.0219	0.0219	0.0219	0.0219	0.0219	0.0219	0.0219	0.0219	0.0219	0.0219	0.0219	0.0219	0.0219	0.0219	0.0219	0.0219	0.0219	0.0219	0.0219	0.0219	0.0219	0.0219	0.0219	0.0219	0.0219	0.0219	0.0219	0.0219	0.0219	0.0219	0.0219	0.0219	0.0219	0.0219	0.0219	0.0219	0.0219	0.0219	0.0219	0.0219	0.0219	0.0219	0.0219	0.0219	0.0219	0.0219	0.0219	0.0219	0.0219	0.0219	0.0219	0.0219	0.0219	0.0219	0.0219	0.0219	0.0219	0.0219	0.0219	0.0219	0.0219	0.0219	0.0219	0.0219	0.0219	0.0219	0.0219	0.0219	0.0219	0.0219	0.0219	0.0219	0.0219	0.0219	0.0219	0.0219	0.0219	0.0219	0.0219	0.0219	0.0219	0.0219	0.0219	0.0219	0.0219	0.0219	0.0219	0.0219	0.0219	0.0219	0.0219	0.0219	0.0219	0.0219	0.0219	0.0219	0.0219	0.0219	0.0219	0.0219	0.0219	0.0219	0.0219	0.0219	0.0219	0.0219	0.0219	0.0219	0.0219	0.0219	0.0219	0.0219	0.0219	0.0219	0.0219	0.0219	0.0219	0.0219	0.0219	0.0219	0.0219	0.0219	0.0219	0.0219	0.0219	0.0219	0.0219	0.0219	0.0219	0.0219	0.0219	0.0219	0.0219	0.0219	0.0219	0.0219	0.0219	0.0219	0.0219	0.0219	0.0219	0.0219	0.0219	0.0219	0.0219	0.0219	0.0219	0.0219	0.0219	0.0219	0.0219	0.0219	0.0219	0.271	0.0219	0.0219	0.0219	0.0219	0.0219	0.0219	0.0219	0.0219	0.0219	0.0219	0.0219	0.0219	0.0219	0.0219	0.0219	0.0219	0.0219	0.0219	0.0219	0.0219	0.0219	0.0219	0.0219	0.0219	0.0219	0.0219	0.0219	0.0219	0.0219	0.0219	0.0219	0.0219	0.0219	0.271	0.0219	0.0219	0.0219	0.0219	0.0219	0.0219	0.0219	0.0219	0.0219	0.0219	0.0219	0.0219	0.0219	0.0219	0.0219	0.0219	0.0219	0.0219	0.0219	0.0219	0.0219	0.0219	0.0219	0.0219	0.0219	0.0219	0.0219	0.0219	0.0219	0.0219	0.0219	0.0219	0.0219	0.0219	0.0219	0.0219	0.0219	0.0219	0.0219	0.0219	0.0219	0.0219	0.0219	0.0219	0.0219	0.0219	0.0219	0.0219	0.0219	0.0219	0.0219	0.0219	0.0219	0.0219	0.0219	0.0219	0.0219	0.0219	0.0219	0.0219	0.0219	0.0219	0.0219	0.0219	0.0219	0.0219	0.271	0.0219	0.0219	0.0219	0.0219	0.0219	0.0219	0.0219	0.0029	0.0029	0.0029	0.0029	0.0029	0.0029	0.0029	0.0029	0.0029	0.0029	0.0029	0.0029	0.0029	0.0029	0.0029	0.0029	0.0029	0.0029	0.0029	0.0029	0.0029	0.0029	0.0029	0.0029	0.0029	0.0029	0.0029	0.0029	0.0029	0.0029	0.0029	0.0029	0.0029	0.0029	0.0029	0.0029	0.0029	0.0029	0.0029	0.0029	0.0029	0.0029	0.0029	0.0029	0.0029	0.0029	0.0029	0.0029	0.0029	0.0029	0.0029	0.0029	0.0029	0.0029	0.0029	0.0029	0.0029	0.0029	0.0029	0.0029	0.0029	0.0029	0.0029	0.0029	0.0029	0.0029	0.0029	0.0029	0.0029	0.0029	0.0029	0.0029	0.0029	0.0029	0.0029	0.0029	0.0029	0.0029	0.0029	0.0029	0.0029
17	0.7869	0.7869	0.7869	0.7869	0.7869	0.9491	0.9491	0.9491	0.9491	0.9491	0.9491	0.9491	0.9491	0.9491	0.9491	0.9491	0.9491	0.9491	0.0052	0.0052	0.0052	0.0052	0.0052	0.0052	0.0052	0.0052	0.0052	0.0052	0.0052	0.0052	0.0052	0.0052	0.0052	0.0052	0.0052	0.0052	0.0052	0.0052	0.0052	0.0052	0.0052	0.0052	0.0052	0.0052	0.0052	0.0052	0.0052	0.0052	0.0052	0.0052	0.0052	0.0052	0.0052	0.0052	0.0052	0.0052	0.0052	0.0052	0.0052	0.0052	0.0052	0.0052	0.0052	0.0052	0.0052	0.0052	0.0052	0.0052	0.0052	0.0052	0.0052	0.0052	0.0052	0.0052	0.0052	0.0052	0.0052	0.0052	0.0052	0.0052	0.0052	0.0052	0.0052	0.0052	0.0052	0.0052	0.0052	0.0052	0.0052	0.0052	0.0052	0.0052	0.0052	0.0134	0.0052	0.0052	0.0052	0.0052	0.0052	0.0052	0.0052	0.0052	0.0052	0.0052	0.0052	0.0052	0.0052	0.0052	0.0052	0.0052	0.0052	0.0052	0.0052	0.0052	0.0052	0.0052	0.0052	0.0052	0.0052	0.0052	0.0052	0.0052	0.0052	0.0052	0.0052	0.0052	0.0052	0.0052	0.0052	0.0052	0.0052	0.0052	0.0052	0.0052	0.0052	0.0052	0.0052	0.0052	0.0052	0.0052	0.0052	0.0052	0.0052	0.0052	0.0052	0.0052	0.0052	0.0052	0.0052	0.0052	0.0052	0.0052	0.0052	0.0052	0.0134	0.0052	0.0052	0.0052	0.0052	0.0052	0.0052	0.0052	0.0052	0.0052	0.0052	0.0052	0.0052	0.0052	0.0052	0.0052	0.0052	0.0052	0.0052	0.0052	0.0052	0.0052	0.0052	0.0052	0.0052	0.0052	0.0052	0.0052	0.0052	0.0052	0.0052	0.0052	0.0052	0.0052	0.0052	0.0052	0.0052	0.0052	0.0052	0.0052	0.0052	0.0052	0.0052	0.0052	0.0052	0.0052	0.0052	0.0052	0.0052	0.0052	0.0052	0.0052	0.0052	0.0052	0.0052	0.0052	0.0052	0.0052	0.0052	0.0052	0.0052	0.0052	0.0052	0.0052	0.0052	0.0052	0.0052	0.0052	0.0052	0.0052	0.0052	0.0052	0.0052	0.0052	0.0052	0.0052	0.0052	0.0052	0.0052	0.0052	0.0052	0.0052	0.0052	0.0052	0.0052	0.0052	0.0052	0.0052	0.0052	0.0052	0.0052	0.0052	0.0052	0.0052	0.0052	0.0052	0.0052	0.0052	0.0052	0.0052	0.0052	0.0052	0.0052	0.0052	0.0052	0.0052	0.0052	0.0052	0.0052	0.0052	0.0052	0.0052	0.0052	0.0052	0.0052	0.0052	0.0052	0.0052	0.0052	0.0052	0.0052	0.0052	0.0052	0.0052	0.0052	0.0052	0.0052	0.0052	0.0052	0.0052	0.0052	0.0052	0.0052	0.0052	0.0052	0.0052	0.0052	0.0052	0.0052	0.0052	0.0052	0.0052	0.0052	0.0052	0.0052	0.0052	0.0052	0.0052	0.0052	0.0052	0.0052	0.0052	0.0052	0.0052	0.0052	0.0052	0.0052	0.0052	0.0052	0.0052	0.0052	0.0052	0.0052	0.0052	0.0052	0.0052	0.0052	0.0052	0.0052	0.0052	0.0052	0.0052	0.0052	0.0052	0.0052	0.0052	0.0052	0.0052	0.0052	0.0052	0.0052	0.0052	0.0052	0.0052	0.0052	0.0052	0.0052	0.0052	0.0052	0.0052	0.0052	0.0052	0.0052	0.0052	0.0052	0.0052	0.0052	0.0052	0.0052	0.0052	0.0052	0.0052	0.0052	0.0052	0.0052	0.0052	0.0052	0.0052	0.0052	0.0052	0.0052	0.0052	0.0052	0.0052	0.0052	0.0052	0.0052	0.0052	0.0052	0.0052	0.0052	0.0052	0.0052	0.0052	0.0052	0.0052	0.0052	0.0052	0.0052	0.0052	0.0052	0.0052	0.0052	0.0052	0.0052	0.0052	0.0052	0.0052	0.0052	0.0052	0.0052	0.0052	0.0052	0.0052	0.0052	0.0052	0.0052	0.0052	0.0052	0.0052	0.0052	0.0052	0.0052	0.0052	0.0052	0.0052	0.0134	0.0052	0.0052	0.0052	0.0052	0.0052	0.0052	0.0052	0.0052	0.0052	0.0052	0.0052	0.0052	0.0052	0.0052	0.0052	0.0052	0.0052	0.0052	0.0052	0.0052	0.0052	0.0052	0.0052	0.0052	0.0052	0.0052	0.0052	0.0052	0.0052	0.0052	0.0052	0.0052	0.0052	0.0134	0.0052	0.0052	0.0052	0.0052	0.0052	0.0052	0.0052	0.0052	0.0052	0.0052	0.0052	0.0052	0.0052	0.0052	0.0052	0.0052	0.0052	0.0052	0.0052	0.0052	0.0052	0.0052	0.0052	0.0052	0.0052	0.0052	0.0052	0.0052	0.0052	0.0052	0.0052	0.0052	0.0052	0.0052	0.0052	0.0052	0.0052	0.0052	0.0052	0.0052	0.0052	0.0052	0.0052	0.0052	0.0052	0.0052	0.0052	0.0052	0.0052	0.0052	0.0052	0.0052	0.0052	0.0052	0.0052	0.0052	0.0052	0.0052	0.0052	0.0052	0.0052	0.0052	0.0052	0.0052	0.0052	0.0052	0.0134	0.0052	0.0052	0.0052	0.0052	0.0052	0.0052	0.0052	0.0054	0.0054	0.0054	0.0054	0.0054	0.0054	0.0054	0.0054	0.0054	0.0054	0.0054	0.0054	0.0054	0.0054	0.0054	0.0054	0.0054	0.0054	0.0054	0.0054	0.0054	0.0054	0.0054	0.0054	0.0054	0.0054	0.0054	0.0054	0.0054	0.0054	0.0054	0.0054	0.0054	0.0054	0.0054	0.0054	0.0054	0.0054	0.0054	0.0054	0.0054	0.0054	0.0054	0.0054	0.0054	0.0054	0.0054	0.0054	0.0054	0.0054	0.0054	0.0054	0.0054	0.0054	0.0054	0.0054	0.0054	0.0054	0.0054	0.0054	0.0054	0.0054	0.0054	0.0054	0.0054	0.0054	0.0054	0.0054	0.0054	0.0054	0.0054	0.0054	0.0054	0.0054	0.0054	0.0054	0.0054	0.0054	0.0054	0.0054	0.0054
18	0.9139	0.9139	0.9139	0.9139	0.9139	0.8784	0.8784	0.8784	0.8784	0.8784	0.8784	0.8784	0.8784	0.8784	0.8784	0.8784	0.8784	0.8784	0.0138	0.0138	0.0138	0.0138	0.0138	0.0138	0.0138	0.0138	0.0138	0.0138	0.0138	0.0138	0.0138	0.0138	0.0138	0.0138	0.0138	0.0138	0.0138	0.0138	0.0138	0.0138	0.0138	0.0138	0.0138	0.0138	0.0138	0.0138	0.0138	0.0138	0.0138	0.0138	0.0138	0.0138	0.0138	0.0138	0.0138	0.0138	0.0138	0.0138	0.0138	0.0138	0.0138	0.0138	0.0138	0.0138	0.0138	0.0138	0.0138	0.0138	0.0138	0.0138	0.0138	0.0138	0.0138	0.0138	0.0138	0.0138	0.0138	0.0138	0.0138	0.0138	0.0138	0.0138	0.0138	0.0138	0.0138	0.0138	0.0138	0.0138	0.0138	0.0138	0.0138	0.0138	0.0138	0.0054	0.0138	0.0138	0.0138	0.0138	0.0138	0.0138	0.0138	0.0138	0.0138	0.0138	0.0138	0.0138	0.0138	0.0138	0.0138	0.0138	0.0138	0.0138	0.0138	0.0138	0.0138	0.0138	0.0138	0.0138	0.0138	0.0138	0.0138	0.0138	0.0138	0.0138	0.0138	0.0138	0.0138	0.0138	0.0138	0.0138	0.0138	0.0138	0.0138	0.0138	0.0138	0.0138	0.0138	0.0138	0.0138	0.0138	0.0138	0.0138	0.0138	0.0138	0.0138	0.0138	0.0138	0.0138	0.0138	0.0138	0.0138	0.0138	0.0138	0.0138	0.0054	0.0138	0.0138	0.0138	0.0138	0.0138	0.0138	0.0138	0.0138	0.0138	0.0138	0.0138	0.0138	0.0138	0.0138	0.0138	0.0138	0.0138	0.0138	0.0138	0.0138	0.0138	0.0138	0.0138	0.0138	0.0138	0.0138	0.0138	0.0138	0.0138	0.0138	0.0138	0.0138	0.0138	0.0138	0.0138	0.0138	0.0138	0.0138	0.0138	0.0138	0.0138	0.0138	0.0138	0.0138	0.0138	0.0138	0.0138	0.0138	0.0138	0.0138	0.0138	0.0138	0.0138	0.0138	0.0138	0.0138	0.0138	0.0138	0.0138	0.0138	0.0138	0.0138	0.0138	0.0138	0.0138	0.0138	0.0138	0.0138	0.0138	0.0138	0.0138	0.0138	0.0138	0.0138	0.0138	0.0138	0.0138	0.0138	0.0138	0.0138	0.0138	0.0138	0.0138	0.0138	0.0138	0.0138	0.0138	0.0138	0.0138	0.0138	0.0138	0.0138	0.0138	0.0138	0.0138	0.0138	0.0138	0.0138	0.0138	0.0138	0.0138	0.0138	0.0138	0.0138	0.0138	0.0138	0.0138	0.0138	0.0138	0.0138	0.0138	0.0138	0.0138	0.0138	0.0138	0.0138	0.0138	0.0138	0.0138	0.0138	0.0138	0.0138	0.0138	0.0138	0.0138	0.0138	0.0138	0.0138	0.0138	0.0138	0.0138	0.0138	0.0138	0.0138	0.0138	0.0138	0.0138	0.0138	0.0138	0.0138	0.0138	0.0138	0.0138	0.0138	0.0138	0.0138	0.0138	0.0138	0.0138	0.0138	0.0138	0.0138	0.0138	0.0138	0.0138	0.0138	0.0138	0.0138	0.0138	0.0138	0.0138	0.0138	0.0138	0.0138	0.0138	0.0138	0.0138	0.0138	0.0138	0.0138	0.0138	0.0138	0.0138	0.0138	0.0138	0.0138	0.0138	0.0138	0.0138	0.0138	0.0138	0.0138	0.0138	0.0138	0.0138	0.0138	0.0138	0.0138	0.0138	0.0138	0.0138	0.0138	0.0138	0.0138	0.0138	0.0138	0.0138	0.0138	0.0138	0.0138	0.0138	0.0138	0.0138	0.0138	0.0138	0.0138	0.0138	0.0138	0.0138	0.0138	0.0138	0.0138	0.0138	0.0138	0.0138	0.0138	0.0138	0.0138	0.0138	0.0138	0.0138	0.0138	0.0138	0.0138	0.0138	0.0138	0.0138	0.0138	0.0138	0.0138	0.0138	0.0138	0.0138	0.0138	0.0138	0.0138	0.0138	0.0138	0.0138	0.0138	0.0138	0.0138	0.0138	0.0138	0.0138	0.0138	0.0138	0.0138	0.0138	0.0138	0.0138	0.0138	0.0138	0.0138	0.0138	0.0054	0.0138	0.0138	0.0138	0.0138	0.0138	0.0138	0.0138	0.0138	0.0138	0.0138	0.0138	0.0138	0.0138	0.0138	0.0138	0.0138	0.0138	0.0138	0.0138	0.0138	0.0138	0.0138	0.0138	0.0138	0.0138	0.0138	0.0138	0.0138	0.0138	0.0138	0.0138	0.0138	0.0138	0.0054	0.0138	0.0138	0.0138	0.0138	0.0138	0.0138	0.0138	0.0138	0.0138	0.0138	0.0138	0.0138	0.0138	0.0138	0.0138	0.0138	0.0138	0.0138	0.0138	0.0138	0.0138	0.0138	0.0138	0.0138	0.0138	0.0138	0.0138	0.0138	0.0138	0.0138	0.0138	0.0138	0.0138	0.0138	0.0138	0.0138	0.0138	0.0138	0.0138	0.0138	0.0138	0.0138	0.0138	0.0138	0.0138	0.0138	0.0138	0.0138	0.0138	0.0138	0.0138	0.0138	0.0138	0.0138	0.0138	0.0138	0.0138	0.0138	0.0138	0.0138	0.0138	0.0138	0.0138	0.0138	0.0138	0.0138	0.0054	0.0138	0.0138	0.0138	0.0138	0.0138	0.0138	0.0138	0.0344	0.0344	0.0344	0.0344	0.0344	0.0344	0.0344	0.0344	0.0344	0.0344	0.0344	0.0344	0.0344	0.0344	0.0344	0.0344	0.0344	0.0344	0.0344	0.0344	0.0344	0.0344	0.0344	0.0344	0.0344	0.0344	0.0344	0.0344	0.0344	0.0344	0.0344	0.0344	0.0344	0.0344	0.0344	0.0344	0.0344	0.0344	0.0344	0.0344	0.0344	0.0344	0.0344	0.0344	0.0344	0.0344	0.0344	0.0344	0.0344	0.0344	0.0344	0.0344	0.0344	0.0344	0.0344	0.0344	0.0344	0.0344	0.0344	0.0344	0.0344	0.0344	0.0344	0.0344	0.0344	0.0344	0.0344	0.0344	0.0344	0.0344	0.0344	0.0344	0.0344	0.0344	0.0344	0.0344	0.0344	0.0344	0.0344	0.0344	0.0344
19	0.8756	0.8756	0.8756	0.8756	0.8756	0.8815	0.8815	0.8815	0.8815	0.8815	0.8815	0.8815	0.8815	0.8815	0.8815	0.8815	0.8815	0.8815	0.0056	0.0056	0.0056	0.0056	0.0056	0.0056	0.0056	0.0056	0.0056	0.0056	0.0056	0.0056	0.0056	0.0056	0.0056	0.0056	0.0056	0.0056	0.0056	0.0056	0.0056	0.0056	0.0056	0.0056	0.0056	0.0056	0.0056	0.0056	0.0056	0.0056	0.0056	0.0056	0.0056	0.0056	0.0056	0.0056	0.0056	0.0056	0.0056	0.0056	0.0056	0.0056	0.0056	0.0056	0.0056	0.0056	0.0056	0.0056	0.0056	0.0056	0.0056	0.0056	0.0056	0.0056	0.0056	0.0056	0.0056	0.0056	0.0056	0.0056	0.0056	0.0056	0.0056	0.0056	0.0056	0.0056	0.0056	0.0056	0.0056	0.0056	0.0056	0.0056	0.0056	0.0056	0.0056	0.0035	0.0056	0.0056	0.0056	0.0056	0.0056	0.0056	0.0056	0.0056	0.0056	0.0056	0.0056	0.0056	0.0056	0.0056	0.0056	0.0056	0.0056	0.0056	0.0056	0.0056	0.0056	0.0056	0.0056	0.0056	0.0056	0.0056	0.0056	0.0056	0.0056	0.0056	0.0056	0.0056	0.0056	0.0056	0.0056	0.0056	0.0056	0.0056	0.0056	0.0056	0.0056	0.0056	0.0056	0.0056	0.0056	0.0056	0.0056	0.0056	0.0056	0.0056	0.0056	0.0056	0.0056	0.0056	0.0056	0.0056	0.0056	0.0056	0.0056	0.0056	0.0035	0.0056	0.0056	0.0056	0.0056	0.0056	0.0056	0.0056	0.0056	0.0056	0.0056	0.0056	0.0056	0.0056	0.0056	0.0056	0.0056	0.0056	0.0056	0.0056	0.0056	0.0056	0.0056	0.0056	0.0056	0.0056	0.0056	0.0056	0.0056	0.0056	0.0056	0.0056	0.0056	0.0056	0.0056	0.0056	0.0056	0.0056	0.0056	0.0056	0.0056	0.0056	0.0056	0.0056	0.0056	0.0056	0.0056	0.0056	0.0056	0.0056	0.0056	0.0056	0.0056	0.0056	0.0056	0.0056	0.0056	0.0056	0.0056	0.0056	0.0056	0.0056	0.0056	0.0056	0.0056	0.0056	0.0056	0.0056	0.0056	0.0056	0.0056	0.0056	0.0056	0.0056	0.0056	0.0056	0.0056	0.0056	0.0056	0.0056	0.0056	0.0056	0.0056	0.0056	0.0056	0.0056	0.0056	0.0056	0.0056	0.0056	0.0056	0.0056	0.0056	0.0056	0.0056	0.0056	0.0056	0.0056	0.0056	0.0056	0.0056	0.0056	0.0056	0.0056	0.0056	0.0056	0.0056	0.0056	0.0056	0.0056	0.0056	0.0056	0.0056	0.0056	0.0056	0.0056	0.0056	0.0056	0.0056	0.0056	0.0056	0.0056	0.0056	0.0056	0.0056	0.0056	0.0056	0.0056	0.0056	0.0056	0.0056	0.0056	0.0056	0.0056	0.0056	0.0056	0.0056	0.0056	0.0056	0.0056	0.0056	0.0056	0.0056	0.0056	0.0056	0.0056	0.0056	0.0056	0.0056	0.0056	0.0056	0.0056	0.0056	0.0056	0.0056	0.0056	0.0056	0.0056	0.0056	0.0056	0.0056	0.0056	0.0056	0.0056	0.0056	0.0056	0.0056	0.0056	0.0056	0.0056	0.0056	0.0056	0.0056	0.0056	0.0056	0.0056	0.0056	0.0056	0.0056	0.0056	0.0056	0.0056	0.0056	0.0056	0.0056	0.0056	0.0056	0.0056	0.0056	0.0056	0.0056	0.0056	0.0056	0.0056	0.0056	0.0056	0.0056	0.0056	0.0056	0.0056	0.0056	0.0056	0.0056	0.0056	0.0056	0.0056	0.0056	0.0056	0.0056	0.0056	0.0056	0.0056	0.0056	0.0056	0.0056	0.0056	0.0056	0.0056	0.0056	0.0056	0.0056	0.0056	0.0056	0.0056	0.0056	0.0056	0.0056	0.0056	0.0056	0.0056	0.0056	0.0056	0.0056	0.0056	0.0056	0.0056	0.0056	0.0056	0.0056	0.0056	0.0056	0.0056	0.0056	0.0056	0.0056	0.0056	0.0056	0.0056	0.0056	0.0056	0.0056	0.0056	0.0056	0.0056	0.0056	0.0056	0.0035	0.0056	0.0056	0.0056	0.0056	0.0056	0.0056	0.0056	0.0056	0.0056	0.0056	0.0056	0.0056	0.0056	0.0056	0.0056	0.0056	0.0056	0.0056	0.0056	0.0056	0.0056	0.0056	0.0056	0.0056	0.0056	0.0056	0.0056	0.0056	0.0056	0.0056	0.0056	0.0056	0.0056	0.0035	0.0056	0.0056	0.0056	0.0056	0.0056	0.0056	0.0056	0.0056	0.0056	0.0056	0.0056	0.0056	0.0056	0.0056	0.0056	0.0056	0.0056	0.0056	0.0056	0.0056	0.0056	0.0056	0.0056	0.0056	0.0056	0.0056	0.0056	0.0056	0.0056	0.0056	0.0056	0.0056	0.0056	0.0056	0.0056	0.0056	0.0056	0.0056	0.0056	0.0056	0.0056	0.0056	0.0056	0.0056	0.0056	0.0056	0.0056	0.0056	0.0056	0.0056	0.0056	0.0056	0.0056	0.0056	0.0056	0.0056	0.0056	0.0056	0.0056	0.0056	0.0056	0.0056	0.0056	0.0056	0.0056	0.0056	0.0035	0.0056	0.0056	0.0056	0.0056	0.0056	0.0056	0.0056	0.006	0.006	0.006	0.006	0.006	0.006	0.006	0.006	0.006	0.006	0.006	0.006	0.006	0.006	0.006	0.006	0.006	0.006	0.006	0.006	0.006	0.006	0.006	0.006	0.006	0.006	0.006	0.006	0.006	0.006	0.006	0.006	0.006	0.006	0.006	0.006	0.006	0.006	0.006	0.006	0.006	0.006	0.006	0.006	0.006	0.006	0.006	0.006	0.006	0.006	0.006	0.006	0.006	0.006	0.006	0.006	0.006	0.006	0.006	0.006	0.006	0.006	0.006	0.006	0.006	0.006	0.006	0.006	0.006	0.006	0.006	0.006	0.006	0.006	0.006	0.006	0.006	0.006	0.006	0.006	0.006
20	0.8438	0.8438	0.8438	0.8438	0.8438	0.9043	0.9043	0.9043	0.9043	0.9043	0.9043	0.9043	0.9043	0.9043	0.9043	0.9043	0.9043	0.9043	0.0213	0.0213	0.0213	0.0213	0.0213	0.0213	0.0213	0.0213	0.0213	0.0213	0.0213	0.0213	0.0213	0.0213	0.0213	0.0213	0.0213	0.0213	0.0213	0.0213	0.0213	0.0213	0.0213	0.0213	0.0213	0.0213	0.0213	0.0213	0.0213	0.0213	0.0213	0.0213	0.0213	0.0213	0.0213	0.0213	0.0213	0.0213	0.0213	0.0213	0.0213	0.0213	0.0213	0.0213	0.0213	0.0213	0.0213	0.0213	0.0213	0.0213	0.0213	0.0213	0.0213	0.0213	0.0213	0.0213	0.0213	0.0213	0.0213	0.0213	0.0213	0.0213	0.0213	0.0213	0.0213	0.0213	0.0213	0.0213	0.0213	0.0213	0.0213	0.0213	0.0213	0.0213	0.0213	0.0154	0.0213	0.0213	0.0213	0.0213	0.0213	0.0213	0.0213	0.0213	0.0213	0.0213	0.0213	0.0213	0.0213	0.0213	0.0213	0.0213	0.0213	0.0213	0.0213	0.0213	0.0213	0.0213	0.0213	0.0213	0.0213	0.0213	0.0213	0.0213	0.0213	0.0213	0.0213	0.0213	0.0213	0.0213	0.0213	0.0213	0.0213	0.0213	0.0213	0.0213	0.0213	0.0213	0.0213	0.0213	0.0213	0.0213	0.0213	0.0213	0.0213	0.0213	0.0213	0.0213	0.0213	0.0213	0.0213	0.0213	0.0213	0.0213	0.0213	0.0213	0.0154	0.0213	0.0213	0.0213	0.0213	0.0213	0.0213	0.0213	0.0213	0.0213	0.0213	0.0213	0.0213	0.0213	0.0213	0.0213	0.0213	0.0213	0.0213	0.0213	0.0213	0.0213	0.0213	0.0213	0.0213	0.0213	0.0213	0.0213	0.0213	0.0213	0.0213	0.0213	0.0213	0.0213	0.0213	0.0213	0.0213	0.0213	0.0213	0.0213	0.0213	0.0213	0.0213	0.0213	0.0213	0.0213	0.0213	0.0213	0.0213	0.0213	0.0213	0.0213	0.0213	0.0213	0.0213	0.0213	0.0213	0.0213	0.0213	0.0213	0.0213	0.0213	0.0213	0.0213	0.0213	0.0213	0.0213	0.0213	0.0213	0.0213	0.0213	0.0213	0.0213	0.0213	0.0213	0.0213	0.0213	0.0213	0.0213	0.0213	0.0213	0.0213	0.0213	0.0213	0.0213	0.0213	0.0213	0.0213	0.0213	0.0213	0.0213	0.0213	0.0213	0.0213	0.0213	0.0213	0.0213	0.0213	0.0213	0.0213	0.0213	0.0213	0.0213	0.0213	0.0213	0.0213	0.0213	0.0213	0.0213	0.0213	0.0213	0.0213	0.0213	0.0213	0.0213	0.0213	0.0213	0.0213	0.0213	0.0213	0.0213	0.0213	0.0213	0.0213	0.0213	0.0213	0.0213	0.0213	0.0213	0.0213	0.0213	0.0213	0.0213	0.0213	0.0213	0.0213	0.0213	0.0213	0.0213	0.0213	0.0213	0.0213	0.0213	0.0213	0.0213	0.0213	0.0213	0.0213	0.0213	0.0213	0.0213	0.0213	0.0213	0.0213	0.0213	0.0213	0.0213	0.0213	0.0213	0.0213	0.0213	0.0213	0.0213	0.0213	0.0213	0.0213	0.0213	0.0213	0.0213	0.0213	0.0213	0.0213	0.0213	0.0213	0.0213	0.0213	0.0213	0.0213	0.0213	0.0213	0.0213	0.0213	0.0213	0.0213	0.0213	0.0213	0.0213	0.0213	0.0213	0.0213	0.0213	0.0213	0.0213	0.0213	0.0213	0.0213	0.0213	0.0213	0.0213	0.0213	0.0213	0.0213	0.0213	0.0213	0.0213	0.0213	0.0213	0.0213	0.0213	0.0213	0.0213	0.0213	0.0213	0.0213	0.0213	0.0213	0.0213	0.0213	0.0213	0.0213	0.0213	0.0213	0.0213	0.0213	0.0213	0.0213	0.0213	0.0213	0.0213	0.0213	0.0213	0.0213	0.0213	0.0213	0.0213	0.0213	0.0213	0.0213	0.0213	0.0213	0.0213	0.0213	0.0213	0.0213	0.0213	0.0213	0.0213	0.0213	0.0213	0.0213	0.0213	0.0213	0.0213	0.0213	0.0213	0.0213	0.0154	0.0213	0.0213	0.0213	0.0213	0.0213	0.0213	0.0213	0.0213	0.0213	0.0213	0.0213	0.0213	0.0213	0.0213	0.0213	0.0213	0.0213	0.0213	0.0213	0.0213	0.0213	0.0213	0.0213	0.0213	0.0213	0.0213	0.0213	0.0213	0.0213	0.0213	0.0213	0.0213	0.0213	0.0154	0.0213	0.0213	0.0213	0.0213	0.0213	0.0213	0.0213	0.0213	0.0213	0.0213	0.0213	0.0213	0.0213	0.0213	0.0213	0.0213	0.0213	0.0213	0.0213	0.0213	0.0213	0.0213	0.0213	0.0213	0.0213	0.0213	0.0213	0.0213	0.0213	0.0213	0.0213	0.0213	0.0213	0.0213	0.0213	0.0213	0.0213	0.0213	0.0213	0.0213	0.0213	0.0213	0.0213	0.0213	0.0213	0.0213	0.0213	0.0213	0.0213	0.0213	0.0213	0.0213	0.0213	0.0213	0.0213	0.0213	0.0213	0.0213	0.0213	0.0213	0.0213	0.0213	0.0213	0.0213	0.0213	0.0213	0.0154	0.0213	0.0213	0.0213	0.0213	0.0213	0.0213	0.0213	0.005	0.005	0.005	0.005	0.005	0.005	0.005	0.005	0.005	0.005	0.005	0.005	0.005	0.005	0.005	0.005	0.005	0.005	0.005	0.005	0.005	0.005	0.005	0.005	0.005	0.005	0.005	0.005	0.005	0.005	0.005	0.005	0.005	0.005	0.005	0.005	0.005	0.005	0.005	0.005	0.005	0.005	0.005	0.005	0.005	0.005	0.005	0.005	0.005	0.005	0.005	0.005	0.005	0.005	0.005	0.005	0.005	0.005	0.005	0.005	0.005	0.005	0.005	0.005	0.005	0.005	0.005	0.005	0.005	0.005	0.005	0.005	0.005	0.005	0.005	0.005	0.005	0.005	0.005	0.005	0.005
21	0.9526	0.9526	0.9526	0.9526	0.9526	0.7372	0.7372	0.7372	0.7372	0.7372	0.7372	0.7372	0.7372	0.7372	0.7372	0.7372	0.7372	0.7372	0.0082	0.0082	0.0082	0.0082	0.0082	0.0082	0.0082	0.0082	0.0082	0.0082	0.0082	0.0082	0.0082	0.0082	0.0082	0.0082	0.0082	0.0082	0.0082	0.0082	0.0082	0.0082	0.0082	0.0082	0.0082	0.0082	0.0082	0.0082	0.0082	0.0082	0.0082	0.0082	0.0082	0.0082	0.0082	0.0082	0.0082	0.0082	0.0082	0.0082	0.0082	0.0082	0.0082	0.0082	0.0082	0.0082	0.0082	0.0082	0.0082	0.0082	0.0082	0.0082	0.0082	0.0082	0.0082	0.0082	0.0082	0.0082	0.0082	0.0082	0.0082	0.0082	0.0082	0.0082	0.0082	0.0082	0.0082	0.0082	0.0082	0.0082	0.0082	0.0082	0.0082	0.0082	0.0082	0.0211	0.0082	0.0082	0.0082	0.0082	0.0082	0.0082	0.0082	0.0082	0.0082	0.0082	0.0082	0.0082	0.0082	0.0082	0.0082	0.0082	0.0082	0.0082	0.0082	0.0082	0.0082	0.0082	0.0082	0.0082	0.0082	0.0082	0.0082	0.0082	0.0082	0.0082	0.0082	0.0082	0.0082	0.0082	0.0082	0.0082	0.0082	0.0082	0.0082	0.0082	0.0082	0.0082	0.0082	0.0082	0.0082	0.0082	0.0082	0.0082	0.0082	0.0082	0.0082	0.0082	0.0082	0.0082	0.0082	0.0082	0.0082	0.0082	0.0082	0.0082	0.0211	0.0082	0.0082	0.0082	0.0082	0.0082	0.0082	0.0082	0.0082	0.0082	0.0082	0.0082	0.0082	0.0082	0.0082	0.0082	0.0082	0.0082	0.0082	0.0082	0.0082	0.0082	0.0082	0.0082	0.0082	0.0082	0.0082	0.0082	0.0082	0.0082	0.0082	0.0082	0.0082	0.0082	0.0082	0.0082	0.0082	0.0082	0.0082	0.0082	0.0082	0.0082	0.0082	0.0082	0.0082	0.0082	0.0082	0.0082	0.0082	0.0082	0.0082	0.0082	0.0082	0.0082	0.0082	0.0082	0.0082	0.0082	0.0082	0.0082	0.0082	0.0082	0.0082	0.0082	0.0082	0.0082	0.0082	0.0082	0.0082	0.0082	0.0082	0.0082	0.0082	0.0082	0.0082	0.0082	0.0082	0.0082	0.0082	0.0082	0.0082	0.0082	0.0082	0.0082	0.0082	0.0082	0.0082	0.0082	0.0082	0.0082	0.0082	0.0082	0.0082	0.0082	0.0082	0.0082	0.0082	0.0082	0.0082	0.0082	0.0082	0.0082	0.0082	0.0082	0.0082	0.0082	0.0082	0.0082	0.0082	0.0082	0.0082	0.0082	0.0082	0.0082	0.0082	0.0082	0.0082	0.0082	0.0082	0.0082	0.0082	0.0082	0.0082	0.0082	0.0082	0.0082	0.0082	0.0082	0.0082	0.0082	0.0082	0.0082	0.0082	0.0082	0.0082	0.0082	0.0082	0.0082	0.0082	0.0082	0.0082	0.0082	0.0082	0.0082	0.0082	0.0082	0.0082	0.0082	0.0082	0.0082	0.0082	0.0082	0.0082	0.0082	0.0082	0.0082	0.0082	0.0082	0.0082	0.0082	0.0082	0.0082	0.0082	0.0082	0.0082	0.0082	0.0082	0.0082	0.0082	0.0082	0.0082	0.0082	0.0082	0.0082	0.0082	0.0082	0.0082	0.0082	0.0082	0.0082	0.0082	0.0082	0.0082	0.0082	0.0082	0.0082	0.0082	0.0082	0.0082	0.0082	0.0082	0.0082	0.0082	0.0082	0.0082	0.0082	0.0082	0.0082	0.0082	0.0082	0.0082	0.0082	0.0082	0.0082	0.0082	0.0082	0.0082	0.0082	0.0082	0.0082	0.0082	0.0082	0.0082	0.0082	0.0082	0.0082	0.0082	0.0082	0.0082	0.0082	0.0082	0.0082	0.0082	0.0082	0.0082	0.0082	0.0082	0.0082	0.0082	0.0082	0.0082	0.0082	0.0082	0.0082	0.0082	0.0082	0.0082	0.0082	0.0082	0.0082	0.0082	0.0082	0.0082	0.0082	0.0082	0.0082	0.0082	0.0082	0.0082	0.0082	0.0082	0.0082	0.0082	0.0082	0.0082	0.0082	0.0211	0.0082	0.0082	0.0082	0.0082	0.0082	0.0082	0.0082	0.0082	0.0082	0.0082	0.0082	0.0082	0.0082	0.0082	0.0082	0.0082	0.0082	0.0082	0.0082	0.0082	0.0082	0.0082	0.0082	0.0082	0.0082	0.0082	0.0082	0.0082	0.0082	0.0082	0.0082	0.0082	0.0082	0.0211	0.0082	0.0082	0.0082	0.0082	0.0082	0.0082	0.0082	0.0082	0.0082	0.0082	0.0082	0.0082	0.0082	0.0082	0.0082	0.0082	0.0082	0.0082	0.0082	0.0082	0.0082	0.0082	0.0082	0.0082	0.0082	0.0082	0.0082	0.0082	0.0082	0.0082	0.0082	0.0082	0.0082	0.0082	0.0082	0.0082	0.0082	0.0082	0.0082	0.0082	0.0082	0.0082	0.0082	0.0082	0.0082	0.0082	0.0082	0.0082	0.0082	0.0082	0.0082	0.0082	0.0082	0.0082	0.0082	0.0082	0.0082	0.0082	0.0082	0.0082	0.0082	0.0082	0.0082	0.0082	0.0082	0.0082	0.0211	0.0082	0.0082	0.0082	0.0082	0.0082	0.0082	0.0082	0.0036	0.0036	0.0036	0.0036	0.0036	0.0036	0.0036	0.0036	0.0036	0.0036	0.0036	0.0036	0.0036	0.0036	0.0036	0.0036	0.0036	0.0036	0.0036	0.0036	0.0036	0.0036	0.0036	0.0036	0.0036	0.0036	0.0036	0.0036	0.0036	0.0036	0.0036	0.0036	0.0036	0.0036	0.0036	0.0036	0.0036	0.0036	0.0036	0.0036	0.0036	0.0036	0.0036	0.0036	0.0036	0.0036	0.0036	0.0036	0.0036	0.0036	0.0036	0.0036	0.0036	0.0036	0.0036	0.0036	0.0036	0.0036	0.0036	0.0036	0.0036	0.0036	0.0036	0.0036	0.0036	0.0036	0.0036	0.0036	0.0036	0.0036	0.0036	0.0036	0.0036	0.0036	0.0036	0.0036	0.0036	0.0036	0.0036	0.0036	0.0036
22	0.9502	0.9502	0.9502	0.9502	0.9502	0.9517	0.9517	0.9517	0.9517	0.9517	0.9517	0.9517	0.9517	0.9517	0.9517	0.9517	0.9517	0.9517	0.0208	0.0208	0.0208	0.0208	0.0208	0.0208	0.0208	0.0208	0.0208	0.0208	0.0208	0.0208	0.0208	0.0208	0.0208	0.0208	0.0208	0.0208	0.0208	0.0208	0.0208	0.0208	0.0208	0.0208	0.0208	0.0208	0.0208	0.0208	0.0208	0.0208	0.0208	0.0208	0.0208	0.0208	0.0208	0.0208	0.0208	0.0208	0.0208	0.0208	0.0208	0.0208	0.0208	0.0208	0.0208	0.0208	0.0208	0.0208	0.0208	0.0208	0.0208	0.0208	0.0208	0.0208	0.0208	0.0208	0.0208	0.0208	0.0208	0.0208	0.0208	0.0208	0.0208	0.0208	0.0208	0.0208	0.0208	0.0208	0.0208	0.0208	0.0208	0.0208	0.0208	0.0208	0.0208	0.0579	0.0208	0.0208	0.0208	0.0208	0.0208	0.0208	0.0208	0.0208	0.0208	0.0208	0.0208	0.0208	0.0208	0.0208	0.0208	0.0208	0.0208	0.0208	0.0208	0.0208	0.0208	0.0208	0.0208	0.0208	0.0208	0.0208	0.0208	0.0208	0.0208	0.0208	0.0208	0.0208	0.0208	0.0208	0.0208	0.0208	0.0208	0.0208	0.0208	0.0208	0.0208	0.0208	0.0208	0.0208	0.0208	0.0208	0.0208	0.0208	0.0208	0.0208	0.0208	0.0208	0.0208	0.0208	0.0208	0.0208	0.0208	0.0208	0.0208	0.0208	0.0579	0.0208	0.0208	0.0208	0.0208	0.0208	0.0208	0.0208	0.0208	0.0208	0.0208	0.0208	0.0208	0.0208	0.0208	0.0208	0.0208	0.0208	0.0208	0.0208	0.0208	0.0208	0.0208	0.0208	0.0208	0.0208	0.0208	0.0208	0.0208	0.0208	0.0208	0.0208	0.0208	0.0208	0.0208	0.0208	0.0208	0.0208	0.0208	0.0208	0.0208	0.0208	0.0208	0.0208	0.0208	0.0208	0.0208	0.0208	0.0208	0.0208	0.0208	0.0208	0.0208	0.0208	0.0208	0.0208	0.0208	0.0208	0.0208	0.0208	0.0208	0.0208	0.0208	0.0208	0.0208	0.0208	0.0208	0.0208	0.0208	0.0208	0.0208	0.0208	0.0208	0.0208	0.0208	0.0208	0.0208	0.0208	0.0208	0.0208	0.0208	0.0208	0.0208	0.0208	0.0208	0.0208	0.0208	0.0208	0.0208	0.0208	0.0208	0.0208	0.0208	0.0208	0.0208	0.0208	0.0208	0.0208	0.0208	0.0208	0.0208	0.0208	0.0208	0.0208	0.0208	0.0208	0.0208	0.0208	0.0208	0.0208	0.0208	0.0208	0.0208	0.0208	0.0208	0.0208	0.0208	0.0208	0.0208	0.0208	0.0208	0.0208	0.0208	0.0208	0.0208	0.0208	0.0208	0.0208	0.0208	0.0208	0.0208	0.0208	0.0208	0.0208	0.0208	0.0208	0.0208	0.0208	0.0208	0.0208	0.0208	0.0208	0.0208	0.0208	0.0208	0.0208	0.0208	0.0208	0.0208	0.0208	0.0208	0.0208	0.0208	0.0208	0.0208	0.0208	0.0208	0.0208	0.0208	0.0208	0.0208	0.0208	0.0208	0.0208	0.0208	0.0208	0.0208	0.0208	0.0208	0.0208	0.0208	0.0208	0.0208	0.0208	0.0208	0.0208	0.0208	0.0208	0.0208	0.0208	0.0208	0.0208	0.0208	0.0208	0.0208	0.0208	0.0208	0.0208	0.0208	0.0208	0.0208	0.0208	0.0208	0.0208	0.0208	0.0208	0.0208	0.0208	0.0208	0.0208	0.0208	0.0208	0.0208	0.0208	0.0208	0.0208	0.0208	0.0208	0.0208	0.0208	0.0208	0.0208	0.0208	0.0208	0.0208	0.0208	0.0208	0.0208	0.0208	0.0208	0.0208	0.0208	0.0208	0.0208	0.0208	0.0208	0.0208	0.0208	0.0208	0.0208	0.0208	0.0208	0.0208	0.0208	0.0208	0.0208	0.0208	0.0208	0.0208	0.0208	0.0208	0.0208	0.0208	0.0208	0.0208	0.0208	0.0208	0.0208	0.0208	0.0208	0.0208	0.0208	0.0208	0.0208	0.0208	0.0208	0.0579	0.0208	0.0208	0.0208	0.0208	0.0208	0.0208	0.0208	0.0208	0.0208	0.0208	0.0208	0.0208	0.0208	0.0208	0.0208	0.0208	0.0208	0.0208	0.0208	0.0208	0.0208	0.0208	0.0208	0.0208	0.0208	0.0208	0.0208	0.0208	0.0208	0.0208	0.0208	0.0208	0.0208	0.0579	0.0208	0.0208	0.0208	0.0208	0.0208	0.0208	0.0208	0.0208	0.0208	0.0208	0.0208	0.0208	0.0208	0.0208	0.0208	0.0208	0.0208	0.0208	0.0208	0.0208	0.0208	0.0208	0.0208	0.0208	0.0208	0.0208	0.0208	0.0208	0.0208	0.0208	0.0208	0.0208	0.0208	0.0208	0.0208	0.0208	0.0208	0.0208	0.0208	0.0208	0.0208	0.0208	0.0208	0.0208	0.0208	0.0208	0.0208	0.0208	0.0208	0.0208	0.0208	0.0208	0.0208	0.0208	0.0208	0.0208	0.0208	0.0208	0.0208	0.0208	0.0208	0.0208	0.0208	0.0208	0.0208	0.0208	0.0579	0.0208	0.0208	0.0208	0.0208	0.0208	0.0208	0.0208	0.0418	0.0418	0.0418	0.0418	0.0418	0.0418	0.0418	0.0418	0.0418	0.0418	0.0418	0.0418	0.0418	0.0418	0.0418	0.0418	0.0418	0.0418	0.0418	0.0418	0.0418	0.0418	0.0418	0.0418	0.0418	0.0418	0.0418	0.0418	0.0418	0.0418	0.0418	0.0418	0.0418	0.0418	0.0418	0.0418	0.0418	0.0418	0.0418	0.0418	0.0418	0.0418	0.0418	0.0418	0.0418	0.0418	0.0418	0.0418	0.0418	0.0418	0.0418	0.0418	0.0418	0.0418	0.0418	0.0418	0.0418	0.0418	0.0418	0.0418	0.0418	0.0418	0.0418	0.0418	0.0418	0.0418	0.0418	0.0418	0.0418	0.0418	0.0418	0.0418	0.0418	0.0418	0.0418	0.0418	0.0418	0.0418	0.0418	0.0418	0.0418
23	0.1987	0.1987	0.1987	0.1987	0.1987	0.0237	0.0237	0.0237	0.0237	0.0237	0.0237	0.0237	0.0237	0.0237	0.0237	0.0237	0.0237	0.0237	0.0122	0.0122	0.0122	0.0122	0.0122	0.0122	0.0122	0.0122	0.0122	0.0122	0.0122	0.0122	0.0122	0.0122	0.0122	0.0122	0.0122	0.0122	0.0122	0.0122	0.0122	0.0122	0.0122	0.0122	0.0122	0.0122	0.0122	0.0122	0.0122	0.0122	0.0122	0.0122	0.0122	0.0122	0.0122	0.0122	0.0122	0.0122	0.0122	0.0122	0.0122	0.0122	0.0122	0.0122	0.0122	0.0122	0.0122	0.0122	0.0122	0.0122	0.0122	0.0122	0.0122	0.0122	0.0122	0.0122	0.0122	0.0122	0.0122	0.0122	0.0122	0.0122	0.0122	0.0122	0.0122	0.0122	0.0122	0.0122	0.0122	0.0122	0.0122	0.0122	0.0122	0.0122	0.0122	0.0741	0.0122	0.0122	0.0122	0.0122	0.0122	0.0122	0.0122	0.0122	0.0122	0.0122	0.0122	0.0122	0.0122	0.0122	0.0122	0.0122	0.0122	0.0122	0.0122	0.0122	0.0122	0.0122	0.0122	0.0122	0.0122	0.0122	0.0122	0.0122	0.0122	0.0122	0.0122	0.0122	0.0122	0.0122	0.0122	0.0122	0.0122	0.0122	0.0122	0.0122	0.0122	0.0122	0.0122	0.0122	0.0122	0.0122	0.0122	0.0122	0.0122	0.0122	0.0122	0.0122	0.0122	0.0122	0.0122	0.0122	0.0122	0.0122	0.0122	0.0122	0.0741	0.0122	0.0122	0.0122	0.0122	0.0122	0.0122	0.0122	0.0122	0.0122	0.0122	0.0122	0.0122	0.0122	0.0122	0.0122	0.0122	0.0122	0.0122	0.0122	0.0122	0.0122	0.0122	0.0122	0.0122	0.0122	0.0122	0.0122	0.0122	0.0122	0.0122	0.0122	0.0122	0.0122	0.0122	0.0122	0.0122	0.0122	0.0122	0.0122	0.0122	0.0122	0.0122	0.0122	0.0122	0.0122	0.0122	0.0122	0.0122	0.0122	0.0122	0.0122	0.0122	0.0122	0.0122	0.0122	0.0122	0.0122	0.0122	0.0122	0.0122	0.0122	0.0122	0.0122	0.0122	0.0122	0.0122	0.0122	0.0122	0.0122	0.0122	0.0122	0.0122	0.0122	0.0122	0.0122	0.0122	0.0122	0.0122	0.0122	0.0122	0.0122	0.0122	0.0122	0.0122	0.0122	0.0122	0.0122	0.0122	0.0122	0.0122	0.0122	0.0122	0.0122	0.0122	0.0122	0.0122	0.0122	0.0122	0.0122	0.0122	0.0122	0.0122	0.0122	0.0122	0.0122	0.0122	0.0122	0.0122	0.0122	0.0122	0.0122	0.0122	0.0122	0.0122	0.0122	0.0122	0.0122	0.0122	0.0122	0.0122	0.0122	0.0122	0.0122	0.0122	0.0122	0.0122	0.0122	0.0122	0.0122	0.0122	0.0122	0.0122	0.0122	0.0122	0.0122	0.0122	0.0122	0.0122	0.0122	0.0122	0.0122	0.0122	0.0122	0.0122	0.0122	0.0122	0.0122	0.0122	0.0122	0.0122	0.0122	0.0122	0.0122	0.0122	0.0122	0.0122	0.0122	0.0122	0.0122	0.0122	0.0122	0.0122	0.0122	0.0122	0.0122	0.0122	0.0122	0.0122	0.0122	0.0122	0.0122	0.0122	0.0122	0.0122	0.0122	0.0122	0.0122	0.0122	0.0122	0.0122	0.0122	0.0122	0.0122	0.0122	0.0122	0.0122	0.0122	0.0122	0.0122	0.0122	0.0122	0.0122	0.0122	0.0122	0.0122	0.0122	0.0122	0.0122	0.0122	0.0122	0.0122	0.0122	0.0122	0.0122	0.0122	0.0122	0.0122	0.0122	0.0122	0.0122	0.0122	0.0122	0.0122	0.0122	0.0122	0.0122	0.0122	0.0122	0.0122	0.0122	0.0122	0.0122	0.0122	0.0122	0.0122	0.0122	0.0122	0.0122	0.0122	0.0122	0.0122	0.0122	0.0122	0.0122	0.0122	0.0122	0.0122	0.0122	0.0122	0.0122	0.0122	0.0122	0.0122	0.0122	0.0122	0.0122	0.0122	0.0122	0.0122	0.0122	0.0122	0.0122	0.0122	0.0122	0.0122	0.0741	0.0122	0.0122	0.0122	0.0122	0.0122	0.0122	0.0122	0.0122	0.0122	0.0122	0.0122	0.0122	0.0122	0.0122	0.0122	0.0122	0.0122	0.0122	0.0122	0.0122	0.0122	0.0122	0.0122	0.0122	0.0122	0.0122	0.0122	0.0122	0.0122	0.0122	0.0122	0.0122	0.0122	0.0741	0.0122	0.0122	0.0122	0.0122	0.0122	0.0122	0.0122	0.0122	0.0122	0.0122	0.0122	0.0122	0.0122	0.0122	0.0122	0.0122	0.0122	0.0122	0.0122	0.0122	0.0122	0.0122	0.0122	0.0122	0.0122	0.0122	0.0122	0.0122	0.0122	0.0122	0.0122	0.0122	0.0122	0.0122	0.0122	0.0122	0.0122	0.0122	0.0122	0.0122	0.0122	0.0122	0.0122	0.0122	0.0122	0.0122	0.0122	0.0122	0.0122	0.0122	0.0122	0.0122	0.0122	0.0122	0.0122	0.0122	0.0122	0.0122	0.0122	0.0122	0.0122	0.0122	0.0122	0.0122	0.0122	0.0122	0.0741	0.0122	0.0122	0.0122	0.0122	0.0122	0.0122	0.0122	0.0055	0.0055	0.0055	0.0055	0.0055	0.0055	0.0055	0.0055	0.0055	0.0055	0.0055	0.0055	0.0055	0.0055	0.0055	0.0055	0.0055	0.0055	0.0055	0.0055	0.0055	0.0055	0.0055	0.0055	0.0055	0.0055	0.0055	0.0055	0.0055	0.0055	0.0055	0.0055	0.0055	0.0055	0.0055	0.0055	0.0055	0.0055	0.0055	0.0055	0.0055	0.0055	0.0055	0.0055	0.0055	0.0055	0.0055	0.0055	0.0055	0.0055	0.0055	0.0055	0.0055	0.0055	0.0055	0.0055	0.0055	0.0055	0.0055	0.0055	0.0055	0.0055	0.0055	0.0055	0.0055	0.0055	0.0055	0.0055	0.0055	0.0055	0.0055	0.0055	0.0055	0.0055	0.0055	0.0055	0.0055	0.0055	0.0055	0.0055	0.0055
24	0.0923	0.0923	0.0923	0.0923	0.0923	0.038	0.038	0.038	0.038	0.038	0.038	0.038	0.038	0.038	0.038	0.038	0.038	0.038	0.0302	0.0302	0.0302	0.0302	0.0302	0.0302	0.0302	0.0302	0.0302	0.0302	0.0302	0.0302	0.0302	0.0302	0.0302	0.0302	0.0302	0.0302	0.0302	0.0302	0.0302	0.0302	0.0302	0.0302	0.0302	0.0302	0.0302	0.0302	0.0302	0.0302	0.0302	0.0302	0.0302	0.0302	0.0302	0.0302	0.0302	0.0302	0.0302	0.0302	0.0302	0.0302	0.0302	0.0302	0.0302	0.0302	0.0302	0.0302	0.0302	0.0302	0.0302	0.0302	0.0302	0.0302	0.0302	0.0302	0.0302	0.0302	0.0302	0.0302	0.0302	0.0302	0.0302	0.0302	0.0302	0.0302	0.0302	0.0302	0.0302	0.0302	0.0302	0.0302	0.0302	0.0302	0.0302	0.0167	0.0302	0.0302	0.0302	0.0302	0.0302	0.0302	0.0302	0.0302	0.0302	0.0302	0.0302	0.0302	0.0302	0.0302	0.0302	0.0302	0.0302	0.0302	0.0302	0.0302	0.0302	0.0302	0.0302	0.0302	0.0302	0.0302	0.0302	0.0302	0.0302	0.0302	0.0302	0.0302	0.0302	0.0302	0.0302	0.0302	0.0302	0.0302	0.0302	0.0302	0.0302	0.0302	0.0302	0.0302	0.0302	0.0302	0.0302	0.0302	0.0302	0.0302	0.0302	0.0302	0.0302	0.0302	0.0302	0.0302	0.0302	0.0302	0.0302	0.0302	0.0167	0.0302	0.0302	0.0302	0.0302	0.0302	0.0302	0.0302	0.0302	0.0302	0.0302	0.0302	0.0302	0.0302	0.0302	0.0302	0.0302	0.0302	0.0302	0.0302	0.0302	0.0302	0.0302	0.0302	0.0302	0.0302	0.0302	0.0302	0.0302	0.0302	0.0302	0.0302	0.0302	0.0302	0.0302	0.0302	0.0302	0.0302	0.0302	0.0302	0.0302	0.0302	0.0302	0.0302	0.0302	0.0302	0.0302	0.0302	0.0302	0.0302	0.0302	0.0302	0.0302	0.0302	0.0302	0.0302	0.0302	0.0302	0.0302	0.0302	0.0302	0.0302	0.0302	0.0302	0.0302	0.0302	0.0302	0.0302	0.0302	0.0302	0.0302	0.0302	0.0302	0.0302	0.0302	0.0302	0.0302	0.0302	0.0302	0.0302	0.0302	0.0302	0.0302	0.0302	0.0302	0.0302	0.0302	0.0302	0.0302	0.0302	0.0302	0.0302	0.0302	0.0302	0.0302	0.0302	0.0302	0.0302	0.0302	0.0302	0.0302	0.0302	0.0302	0.0302	0.0302	0.0302	0.0302	0.0302	0.0302	0.0302	0.0302	0.0302	0.0302	0.0302	0.0302	0.0302	0.0302	0.0302	0.0302	0.0302	0.0302	0.0302	0.0302	0.0302	0.0302	0.0302	0.0302	0.0302	0.0302	0.0302	0.0302	0.0302	0.0302	0.0302	0.0302	0.0302	0.0302	0.0302	0.0302	0.0302	0.0302	0.0302	0.0302	0.0302	0.0302	0.0302	0.0302	0.0302	0.0302	0.0302	0.0302	0.0302	0.0302	0.0302	0.0302	0.0302	0.0302	0.0302	0.0302	0.0302	0.0302	0.0302	0.0302	0.0302	0.0302	0.0302	0.0302	0.0302	0.0302	0.0302	0.0302	0.0302	0.0302	0.0302	0.0302	0.0302	0.0302	0.0302	0.0302	0.0302	0.0302	0.0302	0.0302	0.0302	0.0302	0.0302	0.0302	0.0302	0.0302	0.0302	0.0302	0.0302	0.0302	0.0302	0.0302	0.0302	0.0302	0.0302	0.0302	0.0302	0.0302	0.0302	0.0302	0.0302	0.0302	0.0302	0.0302	0.0302	0.0302	0.0302	0.0302	0.0302	0.0302	0.0302	0.0302	0.0302	0.0302	0.0302	0.0302	0.0302	0.0302	0.0302	0.0302	0.0302	0.0302	0.0302	0.0302	0.0302	0.0302	0.0302	0.0302	0.0302	0.0302	0.0302	0.0302	0.0302	0.0302	0.0302	0.0302	0.0302	0.0302	0.0302	0.0302	0.0302	0.0302	0.0302	0.0302	0.0302	0.0302	0.0302	0.0302	0.0302	0.0302	0.0302	0.0302	0.0302	0.0167	0.0302	0.0302	0.0302	0.0302	0.0302	0.0302	0.0302	0.0302	0.0302	0.0302	0.0302	0.0302	0.0302	0.0302	0.0302	0.0302	0.0302	0.0302	0.0302	0.0302	0.0302	0.0302	0.0302	0.0302	0.0302	0.0302	0.0302	0.0302	0.0302	0.0302	0.0302	0.0302	0.0302	0.0167	0.0302	0.0302	0.0302	0.0302	0.0302	0.0302	0.0302	0.0302	0.0302	0.0302	0.0302	0.0302	0.0302	0.0302	0.0302	0.0302	0.0302	0.0302	0.0302	0.0302	0.0302	0.0302	0.0302	0.0302	0.0302	0.0302	0.0302	0.0302	0.0302	0.0302	0.0302	0.0302	0.0302	0.0302	0.0302	0.0302	0.0302	0.0302	0.0302	0.0302	0.0302	0.0302	0.0302	0.0302	0.0302	0.0302	0.0302	0.0302	0.0302	0.0302	0.0302	0.0302	0.0302	0.0302	0.0302	0.0302	0.0302	0.0302	0.0302	0.0302	0.0302	0.0302	0.0302	0.0302	0.0302	0.0302	0.0167	0.0302	0.0302	0.0302	0.0302	0.0302	0.0302	0.0302	0.0342	0.0342	0.0342	0.0342	0.0342	0.0342	0.0342	0.0342	0.0342	0.0342	0.0342	0.0342	0.0342	0.0342	0.0342	0.0342	0.0342	0.0342	0.0342	0.0342	0.0342	0.0342	0.0342	0.0342	0.0342	0.0342	0.0342	0.0342	0.0342	0.0342	0.0342	0.0342	0.0342	0.0342	0.0342	0.0342	0.0342	0.0342	0.0342	0.0342	0.0342	0.0342	0.0342	0.0342	0.0342	0.0342	0.0342	0.0342	0.0342	0.0342	0.0342	0.0342	0.0342	0.0342	0.0342	0.0342	0.0342	0.0342	0.0342	0.0342	0.0342	0.0342	0.0342	0.0342	0.0342	0.0342	0.0342	0.0342	0.0342	0.0342	0.0342	0.0342	0.0342	0.0342	0.0342	0.0342	0.0342	0.0342	0.0342	0.0342	0.0342
25	0.0673	0.0673	0.0673	0.0673	0.0673	0.0214	0.0214	0.0214	0.0214	0.0214	0.0214	0.0214	0.0214	0.0214	0.0214	0.0214	0.0214	0.0214	0.0266	0.0266	0.0266	0.0266	0.0266	0.0266	0.0266	0.0266	0.0266	0.0266	0.0266	0.0266	0.0266	0.0266	0.0266	0.0266	0.0266	0.0266	0.0266	0.0266	0.0266	0.0266	0.0266	0.0266	0.0266	0.0266	0.0266	0.0266	0.0266	0.0266	0.0266	0.0266	0.0266	0.0266	0.0266	0.0266	0.0266	0.0266	0.0266	0.0266	0.0266	0.0266	0.0266	0.0266	0.0266	0.0266	0.0266	0.0266	0.0266	0.0266	0.0266	0.0266	0.0266	0.0266	0.0266	0.0266	0.0266	0.0266	0.0266	0.0266	0.0266	0.0266	0.0266	0.0266	0.0266	0.0266	0.0266	0.0266	0.0266	0.0266	0.0266	0.0266	0.0266	0.0266	0.0266	0.0319	0.0266	0.0266	0.0266	0.0266	0.0266	0.0266	0.0266	0.0266	0.0266	0.0266	0.0266	0.0266	0.0266	0.0266	0.0266	0.0266	0.0266	0.0266	0.0266	0.0266	0.0266	0.0266	0.0266	0.0266	0.0266	0.0266	0.0266	0.0266	0.0266	0.0266	0.0266	0.0266	0.0266	0.0266	0.0266	0.0266	0.0266	0.0266	0.0266	0.0266	0.0266	0.0266	0.0266	0.0266	0.0266	0.0266	0.0266	0.0266	0.0266	0.0266	0.0266	0.0266	0.0266	0.0266	0.0266	0.0266	0.0266	0.0266	0.0266	0.0266	0.0319	0.0266	0.0266	0.0266	0.0266	0.0266	0.0266	0.0266	0.0266	0.0266	0.0266	0.0266	0.0266	0.0266	0.0266	0.0266	0.0266	0.0266	0.0266	0.0266	0.0266	0.0266	0.0266	0.0266	0.0266	0.0266	0.0266	0.0266	0.0266	0.0266	0.0266	0.0266	0.0266	0.0266	0.0266	0.0266	0.0266	0.0266	0.0266	0.0266	0.0266	0.0266	0.0266	0.0266	0.0266	0.0266	0.0266	0.0266	0.0266	0.0266	0.0266	0.0266	0.0266	0.0266	0.0266	0.0266	0.0266	0.0266	0.0266	0.0266	0.0266	0.0266	0.0266	0.0266	0.0266	0.0266	0.0266	0.0266	0.0266	0.0266	0.0266	0.0266	0.0266	0.0266	0.0266	0.0266	0.0266	0.0266	0.0266	0.0266	0.0266	0.0266	0.0266	0.0266	0.0266	0.0266	0.0266	0.0266	0.0266	0.0266	0.0266	0.0266	0.0266	0.0266	0.0266	0.0266	0.0266	0.0266	0.0266	0.0266	0.0266	0.0266	0.0266	0.0266	0.0266	0.0266	0.0266	0.0266	0.0266	0.0266	0.0266	0.0266	0.0266	0.0266	0.0266	0.0266	0.0266	0.0266	0.0266	0.0266	0.0266	0.0266	0.0266	0.0266	0.0266	0.0266	0.0266	0.0266	0.0266	0.0266	0.0266	0.0266	0.0266	0.0266	0.0266	0.0266	0.0266	0.0266	0.0266	0.0266	0.0266	0.0266	0.0266	0.0266	0.0266	0.0266	0.0266	0.0266	0.0266	0.0266	0.0266	0.0266	0.0266	0.0266	0.0266	0.0266	0.0266	0.0266	0.0266	0.0266	0.0266	0.0266	0.0266	0.0266	0.0266	0.0266	0.0266	0.0266	0.0266	0.0266	0.0266	0.0266	0.0266	0.0266	0.0266	0.0266	0.0266	0.0266	0.0266	0.0266	0.0266	0.0266	0.0266	0.0266	0.0266	0.0266	0.0266	0.0266	0.0266	0.0266	0.0266	0.0266	0.0266	0.0266	0.0266	0.0266	0.0266	0.0266	0.0266	0.0266	0.0266	0.0266	0.0266	0.0266	0.0266	0.0266	0.0266	0.0266	0.0266	0.0266	0.0266	0.0266	0.0266	0.0266	0.0266	0.0266	0.0266	0.0266	0.0266	0.0266	0.0266	0.0266	0.0266	0.0266	0.0266	0.0266	0.0266	0.0266	0.0266	0.0266	0.0266	0.0266	0.0266	0.0266	0.0266	0.0266	0.0266	0.0266	0.0266	0.0266	0.0266	0.0266	0.0266	0.0266	0.0266	0.0266	0.0266	0.0266	0.0266	0.0266	0.0266	0.0266	0.0266	0.0266	0.0266	0.0266	0.0319	0.0266	0.0266	0.0266	0.0266	0.0266	0.0266	0.0266	0.0266	0.0266	0.0266	0.0266	0.0266	0.0266	0.0266	0.0266	0.0266	0.0266	0.0266	0.0266	0.0266	0.0266	0.0266	0.0266	0.0266	0.0266	0.0266	0.0266	0.0266	0.0266	0.0266	0.0266	0.0266	0.0266	0.0319	0.0266	0.0266	0.0266	0.0266	0.0266	0.0266	0.0266	0.0266	0.0266	0.0266	0.0266	0.0266	0.0266	0.0266	0.0266	0.0266	0.0266	0.0266	0.0266	0.0266	0.0266	0.0266	0.0266	0.0266	0.0266	0.0266	0.0266	0.0266	0.0266	0.0266	0.0266	0.0266	0.0266	0.0266	0.0266	0.0266	0.0266	0.0266	0.0266	0.0266	0.0266	0.0266	0.0266	0.0266	0.0266	0.0266	0.0266	0.0266	0.0266	0.0266	0.0266	0.0266	0.0266	0.0266	0.0266	0.0266	0.0266	0.0266	0.0266	0.0266	0.0266	0.0266	0.0266	0.0266	0.0266	0.0266	0.0319	0.0266	0.0266	0.0266	0.0266	0.0266	0.0266	0.0266	0.0031	0.0031	0.0031	0.0031	0.0031	0.0031	0.0031	0.0031	0.0031	0.0031	0.0031	0.0031	0.0031	0.0031	0.0031	0.0031	0.0031	0.0031	0.0031	0.0031	0.0031	0.0031	0.0031	0.0031	0.0031	0.0031	0.0031	0.0031	0.0031	0.0031	0.0031	0.0031	0.0031	0.0031	0.0031	0.0031	0.0031	0.0031	0.0031	0.0031	0.0031	0.0031	0.0031	0.0031	0.0031	0.0031	0.0031	0.0031	0.0031	0.0031	0.0031	0.0031	0.0031	0.0031	0.0031	0.0031	0.0031	0.0031	0.0031	0.0031	0.0031	0.0031	0.0031	0.0031	0.0031	0.0031	0.0031	0.0031	0.0031	0.0031	0.0031	0.0031	0.0031	0.0031	0.0031	0.0031	0.0031	0.0031	0.0031	0.0031	0.0031
26	0.0601	0.0601	0.0601	0.0601	0.0601	0.0963	0.0963	0.0963	0.0963	0.0963	0.0963	0.0963	0.0963	0.0963	0.0963	0.0963	0.0963	0.0963	0.0104	0.0104	0.0104	0.0104	0.0104	0.0104	0.0104	0.0104	0.0104	0.0104	0.0104	0.0104	0.0104	0.0104	0.0104	0.0104	0.0104	0.0104	0.0104	0.0104	0.0104	0.0104	0.0104	0.0104	0.0104	0.0104	0.0104	0.0104	0.0104	0.0104	0.0104	0.0104	0.0104	0.0104	0.0104	0.0104	0.0104	0.0104	0.0104	0.0104	0.0104	0.0104	0.0104	0.0104	0.0104	0.0104	0.0104	0.0104	0.0104	0.0104	0.0104	0.0104	0.0104	0.0104	0.0104	0.0104	0.0104	0.0104	0.0104	0.0104	0.0104	0.0104	0.0104	0.0104	0.0104	0.0104	0.0104	0.0104	0.0104	0.0104	0.0104	0.0104	0.0104	0.0104	0.0104	0.0211	0.0104	0.0104	0.0104	0.0104	0.0104	0.0104	0.0104	0.0104	0.0104	0.0104	0.0104	0.0104	0.0104	0.0104	0.0104	0.0104	0.0104	0.0104	0.0104	0.0104	0.0104	0.0104	0.0104	0.0104	0.0104	0.0104	0.0104	0.0104	0.0104	0.0104	0.0104	0.0104	0.0104	0.0104	0.0104	0.0104	0.0104	0.0104	0.0104	0.0104	0.0104	0.0104	0.0104	0.0104	0.0104	0.0104	0.0104	0.0104	0.0104	0.0104	0.0104	0.0104	0.0104	0.0104	0.0104	0.0104	0.0104	0.0104	0.0104	0.0104	0.0211	0.0104	0.0104	0.0104	0.0104	0.0104	0.0104	0.0104	0.0104	0.0104	0.0104	0.0104	0.0104	0.0104	0.0104	0.0104	0.0104	0.0104	0.0104	0.0104	0.0104	0.0104	0.0104	0.0104	0.0104	0.0104	0.0104	0.0104	0.0104	0.0104	0.0104	0.0104	0.0104	0.0104	0.0104	0.0104	0.0104	0.0104	0.0104	0.0104	0.0104	0.0104	0.0104	0.0104	0.0104	0.0104	0.0104	0.0104	0.0104	0.0104	0.0104	0.0104	0.0104	0.0104	0.0104	0.0104	0.0104	0.0104	0.0104	0.0104	0.0104	0.0104	0.0104	0.0104	0.0104	0.0104	0.0104	0.0104	0.0104	0.0104	0.0104	0.0104	0.0104	0.0104	0.0104	0.0104	0.0104	0.0104	0.0104	0.0104	0.0104	0.0104	0.0104	0.0104	0.0104	0.0104	0.0104	0.0104	0.0104	0.0104	0.0104	0.0104	0.0104	0.0104	0.0104	0.0104	0.0104	0.0104	0.0104	0.0104	0.0104	0.0104	0.0104	0.0104	0.0104	0.0104	0.0104	0.0104	0.0104	0.0104	0.0104	0.0104	0.0104	0.0104	0.0104	0.0104	0.0104	0.0104	0.0104	0.0104	0.0104	0.0104	0.0104	0.0104	0.0104	0.0104	0.0104	0.0104	0.0104	0.0104	0.0104	0.0104	0.0104	0.0104	0.0104	0.0104	0.0104	0.0104	0.0104	0.0104	0.0104	0.0104	0.0104	0.0104	0.0104	0.0104	0.0104	0.0104	0.0104	0.0104	0.0104	0.0104	0.0104	0.0104	0.0104	0.0104	0.0104	0.0104	0.0104	0.0104	0.0104	0.0104	0.0104	0.0104	0.0104	0.0104	0.0104	0.0104	0.0104	0.0104	0.0104	0.0104	0.0104	0.0104	0.0104	0.0104	0.0104	0.0104	0.0104	0.0104	0.0104	0.0104	0.0104	0.0104	0.0104	0.0104	0.0104	0.0104	0.0104	0.0104	0.0104	0.0104	0.0104	0.0104	0.0104	0.0104	0.0104	0.0104	0.0104	0.0104	0.0104	0.0104	0.0104	0.0104	0.0104	0.0104	0.0104	0.0104	0.0104	0.0104	0.0104	0.0104	0.0104	0.0104	0.0104	0.0104	0.0104	0.0104	0.0104	0.0104	0.0104	0.0104	0.0104	0.0104	0.0104	0.0104	0.0104	0.0104	0.0104	0.0104	0.0104	0.0104	0.0104	0.0104	0.0104	0.0104	0.0104	0.0104	0.0104	0.0104	0.0104	0.0104	0.0104	0.0104	0.0104	0.0104	0.0104	0.0104	0.0104	0.0104	0.0104	0.0104	0.0104	0.0104	0.0104	0.0104	0.0211	0.0104	0.0104	0.0104	0.0104	0.0104	0.0104	0.0104	0.0104	0.0104	0.0104	0.0104	0.0104	0.0104	0.0104	0.0104	0.0104	0.0104	0.0104	0.0104	0.0104	0.0104	0.0104	0.0104	0.0104	0.0104	0.0104	0.0104	0.0104	0.0104	0.0104	0.0104	0.0104	0.0104	0.0211	0.0104	0.0104	0.0104	0.0104	0.0104	0.0104	0.0104	0.0104	0.0104	0.0104	0.0104	0.0104	0.0104	0.0104	0.0104	0.0104	0.0104	0.0104	0.0104	0.0104	0.0104	0.0104	0.0104	0.0104	0.0104	0.0104	0.0104	0.0104	0.0104	0.0104	0.0104	0.0104	0.0104	0.0104	0.0104	0.0104	0.0104	0.0104	0.0104	0.0104	0.0104	0.0104	0.0104	0.0104	0.0104	0.0104	0.0104	0.0104	0.0104	0.0104	0.0104	0.0104	0.0104	0.0104	0.0104	0.0104	0.0104	0.0104	0.0104	0.0104	0.0104	0.0104	0.0104	0.0104	0.0104	0.0104	0.0211	0.0104	0.0104	0.0104	0.0104	0.0104	0.0104	0.0104	0.006	0.006	0.006	0.006	0.006	0.006	0.006	0.006	0.006	0.006	0.006	0.006	0.006	0.006	0.006	0.006	0.006	0.006	0.006	0.006	0.006	0.006	0.006	0.006	0.006	0.006	0.006	0.006	0.006	0.006	0.006	0.006	0.006	0.006	0.006	0.006	0.006	0.006	0.006	0.006	0.006	0.006	0.006	0.006	0.006	0.006	0.006	0.006	0.006	0.006	0.006	0.006	0.006	0.006	0.006	0.006	0.006	0.006	0.006	0.006	0.006	0.006	0.006	0.006	0.006	0.006	0.006	0.006	0.006	0.006	0.006	0.006	0.006	0.006	0.006	0.006	0.006	0.006	0.006	0.006	0.006
27	0.0625	0.0625	0.0625	0.0625	0.0625	0.0236	0.0236	0.0236	0.0236	0.0236	0.0236	0.0236	0.0236	0.0236	0.0236	0.0236	0.0236	0.0236	0.0269	0.0269	0.0269	0.0269	0.0269	0.0269	0.0269	0.0269	0.0269	0.0269	0.0269	0.0269	0.0269	0.0269	0.0269	0.0269	0.0269	0.0269	0.0269	0.0269	0.0269	0.0269	0.0269	0.0269	0.0269	0.0269	0.0269	0.0269	0.0269	0.0269	0.0269	0.0269	0.0269	0.0269	0.0269	0.0269	0.0269	0.0269	0.0269	0.0269	0.0269	0.0269	0.0269	0.0269	0.0269	0.0269	0.0269	0.0269	0.0269	0.0269	0.0269	0.0269	0.0269	0.0269	0.0269	0.0269	0.0269	0.0269	0.0269	0.0269	0.0269	0.0269	0.0269	0.0269	0.0269	0.0269	0.0269	0.0269	0.0269	0.0269	0.0269	0.0269	0.0269	0.0269	0.0269	0.0442	0.0269	0.0269	0.0269	0.0269	0.0269	0.0269	0.0269	0.0269	0.0269	0.0269	0.0269	0.0269	0.0269	0.0269	0.0269	0.0269	0.0269	0.0269	0.0269	0.0269	0.0269	0.0269	0.0269	0.0269	0.0269	0.0269	0.0269	0.0269	0.0269	0.0269	0.0269	0.0269	0.0269	0.0269	0.0269	0.0269	0.0269	0.0269	0.0269	0.0269	0.0269	0.0269	0.0269	0.0269	0.0269	0.0269	0.0269	0.0269	0.0269	0.0269	0.0269	0.0269	0.0269	0.0269	0.0269	0.0269	0.0269	0.0269	0.0269	0.0269	0.0442	0.0269	0.0269	0.0269	0.0269	0.0269	0.0269	0.0269	0.0269	0.0269	0.0269	0.0269	0.0269	0.0269	0.0269	0.0269	0.0269	0.0269	0.0269	0.0269	0.0269	0.0269	0.0269	0.0269	0.0269	0.0269	0.0269	0.0269	0.0269	0.0269	0.0269	0.0269	0.0269	0.0269	0.0269	0.0269	0.0269	0.0269	0.0269	0.0269	0.0269	0.0269	0.0269	0.0269	0.0269	0.0269	0.0269	0.0269	0.0269	0.0269	0.0269	0.0269	0.0269	0.0269	0.0269	0.0269	0.0269	0.0269	0.0269	0.0269	0.0269	0.0269	0.0269	0.0269	0.0269	0.0269	0.0269	0.0269	0.0269	0.0269	0.0269	0.0269	0.0269	0.0269	0.0269	0.0269	0.0269	0.0269	0.0269	0.0269	0.0269	0.0269	0.0269	0.0269	0.0269	0.0269	0.0269	0.0269	0.0269	0.0269	0.0269	0.0269	0.0269	0.0269	0.0269	0.0269	0.0269	0.0269	0.0269	0.0269	0.0269	0.0269	0.0269	0.0269	0.0269	0.0269	0.0269	0.0269	0.0269	0.0269	0.0269	0.0269	0.0269	0.0269	0.0269	0.0269	0.0269	0.0269	0.0269	0.0269	0.0269	0.0269	0.0269	0.0269	0.0269	0.0269	0.0269	0.0269	0.0269	0.0269	0.0269	0.0269	0.0269	0.0269	0.0269	0.0269	0.0269	0.0269	0.0269	0.0269	0.0269	0.0269	0.0269	0.0269	0.0269	0.0269	0.0269	0.0269	0.0269	0.0269	0.0269	0.0269	0.0269	0.0269	0.0269	0.0269	0.0269	0.0269	0.0269	0.0269	0.0269	0.0269	0.0269	0.0269	0.0269	0.0269	0.0269	0.0269	0.0269	0.0269	0.0269	0.0269	0.0269	0.0269	0.0269	0.0269	0.0269	0.0269	0.0269	0.0269	0.0269	0.0269	0.0269	0.0269	0.0269	0.0269	0.0269	0.0269	0.0269	0.0269	0.0269	0.0269	0.0269	0.0269	0.0269	0.0269	0.0269	0.0269	0.0269	0.0269	0.0269	0.0269	0.0269	0.0269	0.0269	0.0269	0.0269	0.0269	0.0269	0.0269	0.0269	0.0269	0.0269	0.0269	0.0269	0.0269	0.0269	0.0269	0.0269	0.0269	0.0269	0.0269	0.0269	0.0269	0.0269	0.0269	0.0269	0.0269	0.0269	0.0269	0.0269	0.0269	0.0269	0.0269	0.0269	0.0269	0.0269	0.0269	0.0269	0.0269	0.0269	0.0269	0.0269	0.0269	0.0269	0.0269	0.0269	0.0269	0.0269	0.0269	0.0269	0.0269	0.0269	0.0269	0.0269	0.0269	0.0442	0.0269	0.0269	0.0269	0.0269	0.0269	0.0269	0.0269	0.0269	0.0269	0.0269	0.0269	0.0269	0.0269	0.0269	0.0269	0.0269	0.0269	0.0269	0.0269	0.0269	0.0269	0.0269	0.0269	0.0269	0.0269	0.0269	0.0269	0.0269	0.0269	0.0269	0.0269	0.0269	0.0269	0.0442	0.0269	0.0269	0.0269	0.0269	0.0269	0.0269	0.0269	0.0269	0.0269	0.0269	0.0269	0.0269	0.0269	0.0269	0.0269	0.0269	0.0269	0.0269	0.0269	0.0269	0.0269	0.0269	0.0269	0.0269	0.0269	0.0269	0.0269	0.0269	0.0269	0.0269	0.0269	0.0269	0.0269	0.0269	0.0269	0.0269	0.0269	0.0269	0.0269	0.0269	0.0269	0.0269	0.0269	0.0269	0.0269	0.0269	0.0269	0.0269	0.0269	0.0269	0.0269	0.0269	0.0269	0.0269	0.0269	0.0269	0.0269	0.0269	0.0269	0.0269	0.0269	0.0269	0.0269	0.0269	0.0269	0.0269	0.0442	0.0269	0.0269	0.0269	0.0269	0.0269	0.0269	0.0269	0.0188	0.0188	0.0188	0.0188	0.0188	0.0188	0.0188	0.0188	0.0188	0.0188	0.0188	0.0188	0.0188	0.0188	0.0188	0.0188	0.0188	0.0188	0.0188	0.0188	0.0188	0.0188	0.0188	0.0188	0.0188	0.0188	0.0188	0.0188	0.0188	0.0188	0.0188	0.0188	0.0188	0.0188	0.0188	0.0188	0.0188	0.0188	0.0188	0.0188	0.0188	0.0188	0.0188	0.0188	0.0188	0.0188	0.0188	0.0188	0.0188	0.0188	0.0188	0.0188	0.0188	0.0188	0.0188	0.0188	0.0188	0.0188	0.0188	0.0188	0.0188	0.0188	0.0188	0.0188	0.0188	0.0188	0.0188	0.0188	0.0188	0.0188	0.0188	0.0188	0.0188	0.0188	0.0188	0.0188	0.0188	0.0188	0.0188	0.0188	0.0188
28	0.0756	0.0756	0.0756	0.0756	0.0756	0.0505	0.0505	0.0505	0.0505	0.0505	0.0505	0.0505	0.0505	0.0505	0.0505	0.0505	0.0505	0.0505	0.013	0.013	0.013	0.013	0.013	0.013	0.013	0.013	0.013	0.013	0.013	0.013	0.013	0.013	0.013	0.013	0.013	0.013	0.013	0.013	0.013	0.013	0.013	0.013	0.013	0.013	0.013	0.013	0.013	0.013	0.013	0.013	0.013	0.013	0.013	0.013	0.013	0.013	0.013	0.013	0.013	0.013	0.013	0.013	0.013	0.013	0.013	0.013	0.013	0.013	0.013	0.013	0.013	0.013	0.013	0.013	0.013	0.013	0.013	0.013	0.013	0.013	0.013	0.013	0.013	0.013	0.013	0.013	0.013	0.013	0.013	0.013	0.013	0.013	0.013	0.1115	0.013	0.013	0.013	0.013	0.013	0.013	0.013	0.013	0.013	0.013	0.013	0.013	0.013	0.013	0.013	0.013	0.013	0.013	0.013	0.013	0.013	0.013	0.013	0.013	0.013	0.013	0.013	0.013	0.013	0.013	0.013	0.013	0.013	0.013	0.013	0.013	0.013	0.013	0.013	0.013	0.013	0.013	0.013	0.013	0.013	0.013	0.013	0.013	0.013	0.013	0.013	0.013	0.013	0.013	0.013	0.013	0.013	0.013	0.013	0.013	0.1115	0.013	0.013	0.013	0.013	0.013	0.013	0.013	0.013	0.013	0.013	0.013	0.013	0.013	0.013	0.013	0.013	0.013	0.013	0.013	0.013	0.013	0.013	0.013	0.013	0.013	0.013	0.013	0.013	0.013	0.013	0.013	0.013	0.013	0.013	0.013	0.013	0.013	0.013	0.013	0.013	0.013	0.013	0.013	0.013	0.013	0.013	0.013	0.013	0.013	0.013	0.013	0.013	0.013	0.013	0.013	0.013	0.013	0.013	0.013	0.013	0.013	0.013	0.013	0.013	0.013	0.013	0.013	0.013	0.013	0.013	0.013	0.013	0.013	0.013	0.013	0.013	0.013	0.013	0.013	0.013	0.013	0.013	0.013	0.013	0.013	0.013	0.013	0.013	0.013	0.013	0.013	0.013	0.013	0.013	0.013	0.013	0.013	0.013	0.013	0.013	0.013	0.013	0.013	0.013	0.013	0.013	0.013	0.013	0.013	0.013	0.013	0.013	0.013	0.013	0.013	0.013	0.013	0.013	0.013	0.013	0.013	0.013	0.013	0.013	0.013	0.013	0.013	0.013	0.013	0.013	0.013	0.013	0.013	0.013	0.013	0.013	0.013	0.013	0.013	0.013	0.013	0.013	0.013	0.013	0.013	0.013	0.013	0.013	0.013	0.013	0.013	0.013	0.013	0.013	0.013	0.013	0.013	0.013	0.013	0.013	0.013	0.013	0.013	0.013	0.013	0.013	0.013	0.013	0.013	0.013	0.013	0.013	0.013	0.013	0.013	0.013	0.013	0.013	0.013	0.013	0.013	0.013	0.013	0.013	0.013	0.013	0.013	0.013	0.013	0.013	0.013	0.013	0.013	0.013	0.013	0.013	0.013	0.013	0.013	0.013	0.013	0.013	0.013	0.013	0.013	0.013	0.013	0.013	0.013	0.013	0.013	0.013	0.013	0.013	0.013	0.013	0.013	0.013	0.013	0.013	0.013	0.013	0.013	0.013	0.013	0.013	0.013	0.013	0.013	0.013	0.013	0.013	0.013	0.013	0.013	0.013	0.013	0.013	0.013	0.013	0.013	0.013	0.013	0.013	0.013	0.013	0.013	0.013	0.013	0.013	0.013	0.013	0.013	0.013	0.013	0.1115	0.013	0.013	0.013	0.013	0.013	0.013	0.013	0.013	0.013	0.013	0.013	0.013	0.013	0.013	0.013	0.013	0.013	0.013	0.013	0.013	0.013	0.013	0.013	0.013	0.013	0.013	0.013	0.013	0.013	0.013	0.013	0.013	0.013	0.1115	0.013	0.013	0.013	0.013	0.013	0.013	0.013	0.013	0.013	0.013	0.013	0.013	0.013	0.013	0.013	0.013	0.013	0.013	0.013	0.013	0.013	0.013	0.013	0.013	0.013	0.013	0.013	0.013	0.013	0.013	0.013	0.013	0.013	0.013	0.013	0.013	0.013	0.013	0.013	0.013	0.013	0.013	0.013	0.013	0.013	0.013	0.013	0.013	0.013	0.013	0.013	0.013	0.013	0.013	0.013	0.013	0.013	0.013	0.013	0.013	0.013	0.013	0.013	0.013	0.013	0.013	0.1115	0.013	0.013	0.013	0.013	0.013	0.013	0.013	0.0045	0.0045	0.0045	0.0045	0.0045	0.0045	0.0045	0.0045	0.0045	0.0045	0.0045	0.0045	0.0045	0.0045	0.0045	0.0045	0.0045	0.0045	0.0045	0.0045	0.0045	0.0045	0.0045	0.0045	0.0045	0.0045	0.0045	0.0045	0.0045	0.0045	0.0045	0.0045	0.0045	0.0045	0.0045	0.0045	0.0045	0.0045	0.0045	0.0045	0.0045	0.0045	0.0045	0.0045	0.0045	0.0045	0.0045	0.0045	0.0045	0.0045	0.0045	0.0045	0.0045	0.0045	0.0045	0.0045	0.0045	0.0045	0.0045	0.0045	0.0045	0.0045	0.0045	0.0045	0.0045	0.0045	0.0045	0.0045	0.0045	0.0045	0.0045	0.0045	0.0045	0.0045	0.0045	0.0045	0.0045	0.0045	0.0045	0.0045	0.0045
29	0.1045	0.1045	0.1045	0.1045	0.1045	0.0299	0.0299	0.0299	0.0299	0.0299	0.0299	0.0299	0.0299	0.0299	0.0299	0.0299	0.0299	0.0299	0.0072	0.0072	0.0072	0.0072	0.0072	0.0072	0.0072	0.0072	0.0072	0.0072	0.0072	0.0072	0.0072	0.0072	0.0072	0.0072	0.0072	0.0072	0.0072	0.0072	0.0072	0.0072	0.0072	0.0072	0.0072	0.0072	0.0072	0.0072	0.0072	0.0072	0.0072	0.0072	0.0072	0.0072	0.0072	0.0072	0.0072	0.0072	0.0072	0.0072	0.0072	0.0072	0.0072	0.0072	0.0072	0.0072	0.0072	0.0072	0.0072	0.0072	0.0072	0.0072	0.0072	0.0072	0.0072	0.0072	0.0072	0.0072	0.0072	0.0072	0.0072	0.0072	0.0072	0.0072	0.0072	0.0072	0.0072	0.0072	0.0072	0.0072	0.0072	0.0072	0.0072	0.0072	0.0072	0.0054	0.0072	0.0072	0.0072	0.0072	0.0072	0.0072	0.0072	0.0072	0.0072	0.0072	0.0072	0.0072	0.0072	0.0072	0.0072	0.0072	0.0072	0.0072	0.0072	0.0072	0.0072	0.0072	0.0072	0.0072	0.0072	0.0072	0.0072	0.0072	0.0072	0.0072	0.0072	0.0072	0.0072	0.0072	0.0072	0.0072	0.0072	0.0072	0.0072	0.0072	0.0072	0.0072	0.0072	0.0072	0.0072	0.0072	0.0072	0.0072	0.0072	0.0072	0.0072	0.0072	0.0072	0.0072	0.0072	0.0072	0.0072	0.0072	0.0072	0.0072	0.0054	0.0072	0.0072	0.0072	0.0072	0.0072	0.0072	0.0072	0.0072	0.0072	0.0072	0.0072	0.0072	0.0072	0.0072	0.0072	0.0072	0.0072	0.0072	0.0072	0.0072	0.0072	0.0072	0.0072	0.0072	0.0072	0.0072	0.0072	0.0072	0.0072	0.0072	0.0072	0.0072	0.0072	0.0072	0.0072	0.0072	0.0072	0.0072	0.0072	0.0072	0.0072	0.0072	0.0072	0.0072	0.0072	0.0072	0.0072	0.0072	0.0072	0.0072	0.0072	0.0072	0.0072	0.0072	0.0072	0.0072	0.0072	0.0072	0.0072	0.0072	0.0072	0.0072	0.0072	0.0072	0.0072	0.0072	0.0072	0.0072	0.0072	0.0072	0.0072	0.0072	0.0072	0.0072	0.0072	0.0072	0.0072	0.0072	0.0072	0.0072	0.0072	0.0072	0.0072	0.0072	0.0072	0.0072	0.0072	0.0072	0.0072	0.0072	0.0072	0.0072	0.0072	0.0072	0.0072	0.0072	0.0072	0.0072	0.0072	0.0072	0.0072	0.0072	0.0072	0.0072	0.0072	0.0072	0.0072	0.0072	0.0072	0.0072	0.0072	0.0072	0.0072	0.0072	0.0072	0.0072	0.0072	0.0072	0.0072	0.0072	0.0072	0.0072	0.0072	0.0072	0.0072	0.0072	0.0072	0.0072	0.0072	0.0072	0.0072	0.0072	0.0072	0.0072	0.0072	0.0072	0.0072	0.0072	0.0072	0.0072	0.0072	0.0072	0.0072	0.0072	0.0072	0.0072	0.0072	0.0072	0.0072	0.0072	0.0072	0.0072	0.0072	0.0072	0.0072	0.0072	0.0072	0.0072	0.0072	0.0072	0.0072	0.0072	0.0072	0.0072	0.0072	0.0072	0.0072	0.0072	0.0072	0.0072	0.0072	0.0072	0.0072	0.0072	0.0072	0.0072	0.0072	0.0072	0.0072	0.0072	0.0072	0.0072	0.0072	0.0072	0.0072	0.0072	0.0072	0.0072	0.0072	0.0072	0.0072	0.0072	0.0072	0.0072	0.0072	0.0072	0.0072	0.0072	0.0072	0.0072	0.0072	0.0072	0.0072	0.0072	0.0072	0.0072	0.0072	0.0072	0.0072	0.0072	0.0072	0.0072	0.0072	0.0072	0.0072	0.0072	0.0072	0.0072	0.0072	0.0072	0.0072	0.0072	0.0072	0.0072	0.0072	0.0072	0.0072	0.0072	0.0072	0.0072	0.0072	0.0072	0.0072	0.0072	0.0072	0.0072	0.0072	0.0072	0.0072	0.0072	0.0072	0.0072	0.0072	0.0072	0.0072	0.0072	0.0072	0.0072	0.0072	0.0072	0.0072	0.0072	0.0072	0.0072	0.0072	0.0054	0.0072	0.0072	0.0072	0.0072	0.0072	0.0072	0.0072	0.0072	0.0072	0.0072	0.0072	0.0072	0.0072	0.0072	0.0072	0.0072	0.0072	0.0072	0.0072	0.0072	0.0072	0.0072	0.0072	0.0072	0.0072	0.0072	0.0072	0.0072	0.0072	0.0072	0.0072	0.0072	0.0072	0.0054	0.0072	0.0072	0.0072	0.0072	0.0072	0.0072	0.0072	0.0072	0.0072	0.0072	0.0072	0.0072	0.0072	0.0072	0.0072	0.0072	0.0072	0.0072	0.0072	0.0072	0.0072	0.0072	0.0072	0.0072	0.0072	0.0072	0.0072	0.0072	0.0072	0.0072	0.0072	0.0072	0.0072	0.0072	0.0072	0.0072	0.0072	0.0072	0.0072	0.0072	0.0072	0.0072	0.0072	0.0072	0.0072	0.0072	0.0072	0.0072	0.0072	0.0072	0.0072	0.0072	0.0072	0.0072	0.0072	0.0072	0.0072	0.0072	0.0072	0.0072	0.0072	0.0072	0.0072	0.0072	0.0072	0.0072	0.0054	0.0072	0.0072	0.0072	0.0072	0.0072	0.0072	0.0072	0.0347	0.0347	0.0347	0.0347	0.0347	0.0347	0.0347	0.0347	0.0347	0.0347	0.0347	0.0347	0.0347	0.0347	0.0347	0.0347	0.0347	0.0347	0.0347	0.0347	0.0347	0.0347	0.0347	0.0347	0.0347	0.0347	0.0347	0.0347	0.0347	0.0347	0.0347	0.0347	0.0347	0.0347	0.0347	0.0347	0.0347	0.0347	0.0347	0.0347	0.0347	0.0347	0.0347	0.0347	0.0347	0.0347	0.0347	0.0347	0.0347	0.0347	0.0347	0.0347	0.0347	0.0347	0.0347	0.0347	0.0347	0.0347	0.0347	0.0347	0.0347	0.0347	0.0347	0.0347	0.0347	0.0347	0.0347	0.0347	0.0347	0.0347	0.0347	0.0347	0.0347	0.0347	0.0347	0.0347	0.0347	0.0347	0.0347	0.0347	0.0347
30	0.3457	0.3457	0.3457	0.3457	0.3457	0.0338	0.0338	0.0338	0.0338	0.0338	0.0338	0.0338	0.0338	0.0338	0.0338	0.0338	0.0338	0.0338	0.0209	0.0209	0.0209	0.0209	0.0209	0.0209	0.0209	0.0209	0.0209	0.0209	0.0209	0.0209	0.0209	0.0209	0.0209	0.0209	0.0209	0.0209	0.0209	0.0209	0.0209	0.0209	0.0209	0.0209	0.0209	0.0209	0.0209	0.0209	0.0209	0.0209	0.0209	0.0209	0.0209	0.0209	0.0209	0.0209	0.0209	0.0209	0.0209	0.0209	0.0209	0.0209	0.0209	0.0209	0.0209	0.0209	0.0209	0.0209	0.0209	0.0209	0.0209	0.0209	0.0209	0.0209	0.0209	0.0209	0.0209	0.0209	0.0209	0.0209	0.0209	0.0209	0.0209	0.0209	0.0209	0.0209	0.0209	0.0209	0.0209	0.0209	0.0209	0.0209	0.0209	0.0209	0.0209	0.0275	0.0209	0.0209	0.0209	0.0209	0.0209	0.0209	0.0209	0.0209	0.0209	0.0209	0.0209	0.0209	0.0209	0.0209	0.0209	0.0209	0.0209	0.0209	0.0209	0.0209	0.0209	0.0209	0.0209	0.0209	0.0209	0.0209	0.0209	0.0209	0.0209	0.0209	0.0209	0.0209	0.0209	0.0209	0.0209	0.0209	0.0209	0.0209	0.0209	0.0209	0.0209	0.0209	0.0209	0.0209	0.0209	0.0209	0.0209	0.0209	0.0209	0.0209	0.0209	0.0209	0.0209	0.0209	0.0209	0.0209	0.0209	0.0209	0.0209	0.0209	0.0275	0.0209	0.0209	0.0209	0.0209	0.0209	0.0209	0.0209	0.0209	0.0209	0.0209	0.0209	0.0209	0.0209	0.0209	0.0209	0.0209	0.0209	0.0209	0.0209	0.0209	0.0209	0.0209	0.0209	0.0209	0.0209	0.0209	0.0209	0.0209	0.0209	0.0209	0.0209	0.0209	0.0209	0.0209	0.0209	0.0209	0.0209	0.0209	0.0209	0.0209	0.0209	0.0209	0.0209	0.0209	0.0209	0.0209	0.0209	0.0209	0.0209	0.0209	0.0209	0.0209	0.0209	0.0209	0.0209	0.0209	0.0209	0.0209	0.0209	0.0209	0.0209	0.0209	0.0209	0.0209	0.0209	0.0209	0.0209	0.0209	0.0209	0.0209	0.0209	0.0209	0.0209	0.0209	0.0209	0.0209	0.0209	0.0209	0.0209	0.0209	0.0209	0.0209	0.0209	0.0209	0.0209	0.0209	0.0209	0.0209	0.0209	0.0209	0.0209	0.0209	0.0209	0.0209	0.0209	0.0209	0.0209	0.0209	0.0209	0.0209	0.0209	0.0209	0.0209	0.0209	0.0209	0.0209	0.0209	0.0209	0.0209	0.0209	0.0209	0.0209	0.0209	0.0209	0.0209	0.0209	0.0209	0.0209	0.0209	0.0209	0.0209	0.0209	0.0209	0.0209	0.0209	0.0209	0.0209	0.0209	0.0209	0.0209	0.0209	0.0209	0.0209	0.0209	0.0209	0.0209	0.0209	0.0209	0.0209	0.0209	0.0209	0.0209	0.0209	0.0209	0.0209	0.0209	0.0209	0.0209	0.0209	0.0209	0.0209	0.0209	0.0209	0.0209	0.0209	0.0209	0.0209	0.0209	0.0209	0.0209	0.0209	0.0209	0.0209	0.0209	0.0209	0.0209	0.0209	0.0209	0.0209	0.0209	0.0209	0.0209	0.0209	0.0209	0.0209	0.0209	0.0209	0.0209	0.0209	0.0209	0.0209	0.0209	0.0209	0.0209	0.0209	0.0209	0.0209	0.0209	0.0209	0.0209	0.0209	0.0209	0.0209	0.0209	0.0209	0.0209	0.0209	0.0209	0.0209	0.0209	0.0209	0.0209	0.0209	0.0209	0.0209	0.0209	0.0209	0.0209	0.0209	0.0209	0.0209	0.0209	0.0209	0.0209	0.0209	0.0209	0.0209	0.0209	0.0209	0.0209	0.0209	0.0209	0.0209	0.0209	0.0209	0.0209	0.0209	0.0209	0.0209	0.0209	0.0209	0.0209	0.0209	0.0209	0.0209	0.0209	0.0209	0.0209	0.0209	0.0209	0.0209	0.0209	0.0209	0.0209	0.0209	0.0209	0.0209	0.0209	0.0209	0.0209	0.0209	0.0209	0.0209	0.0209	0.0209	0.0275	0.0209	0.0209	0.0209	0.0209	0.0209	0.0209	0.0209	0.0209	0.0209	0.0209	0.0209	0.0209	0.0209	0.0209	0.0209	0.0209	0.0209	0.0209	0.0209	0.0209	0.0209	0.0209	0.0209	0.0209	0.0209	0.0209	0.0209	0.0209	0.0209	0.0209	0.0209	0.0209	0.0209	0.0275	0.0209	0.0209	0.0209	0.0209	0.0209	0.0209	0.0209	0.0209	0.0209	0.0209	0.0209	0.0209	0.0209	0.0209	0.0209	0.0209	0.0209	0.0209	0.0209	0.0209	0.0209	0.0209	0.0209	0.0209	0.0209	0.0209	0.0209	0.0209	0.0209	0.0209	0.0209	0.0209	0.0209	0.0209	0.0209	0.0209	0.0209	0.0209	0.0209	0.0209	0.0209	0.0209	0.0209	0.0209	0.0209	0.0209	0.0209	0.0209	0.0209	0.0209	0.0209	0.0209	0.0209	0.0209	0.0209	0.0209	0.0209	0.0209	0.0209	0.0209	0.0209	0.0209	0.0209	0.0209	0.0209	0.0209	0.0275	0.0209	0.0209	0.0209	0.0209	0.0209	0.0209	0.0209	0.0056	0.0056	0.0056	0.0056	0.0056	0.0056	0.0056	0.0056	0.0056	0.0056	0.0056	0.0056	0.0056	0.0056	0.0056	0.0056	0.0056	0.0056	0.0056	0.0056	0.0056	0.0056	0.0056	0.0056	0.0056	0.0056	0.0056	0.0056	0.0056	0.0056	0.0056	0.0056	0.0056	0.0056	0.0056	0.0056	0.0056	0.0056	0.0056	0.0056	0.0056	0.0056	0.0056	0.0056	0.0056	0.0056	0.0056	0.0056	0.0056	0.0056	0.0056	0.0056	0.0056	0.0056	0.0056	0.0056	0.0056	0.0056	0.0056	0.0056	0.0056	0.0056	0.0056	0.0056	0.0056	0.0056	0.0056	0.0056	0.0056	0.0056	0.0056	0.0056	0.0056	0.0056	0.0056	0.0056	0.0056	0.0056	0.0056	0.0056	0.0056
31	0.0637	0.0637	0.0637	0.0637	0.0637	0.0187	0.0187	0.0187	0.0187	0.0187	0.0187	0.0187	0.0187	0.0187	0.0187	0.0187	0.0187	0.0187	0.0076	0.0076	0.0076	0.0076	0.0076	0.0076	0.0076	0.0076	0.0076	0.0076	0.0076	0.0076	0.0076	0.0076	0.0076	0.0076	0.0076	0.0076	0.0076	0.0076	0.0076	0.0076	0.0076	0.0076	0.0076	0.0076	0.0076	0.0076	0.0076	0.0076	0.0076	0.0076	0.0076	0.0076	0.0076	0.0076	0.0076	0.0076	0.0076	0.0076	0.0076	0.0076	0.0076	0.0076	0.0076	0.0076	0.0076	0.0076	0.0076	0.0076	0.0076	0.0076	0.0076	0.0076	0.0076	0.0076	0.0076	0.0076	0.0076	0.0076	0.0076	0.0076	0.0076	0.0076	0.0076	0.0076	0.0076	0.0076	0.0076	0.0076	0.0076	0.0076	0.0076	0.0076	0.0076	0.0216	0.0076	0.0076	0.0076	0.0076	0.0076	0.0076	0.0076	0.0076	0.0076	0.0076	0.0076	0.0076	0.0076	0.0076	0.0076	0.0076	0.0076	0.0076	0.0076	0.0076	0.0076	0.0076	0.0076	0.0076	0.0076	0.0076	0.0076	0.0076	0.0076	0.0076	0.0076	0.0076	0.0076	0.0076	0.0076	0.0076	0.0076	0.0076	0.0076	0.0076	0.0076	0.0076	0.0076	0.0076	0.0076	0.0076	0.0076	0.0076	0.0076	0.0076	0.0076	0.0076	0.0076	0.0076	0.0076	0.0076	0.0076	0.0076	0.0076	0.0076	0.0216	0.0076	0.0076	0.0076	0.0076	0.0076	0.0076	0.0076	0.0076	0.0076	0.0076	0.0076	0.0076	0.0076	0.0076	0.0076	0.0076	0.0076	0.0076	0.0076	0.0076	0.0076	0.0076	0.0076	0.0076	0.0076	0.0076	0.0076	0.0076	0.0076	0.0076	0.0076	0.0076	0.0076	0.0076	0.0076	0.0076	0.0076	0.0076	0.0076	0.0076	0.0076	0.0076	0.0076	0.0076	0.0076	0.0076	0.0076	0.0076	0.0076	0.0076	0.0076	0.0076	0.0076	0.0076	0.0076	0.0076	0.0076	0.0076	0.0076	0.0076	0.0076	0.0076	0.0076	0.0076	0.0076	0.0076	0.0076	0.0076	0.0076	0.0076	0.0076	0.0076	0.0076	0.0076	0.0076	0.0076	0.0076	0.0076	0.0076	0.0076	0.0076	0.0076	0.0076	0.0076	0.0076	0.0076	0.0076	0.0076	0.0076	0.0076	0.0076	0.0076	0.0076	0.0076	0.0076	0.0076	0.0076	0.0076	0.0076	0.0076	0.0076	0.0076	0.0076	0.0076	0.0076	0.0076	0.0076	0.0076	0.0076	0.0076	0.0076	0.0076	0.0076	0.0076	0.0076	0.0076	0.0076	0.0076	0.0076	0.0076	0.0076	0.0076	0.0076	0.0076	0.0076	0.0076	0.0076	0.0076	0.0076	0.0076	0.0076	0.0076	0.0076	0.0076	0.0076	0.0076	0.0076	0.0076	0.0076	0.0076	0.0076	0.0076	0.0076	0.0076	0.0076	0.0076	0.0076	0.0076	0.0076	0.0076	0.0076	0.0076	0.0076	0.0076	0.0076	0.0076	0.0076	0.0076	0.0076	0.0076	0.0076	0.0076	0.0076	0.0076	0.0076	0.0076	0.0076	0.0076	0.0076	0.0076	0.0076	0.0076	0.0076	0.0076	0.0076	0.0076	0.0076	0.0076	0.0076	0.0076	0.0076	0.0076	0.0076	0.0076	0.0076	0.0076	0.0076	0.0076	0.0076	0.0076	0.0076	0.0076	0.0076	0.0076	0.0076	0.0076	0.0076	0.0076	0.0076	0.0076	0.0076	0.0076	0.0076	0.0076	0.0076	0.0076	0.0076	0.0076	0.0076	0.0076	0.0076	0.0076	0.0076	0.0076	0.0076	0.0076	0.0076	0.0076	0.0076	0.0076	0.0076	0.0076	0.0076	0.0076	0.0076	0.0076	0.0076	0.0076	0.0076	0.0076	0.0076	0.0076	0.0076	0.0076	0.0076	0.0076	0.0076	0.0076	0.0076	0.0076	0.0076	0.0076	0.0076	0.0076	0.0076	0.0076	0.0076	0.0076	0.0076	0.0076	0.0076	0.0076	0.0076	0.0076	0.0076	0.0216	0.0076	0.0076	0.0076	0.0076	0.0076	0.0076	0.0076	0.0076	0.0076	0.0076	0.0076	0.0076	0.0076	0.0076	0.0076	0.0076	0.0076	0.0076	0.0076	0.0076	0.0076	0.0076	0.0076	0.0076	0.0076	0.0076	0.0076	0.0076	0.0076	0.0076	0.0076	0.0076	0.0076	0.0216	0.0076	0.0076	0.0076	0.0076	0.0076	0.0076	0.0076	0.0076	0.0076	0.0076	0.0076	0.0076	0.0076	0.0076	0.0076	0.0076	0.0076	0.0076	0.0076	0.0076	0.0076	0.0076	0.0076	0.0076	0.0076	0.0076	0.0076	0.0076	0.0076	0.0076	0.0076	0.0076	0.0076	0.0076	0.0076	0.0076	0.0076	0.0076	0.0076	0.0076	0.0076	0.0076	0.0076	0.0076	0.0076	0.0076	0.0076	0.0076	0.0076	0.0076	0.0076	0.0076	0.0076	0.0076	0.0076	0.0076	0.0076	0.0076	0.0076	0.0076	0.0076	0.0076	0.0076	0.0076	0.0076	0.0076	0.0216	0.0076	0.0076	0.0076	0.0076	0.0076	0.0076	0.0076	0.0043	0.0043	0.0043	0.0043	0.0043	0.0043	0.0043	0.0043	0.0043	0.0043	0.0043	0.0043	0.0043	0.0043	0.0043	0.0043	0.0043	0.0043	0.0043	0.0043	0.0043	0.0043	0.0043	0.0043	0.0043	0.0043	0.0043	0.0043	0.0043	0.0043	0.0043	0.0043	0.0043	0.0043	0.0043	0.0043	0.0043	0.0043	0.0043	0.0043	0.0043	0.0043	0.0043	0.0043	0.0043	0.0043	0.0043	0.0043	0.0043	0.0043	0.0043	0.0043	0.0043	0.0043	0.0043	0.0043	0.0043	0.0043	0.0043	0.0043	0.0043	0.0043	0.0043	0.0043	0.0043	0.0043	0.0043	0.0043	0.0043	0.0043	0.0043	0.0043	0.0043	0.0043	0.0043	0.0043	0.0043	0.0043	0.0043	0.0043	0.0043
32	0.054	0.054	0.054	0.054	0.054	0.0255	0.0255	0.0255	0.0255	0.0255	0.0255	0.0255	0.0255	0.0255	0.0255	0.0255	0.0255	0.0255	0.0157	0.0157	0.0157	0.0157	0.0157	0.0157	0.0157	0.0157	0.0157	0.0157	0.0157	0.0157	0.0157	0.0157	0.0157	0.0157	0.0157	0.0157	0.0157	0.0157	0.0157	0.0157	0.0157	0.0157	0.0157	0.0157	0.0157	0.0157	0.0157	0.0157	0.0157	0.0157	0.0157	0.0157	0.0157	0.0157	0.0157	0.0157	0.0157	0.0157	0.0157	0.0157	0.0157	0.0157	0.0157	0.0157	0.0157	0.0157	0.0157	0.0157	0.0157	0.0157	0.0157	0.0157	0.0157	0.0157	0.0157	0.0157	0.0157	0.0157	0.0157	0.0157	0.0157	0.0157	0.0157	0.0157	0.0157	0.0157	0.0157	0.0157	0.0157	0.0157	0.0157	0.0157	0.0157	0.0944	0.0157	0.0157	0.0157	0.0157	0.0157	0.0157	0.0157	0.0157	0.0157	0.0157	0.0157	0.0157	0.0157	0.0157	0.0157	0.0157	0.0157	0.0157	0.0157	0.0157	0.0157	0.0157	0.0157	0.0157	0.0157	0.0157	0.0157	0.0157	0.0157	0.0157	0.0157	0.0157	0.0157	0.0157	0.0157	0.0157	0.0157	0.0157	0.0157	0.0157	0.0157	0.0157	0.0157	0.0157	0.0157	0.0157	0.0157	0.0157	0.0157	0.0157	0.0157	0.0157	0.0157	0.0157	0.0157	0.0157	0.0157	0.0157	0.0157	0.0157	0.0944	0.0157	0.0157	0.0157	0.0157	0.0157	0.0157	0.0157	0.0157	0.0157	0.0157	0.0157	0.0157	0.0157	0.0157	0.0157	0.0157	0.0157	0.0157	0.0157	0.0157	0.0157	0.0157	0.0157	0.0157	0.0157	0.0157	0.0157	0.0157	0.0157	0.0157	0.0157	0.0157	0.0157	0.0157	0.0157	0.0157	0.0157	0.0157	0.0157	0.0157	0.0157	0.0157	0.0157	0.0157	0.0157	0.0157	0.0157	0.0157	0.0157	0.0157	0.0157	0.0157	0.0157	0.0157	0.0157	0.0157	0.0157	0.0157	0.0157	0.0157	0.0157	0.0157	0.0157	0.0157	0.0157	0.0157	0.0157	0.0157	0.0157	0.0157	0.0157	0.0157	0.0157	0.0157	0.0157	0.0157	0.0157	0.0157	0.0157	0.0157	0.0157	0.0157	0.0157	0.0157	0.0157	0.0157	0.0157	0.0157	0.0157	0.0157	0.0157	0.0157	0.0157	0.0157	0.0157	0.0157	0.0157	0.0157	0.0157	0.0157	0.0157	0.0157	0.0157	0.0157	0.0157	0.0157	0.0157	0.0157	0.0157	0.0157	0.0157	0.0157	0.0157	0.0157	0.0157	0.0157	0.0157	0.0157	0.0157	0.0157	0.0157	0.0157	0.0157	0.0157	0.0157	0.0157	0.0157	0.0157	0.0157	0.0157	0.0157	0.0157	0.0157	0.0157	0.0157	0.0157	0.0157	0.0157	0.0157	0.0157	0.0157	0.0157	0.0157	0.0157	0.0157	0.0157	0.0157	0.0157	0.0157	0.0157	0.0157	0.0157	0.0157	0.0157	0.0157	0.0157	0.0157	0.0157	0.0157	0.0157	0.0157	0.0157	0.0157	0.0157	0.0157	0.0157	0.0157	0.0157	0.0157	0.0157	0.0157	0.0157	0.0157	0.0157	0.0157	0.0157	0.0157	0.0157	0.0157	0.0157	0.0157	0.0157	0.0157	0.0157	0.0157	0.0157	0.0157	0.0157	0.0157	0.0157	0.0157	0.0157	0.0157	0.0157	0.0157	0.0157	0.0157	0.0157	0.0157	0.0157	0.0157	0.0157	0.0157	0.0157	0.0157	0.0157	0.0157	0.0157	0.0157	0.0157	0.0157	0.0157	0.0157	0.0157	0.0157	0.0157	0.0157	0.0157	0.0157	0.0157	0.0157	0.0157	0.0157	0.0157	0.0157	0.0157	0.0157	0.0157	0.0157	0.0157	0.0157	0.0157	0.0157	0.0157	0.0157	0.0157	0.0157	0.0157	0.0157	0.0157	0.0157	0.0157	0.0157	0.0157	0.0157	0.0157	0.0157	0.0157	0.0157	0.0157	0.0157	0.0157	0.0157	0.0157	0.0157	0.0944	0.0157	0.0157	0.0157	0.0157	0.0157	0.0157	0.0157	0.0157	0.0157	0.0157	0.0157	0.0157	0.0157	0.0157	0.0157	0.0157	0.0157	0.0157	0.0157	0.0157	0.0157	0.0157	0.0157	0.0157	0.0157	0.0157	0.0157	0.0157	0.0157	0.0157	0.0157	0.0157	0.0157	0.0944	0.0157	0.0157	0.0157	0.0157	0.0157	0.0157	0.0157	0.0157	0.0157	0.0157	0.0157	0.0157	0.0157	0.0157	0.0157	0.0157	0.0157	0.0157	0.0157	0.0157	0.0157	0.0157	0.0157	0.0157	0.0157	0.0157	0.0157	0.0157	0.0157	0.0157	0.0157	0.0157	0.0157	0.0157	0.0157	0.0157	0.0157	0.0157	0.0157	0.0157	0.0157	0.0157	0.0157	0.0157	0.0157	0.0157	0.0157	0.0157	0.0157	0.0157	0.0157	0.0157	0.0157	0.0157	0.0157	0.0157	0.0157	0.0157	0.0157	0.0157	0.0157	0.0157	0.0157	0.0157	0.0157	0.0157	0.0944	0.0157	0.0157	0.0157	0.0157	0.0157	0.0157	0.0157	0.0037	0.0037	0.0037	0.0037	0.0037	0.0037	0.0037	0.0037	0.0037	0.0037	0.0037	0.0037	0.0037	0.0037	0.0037	0.0037	0.0037	0.0037	0.0037	0.0037	0.0037	0.0037	0.0037	0.0037	0.0037	0.0037	0.0037	0.0037	0.0037	0.0037	0.0037	0.0037	0.0037	0.0037	0.0037	0.0037	0.0037	0.0037	0.0037	0.0037	0.0037	0.0037	0.0037	0.0037	0.0037	0.0037	0.0037	0.0037	0.0037	0.0037	0.0037	0.0037	0.0037	0.0037	0.0037	0.0037	0.0037	0.0037	0.0037	0.0037	0.0037	0.0037	0.0037	0.0037	0.0037	0.0037	0.0037	0.0037	0.0037	0.0037	0.0037	0.0037	0.0037	0.0037	0.0037	0.0037	0.0037	0.0037	0.0037	0.0037	0.0037
33	0.1131	0.1131	0.1131	0.1131	0.1131	0.1429	0.1429	0.1429	0.1429	0.1429	0.1429	0.1429	0.1429	0.1429	0.1429	0.1429	0.1429	0.1429	0.0181	0.0181	0.0181	0.0181	0.0181	0.0181	0.0181	0.0181	0.0181	0.0181	0.0181	0.0181	0.0181	0.0181	0.0181	0.0181	0.0181	0.0181	0.0181	0.0181	0.0181	0.0181	0.0181	0.0181	0.0181	0.0181	0.0181	0.0181	0.0181	0.0181	0.0181	0.0181	0.0181	0.0181	0.0181	0.0181	0.0181	0.0181	0.0181	0.0181	0.0181	0.0181	0.0181	0.0181	0.0181	0.0181	0.0181	0.0181	0.0181	0.0181	0.0181	0.0181	0.0181	0.0181	0.0181	0.0181	0.0181	0.0181	0.0181	0.0181	0.0181	0.0181	0.0181	0.0181	0.0181	0.0181	0.0181	0.0181	0.0181	0.0181	0.0181	0.0181	0.0181	0.0181	0.0181	0.1117	0.0181	0.0181	0.0181	0.0181	0.0181	0.0181	0.0181	0.0181	0.0181	0.0181	0.0181	0.0181	0.0181	0.0181	0.0181	0.0181	0.0181	0.0181	0.0181	0.0181	0.0181	0.0181	0.0181	0.0181	0.0181	0.0181	0.0181	0.0181	0.0181	0.0181	0.0181	0.0181	0.0181	0.0181	0.0181	0.0181	0.0181	0.0181	0.0181	0.0181	0.0181	0.0181	0.0181	0.0181	0.0181	0.0181	0.0181	0.0181	0.0181	0.0181	0.0181	0.0181	0.0181	0.0181	0.0181	0.0181	0.0181	0.0181	0.0181	0.0181	0.1117	0.0181	0.0181	0.0181	0.0181	0.0181	0.0181	0.0181	0.0181	0.0181	0.0181	0.0181	0.0181	0.0181	0.0181	0.0181	0.0181	0.0181	0.0181	0.0181	0.0181	0.0181	0.0181	0.0181	0.0181	0.0181	0.0181	0.0181	0.0181	0.0181	0.0181	0.0181	0.0181	0.0181	0.0181	0.0181	0.0181	0.0181	0.0181	0.0181	0.0181	0.0181	0.0181	0.0181	0.0181	0.0181	0.0181	0.0181	0.0181	0.0181	0.0181	0.0181	0.0181	0.0181	0.0181	0.0181	0.0181	0.0181	0.0181	0.0181	0.0181	0.0181	0.0181	0.0181	0.0181	0.0181	0.0181	0.0181	0.0181	0.0181	0.0181	0.0181	0.0181	0.0181	0.0181	0.0181	0.0181	0.0181	0.0181	0.0181	0.0181	0.0181	0.0181	0.0181	0.0181	0.0181	0.0181	0.0181	0.0181	0.0181	0.0181	0.0181	0.0181	0.0181	0.0181	0.0181	0.0181	0.0181	0.0181	0.0181	0.0181	0.0181	0.0181	0.0181	0.0181	0.0181	0.0181	0.0181	0.0181	0.0181	0.0181	0.0181	0.0181	0.0181	0.0181	0.0181	0.0181	0.0181	0.0181	0.0181	0.0181	0.0181	0.0181	0.0181	0.0181	0.0181	0.0181	0.0181	0.0181	0.0181	0.0181	0.0181	0.0181	0.0181	0.0181	0.0181	0.0181	0.0181	0.0181	0.0181	0.0181	0.0181	0.0181	0.0181	0.0181	0.0181	0.0181	0.0181	0.0181	0.0181	0.0181	0.0181	0.0181	0.0181	0.0181	0.0181	0.0181	0.0181	0.0181	0.0181	0.0181	0.0181	0.0181	0.0181	0.0181	0.0181	0.0181	0.0181	0.0181	0.0181	0.0181	0.0181	0.0181	0.0181	0.0181	0.0181	0.0181	0.0181	0.0181	0.0181	0.0181	0.0181	0.0181	0.0181	0.0181	0.0181	0.0181	0.0181	0.0181	0.0181	0.0181	0.0181	0.0181	0.0181	0.0181	0.0181	0.0181	0.0181	0.0181	0.0181	0.0181	0.0181	0.0181	0.0181	0.0181	0.0181	0.0181	0.0181	0.0181	0.0181	0.0181	0.0181	0.0181	0.0181	0.0181	0.0181	0.0181	0.0181	0.0181	0.0181	0.0181	0.0181	0.0181	0.0181	0.0181	0.0181	0.0181	0.0181	0.0181	0.0181	0.0181	0.0181	0.0181	0.0181	0.0181	0.0181	0.0181	0.0181	0.0181	0.0181	0.0181	0.0181	0.0181	0.0181	0.0181	0.0181	0.0181	0.0181	0.0181	0.0181	0.0181	0.0181	0.0181	0.0181	0.0181	0.0181	0.1117	0.0181	0.0181	0.0181	0.0181	0.0181	0.0181	0.0181	0.0181	0.0181	0.0181	0.0181	0.0181	0.0181	0.0181	0.0181	0.0181	0.0181	0.0181	0.0181	0.0181	0.0181	0.0181	0.0181	0.0181	0.0181	0.0181	0.0181	0.0181	0.0181	0.0181	0.0181	0.0181	0.0181	0.1117	0.0181	0.0181	0.0181	0.0181	0.0181	0.0181	0.0181	0.0181	0.0181	0.0181	0.0181	0.0181	0.0181	0.0181	0.0181	0.0181	0.0181	0.0181	0.0181	0.0181	0.0181	0.0181	0.0181	0.0181	0.0181	0.0181	0.0181	0.0181	0.0181	0.0181	0.0181	0.0181	0.0181	0.0181	0.0181	0.0181	0.0181	0.0181	0.0181	0.0181	0.0181	0.0181	0.0181	0.0181	0.0181	0.0181	0.0181	0.0181	0.0181	0.0181	0.0181	0.0181	0.0181	0.0181	0.0181	0.0181	0.0181	0.0181	0.0181	0.0181	0.0181	0.0181	0.0181	0.0181	0.0181	0.0181	0.1117	0.0181	0.0181	0.0181	0.0181	0.0181	0.0181	0.0181	0.0065	0.0065	0.0065	0.0065	0.0065	0.0065	0.0065	0.0065	0.0065	0.0065	0.0065	0.0065	0.0065	0.0065	0.0065	0.0065	0.0065	0.0065	0.0065	0.0065	0.0065	0.0065	0.0065	0.0065	0.0065	0.0065	0.0065	0.0065	0.0065	0.0065	0.0065	0.0065	0.0065	0.0065	0.0065	0.0065	0.0065	0.0065	0.0065	0.0065	0.0065	0.0065	0.0065	0.0065	0.0065	0.0065	0.0065	0.0065	0.0065	0.0065	0.0065	0.0065	0.0065	0.0065	0.0065	0.0065	0.0065	0.0065	0.0065	0.0065	0.0065	0.0065	0.0065	0.0065	0.0065	0.0065	0.0065	0.0065	0.0065	0.0065	0.0065	0.0065	0.0065	0.0065	0.0065	0.0065	0.0065	0.0065	0.0065	0.0065	0.0065
34	0.037	0.037	0.037	0.037	0.037	0.035	0.035	0.035	0.035	0.035	0.035	0.035	0.035	0.035	0.035	0.035	0.035	0.035	0.0077	0.0077	0.0077	0.0077	0.0077	0.0077	0.0077	0.0077	0.0077	0.0077	0.0077	0.0077	0.0077	0.0077	0.0077	0.0077	0.0077	0.0077	0.0077	0.0077	0.0077	0.0077	0.0077	0.0077	0.0077	0.0077	0.0077	0.0077	0.0077	0.0077	0.0077	0.0077	0.0077	0.0077	0.0077	0.0077	0.0077	0.0077	0.0077	0.0077	0.0077	0.0077	0.0077	0.0077	0.0077	0.0077	0.0077	0.0077	0.0077	0.0077	0.0077	0.0077	0.0077	0.0077	0.0077	0.0077	0.0077	0.0077	0.0077	0.0077	0.0077	0.0077	0.0077	0.0077	0.0077	0.0077	0.0077	0.0077	0.0077	0.0077	0.0077	0.0077	0.0077	0.0077	0.0077	0.0101	0.0077	0.0077	0.0077	0.0077	0.0077	0.0077	0.0077	0.0077	0.0077	0.0077	0.0077	0.0077	0.0077	0.0077	0.0077	0.0077	0.0077	0.0077	0.0077	0.0077	0.0077	0.0077	0.0077	0.0077	0.0077	0.0077	0.0077	0.0077	0.0077	0.0077	0.0077	0.0077	0.0077	0.0077	0.0077	0.0077	0.0077	0.0077	0.0077	0.0077	0.0077	0.0077	0.0077	0.0077	0.0077	0.0077	0.0077	0.0077	0.0077	0.0077	0.0077	0.0077	0.0077	0.0077	0.0077	0.0077	0.0077	0.0077	0.0077	0.0077	0.0101	0.0077	0.0077	0.0077	0.0077	0.0077	0.0077	0.0077	0.0077	0.0077	0.0077	0.0077	0.0077	0.0077	0.0077	0.0077	0.0077	0.0077	0.0077	0.0077	0.0077	0.0077	0.0077	0.0077	0.0077	0.0077	0.0077	0.0077	0.0077	0.0077	0.0077	0.0077	0.0077	0.0077	0.0077	0.0077	0.0077	0.0077	0.0077	0.0077	0.0077	0.0077	0.0077	0.0077	0.0077	0.0077	0.0077	0.0077	0.0077	0.0077	0.0077	0.0077	0.0077	0.0077	0.0077	0.0077	0.0077	0.0077	0.0077	0.0077	0.0077	0.0077	0.0077	0.0077	0.0077	0.0077	0.0077	0.0077	0.0077	0.0077	0.0077	0.0077	0.0077	0.0077	0.0077	0.0077	0.0077	0.0077	0.0077	0.0077	0.0077	0.0077	0.0077	0.0077	0.0077	0.0077	0.0077	0.0077	0.0077	0.0077	0.0077	0.0077	0.0077	0.0077	0.0077	0.0077	0.0077	0.0077	0.0077	0.0077	0.0077	0.0077	0.0077	0.0077	0.0077	0.0077	0.0077	0.0077	0.0077	0.0077	0.0077	0.0077	0.0077	0.0077	0.0077	0.0077	0.0077	0.0077	0.0077	0.0077	0.0077	0.0077	0.0077	0.0077	0.0077	0.0077	0.0077	0.0077	0.0077	0.0077	0.0077	0.0077	0.0077	0.0077	0.0077	0.0077	0.0077	0.0077	0.0077	0.0077	0.0077	0.0077	0.0077	0.0077	0.0077	0.0077	0.0077	0.0077	0.0077	0.0077	0.0077	0.0077	0.0077	0.0077	0.0077	0.0077	0.0077	0.0077	0.0077	0.0077	0.0077	0.0077	0.0077	0.0077	0.0077	0.0077	0.0077	0.0077	0.0077	0.0077	0.0077	0.0077	0.0077	0.0077	0.0077	0.0077	0.0077	0.0077	0.0077	0.0077	0.0077	0.0077	0.0077	0.0077	0.0077	0.0077	0.0077	0.0077	0.0077	0.0077	0.0077	0.0077	0.0077	0.0077	0.0077	0.0077	0.0077	0.0077	0.0077	0.0077	0.0077	0.0077	0.0077	0.0077	0.0077	0.0077	0.0077	0.0077	0.0077	0.0077	0.0077	0.0077	0.0077	0.0077	0.0077	0.0077	0.0077	0.0077	0.0077	0.0077	0.0077	0.0077	0.0077	0.0077	0.0077	0.0077	0.0077	0.0077	0.0077	0.0077	0.0077	0.0077	0.0077	0.0077	0.0077	0.0077	0.0077	0.0077	0.0077	0.0077	0.0077	0.0077	0.0077	0.0077	0.0077	0.0077	0.0077	0.0077	0.0077	0.0077	0.0077	0.0077	0.0077	0.0077	0.0077	0.0077	0.0101	0.0077	0.0077	0.0077	0.0077	0.0077	0.0077	0.0077	0.0077	0.0077	0.0077	0.0077	0.0077	0.0077	0.0077	0.0077	0.0077	0.0077	0.0077	0.0077	0.0077	0.0077	0.0077	0.0077	0.0077	0.0077	0.0077	0.0077	0.0077	0.0077	0.0077	0.0077	0.0077	0.0077	0.0101	0.0077	0.0077	0.0077	0.0077	0.0077	0.0077	0.0077	0.0077	0.0077	0.0077	0.0077	0.0077	0.0077	0.0077	0.0077	0.0077	0.0077	0.0077	0.0077	0.0077	0.0077	0.0077	0.0077	0.0077	0.0077	0.0077	0.0077	0.0077	0.0077	0.0077	0.0077	0.0077	0.0077	0.0077	0.0077	0.0077	0.0077	0.0077	0.0077	0.0077	0.0077	0.0077	0.0077	0.0077	0.0077	0.0077	0.0077	0.0077	0.0077	0.0077	0.0077	0.0077	0.0077	0.0077	0.0077	0.0077	0.0077	0.0077	0.0077	0.0077	0.0077	0.0077	0.0077	0.0077	0.0077	0.0077	0.0101	0.0077	0.0077	0.0077	0.0077	0.0077	0.0077	0.0077	0.0037	0.0037	0.0037	0.0037	0.0037	0.0037	0.0037	0.0037	0.0037	0.0037	0.0037	0.0037	0.0037	0.0037	0.0037	0.0037	0.0037	0.0037	0.0037	0.0037	0.0037	0.0037	0.0037	0.0037	0.0037	0.0037	0.0037	0.0037	0.0037	0.0037	0.0037	0.0037	0.0037	0.0037	0.0037	0.0037	0.0037	0.0037	0.0037	0.0037	0.0037	0.0037	0.0037	0.0037	0.0037	0.0037	0.0037	0.0037	0.0037	0.0037	0.0037	0.0037	0.0037	0.0037	0.0037	0.0037	0.0037	0.0037	0.0037	0.0037	0.0037	0.0037	0.0037	0.0037	0.0037	0.0037	0.0037	0.0037	0.0037	0.0037	0.0037	0.0037	0.0037	0.0037	0.0037	0.0037	0.0037	0.0037	0.0037	0.0037	0.0037
35	0.0571	0.0571	0.0571	0.0571	0.0571	0.0214	0.0214	0.0214	0.0214	0.0214	0.0214	0.0214	0.0214	0.0214	0.0214	0.0214	0.0214	0.0214	0.0051	0.0051	0.0051	0.0051	0.0051	0.0051	0.0051	0.0051	0.0051	0.0051	0.0051	0.0051	0.0051	0.0051	0.0051	0.0051	0.0051	0.0051	0.0051	0.0051	0.0051	0.0051	0.0051	0.0051	0.0051	0.0051	0.0051	0.0051	0.0051	0.0051	0.0051	0.0051	0.0051	0.0051	0.0051	0.0051	0.0051	0.0051	0.0051	0.0051	0.0051	0.0051	0.0051	0.0051	0.0051	0.0051	0.0051	0.0051	0.0051	0.0051	0.0051	0.0051	0.0051	0.0051	0.0051	0.0051	0.0051	0.0051	0.0051	0.0051	0.0051	0.0051	0.0051	0.0051	0.0051	0.0051	0.0051	0.0051	0.0051	0.0051	0.0051	0.0051	0.0051	0.0051	0.0051	0.0345	0.0051	0.0051	0.0051	0.0051	0.0051	0.0051	0.0051	0.0051	0.0051	0.0051	0.0051	0.0051	0.0051	0.0051	0.0051	0.0051	0.0051	0.0051	0.0051	0.0051	0.0051	0.0051	0.0051	0.0051	0.0051	0.0051	0.0051	0.0051	0.0051	0.0051	0.0051	0.0051	0.0051	0.0051	0.0051	0.0051	0.0051	0.0051	0.0051	0.0051	0.0051	0.0051	0.0051	0.0051	0.0051	0.0051	0.0051	0.0051	0.0051	0.0051	0.0051	0.0051	0.0051	0.0051	0.0051	0.0051	0.0051	0.0051	0.0051	0.0051	0.0345	0.0051	0.0051	0.0051	0.0051	0.0051	0.0051	0.0051	0.0051	0.0051	0.0051	0.0051	0.0051	0.0051	0.0051	0.0051	0.0051	0.0051	0.0051	0.0051	0.0051	0.0051	0.0051	0.0051	0.0051	0.0051	0.0051	0.0051	0.0051	0.0051	0.0051	0.0051	0.0051	0.0051	0.0051	0.0051	0.0051	0.0051	0.0051	0.0051	0.0051	0.0051	0.0051	0.0051	0.0051	0.0051	0.0051	0.0051	0.0051	0.0051	0.0051	0.0051	0.0051	0.0051	0.0051	0.0051	0.0051	0.0051	0.0051	0.0051	0.0051	0.0051	0.0051	0.0051	0.0051	0.0051	0.0051	0.0051	0.0051	0.0051	0.0051	0.0051	0.0051	0.0051	0.0051	0.0051	0.0051	0.0051	0.0051	0.0051	0.0051	0.0051	0.0051	0.0051	0.0051	0.0051	0.0051	0.0051	0.0051	0.0051	0.0051	0.0051	0.0051	0.0051	0.0051	0.0051	0.0051	0.0051	0.0051	0.0051	0.0051	0.0051	0.0051	0.0051	0.0051	0.0051	0.0051	0.0051	0.0051	0.0051	0.0051	0.0051	0.0051	0.0051	0.0051	0.0051	0.0051	0.0051	0.0051	0.0051	0.0051	0.0051	0.0051	0.0051	0.0051	0.0051	0.0051	0.0051	0.0051	0.0051	0.0051	0.0051	0.0051	0.0051	0.0051	0.0051	0.0051	0.0051	0.0051	0.0051	0.0051	0.0051	0.0051	0.0051	0.0051	0.0051	0.0051	0.0051	0.0051	0.0051	0.0051	0.0051	0.0051	0.0051	0.0051	0.0051	0.0051	0.0051	0.0051	0.0051	0.0051	0.0051	0.0051	0.0051	0.0051	0.0051	0.0051	0.0051	0.0051	0.0051	0.0051	0.0051	0.0051	0.0051	0.0051	0.0051	0.0051	0.0051	0.0051	0.0051	0.0051	0.0051	0.0051	0.0051	0.0051	0.0051	0.0051	0.0051	0.0051	0.0051	0.0051	0.0051	0.0051	0.0051	0.0051	0.0051	0.0051	0.0051	0.0051	0.0051	0.0051	0.0051	0.0051	0.0051	0.0051	0.0051	0.0051	0.0051	0.0051	0.0051	0.0051	0.0051	0.0051	0.0051	0.0051	0.0051	0.0051	0.0051	0.0051	0.0051	0.0051	0.0051	0.0051	0.0051	0.0051	0.0051	0.0051	0.0051	0.0051	0.0051	0.0051	0.0051	0.0051	0.0051	0.0051	0.0051	0.0051	0.0051	0.0051	0.0051	0.0051	0.0051	0.0051	0.0051	0.0051	0.0051	0.0051	0.0051	0.0051	0.0051	0.0051	0.0051	0.0051	0.0051	0.0051	0.0051	0.0345	0.0051	0.0051	0.0051	0.0051	0.0051	0.0051	0.0051	0.0051	0.0051	0.0051	0.0051	0.0051	0.0051	0.0051	0.0051	0.0051	0.0051	0.0051	0.0051	0.0051	0.0051	0.0051	0.0051	0.0051	0.0051	0.0051	0.0051	0.0051	0.0051	0.0051	0.0051	0.0051	0.0051	0.0345	0.0051	0.0051	0.0051	0.0051	0.0051	0.0051	0.0051	0.0051	0.0051	0.0051	0.0051	0.0051	0.0051	0.0051	0.0051	0.0051	0.0051	0.0051	0.0051	0.0051	0.0051	0.0051	0.0051	0.0051	0.0051	0.0051	0.0051	0.0051	0.0051	0.0051	0.0051	0.0051	0.0051	0.0051	0.0051	0.0051	0.0051	0.0051	0.0051	0.0051	0.0051	0.0051	0.0051	0.0051	0.0051	0.0051	0.0051	0.0051	0.0051	0.0051	0.0051	0.0051	0.0051	0.0051	0.0051	0.0051	0.0051	0.0051	0.0051	0.0051	0.0051	0.0051	0.0051	0.0051	0.0051	0.0051	0.0345	0.0051	0.0051	0.0051	0.0051	0.0051	0.0051	0.0051	0.0133	0.0133	0.0133	0.0133	0.0133	0.0133	0.0133	0.0133	0.0133	0.0133	0.0133	0.0133	0.0133	0.0133	0.0133	0.0133	0.0133	0.0133	0.0133	0.0133	0.0133	0.0133	0.0133	0.0133	0.0133	0.0133	0.0133	0.0133	0.0133	0.0133	0.0133	0.0133	0.0133	0.0133	0.0133	0.0133	0.0133	0.0133	0.0133	0.0133	0.0133	0.0133	0.0133	0.0133	0.0133	0.0133	0.0133	0.0133	0.0133	0.0133	0.0133	0.0133	0.0133	0.0133	0.0133	0.0133	0.0133	0.0133	0.0133	0.0133	0.0133	0.0133	0.0133	0.0133	0.0133	0.0133	0.0133	0.0133	0.0133	0.0133	0.0133	0.0133	0.0133	0.0133	0.0133	0.0133	0.0133	0.0133	0.0133	0.0133	0.0133
36	0.0526	0.0526	0.0526	0.0526	0.0526	0.9426	0.9426	0.9426	0.9426	0.9426	0.9426	0.9426	0.9426	0.9426	0.9426	0.9426	0.9426	0.9426	0.0115	0.0115	0.0115	0.0115	0.0115	0.0115	0.0115	0.0115	0.0115	0.0115	0.0115	0.0115	0.0115	0.0115	0.0115	0.0115	0.0115	0.0115	0.0115	0.0115	0.0115	0.0115	0.0115	0.0115	0.0115	0.0115	0.0115	0.0115	0.0115	0.0115	0.0115	0.0115	0.0115	0.0115	0.0115	0.0115	0.0115	0.0115	0.0115	0.0115	0.0115	0.0115	0.0115	0.0115	0.0115	0.0115	0.0115	0.0115	0.0115	0.0115	0.0115	0.0115	0.0115	0.0115	0.0115	0.0115	0.0115	0.0115	0.0115	0.0115	0.0115	0.0115	0.0115	0.0115	0.0115	0.0115	0.0115	0.0115	0.0115	0.0115	0.0115	0.0115	0.0115	0.0115	0.0115	0.1593	0.0115	0.0115	0.0115	0.0115	0.0115	0.0115	0.0115	0.0115	0.0115	0.0115	0.0115	0.0115	0.0115	0.0115	0.0115	0.0115	0.0115	0.0115	0.0115	0.0115	0.0115	0.0115	0.0115	0.0115	0.0115	0.0115	0.0115	0.0115	0.0115	0.0115	0.0115	0.0115	0.0115	0.0115	0.0115	0.0115	0.0115	0.0115	0.0115	0.0115	0.0115	0.0115	0.0115	0.0115	0.0115	0.0115	0.0115	0.0115	0.0115	0.0115	0.0115	0.0115	0.0115	0.0115	0.0115	0.0115	0.0115	0.0115	0.0115	0.0115	0.1593	0.0115	0.0115	0.0115	0.0115	0.0115	0.0115	0.0115	0.0115	0.0115	0.0115	0.0115	0.0115	0.0115	0.0115	0.0115	0.0115	0.0115	0.0115	0.0115	0.0115	0.0115	0.0115	0.0115	0.0115	0.0115	0.0115	0.0115	0.0115	0.0115	0.0115	0.0115	0.0115	0.0115	0.0115	0.0115	0.0115	0.0115	0.0115	0.0115	0.0115	0.0115	0.0115	0.0115	0.0115	0.0115	0.0115	0.0115	0.0115	0.0115	0.0115	0.0115	0.0115	0.0115	0.0115	0.0115	0.0115	0.0115	0.0115	0.0115	0.0115	0.0115	0.0115	0.0115	0.0115	0.0115	0.0115	0.0115	0.0115	0.0115	0.0115	0.0115	0.0115	0.0115	0.0115	0.0115	0.0115	0.0115	0.0115	0.0115	0.0115	0.0115	0.0115	0.0115	0.0115	0.0115	0.0115	0.0115	0.0115	0.0115	0.0115	0.0115	0.0115	0.0115	0.0115	0.0115	0.0115	0.0115	0.0115	0.0115	0.0115	0.0115	0.0115	0.0115	0.0115	0.0115	0.0115	0.0115	0.0115	0.0115	0.0115	0.0115	0.0115	0.0115	0.0115	0.0115	0.0115	0.0115	0.0115	0.0115	0.0115	0.0115	0.0115	0.0115	0.0115	0.0115	0.0115	0.0115	0.0115	0.0115	0.0115	0.0115	0.0115	0.0115	0.0115	0.0115	0.0115	0.0115	0.0115	0.0115	0.0115	0.0115	0.0115	0.0115	0.0115	0.0115	0.0115	0.0115	0.0115	0.0115	0.0115	0.0115	0.0115	0.0115	0.0115	0.0115	0.0115	0.0115	0.0115	0.0115	0.0115	0.0115	0.0115	0.0115	0.0115	0.0115	0.0115	0.0115	0.0115	0.0115	0.0115	0.0115	0.0115	0.0115	0.0115	0.0115	0.0115	0.0115	0.0115	0.0115	0.0115	0.0115	0.0115	0.0115	0.0115	0.0115	0.0115	0.0115	0.0115	0.0115	0.0115	0.0115	0.0115	0.0115	0.0115	0.0115	0.0115	0.0115	0.0115	0.0115	0.0115	0.0115	0.0115	0.0115	0.0115	0.0115	0.0115	0.0115	0.0115	0.0115	0.0115	0.0115	0.0115	0.0115	0.0115	0.0115	0.0115	0.0115	0.0115	0.0115	0.0115	0.0115	0.0115	0.0115	0.0115	0.0115	0.0115	0.0115	0.0115	0.0115	0.0115	0.0115	0.0115	0.0115	0.0115	0.0115	0.0115	0.0115	0.0115	0.0115	0.0115	0.0115	0.0115	0.0115	0.0115	0.0115	0.0115	0.0115	0.0115	0.0115	0.0115	0.0115	0.0115	0.0115	0.0115	0.0115	0.1593	0.0115	0.0115	0.0115	0.0115	0.0115	0.0115	0.0115	0.0115	0.0115	0.0115	0.0115	0.0115	0.0115	0.0115	0.0115	0.0115	0.0115	0.0115	0.0115	0.0115	0.0115	0.0115	0.0115	0.0115	0.0115	0.0115	0.0115	0.0115	0.0115	0.0115	0.0115	0.0115	0.0115	0.1593	0.0115	0.0115	0.0115	0.0115	0.0115	0.0115	0.0115	0.0115	0.0115	0.0115	0.0115	0.0115	0.0115	0.0115	0.0115	0.0115	0.0115	0.0115	0.0115	0.0115	0.0115	0.0115	0.0115	0.0115	0.0115	0.0115	0.0115	0.0115	0.0115	0.0115	0.0115	0.0115	0.0115	0.0115	0.0115	0.0115	0.0115	0.0115	0.0115	0.0115	0.0115	0.0115	0.0115	0.0115	0.0115	0.0115	0.0115	0.0115	0.0115	0.0115	0.0115	0.0115	0.0115	0.0115	0.0115	0.0115	0.0115	0.0115	0.0115	0.0115	0.0115	0.0115	0.0115	0.0115	0.0115	0.0115	0.1593	0.0115	0.0115	0.0115	0.0115	0.0115	0.0115	0.0115	0.0354	0.0354	0.0354	0.0354	0.0354	0.0354	0.0354	0.0354	0.0354	0.0354	0.0354	0.0354	0.0354	0.0354	0.0354	0.0354	0.0354	0.0354	0.0354	0.0354	0.0354	0.0354	0.0354	0.0354	0.0354	0.0354	0.0354	0.0354	0.0354	0.0354	0.0354	0.0354	0.0354	0.0354	0.0354	0.0354	0.0354	0.0354	0.0354	0.0354	0.0354	0.0354	0.0354	0.0354	0.0354	0.0354	0.0354	0.0354	0.0354	0.0354	0.0354	0.0354	0.0354	0.0354	0.0354	0.0354	0.0354	0.0354	0.0354	0.0354	0.0354	0.0354	0.0354	0.0354	0.0354	0.0354	0.0354	0.0354	0.0354	0.0354	0.0354	0.0354	0.0354	0.0354	0.0354	0.0354	0.0354	0.0354	0.0354	0.0354	0.0354
37	0.107	0.107	0.107	0.107	0.107	0.8799	0.8799	0.8799	0.8799	0.8799	0.8799	0.8799	0.8799	0.8799	0.8799	0.8799	0.8799	0.8799	0.0153	0.0153	0.0153	0.0153	0.0153	0.0153	0.0153	0.0153	0.0153	0.0153	0.0153	0.0153	0.0153	0.0153	0.0153	0.0153	0.0153	0.0153	0.0153	0.0153	0.0153	0.0153	0.0153	0.0153	0.0153	0.0153	0.0153	0.0153	0.0153	0.0153	0.0153	0.0153	0.0153	0.0153	0.0153	0.0153	0.0153	0.0153	0.0153	0.0153	0.0153	0.0153	0.0153	0.0153	0.0153	0.0153	0.0153	0.0153	0.0153	0.0153	0.0153	0.0153	0.0153	0.0153	0.0153	0.0153	0.0153	0.0153	0.0153	0.0153	0.0153	0.0153	0.0153	0.0153	0.0153	0.0153	0.0153	0.0153	0.0153	0.0153	0.0153	0.0153	0.0153	0.0153	0.0153	0.0378	0.0153	0.0153	0.0153	0.0153	0.0153	0.0153	0.0153	0.0153	0.0153	0.0153	0.0153	0.0153	0.0153	0.0153	0.0153	0.0153	0.0153	0.0153	0.0153	0.0153	0.0153	0.0153	0.0153	0.0153	0.0153	0.0153	0.0153	0.0153	0.0153	0.0153	0.0153	0.0153	0.0153	0.0153	0.0153	0.0153	0.0153	0.0153	0.0153	0.0153	0.0153	0.0153	0.0153	0.0153	0.0153	0.0153	0.0153	0.0153	0.0153	0.0153	0.0153	0.0153	0.0153	0.0153	0.0153	0.0153	0.0153	0.0153	0.0153	0.0153	0.0378	0.0153	0.0153	0.0153	0.0153	0.0153	0.0153	0.0153	0.0153	0.0153	0.0153	0.0153	0.0153	0.0153	0.0153	0.0153	0.0153	0.0153	0.0153	0.0153	0.0153	0.0153	0.0153	0.0153	0.0153	0.0153	0.0153	0.0153	0.0153	0.0153	0.0153	0.0153	0.0153	0.0153	0.0153	0.0153	0.0153	0.0153	0.0153	0.0153	0.0153	0.0153	0.0153	0.0153	0.0153	0.0153	0.0153	0.0153	0.0153	0.0153	0.0153	0.0153	0.0153	0.0153	0.0153	0.0153	0.0153	0.0153	0.0153	0.0153	0.0153	0.0153	0.0153	0.0153	0.0153	0.0153	0.0153	0.0153	0.0153	0.0153	0.0153	0.0153	0.0153	0.0153	0.0153	0.0153	0.0153	0.0153	0.0153	0.0153	0.0153	0.0153	0.0153	0.0153	0.0153	0.0153	0.0153	0.0153	0.0153	0.0153	0.0153	0.0153	0.0153	0.0153	0.0153	0.0153	0.0153	0.0153	0.0153	0.0153	0.0153	0.0153	0.0153	0.0153	0.0153	0.0153	0.0153	0.0153	0.0153	0.0153	0.0153	0.0153	0.0153	0.0153	0.0153	0.0153	0.0153	0.0153	0.0153	0.0153	0.0153	0.0153	0.0153	0.0153	0.0153	0.0153	0.0153	0.0153	0.0153	0.0153	0.0153	0.0153	0.0153	0.0153	0.0153	0.0153	0.0153	0.0153	0.0153	0.0153	0.0153	0.0153	0.0153	0.0153	0.0153	0.0153	0.0153	0.0153	0.0153	0.0153	0.0153	0.0153	0.0153	0.0153	0.0153	0.0153	0.0153	0.0153	0.0153	0.0153	0.0153	0.0153	0.0153	0.0153	0.0153	0.0153	0.0153	0.0153	0.0153	0.0153	0.0153	0.0153	0.0153	0.0153	0.0153	0.0153	0.0153	0.0153	0.0153	0.0153	0.0153	0.0153	0.0153	0.0153	0.0153	0.0153	0.0153	0.0153	0.0153	0.0153	0.0153	0.0153	0.0153	0.0153	0.0153	0.0153	0.0153	0.0153	0.0153	0.0153	0.0153	0.0153	0.0153	0.0153	0.0153	0.0153	0.0153	0.0153	0.0153	0.0153	0.0153	0.0153	0.0153	0.0153	0.0153	0.0153	0.0153	0.0153	0.0153	0.0153	0.0153	0.0153	0.0153	0.0153	0.0153	0.0153	0.0153	0.0153	0.0153	0.0153	0.0153	0.0153	0.0153	0.0153	0.0153	0.0153	0.0153	0.0153	0.0153	0.0153	0.0153	0.0153	0.0153	0.0153	0.0153	0.0153	0.0153	0.0153	0.0153	0.0153	0.0153	0.0153	0.0153	0.0153	0.0153	0.0153	0.0378	0.0153	0.0153	0.0153	0.0153	0.0153	0.0153	0.0153	0.0153	0.0153	0.0153	0.0153	0.0153	0.0153	0.0153	0.0153	0.0153	0.0153	0.0153	0.0153	0.0153	0.0153	0.0153	0.0153	0.0153	0.0153	0.0153	0.0153	0.0153	0.0153	0.0153	0.0153	0.0153	0.0153	0.0378	0.0153	0.0153	0.0153	0.0153	0.0153	0.0153	0.0153	0.0153	0.0153	0.0153	0.0153	0.0153	0.0153	0.0153	0.0153	0.0153	0.0153	0.0153	0.0153	0.0153	0.0153	0.0153	0.0153	0.0153	0.0153	0.0153	0.0153	0.0153	0.0153	0.0153	0.0153	0.0153	0.0153	0.0153	0.0153	0.0153	0.0153	0.0153	0.0153	0.0153	0.0153	0.0153	0.0153	0.0153	0.0153	0.0153	0.0153	0.0153	0.0153	0.0153	0.0153	0.0153	0.0153	0.0153	0.0153	0.0153	0.0153	0.0153	0.0153	0.0153	0.0153	0.0153	0.0153	0.0153	0.0153	0.0153	0.0378	0.0153	0.0153	0.0153	0.0153	0.0153	0.0153	0.0153	0.0069	0.0069	0.0069	0.0069	0.0069	0.0069	0.0069	0.0069	0.0069	0.0069	0.0069	0.0069	0.0069	0.0069	0.0069	0.0069	0.0069	0.0069	0.0069	0.0069	0.0069	0.0069	0.0069	0.0069	0.0069	0.0069	0.0069	0.0069	0.0069	0.0069	0.0069	0.0069	0.0069	0.0069	0.0069	0.0069	0.0069	0.0069	0.0069	0.0069	0.0069	0.0069	0.0069	0.0069	0.0069	0.0069	0.0069	0.0069	0.0069	0.0069	0.0069	0.0069	0.0069	0.0069	0.0069	0.0069	0.0069	0.0069	0.0069	0.0069	0.0069	0.0069	0.0069	0.0069	0.0069	0.0069	0.0069	0.0069	0.0069	0.0069	0.0069	0.0069	0.0069	0.0069	0.0069	0.0069	0.0069	0.0069	0.0069	0.0069	0.0069
38	0.0704	0.0704	0.0704	0.0704	0.0704	0.8869	0.8869	0.8869	0.8869	0.8869	0.8869	0.8869	0.8869	0.8869	0.8869	0.8869	0.8869	0.8869	0.0219	0.0219	0.0219	0.0219	0.0219	0.0219	0.0219	0.0219	0.0219	0.0219	0.0219	0.0219	0.0219	0.0219	0.0219	0.0219	0.0219	0.0219	0.0219	0.0219	0.0219	0.0219	0.0219	0.0219	0.0219	0.0219	0.0219	0.0219	0.0219	0.0219	0.0219	0.0219	0.0219	0.0219	0.0219	0.0219	0.0219	0.0219	0.0219	0.0219	0.0219	0.0219	0.0219	0.0219	0.0219	0.0219	0.0219	0.0219	0.0219	0.0219	0.0219	0.0219	0.0219	0.0219	0.0219	0.0219	0.0219	0.0219	0.0219	0.0219	0.0219	0.0219	0.0219	0.0219	0.0219	0.0219	0.0219	0.0219	0.0219	0.0219	0.0219	0.0219	0.0219	0.0219	0.0219	0.0332	0.0219	0.0219	0.0219	0.0219	0.0219	0.0219	0.0219	0.0219	0.0219	0.0219	0.0219	0.0219	0.0219	0.0219	0.0219	0.0219	0.0219	0.0219	0.0219	0.0219	0.0219	0.0219	0.0219	0.0219	0.0219	0.0219	0.0219	0.0219	0.0219	0.0219	0.0219	0.0219	0.0219	0.0219	0.0219	0.0219	0.0219	0.0219	0.0219	0.0219	0.0219	0.0219	0.0219	0.0219	0.0219	0.0219	0.0219	0.0219	0.0219	0.0219	0.0219	0.0219	0.0219	0.0219	0.0219	0.0219	0.0219	0.0219	0.0219	0.0219	0.0332	0.0219	0.0219	0.0219	0.0219	0.0219	0.0219	0.0219	0.0219	0.0219	0.0219	0.0219	0.0219	0.0219	0.0219	0.0219	0.0219	0.0219	0.0219	0.0219	0.0219	0.0219	0.0219	0.0219	0.0219	0.0219	0.0219	0.0219	0.0219	0.0219	0.0219	0.0219	0.0219	0.0219	0.0219	0.0219	0.0219	0.0219	0.0219	0.0219	0.0219	0.0219	0.0219	0.0219	0.0219	0.0219	0.0219	0.0219	0.0219	0.0219	0.0219	0.0219	0.0219	0.0219	0.0219	0.0219	0.0219	0.0219	0.0219	0.0219	0.0219	0.0219	0.0219	0.0219	0.0219	0.0219	0.0219	0.0219	0.0219	0.0219	0.0219	0.0219	0.0219	0.0219	0.0219	0.0219	0.0219	0.0219	0.0219	0.0219	0.0219	0.0219	0.0219	0.0219	0.0219	0.0219	0.0219	0.0219	0.0219	0.0219	0.0219	0.0219	0.0219	0.0219	0.0219	0.0219	0.0219	0.0219	0.0219	0.0219	0.0219	0.0219	0.0219	0.0219	0.0219	0.0219	0.0219	0.0219	0.0219	0.0219	0.0219	0.0219	0.0219	0.0219	0.0219	0.0219	0.0219	0.0219	0.0219	0.0219	0.0219	0.0219	0.0219	0.0219	0.0219	0.0219	0.0219	0.0219	0.0219	0.0219	0.0219	0.0219	0.0219	0.0219	0.0219	0.0219	0.0219	0.0219	0.0219	0.0219	0.0219	0.0219	0.0219	0.0219	0.0219	0.0219	0.0219	0.0219	0.0219	0.0219	0.0219	0.0219	0.0219	0.0219	0.0219	0.0219	0.0219	0.0219	0.0219	0.0219	0.0219	0.0219	0.0219	0.0219	0.0219	0.0219	0.0219	0.0219	0.0219	0.0219	0.0219	0.0219	0.0219	0.0219	0.0219	0.0219	0.0219	0.0219	0.0219	0.0219	0.0219	0.0219	0.0219	0.0219	0.0219	0.0219	0.0219	0.0219	0.0219	0.0219	0.0219	0.0219	0.0219	0.0219	0.0219	0.0219	0.0219	0.0219	0.0219	0.0219	0.0219	0.0219	0.0219	0.0219	0.0219	0.0219	0.0219	0.0219	0.0219	0.0219	0.0219	0.0219	0.0219	0.0219	0.0219	0.0219	0.0219	0.0219	0.0219	0.0219	0.0219	0.0219	0.0219	0.0219	0.0219	0.0219	0.0219	0.0219	0.0219	0.0219	0.0219	0.0219	0.0219	0.0219	0.0219	0.0219	0.0219	0.0219	0.0219	0.0219	0.0219	0.0219	0.0219	0.0219	0.0219	0.0219	0.0219	0.0219	0.0219	0.0219	0.0219	0.0219	0.0219	0.0219	0.0219	0.0219	0.0332	0.0219	0.0219	0.0219	0.0219	0.0219	0.0219	0.0219	0.0219	0.0219	0.0219	0.0219	0.0219	0.0219	0.0219	0.0219	0.0219	0.0219	0.0219	0.0219	0.0219	0.0219	0.0219	0.0219	0.0219	0.0219	0.0219	0.0219	0.0219	0.0219	0.0219	0.0219	0.0219	0.0219	0.0332	0.0219	0.0219	0.0219	0.0219	0.0219	0.0219	0.0219	0.0219	0.0219	0.0219	0.0219	0.0219	0.0219	0.0219	0.0219	0.0219	0.0219	0.0219	0.0219	0.0219	0.0219	0.0219	0.0219	0.0219	0.0219	0.0219	0.0219	0.0219	0.0219	0.0219	0.0219	0.0219	0.0219	0.0219	0.0219	0.0219	0.0219	0.0219	0.0219	0.0219	0.0219	0.0219	0.0219	0.0219	0.0219	0.0219	0.0219	0.0219	0.0219	0.0219	0.0219	0.0219	0.0219	0.0219	0.0219	0.0219	0.0219	0.0219	0.0219	0.0219	0.0219	0.0219	0.0219	0.0219	0.0219	0.0219	0.0332	0.0219	0.0219	0.0219	0.0219	0.0219	0.0219	0.0219	0.0206	0.0206	0.0206	0.0206	0.0206	0.0206	0.0206	0.0206	0.0206	0.0206	0.0206	0.0206	0.0206	0.0206	0.0206	0.0206	0.0206	0.0206	0.0206	0.0206	0.0206	0.0206	0.0206	0.0206	0.0206	0.0206	0.0206	0.0206	0.0206	0.0206	0.0206	0.0206	0.0206	0.0206	0.0206	0.0206	0.0206	0.0206	0.0206	0.0206	0.0206	0.0206	0.0206	0.0206	0.0206	0.0206	0.0206	0.0206	0.0206	0.0206	0.0206	0.0206	0.0206	0.0206	0.0206	0.0206	0.0206	0.0206	0.0206	0.0206	0.0206	0.0206	0.0206	0.0206	0.0206	0.0206	0.0206	0.0206	0.0206	0.0206	0.0206	0.0206	0.0206	0.0206	0.0206	0.0206	0.0206	0.0206	0.0206	0.0206	0.0206
39	0.0535	0.0535	0.0535	0.0535	0.0535	0.9357	0.9357	0.9357	0.9357	0.9357	0.9357	0.9357	0.9357	0.9357	0.9357	0.9357	0.9357	0.9357	0.0075	0.0075	0.0075	0.0075	0.0075	0.0075	0.0075	0.0075	0.0075	0.0075	0.0075	0.0075	0.0075	0.0075	0.0075	0.0075	0.0075	0.0075	0.0075	0.0075	0.0075	0.0075	0.0075	0.0075	0.0075	0.0075	0.0075	0.0075	0.0075	0.0075	0.0075	0.0075	0.0075	0.0075	0.0075	0.0075	0.0075	0.0075	0.0075	0.0075	0.0075	0.0075	0.0075	0.0075	0.0075	0.0075	0.0075	0.0075	0.0075	0.0075	0.0075	0.0075	0.0075	0.0075	0.0075	0.0075	0.0075	0.0075	0.0075	0.0075	0.0075	0.0075	0.0075	0.0075	0.0075	0.0075	0.0075	0.0075	0.0075	0.0075	0.0075	0.0075	0.0075	0.0075	0.0075	0.0024	0.0075	0.0075	0.0075	0.0075	0.0075	0.0075	0.0075	0.0075	0.0075	0.0075	0.0075	0.0075	0.0075	0.0075	0.0075	0.0075	0.0075	0.0075	0.0075	0.0075	0.0075	0.0075	0.0075	0.0075	0.0075	0.0075	0.0075	0.0075	0.0075	0.0075	0.0075	0.0075	0.0075	0.0075	0.0075	0.0075	0.0075	0.0075	0.0075	0.0075	0.0075	0.0075	0.0075	0.0075	0.0075	0.0075	0.0075	0.0075	0.0075	0.0075	0.0075	0.0075	0.0075	0.0075	0.0075	0.0075	0.0075	0.0075	0.0075	0.0075	0.0024	0.0075	0.0075	0.0075	0.0075	0.0075	0.0075	0.0075	0.0075	0.0075	0.0075	0.0075	0.0075	0.0075	0.0075	0.0075	0.0075	0.0075	0.0075	0.0075	0.0075	0.0075	0.0075	0.0075	0.0075	0.0075	0.0075	0.0075	0.0075	0.0075	0.0075	0.0075	0.0075	0.0075	0.0075	0.0075	0.0075	0.0075	0.0075	0.0075	0.0075	0.0075	0.0075	0.0075	0.0075	0.0075	0.0075	0.0075	0.0075	0.0075	0.0075	0.0075	0.0075	0.0075	0.0075	0.0075	0.0075	0.0075	0.0075	0.0075	0.0075	0.0075	0.0075	0.0075	0.0075	0.0075	0.0075	0.0075	0.0075	0.0075	0.0075	0.0075	0.0075	0.0075	0.0075	0.0075	0.0075	0.0075	0.0075	0.0075	0.0075	0.0075	0.0075	0.0075	0.0075	0.0075	0.0075	0.0075	0.0075	0.0075	0.0075	0.0075	0.0075	0.0075	0.0075	0.0075	0.0075	0.0075	0.0075	0.0075	0.0075	0.0075	0.0075	0.0075	0.0075	0.0075	0.0075	0.0075	0.0075	0.0075	0.0075	0.0075	0.0075	0.0075	0.0075	0.0075	0.0075	0.0075	0.0075	0.0075	0.0075	0.0075	0.0075	0.0075	0.0075	0.0075	0.0075	0.0075	0.0075	0.0075	0.0075	0.0075	0.0075	0.0075	0.0075	0.0075	0.0075	0.0075	0.0075	0.0075	0.0075	0.0075	0.0075	0.0075	0.0075	0.0075	0.0075	0.0075	0.0075	0.0075	0.0075	0.0075	0.0075	0.0075	0.0075	0.0075	0.0075	0.0075	0.0075	0.0075	0.0075	0.0075	0.0075	0.0075	0.0075	0.0075	0.0075	0.0075	0.0075	0.0075	0.0075	0.0075	0.0075	0.0075	0.0075	0.0075	0.0075	0.0075	0.0075	0.0075	0.0075	0.0075	0.0075	0.0075	0.0075	0.0075	0.0075	0.0075	0.0075	0.0075	0.0075	0.0075	0.0075	0.0075	0.0075	0.0075	0.0075	0.0075	0.0075	0.0075	0.0075	0.0075	0.0075	0.0075	0.0075	0.0075	0.0075	0.0075	0.0075	0.0075	0.0075	0.0075	0.0075	0.0075	0.0075	0.0075	0.0075	0.0075	0.0075	0.0075	0.0075	0.0075	0.0075	0.0075	0.0075	0.0075	0.0075	0.0075	0.0075	0.0075	0.0075	0.0075	0.0075	0.0075	0.0075	0.0075	0.0075	0.0075	0.0075	0.0075	0.0075	0.0075	0.0075	0.0075	0.0075	0.0075	0.0075	0.0075	0.0075	0.0075	0.0075	0.0075	0.0075	0.0075	0.0075	0.0075	0.0024	0.0075	0.0075	0.0075	0.0075	0.0075	0.0075	0.0075	0.0075	0.0075	0.0075	0.0075	0.0075	0.0075	0.0075	0.0075	0.0075	0.0075	0.0075	0.0075	0.0075	0.0075	0.0075	0.0075	0.0075	0.0075	0.0075	0.0075	0.0075	0.0075	0.0075	0.0075	0.0075	0.0075	0.0024	0.0075	0.0075	0.0075	0.0075	0.0075	0.0075	0.0075	0.0075	0.0075	0.0075	0.0075	0.0075	0.0075	0.0075	0.0075	0.0075	0.0075	0.0075	0.0075	0.0075	0.0075	0.0075	0.0075	0.0075	0.0075	0.0075	0.0075	0.0075	0.0075	0.0075	0.0075	0.0075	0.0075	0.0075	0.0075	0.0075	0.0075	0.0075	0.0075	0.0075	0.0075	0.0075	0.0075	0.0075	0.0075	0.0075	0.0075	0.0075	0.0075	0.0075	0.0075	0.0075	0.0075	0.0075	0.0075	0.0075	0.0075	0.0075	0.0075	0.0075	0.0075	0.0075	0.0075	0.0075	0.0075	0.0075	0.0024	0.0075	0.0075	0.0075	0.0075	0.0075	0.0075	0.0075	0.0352	0.0352	0.0352	0.0352	0.0352	0.0352	0.0352	0.0352	0.0352	0.0352	0.0352	0.0352	0.0352	0.0352	0.0352	0.0352	0.0352	0.0352	0.0352	0.0352	0.0352	0.0352	0.0352	0.0352	0.0352	0.0352	0.0352	0.0352	0.0352	0.0352	0.0352	0.0352	0.0352	0.0352	0.0352	0.0352	0.0352	0.0352	0.0352	0.0352	0.0352	0.0352	0.0352	0.0352	0.0352	0.0352	0.0352	0.0352	0.0352	0.0352	0.0352	0.0352	0.0352	0.0352	0.0352	0.0352	0.0352	0.0352	0.0352	0.0352	0.0352	0.0352	0.0352	0.0352	0.0352	0.0352	0.0352	0.0352	0.0352	0.0352	0.0352	0.0352	0.0352	0.0352	0.0352	0.0352	0.0352	0.0352	0.0352	0.0352	0.0352
40	0.1012	0.1012	0.1012	0.1012	0.1012	0.9703	0.9703	0.9703	0.9703	0.9703	0.9703	0.9703	0.9703	0.9703	0.9703	0.9703	0.9703	0.9703	0.0131	0.0131	0.0131	0.0131	0.0131	0.0131	0.0131	0.0131	0.0131	0.0131	0.0131	0.0131	0.0131	0.0131	0.0131	0.0131	0.0131	0.0131	0.0131	0.0131	0.0131	0.0131	0.0131	0.0131	0.0131	0.0131	0.0131	0.0131	0.0131	0.0131	0.0131	0.0131	0.0131	0.0131	0.0131	0.0131	0.0131	0.0131	0.0131	0.0131	0.0131	0.0131	0.0131	0.0131	0.0131	0.0131	0.0131	0.0131	0.0131	0.0131	0.0131	0.0131	0.0131	0.0131	0.0131	0.0131	0.0131	0.0131	0.0131	0.0131	0.0131	0.0131	0.0131	0.0131	0.0131	0.0131	0.0131	0.0131	0.0131	0.0131	0.0131	0.0131	0.0131	0.0131	0.0131	0.0121	0.0131	0.0131	0.0131	0.0131	0.0131	0.0131	0.0131	0.0131	0.0131	0.0131	0.0131	0.0131	0.0131	0.0131	0.0131	0.0131	0.0131	0.0131	0.0131	0.0131	0.0131	0.0131	0.0131	0.0131	0.0131	0.0131	0.0131	0.0131	0.0131	0.0131	0.0131	0.0131	0.0131	0.0131	0.0131	0.0131	0.0131	0.0131	0.0131	0.0131	0.0131	0.0131	0.0131	0.0131	0.0131	0.0131	0.0131	0.0131	0.0131	0.0131	0.0131	0.0131	0.0131	0.0131	0.0131	0.0131	0.0131	0.0131	0.0131	0.0131	0.0121	0.0131	0.0131	0.0131	0.0131	0.0131	0.0131	0.0131	0.0131	0.0131	0.0131	0.0131	0.0131	0.0131	0.0131	0.0131	0.0131	0.0131	0.0131	0.0131	0.0131	0.0131	0.0131	0.0131	0.0131	0.0131	0.0131	0.0131	0.0131	0.0131	0.0131	0.0131	0.0131	0.0131	0.0131	0.0131	0.0131	0.0131	0.0131	0.0131	0.0131	0.0131	0.0131	0.0131	0.0131	0.0131	0.0131	0.0131	0.0131	0.0131	0.0131	0.0131	0.0131	0.0131	0.0131	0.0131	0.0131	0.0131	0.0131	0.0131	0.0131	0.0131	0.0131	0.0131	0.0131	0.0131	0.0131	0.0131	0.0131	0.0131	0.0131	0.0131	0.0131	0.0131	0.0131	0.0131	0.0131	0.0131	0.0131	0.0131	0.0131	0.0131	0.0131	0.0131	0.0131	0.0131	0.0131	0.0131	0.0131	0.0131	0.0131	0.0131	0.0131	0.0131	0.0131	0.0131	0.0131	0.0131	0.0131	0.0131	0.0131	0.0131	0.0131	0.0131	0.0131	0.0131	0.0131	0.0131	0.0131	0.0131	0.0131	0.0131	0.0131	0.0131	0.0131	0.0131	0.0131	0.0131	0.0131	0.0131	0.0131	0.0131	0.0131	0.0131	0.0131	0.0131	0.0131	0.0131	0.0131	0.0131	0.0131	0.0131	0.0131	0.0131	0.0131	0.0131	0.0131	0.0131	0.0131	0.0131	0.0131	0.0131	0.0131	0.0131	0.0131	0.0131	0.0131	0.0131	0.0131	0.0131	0.0131	0.0131	0.0131	0.0131	0.0131	0.0131	0.0131	0.0131	0.0131	0.0131	0.0131	0.0131	0.0131	0.0131	0.0131	0.0131	0.0131	0.0131	0.0131	0.0131	0.0131	0.0131	0.0131	0.0131	0.0131	0.0131	0.0131	0.0131	0.0131	0.0131	0.0131	0.0131	0.0131	0.0131	0.0131	0.0131	0.0131	0.0131	0.0131	0.0131	0.0131	0.0131	0.0131	0.0131	0.0131	0.0131	0.0131	0.0131	0.0131	0.0131	0.0131	0.0131	0.0131	0.0131	0.0131	0.0131	0.0131	0.0131	0.0131	0.0131	0.0131	0.0131	0.0131	0.0131	0.0131	0.0131	0.0131	0.0131	0.0131	0.0131	0.0131	0.0131	0.0131	0.0131	0.0131	0.0131	0.0131	0.0131	0.0131	0.0131	0.0131	0.0131	0.0131	0.0131	0.0131	0.0131	0.0131	0.0131	0.0131	0.0131	0.0131	0.0131	0.0131	0.0131	0.0131	0.0131	0.0131	0.0131	0.0131	0.0131	0.0131	0.0131	0.0131	0.0131	0.0131	0.0131	0.0121	0.0131	0.0131	0.0131	0.0131	0.0131	0.0131	0.0131	0.0131	0.0131	0.0131	0.0131	0.0131	0.0131	0.0131	0.0131	0.0131	0.0131	0.0131	0.0131	0.0131	0.0131	0.0131	0.0131	0.0131	0.0131	0.0131	0.0131	0.0131	0.0131	0.0131	0.0131	0.0131	0.0131	0.0121	0.0131	0.0131	0.0131	0.0131	0.0131	0.0131	0.0131	0.0131	0.0131	0.0131	0.0131	0.0131	0.0131	0.0131	0.0131	0.0131	0.0131	0.0131	0.0131	0.0131	0.0131	0.0131	0.0131	0.0131	0.0131	0.0131	0.0131	0.0131	0.0131	0.0131	0.0131	0.0131	0.0131	0.0131	0.0131	0.0131	0.0131	0.0131	0.0131	0.0131	0.0131	0.0131	0.0131	0.0131	0.0131	0.0131	0.0131	0.0131	0.0131	0.0131	0.0131	0.0131	0.0131	0.0131	0.0131	0.0131	0.0131	0.0131	0.0131	0.0131	0.0131	0.0131	0.0131	0.0131	0.0131	0.0131	0.0121	0.0131	0.0131	0.0131	0.0131	0.0131	0.0131	0.0131	0.0034	0.0034	0.0034	0.0034	0.0034	0.0034	0.0034	0.0034	0.0034	0.0034	0.0034	0.0034	0.0034	0.0034	0.0034	0.0034	0.0034	0.0034	0.0034	0.0034	0.0034	0.0034	0.0034	0.0034	0.0034	0.0034	0.0034	0.0034	0.0034	0.0034	0.0034	0.0034	0.0034	0.0034	0.0034	0.0034	0.0034	0.0034	0.0034	0.0034	0.0034	0.0034	0.0034	0.0034	0.0034	0.0034	0.0034	0.0034	0.0034	0.0034	0.0034	0.0034	0.0034	0.0034	0.0034	0.0034	0.0034	0.0034	0.0034	0.0034	0.0034	0.0034	0.0034	0.0034	0.0034	0.0034	0.0034	0.0034	0.0034	0.0034	0.0034	0.0034	0.0034	0.0034	0.0034	0.0034	0.0034	0.0034	0.0034	0.0034	0.0034
41	0.0614	0.0614	0.0614	0.0614	0.0614	0.9521	0.9521	0.9521	0.9521	0.9521	0.9521	0.9521	0.9521	0.9521	0.9521	0.9521	0.9521	0.9521	0.0076	0.0076	0.0076	0.0076	0.0076	0.0076	0.0076	0.0076	0.0076	0.0076	0.0076	0.0076	0.0076	0.0076	0.0076	0.0076	0.0076	0.0076	0.0076	0.0076	0.0076	0.0076	0.0076	0.0076	0.0076	0.0076	0.0076	0.0076	0.0076	0.0076	0.0076	0.0076	0.0076	0.0076	0.0076	0.0076	0.0076	0.0076	0.0076	0.0076	0.0076	0.0076	0.0076	0.0076	0.0076	0.0076	0.0076	0.0076	0.0076	0.0076	0.0076	0.0076	0.0076	0.0076	0.0076	0.0076	0.0076	0.0076	0.0076	0.0076	0.0076	0.0076	0.0076	0.0076	0.0076	0.0076	0.0076	0.0076	0.0076	0.0076	0.0076	0.0076	0.0076	0.0076	0.0076	0.0265	0.0076	0.0076	0.0076	0.0076	0.0076	0.0076	0.0076	0.0076	0.0076	0.0076	0.0076	0.0076	0.0076	0.0076	0.0076	0.0076	0.0076	0.0076	0.0076	0.0076	0.0076	0.0076	0.0076	0.0076	0.0076	0.0076	0.0076	0.0076	0.0076	0.0076	0.0076	0.0076	0.0076	0.0076	0.0076	0.0076	0.0076	0.0076	0.0076	0.0076	0.0076	0.0076	0.0076	0.0076	0.0076	0.0076	0.0076	0.0076	0.0076	0.0076	0.0076	0.0076	0.0076	0.0076	0.0076	0.0076	0.0076	0.0076	0.0076	0.0076	0.0265	0.0076	0.0076	0.0076	0.0076	0.0076	0.0076	0.0076	0.0076	0.0076	0.0076	0.0076	0.0076	0.0076	0.0076	0.0076	0.0076	0.0076	0.0076	0.0076	0.0076	0.0076	0.0076	0.0076	0.0076	0.0076	0.0076	0.0076	0.0076	0.0076	0.0076	0.0076	0.0076	0.0076	0.0076	0.0076	0.0076	0.0076	0.0076	0.0076	0.0076	0.0076	0.0076	0.0076	0.0076	0.0076	0.0076	0.0076	0.0076	0.0076	0.0076	0.0076	0.0076	0.0076	0.0076	0.0076	0.0076	0.0076	0.0076	0.0076	0.0076	0.0076	0.0076	0.0076	0.0076	0.0076	0.0076	0.0076	0.0076	0.0076	0.0076	0.0076	0.0076	0.0076	0.0076	0.0076	0.0076	0.0076	0.0076	0.0076	0.0076	0.0076	0.0076	0.0076	0.0076	0.0076	0.0076	0.0076	0.0076	0.0076	0.0076	0.0076	0.0076	0.0076	0.0076	0.0076	0.0076	0.0076	0.0076	0.0076	0.0076	0.0076	0.0076	0.0076	0.0076	0.0076	0.0076	0.0076	0.0076	0.0076	0.0076	0.0076	0.0076	0.0076	0.0076	0.0076	0.0076	0.0076	0.0076	0.0076	0.0076	0.0076	0.0076	0.0076	0.0076	0.0076	0.0076	0.0076	0.0076	0.0076	0.0076	0.0076	0.0076	0.0076	0.0076	0.0076	0.0076	0.0076	0.0076	0.0076	0.0076	0.0076	0.0076	0.0076	0.0076	0.0076	0.0076	0.0076	0.0076	0.0076	0.0076	0.0076	0.0076	0.0076	0.0076	0.0076	0.0076	0.0076	0.0076	0.0076	0.0076	0.0076	0.0076	0.0076	0.0076	0.0076	0.0076	0.0076	0.0076	0.0076	0.0076	0.0076	0.0076	0.0076	0.0076	0.0076	0.0076	0.0076	0.0076	0.0076	0.0076	0.0076	0.0076	0.0076	0.0076	0.0076	0.0076	0.0076	0.0076	0.0076	0.0076	0.0076	0.0076	0.0076	0.0076	0.0076	0.0076	0.0076	0.0076	0.0076	0.0076	0.0076	0.0076	0.0076	0.0076	0.0076	0.0076	0.0076	0.0076	0.0076	0.0076	0.0076	0.0076	0.0076	0.0076	0.0076	0.0076	0.0076	0.0076	0.0076	0.0076	0.0076	0.0076	0.0076	0.0076	0.0076	0.0076	0.0076	0.0076	0.0076	0.0076	0.0076	0.0076	0.0076	0.0076	0.0076	0.0076	0.0076	0.0076	0.0076	0.0076	0.0076	0.0076	0.0076	0.0076	0.0076	0.0076	0.0076	0.0076	0.0076	0.0076	0.0076	0.0076	0.0076	0.0076	0.0076	0.0265	0.0076	0.0076	0.0076	0.0076	0.0076	0.0076	0.0076	0.0076	0.0076	0.0076	0.0076	0.0076	0.0076	0.0076	0.0076	0.0076	0.0076	0.0076	0.0076	0.0076	0.0076	0.0076	0.0076	0.0076	0.0076	0.0076	0.0076	0.0076	0.0076	0.0076	0.0076	0.0076	0.0076	0.0265	0.0076	0.0076	0.0076	0.0076	0.0076	0.0076	0.0076	0.0076	0.0076	0.0076	0.0076	0.0076	0.0076	0.0076	0.0076	0.0076	0.0076	0.0076	0.0076	0.0076	0.0076	0.0076	0.0076	0.0076	0.0076	0.0076	0.0076	0.0076	0.0076	0.0076	0.0076	0.0076	0.0076	0.0076	0.0076	0.0076	0.0076	0.0076	0.0076	0.0076	0.0076	0.0076	0.0076	0.0076	0.0076	0.0076	0.0076	0.0076	0.0076	0.0076	0.0076	0.0076	0.0076	0.0076	0.0076	0.0076	0.0076	0.0076	0.0076	0.0076	0.0076	0.0076	0.0076	0.0076	0.0076	0.0076	0.0265	0.0076	0.0076	0.0076	0.0076	0.0076	0.0076	0.0076	0.019	0.019	0.019	0.019	0.019	0.019	0.019	0.019	0.019	0.019	0.019	0.019	0.019	0.019	0.019	0.019	0.019	0.019	0.019	0.019	0.019	0.019	0.019	0.019	0.019	0.019	0.019	0.019	0.019	0.019	0.019	0.019	0.019	0.019	0.019	0.019	0.019	0.019	0.019	0.019	0.019	0.019	0.019	0.019	0.019	0.019	0.019	0.019	0.019	0.019	0.019	0.019	0.019	0.019	0.019	0.019	0.019	0.019	0.019	0.019	0.019	0.019	0.019	0.019	0.019	0.019	0.019	0.019	0.019	0.019	0.019	0.019	0.019	0.019	0.019	0.019	0.019	0.019	0.019	0.019	0.019
42	0.0894	0.0894	0.0894	0.0894	0.0894	0.9097	0.9097	0.9097	0.9097	0.9097	0.9097	0.9097	0.9097	0.9097	0.9097	0.9097	0.9097	0.9097	0.008	0.008	0.008	0.008	0.008	0.008	0.008	0.008	0.008	0.008	0.008	0.008	0.008	0.008	0.008	0.008	0.008	0.008	0.008	0.008	0.008	0.008	0.008	0.008	0.008	0.008	0.008	0.008	0.008	0.008	0.008	0.008	0.008	0.008	0.008	0.008	0.008	0.008	0.008	0.008	0.008	0.008	0.008	0.008	0.008	0.008	0.008	0.008	0.008	0.008	0.008	0.008	0.008	0.008	0.008	0.008	0.008	0.008	0.008	0.008	0.008	0.008	0.008	0.008	0.008	0.008	0.008	0.008	0.008	0.008	0.008	0.008	0.008	0.008	0.008	0.015	0.008	0.008	0.008	0.008	0.008	0.008	0.008	0.008	0.008	0.008	0.008	0.008	0.008	0.008	0.008	0.008	0.008	0.008	0.008	0.008	0.008	0.008	0.008	0.008	0.008	0.008	0.008	0.008	0.008	0.008	0.008	0.008	0.008	0.008	0.008	0.008	0.008	0.008	0.008	0.008	0.008	0.008	0.008	0.008	0.008	0.008	0.008	0.008	0.008	0.008	0.008	0.008	0.008	0.008	0.008	0.008	0.008	0.008	0.008	0.008	0.015	0.008	0.008	0.008	0.008	0.008	0.008	0.008	0.008	0.008	0.008	0.008	0.008	0.008	0.008	0.008	0.008	0.008	0.008	0.008	0.008	0.008	0.008	0.008	0.008	0.008	0.008	0.008	0.008	0.008	0.008	0.008	0.008	0.008	0.008	0.008	0.008	0.008	0.008	0.008	0.008	0.008	0.008	0.008	0.008	0.008	0.008	0.008	0.008	0.008	0.008	0.008	0.008	0.008	0.008	0.008	0.008	0.008	0.008	0.008	0.008	0.008	0.008	0.008	0.008	0.008	0.008	0.008	0.008	0.008	0.008	0.008	0.008	0.008	0.008	0.008	0.008	0.008	0.008	0.008	0.008	0.008	0.008	0.008	0.008	0.008	0.008	0.008	0.008	0.008	0.008	0.008	0.008	0.008	0.008	0.008	0.008	0.008	0.008	0.008	0.008	0.008	0.008	0.008	0.008	0.008	0.008	0.008	0.008	0.008	0.008	0.008	0.008	0.008	0.008	0.008	0.008	0.008	0.008	0.008	0.008	0.008	0.008	0.008	0.008	0.008	0.008	0.008	0.008	0.008	0.008	0.008	0.008	0.008	0.008	0.008	0.008	0.008	0.008	0.008	0.008	0.008	0.008	0.008	0.008	0.008	0.008	0.008	0.008	0.008	0.008	0.008	0.008	0.008	0.008	0.008	0.008	0.008	0.008	0.008	0.008	0.008	0.008	0.008	0.008	0.008	0.008	0.008	0.008	0.008	0.008	0.008	0.008	0.008	0.008	0.008	0.008	0.008	0.008	0.008	0.008	0.008	0.008	0.008	0.008	0.008	0.008	0.008	0.008	0.008	0.008	0.008	0.008	0.008	0.008	0.008	0.008	0.008	0.008	0.008	0.008	0.008	0.008	0.008	0.008	0.008	0.008	0.008	0.008	0.008	0.008	0.008	0.008	0.008	0.008	0.008	0.008	0.008	0.008	0.008	0.008	0.008	0.008	0.008	0.008	0.008	0.008	0.008	0.008	0.008	0.008	0.008	0.008	0.008	0.008	0.008	0.008	0.008	0.008	0.008	0.008	0.008	0.008	0.008	0.008	0.008	0.008	0.008	0.008	0.008	0.008	0.008	0.008	0.008	0.008	0.008	0.015	0.008	0.008	0.008	0.008	0.008	0.008	0.008	0.008	0.008	0.008	0.008	0.008	0.008	0.008	0.008	0.008	0.008	0.008	0.008	0.008	0.008	0.008	0.008	0.008	0.008	0.008	0.008	0.008	0.008	0.008	0.008	0.008	0.008	0.015	0.008	0.008	0.008	0.008	0.008	0.008	0.008	0.008	0.008	0.008	0.008	0.008	0.008	0.008	0.008	0.008	0.008	0.008	0.008	0.008	0.008	0.008	0.008	0.008	0.008	0.008	0.008	0.008	0.008	0.008	0.008	0.008	0.008	0.008	0.008	0.008	0.008	0.008	0.008	0.008	0.008	0.008	0.008	0.008	0.008	0.008	0.008	0.008	0.008	0.008	0.008	0.008	0.008	0.008	0.008	0.008	0.008	0.008	0.008	0.008	0.008	0.008	0.008	0.008	0.008	0.008	0.015	0.008	0.008	0.008	0.008	0.008	0.008	0.008	0.021	0.021	0.021	0.021	0.021	0.021	0.021	0.021	0.021	0.021	0.021	0.021	0.021	0.021	0.021	0.021	0.021	0.021	0.021	0.021	0.021	0.021	0.021	0.021	0.021	0.021	0.021	0.021	0.021	0.021	0.021	0.021	0.021	0.021	0.021	0.021	0.021	0.021	0.021	0.021	0.021	0.021	0.021	0.021	0.021	0.021	0.021	0.021	0.021	0.021	0.021	0.021	0.021	0.021	0.021	0.021	0.021	0.021	0.021	0.021	0.021	0.021	0.021	0.021	0.021	0.021	0.021	0.021	0.021	0.021	0.021	0.021	0.021	0.021	0.021	0.021	0.021	0.021	0.021	0.021	0.021
43	0.0559	0.0559	0.0559	0.0559	0.0559	0.7115	0.7115	0.7115	0.7115	0.7115	0.7115	0.7115	0.7115	0.7115	0.7115	0.7115	0.7115	0.7115	0.0075	0.0075	0.0075	0.0075	0.0075	0.0075	0.0075	0.0075	0.0075	0.0075	0.0075	0.0075	0.0075	0.0075	0.0075	0.0075	0.0075	0.0075	0.0075	0.0075	0.0075	0.0075	0.0075	0.0075	0.0075	0.0075	0.0075	0.0075	0.0075	0.0075	0.0075	0.0075	0.0075	0.0075	0.0075	0.0075	0.0075	0.0075	0.0075	0.0075	0.0075	0.0075	0.0075	0.0075	0.0075	0.0075	0.0075	0.0075	0.0075	0.0075	0.0075	0.0075	0.0075	0.0075	0.0075	0.0075	0.0075	0.0075	0.0075	0.0075	0.0075	0.0075	0.0075	0.0075	0.0075	0.0075	0.0075	0.0075	0.0075	0.0075	0.0075	0.0075	0.0075	0.0075	0.0075	0.0295	0.0075	0.0075	0.0075	0.0075	0.0075	0.0075	0.0075	0.0075	0.0075	0.0075	0.0075	0.0075	0.0075	0.0075	0.0075	0.0075	0.0075	0.0075	0.0075	0.0075	0.0075	0.0075	0.0075	0.0075	0.0075	0.0075	0.0075	0.0075	0.0075	0.0075	0.0075	0.0075	0.0075	0.0075	0.0075	0.0075	0.0075	0.0075	0.0075	0.0075	0.0075	0.0075	0.0075	0.0075	0.0075	0.0075	0.0075	0.0075	0.0075	0.0075	0.0075	0.0075	0.0075	0.0075	0.0075	0.0075	0.0075	0.0075	0.0075	0.0075	0.0295	0.0075	0.0075	0.0075	0.0075	0.0075	0.0075	0.0075	0.0075	0.0075	0.0075	0.0075	0.0075	0.0075	0.0075	0.0075	0.0075	0.0075	0.0075	0.0075	0.0075	0.0075	0.0075	0.0075	0.0075	0.0075	0.0075	0.0075	0.0075	0.0075	0.0075	0.0075	0.0075	0.0075	0.0075	0.0075	0.0075	0.0075	0.0075	0.0075	0.0075	0.0075	0.0075	0.0075	0.0075	0.0075	0.0075	0.0075	0.0075	0.0075	0.0075	0.0075	0.0075	0.0075	0.0075	0.0075	0.0075	0.0075	0.0075	0.0075	0.0075	0.0075	0.0075	0.0075	0.0075	0.0075	0.0075	0.0075	0.0075	0.0075	0.0075	0.0075	0.0075	0.0075	0.0075	0.0075	0.0075	0.0075	0.0075	0.0075	0.0075	0.0075	0.0075	0.0075	0.0075	0.0075	0.0075	0.0075	0.0075	0.0075	0.0075	0.0075	0.0075	0.0075	0.0075	0.0075	0.0075	0.0075	0.0075	0.0075	0.0075	0.0075	0.0075	0.0075	0.0075	0.0075	0.0075	0.0075	0.0075	0.0075	0.0075	0.0075	0.0075	0.0075	0.0075	0.0075	0.0075	0.0075	0.0075	0.0075	0.0075	0.0075	0.0075	0.0075	0.0075	0.0075	0.0075	0.0075	0.0075	0.0075	0.0075	0.0075	0.0075	0.0075	0.0075	0.0075	0.0075	0.0075	0.0075	0.0075	0.0075	0.0075	0.0075	0.0075	0.0075	0.0075	0.0075	0.0075	0.0075	0.0075	0.0075	0.0075	0.0075	0.0075	0.0075	0.0075	0.0075	0.0075	0.0075	0.0075	0.0075	0.0075	0.0075	0.0075	0.0075	0.0075	0.0075	0.0075	0.0075	0.0075	0.0075	0.0075	0.0075	0.0075	0.0075	0.0075	0.0075	0.0075	0.0075	0.0075	0.0075	0.0075	0.0075	0.0075	0.0075	0.0075	0.0075	0.0075	0.0075	0.0075	0.0075	0.0075	0.0075	0.0075	0.0075	0.0075	0.0075	0.0075	0.0075	0.0075	0.0075	0.0075	0.0075	0.0075	0.0075	0.0075	0.0075	0.0075	0.0075	0.0075	0.0075	0.0075	0.0075	0.0075	0.0075	0.0075	0.0075	0.0075	0.0075	0.0075	0.0075	0.0075	0.0075	0.0075	0.0075	0.0075	0.0075	0.0075	0.0075	0.0075	0.0075	0.0075	0.0075	0.0075	0.0075	0.0075	0.0075	0.0075	0.0075	0.0075	0.0075	0.0075	0.0075	0.0075	0.0075	0.0075	0.0075	0.0075	0.0075	0.0075	0.0075	0.0075	0.0075	0.0075	0.0075	0.0075	0.0295	0.0075	0.0075	0.0075	0.0075	0.0075	0.0075	0.0075	0.0075	0.0075	0.0075	0.0075	0.0075	0.0075	0.0075	0.0075	0.0075	0.0075	0.0075	0.0075	0.0075	0.0075	0.0075	0.0075	0.0075	0.0075	0.0075	0.0075	0.0075	0.0075	0.0075	0.0075	0.0075	0.0075	0.0295	0.0075	0.0075	0.0075	0.0075	0.0075	0.0075	0.0075	0.0075	0.0075	0.0075	0.0075	0.0075	0.0075	0.0075	0.0075	0.0075	0.0075	0.0075	0.0075	0.0075	0.0075	0.0075	0.0075	0.0075	0.0075	0.0075	0.0075	0.0075	0.0075	0.0075	0.0075	0.0075	0.0075	0.0075	0.0075	0.0075	0.0075	0.0075	0.0075	0.0075	0.0075	0.0075	0.0075	0.0075	0.0075	0.0075	0.0075	0.0075	0.0075	0.0075	0.0075	0.0075	0.0075	0.0075	0.0075	0.0075	0.0075	0.0075	0.0075	0.0075	0.0075	0.0075	0.0075	0.0075	0.0075	0.0075	0.0295	0.0075	0.0075	0.0075	0.0075	0.0075	0.0075	0.0075	0.0072	0.0072	0.0072	0.0072	0.0072	0.0072	0.0072	0.0072	0.0072	0.0072	0.0072	0.0072	0.0072	0.0072	0.0072	0.0072	0.0072	0.0072	0.0072	0.0072	0.0072	0.0072	0.0072	0.0072	0.0072	0.0072	0.0072	0.0072	0.0072	0.0072	0.0072	0.0072	0.0072	0.0072	0.0072	0.0072	0.0072	0.0072	0.0072	0.0072	0.0072	0.0072	0.0072	0.0072	0.0072	0.0072	0.0072	0.0072	0.0072	0.0072	0.0072	0.0072	0.0072	0.0072	0.0072	0.0072	0.0072	0.0072	0.0072	0.0072	0.0072	0.0072	0.0072	0.0072	0.0072	0.0072	0.0072	0.0072	0.0072	0.0072	0.0072	0.0072	0.0072	0.0072	0.0072	0.0072	0.0072	0.0072	0.0072	0.0072	0.0072
44	0.1012	0.1012	0.1012	0.1012	0.1012	0.8827	0.8827	0.8827	0.8827	0.8827	0.8827	0.8827	0.8827	0.8827	0.8827	0.8827	0.8827	0.8827	0.011	0.011	0.011	0.011	0.011	0.011	0.011	0.011	0.011	0.011	0.011	0.011	0.011	0.011	0.011	0.011	0.011	0.011	0.011	0.011	0.011	0.011	0.011	0.011	0.011	0.011	0.011	0.011	0.011	0.011	0.011	0.011	0.011	0.011	0.011	0.011	0.011	0.011	0.011	0.011	0.011	0.011	0.011	0.011	0.011	0.011	0.011	0.011	0.011	0.011	0.011	0.011	0.011	0.011	0.011	0.011	0.011	0.011	0.011	0.011	0.011	0.011	0.011	0.011	0.011	0.011	0.011	0.011	0.011	0.011	0.011	0.011	0.011	0.011	0.011	0.0228	0.011	0.011	0.011	0.011	0.011	0.011	0.011	0.011	0.011	0.011	0.011	0.011	0.011	0.011	0.011	0.011	0.011	0.011	0.011	0.011	0.011	0.011	0.011	0.011	0.011	0.011	0.011	0.011	0.011	0.011	0.011	0.011	0.011	0.011	0.011	0.011	0.011	0.011	0.011	0.011	0.011	0.011	0.011	0.011	0.011	0.011	0.011	0.011	0.011	0.011	0.011	0.011	0.011	0.011	0.011	0.011	0.011	0.011	0.011	0.011	0.0228	0.011	0.011	0.011	0.011	0.011	0.011	0.011	0.011	0.011	0.011	0.011	0.011	0.011	0.011	0.011	0.011	0.011	0.011	0.011	0.011	0.011	0.011	0.011	0.011	0.011	0.011	0.011	0.011	0.011	0.011	0.011	0.011	0.011	0.011	0.011	0.011	0.011	0.011	0.011	0.011	0.011	0.011	0.011	0.011	0.011	0.011	0.011	0.011	0.011	0.011	0.011	0.011	0.011	0.011	0.011	0.011	0.011	0.011	0.011	0.011	0.011	0.011	0.011	0.011	0.011	0.011	0.011	0.011	0.011	0.011	0.011	0.011	0.011	0.011	0.011	0.011	0.011	0.011	0.011	0.011	0.011	0.011	0.011	0.011	0.011	0.011	0.011	0.011	0.011	0.011	0.011	0.011	0.011	0.011	0.011	0.011	0.011	0.011	0.011	0.011	0.011	0.011	0.011	0.011	0.011	0.011	0.011	0.011	0.011	0.011	0.011	0.011	0.011	0.011	0.011	0.011	0.011	0.011	0.011	0.011	0.011	0.011	0.011	0.011	0.011	0.011	0.011	0.011	0.011	0.011	0.011	0.011	0.011	0.011	0.011	0.011	0.011	0.011	0.011	0.011	0.011	0.011	0.011	0.011	0.011	0.011	0.011	0.011	0.011	0.011	0.011	0.011	0.011	0.011	0.011	0.011	0.011	0.011	0.011	0.011	0.011	0.011	0.011	0.011	0.011	0.011	0.011	0.011	0.011	0.011	0.011	0.011	0.011	0.011	0.011	0.011	0.011	0.011	0.011	0.011	0.011	0.011	0.011	0.011	0.011	0.011	0.011	0.011	0.011	0.011	0.011	0.011	0.011	0.011	0.011	0.011	0.011	0.011	0.011	0.011	0.011	0.011	0.011	0.011	0.011	0.011	0.011	0.011	0.011	0.011	0.011	0.011	0.011	0.011	0.011	0.011	0.011	0.011	0.011	0.011	0.011	0.011	0.011	0.011	0.011	0.011	0.011	0.011	0.011	0.011	0.011	0.011	0.011	0.011	0.011	0.011	0.011	0.011	0.011	0.011	0.011	0.011	0.011	0.011	0.011	0.011	0.011	0.011	0.011	0.011	0.011	0.011	0.011	0.011	0.011	0.0228	0.011	0.011	0.011	0.011	0.011	0.011	0.011	0.011	0.011	0.011	0.011	0.011	0.011	0.011	0.011	0.011	0.011	0.011	0.011	0.011	0.011	0.011	0.011	0.011	0.011	0.011	0.011	0.011	0.011	0.011	0.011	0.011	0.011	0.0228	0.011	0.011	0.011	0.011	0.011	0.011	0.011	0.011	0.011	0.011	0.011	0.011	0.011	0.011	0.011	0.011	0.011	0.011	0.011	0.011	0.011	0.011	0.011	0.011	0.011	0.011	0.011	0.011	0.011	0.011	0.011	0.011	0.011	0.011	0.011	0.011	0.011	0.011	0.011	0.011	0.011	0.011	0.011	0.011	0.011	0.011	0.011	0.011	0.011	0.011	0.011	0.011	0.011	0.011	0.011	0.011	0.011	0.011	0.011	0.011	0.011	0.011	0.011	0.011	0.011	0.011	0.0228	0.011	0.011	0.011	0.011	0.011	0.011	0.011	0.0325	0.0325	0.0325	0.0325	0.0325	0.0325	0.0325	0.0325	0.0325	0.0325	0.0325	0.0325	0.0325	0.0325	0.0325	0.0325	0.0325	0.0325	0.0325	0.0325	0.0325	0.0325	0.0325	0.0325	0.0325	0.0325	0.0325	0.0325	0.0325	0.0325	0.0325	0.0325	0.0325	0.0325	0.0325	0.0325	0.0325	0.0325	0.0325	0.0325	0.0325	0.0325	0.0325	0.0325	0.0325	0.0325	0.0325	0.0325	0.0325	0.0325	0.0325	0.0325	0.0325	0.0325	0.0325	0.0325	0.0325	0.0325	0.0325	0.0325	0.0325	0.0325	0.0325	0.0325	0.0325	0.0325	0.0325	0.0325	0.0325	0.0325	0.0325	0.0325	0.0325	0.0325	0.0325	0.0325	0.0325	0.0325	0.0325	0.0325	0.0325
45	0.4478	0.4478	0.4478	0.4478	0.4478	0.9633	0.9633	0.9633	0.9633	0.9633	0.9633	0.9633	0.9633	0.9633	0.9633	0.9633	0.9633	0.9633	0.0137	0.0137	0.0137	0.0137	0.0137	0.0137	0.0137	0.0137	0.0137	0.0137	0.0137	0.0137	0.0137	0.0137	0.0137	0.0137	0.0137	0.0137	0.0137	0.0137	0.0137	0.0137	0.0137	0.0137	0.0137	0.0137	0.0137	0.0137	0.0137	0.0137	0.0137	0.0137	0.0137	0.0137	0.0137	0.0137	0.0137	0.0137	0.0137	0.0137	0.0137	0.0137	0.0137	0.0137	0.0137	0.0137	0.0137	0.0137	0.0137	0.0137	0.0137	0.0137	0.0137	0.0137	0.0137	0.0137	0.0137	0.0137	0.0137	0.0137	0.0137	0.0137	0.0137	0.0137	0.0137	0.0137	0.0137	0.0137	0.0137	0.0137	0.0137	0.0137	0.0137	0.0137	0.0137	0.0223	0.0137	0.0137	0.0137	0.0137	0.0137	0.0137	0.0137	0.0137	0.0137	0.0137	0.0137	0.0137	0.0137	0.0137	0.0137	0.0137	0.0137	0.0137	0.0137	0.0137	0.0137	0.0137	0.0137	0.0137	0.0137	0.0137	0.0137	0.0137	0.0137	0.0137	0.0137	0.0137	0.0137	0.0137	0.0137	0.0137	0.0137	0.0137	0.0137	0.0137	0.0137	0.0137	0.0137	0.0137	0.0137	0.0137	0.0137	0.0137	0.0137	0.0137	0.0137	0.0137	0.0137	0.0137	0.0137	0.0137	0.0137	0.0137	0.0137	0.0137	0.0223	0.0137	0.0137	0.0137	0.0137	0.0137	0.0137	0.0137	0.0137	0.0137	0.0137	0.0137	0.0137	0.0137	0.0137	0.0137	0.0137	0.0137	0.0137	0.0137	0.0137	0.0137	0.0137	0.0137	0.0137	0.0137	0.0137	0.0137	0.0137	0.0137	0.0137	0.0137	0.0137	0.0137	0.0137	0.0137	0.0137	0.0137	0.0137	0.0137	0.0137	0.0137	0.0137	0.0137	0.0137	0.0137	0.0137	0.0137	0.0137	0.0137	0.0137	0.0137	0.0137	0.0137	0.0137	0.0137	0.0137	0.0137	0.0137	0.0137	0.0137	0.0137	0.0137	0.0137	0.0137	0.0137	0.0137	0.0137	0.0137	0.0137	0.0137	0.0137	0.0137	0.0137	0.0137	0.0137	0.0137	0.0137	0.0137	0.0137	0.0137	0.0137	0.0137	0.0137	0.0137	0.0137	0.0137	0.0137	0.0137	0.0137	0.0137	0.0137	0.0137	0.0137	0.0137	0.0137	0.0137	0.0137	0.0137	0.0137	0.0137	0.0137	0.0137	0.0137	0.0137	0.0137	0.0137	0.0137	0.0137	0.0137	0.0137	0.0137	0.0137	0.0137	0.0137	0.0137	0.0137	0.0137	0.0137	0.0137	0.0137	0.0137	0.0137	0.0137	0.0137	0.0137	0.0137	0.0137	0.0137	0.0137	0.0137	0.0137	0.0137	0.0137	0.0137	0.0137	0.0137	0.0137	0.0137	0.0137	0.0137	0.0137	0.0137	0.0137	0.0137	0.0137	0.0137	0.0137	0.0137	0.0137	0.0137	0.0137	0.0137	0.0137	0.0137	0.0137	0.0137	0.0137	0.0137	0.0137	0.0137	0.0137	0.0137	0.0137	0.0137	0.0137	0.0137	0.0137	0.0137	0.0137	0.0137	0.0137	0.0137	0.0137	0.0137	0.0137	0.0137	0.0137	0.0137	0.0137	0.0137	0.0137	0.0137	0.0137	0.0137	0.0137	0.0137	0.0137	0.0137	0.0137	0.0137	0.0137	0.0137	0.0137	0.0137	0.0137	0.0137	0.0137	0.0137	0.0137	0.0137	0.0137	0.0137	0.0137	0.0137	0.0137	0.0137	0.0137	0.0137	0.0137	0.0137	0.0137	0.0137	0.0137	0.0137	0.0137	0.0137	0.0137	0.0137	0.0137	0.0137	0.0137	0.0137	0.0137	0.0137	0.0137	0.0137	0.0137	0.0137	0.0137	0.0137	0.0137	0.0137	0.0137	0.0137	0.0137	0.0137	0.0137	0.0137	0.0137	0.0137	0.0137	0.0137	0.0137	0.0137	0.0137	0.0137	0.0137	0.0137	0.0137	0.0137	0.0137	0.0137	0.0137	0.0137	0.0137	0.0223	0.0137	0.0137	0.0137	0.0137	0.0137	0.0137	0.0137	0.0137	0.0137	0.0137	0.0137	0.0137	0.0137	0.0137	0.0137	0.0137	0.0137	0.0137	0.0137	0.0137	0.0137	0.0137	0.0137	0.0137	0.0137	0.0137	0.0137	0.0137	0.0137	0.0137	0.0137	0.0137	0.0137	0.0223	0.0137	0.0137	0.0137	0.0137	0.0137	0.0137	0.0137	0.0137	0.0137	0.0137	0.0137	0.0137	0.0137	0.0137	0.0137	0.0137	0.0137	0.0137	0.0137	0.0137	0.0137	0.0137	0.0137	0.0137	0.0137	0.0137	0.0137	0.0137	0.0137	0.0137	0.0137	0.0137	0.0137	0.0137	0.0137	0.0137	0.0137	0.0137	0.0137	0.0137	0.0137	0.0137	0.0137	0.0137	0.0137	0.0137	0.0137	0.0137	0.0137	0.0137	0.0137	0.0137	0.0137	0.0137	0.0137	0.0137	0.0137	0.0137	0.0137	0.0137	0.0137	0.0137	0.0137	0.0137	0.0137	0.0137	0.0223	0.0137	0.0137	0.0137	0.0137	0.0137	0.0137	0.0137	0.0158	0.0158	0.0158	0.0158	0.0158	0.0158	0.0158	0.0158	0.0158	0.0158	0.0158	0.0158	0.0158	0.0158	0.0158	0.0158	0.0158	0.0158	0.0158	0.0158	0.0158	0.0158	0.0158	0.0158	0.0158	0.0158	0.0158	0.0158	0.0158	0.0158	0.0158	0.0158	0.0158	0.0158	0.0158	0.0158	0.0158	0.0158	0.0158	0.0158	0.0158	0.0158	0.0158	0.0158	0.0158	0.0158	0.0158	0.0158	0.0158	0.0158	0.0158	0.0158	0.0158	0.0158	0.0158	0.0158	0.0158	0.0158	0.0158	0.0158	0.0158	0.0158	0.0158	0.0158	0.0158	0.0158	0.0158	0.0158	0.0158	0.0158	0.0158	0.0158	0.0158	0.0158	0.0158	0.0158	0.0158	0.0158	0.0158	0.0158	0.0158
46	0.0485	0.0485	0.0485	0.0485	0.0485	0.982	0.982	0.982	0.982	0.982	0.982	0.982	0.982	0.982	0.982	0.982	0.982	0.982	0.0108	0.0108	0.0108	0.0108	0.0108	0.0108	0.0108	0.0108	0.0108	0.0108	0.0108	0.0108	0.0108	0.0108	0.0108	0.0108	0.0108	0.0108	0.0108	0.0108	0.0108	0.0108	0.0108	0.0108	0.0108	0.0108	0.0108	0.0108	0.0108	0.0108	0.0108	0.0108	0.0108	0.0108	0.0108	0.0108	0.0108	0.0108	0.0108	0.0108	0.0108	0.0108	0.0108	0.0108	0.0108	0.0108	0.0108	0.0108	0.0108	0.0108	0.0108	0.0108	0.0108	0.0108	0.0108	0.0108	0.0108	0.0108	0.0108	0.0108	0.0108	0.0108	0.0108	0.0108	0.0108	0.0108	0.0108	0.0108	0.0108	0.0108	0.0108	0.0108	0.0108	0.0108	0.0108	0.0094	0.0108	0.0108	0.0108	0.0108	0.0108	0.0108	0.0108	0.0108	0.0108	0.0108	0.0108	0.0108	0.0108	0.0108	0.0108	0.0108	0.0108	0.0108	0.0108	0.0108	0.0108	0.0108	0.0108	0.0108	0.0108	0.0108	0.0108	0.0108	0.0108	0.0108	0.0108	0.0108	0.0108	0.0108	0.0108	0.0108	0.0108	0.0108	0.0108	0.0108	0.0108	0.0108	0.0108	0.0108	0.0108	0.0108	0.0108	0.0108	0.0108	0.0108	0.0108	0.0108	0.0108	0.0108	0.0108	0.0108	0.0108	0.0108	0.0108	0.0108	0.0094	0.0108	0.0108	0.0108	0.0108	0.0108	0.0108	0.0108	0.0108	0.0108	0.0108	0.0108	0.0108	0.0108	0.0108	0.0108	0.0108	0.0108	0.0108	0.0108	0.0108	0.0108	0.0108	0.0108	0.0108	0.0108	0.0108	0.0108	0.0108	0.0108	0.0108	0.0108	0.0108	0.0108	0.0108	0.0108	0.0108	0.0108	0.0108	0.0108	0.0108	0.0108	0.0108	0.0108	0.0108	0.0108	0.0108	0.0108	0.0108	0.0108	0.0108	0.0108	0.0108	0.0108	0.0108	0.0108	0.0108	0.0108	0.0108	0.0108	0.0108	0.0108	0.0108	0.0108	0.0108	0.0108	0.0108	0.0108	0.0108	0.0108	0.0108	0.0108	0.0108	0.0108	0.0108	0.0108	0.0108	0.0108	0.0108	0.0108	0.0108	0.0108	0.0108	0.0108	0.0108	0.0108	0.0108	0.0108	0.0108	0.0108	0.0108	0.0108	0.0108	0.0108	0.0108	0.0108	0.0108	0.0108	0.0108	0.0108	0.0108	0.0108	0.0108	0.0108	0.0108	0.0108	0.0108	0.0108	0.0108	0.0108	0.0108	0.0108	0.0108	0.0108	0.0108	0.0108	0.0108	0.0108	0.0108	0.0108	0.0108	0.0108	0.0108	0.0108	0.0108	0.0108	0.0108	0.0108	0.0108	0.0108	0.0108	0.0108	0.0108	0.0108	0.0108	0.0108	0.0108	0.0108	0.0108	0.0108	0.0108	0.0108	0.0108	0.0108	0.0108	0.0108	0.0108	0.0108	0.0108	0.0108	0.0108	0.0108	0.0108	0.0108	0.0108	0.0108	0.0108	0.0108	0.0108	0.0108	0.0108	0.0108	0.0108	0.0108	0.0108	0.0108	0.0108	0.0108	0.0108	0.0108	0.0108	0.0108	0.0108	0.0108	0.0108	0.0108	0.0108	0.0108	0.0108	0.0108	0.0108	0.0108	0.0108	0.0108	0.0108	0.0108	0.0108	0.0108	0.0108	0.0108	0.0108	0.0108	0.0108	0.0108	0.0108	0.0108	0.0108	0.0108	0.0108	0.0108	0.0108	0.0108	0.0108	0.0108	0.0108	0.0108	0.0108	0.0108	0.0108	0.0108	0.0108	0.0108	0.0108	0.0108	0.0108	0.0108	0.0108	0.0108	0.0108	0.0108	0.0108	0.0108	0.0108	0.0108	0.0108	0.0108	0.0108	0.0108	0.0108	0.0108	0.0108	0.0108	0.0108	0.0108	0.0108	0.0108	0.0108	0.0108	0.0108	0.0108	0.0108	0.0108	0.0108	0.0108	0.0108	0.0108	0.0108	0.0108	0.0108	0.0108	0.0108	0.0108	0.0108	0.0108	0.0108	0.0108	0.0094	0.0108	0.0108	0.0108	0.0108	0.0108	0.0108	0.0108	0.0108	0.0108	0.0108	0.0108	0.0108	0.0108	0.0108	0.0108	0.0108	0.0108	0.0108	0.0108	0.0108	0.0108	0.0108	0.0108	0.0108	0.0108	0.0108	0.0108	0.0108	0.0108	0.0108	0.0108	0.0108	0.0108	0.0094	0.0108	0.0108	0.0108	0.0108	0.0108	0.0108	0.0108	0.0108	0.0108	0.0108	0.0108	0.0108	0.0108	0.0108	0.0108	0.0108	0.0108	0.0108	0.0108	0.0108	0.0108	0.0108	0.0108	0.0108	0.0108	0.0108	0.0108	0.0108	0.0108	0.0108	0.0108	0.0108	0.0108	0.0108	0.0108	0.0108	0.0108	0.0108	0.0108	0.0108	0.0108	0.0108	0.0108	0.0108	0.0108	0.0108	0.0108	0.0108	0.0108	0.0108	0.0108	0.0108	0.0108	0.0108	0.0108	0.0108	0.0108	0.0108	0.0108	0.0108	0.0108	0.0108	0.0108	0.0108	0.0108	0.0108	0.0094	0.0108	0.0108	0.0108	0.0108	0.0108	0.0108	0.0108	0.0045	0.0045	0.0045	0.0045	0.0045	0.0045	0.0045	0.0045	0.0045	0.0045	0.0045	0.0045	0.0045	0.0045	0.0045	0.0045	0.0045	0.0045	0.0045	0.0045	0.0045	0.0045	0.0045	0.0045	0.0045	0.0045	0.0045	0.0045	0.0045	0.0045	0.0045	0.0045	0.0045	0.0045	0.0045	0.0045	0.0045	0.0045	0.0045	0.0045	0.0045	0.0045	0.0045	0.0045	0.0045	0.0045	0.0045	0.0045	0.0045	0.0045	0.0045	0.0045	0.0045	0.0045	0.0045	0.0045	0.0045	0.0045	0.0045	0.0045	0.0045	0.0045	0.0045	0.0045	0.0045	0.0045	0.0045	0.0045	0.0045	0.0045	0.0045	0.0045	0.0045	0.0045	0.0045	0.0045	0.0045	0.0045	0.0045	0.0045	0.0045
47	0.0594	0.0594	0.0594	0.0594	0.0594	0.9682	0.9682	0.9682	0.9682	0.9682	0.9682	0.9682	0.9682	0.9682	0.9682	0.9682	0.9682	0.9682	0.0139	0.0139	0.0139	0.0139	0.0139	0.0139	0.0139	0.0139	0.0139	0.0139	0.0139	0.0139	0.0139	0.0139	0.0139	0.0139	0.0139	0.0139	0.0139	0.0139	0.0139	0.0139	0.0139	0.0139	0.0139	0.0139	0.0139	0.0139	0.0139	0.0139	0.0139	0.0139	0.0139	0.0139	0.0139	0.0139	0.0139	0.0139	0.0139	0.0139	0.0139	0.0139	0.0139	0.0139	0.0139	0.0139	0.0139	0.0139	0.0139	0.0139	0.0139	0.0139	0.0139	0.0139	0.0139	0.0139	0.0139	0.0139	0.0139	0.0139	0.0139	0.0139	0.0139	0.0139	0.0139	0.0139	0.0139	0.0139	0.0139	0.0139	0.0139	0.0139	0.0139	0.0139	0.0139	0.0132	0.0139	0.0139	0.0139	0.0139	0.0139	0.0139	0.0139	0.0139	0.0139	0.0139	0.0139	0.0139	0.0139	0.0139	0.0139	0.0139	0.0139	0.0139	0.0139	0.0139	0.0139	0.0139	0.0139	0.0139	0.0139	0.0139	0.0139	0.0139	0.0139	0.0139	0.0139	0.0139	0.0139	0.0139	0.0139	0.0139	0.0139	0.0139	0.0139	0.0139	0.0139	0.0139	0.0139	0.0139	0.0139	0.0139	0.0139	0.0139	0.0139	0.0139	0.0139	0.0139	0.0139	0.0139	0.0139	0.0139	0.0139	0.0139	0.0139	0.0139	0.0132	0.0139	0.0139	0.0139	0.0139	0.0139	0.0139	0.0139	0.0139	0.0139	0.0139	0.0139	0.0139	0.0139	0.0139	0.0139	0.0139	0.0139	0.0139	0.0139	0.0139	0.0139	0.0139	0.0139	0.0139	0.0139	0.0139	0.0139	0.0139	0.0139	0.0139	0.0139	0.0139	0.0139	0.0139	0.0139	0.0139	0.0139	0.0139	0.0139	0.0139	0.0139	0.0139	0.0139	0.0139	0.0139	0.0139	0.0139	0.0139	0.0139	0.0139	0.0139	0.0139	0.0139	0.0139	0.0139	0.0139	0.0139	0.0139	0.0139	0.0139	0.0139	0.0139	0.0139	0.0139	0.0139	0.0139	0.0139	0.0139	0.0139	0.0139	0.0139	0.0139	0.0139	0.0139	0.0139	0.0139	0.0139	0.0139	0.0139	0.0139	0.0139	0.0139	0.0139	0.0139	0.0139	0.0139	0.0139	0.0139	0.0139	0.0139	0.0139	0.0139	0.0139	0.0139	0.0139	0.0139	0.0139	0.0139	0.0139	0.0139	0.0139	0.0139	0.0139	0.0139	0.0139	0.0139	0.0139	0.0139	0.0139	0.0139	0.0139	0.0139	0.0139	0.0139	0.0139	0.0139	0.0139	0.0139	0.0139	0.0139	0.0139	0.0139	0.0139	0.0139	0.0139	0.0139	0.0139	0.0139	0.0139	0.0139	0.0139	0.0139	0.0139	0.0139	0.0139	0.0139	0.0139	0.0139	0.0139	0.0139	0.0139	0.0139	0.0139	0.0139	0.0139	0.0139	0.0139	0.0139	0.0139	0.0139	0.0139	0.0139	0.0139	0.0139	0.0139	0.0139	0.0139	0.0139	0.0139	0.0139	0.0139	0.0139	0.0139	0.0139	0.0139	0.0139	0.0139	0.0139	0.0139	0.0139	0.0139	0.0139	0.0139	0.0139	0.0139	0.0139	0.0139	0.0139	0.0139	0.0139	0.0139	0.0139	0.0139	0.0139	0.0139	0.0139	0.0139	0.0139	0.0139	0.0139	0.0139	0.0139	0.0139	0.0139	0.0139	0.0139	0.0139	0.0139	0.0139	0.0139	0.0139	0.0139	0.0139	0.0139	0.0139	0.0139	0.0139	0.0139	0.0139	0.0139	0.0139	0.0139	0.0139	0.0139	0.0139	0.0139	0.0139	0.0139	0.0139	0.0139	0.0139	0.0139	0.0139	0.0139	0.0139	0.0139	0.0139	0.0139	0.0139	0.0139	0.0139	0.0139	0.0139	0.0139	0.0139	0.0139	0.0139	0.0139	0.0139	0.0139	0.0139	0.0139	0.0139	0.0139	0.0139	0.0139	0.0139	0.0139	0.0139	0.0139	0.0139	0.0139	0.0139	0.0139	0.0139	0.0132	0.0139	0.0139	0.0139	0.0139	0.0139	0.0139	0.0139	0.0139	0.0139	0.0139	0.0139	0.0139	0.0139	0.0139	0.0139	0.0139	0.0139	0.0139	0.0139	0.0139	0.0139	0.0139	0.0139	0.0139	0.0139	0.0139	0.0139	0.0139	0.0139	0.0139	0.0139	0.0139	0.0139	0.0132	0.0139	0.0139	0.0139	0.0139	0.0139	0.0139	0.0139	0.0139	0.0139	0.0139	0.0139	0.0139	0.0139	0.0139	0.0139	0.0139	0.0139	0.0139	0.0139	0.0139	0.0139	0.0139	0.0139	0.0139	0.0139	0.0139	0.0139	0.0139	0.0139	0.0139	0.0139	0.0139	0.0139	0.0139	0.0139	0.0139	0.0139	0.0139	0.0139	0.0139	0.0139	0.0139	0.0139	0.0139	0.0139	0.0139	0.0139	0.0139	0.0139	0.0139	0.0139	0.0139	0.0139	0.0139	0.0139	0.0139	0.0139	0.0139	0.0139	0.0139	0.0139	0.0139	0.0139	0.0139	0.0139	0.0139	0.0132	0.0139	0.0139	0.0139	0.0139	0.0139	0.0139	0.0139	0.0327	0.0327	0.0327	0.0327	0.0327	0.0327	0.0327	0.0327	0.0327	0.0327	0.0327	0.0327	0.0327	0.0327	0.0327	0.0327	0.0327	0.0327	0.0327	0.0327	0.0327	0.0327	0.0327	0.0327	0.0327	0.0327	0.0327	0.0327	0.0327	0.0327	0.0327	0.0327	0.0327	0.0327	0.0327	0.0327	0.0327	0.0327	0.0327	0.0327	0.0327	0.0327	0.0327	0.0327	0.0327	0.0327	0.0327	0.0327	0.0327	0.0327	0.0327	0.0327	0.0327	0.0327	0.0327	0.0327	0.0327	0.0327	0.0327	0.0327	0.0327	0.0327	0.0327	0.0327	0.0327	0.0327	0.0327	0.0327	0.0327	0.0327	0.0327	0.0327	0.0327	0.0327	0.0327	0.0327	0.0327	0.0327	0.0327	0.0327	0.0327
48	0.0561	0.0561	0.0561	0.0561	0.0561	0.7371	0.7371	0.7371	0.7371	0.7371	0.7371	0.7371	0.7371	0.7371	0.7371	0.7371	0.7371	0.7371	0.0103	0.0103	0.0103	0.0103	0.0103	0.0103	0.0103	0.0103	0.0103	0.0103	0.0103	0.0103	0.0103	0.0103	0.0103	0.0103	0.0103	0.0103	0.0103	0.0103	0.0103	0.0103	0.0103	0.0103	0.0103	0.0103	0.0103	0.0103	0.0103	0.0103	0.0103	0.0103	0.0103	0.0103	0.0103	0.0103	0.0103	0.0103	0.0103	0.0103	0.0103	0.0103	0.0103	0.0103	0.0103	0.0103	0.0103	0.0103	0.0103	0.0103	0.0103	0.0103	0.0103	0.0103	0.0103	0.0103	0.0103	0.0103	0.0103	0.0103	0.0103	0.0103	0.0103	0.0103	0.0103	0.0103	0.0103	0.0103	0.0103	0.0103	0.0103	0.0103	0.0103	0.0103	0.0103	0.0171	0.0103	0.0103	0.0103	0.0103	0.0103	0.0103	0.0103	0.0103	0.0103	0.0103	0.0103	0.0103	0.0103	0.0103	0.0103	0.0103	0.0103	0.0103	0.0103	0.0103	0.0103	0.0103	0.0103	0.0103	0.0103	0.0103	0.0103	0.0103	0.0103	0.0103	0.0103	0.0103	0.0103	0.0103	0.0103	0.0103	0.0103	0.0103	0.0103	0.0103	0.0103	0.0103	0.0103	0.0103	0.0103	0.0103	0.0103	0.0103	0.0103	0.0103	0.0103	0.0103	0.0103	0.0103	0.0103	0.0103	0.0103	0.0103	0.0103	0.0103	0.0171	0.0103	0.0103	0.0103	0.0103	0.0103	0.0103	0.0103	0.0103	0.0103	0.0103	0.0103	0.0103	0.0103	0.0103	0.0103	0.0103	0.0103	0.0103	0.0103	0.0103	0.0103	0.0103	0.0103	0.0103	0.0103	0.0103	0.0103	0.0103	0.0103	0.0103	0.0103	0.0103	0.0103	0.0103	0.0103	0.0103	0.0103	0.0103	0.0103	0.0103	0.0103	0.0103	0.0103	0.0103	0.0103	0.0103	0.0103	0.0103	0.0103	0.0103	0.0103	0.0103	0.0103	0.0103	0.0103	0.0103	0.0103	0.0103	0.0103	0.0103	0.0103	0.0103	0.0103	0.0103	0.0103	0.0103	0.0103	0.0103	0.0103	0.0103	0.0103	0.0103	0.0103	0.0103	0.0103	0.0103	0.0103	0.0103	0.0103	0.0103	0.0103	0.0103	0.0103	0.0103	0.0103	0.0103	0.0103	0.0103	0.0103	0.0103	0.0103	0.0103	0.0103	0.0103	0.0103	0.0103	0.0103	0.0103	0.0103	0.0103	0.0103	0.0103	0.0103	0.0103	0.0103	0.0103	0.0103	0.0103	0.0103	0.0103	0.0103	0.0103	0.0103	0.0103	0.0103	0.0103	0.0103	0.0103	0.0103	0.0103	0.0103	0.0103	0.0103	0.0103	0.0103	0.0103	0.0103	0.0103	0.0103	0.0103	0.0103	0.0103	0.0103	0.0103	0.0103	0.0103	0.0103	0.0103	0.0103	0.0103	0.0103	0.0103	0.0103	0.0103	0.0103	0.0103	0.0103	0.0103	0.0103	0.0103	0.0103	0.0103	0.0103	0.0103	0.0103	0.0103	0.0103	0.0103	0.0103	0.0103	0.0103	0.0103	0.0103	0.0103	0.0103	0.0103	0.0103	0.0103	0.0103	0.0103	0.0103	0.0103	0.0103	0.0103	0.0103	0.0103	0.0103	0.0103	0.0103	0.0103	0.0103	0.0103	0.0103	0.0103	0.0103	0.0103	0.0103	0.0103	0.0103	0.0103	0.0103	0.0103	0.0103	0.0103	0.0103	0.0103	0.0103	0.0103	0.0103	0.0103	0.0103	0.0103	0.0103	0.0103	0.0103	0.0103	0.0103	0.0103	0.0103	0.0103	0.0103	0.0103	0.0103	0.0103	0.0103	0.0103	0.0103	0.0103	0.0103	0.0103	0.0103	0.0103	0.0103	0.0103	0.0103	0.0103	0.0103	0.0103	0.0103	0.0103	0.0103	0.0103	0.0103	0.0103	0.0103	0.0103	0.0103	0.0103	0.0103	0.0103	0.0103	0.0103	0.0103	0.0103	0.0103	0.0103	0.0103	0.0103	0.0103	0.0103	0.0103	0.0103	0.0103	0.0103	0.0103	0.0171	0.0103	0.0103	0.0103	0.0103	0.0103	0.0103	0.0103	0.0103	0.0103	0.0103	0.0103	0.0103	0.0103	0.0103	0.0103	0.0103	0.0103	0.0103	0.0103	0.0103	0.0103	0.0103	0.0103	0.0103	0.0103	0.0103	0.0103	0.0103	0.0103	0.0103	0.0103	0.0103	0.0103	0.0171	0.0103	0.0103	0.0103	0.0103	0.0103	0.0103	0.0103	0.0103	0.0103	0.0103	0.0103	0.0103	0.0103	0.0103	0.0103	0.0103	0.0103	0.0103	0.0103	0.0103	0.0103	0.0103	0.0103	0.0103	0.0103	0.0103	0.0103	0.0103	0.0103	0.0103	0.0103	0.0103	0.0103	0.0103	0.0103	0.0103	0.0103	0.0103	0.0103	0.0103	0.0103	0.0103	0.0103	0.0103	0.0103	0.0103	0.0103	0.0103	0.0103	0.0103	0.0103	0.0103	0.0103	0.0103	0.0103	0.0103	0.0103	0.0103	0.0103	0.0103	0.0103	0.0103	0.0103	0.0103	0.0103	0.0103	0.0171	0.0103	0.0103	0.0103	0.0103	0.0103	0.0103	0.0103	0.0058	0.0058	0.0058	0.0058	0.0058	0.0058	0.0058	0.0058	0.0058	0.0058	0.0058	0.0058	0.0058	0.0058	0.0058	0.0058	0.0058	0.0058	0.0058	0.0058	0.0058	0.0058	0.0058	0.0058	0.0058	0.0058	0.0058	0.0058	0.0058	0.0058	0.0058	0.0058	0.0058	0.0058	0.0058	0.0058	0.0058	0.0058	0.0058	0.0058	0.0058	0.0058	0.0058	0.0058	0.0058	0.0058	0.0058	0.0058	0.0058	0.0058	0.0058	0.0058	0.0058	0.0058	0.0058	0.0058	0.0058	0.0058	0.0058	0.0058	0.0058	0.0058	0.0058	0.0058	0.0058	0.0058	0.0058	0.0058	0.0058	0.0058	0.0058	0.0058	0.0058	0.0058	0.0058	0.0058	0.0058	0.0058	0.0058	0.0058	0.0058
49	0.0522	0.0522	0.0522	0.0522	0.0522	0.0326	0.0326	0.0326	0.0326	0.0326	0.0326	0.0326	0.0326	0.0326	0.0326	0.0326	0.0326	0.0326	0.0213	0.0213	0.0213	0.0213	0.0213	0.0213	0.0213	0.0213	0.0213	0.0213	0.0213	0.0213	0.0213	0.0213	0.0213	0.0213	0.0213	0.0213	0.0213	0.0213	0.0213	0.0213	0.0213	0.0213	0.0213	0.0213	0.0213	0.0213	0.0213	0.0213	0.0213	0.0213	0.0213	0.0213	0.0213	0.0213	0.0213	0.0213	0.0213	0.0213	0.0213	0.0213	0.0213	0.0213	0.0213	0.0213	0.0213	0.0213	0.0213	0.0213	0.0213	0.0213	0.0213	0.0213	0.0213	0.0213	0.0213	0.0213	0.0213	0.0213	0.0213	0.0213	0.0213	0.0213	0.0213	0.0213	0.0213	0.0213	0.0213	0.0213	0.0213	0.0213	0.0213	0.0213	0.0213	0.0113	0.0213	0.0213	0.0213	0.0213	0.0213	0.0213	0.0213	0.0213	0.0213	0.0213	0.0213	0.0213	0.0213	0.0213	0.0213	0.0213	0.0213	0.0213	0.0213	0.0213	0.0213	0.0213	0.0213	0.0213	0.0213	0.0213	0.0213	0.0213	0.0213	0.0213	0.0213	0.0213	0.0213	0.0213	0.0213	0.0213	0.0213	0.0213	0.0213	0.0213	0.0213	0.0213	0.0213	0.0213	0.0213	0.0213	0.0213	0.0213	0.0213	0.0213	0.0213	0.0213	0.0213	0.0213	0.0213	0.0213	0.0213	0.0213	0.0213	0.0213	0.0113	0.0213	0.0213	0.0213	0.0213	0.0213	0.0213	0.0213	0.0213	0.0213	0.0213	0.0213	0.0213	0.0213	0.0213	0.0213	0.0213	0.0213	0.0213	0.0213	0.0213	0.0213	0.0213	0.0213	0.0213	0.0213	0.0213	0.0213	0.0213	0.0213	0.0213	0.0213	0.0213	0.0213	0.0213	0.0213	0.0213	0.0213	0.0213	0.0213	0.0213	0.0213	0.0213	0.0213	0.0213	0.0213	0.0213	0.0213	0.0213	0.0213	0.0213	0.0213	0.0213	0.0213	0.0213	0.0213	0.0213	0.0213	0.0213	0.0213	0.0213	0.0213	0.0213	0.0213	0.0213	0.0213	0.0213	0.0213	0.0213	0.0213	0.0213	0.0213	0.0213	0.0213	0.0213	0.0213	0.0213	0.0213	0.0213	0.0213	0.0213	0.0213	0.0213	0.0213	0.0213	0.0213	0.0213	0.0213	0.0213	0.0213	0.0213	0.0213	0.0213	0.0213	0.0213	0.0213	0.0213	0.0213	0.0213	0.0213	0.0213	0.0213	0.0213	0.0213	0.0213	0.0213	0.0213	0.0213	0.0213	0.0213	0.0213	0.0213	0.0213	0.0213	0.0213	0.0213	0.0213	0.0213	0.0213	0.0213	0.0213	0.0213	0.0213	0.0213	0.0213	0.0213	0.0213	0.0213	0.0213	0.0213	0.0213	0.0213	0.0213	0.0213	0.0213	0.0213	0.0213	0.0213	0.0213	0.0213	0.0213	0.0213	0.0213	0.0213	0.0213	0.0213	0.0213	0.0213	0.0213	0.0213	0.0213	0.0213	0.0213	0.0213	0.0213	0.0213	0.0213	0.0213	0.0213	0.0213	0.0213	0.0213	0.0213	0.0213	0.0213	0.0213	0.0213	0.0213	0.0213	0.0213	0.0213	0.0213	0.0213	0.0213	0.0213	0.0213	0.0213	0.0213	0.0213	0.0213	0.0213	0.0213	0.0213	0.0213	0.0213	0.0213	0.0213	0.0213	0.0213	0.0213	0.0213	0.0213	0.0213	0.0213	0.0213	0.0213	0.0213	0.0213	0.0213	0.0213	0.0213	0.0213	0.0213	0.0213	0.0213	0.0213	0.0213	0.0213	0.0213	0.0213	0.0213	0.0213	0.0213	0.0213	0.0213	0.0213	0.0213	0.0213	0.0213	0.0213	0.0213	0.0213	0.0213	0.0213	0.0213	0.0213	0.0213	0.0213	0.0213	0.0213	0.0213	0.0213	0.0213	0.0213	0.0213	0.0213	0.0213	0.0213	0.0213	0.0213	0.0213	0.0213	0.0213	0.0213	0.0213	0.0213	0.0213	0.0213	0.0213	0.0213	0.0213	0.0213	0.0213	0.0213	0.0213	0.0213	0.0113	0.0213	0.0213	0.0213	0.0213	0.0213	0.0213	0.0213	0.0213	0.0213	0.0213	0.0213	0.0213	0.0213	0.0213	0.0213	0.0213	0.0213	0.0213	0.0213	0.0213	0.0213	0.0213	0.0213	0.0213	0.0213	0.0213	0.0213	0.0213	0.0213	0.0213	0.0213	0.0213	0.0213	0.0113	0.0213	0.0213	0.0213	0.0213	0.0213	0.0213	0.0213	0.0213	0.0213	0.0213	0.0213	0.0213	0.0213	0.0213	0.0213	0.0213	0.0213	0.0213	0.0213	0.0213	0.0213	0.0213	0.0213	0.0213	0.0213	0.0213	0.0213	0.0213	0.0213	0.0213	0.0213	0.0213	0.0213	0.0213	0.0213	0.0213	0.0213	0.0213	0.0213	0.0213	0.0213	0.0213	0.0213	0.0213	0.0213	0.0213	0.0213	0.0213	0.0213	0.0213	0.0213	0.0213	0.0213	0.0213	0.0213	0.0213	0.0213	0.0213	0.0213	0.0213	0.0213	0.0213	0.0213	0.0213	0.0213	0.0213	0.0113	0.0213	0.0213	0.0213	0.0213	0.0213	0.0213	0.0213	0.9729	0.9729	0.9729	0.9729	0.9729	0.9729	0.9729	0.9729	0.9729	0.9729	0.9729	0.9729	0.9729	0.9729	0.9729	0.9729	0.9729	0.9729	0.9729	0.9729	0.9729	0.9729	0.9729	0.9729	0.9729	0.9729	0.9729	0.9729	0.9729	0.9729	0.9729	0.9729	0.9729	0.9729	0.9729	0.9729	0.9729	0.9729	0.9729	0.9729	0.9729	0.9729	0.9729	0.9729	0.9729	0.9729	0.9729	0.9729	0.9729	0.9729	0.9729	0.9729	0.9729	0.9729	0.9729	0.9729	0.9729	0.9729	0.9729	0.9729	0.9729	0.9729	0.9729	0.9729	0.9729	0.9729	0.9729	0.9729	0.9729	0.9729	0.9729	0.9729	0.9729	0.9729	0.9729	0.9729	0.9729	0.9729	0.9729	0.9729	0.9729
50	0.0371	0.0371	0.0371	0.0371	0.0371	0.036	0.036	0.036	0.036	0.036	0.036	0.036	0.036	0.036	0.036	0.036	0.036	0.036	0.0181	0.0181	0.0181	0.0181	0.0181	0.0181	0.0181	0.0181	0.0181	0.0181	0.0181	0.0181	0.0181	0.0181	0.0181	0.0181	0.0181	0.0181	0.0181	0.0181	0.0181	0.0181	0.0181	0.0181	0.0181	0.0181	0.0181	0.0181	0.0181	0.0181	0.0181	0.0181	0.0181	0.0181	0.0181	0.0181	0.0181	0.0181	0.0181	0.0181	0.0181	0.0181	0.0181	0.0181	0.0181	0.0181	0.0181	0.0181	0.0181	0.0181	0.0181	0.0181	0.0181	0.0181	0.0181	0.0181	0.0181	0.0181	0.0181	0.0181	0.0181	0.0181	0.0181	0.0181	0.0181	0.0181	0.0181	0.0181	0.0181	0.0181	0.0181	0.0181	0.0181	0.0181	0.0181	0.0543	0.0181	0.0181	0.0181	0.0181	0.0181	0.0181	0.0181	0.0181	0.0181	0.0181	0.0181	0.0181	0.0181	0.0181	0.0181	0.0181	0.0181	0.0181	0.0181	0.0181	0.0181	0.0181	0.0181	0.0181	0.0181	0.0181	0.0181	0.0181	0.0181	0.0181	0.0181	0.0181	0.0181	0.0181	0.0181	0.0181	0.0181	0.0181	0.0181	0.0181	0.0181	0.0181	0.0181	0.0181	0.0181	0.0181	0.0181	0.0181	0.0181	0.0181	0.0181	0.0181	0.0181	0.0181	0.0181	0.0181	0.0181	0.0181	0.0181	0.0181	0.0543	0.0181	0.0181	0.0181	0.0181	0.0181	0.0181	0.0181	0.0181	0.0181	0.0181	0.0181	0.0181	0.0181	0.0181	0.0181	0.0181	0.0181	0.0181	0.0181	0.0181	0.0181	0.0181	0.0181	0.0181	0.0181	0.0181	0.0181	0.0181	0.0181	0.0181	0.0181	0.0181	0.0181	0.0181	0.0181	0.0181	0.0181	0.0181	0.0181	0.0181	0.0181	0.0181	0.0181	0.0181	0.0181	0.0181	0.0181	0.0181	0.0181	0.0181	0.0181	0.0181	0.0181	0.0181	0.0181	0.0181	0.0181	0.0181	0.0181	0.0181	0.0181	0.0181	0.0181	0.0181	0.0181	0.0181	0.0181	0.0181	0.0181	0.0181	0.0181	0.0181	0.0181	0.0181	0.0181	0.0181	0.0181	0.0181	0.0181	0.0181	0.0181	0.0181	0.0181	0.0181	0.0181	0.0181	0.0181	0.0181	0.0181	0.0181	0.0181	0.0181	0.0181	0.0181	0.0181	0.0181	0.0181	0.0181	0.0181	0.0181	0.0181	0.0181	0.0181	0.0181	0.0181	0.0181	0.0181	0.0181	0.0181	0.0181	0.0181	0.0181	0.0181	0.0181	0.0181	0.0181	0.0181	0.0181	0.0181	0.0181	0.0181	0.0181	0.0181	0.0181	0.0181	0.0181	0.0181	0.0181	0.0181	0.0181	0.0181	0.0181	0.0181	0.0181	0.0181	0.0181	0.0181	0.0181	0.0181	0.0181	0.0181	0.0181	0.0181	0.0181	0.0181	0.0181	0.0181	0.0181	0.0181	0.0181	0.0181	0.0181	0.0181	0.0181	0.0181	0.0181	0.0181	0.0181	0.0181	0.0181	0.0181	0.0181	0.0181	0.0181	0.0181	0.0181	0.0181	0.0181	0.0181	0.0181	0.0181	0.0181	0.0181	0.0181	0.0181	0.0181	0.0181	0.0181	0.0181	0.0181	0.0181	0.0181	0.0181	0.0181	0.0181	0.0181	0.0181	0.0181	0.0181	0.0181	0.0181	0.0181	0.0181	0.0181	0.0181	0.0181	0.0181	0.0181	0.0181	0.0181	0.0181	0.0181	0.0181	0.0181	0.0181	0.0181	0.0181	0.0181	0.0181	0.0181	0.0181	0.0181	0.0181	0.0181	0.0181	0.0181	0.0181	0.0181	0.0181	0.0181	0.0181	0.0181	0.0181	0.0181	0.0181	0.0181	0.0181	0.0181	0.0181	0.0181	0.0181	0.0181	0.0181	0.0181	0.0181	0.0181	0.0181	0.0181	0.0181	0.0181	0.0181	0.0181	0.0181	0.0181	0.0181	0.0181	0.0181	0.0181	0.0181	0.0181	0.0181	0.0181	0.0181	0.0181	0.0181	0.0543	0.0181	0.0181	0.0181	0.0181	0.0181	0.0181	0.0181	0.0181	0.0181	0.0181	0.0181	0.0181	0.0181	0.0181	0.0181	0.0181	0.0181	0.0181	0.0181	0.0181	0.0181	0.0181	0.0181	0.0181	0.0181	0.0181	0.0181	0.0181	0.0181	0.0181	0.0181	0.0181	0.0181	0.0543	0.0181	0.0181	0.0181	0.0181	0.0181	0.0181	0.0181	0.0181	0.0181	0.0181	0.0181	0.0181	0.0181	0.0181	0.0181	0.0181	0.0181	0.0181	0.0181	0.0181	0.0181	0.0181	0.0181	0.0181	0.0181	0.0181	0.0181	0.0181	0.0181	0.0181	0.0181	0.0181	0.0181	0.0181	0.0181	0.0181	0.0181	0.0181	0.0181	0.0181	0.0181	0.0181	0.0181	0.0181	0.0181	0.0181	0.0181	0.0181	0.0181	0.0181	0.0181	0.0181	0.0181	0.0181	0.0181	0.0181	0.0181	0.0181	0.0181	0.0181	0.0181	0.0181	0.0181	0.0181	0.0181	0.0181	0.0543	0.0181	0.0181	0.0181	0.0181	0.0181	0.0181	0.0181	0.9644	0.9644	0.9644	0.9644	0.9644	0.9644	0.9644	0.9644	0.9644	0.9644	0.9644	0.9644	0.9644	0.9644	0.9644	0.9644	0.9644	0.9644	0.9644	0.9644	0.9644	0.9644	0.9644	0.9644	0.9644	0.9644	0.9644	0.9644	0.9644	0.9644	0.9644	0.9644	0.9644	0.9644	0.9644	0.9644	0.9644	0.9644	0.9644	0.9644	0.9644	0.9644	0.9644	0.9644	0.9644	0.9644	0.9644	0.9644	0.9644	0.9644	0.9644	0.9644	0.9644	0.9644	0.9644	0.9644	0.9644	0.9644	0.9644	0.9644	0.9644	0.9644	0.9644	0.9644	0.9644	0.9644	0.9644	0.9644	0.9644	0.9644	0.9644	0.9644	0.9644	0.9644	0.9644	0.9644	0.9644	0.9644	0.9644	0.9644	0.9644
51	0.1615	0.1615	0.1615	0.1615	0.1615	0.0281	0.0281	0.0281	0.0281	0.0281	0.0281	0.0281	0.0281	0.0281	0.0281	0.0281	0.0281	0.0281	0.0175	0.0175	0.0175	0.0175	0.0175	0.0175	0.0175	0.0175	0.0175	0.0175	0.0175	0.0175	0.0175	0.0175	0.0175	0.0175	0.0175	0.0175	0.0175	0.0175	0.0175	0.0175	0.0175	0.0175	0.0175	0.0175	0.0175	0.0175	0.0175	0.0175	0.0175	0.0175	0.0175	0.0175	0.0175	0.0175	0.0175	0.0175	0.0175	0.0175	0.0175	0.0175	0.0175	0.0175	0.0175	0.0175	0.0175	0.0175	0.0175	0.0175	0.0175	0.0175	0.0175	0.0175	0.0175	0.0175	0.0175	0.0175	0.0175	0.0175	0.0175	0.0175	0.0175	0.0175	0.0175	0.0175	0.0175	0.0175	0.0175	0.0175	0.0175	0.0175	0.0175	0.0175	0.0175	0.1167	0.0175	0.0175	0.0175	0.0175	0.0175	0.0175	0.0175	0.0175	0.0175	0.0175	0.0175	0.0175	0.0175	0.0175	0.0175	0.0175	0.0175	0.0175	0.0175	0.0175	0.0175	0.0175	0.0175	0.0175	0.0175	0.0175	0.0175	0.0175	0.0175	0.0175	0.0175	0.0175	0.0175	0.0175	0.0175	0.0175	0.0175	0.0175	0.0175	0.0175	0.0175	0.0175	0.0175	0.0175	0.0175	0.0175	0.0175	0.0175	0.0175	0.0175	0.0175	0.0175	0.0175	0.0175	0.0175	0.0175	0.0175	0.0175	0.0175	0.0175	0.1167	0.0175	0.0175	0.0175	0.0175	0.0175	0.0175	0.0175	0.0175	0.0175	0.0175	0.0175	0.0175	0.0175	0.0175	0.0175	0.0175	0.0175	0.0175	0.0175	0.0175	0.0175	0.0175	0.0175	0.0175	0.0175	0.0175	0.0175	0.0175	0.0175	0.0175	0.0175	0.0175	0.0175	0.0175	0.0175	0.0175	0.0175	0.0175	0.0175	0.0175	0.0175	0.0175	0.0175	0.0175	0.0175	0.0175	0.0175	0.0175	0.0175	0.0175	0.0175	0.0175	0.0175	0.0175	0.0175	0.0175	0.0175	0.0175	0.0175	0.0175	0.0175	0.0175	0.0175	0.0175	0.0175	0.0175	0.0175	0.0175	0.0175	0.0175	0.0175	0.0175	0.0175	0.0175	0.0175	0.0175	0.0175	0.0175	0.0175	0.0175	0.0175	0.0175	0.0175	0.0175	0.0175	0.0175	0.0175	0.0175	0.0175	0.0175	0.0175	0.0175	0.0175	0.0175	0.0175	0.0175	0.0175	0.0175	0.0175	0.0175	0.0175	0.0175	0.0175	0.0175	0.0175	0.0175	0.0175	0.0175	0.0175	0.0175	0.0175	0.0175	0.0175	0.0175	0.0175	0.0175	0.0175	0.0175	0.0175	0.0175	0.0175	0.0175	0.0175	0.0175	0.0175	0.0175	0.0175	0.0175	0.0175	0.0175	0.0175	0.0175	0.0175	0.0175	0.0175	0.0175	0.0175	0.0175	0.0175	0.0175	0.0175	0.0175	0.0175	0.0175	0.0175	0.0175	0.0175	0.0175	0.0175	0.0175	0.0175	0.0175	0.0175	0.0175	0.0175	0.0175	0.0175	0.0175	0.0175	0.0175	0.0175	0.0175	0.0175	0.0175	0.0175	0.0175	0.0175	0.0175	0.0175	0.0175	0.0175	0.0175	0.0175	0.0175	0.0175	0.0175	0.0175	0.0175	0.0175	0.0175	0.0175	0.0175	0.0175	0.0175	0.0175	0.0175	0.0175	0.0175	0.0175	0.0175	0.0175	0.0175	0.0175	0.0175	0.0175	0.0175	0.0175	0.0175	0.0175	0.0175	0.0175	0.0175	0.0175	0.0175	0.0175	0.0175	0.0175	0.0175	0.0175	0.0175	0.0175	0.0175	0.0175	0.0175	0.0175	0.0175	0.0175	0.0175	0.0175	0.0175	0.0175	0.0175	0.0175	0.0175	0.0175	0.0175	0.0175	0.0175	0.0175	0.0175	0.0175	0.0175	0.0175	0.0175	0.0175	0.0175	0.0175	0.0175	0.0175	0.0175	0.0175	0.0175	0.0175	0.0175	0.0175	0.0175	0.0175	0.0175	0.0175	0.0175	0.0175	0.0175	0.0175	0.0175	0.0175	0.1167	0.0175	0.0175	0.0175	0.0175	0.0175	0.0175	0.0175	0.0175	0.0175	0.0175	0.0175	0.0175	0.0175	0.0175	0.0175	0.0175	0.0175	0.0175	0.0175	0.0175	0.0175	0.0175	0.0175	0.0175	0.0175	0.0175	0.0175	0.0175	0.0175	0.0175	0.0175	0.0175	0.0175	0.1167	0.0175	0.0175	0.0175	0.0175	0.0175	0.0175	0.0175	0.0175	0.0175	0.0175	0.0175	0.0175	0.0175	0.0175	0.0175	0.0175	0.0175	0.0175	0.0175	0.0175	0.0175	0.0175	0.0175	0.0175	0.0175	0.0175	0.0175	0.0175	0.0175	0.0175	0.0175	0.0175	0.0175	0.0175	0.0175	0.0175	0.0175	0.0175	0.0175	0.0175	0.0175	0.0175	0.0175	0.0175	0.0175	0.0175	0.0175	0.0175	0.0175	0.0175	0.0175	0.0175	0.0175	0.0175	0.0175	0.0175	0.0175	0.0175	0.0175	0.0175	0.0175	0.0175	0.0175	0.0175	0.0175	0.0175	0.1167	0.0175	0.0175	0.0175	0.0175	0.0175	0.0175	0.0175	0.8589	0.8589	0.8589	0.8589	0.8589	0.8589	0.8589	0.8589	0.8589	0.8589	0.8589	0.8589	0.8589	0.8589	0.8589	0.8589	0.8589	0.8589	0.8589	0.8589	0.8589	0.8589	0.8589	0.8589	0.8589	0.8589	0.8589	0.8589	0.8589	0.8589	0.8589	0.8589	0.8589	0.8589	0.8589	0.8589	0.8589	0.8589	0.8589	0.8589	0.8589	0.8589	0.8589	0.8589	0.8589	0.8589	0.8589	0.8589	0.8589	0.8589	0.8589	0.8589	0.8589	0.8589	0.8589	0.8589	0.8589	0.8589	0.8589	0.8589	0.8589	0.8589	0.8589	0.8589	0.8589	0.8589	0.8589	0.8589	0.8589	0.8589	0.8589	0.8589	0.8589	0.8589	0.8589	0.8589	0.8589	0.8589	0.8589	0.8589	0.8589
52	0.0646	0.0646	0.0646	0.0646	0.0646	0.1136	0.1136	0.1136	0.1136	0.1136	0.1136	0.1136	0.1136	0.1136	0.1136	0.1136	0.1136	0.1136	0.0182	0.0182	0.0182	0.0182	0.0182	0.0182	0.0182	0.0182	0.0182	0.0182	0.0182	0.0182	0.0182	0.0182	0.0182	0.0182	0.0182	0.0182	0.0182	0.0182	0.0182	0.0182	0.0182	0.0182	0.0182	0.0182	0.0182	0.0182	0.0182	0.0182	0.0182	0.0182	0.0182	0.0182	0.0182	0.0182	0.0182	0.0182	0.0182	0.0182	0.0182	0.0182	0.0182	0.0182	0.0182	0.0182	0.0182	0.0182	0.0182	0.0182	0.0182	0.0182	0.0182	0.0182	0.0182	0.0182	0.0182	0.0182	0.0182	0.0182	0.0182	0.0182	0.0182	0.0182	0.0182	0.0182	0.0182	0.0182	0.0182	0.0182	0.0182	0.0182	0.0182	0.0182	0.0182	0.0163	0.0182	0.0182	0.0182	0.0182	0.0182	0.0182	0.0182	0.0182	0.0182	0.0182	0.0182	0.0182	0.0182	0.0182	0.0182	0.0182	0.0182	0.0182	0.0182	0.0182	0.0182	0.0182	0.0182	0.0182	0.0182	0.0182	0.0182	0.0182	0.0182	0.0182	0.0182	0.0182	0.0182	0.0182	0.0182	0.0182	0.0182	0.0182	0.0182	0.0182	0.0182	0.0182	0.0182	0.0182	0.0182	0.0182	0.0182	0.0182	0.0182	0.0182	0.0182	0.0182	0.0182	0.0182	0.0182	0.0182	0.0182	0.0182	0.0182	0.0182	0.0163	0.0182	0.0182	0.0182	0.0182	0.0182	0.0182	0.0182	0.0182	0.0182	0.0182	0.0182	0.0182	0.0182	0.0182	0.0182	0.0182	0.0182	0.0182	0.0182	0.0182	0.0182	0.0182	0.0182	0.0182	0.0182	0.0182	0.0182	0.0182	0.0182	0.0182	0.0182	0.0182	0.0182	0.0182	0.0182	0.0182	0.0182	0.0182	0.0182	0.0182	0.0182	0.0182	0.0182	0.0182	0.0182	0.0182	0.0182	0.0182	0.0182	0.0182	0.0182	0.0182	0.0182	0.0182	0.0182	0.0182	0.0182	0.0182	0.0182	0.0182	0.0182	0.0182	0.0182	0.0182	0.0182	0.0182	0.0182	0.0182	0.0182	0.0182	0.0182	0.0182	0.0182	0.0182	0.0182	0.0182	0.0182	0.0182	0.0182	0.0182	0.0182	0.0182	0.0182	0.0182	0.0182	0.0182	0.0182	0.0182	0.0182	0.0182	0.0182	0.0182	0.0182	0.0182	0.0182	0.0182	0.0182	0.0182	0.0182	0.0182	0.0182	0.0182	0.0182	0.0182	0.0182	0.0182	0.0182	0.0182	0.0182	0.0182	0.0182	0.0182	0.0182	0.0182	0.0182	0.0182	0.0182	0.0182	0.0182	0.0182	0.0182	0.0182	0.0182	0.0182	0.0182	0.0182	0.0182	0.0182	0.0182	0.0182	0.0182	0.0182	0.0182	0.0182	0.0182	0.0182	0.0182	0.0182	0.0182	0.0182	0.0182	0.0182	0.0182	0.0182	0.0182	0.0182	0.0182	0.0182	0.0182	0.0182	0.0182	0.0182	0.0182	0.0182	0.0182	0.0182	0.0182	0.0182	0.0182	0.0182	0.0182	0.0182	0.0182	0.0182	0.0182	0.0182	0.0182	0.0182	0.0182	0.0182	0.0182	0.0182	0.0182	0.0182	0.0182	0.0182	0.0182	0.0182	0.0182	0.0182	0.0182	0.0182	0.0182	0.0182	0.0182	0.0182	0.0182	0.0182	0.0182	0.0182	0.0182	0.0182	0.0182	0.0182	0.0182	0.0182	0.0182	0.0182	0.0182	0.0182	0.0182	0.0182	0.0182	0.0182	0.0182	0.0182	0.0182	0.0182	0.0182	0.0182	0.0182	0.0182	0.0182	0.0182	0.0182	0.0182	0.0182	0.0182	0.0182	0.0182	0.0182	0.0182	0.0182	0.0182	0.0182	0.0182	0.0182	0.0182	0.0182	0.0182	0.0182	0.0182	0.0182	0.0182	0.0182	0.0182	0.0182	0.0182	0.0182	0.0182	0.0182	0.0182	0.0182	0.0182	0.0182	0.0182	0.0182	0.0182	0.0182	0.0182	0.0182	0.0182	0.0182	0.0182	0.0182	0.0163	0.0182	0.0182	0.0182	0.0182	0.0182	0.0182	0.0182	0.0182	0.0182	0.0182	0.0182	0.0182	0.0182	0.0182	0.0182	0.0182	0.0182	0.0182	0.0182	0.0182	0.0182	0.0182	0.0182	0.0182	0.0182	0.0182	0.0182	0.0182	0.0182	0.0182	0.0182	0.0182	0.0182	0.0163	0.0182	0.0182	0.0182	0.0182	0.0182	0.0182	0.0182	0.0182	0.0182	0.0182	0.0182	0.0182	0.0182	0.0182	0.0182	0.0182	0.0182	0.0182	0.0182	0.0182	0.0182	0.0182	0.0182	0.0182	0.0182	0.0182	0.0182	0.0182	0.0182	0.0182	0.0182	0.0182	0.0182	0.0182	0.0182	0.0182	0.0182	0.0182	0.0182	0.0182	0.0182	0.0182	0.0182	0.0182	0.0182	0.0182	0.0182	0.0182	0.0182	0.0182	0.0182	0.0182	0.0182	0.0182	0.0182	0.0182	0.0182	0.0182	0.0182	0.0182	0.0182	0.0182	0.0182	0.0182	0.0182	0.0182	0.0163	0.0182	0.0182	0.0182	0.0182	0.0182	0.0182	0.0182	0.9533	0.9533	0.9533	0.9533	0.9533	0.9533	0.9533	0.9533	0.9533	0.9533	0.9533	0.9533	0.9533	0.9533	0.9533	0.9533	0.9533	0.9533	0.9533	0.9533	0.9533	0.9533	0.9533	0.9533	0.9533	0.9533	0.9533	0.9533	0.9533	0.9533	0.9533	0.9533	0.9533	0.9533	0.9533	0.9533	0.9533	0.9533	0.9533	0.9533	0.9533	0.9533	0.9533	0.9533	0.9533	0.9533	0.9533	0.9533	0.9533	0.9533	0.9533	0.9533	0.9533	0.9533	0.9533	0.9533	0.9533	0.9533	0.9533	0.9533	0.9533	0.9533	0.9533	0.9533	0.9533	0.9533	0.9533	0.9533	0.9533	0.9533	0.9533	0.9533	0.9533	0.9533	0.9533	0.9533	0.9533	0.9533	0.9533	0.9533	0.9533
53	0.0318	0.0318	0.0318	0.0318	0.0318	0.0244	0.0244	0.0244	0.0244	0.0244	0.0244	0.0244	0.0244	0.0244	0.0244	0.0244	0.0244	0.0244	0.0163	0.0163	0.0163	0.0163	0.0163	0.0163	0.0163	0.0163	0.0163	0.0163	0.0163	0.0163	0.0163	0.0163	0.0163	0.0163	0.0163	0.0163	0.0163	0.0163	0.0163	0.0163	0.0163	0.0163	0.0163	0.0163	0.0163	0.0163	0.0163	0.0163	0.0163	0.0163	0.0163	0.0163	0.0163	0.0163	0.0163	0.0163	0.0163	0.0163	0.0163	0.0163	0.0163	0.0163	0.0163	0.0163	0.0163	0.0163	0.0163	0.0163	0.0163	0.0163	0.0163	0.0163	0.0163	0.0163	0.0163	0.0163	0.0163	0.0163	0.0163	0.0163	0.0163	0.0163	0.0163	0.0163	0.0163	0.0163	0.0163	0.0163	0.0163	0.0163	0.0163	0.0163	0.0163	0.0265	0.0163	0.0163	0.0163	0.0163	0.0163	0.0163	0.0163	0.0163	0.0163	0.0163	0.0163	0.0163	0.0163	0.0163	0.0163	0.0163	0.0163	0.0163	0.0163	0.0163	0.0163	0.0163	0.0163	0.0163	0.0163	0.0163	0.0163	0.0163	0.0163	0.0163	0.0163	0.0163	0.0163	0.0163	0.0163	0.0163	0.0163	0.0163	0.0163	0.0163	0.0163	0.0163	0.0163	0.0163	0.0163	0.0163	0.0163	0.0163	0.0163	0.0163	0.0163	0.0163	0.0163	0.0163	0.0163	0.0163	0.0163	0.0163	0.0163	0.0163	0.0265	0.0163	0.0163	0.0163	0.0163	0.0163	0.0163	0.0163	0.0163	0.0163	0.0163	0.0163	0.0163	0.0163	0.0163	0.0163	0.0163	0.0163	0.0163	0.0163	0.0163	0.0163	0.0163	0.0163	0.0163	0.0163	0.0163	0.0163	0.0163	0.0163	0.0163	0.0163	0.0163	0.0163	0.0163	0.0163	0.0163	0.0163	0.0163	0.0163	0.0163	0.0163	0.0163	0.0163	0.0163	0.0163	0.0163	0.0163	0.0163	0.0163	0.0163	0.0163	0.0163	0.0163	0.0163	0.0163	0.0163	0.0163	0.0163	0.0163	0.0163	0.0163	0.0163	0.0163	0.0163	0.0163	0.0163	0.0163	0.0163	0.0163	0.0163	0.0163	0.0163	0.0163	0.0163	0.0163	0.0163	0.0163	0.0163	0.0163	0.0163	0.0163	0.0163	0.0163	0.0163	0.0163	0.0163	0.0163	0.0163	0.0163	0.0163	0.0163	0.0163	0.0163	0.0163	0.0163	0.0163	0.0163	0.0163	0.0163	0.0163	0.0163	0.0163	0.0163	0.0163	0.0163	0.0163	0.0163	0.0163	0.0163	0.0163	0.0163	0.0163	0.0163	0.0163	0.0163	0.0163	0.0163	0.0163	0.0163	0.0163	0.0163	0.0163	0.0163	0.0163	0.0163	0.0163	0.0163	0.0163	0.0163	0.0163	0.0163	0.0163	0.0163	0.0163	0.0163	0.0163	0.0163	0.0163	0.0163	0.0163	0.0163	0.0163	0.0163	0.0163	0.0163	0.0163	0.0163	0.0163	0.0163	0.0163	0.0163	0.0163	0.0163	0.0163	0.0163	0.0163	0.0163	0.0163	0.0163	0.0163	0.0163	0.0163	0.0163	0.0163	0.0163	0.0163	0.0163	0.0163	0.0163	0.0163	0.0163	0.0163	0.0163	0.0163	0.0163	0.0163	0.0163	0.0163	0.0163	0.0163	0.0163	0.0163	0.0163	0.0163	0.0163	0.0163	0.0163	0.0163	0.0163	0.0163	0.0163	0.0163	0.0163	0.0163	0.0163	0.0163	0.0163	0.0163	0.0163	0.0163	0.0163	0.0163	0.0163	0.0163	0.0163	0.0163	0.0163	0.0163	0.0163	0.0163	0.0163	0.0163	0.0163	0.0163	0.0163	0.0163	0.0163	0.0163	0.0163	0.0163	0.0163	0.0163	0.0163	0.0163	0.0163	0.0163	0.0163	0.0163	0.0163	0.0163	0.0163	0.0163	0.0163	0.0163	0.0163	0.0163	0.0163	0.0163	0.0163	0.0163	0.0163	0.0163	0.0163	0.0163	0.0163	0.0163	0.0163	0.0163	0.0163	0.0163	0.0163	0.0163	0.0163	0.0163	0.0163	0.0265	0.0163	0.0163	0.0163	0.0163	0.0163	0.0163	0.0163	0.0163	0.0163	0.0163	0.0163	0.0163	0.0163	0.0163	0.0163	0.0163	0.0163	0.0163	0.0163	0.0163	0.0163	0.0163	0.0163	0.0163	0.0163	0.0163	0.0163	0.0163	0.0163	0.0163	0.0163	0.0163	0.0163	0.0265	0.0163	0.0163	0.0163	0.0163	0.0163	0.0163	0.0163	0.0163	0.0163	0.0163	0.0163	0.0163	0.0163	0.0163	0.0163	0.0163	0.0163	0.0163	0.0163	0.0163	0.0163	0.0163	0.0163	0.0163	0.0163	0.0163	0.0163	0.0163	0.0163	0.0163	0.0163	0.0163	0.0163	0.0163	0.0163	0.0163	0.0163	0.0163	0.0163	0.0163	0.0163	0.0163	0.0163	0.0163	0.0163	0.0163	0.0163	0.0163	0.0163	0.0163	0.0163	0.0163	0.0163	0.0163	0.0163	0.0163	0.0163	0.0163	0.0163	0.0163	0.0163	0.0163	0.0163	0.0163	0.0163	0.0163	0.0265	0.0163	0.0163	0.0163	0.0163	0.0163	0.0163	0.0163	0.9096	0.9096	0.9096	0.9096	0.9096	0.9096	0.9096	0.9096	0.9096	0.9096	0.9096	0.9096	0.9096	0.9096	0.9096	0.9096	0.9096	0.9096	0.9096	0.9096	0.9096	0.9096	0.9096	0.9096	0.9096	0.9096	0.9096	0.9096	0.9096	0.9096	0.9096	0.9096	0.9096	0.9096	0.9096	0.9096	0.9096	0.9096	0.9096	0.9096	0.9096	0.9096	0.9096	0.9096	0.9096	0.9096	0.9096	0.9096	0.9096	0.9096	0.9096	0.9096	0.9096	0.9096	0.9096	0.9096	0.9096	0.9096	0.9096	0.9096	0.9096	0.9096	0.9096	0.9096	0.9096	0.9096	0.9096	0.9096	0.9096	0.9096	0.9096	0.9096	0.9096	0.9096	0.9096	0.9096	0.9096	0.9096	0.9096	0.9096	0.9096
54	0.1549	0.1549	0.1549	0.1549	0.1549	0.0276	0.0276	0.0276	0.0276	0.0276	0.0276	0.0276	0.0276	0.0276	0.0276	0.0276	0.0276	0.0276	0.0057	0.0057	0.0057	0.0057	0.0057	0.0057	0.0057	0.0057	0.0057	0.0057	0.0057	0.0057	0.0057	0.0057	0.0057	0.0057	0.0057	0.0057	0.0057	0.0057	0.0057	0.0057	0.0057	0.0057	0.0057	0.0057	0.0057	0.0057	0.0057	0.0057	0.0057	0.0057	0.0057	0.0057	0.0057	0.0057	0.0057	0.0057	0.0057	0.0057	0.0057	0.0057	0.0057	0.0057	0.0057	0.0057	0.0057	0.0057	0.0057	0.0057	0.0057	0.0057	0.0057	0.0057	0.0057	0.0057	0.0057	0.0057	0.0057	0.0057	0.0057	0.0057	0.0057	0.0057	0.0057	0.0057	0.0057	0.0057	0.0057	0.0057	0.0057	0.0057	0.0057	0.0057	0.0057	0.0062	0.0057	0.0057	0.0057	0.0057	0.0057	0.0057	0.0057	0.0057	0.0057	0.0057	0.0057	0.0057	0.0057	0.0057	0.0057	0.0057	0.0057	0.0057	0.0057	0.0057	0.0057	0.0057	0.0057	0.0057	0.0057	0.0057	0.0057	0.0057	0.0057	0.0057	0.0057	0.0057	0.0057	0.0057	0.0057	0.0057	0.0057	0.0057	0.0057	0.0057	0.0057	0.0057	0.0057	0.0057	0.0057	0.0057	0.0057	0.0057	0.0057	0.0057	0.0057	0.0057	0.0057	0.0057	0.0057	0.0057	0.0057	0.0057	0.0057	0.0057	0.0062	0.0057	0.0057	0.0057	0.0057	0.0057	0.0057	0.0057	0.0057	0.0057	0.0057	0.0057	0.0057	0.0057	0.0057	0.0057	0.0057	0.0057	0.0057	0.0057	0.0057	0.0057	0.0057	0.0057	0.0057	0.0057	0.0057	0.0057	0.0057	0.0057	0.0057	0.0057	0.0057	0.0057	0.0057	0.0057	0.0057	0.0057	0.0057	0.0057	0.0057	0.0057	0.0057	0.0057	0.0057	0.0057	0.0057	0.0057	0.0057	0.0057	0.0057	0.0057	0.0057	0.0057	0.0057	0.0057	0.0057	0.0057	0.0057	0.0057	0.0057	0.0057	0.0057	0.0057	0.0057	0.0057	0.0057	0.0057	0.0057	0.0057	0.0057	0.0057	0.0057	0.0057	0.0057	0.0057	0.0057	0.0057	0.0057	0.0057	0.0057	0.0057	0.0057	0.0057	0.0057	0.0057	0.0057	0.0057	0.0057	0.0057	0.0057	0.0057	0.0057	0.0057	0.0057	0.0057	0.0057	0.0057	0.0057	0.0057	0.0057	0.0057	0.0057	0.0057	0.0057	0.0057	0.0057	0.0057	0.0057	0.0057	0.0057	0.0057	0.0057	0.0057	0.0057	0.0057	0.0057	0.0057	0.0057	0.0057	0.0057	0.0057	0.0057	0.0057	0.0057	0.0057	0.0057	0.0057	0.0057	0.0057	0.0057	0.0057	0.0057	0.0057	0.0057	0.0057	0.0057	0.0057	0.0057	0.0057	0.0057	0.0057	0.0057	0.0057	0.0057	0.0057	0.0057	0.0057	0.0057	0.0057	0.0057	0.0057	0.0057	0.0057	0.0057	0.0057	0.0057	0.0057	0.0057	0.0057	0.0057	0.0057	0.0057	0.0057	0.0057	0.0057	0.0057	0.0057	0.0057	0.0057	0.0057	0.0057	0.0057	0.0057	0.0057	0.0057	0.0057	0.0057	0.0057	0.0057	0.0057	0.0057	0.0057	0.0057	0.0057	0.0057	0.0057	0.0057	0.0057	0.0057	0.0057	0.0057	0.0057	0.0057	0.0057	0.0057	0.0057	0.0057	0.0057	0.0057	0.0057	0.0057	0.0057	0.0057	0.0057	0.0057	0.0057	0.0057	0.0057	0.0057	0.0057	0.0057	0.0057	0.0057	0.0057	0.0057	0.0057	0.0057	0.0057	0.0057	0.0057	0.0057	0.0057	0.0057	0.0057	0.0057	0.0057	0.0057	0.0057	0.0057	0.0057	0.0057	0.0057	0.0057	0.0057	0.0057	0.0057	0.0057	0.0057	0.0057	0.0057	0.0057	0.0057	0.0057	0.0057	0.0057	0.0057	0.0057	0.0057	0.0057	0.0057	0.0057	0.0057	0.0057	0.0057	0.0057	0.0062	0.0057	0.0057	0.0057	0.0057	0.0057	0.0057	0.0057	0.0057	0.0057	0.0057	0.0057	0.0057	0.0057	0.0057	0.0057	0.0057	0.0057	0.0057	0.0057	0.0057	0.0057	0.0057	0.0057	0.0057	0.0057	0.0057	0.0057	0.0057	0.0057	0.0057	0.0057	0.0057	0.0057	0.0062	0.0057	0.0057	0.0057	0.0057	0.0057	0.0057	0.0057	0.0057	0.0057	0.0057	0.0057	0.0057	0.0057	0.0057	0.0057	0.0057	0.0057	0.0057	0.0057	0.0057	0.0057	0.0057	0.0057	0.0057	0.0057	0.0057	0.0057	0.0057	0.0057	0.0057	0.0057	0.0057	0.0057	0.0057	0.0057	0.0057	0.0057	0.0057	0.0057	0.0057	0.0057	0.0057	0.0057	0.0057	0.0057	0.0057	0.0057	0.0057	0.0057	0.0057	0.0057	0.0057	0.0057	0.0057	0.0057	0.0057	0.0057	0.0057	0.0057	0.0057	0.0057	0.0057	0.0057	0.0057	0.0057	0.0057	0.0062	0.0057	0.0057	0.0057	0.0057	0.0057	0.0057	0.0057	0.9794	0.9794	0.9794	0.9794	0.9794	0.9794	0.9794	0.9794	0.9794	0.9794	0.9794	0.9794	0.9794	0.9794	0.9794	0.9794	0.9794	0.9794	0.9794	0.9794	0.9794	0.9794	0.9794	0.9794	0.9794	0.9794	0.9794	0.9794	0.9794	0.9794	0.9794	0.9794	0.9794	0.9794	0.9794	0.9794	0.9794	0.9794	0.9794	0.9794	0.9794	0.9794	0.9794	0.9794	0.9794	0.9794	0.9794	0.9794	0.9794	0.9794	0.9794	0.9794	0.9794	0.9794	0.9794	0.9794	0.9794	0.9794	0.9794	0.9794	0.9794	0.9794	0.9794	0.9794	0.9794	0.9794	0.9794	0.9794	0.9794	0.9794	0.9794	0.9794	0.9794	0.9794	0.9794	0.9794	0.9794	0.9794	0.9794	0.9794	0.9794
55	0.0934	0.0934	0.0934	0.0934	0.0934	0.0146	0.0146	0.0146	0.0146	0.0146	0.0146	0.0146	0.0146	0.0146	0.0146	0.0146	0.0146	0.0146	0.019	0.019	0.019	0.019	0.019	0.019	0.019	0.019	0.019	0.019	0.019	0.019	0.019	0.019	0.019	0.019	0.019	0.019	0.019	0.019	0.019	0.019	0.019	0.019	0.019	0.019	0.019	0.019	0.019	0.019	0.019	0.019	0.019	0.019	0.019	0.019	0.019	0.019	0.019	0.019	0.019	0.019	0.019	0.019	0.019	0.019	0.019	0.019	0.019	0.019	0.019	0.019	0.019	0.019	0.019	0.019	0.019	0.019	0.019	0.019	0.019	0.019	0.019	0.019	0.019	0.019	0.019	0.019	0.019	0.019	0.019	0.019	0.019	0.019	0.019	0.0351	0.019	0.019	0.019	0.019	0.019	0.019	0.019	0.019	0.019	0.019	0.019	0.019	0.019	0.019	0.019	0.019	0.019	0.019	0.019	0.019	0.019	0.019	0.019	0.019	0.019	0.019	0.019	0.019	0.019	0.019	0.019	0.019	0.019	0.019	0.019	0.019	0.019	0.019	0.019	0.019	0.019	0.019	0.019	0.019	0.019	0.019	0.019	0.019	0.019	0.019	0.019	0.019	0.019	0.019	0.019	0.019	0.019	0.019	0.019	0.019	0.0351	0.019	0.019	0.019	0.019	0.019	0.019	0.019	0.019	0.019	0.019	0.019	0.019	0.019	0.019	0.019	0.019	0.019	0.019	0.019	0.019	0.019	0.019	0.019	0.019	0.019	0.019	0.019	0.019	0.019	0.019	0.019	0.019	0.019	0.019	0.019	0.019	0.019	0.019	0.019	0.019	0.019	0.019	0.019	0.019	0.019	0.019	0.019	0.019	0.019	0.019	0.019	0.019	0.019	0.019	0.019	0.019	0.019	0.019	0.019	0.019	0.019	0.019	0.019	0.019	0.019	0.019	0.019	0.019	0.019	0.019	0.019	0.019	0.019	0.019	0.019	0.019	0.019	0.019	0.019	0.019	0.019	0.019	0.019	0.019	0.019	0.019	0.019	0.019	0.019	0.019	0.019	0.019	0.019	0.019	0.019	0.019	0.019	0.019	0.019	0.019	0.019	0.019	0.019	0.019	0.019	0.019	0.019	0.019	0.019	0.019	0.019	0.019	0.019	0.019	0.019	0.019	0.019	0.019	0.019	0.019	0.019	0.019	0.019	0.019	0.019	0.019	0.019	0.019	0.019	0.019	0.019	0.019	0.019	0.019	0.019	0.019	0.019	0.019	0.019	0.019	0.019	0.019	0.019	0.019	0.019	0.019	0.019	0.019	0.019	0.019	0.019	0.019	0.019	0.019	0.019	0.019	0.019	0.019	0.019	0.019	0.019	0.019	0.019	0.019	0.019	0.019	0.019	0.019	0.019	0.019	0.019	0.019	0.019	0.019	0.019	0.019	0.019	0.019	0.019	0.019	0.019	0.019	0.019	0.019	0.019	0.019	0.019	0.019	0.019	0.019	0.019	0.019	0.019	0.019	0.019	0.019	0.019	0.019	0.019	0.019	0.019	0.019	0.019	0.019	0.019	0.019	0.019	0.019	0.019	0.019	0.019	0.019	0.019	0.019	0.019	0.019	0.019	0.019	0.019	0.019	0.019	0.019	0.019	0.019	0.019	0.019	0.019	0.019	0.019	0.019	0.019	0.019	0.019	0.019	0.019	0.019	0.019	0.019	0.019	0.019	0.019	0.019	0.019	0.019	0.019	0.019	0.019	0.019	0.019	0.019	0.019	0.019	0.019	0.019	0.019	0.0351	0.019	0.019	0.019	0.019	0.019	0.019	0.019	0.019	0.019	0.019	0.019	0.019	0.019	0.019	0.019	0.019	0.019	0.019	0.019	0.019	0.019	0.019	0.019	0.019	0.019	0.019	0.019	0.019	0.019	0.019	0.019	0.019	0.019	0.0351	0.019	0.019	0.019	0.019	0.019	0.019	0.019	0.019	0.019	0.019	0.019	0.019	0.019	0.019	0.019	0.019	0.019	0.019	0.019	0.019	0.019	0.019	0.019	0.019	0.019	0.019	0.019	0.019	0.019	0.019	0.019	0.019	0.019	0.019	0.019	0.019	0.019	0.019	0.019	0.019	0.019	0.019	0.019	0.019	0.019	0.019	0.019	0.019	0.019	0.019	0.019	0.019	0.019	0.019	0.019	0.019	0.019	0.019	0.019	0.019	0.019	0.019	0.019	0.019	0.019	0.019	0.0351	0.019	0.019	0.019	0.019	0.019	0.019	0.019	0.9633	0.9633	0.9633	0.9633	0.9633	0.9633	0.9633	0.9633	0.9633	0.9633	0.9633	0.9633	0.9633	0.9633	0.9633	0.9633	0.9633	0.9633	0.9633	0.9633	0.9633	0.9633	0.9633	0.9633	0.9633	0.9633	0.9633	0.9633	0.9633	0.9633	0.9633	0.9633	0.9633	0.9633	0.9633	0.9633	0.9633	0.9633	0.9633	0.9633	0.9633	0.9633	0.9633	0.9633	0.9633	0.9633	0.9633	0.9633	0.9633	0.9633	0.9633	0.9633	0.9633	0.9633	0.9633	0.9633	0.9633	0.9633	0.9633	0.9633	0.9633	0.9633	0.9633	0.9633	0.9633	0.9633	0.9633	0.9633	0.9633	0.9633	0.9633	0.9633	0.9633	0.9633	0.9633	0.9633	0.9633	0.9633	0.9633	0.9633	0.9633
56	0.0602	0.0602	0.0602	0.0602	0.0602	0.0383	0.0383	0.0383	0.0383	0.0383	0.0383	0.0383	0.0383	0.0383	0.0383	0.0383	0.0383	0.0383	0.0124	0.0124	0.0124	0.0124	0.0124	0.0124	0.0124	0.0124	0.0124	0.0124	0.0124	0.0124	0.0124	0.0124	0.0124	0.0124	0.0124	0.0124	0.0124	0.0124	0.0124	0.0124	0.0124	0.0124	0.0124	0.0124	0.0124	0.0124	0.0124	0.0124	0.0124	0.0124	0.0124	0.0124	0.0124	0.0124	0.0124	0.0124	0.0124	0.0124	0.0124	0.0124	0.0124	0.0124	0.0124	0.0124	0.0124	0.0124	0.0124	0.0124	0.0124	0.0124	0.0124	0.0124	0.0124	0.0124	0.0124	0.0124	0.0124	0.0124	0.0124	0.0124	0.0124	0.0124	0.0124	0.0124	0.0124	0.0124	0.0124	0.0124	0.0124	0.0124	0.0124	0.0124	0.0124	0.1386	0.0124	0.0124	0.0124	0.0124	0.0124	0.0124	0.0124	0.0124	0.0124	0.0124	0.0124	0.0124	0.0124	0.0124	0.0124	0.0124	0.0124	0.0124	0.0124	0.0124	0.0124	0.0124	0.0124	0.0124	0.0124	0.0124	0.0124	0.0124	0.0124	0.0124	0.0124	0.0124	0.0124	0.0124	0.0124	0.0124	0.0124	0.0124	0.0124	0.0124	0.0124	0.0124	0.0124	0.0124	0.0124	0.0124	0.0124	0.0124	0.0124	0.0124	0.0124	0.0124	0.0124	0.0124	0.0124	0.0124	0.0124	0.0124	0.0124	0.0124	0.1386	0.0124	0.0124	0.0124	0.0124	0.0124	0.0124	0.0124	0.0124	0.0124	0.0124	0.0124	0.0124	0.0124	0.0124	0.0124	0.0124	0.0124	0.0124	0.0124	0.0124	0.0124	0.0124	0.0124	0.0124	0.0124	0.0124	0.0124	0.0124	0.0124	0.0124	0.0124	0.0124	0.0124	0.0124	0.0124	0.0124	0.0124	0.0124	0.0124	0.0124	0.0124	0.0124	0.0124	0.0124	0.0124	0.0124	0.0124	0.0124	0.0124	0.0124	0.0124	0.0124	0.0124	0.0124	0.0124	0.0124	0.0124	0.0124	0.0124	0.0124	0.0124	0.0124	0.0124	0.0124	0.0124	0.0124	0.0124	0.0124	0.0124	0.0124	0.0124	0.0124	0.0124	0.0124	0.0124	0.0124	0.0124	0.0124	0.0124	0.0124	0.0124	0.0124	0.0124	0.0124	0.0124	0.0124	0.0124	0.0124	0.0124	0.0124	0.0124	0.0124	0.0124	0.0124	0.0124	0.0124	0.0124	0.0124	0.0124	0.0124	0.0124	0.0124	0.0124	0.0124	0.0124	0.0124	0.0124	0.0124	0.0124	0.0124	0.0124	0.0124	0.0124	0.0124	0.0124	0.0124	0.0124	0.0124	0.0124	0.0124	0.0124	0.0124	0.0124	0.0124	0.0124	0.0124	0.0124	0.0124	0.0124	0.0124	0.0124	0.0124	0.0124	0.0124	0.0124	0.0124	0.0124	0.0124	0.0124	0.0124	0.0124	0.0124	0.0124	0.0124	0.0124	0.0124	0.0124	0.0124	0.0124	0.0124	0.0124	0.0124	0.0124	0.0124	0.0124	0.0124	0.0124	0.0124	0.0124	0.0124	0.0124	0.0124	0.0124	0.0124	0.0124	0.0124	0.0124	0.0124	0.0124	0.0124	0.0124	0.0124	0.0124	0.0124	0.0124	0.0124	0.0124	0.0124	0.0124	0.0124	0.0124	0.0124	0.0124	0.0124	0.0124	0.0124	0.0124	0.0124	0.0124	0.0124	0.0124	0.0124	0.0124	0.0124	0.0124	0.0124	0.0124	0.0124	0.0124	0.0124	0.0124	0.0124	0.0124	0.0124	0.0124	0.0124	0.0124	0.0124	0.0124	0.0124	0.0124	0.0124	0.0124	0.0124	0.0124	0.0124	0.0124	0.0124	0.0124	0.0124	0.0124	0.0124	0.0124	0.0124	0.0124	0.0124	0.0124	0.0124	0.0124	0.0124	0.0124	0.0124	0.0124	0.0124	0.0124	0.0124	0.0124	0.0124	0.0124	0.0124	0.0124	0.0124	0.0124	0.0124	0.0124	0.0124	0.0124	0.0124	0.0124	0.0124	0.0124	0.0124	0.0124	0.0124	0.0124	0.1386	0.0124	0.0124	0.0124	0.0124	0.0124	0.0124	0.0124	0.0124	0.0124	0.0124	0.0124	0.0124	0.0124	0.0124	0.0124	0.0124	0.0124	0.0124	0.0124	0.0124	0.0124	0.0124	0.0124	0.0124	0.0124	0.0124	0.0124	0.0124	0.0124	0.0124	0.0124	0.0124	0.0124	0.1386	0.0124	0.0124	0.0124	0.0124	0.0124	0.0124	0.0124	0.0124	0.0124	0.0124	0.0124	0.0124	0.0124	0.0124	0.0124	0.0124	0.0124	0.0124	0.0124	0.0124	0.0124	0.0124	0.0124	0.0124	0.0124	0.0124	0.0124	0.0124	0.0124	0.0124	0.0124	0.0124	0.0124	0.0124	0.0124	0.0124	0.0124	0.0124	0.0124	0.0124	0.0124	0.0124	0.0124	0.0124	0.0124	0.0124	0.0124	0.0124	0.0124	0.0124	0.0124	0.0124	0.0124	0.0124	0.0124	0.0124	0.0124	0.0124	0.0124	0.0124	0.0124	0.0124	0.0124	0.0124	0.0124	0.0124	0.1386	0.0124	0.0124	0.0124	0.0124	0.0124	0.0124	0.0124	0.85	0.85	0.85	0.85	0.85	0.85	0.85	0.85	0.85	0.85	0.85	0.85	0.85	0.85	0.85	0.85	0.85	0.85	0.85	0.85	0.85	0.85	0.85	0.85	0.85	0.85	0.85	0.85	0.85	0.85	0.85	0.85	0.85	0.85	0.85	0.85	0.85	0.85	0.85	0.85	0.85	0.85	0.85	0.85	0.85	0.85	0.85	0.85	0.85	0.85	0.85	0.85	0.85	0.85	0.85	0.85	0.85	0.85	0.85	0.85	0.85	0.85	0.85	0.85	0.85	0.85	0.85	0.85	0.85	0.85	0.85	0.85	0.85	0.85	0.85	0.85	0.85	0.85	0.85	0.85	0.85
57	0.0712	0.0712	0.0712	0.0712	0.0712	0.0288	0.0288	0.0288	0.0288	0.0288	0.0288	0.0288	0.0288	0.0288	0.0288	0.0288	0.0288	0.0288	0.871	0.871	0.871	0.871	0.871	0.871	0.871	0.871	0.871	0.871	0.871	0.871	0.871	0.871	0.871	0.871	0.871	0.871	0.871	0.871	0.871	0.871	0.871	0.871	0.871	0.871	0.871	0.871	0.871	0.871	0.871	0.871	0.871	0.871	0.871	0.871	0.871	0.871	0.871	0.871	0.871	0.871	0.871	0.871	0.871	0.871	0.871	0.871	0.871	0.871	0.871	0.871	0.871	0.871	0.871	0.871	0.871	0.871	0.871	0.871	0.871	0.871	0.871	0.871	0.871	0.871	0.871	0.871	0.871	0.871	0.871	0.871	0.871	0.871	0.871	0.5462	0.871	0.871	0.871	0.871	0.871	0.871	0.871	0.871	0.871	0.871	0.871	0.871	0.871	0.871	0.871	0.871	0.871	0.871	0.871	0.871	0.871	0.871	0.871	0.871	0.871	0.871	0.871	0.871	0.871	0.871	0.871	0.871	0.871	0.871	0.871	0.871	0.871	0.871	0.871	0.871	0.871	0.871	0.871	0.871	0.871	0.871	0.871	0.871	0.871	0.871	0.871	0.871	0.871	0.871	0.871	0.871	0.871	0.871	0.871	0.871	0.5462	0.871	0.871	0.871	0.871	0.871	0.871	0.871	0.871	0.871	0.871	0.871	0.871	0.871	0.871	0.871	0.871	0.871	0.871	0.871	0.871	0.871	0.871	0.871	0.871	0.871	0.871	0.871	0.871	0.871	0.871	0.871	0.871	0.871	0.871	0.871	0.871	0.871	0.871	0.871	0.871	0.871	0.871	0.871	0.871	0.871	0.871	0.871	0.871	0.871	0.871	0.871	0.871	0.871	0.871	0.871	0.871	0.871	0.871	0.871	0.871	0.871	0.871	0.871	0.871	0.871	0.871	0.871	0.871	0.871	0.871	0.871	0.871	0.871	0.871	0.871	0.871	0.871	0.871	0.871	0.871	0.871	0.871	0.871	0.871	0.871	0.871	0.871	0.871	0.871	0.871	0.871	0.871	0.871	0.871	0.871	0.871	0.871	0.871	0.871	0.871	0.871	0.871	0.871	0.871	0.871	0.871	0.871	0.871	0.871	0.871	0.871	0.871	0.871	0.871	0.871	0.871	0.871	0.871	0.871	0.871	0.871	0.871	0.871	0.871	0.871	0.871	0.871	0.871	0.871	0.871	0.871	0.871	0.871	0.871	0.871	0.871	0.871	0.871	0.871	0.871	0.871	0.871	0.871	0.871	0.871	0.871	0.871	0.871	0.871	0.871	0.871	0.871	0.871	0.871	0.871	0.871	0.871	0.871	0.871	0.871	0.871	0.871	0.871	0.871	0.871	0.871	0.871	0.871	0.871	0.871	0.871	0.871	0.871	0.871	0.871	0.871	0.871	0.871	0.871	0.871	0.871	0.871	0.871	0.871	0.871	0.871	0.871	0.871	0.871	0.871	0.871	0.871	0.871	0.871	0.871	0.871	0.871	0.871	0.871	0.871	0.871	0.871	0.871	0.871	0.871	0.871	0.871	0.871	0.871	0.871	0.871	0.871	0.871	0.871	0.871	0.871	0.871	0.871	0.871	0.871	0.871	0.871	0.871	0.871	0.871	0.871	0.871	0.871	0.871	0.871	0.871	0.871	0.871	0.871	0.871	0.871	0.871	0.871	0.871	0.871	0.871	0.871	0.871	0.871	0.871	0.871	0.871	0.871	0.871	0.871	0.871	0.871	0.871	0.871	0.871	0.5462	0.871	0.871	0.871	0.871	0.871	0.871	0.871	0.871	0.871	0.871	0.871	0.871	0.871	0.871	0.871	0.871	0.871	0.871	0.871	0.871	0.871	0.871	0.871	0.871	0.871	0.871	0.871	0.871	0.871	0.871	0.871	0.871	0.871	0.5462	0.871	0.871	0.871	0.871	0.871	0.871	0.871	0.871	0.871	0.871	0.871	0.871	0.871	0.871	0.871	0.871	0.871	0.871	0.871	0.871	0.871	0.871	0.871	0.871	0.871	0.871	0.871	0.871	0.871	0.871	0.871	0.871	0.871	0.871	0.871	0.871	0.871	0.871	0.871	0.871	0.871	0.871	0.871	0.871	0.871	0.871	0.871	0.871	0.871	0.871	0.871	0.871	0.871	0.871	0.871	0.871	0.871	0.871	0.871	0.871	0.871	0.871	0.871	0.871	0.871	0.871	0.5462	0.871	0.871	0.871	0.871	0.871	0.871	0.871	0.9812	0.9812	0.9812	0.9812	0.9812	0.9812	0.9812	0.9812	0.9812	0.9812	0.9812	0.9812	0.9812	0.9812	0.9812	0.9812	0.9812	0.9812	0.9812	0.9812	0.9812	0.9812	0.9812	0.9812	0.9812	0.9812	0.9812	0.9812	0.9812	0.9812	0.9812	0.9812	0.9812	0.9812	0.9812	0.9812	0.9812	0.9812	0.9812	0.9812	0.9812	0.9812	0.9812	0.9812	0.9812	0.9812	0.9812	0.9812	0.9812	0.9812	0.9812	0.9812	0.9812	0.9812	0.9812	0.9812	0.9812	0.9812	0.9812	0.9812	0.9812	0.9812	0.9812	0.9812	0.9812	0.9812	0.9812	0.9812	0.9812	0.9812	0.9812	0.9812	0.9812	0.9812	0.9812	0.9812	0.9812	0.9812	0.9812	0.9812	0.9812
58	0.0502	0.0502	0.0502	0.0502	0.0502	0.9349	0.9349	0.9349	0.9349	0.9349	0.9349	0.9349	0.9349	0.9349	0.9349	0.9349	0.9349	0.9349	0.004	0.004	0.004	0.004	0.004	0.004	0.004	0.004	0.004	0.004	0.004	0.004	0.004	0.004	0.004	0.004	0.004	0.004	0.004	0.004	0.004	0.004	0.004	0.004	0.004	0.004	0.004	0.004	0.004	0.004	0.004	0.004	0.004	0.004	0.004	0.004	0.004	0.004	0.004	0.004	0.004	0.004	0.004	0.004	0.004	0.004	0.004	0.004	0.004	0.004	0.004	0.004	0.004	0.004	0.004	0.004	0.004	0.004	0.004	0.004	0.004	0.004	0.004	0.004	0.004	0.004	0.004	0.004	0.004	0.004	0.004	0.004	0.004	0.004	0.004	0.0497	0.004	0.004	0.004	0.004	0.004	0.004	0.004	0.004	0.004	0.004	0.004	0.004	0.004	0.004	0.004	0.004	0.004	0.004	0.004	0.004	0.004	0.004	0.004	0.004	0.004	0.004	0.004	0.004	0.004	0.004	0.004	0.004	0.004	0.004	0.004	0.004	0.004	0.004	0.004	0.004	0.004	0.004	0.004	0.004	0.004	0.004	0.004	0.004	0.004	0.004	0.004	0.004	0.004	0.004	0.004	0.004	0.004	0.004	0.004	0.004	0.0497	0.004	0.004	0.004	0.004	0.004	0.004	0.004	0.004	0.004	0.004	0.004	0.004	0.004	0.004	0.004	0.004	0.004	0.004	0.004	0.004	0.004	0.004	0.004	0.004	0.004	0.004	0.004	0.004	0.004	0.004	0.004	0.004	0.004	0.004	0.004	0.004	0.004	0.004	0.004	0.004	0.004	0.004	0.004	0.004	0.004	0.004	0.004	0.004	0.004	0.004	0.004	0.004	0.004	0.004	0.004	0.004	0.004	0.004	0.004	0.004	0.004	0.004	0.004	0.004	0.004	0.004	0.004	0.004	0.004	0.004	0.004	0.004	0.004	0.004	0.004	0.004	0.004	0.004	0.004	0.004	0.004	0.004	0.004	0.004	0.004	0.004	0.004	0.004	0.004	0.004	0.004	0.004	0.004	0.004	0.004	0.004	0.004	0.004	0.004	0.004	0.004	0.004	0.004	0.004	0.004	0.004	0.004	0.004	0.004	0.004	0.004	0.004	0.004	0.004	0.004	0.004	0.004	0.004	0.004	0.004	0.004	0.004	0.004	0.004	0.004	0.004	0.004	0.004	0.004	0.004	0.004	0.004	0.004	0.004	0.004	0.004	0.004	0.004	0.004	0.004	0.004	0.004	0.004	0.004	0.004	0.004	0.004	0.004	0.004	0.004	0.004	0.004	0.004	0.004	0.004	0.004	0.004	0.004	0.004	0.004	0.004	0.004	0.004	0.004	0.004	0.004	0.004	0.004	0.004	0.004	0.004	0.004	0.004	0.004	0.004	0.004	0.004	0.004	0.004	0.004	0.004	0.004	0.004	0.004	0.004	0.004	0.004	0.004	0.004	0.004	0.004	0.004	0.004	0.004	0.004	0.004	0.004	0.004	0.004	0.004	0.004	0.004	0.004	0.004	0.004	0.004	0.004	0.004	0.004	0.004	0.004	0.004	0.004	0.004	0.004	0.004	0.004	0.004	0.004	0.004	0.004	0.004	0.004	0.004	0.004	0.004	0.004	0.004	0.004	0.004	0.004	0.004	0.004	0.004	0.004	0.004	0.004	0.004	0.004	0.004	0.004	0.004	0.004	0.004	0.004	0.004	0.004	0.004	0.004	0.004	0.004	0.004	0.004	0.004	0.004	0.0497	0.004	0.004	0.004	0.004	0.004	0.004	0.004	0.004	0.004	0.004	0.004	0.004	0.004	0.004	0.004	0.004	0.004	0.004	0.004	0.004	0.004	0.004	0.004	0.004	0.004	0.004	0.004	0.004	0.004	0.004	0.004	0.004	0.004	0.0497	0.004	0.004	0.004	0.004	0.004	0.004	0.004	0.004	0.004	0.004	0.004	0.004	0.004	0.004	0.004	0.004	0.004	0.004	0.004	0.004	0.004	0.004	0.004	0.004	0.004	0.004	0.004	0.004	0.004	0.004	0.004	0.004	0.004	0.004	0.004	0.004	0.004	0.004	0.004	0.004	0.004	0.004	0.004	0.004	0.004	0.004	0.004	0.004	0.004	0.004	0.004	0.004	0.004	0.004	0.004	0.004	0.004	0.004	0.004	0.004	0.004	0.004	0.004	0.004	0.004	0.004	0.0497	0.004	0.004	0.004	0.004	0.004	0.004	0.004	0.0154	0.0154	0.0154	0.0154	0.0154	0.0154	0.0154	0.0154	0.0154	0.0154	0.0154	0.0154	0.0154	0.0154	0.0154	0.0154	0.0154	0.0154	0.0154	0.0154	0.0154	0.0154	0.0154	0.0154	0.0154	0.0154	0.0154	0.0154	0.0154	0.0154	0.0154	0.0154	0.0154	0.0154	0.0154	0.0154	0.0154	0.0154	0.0154	0.0154	0.0154	0.0154	0.0154	0.0154	0.0154	0.0154	0.0154	0.0154	0.0154	0.0154	0.0154	0.0154	0.0154	0.0154	0.0154	0.0154	0.0154	0.0154	0.0154	0.0154	0.0154	0.0154	0.0154	0.0154	0.0154	0.0154	0.0154	0.0154	0.0154	0.0154	0.0154	0.0154	0.0154	0.0154	0.0154	0.0154	0.0154	0.0154	0.0154	0.0154	0.0154
59	0.8566	0.8566	0.8566	0.8566	0.8566	0.0284	0.0284	0.0284	0.0284	0.0284	0.0284	0.0284	0.0284	0.0284	0.0284	0.0284	0.0284	0.0284	0.9309	0.9309	0.9309	0.9309	0.9309	0.9309	0.9309	0.9309	0.9309	0.9309	0.9309	0.9309	0.9309	0.9309	0.9309	0.9309	0.9309	0.9309	0.9309	0.9309	0.9309	0.9309	0.9309	0.9309	0.9309	0.9309	0.9309	0.9309	0.9309	0.9309	0.9309	0.9309	0.9309	0.9309	0.9309	0.9309	0.9309	0.9309	0.9309	0.9309	0.9309	0.9309	0.9309	0.9309	0.9309	0.9309	0.9309	0.9309	0.9309	0.9309	0.9309	0.9309	0.9309	0.9309	0.9309	0.9309	0.9309	0.9309	0.9309	0.9309	0.9309	0.9309	0.9309	0.9309	0.9309	0.9309	0.9309	0.9309	0.9309	0.9309	0.9309	0.9309	0.9309	0.9309	0.9309	0.7645	0.9309	0.9309	0.9309	0.9309	0.9309	0.9309	0.9309	0.9309	0.9309	0.9309	0.9309	0.9309	0.9309	0.9309	0.9309	0.9309	0.9309	0.9309	0.9309	0.9309	0.9309	0.9309	0.9309	0.9309	0.9309	0.9309	0.9309	0.9309	0.9309	0.9309	0.9309	0.9309	0.9309	0.9309	0.9309	0.9309	0.9309	0.9309	0.9309	0.9309	0.9309	0.9309	0.9309	0.9309	0.9309	0.9309	0.9309	0.9309	0.9309	0.9309	0.9309	0.9309	0.9309	0.9309	0.9309	0.9309	0.9309	0.9309	0.9309	0.9309	0.7645	0.9309	0.9309	0.9309	0.9309	0.9309	0.9309	0.9309	0.9309	0.9309	0.9309	0.9309	0.9309	0.9309	0.9309	0.9309	0.9309	0.9309	0.9309	0.9309	0.9309	0.9309	0.9309	0.9309	0.9309	0.9309	0.9309	0.9309	0.9309	0.9309	0.9309	0.9309	0.9309	0.9309	0.9309	0.9309	0.9309	0.9309	0.9309	0.9309	0.9309	0.9309	0.9309	0.9309	0.9309	0.9309	0.9309	0.9309	0.9309	0.9309	0.9309	0.9309	0.9309	0.9309	0.9309	0.9309	0.9309	0.9309	0.9309	0.9309	0.9309	0.9309	0.9309	0.9309	0.9309	0.9309	0.9309	0.9309	0.9309	0.9309	0.9309	0.9309	0.9309	0.9309	0.9309	0.9309	0.9309	0.9309	0.9309	0.9309	0.9309	0.9309	0.9309	0.9309	0.9309	0.9309	0.9309	0.9309	0.9309	0.9309	0.9309	0.9309	0.9309	0.9309	0.9309	0.9309	0.9309	0.9309	0.9309	0.9309	0.9309	0.9309	0.9309	0.9309	0.9309	0.9309	0.9309	0.9309	0.9309	0.9309	0.9309	0.9309	0.9309	0.9309	0.9309	0.9309	0.9309	0.9309	0.9309	0.9309	0.9309	0.9309	0.9309	0.9309	0.9309	0.9309	0.9309	0.9309	0.9309	0.9309	0.9309	0.9309	0.9309	0.9309	0.9309	0.9309	0.9309	0.9309	0.9309	0.9309	0.9309	0.9309	0.9309	0.9309	0.9309	0.9309	0.9309	0.9309	0.9309	0.9309	0.9309	0.9309	0.9309	0.9309	0.9309	0.9309	0.9309	0.9309	0.9309	0.9309	0.9309	0.9309	0.9309	0.9309	0.9309	0.9309	0.9309	0.9309	0.9309	0.9309	0.9309	0.9309	0.9309	0.9309	0.9309	0.9309	0.9309	0.9309	0.9309	0.9309	0.9309	0.9309	0.9309	0.9309	0.9309	0.9309	0.9309	0.9309	0.9309	0.9309	0.9309	0.9309	0.9309	0.9309	0.9309	0.9309	0.9309	0.9309	0.9309	0.9309	0.9309	0.9309	0.9309	0.9309	0.9309	0.9309	0.9309	0.9309	0.9309	0.9309	0.9309	0.9309	0.9309	0.9309	0.9309	0.9309	0.9309	0.9309	0.9309	0.9309	0.9309	0.9309	0.9309	0.9309	0.9309	0.9309	0.9309	0.9309	0.9309	0.9309	0.9309	0.9309	0.9309	0.9309	0.9309	0.9309	0.9309	0.9309	0.9309	0.9309	0.9309	0.9309	0.9309	0.9309	0.9309	0.9309	0.9309	0.9309	0.9309	0.9309	0.9309	0.9309	0.9309	0.9309	0.9309	0.9309	0.7645	0.9309	0.9309	0.9309	0.9309	0.9309	0.9309	0.9309	0.9309	0.9309	0.9309	0.9309	0.9309	0.9309	0.9309	0.9309	0.9309	0.9309	0.9309	0.9309	0.9309	0.9309	0.9309	0.9309	0.9309	0.9309	0.9309	0.9309	0.9309	0.9309	0.9309	0.9309	0.9309	0.9309	0.7645	0.9309	0.9309	0.9309	0.9309	0.9309	0.9309	0.9309	0.9309	0.9309	0.9309	0.9309	0.9309	0.9309	0.9309	0.9309	0.9309	0.9309	0.9309	0.9309	0.9309	0.9309	0.9309	0.9309	0.9309	0.9309	0.9309	0.9309	0.9309	0.9309	0.9309	0.9309	0.9309	0.9309	0.9309	0.9309	0.9309	0.9309	0.9309	0.9309	0.9309	0.9309	0.9309	0.9309	0.9309	0.9309	0.9309	0.9309	0.9309	0.9309	0.9309	0.9309	0.9309	0.9309	0.9309	0.9309	0.9309	0.9309	0.9309	0.9309	0.9309	0.9309	0.9309	0.9309	0.9309	0.9309	0.9309	0.7645	0.9309	0.9309	0.9309	0.9309	0.9309	0.9309	0.9309	0.9021	0.9021	0.9021	0.9021	0.9021	0.9021	0.9021	0.9021	0.9021	0.9021	0.9021	0.9021	0.9021	0.9021	0.9021	0.9021	0.9021	0.9021	0.9021	0.9021	0.9021	0.9021	0.9021	0.9021	0.9021	0.9021	0.9021	0.9021	0.9021	0.9021	0.9021	0.9021	0.9021	0.9021	0.9021	0.9021	0.9021	0.9021	0.9021	0.9021	0.9021	0.9021	0.9021	0.9021	0.9021	0.9021	0.9021	0.9021	0.9021	0.9021	0.9021	0.9021	0.9021	0.9021	0.9021	0.9021	0.9021	0.9021	0.9021	0.9021	0.9021	0.9021	0.9021	0.9021	0.9021	0.9021	0.9021	0.9021	0.9021	0.9021	0.9021	0.9021	0.9021	0.9021	0.9021	0.9021	0.9021	0.9021	0.9021	0.9021	0.9021
60	0.0683	0.0683	0.0683	0.0683	0.0683	0.026	0.026	0.026	0.026	0.026	0.026	0.026	0.026	0.026	0.026	0.026	0.026	0.026	0.9175	0.9175	0.9175	0.9175	0.9175	0.9175	0.9175	0.9175	0.9175	0.9175	0.9175	0.9175	0.9175	0.9175	0.9175	0.9175	0.9175	0.9175	0.9175	0.9175	0.9175	0.9175	0.9175	0.9175	0.9175	0.9175	0.9175	0.9175	0.9175	0.9175	0.9175	0.9175	0.9175	0.9175	0.9175	0.9175	0.9175	0.9175	0.9175	0.9175	0.9175	0.9175	0.9175	0.9175	0.9175	0.9175	0.9175	0.9175	0.9175	0.9175	0.9175	0.9175	0.9175	0.9175	0.9175	0.9175	0.9175	0.9175	0.9175	0.9175	0.9175	0.9175	0.9175	0.9175	0.9175	0.9175	0.9175	0.9175	0.9175	0.9175	0.9175	0.9175	0.9175	0.9175	0.9175	0.9566	0.9175	0.9175	0.9175	0.9175	0.9175	0.9175	0.9175	0.9175	0.9175	0.9175	0.9175	0.9175	0.9175	0.9175	0.9175	0.9175	0.9175	0.9175	0.9175	0.9175	0.9175	0.9175	0.9175	0.9175	0.9175	0.9175	0.9175	0.9175	0.9175	0.9175	0.9175	0.9175	0.9175	0.9175	0.9175	0.9175	0.9175	0.9175	0.9175	0.9175	0.9175	0.9175	0.9175	0.9175	0.9175	0.9175	0.9175	0.9175	0.9175	0.9175	0.9175	0.9175	0.9175	0.9175	0.9175	0.9175	0.9175	0.9175	0.9175	0.9175	0.9566	0.9175	0.9175	0.9175	0.9175	0.9175	0.9175	0.9175	0.9175	0.9175	0.9175	0.9175	0.9175	0.9175	0.9175	0.9175	0.9175	0.9175	0.9175	0.9175	0.9175	0.9175	0.9175	0.9175	0.9175	0.9175	0.9175	0.9175	0.9175	0.9175	0.9175	0.9175	0.9175	0.9175	0.9175	0.9175	0.9175	0.9175	0.9175	0.9175	0.9175	0.9175	0.9175	0.9175	0.9175	0.9175	0.9175	0.9175	0.9175	0.9175	0.9175	0.9175	0.9175	0.9175	0.9175	0.9175	0.9175	0.9175	0.9175	0.9175	0.9175	0.9175	0.9175	0.9175	0.9175	0.9175	0.9175	0.9175	0.9175	0.9175	0.9175	0.9175	0.9175	0.9175	0.9175	0.9175	0.9175	0.9175	0.9175	0.9175	0.9175	0.9175	0.9175	0.9175	0.9175	0.9175	0.9175	0.9175	0.9175	0.9175	0.9175	0.9175	0.9175	0.9175	0.9175	0.9175	0.9175	0.9175	0.9175	0.9175	0.9175	0.9175	0.9175	0.9175	0.9175	0.9175	0.9175	0.9175	0.9175	0.9175	0.9175	0.9175	0.9175	0.9175	0.9175	0.9175	0.9175	0.9175	0.9175	0.9175	0.9175	0.9175	0.9175	0.9175	0.9175	0.9175	0.9175	0.9175	0.9175	0.9175	0.9175	0.9175	0.9175	0.9175	0.9175	0.9175	0.9175	0.9175	0.9175	0.9175	0.9175	0.9175	0.9175	0.9175	0.9175	0.9175	0.9175	0.9175	0.9175	0.9175	0.9175	0.9175	0.9175	0.9175	0.9175	0.9175	0.9175	0.9175	0.9175	0.9175	0.9175	0.9175	0.9175	0.9175	0.9175	0.9175	0.9175	0.9175	0.9175	0.9175	0.9175	0.9175	0.9175	0.9175	0.9175	0.9175	0.9175	0.9175	0.9175	0.9175	0.9175	0.9175	0.9175	0.9175	0.9175	0.9175	0.9175	0.9175	0.9175	0.9175	0.9175	0.9175	0.9175	0.9175	0.9175	0.9175	0.9175	0.9175	0.9175	0.9175	0.9175	0.9175	0.9175	0.9175	0.9175	0.9175	0.9175	0.9175	0.9175	0.9175	0.9175	0.9175	0.9175	0.9175	0.9175	0.9175	0.9175	0.9175	0.9175	0.9175	0.9175	0.9175	0.9175	0.9175	0.9175	0.9175	0.9175	0.9175	0.9175	0.9175	0.9175	0.9175	0.9175	0.9175	0.9175	0.9175	0.9175	0.9175	0.9175	0.9175	0.9175	0.9175	0.9175	0.9175	0.9175	0.9175	0.9175	0.9175	0.9175	0.9175	0.9175	0.9175	0.9175	0.9175	0.9175	0.9175	0.9566	0.9175	0.9175	0.9175	0.9175	0.9175	0.9175	0.9175	0.9175	0.9175	0.9175	0.9175	0.9175	0.9175	0.9175	0.9175	0.9175	0.9175	0.9175	0.9175	0.9175	0.9175	0.9175	0.9175	0.9175	0.9175	0.9175	0.9175	0.9175	0.9175	0.9175	0.9175	0.9175	0.9175	0.9566	0.9175	0.9175	0.9175	0.9175	0.9175	0.9175	0.9175	0.9175	0.9175	0.9175	0.9175	0.9175	0.9175	0.9175	0.9175	0.9175	0.9175	0.9175	0.9175	0.9175	0.9175	0.9175	0.9175	0.9175	0.9175	0.9175	0.9175	0.9175	0.9175	0.9175	0.9175	0.9175	0.9175	0.9175	0.9175	0.9175	0.9175	0.9175	0.9175	0.9175	0.9175	0.9175	0.9175	0.9175	0.9175	0.9175	0.9175	0.9175	0.9175	0.9175	0.9175	0.9175	0.9175	0.9175	0.9175	0.9175	0.9175	0.9175	0.9175	0.9175	0.9175	0.9175	0.9175	0.9175	0.9175	0.9175	0.9566	0.9175	0.9175	0.9175	0.9175	0.9175	0.9175	0.9175	0.9766	0.9766	0.9766	0.9766	0.9766	0.9766	0.9766	0.9766	0.9766	0.9766	0.9766	0.9766	0.9766	0.9766	0.9766	0.9766	0.9766	0.9766	0.9766	0.9766	0.9766	0.9766	0.9766	0.9766	0.9766	0.9766	0.9766	0.9766	0.9766	0.9766	0.9766	0.9766	0.9766	0.9766	0.9766	0.9766	0.9766	0.9766	0.9766	0.9766	0.9766	0.9766	0.9766	0.9766	0.9766	0.9766	0.9766	0.9766	0.9766	0.9766	0.9766	0.9766	0.9766	0.9766	0.9766	0.9766	0.9766	0.9766	0.9766	0.9766	0.9766	0.9766	0.9766	0.9766	0.9766	0.9766	0.9766	0.9766	0.9766	0.9766	0.9766	0.9766	0.9766	0.9766	0.9766	0.9766	0.9766	0.9766	0.9766	0.9766	0.9766
61	0.7755	0.7755	0.7755	0.7755	0.7755	0.1534	0.1534	0.1534	0.1534	0.1534	0.1534	0.1534	0.1534	0.1534	0.1534	0.1534	0.1534	0.1534	0.9243	0.9243	0.9243	0.9243	0.9243	0.9243	0.9243	0.9243	0.9243	0.9243	0.9243	0.9243	0.9243	0.9243	0.9243	0.9243	0.9243	0.9243	0.9243	0.9243	0.9243	0.9243	0.9243	0.9243	0.9243	0.9243	0.9243	0.9243	0.9243	0.9243	0.9243	0.9243	0.9243	0.9243	0.9243	0.9243	0.9243	0.9243	0.9243	0.9243	0.9243	0.9243	0.9243	0.9243	0.9243	0.9243	0.9243	0.9243	0.9243	0.9243	0.9243	0.9243	0.9243	0.9243	0.9243	0.9243	0.9243	0.9243	0.9243	0.9243	0.9243	0.9243	0.9243	0.9243	0.9243	0.9243	0.9243	0.9243	0.9243	0.9243	0.9243	0.9243	0.9243	0.9243	0.9243	0.9542	0.9243	0.9243	0.9243	0.9243	0.9243	0.9243	0.9243	0.9243	0.9243	0.9243	0.9243	0.9243	0.9243	0.9243	0.9243	0.9243	0.9243	0.9243	0.9243	0.9243	0.9243	0.9243	0.9243	0.9243	0.9243	0.9243	0.9243	0.9243	0.9243	0.9243	0.9243	0.9243	0.9243	0.9243	0.9243	0.9243	0.9243	0.9243	0.9243	0.9243	0.9243	0.9243	0.9243	0.9243	0.9243	0.9243	0.9243	0.9243	0.9243	0.9243	0.9243	0.9243	0.9243	0.9243	0.9243	0.9243	0.9243	0.9243	0.9243	0.9243	0.9542	0.9243	0.9243	0.9243	0.9243	0.9243	0.9243	0.9243	0.9243	0.9243	0.9243	0.9243	0.9243	0.9243	0.9243	0.9243	0.9243	0.9243	0.9243	0.9243	0.9243	0.9243	0.9243	0.9243	0.9243	0.9243	0.9243	0.9243	0.9243	0.9243	0.9243	0.9243	0.9243	0.9243	0.9243	0.9243	0.9243	0.9243	0.9243	0.9243	0.9243	0.9243	0.9243	0.9243	0.9243	0.9243	0.9243	0.9243	0.9243	0.9243	0.9243	0.9243	0.9243	0.9243	0.9243	0.9243	0.9243	0.9243	0.9243	0.9243	0.9243	0.9243	0.9243	0.9243	0.9243	0.9243	0.9243	0.9243	0.9243	0.9243	0.9243	0.9243	0.9243	0.9243	0.9243	0.9243	0.9243	0.9243	0.9243	0.9243	0.9243	0.9243	0.9243	0.9243	0.9243	0.9243	0.9243	0.9243	0.9243	0.9243	0.9243	0.9243	0.9243	0.9243	0.9243	0.9243	0.9243	0.9243	0.9243	0.9243	0.9243	0.9243	0.9243	0.9243	0.9243	0.9243	0.9243	0.9243	0.9243	0.9243	0.9243	0.9243	0.9243	0.9243	0.9243	0.9243	0.9243	0.9243	0.9243	0.9243	0.9243	0.9243	0.9243	0.9243	0.9243	0.9243	0.9243	0.9243	0.9243	0.9243	0.9243	0.9243	0.9243	0.9243	0.9243	0.9243	0.9243	0.9243	0.9243	0.9243	0.9243	0.9243	0.9243	0.9243	0.9243	0.9243	0.9243	0.9243	0.9243	0.9243	0.9243	0.9243	0.9243	0.9243	0.9243	0.9243	0.9243	0.9243	0.9243	0.9243	0.9243	0.9243	0.9243	0.9243	0.9243	0.9243	0.9243	0.9243	0.9243	0.9243	0.9243	0.9243	0.9243	0.9243	0.9243	0.9243	0.9243	0.9243	0.9243	0.9243	0.9243	0.9243	0.9243	0.9243	0.9243	0.9243	0.9243	0.9243	0.9243	0.9243	0.9243	0.9243	0.9243	0.9243	0.9243	0.9243	0.9243	0.9243	0.9243	0.9243	0.9243	0.9243	0.9243	0.9243	0.9243	0.9243	0.9243	0.9243	0.9243	0.9243	0.9243	0.9243	0.9243	0.9243	0.9243	0.9243	0.9243	0.9243	0.9243	0.9243	0.9243	0.9243	0.9243	0.9243	0.9243	0.9243	0.9243	0.9243	0.9243	0.9243	0.9243	0.9243	0.9243	0.9243	0.9243	0.9243	0.9243	0.9243	0.9243	0.9243	0.9243	0.9243	0.9243	0.9243	0.9243	0.9243	0.9243	0.9243	0.9243	0.9243	0.9243	0.9243	0.9243	0.9243	0.9243	0.9243	0.9542	0.9243	0.9243	0.9243	0.9243	0.9243	0.9243	0.9243	0.9243	0.9243	0.9243	0.9243	0.9243	0.9243	0.9243	0.9243	0.9243	0.9243	0.9243	0.9243	0.9243	0.9243	0.9243	0.9243	0.9243	0.9243	0.9243	0.9243	0.9243	0.9243	0.9243	0.9243	0.9243	0.9243	0.9542	0.9243	0.9243	0.9243	0.9243	0.9243	0.9243	0.9243	0.9243	0.9243	0.9243	0.9243	0.9243	0.9243	0.9243	0.9243	0.9243	0.9243	0.9243	0.9243	0.9243	0.9243	0.9243	0.9243	0.9243	0.9243	0.9243	0.9243	0.9243	0.9243	0.9243	0.9243	0.9243	0.9243	0.9243	0.9243	0.9243	0.9243	0.9243	0.9243	0.9243	0.9243	0.9243	0.9243	0.9243	0.9243	0.9243	0.9243	0.9243	0.9243	0.9243	0.9243	0.9243	0.9243	0.9243	0.9243	0.9243	0.9243	0.9243	0.9243	0.9243	0.9243	0.9243	0.9243	0.9243	0.9243	0.9243	0.9542	0.9243	0.9243	0.9243	0.9243	0.9243	0.9243	0.9243	0.0049	0.0049	0.0049	0.0049	0.0049	0.0049	0.0049	0.0049	0.0049	0.0049	0.0049	0.0049	0.0049	0.0049	0.0049	0.0049	0.0049	0.0049	0.0049	0.0049	0.0049	0.0049	0.0049	0.0049	0.0049	0.0049	0.0049	0.0049	0.0049	0.0049	0.0049	0.0049	0.0049	0.0049	0.0049	0.0049	0.0049	0.0049	0.0049	0.0049	0.0049	0.0049	0.0049	0.0049	0.0049	0.0049	0.0049	0.0049	0.0049	0.0049	0.0049	0.0049	0.0049	0.0049	0.0049	0.0049	0.0049	0.0049	0.0049	0.0049	0.0049	0.0049	0.0049	0.0049	0.0049	0.0049	0.0049	0.0049	0.0049	0.0049	0.0049	0.0049	0.0049	0.0049	0.0049	0.0049	0.0049	0.0049	0.0049	0.0049	0.0049
62	0.0727	0.0727	0.0727	0.0727	0.0727	0.1163	0.1163	0.1163	0.1163	0.1163	0.1163	0.1163	0.1163	0.1163	0.1163	0.1163	0.1163	0.1163	0.9008	0.9008	0.9008	0.9008	0.9008	0.9008	0.9008	0.9008	0.9008	0.9008	0.9008	0.9008	0.9008	0.9008	0.9008	0.9008	0.9008	0.9008	0.9008	0.9008	0.9008	0.9008	0.9008	0.9008	0.9008	0.9008	0.9008	0.9008	0.9008	0.9008	0.9008	0.9008	0.9008	0.9008	0.9008	0.9008	0.9008	0.9008	0.9008	0.9008	0.9008	0.9008	0.9008	0.9008	0.9008	0.9008	0.9008	0.9008	0.9008	0.9008	0.9008	0.9008	0.9008	0.9008	0.9008	0.9008	0.9008	0.9008	0.9008	0.9008	0.9008	0.9008	0.9008	0.9008	0.9008	0.9008	0.9008	0.9008	0.9008	0.9008	0.9008	0.9008	0.9008	0.9008	0.9008	0.9223	0.9008	0.9008	0.9008	0.9008	0.9008	0.9008	0.9008	0.9008	0.9008	0.9008	0.9008	0.9008	0.9008	0.9008	0.9008	0.9008	0.9008	0.9008	0.9008	0.9008	0.9008	0.9008	0.9008	0.9008	0.9008	0.9008	0.9008	0.9008	0.9008	0.9008	0.9008	0.9008	0.9008	0.9008	0.9008	0.9008	0.9008	0.9008	0.9008	0.9008	0.9008	0.9008	0.9008	0.9008	0.9008	0.9008	0.9008	0.9008	0.9008	0.9008	0.9008	0.9008	0.9008	0.9008	0.9008	0.9008	0.9008	0.9008	0.9008	0.9008	0.9223	0.9008	0.9008	0.9008	0.9008	0.9008	0.9008	0.9008	0.9008	0.9008	0.9008	0.9008	0.9008	0.9008	0.9008	0.9008	0.9008	0.9008	0.9008	0.9008	0.9008	0.9008	0.9008	0.9008	0.9008	0.9008	0.9008	0.9008	0.9008	0.9008	0.9008	0.9008	0.9008	0.9008	0.9008	0.9008	0.9008	0.9008	0.9008	0.9008	0.9008	0.9008	0.9008	0.9008	0.9008	0.9008	0.9008	0.9008	0.9008	0.9008	0.9008	0.9008	0.9008	0.9008	0.9008	0.9008	0.9008	0.9008	0.9008	0.9008	0.9008	0.9008	0.9008	0.9008	0.9008	0.9008	0.9008	0.9008	0.9008	0.9008	0.9008	0.9008	0.9008	0.9008	0.9008	0.9008	0.9008	0.9008	0.9008	0.9008	0.9008	0.9008	0.9008	0.9008	0.9008	0.9008	0.9008	0.9008	0.9008	0.9008	0.9008	0.9008	0.9008	0.9008	0.9008	0.9008	0.9008	0.9008	0.9008	0.9008	0.9008	0.9008	0.9008	0.9008	0.9008	0.9008	0.9008	0.9008	0.9008	0.9008	0.9008	0.9008	0.9008	0.9008	0.9008	0.9008	0.9008	0.9008	0.9008	0.9008	0.9008	0.9008	0.9008	0.9008	0.9008	0.9008	0.9008	0.9008	0.9008	0.9008	0.9008	0.9008	0.9008	0.9008	0.9008	0.9008	0.9008	0.9008	0.9008	0.9008	0.9008	0.9008	0.9008	0.9008	0.9008	0.9008	0.9008	0.9008	0.9008	0.9008	0.9008	0.9008	0.9008	0.9008	0.9008	0.9008	0.9008	0.9008	0.9008	0.9008	0.9008	0.9008	0.9008	0.9008	0.9008	0.9008	0.9008	0.9008	0.9008	0.9008	0.9008	0.9008	0.9008	0.9008	0.9008	0.9008	0.9008	0.9008	0.9008	0.9008	0.9008	0.9008	0.9008	0.9008	0.9008	0.9008	0.9008	0.9008	0.9008	0.9008	0.9008	0.9008	0.9008	0.9008	0.9008	0.9008	0.9008	0.9008	0.9008	0.9008	0.9008	0.9008	0.9008	0.9008	0.9008	0.9008	0.9008	0.9008	0.9008	0.9008	0.9008	0.9008	0.9008	0.9008	0.9008	0.9008	0.9008	0.9008	0.9008	0.9008	0.9008	0.9008	0.9008	0.9008	0.9008	0.9008	0.9008	0.9008	0.9008	0.9008	0.9008	0.9008	0.9008	0.9008	0.9008	0.9008	0.9008	0.9008	0.9008	0.9008	0.9008	0.9008	0.9008	0.9008	0.9008	0.9008	0.9008	0.9008	0.9008	0.9008	0.9008	0.9008	0.9008	0.9008	0.9008	0.9008	0.9223	0.9008	0.9008	0.9008	0.9008	0.9008	0.9008	0.9008	0.9008	0.9008	0.9008	0.9008	0.9008	0.9008	0.9008	0.9008	0.9008	0.9008	0.9008	0.9008	0.9008	0.9008	0.9008	0.9008	0.9008	0.9008	0.9008	0.9008	0.9008	0.9008	0.9008	0.9008	0.9008	0.9008	0.9223	0.9008	0.9008	0.9008	0.9008	0.9008	0.9008	0.9008	0.9008	0.9008	0.9008	0.9008	0.9008	0.9008	0.9008	0.9008	0.9008	0.9008	0.9008	0.9008	0.9008	0.9008	0.9008	0.9008	0.9008	0.9008	0.9008	0.9008	0.9008	0.9008	0.9008	0.9008	0.9008	0.9008	0.9008	0.9008	0.9008	0.9008	0.9008	0.9008	0.9008	0.9008	0.9008	0.9008	0.9008	0.9008	0.9008	0.9008	0.9008	0.9008	0.9008	0.9008	0.9008	0.9008	0.9008	0.9008	0.9008	0.9008	0.9008	0.9008	0.9008	0.9008	0.9008	0.9008	0.9008	0.9008	0.9008	0.9223	0.9008	0.9008	0.9008	0.9008	0.9008	0.9008	0.9008	0.9376	0.9376	0.9376	0.9376	0.9376	0.9376	0.9376	0.9376	0.9376	0.9376	0.9376	0.9376	0.9376	0.9376	0.9376	0.9376	0.9376	0.9376	0.9376	0.9376	0.9376	0.9376	0.9376	0.9376	0.9376	0.9376	0.9376	0.9376	0.9376	0.9376	0.9376	0.9376	0.9376	0.9376	0.9376	0.9376	0.9376	0.9376	0.9376	0.9376	0.9376	0.9376	0.9376	0.9376	0.9376	0.9376	0.9376	0.9376	0.9376	0.9376	0.9376	0.9376	0.9376	0.9376	0.9376	0.9376	0.9376	0.9376	0.9376	0.9376	0.9376	0.9376	0.9376	0.9376	0.9376	0.9376	0.9376	0.9376	0.9376	0.9376	0.9376	0.9376	0.9376	0.9376	0.9376	0.9376	0.9376	0.9376	0.9376	0.9376	0.9376
63	0.8019	0.8019	0.8019	0.8019	0.8019	0.9449	0.9449	0.9449	0.9449	0.9449	0.9449	0.9449	0.9449	0.9449	0.9449	0.9449	0.9449	0.9449	0.0138	0.0138	0.0138	0.0138	0.0138	0.0138	0.0138	0.0138	0.0138	0.0138	0.0138	0.0138	0.0138	0.0138	0.0138	0.0138	0.0138	0.0138	0.0138	0.0138	0.0138	0.0138	0.0138	0.0138	0.0138	0.0138	0.0138	0.0138	0.0138	0.0138	0.0138	0.0138	0.0138	0.0138	0.0138	0.0138	0.0138	0.0138	0.0138	0.0138	0.0138	0.0138	0.0138	0.0138	0.0138	0.0138	0.0138	0.0138	0.0138	0.0138	0.0138	0.0138	0.0138	0.0138	0.0138	0.0138	0.0138	0.0138	0.0138	0.0138	0.0138	0.0138	0.0138	0.0138	0.0138	0.0138	0.0138	0.0138	0.0138	0.0138	0.0138	0.0138	0.0138	0.0138	0.0138	0.0443	0.0138	0.0138	0.0138	0.0138	0.0138	0.0138	0.0138	0.0138	0.0138	0.0138	0.0138	0.0138	0.0138	0.0138	0.0138	0.0138	0.0138	0.0138	0.0138	0.0138	0.0138	0.0138	0.0138	0.0138	0.0138	0.0138	0.0138	0.0138	0.0138	0.0138	0.0138	0.0138	0.0138	0.0138	0.0138	0.0138	0.0138	0.0138	0.0138	0.0138	0.0138	0.0138	0.0138	0.0138	0.0138	0.0138	0.0138	0.0138	0.0138	0.0138	0.0138	0.0138	0.0138	0.0138	0.0138	0.0138	0.0138	0.0138	0.0138	0.0138	0.0443	0.0138	0.0138	0.0138	0.0138	0.0138	0.0138	0.0138	0.0138	0.0138	0.0138	0.0138	0.0138	0.0138	0.0138	0.0138	0.0138	0.0138	0.0138	0.0138	0.0138	0.0138	0.0138	0.0138	0.0138	0.0138	0.0138	0.0138	0.0138	0.0138	0.0138	0.0138	0.0138	0.0138	0.0138	0.0138	0.0138	0.0138	0.0138	0.0138	0.0138	0.0138	0.0138	0.0138	0.0138	0.0138	0.0138	0.0138	0.0138	0.0138	0.0138	0.0138	0.0138	0.0138	0.0138	0.0138	0.0138	0.0138	0.0138	0.0138	0.0138	0.0138	0.0138	0.0138	0.0138	0.0138	0.0138	0.0138	0.0138	0.0138	0.0138	0.0138	0.0138	0.0138	0.0138	0.0138	0.0138	0.0138	0.0138	0.0138	0.0138	0.0138	0.0138	0.0138	0.0138	0.0138	0.0138	0.0138	0.0138	0.0138	0.0138	0.0138	0.0138	0.0138	0.0138	0.0138	0.0138	0.0138	0.0138	0.0138	0.0138	0.0138	0.0138	0.0138	0.0138	0.0138	0.0138	0.0138	0.0138	0.0138	0.0138	0.0138	0.0138	0.0138	0.0138	0.0138	0.0138	0.0138	0.0138	0.0138	0.0138	0.0138	0.0138	0.0138	0.0138	0.0138	0.0138	0.0138	0.0138	0.0138	0.0138	0.0138	0.0138	0.0138	0.0138	0.0138	0.0138	0.0138	0.0138	0.0138	0.0138	0.0138	0.0138	0.0138	0.0138	0.0138	0.0138	0.0138	0.0138	0.0138	0.0138	0.0138	0.0138	0.0138	0.0138	0.0138	0.0138	0.0138	0.0138	0.0138	0.0138	0.0138	0.0138	0.0138	0.0138	0.0138	0.0138	0.0138	0.0138	0.0138	0.0138	0.0138	0.0138	0.0138	0.0138	0.0138	0.0138	0.0138	0.0138	0.0138	0.0138	0.0138	0.0138	0.0138	0.0138	0.0138	0.0138	0.0138	0.0138	0.0138	0.0138	0.0138	0.0138	0.0138	0.0138	0.0138	0.0138	0.0138	0.0138	0.0138	0.0138	0.0138	0.0138	0.0138	0.0138	0.0138	0.0138	0.0138	0.0138	0.0138	0.0138	0.0138	0.0138	0.0138	0.0138	0.0138	0.0138	0.0138	0.0138	0.0138	0.0138	0.0138	0.0138	0.0138	0.0138	0.0138	0.0138	0.0138	0.0138	0.0138	0.0138	0.0138	0.0138	0.0138	0.0138	0.0138	0.0138	0.0138	0.0138	0.0138	0.0138	0.0138	0.0138	0.0138	0.0138	0.0138	0.0138	0.0138	0.0138	0.0138	0.0138	0.0138	0.0138	0.0138	0.0138	0.0138	0.0443	0.0138	0.0138	0.0138	0.0138	0.0138	0.0138	0.0138	0.0138	0.0138	0.0138	0.0138	0.0138	0.0138	0.0138	0.0138	0.0138	0.0138	0.0138	0.0138	0.0138	0.0138	0.0138	0.0138	0.0138	0.0138	0.0138	0.0138	0.0138	0.0138	0.0138	0.0138	0.0138	0.0138	0.0443	0.0138	0.0138	0.0138	0.0138	0.0138	0.0138	0.0138	0.0138	0.0138	0.0138	0.0138	0.0138	0.0138	0.0138	0.0138	0.0138	0.0138	0.0138	0.0138	0.0138	0.0138	0.0138	0.0138	0.0138	0.0138	0.0138	0.0138	0.0138	0.0138	0.0138	0.0138	0.0138	0.0138	0.0138	0.0138	0.0138	0.0138	0.0138	0.0138	0.0138	0.0138	0.0138	0.0138	0.0138	0.0138	0.0138	0.0138	0.0138	0.0138	0.0138	0.0138	0.0138	0.0138	0.0138	0.0138	0.0138	0.0138	0.0138	0.0138	0.0138	0.0138	0.0138	0.0138	0.0138	0.0138	0.0138	0.0443	0.0138	0.0138	0.0138	0.0138	0.0138	0.0138	0.0138	0.004	0.004	0.004	0.004	0.004	0.004	0.004	0.004	0.004	0.004	0.004	0.004	0.004	0.004	0.004	0.004	0.004	0.004	0.004	0.004	0.004	0.004	0.004	0.004	0.004	0.004	0.004	0.004	0.004	0.004	0.004	0.004	0.004	0.004	0.004	0.004	0.004	0.004	0.004	0.004	0.004	0.004	0.004	0.004	0.004	0.004	0.004	0.004	0.004	0.004	0.004	0.004	0.004	0.004	0.004	0.004	0.004	0.004	0.004	0.004	0.004	0.004	0.004	0.004	0.004	0.004	0.004	0.004	0.004	0.004	0.004	0.004	0.004	0.004	0.004	0.004	0.004	0.004	0.004	0.004	0.004
64	0.0919	0.0919	0.0919	0.0919	0.0919	0.9723	0.9723	0.9723	0.9723	0.9723	0.9723	0.9723	0.9723	0.9723	0.9723	0.9723	0.9723	0.9723	0.9201	0.9201	0.9201	0.9201	0.9201	0.9201	0.9201	0.9201	0.9201	0.9201	0.9201	0.9201	0.9201	0.9201	0.9201	0.9201	0.9201	0.9201	0.9201	0.9201	0.9201	0.9201	0.9201	0.9201	0.9201	0.9201	0.9201	0.9201	0.9201	0.9201	0.9201	0.9201	0.9201	0.9201	0.9201	0.9201	0.9201	0.9201	0.9201	0.9201	0.9201	0.9201	0.9201	0.9201	0.9201	0.9201	0.9201	0.9201	0.9201	0.9201	0.9201	0.9201	0.9201	0.9201	0.9201	0.9201	0.9201	0.9201	0.9201	0.9201	0.9201	0.9201	0.9201	0.9201	0.9201	0.9201	0.9201	0.9201	0.9201	0.9201	0.9201	0.9201	0.9201	0.9201	0.9201	0.7804	0.9201	0.9201	0.9201	0.9201	0.9201	0.9201	0.9201	0.9201	0.9201	0.9201	0.9201	0.9201	0.9201	0.9201	0.9201	0.9201	0.9201	0.9201	0.9201	0.9201	0.9201	0.9201	0.9201	0.9201	0.9201	0.9201	0.9201	0.9201	0.9201	0.9201	0.9201	0.9201	0.9201	0.9201	0.9201	0.9201	0.9201	0.9201	0.9201	0.9201	0.9201	0.9201	0.9201	0.9201	0.9201	0.9201	0.9201	0.9201	0.9201	0.9201	0.9201	0.9201	0.9201	0.9201	0.9201	0.9201	0.9201	0.9201	0.9201	0.9201	0.7804	0.9201	0.9201	0.9201	0.9201	0.9201	0.9201	0.9201	0.9201	0.9201	0.9201	0.9201	0.9201	0.9201	0.9201	0.9201	0.9201	0.9201	0.9201	0.9201	0.9201	0.9201	0.9201	0.9201	0.9201	0.9201	0.9201	0.9201	0.9201	0.9201	0.9201	0.9201	0.9201	0.9201	0.9201	0.9201	0.9201	0.9201	0.9201	0.9201	0.9201	0.9201	0.9201	0.9201	0.9201	0.9201	0.9201	0.9201	0.9201	0.9201	0.9201	0.9201	0.9201	0.9201	0.9201	0.9201	0.9201	0.9201	0.9201	0.9201	0.9201	0.9201	0.9201	0.9201	0.9201	0.9201	0.9201	0.9201	0.9201	0.9201	0.9201	0.9201	0.9201	0.9201	0.9201	0.9201	0.9201	0.9201	0.9201	0.9201	0.9201	0.9201	0.9201	0.9201	0.9201	0.9201	0.9201	0.9201	0.9201	0.9201	0.9201	0.9201	0.9201	0.9201	0.9201	0.9201	0.9201	0.9201	0.9201	0.9201	0.9201	0.9201	0.9201	0.9201	0.9201	0.9201	0.9201	0.9201	0.9201	0.9201	0.9201	0.9201	0.9201	0.9201	0.9201	0.9201	0.9201	0.9201	0.9201	0.9201	0.9201	0.9201	0.9201	0.9201	0.9201	0.9201	0.9201	0.9201	0.9201	0.9201	0.9201	0.9201	0.9201	0.9201	0.9201	0.9201	0.9201	0.9201	0.9201	0.9201	0.9201	0.9201	0.9201	0.9201	0.9201	0.9201	0.9201	0.9201	0.9201	0.9201	0.9201	0.9201	0.9201	0.9201	0.9201	0.9201	0.9201	0.9201	0.9201	0.9201	0.9201	0.9201	0.9201	0.9201	0.9201	0.9201	0.9201	0.9201	0.9201	0.9201	0.9201	0.9201	0.9201	0.9201	0.9201	0.9201	0.9201	0.9201	0.9201	0.9201	0.9201	0.9201	0.9201	0.9201	0.9201	0.9201	0.9201	0.9201	0.9201	0.9201	0.9201	0.9201	0.9201	0.9201	0.9201	0.9201	0.9201	0.9201	0.9201	0.9201	0.9201	0.9201	0.9201	0.9201	0.9201	0.9201	0.9201	0.9201	0.9201	0.9201	0.9201	0.9201	0.9201	0.9201	0.9201	0.9201	0.9201	0.9201	0.9201	0.9201	0.9201	0.9201	0.9201	0.9201	0.9201	0.9201	0.9201	0.9201	0.9201	0.9201	0.9201	0.9201	0.9201	0.9201	0.9201	0.9201	0.9201	0.9201	0.9201	0.9201	0.9201	0.9201	0.9201	0.9201	0.9201	0.9201	0.9201	0.9201	0.9201	0.9201	0.9201	0.9201	0.9201	0.9201	0.9201	0.9201	0.7804	0.9201	0.9201	0.9201	0.9201	0.9201	0.9201	0.9201	0.9201	0.9201	0.9201	0.9201	0.9201	0.9201	0.9201	0.9201	0.9201	0.9201	0.9201	0.9201	0.9201	0.9201	0.9201	0.9201	0.9201	0.9201	0.9201	0.9201	0.9201	0.9201	0.9201	0.9201	0.9201	0.9201	0.7804	0.9201	0.9201	0.9201	0.9201	0.9201	0.9201	0.9201	0.9201	0.9201	0.9201	0.9201	0.9201	0.9201	0.9201	0.9201	0.9201	0.9201	0.9201	0.9201	0.9201	0.9201	0.9201	0.9201	0.9201	0.9201	0.9201	0.9201	0.9201	0.9201	0.9201	0.9201	0.9201	0.9201	0.9201	0.9201	0.9201	0.9201	0.9201	0.9201	0.9201	0.9201	0.9201	0.9201	0.9201	0.9201	0.9201	0.9201	0.9201	0.9201	0.9201	0.9201	0.9201	0.9201	0.9201	0.9201	0.9201	0.9201	0.9201	0.9201	0.9201	0.9201	0.9201	0.9201	0.9201	0.9201	0.9201	0.7804	0.9201	0.9201	0.9201	0.9201	0.9201	0.9201	0.9201	0.0059	0.0059	0.0059	0.0059	0.0059	0.0059	0.0059	0.0059	0.0059	0.0059	0.0059	0.0059	0.0059	0.0059	0.0059	0.0059	0.0059	0.0059	0.0059	0.0059	0.0059	0.0059	0.0059	0.0059	0.0059	0.0059	0.0059	0.0059	0.0059	0.0059	0.0059	0.0059	0.0059	0.0059	0.0059	0.0059	0.0059	0.0059	0.0059	0.0059	0.0059	0.0059	0.0059	0.0059	0.0059	0.0059	0.0059	0.0059	0.0059	0.0059	0.0059	0.0059	0.0059	0.0059	0.0059	0.0059	0.0059	0.0059	0.0059	0.0059	0.0059	0.0059	0.0059	0.0059	0.0059	0.0059	0.0059	0.0059	0.0059	0.0059	0.0059	0.0059	0.0059	0.0059	0.0059	0.0059	0.0059	0.0059	0.0059	0.0059	0.0059
65	0.942	0.942	0.942	0.942	0.942	0.8522	0.8522	0.8522	0.8522	0.8522	0.8522	0.8522	0.8522	0.8522	0.8522	0.8522	0.8522	0.8522	0.9399	0.9399	0.9399	0.9399	0.9399	0.9399	0.9399	0.9399	0.9399	0.9399	0.9399	0.9399	0.9399	0.9399	0.9399	0.9399	0.9399	0.9399	0.9399	0.9399	0.9399	0.9399	0.9399	0.9399	0.9399	0.9399	0.9399	0.9399	0.9399	0.9399	0.9399	0.9399	0.9399	0.9399	0.9399	0.9399	0.9399	0.9399	0.9399	0.9399	0.9399	0.9399	0.9399	0.9399	0.9399	0.9399	0.9399	0.9399	0.9399	0.9399	0.9399	0.9399	0.9399	0.9399	0.9399	0.9399	0.9399	0.9399	0.9399	0.9399	0.9399	0.9399	0.9399	0.9399	0.9399	0.9399	0.9399	0.9399	0.9399	0.9399	0.9399	0.9399	0.9399	0.9399	0.9399	0.9049	0.9399	0.9399	0.9399	0.9399	0.9399	0.9399	0.9399	0.9399	0.9399	0.9399	0.9399	0.9399	0.9399	0.9399	0.9399	0.9399	0.9399	0.9399	0.9399	0.9399	0.9399	0.9399	0.9399	0.9399	0.9399	0.9399	0.9399	0.9399	0.9399	0.9399	0.9399	0.9399	0.9399	0.9399	0.9399	0.9399	0.9399	0.9399	0.9399	0.9399	0.9399	0.9399	0.9399	0.9399	0.9399	0.9399	0.9399	0.9399	0.9399	0.9399	0.9399	0.9399	0.9399	0.9399	0.9399	0.9399	0.9399	0.9399	0.9399	0.9399	0.9049	0.9399	0.9399	0.9399	0.9399	0.9399	0.9399	0.9399	0.9399	0.9399	0.9399	0.9399	0.9399	0.9399	0.9399	0.9399	0.9399	0.9399	0.9399	0.9399	0.9399	0.9399	0.9399	0.9399	0.9399	0.9399	0.9399	0.9399	0.9399	0.9399	0.9399	0.9399	0.9399	0.9399	0.9399	0.9399	0.9399	0.9399	0.9399	0.9399	0.9399	0.9399	0.9399	0.9399	0.9399	0.9399	0.9399	0.9399	0.9399	0.9399	0.9399	0.9399	0.9399	0.9399	0.9399	0.9399	0.9399	0.9399	0.9399	0.9399	0.9399	0.9399	0.9399	0.9399	0.9399	0.9399	0.9399	0.9399	0.9399	0.9399	0.9399	0.9399	0.9399	0.9399	0.9399	0.9399	0.9399	0.9399	0.9399	0.9399	0.9399	0.9399	0.9399	0.9399	0.9399	0.9399	0.9399	0.9399	0.9399	0.9399	0.9399	0.9399	0.9399	0.9399	0.9399	0.9399	0.9399	0.9399	0.9399	0.9399	0.9399	0.9399	0.9399	0.9399	0.9399	0.9399	0.9399	0.9399	0.9399	0.9399	0.9399	0.9399	0.9399	0.9399	0.9399	0.9399	0.9399	0.9399	0.9399	0.9399	0.9399	0.9399	0.9399	0.9399	0.9399	0.9399	0.9399	0.9399	0.9399	0.9399	0.9399	0.9399	0.9399	0.9399	0.9399	0.9399	0.9399	0.9399	0.9399	0.9399	0.9399	0.9399	0.9399	0.9399	0.9399	0.9399	0.9399	0.9399	0.9399	0.9399	0.9399	0.9399	0.9399	0.9399	0.9399	0.9399	0.9399	0.9399	0.9399	0.9399	0.9399	0.9399	0.9399	0.9399	0.9399	0.9399	0.9399	0.9399	0.9399	0.9399	0.9399	0.9399	0.9399	0.9399	0.9399	0.9399	0.9399	0.9399	0.9399	0.9399	0.9399	0.9399	0.9399	0.9399	0.9399	0.9399	0.9399	0.9399	0.9399	0.9399	0.9399	0.9399	0.9399	0.9399	0.9399	0.9399	0.9399	0.9399	0.9399	0.9399	0.9399	0.9399	0.9399	0.9399	0.9399	0.9399	0.9399	0.9399	0.9399	0.9399	0.9399	0.9399	0.9399	0.9399	0.9399	0.9399	0.9399	0.9399	0.9399	0.9399	0.9399	0.9399	0.9399	0.9399	0.9399	0.9399	0.9399	0.9399	0.9399	0.9399	0.9399	0.9399	0.9399	0.9399	0.9399	0.9399	0.9399	0.9399	0.9399	0.9399	0.9399	0.9399	0.9399	0.9399	0.9399	0.9399	0.9399	0.9399	0.9399	0.9399	0.9399	0.9399	0.9399	0.9399	0.9399	0.9399	0.9049	0.9399	0.9399	0.9399	0.9399	0.9399	0.9399	0.9399	0.9399	0.9399	0.9399	0.9399	0.9399	0.9399	0.9399	0.9399	0.9399	0.9399	0.9399	0.9399	0.9399	0.9399	0.9399	0.9399	0.9399	0.9399	0.9399	0.9399	0.9399	0.9399	0.9399	0.9399	0.9399	0.9399	0.9049	0.9399	0.9399	0.9399	0.9399	0.9399	0.9399	0.9399	0.9399	0.9399	0.9399	0.9399	0.9399	0.9399	0.9399	0.9399	0.9399	0.9399	0.9399	0.9399	0.9399	0.9399	0.9399	0.9399	0.9399	0.9399	0.9399	0.9399	0.9399	0.9399	0.9399	0.9399	0.9399	0.9399	0.9399	0.9399	0.9399	0.9399	0.9399	0.9399	0.9399	0.9399	0.9399	0.9399	0.9399	0.9399	0.9399	0.9399	0.9399	0.9399	0.9399	0.9399	0.9399	0.9399	0.9399	0.9399	0.9399	0.9399	0.9399	0.9399	0.9399	0.9399	0.9399	0.9399	0.9399	0.9399	0.9399	0.9049	0.9399	0.9399	0.9399	0.9399	0.9399	0.9399	0.9399	0.8823	0.8823	0.8823	0.8823	0.8823	0.8823	0.8823	0.8823	0.8823	0.8823	0.8823	0.8823	0.8823	0.8823	0.8823	0.8823	0.8823	0.8823	0.8823	0.8823	0.8823	0.8823	0.8823	0.8823	0.8823	0.8823	0.8823	0.8823	0.8823	0.8823	0.8823	0.8823	0.8823	0.8823	0.8823	0.8823	0.8823	0.8823	0.8823	0.8823	0.8823	0.8823	0.8823	0.8823	0.8823	0.8823	0.8823	0.8823	0.8823	0.8823	0.8823	0.8823	0.8823	0.8823	0.8823	0.8823	0.8823	0.8823	0.8823	0.8823	0.8823	0.8823	0.8823	0.8823	0.8823	0.8823	0.8823	0.8823	0.8823	0.8823	0.8823	0.8823	0.8823	0.8823	0.8823	0.8823	0.8823	0.8823	0.8823	0.8823	0.8823
66	0.0729	0.0729	0.0729	0.0729	0.0729	0.0288	0.0288	0.0288	0.0288	0.0288	0.0288	0.0288	0.0288	0.0288	0.0288	0.0288	0.0288	0.0288	0.9185	0.9185	0.9185	0.9185	0.9185	0.9185	0.9185	0.9185	0.9185	0.9185	0.9185	0.9185	0.9185	0.9185	0.9185	0.9185	0.9185	0.9185	0.9185	0.9185	0.9185	0.9185	0.9185	0.9185	0.9185	0.9185	0.9185	0.9185	0.9185	0.9185	0.9185	0.9185	0.9185	0.9185	0.9185	0.9185	0.9185	0.9185	0.9185	0.9185	0.9185	0.9185	0.9185	0.9185	0.9185	0.9185	0.9185	0.9185	0.9185	0.9185	0.9185	0.9185	0.9185	0.9185	0.9185	0.9185	0.9185	0.9185	0.9185	0.9185	0.9185	0.9185	0.9185	0.9185	0.9185	0.9185	0.9185	0.9185	0.9185	0.9185	0.9185	0.9185	0.9185	0.9185	0.9185	0.9002	0.9185	0.9185	0.9185	0.9185	0.9185	0.9185	0.9185	0.9185	0.9185	0.9185	0.9185	0.9185	0.9185	0.9185	0.9185	0.9185	0.9185	0.9185	0.9185	0.9185	0.9185	0.9185	0.9185	0.9185	0.9185	0.9185	0.9185	0.9185	0.9185	0.9185	0.9185	0.9185	0.9185	0.9185	0.9185	0.9185	0.9185	0.9185	0.9185	0.9185	0.9185	0.9185	0.9185	0.9185	0.9185	0.9185	0.9185	0.9185	0.9185	0.9185	0.9185	0.9185	0.9185	0.9185	0.9185	0.9185	0.9185	0.9185	0.9185	0.9185	0.9002	0.9185	0.9185	0.9185	0.9185	0.9185	0.9185	0.9185	0.9185	0.9185	0.9185	0.9185	0.9185	0.9185	0.9185	0.9185	0.9185	0.9185	0.9185	0.9185	0.9185	0.9185	0.9185	0.9185	0.9185	0.9185	0.9185	0.9185	0.9185	0.9185	0.9185	0.9185	0.9185	0.9185	0.9185	0.9185	0.9185	0.9185	0.9185	0.9185	0.9185	0.9185	0.9185	0.9185	0.9185	0.9185	0.9185	0.9185	0.9185	0.9185	0.9185	0.9185	0.9185	0.9185	0.9185	0.9185	0.9185	0.9185	0.9185	0.9185	0.9185	0.9185	0.9185	0.9185	0.9185	0.9185	0.9185	0.9185	0.9185	0.9185	0.9185	0.9185	0.9185	0.9185	0.9185	0.9185	0.9185	0.9185	0.9185	0.9185	0.9185	0.9185	0.9185	0.9185	0.9185	0.9185	0.9185	0.9185	0.9185	0.9185	0.9185	0.9185	0.9185	0.9185	0.9185	0.9185	0.9185	0.9185	0.9185	0.9185	0.9185	0.9185	0.9185	0.9185	0.9185	0.9185	0.9185	0.9185	0.9185	0.9185	0.9185	0.9185	0.9185	0.9185	0.9185	0.9185	0.9185	0.9185	0.9185	0.9185	0.9185	0.9185	0.9185	0.9185	0.9185	0.9185	0.9185	0.9185	0.9185	0.9185	0.9185	0.9185	0.9185	0.9185	0.9185	0.9185	0.9185	0.9185	0.9185	0.9185	0.9185	0.9185	0.9185	0.9185	0.9185	0.9185	0.9185	0.9185	0.9185	0.9185	0.9185	0.9185	0.9185	0.9185	0.9185	0.9185	0.9185	0.9185	0.9185	0.9185	0.9185	0.9185	0.9185	0.9185	0.9185	0.9185	0.9185	0.9185	0.9185	0.9185	0.9185	0.9185	0.9185	0.9185	0.9185	0.9185	0.9185	0.9185	0.9185	0.9185	0.9185	0.9185	0.9185	0.9185	0.9185	0.9185	0.9185	0.9185	0.9185	0.9185	0.9185	0.9185	0.9185	0.9185	0.9185	0.9185	0.9185	0.9185	0.9185	0.9185	0.9185	0.9185	0.9185	0.9185	0.9185	0.9185	0.9185	0.9185	0.9185	0.9185	0.9185	0.9185	0.9185	0.9185	0.9185	0.9185	0.9185	0.9185	0.9185	0.9185	0.9185	0.9185	0.9185	0.9185	0.9185	0.9185	0.9185	0.9185	0.9185	0.9185	0.9185	0.9185	0.9185	0.9185	0.9185	0.9185	0.9185	0.9185	0.9185	0.9185	0.9185	0.9185	0.9185	0.9185	0.9185	0.9185	0.9185	0.9185	0.9185	0.9185	0.9185	0.9185	0.9185	0.9185	0.9185	0.9185	0.9002	0.9185	0.9185	0.9185	0.9185	0.9185	0.9185	0.9185	0.9185	0.9185	0.9185	0.9185	0.9185	0.9185	0.9185	0.9185	0.9185	0.9185	0.9185	0.9185	0.9185	0.9185	0.9185	0.9185	0.9185	0.9185	0.9185	0.9185	0.9185	0.9185	0.9185	0.9185	0.9185	0.9185	0.9002	0.9185	0.9185	0.9185	0.9185	0.9185	0.9185	0.9185	0.9185	0.9185	0.9185	0.9185	0.9185	0.9185	0.9185	0.9185	0.9185	0.9185	0.9185	0.9185	0.9185	0.9185	0.9185	0.9185	0.9185	0.9185	0.9185	0.9185	0.9185	0.9185	0.9185	0.9185	0.9185	0.9185	0.9185	0.9185	0.9185	0.9185	0.9185	0.9185	0.9185	0.9185	0.9185	0.9185	0.9185	0.9185	0.9185	0.9185	0.9185	0.9185	0.9185	0.9185	0.9185	0.9185	0.9185	0.9185	0.9185	0.9185	0.9185	0.9185	0.9185	0.9185	0.9185	0.9185	0.9185	0.9185	0.9185	0.9002	0.9185	0.9185	0.9185	0.9185	0.9185	0.9185	0.9185	0.9256	0.9256	0.9256	0.9256	0.9256	0.9256	0.9256	0.9256	0.9256	0.9256	0.9256	0.9256	0.9256	0.9256	0.9256	0.9256	0.9256	0.9256	0.9256	0.9256	0.9256	0.9256	0.9256	0.9256	0.9256	0.9256	0.9256	0.9256	0.9256	0.9256	0.9256	0.9256	0.9256	0.9256	0.9256	0.9256	0.9256	0.9256	0.9256	0.9256	0.9256	0.9256	0.9256	0.9256	0.9256	0.9256	0.9256	0.9256	0.9256	0.9256	0.9256	0.9256	0.9256	0.9256	0.9256	0.9256	0.9256	0.9256	0.9256	0.9256	0.9256	0.9256	0.9256	0.9256	0.9256	0.9256	0.9256	0.9256	0.9256	0.9256	0.9256	0.9256	0.9256	0.9256	0.9256	0.9256	0.9256	0.9256	0.9256	0.9256	0.9256
