	6	6	6	6	6	6	6	6	6	6	6	6	6	6	6	6	6	6	6	6	6	6	6	6	6	3	3	3	3	3	3	3	3	3	3	3	3	3	3	3	3	3	3	3	3	3	3	3	3	3	3	3	3	3	3	3	3	3	3	3	3	3	3	3	3	3	3	3	3	3	3	3	3	3	3	3	3	3	3	3	3	3	3	3	3	3	3	3	3	3	3	3	3	3	3	3	3	3	3	3	3	3	3	3	3	3	3	3	3	3	3	3	3	3	3	3	3	3	3	3	3	3	3	3	3	3	3	3	3	3	3	3	3	3	3	3	3	3	3	3	3	3	5	5	5	5	5	5	5	5	5	5	5	5	5	5	5	5	5	5	5	5	5	5	5	5	5	5	5	5	5	5	5	5	5	5	5	5	5	5	5	5	5	5	5	5	5	5	5	5	5	5	5	5	5	5	5	5	5	5	5	5	5	5	5	5	5	5	5	5	5	5	5	5	5	5	5	5	5	5	5	5	5	5	5	5	5	5	5	5	5	5	5	5	5	5	4	4	4	4	4	4	4	4	4	4	4	4	4	4	4	4	4	4	4	4	4	4	4	4	4	4	4	4	4	4	4	4	4	4	4	4	4	4	4	4	4	4	4	4	4	4	4	4	4	4	4	4	4	4	4	4	4	4	4	4	4	4	4	4	4	4	4	4	4	4	4	4	4	4	4	4	4	4	4	4	4	4	4	4	4	4	4	4	4	4	4	4	4	4	0	0	0	0	0	2	0	0	0	0	0	0	0	0	0	0	0	0	0	0	0	0	0	0	0	0	0	0	0	0	0	0	0	0	0	0	0	0	0	0	0	0	0	0	0	0	0	0	0	0	0	0	0	0	0	0	0	0	0	0	0	0	0	0	0	0	0	0	0	0	0	0	0	0	0	0	0	0	1	0	2	2	2	2	2	2	2	2	2	2	2	2	2	2	2	2	2	2	2	2	2	2	2	2	2	2	2	2	2	2	2	2	2	2	2	2	1	2	2	2	2	2	2	2	2	2	2	2	2	2	2	2	2	2	2	2	2	2	2	2	2	2	2	2	2	2	2	2	2	2	2	2	2	2	2	2	2	2	2	2	2	2	2	2	2	2	2	2	2	2	2	2	2	2	2	2	2	2	2	2	2	2	2	2	2	2	2	2	2	2	2	2	2	2	2	2	2	2	2	2	2	2	2	2	2	2	2	2	2	2	2	2	2	2	2	2	2	2	2	2	2	2	2	2	2	2	2	2	2	2	2	2	2	2	2	2	2	2	2	2	2	2	2	2	2	2	2	2	2	2	2	2	2	2	2	2	7	7	7	7	7	7	7	7	7	7	7	7	7	7
0	0.84	0.84	0.84	0.84	0.84	0.84	0.84	0.84	0.84	0.84	0.84	0.84	0.84	0.84	0.84	0.84	0.84	0.84	0.84	0.84	0.84	0.84	0.84	0.84	0.84	0.9576	0.9576	0.9576	0.9576	0.9576	0.9576	0.9576	0.9576	0.9576	0.9576	0.9576	0.9576	0.9576	0.9576	0.9576	0.9576	0.9576	0.9576	0.9576	0.9576	0.9576	0.9576	0.9576	0.9576	0.9576	0.9576	0.9576	0.9576	0.9576	0.9576	0.9576	0.9576	0.9576	0.9576	0.9576	0.9576	0.9576	0.9576	0.9576	0.9576	0.9576	0.9576	0.9576	0.9576	0.9576	0.9576	0.9576	0.9576	0.9576	0.9576	0.9576	0.9576	0.9576	0.9576	0.9576	0.9576	0.9576	0.9576	0.9576	0.9576	0.9576	0.9576	0.9576	0.9576	0.9576	0.9576	0.9576	0.9576	0.9576	0.9576	0.9576	0.9576	0.9576	0.9576	0.9576	0.9576	0.9576	0.9576	0.9576	0.9576	0.9576	0.9576	0.9576	0.9576	0.9576	0.9576	0.9576	0.9576	0.9576	0.9576	0.9576	0.9576	0.9576	0.9576	0.9576	0.9576	0.9576	0.9576	0.9576	0.9576	0.9576	0.9576	0.9576	0.9576	0.9576	0.9576	0.9576	0.9576	0.9576	0.9576	0.9576	0.9576	0.9576	0.9576	0.9576	0.9576	0.9576	0.9521	0.9521	0.9521	0.9521	0.9521	0.9521	0.9521	0.9521	0.9521	0.9521	0.9521	0.9521	0.9521	0.9521	0.9521	0.9521	0.9521	0.9521	0.9521	0.9521	0.9521	0.9521	0.9521	0.9521	0.9521	0.9521	0.9521	0.9521	0.9521	0.9521	0.9521	0.9521	0.9521	0.9521	0.9521	0.9521	0.9521	0.9521	0.9521	0.9521	0.9521	0.9521	0.9521	0.9521	0.9521	0.9521	0.9521	0.9521	0.9521	0.9521	0.9521	0.9521	0.9521	0.9521	0.9521	0.9521	0.9521	0.9521	0.9521	0.9521	0.9521	0.9521	0.9521	0.9521	0.9521	0.9521	0.9521	0.9521	0.9521	0.9521	0.9521	0.9521	0.9521	0.9521	0.9521	0.9521	0.9521	0.9521	0.9521	0.9521	0.9521	0.9521	0.9521	0.9521	0.9521	0.9521	0.9521	0.9521	0.9521	0.9521	0.9521	0.9521	0.9521	0.9521	0.9601	0.9601	0.9601	0.9601	0.9601	0.9601	0.9601	0.9601	0.9601	0.9601	0.9601	0.9601	0.9601	0.9601	0.9601	0.9601	0.9601	0.9601	0.9601	0.9601	0.9601	0.9601	0.9601	0.9601	0.9601	0.9601	0.9601	0.9601	0.9601	0.9601	0.9601	0.9601	0.9601	0.9601	0.9601	0.9601	0.9601	0.9601	0.9601	0.9601	0.9601	0.9601	0.9601	0.9601	0.9601	0.9601	0.9601	0.9601	0.9601	0.9601	0.9601	0.9601	0.9601	0.9601	0.9601	0.9601	0.9601	0.9601	0.9601	0.9601	0.9601	0.9601	0.9601	0.9601	0.9601	0.9601	0.9601	0.9601	0.9601	0.9601	0.9601	0.9601	0.9601	0.9601	0.9601	0.9601	0.9601	0.9601	0.9601	0.9601	0.9601	0.9601	0.9601	0.9601	0.9601	0.9601	0.9601	0.9601	0.9601	0.9601	0.9601	0.9601	0.9601	0.9601	0.0155	0.0155	0.0155	0.0155	0.0155	0.028	0.0155	0.0155	0.0155	0.0155	0.0155	0.0155	0.0155	0.0155	0.0155	0.0155	0.0155	0.0155	0.0155	0.0155	0.0155	0.0155	0.0155	0.0155	0.0155	0.0155	0.0155	0.0155	0.0155	0.0155	0.0155	0.0155	0.0155	0.0155	0.0155	0.0155	0.0155	0.0155	0.0155	0.0155	0.0155	0.0155	0.0155	0.0155	0.0155	0.0155	0.0155	0.0155	0.0155	0.0155	0.0155	0.0155	0.0155	0.0155	0.0155	0.0155	0.0155	0.0155	0.0155	0.0155	0.0155	0.0155	0.0155	0.0155	0.0155	0.0155	0.0155	0.0155	0.0155	0.0155	0.0155	0.0155	0.0155	0.0155	0.0155	0.0155	0.0155	0.0155	0.023	0.0155	0.028	0.028	0.028	0.028	0.028	0.028	0.028	0.028	0.028	0.028	0.028	0.028	0.028	0.028	0.028	0.028	0.028	0.028	0.028	0.028	0.028	0.028	0.028	0.028	0.028	0.028	0.028	0.028	0.028	0.028	0.028	0.028	0.028	0.028	0.028	0.028	0.023	0.028	0.028	0.028	0.028	0.028	0.028	0.028	0.028	0.028	0.028	0.028	0.028	0.028	0.028	0.028	0.028	0.028	0.028	0.028	0.028	0.028	0.028	0.028	0.028	0.028	0.028	0.028	0.028	0.028	0.028	0.028	0.028	0.028	0.028	0.028	0.028	0.028	0.028	0.028	0.028	0.028	0.028	0.028	0.028	0.028	0.028	0.028	0.028	0.028	0.028	0.028	0.028	0.028	0.028	0.028	0.028	0.028	0.028	0.028	0.028	0.028	0.028	0.028	0.028	0.028	0.028	0.028	0.028	0.028	0.028	0.028	0.028	0.028	0.028	0.028	0.028	0.028	0.028	0.028	0.028	0.028	0.028	0.028	0.028	0.028	0.028	0.028	0.028	0.028	0.028	0.028	0.028	0.028	0.028	0.028	0.028	0.028	0.028	0.028	0.028	0.028	0.028	0.028	0.028	0.028	0.028	0.028	0.028	0.028	0.028	0.028	0.028	0.028	0.028	0.028	0.028	0.028	0.028	0.028	0.028	0.028	0.028	0.028	0.028	0.028	0.028	0.028	0.028	0.028	0.028	0.028	0.028	0.028	0.028	0.028	0.028	0.028	0.028	0.028	0.0259	0.0259	0.0259	0.0259	0.0259	0.0259	0.0259	0.0259	0.0259	0.0259	0.0259	0.0259	0.0259	0.0259
1	0.803	0.803	0.803	0.803	0.803	0.803	0.803	0.803	0.803	0.803	0.803	0.803	0.803	0.803	0.803	0.803	0.803	0.803	0.803	0.803	0.803	0.803	0.803	0.803	0.803	0.9513	0.9513	0.9513	0.9513	0.9513	0.9513	0.9513	0.9513	0.9513	0.9513	0.9513	0.9513	0.9513	0.9513	0.9513	0.9513	0.9513	0.9513	0.9513	0.9513	0.9513	0.9513	0.9513	0.9513	0.9513	0.9513	0.9513	0.9513	0.9513	0.9513	0.9513	0.9513	0.9513	0.9513	0.9513	0.9513	0.9513	0.9513	0.9513	0.9513	0.9513	0.9513	0.9513	0.9513	0.9513	0.9513	0.9513	0.9513	0.9513	0.9513	0.9513	0.9513	0.9513	0.9513	0.9513	0.9513	0.9513	0.9513	0.9513	0.9513	0.9513	0.9513	0.9513	0.9513	0.9513	0.9513	0.9513	0.9513	0.9513	0.9513	0.9513	0.9513	0.9513	0.9513	0.9513	0.9513	0.9513	0.9513	0.9513	0.9513	0.9513	0.9513	0.9513	0.9513	0.9513	0.9513	0.9513	0.9513	0.9513	0.9513	0.9513	0.9513	0.9513	0.9513	0.9513	0.9513	0.9513	0.9513	0.9513	0.9513	0.9513	0.9513	0.9513	0.9513	0.9513	0.9513	0.9513	0.9513	0.9513	0.9513	0.9513	0.9513	0.9513	0.9513	0.9513	0.9513	0.9513	0.9367	0.9367	0.9367	0.9367	0.9367	0.9367	0.9367	0.9367	0.9367	0.9367	0.9367	0.9367	0.9367	0.9367	0.9367	0.9367	0.9367	0.9367	0.9367	0.9367	0.9367	0.9367	0.9367	0.9367	0.9367	0.9367	0.9367	0.9367	0.9367	0.9367	0.9367	0.9367	0.9367	0.9367	0.9367	0.9367	0.9367	0.9367	0.9367	0.9367	0.9367	0.9367	0.9367	0.9367	0.9367	0.9367	0.9367	0.9367	0.9367	0.9367	0.9367	0.9367	0.9367	0.9367	0.9367	0.9367	0.9367	0.9367	0.9367	0.9367	0.9367	0.9367	0.9367	0.9367	0.9367	0.9367	0.9367	0.9367	0.9367	0.9367	0.9367	0.9367	0.9367	0.9367	0.9367	0.9367	0.9367	0.9367	0.9367	0.9367	0.9367	0.9367	0.9367	0.9367	0.9367	0.9367	0.9367	0.9367	0.9367	0.9367	0.9367	0.9367	0.9367	0.9367	0.85	0.85	0.85	0.85	0.85	0.85	0.85	0.85	0.85	0.85	0.85	0.85	0.85	0.85	0.85	0.85	0.85	0.85	0.85	0.85	0.85	0.85	0.85	0.85	0.85	0.85	0.85	0.85	0.85	0.85	0.85	0.85	0.85	0.85	0.85	0.85	0.85	0.85	0.85	0.85	0.85	0.85	0.85	0.85	0.85	0.85	0.85	0.85	0.85	0.85	0.85	0.85	0.85	0.85	0.85	0.85	0.85	0.85	0.85	0.85	0.85	0.85	0.85	0.85	0.85	0.85	0.85	0.85	0.85	0.85	0.85	0.85	0.85	0.85	0.85	0.85	0.85	0.85	0.85	0.85	0.85	0.85	0.85	0.85	0.85	0.85	0.85	0.85	0.85	0.85	0.85	0.85	0.85	0.85	0.0161	0.0161	0.0161	0.0161	0.0161	0.0013	0.0161	0.0161	0.0161	0.0161	0.0161	0.0161	0.0161	0.0161	0.0161	0.0161	0.0161	0.0161	0.0161	0.0161	0.0161	0.0161	0.0161	0.0161	0.0161	0.0161	0.0161	0.0161	0.0161	0.0161	0.0161	0.0161	0.0161	0.0161	0.0161	0.0161	0.0161	0.0161	0.0161	0.0161	0.0161	0.0161	0.0161	0.0161	0.0161	0.0161	0.0161	0.0161	0.0161	0.0161	0.0161	0.0161	0.0161	0.0161	0.0161	0.0161	0.0161	0.0161	0.0161	0.0161	0.0161	0.0161	0.0161	0.0161	0.0161	0.0161	0.0161	0.0161	0.0161	0.0161	0.0161	0.0161	0.0161	0.0161	0.0161	0.0161	0.0161	0.0161	0.0071	0.0161	0.0013	0.0013	0.0013	0.0013	0.0013	0.0013	0.0013	0.0013	0.0013	0.0013	0.0013	0.0013	0.0013	0.0013	0.0013	0.0013	0.0013	0.0013	0.0013	0.0013	0.0013	0.0013	0.0013	0.0013	0.0013	0.0013	0.0013	0.0013	0.0013	0.0013	0.0013	0.0013	0.0013	0.0013	0.0013	0.0013	0.0071	0.0013	0.0013	0.0013	0.0013	0.0013	0.0013	0.0013	0.0013	0.0013	0.0013	0.0013	0.0013	0.0013	0.0013	0.0013	0.0013	0.0013	0.0013	0.0013	0.0013	0.0013	0.0013	0.0013	0.0013	0.0013	0.0013	0.0013	0.0013	0.0013	0.0013	0.0013	0.0013	0.0013	0.0013	0.0013	0.0013	0.0013	0.0013	0.0013	0.0013	0.0013	0.0013	0.0013	0.0013	0.0013	0.0013	0.0013	0.0013	0.0013	0.0013	0.0013	0.0013	0.0013	0.0013	0.0013	0.0013	0.0013	0.0013	0.0013	0.0013	0.0013	0.0013	0.0013	0.0013	0.0013	0.0013	0.0013	0.0013	0.0013	0.0013	0.0013	0.0013	0.0013	0.0013	0.0013	0.0013	0.0013	0.0013	0.0013	0.0013	0.0013	0.0013	0.0013	0.0013	0.0013	0.0013	0.0013	0.0013	0.0013	0.0013	0.0013	0.0013	0.0013	0.0013	0.0013	0.0013	0.0013	0.0013	0.0013	0.0013	0.0013	0.0013	0.0013	0.0013	0.0013	0.0013	0.0013	0.0013	0.0013	0.0013	0.0013	0.0013	0.0013	0.0013	0.0013	0.0013	0.0013	0.0013	0.0013	0.0013	0.0013	0.0013	0.0013	0.0013	0.0013	0.0013	0.0013	0.0013	0.0013	0.0013	0.0013	0.0013	0.0013	0.0013	0.0013	0.0013	0.0013	0.0013	0.0013	0.0178	0.0178	0.0178	0.0178	0.0178	0.0178	0.0178	0.0178	0.0178	0.0178	0.0178	0.0178	0.0178	0.0178
2	0.7962	0.7962	0.7962	0.7962	0.7962	0.7962	0.7962	0.7962	0.7962	0.7962	0.7962	0.7962	0.7962	0.7962	0.7962	0.7962	0.7962	0.7962	0.7962	0.7962	0.7962	0.7962	0.7962	0.7962	0.7962	0.9076	0.9076	0.9076	0.9076	0.9076	0.9076	0.9076	0.9076	0.9076	0.9076	0.9076	0.9076	0.9076	0.9076	0.9076	0.9076	0.9076	0.9076	0.9076	0.9076	0.9076	0.9076	0.9076	0.9076	0.9076	0.9076	0.9076	0.9076	0.9076	0.9076	0.9076	0.9076	0.9076	0.9076	0.9076	0.9076	0.9076	0.9076	0.9076	0.9076	0.9076	0.9076	0.9076	0.9076	0.9076	0.9076	0.9076	0.9076	0.9076	0.9076	0.9076	0.9076	0.9076	0.9076	0.9076	0.9076	0.9076	0.9076	0.9076	0.9076	0.9076	0.9076	0.9076	0.9076	0.9076	0.9076	0.9076	0.9076	0.9076	0.9076	0.9076	0.9076	0.9076	0.9076	0.9076	0.9076	0.9076	0.9076	0.9076	0.9076	0.9076	0.9076	0.9076	0.9076	0.9076	0.9076	0.9076	0.9076	0.9076	0.9076	0.9076	0.9076	0.9076	0.9076	0.9076	0.9076	0.9076	0.9076	0.9076	0.9076	0.9076	0.9076	0.9076	0.9076	0.9076	0.9076	0.9076	0.9076	0.9076	0.9076	0.9076	0.9076	0.9076	0.9076	0.9076	0.9076	0.9076	0.9565	0.9565	0.9565	0.9565	0.9565	0.9565	0.9565	0.9565	0.9565	0.9565	0.9565	0.9565	0.9565	0.9565	0.9565	0.9565	0.9565	0.9565	0.9565	0.9565	0.9565	0.9565	0.9565	0.9565	0.9565	0.9565	0.9565	0.9565	0.9565	0.9565	0.9565	0.9565	0.9565	0.9565	0.9565	0.9565	0.9565	0.9565	0.9565	0.9565	0.9565	0.9565	0.9565	0.9565	0.9565	0.9565	0.9565	0.9565	0.9565	0.9565	0.9565	0.9565	0.9565	0.9565	0.9565	0.9565	0.9565	0.9565	0.9565	0.9565	0.9565	0.9565	0.9565	0.9565	0.9565	0.9565	0.9565	0.9565	0.9565	0.9565	0.9565	0.9565	0.9565	0.9565	0.9565	0.9565	0.9565	0.9565	0.9565	0.9565	0.9565	0.9565	0.9565	0.9565	0.9565	0.9565	0.9565	0.9565	0.9565	0.9565	0.9565	0.9565	0.9565	0.9565	0.9752	0.9752	0.9752	0.9752	0.9752	0.9752	0.9752	0.9752	0.9752	0.9752	0.9752	0.9752	0.9752	0.9752	0.9752	0.9752	0.9752	0.9752	0.9752	0.9752	0.9752	0.9752	0.9752	0.9752	0.9752	0.9752	0.9752	0.9752	0.9752	0.9752	0.9752	0.9752	0.9752	0.9752	0.9752	0.9752	0.9752	0.9752	0.9752	0.9752	0.9752	0.9752	0.9752	0.9752	0.9752	0.9752	0.9752	0.9752	0.9752	0.9752	0.9752	0.9752	0.9752	0.9752	0.9752	0.9752	0.9752	0.9752	0.9752	0.9752	0.9752	0.9752	0.9752	0.9752	0.9752	0.9752	0.9752	0.9752	0.9752	0.9752	0.9752	0.9752	0.9752	0.9752	0.9752	0.9752	0.9752	0.9752	0.9752	0.9752	0.9752	0.9752	0.9752	0.9752	0.9752	0.9752	0.9752	0.9752	0.9752	0.9752	0.9752	0.9752	0.9752	0.9752	0.0257	0.0257	0.0257	0.0257	0.0257	0.0139	0.0257	0.0257	0.0257	0.0257	0.0257	0.0257	0.0257	0.0257	0.0257	0.0257	0.0257	0.0257	0.0257	0.0257	0.0257	0.0257	0.0257	0.0257	0.0257	0.0257	0.0257	0.0257	0.0257	0.0257	0.0257	0.0257	0.0257	0.0257	0.0257	0.0257	0.0257	0.0257	0.0257	0.0257	0.0257	0.0257	0.0257	0.0257	0.0257	0.0257	0.0257	0.0257	0.0257	0.0257	0.0257	0.0257	0.0257	0.0257	0.0257	0.0257	0.0257	0.0257	0.0257	0.0257	0.0257	0.0257	0.0257	0.0257	0.0257	0.0257	0.0257	0.0257	0.0257	0.0257	0.0257	0.0257	0.0257	0.0257	0.0257	0.0257	0.0257	0.0257	0.0173	0.0257	0.0139	0.0139	0.0139	0.0139	0.0139	0.0139	0.0139	0.0139	0.0139	0.0139	0.0139	0.0139	0.0139	0.0139	0.0139	0.0139	0.0139	0.0139	0.0139	0.0139	0.0139	0.0139	0.0139	0.0139	0.0139	0.0139	0.0139	0.0139	0.0139	0.0139	0.0139	0.0139	0.0139	0.0139	0.0139	0.0139	0.0173	0.0139	0.0139	0.0139	0.0139	0.0139	0.0139	0.0139	0.0139	0.0139	0.0139	0.0139	0.0139	0.0139	0.0139	0.0139	0.0139	0.0139	0.0139	0.0139	0.0139	0.0139	0.0139	0.0139	0.0139	0.0139	0.0139	0.0139	0.0139	0.0139	0.0139	0.0139	0.0139	0.0139	0.0139	0.0139	0.0139	0.0139	0.0139	0.0139	0.0139	0.0139	0.0139	0.0139	0.0139	0.0139	0.0139	0.0139	0.0139	0.0139	0.0139	0.0139	0.0139	0.0139	0.0139	0.0139	0.0139	0.0139	0.0139	0.0139	0.0139	0.0139	0.0139	0.0139	0.0139	0.0139	0.0139	0.0139	0.0139	0.0139	0.0139	0.0139	0.0139	0.0139	0.0139	0.0139	0.0139	0.0139	0.0139	0.0139	0.0139	0.0139	0.0139	0.0139	0.0139	0.0139	0.0139	0.0139	0.0139	0.0139	0.0139	0.0139	0.0139	0.0139	0.0139	0.0139	0.0139	0.0139	0.0139	0.0139	0.0139	0.0139	0.0139	0.0139	0.0139	0.0139	0.0139	0.0139	0.0139	0.0139	0.0139	0.0139	0.0139	0.0139	0.0139	0.0139	0.0139	0.0139	0.0139	0.0139	0.0139	0.0139	0.0139	0.0139	0.0139	0.0139	0.0139	0.0139	0.0139	0.0139	0.0139	0.0139	0.0139	0.0139	0.0139	0.0139	0.0139	0.0139	0.0139	0.0139	0.0286	0.0286	0.0286	0.0286	0.0286	0.0286	0.0286	0.0286	0.0286	0.0286	0.0286	0.0286	0.0286	0.0286
3	0.9536	0.9536	0.9536	0.9536	0.9536	0.9536	0.9536	0.9536	0.9536	0.9536	0.9536	0.9536	0.9536	0.9536	0.9536	0.9536	0.9536	0.9536	0.9536	0.9536	0.9536	0.9536	0.9536	0.9536	0.9536	0.8908	0.8908	0.8908	0.8908	0.8908	0.8908	0.8908	0.8908	0.8908	0.8908	0.8908	0.8908	0.8908	0.8908	0.8908	0.8908	0.8908	0.8908	0.8908	0.8908	0.8908	0.8908	0.8908	0.8908	0.8908	0.8908	0.8908	0.8908	0.8908	0.8908	0.8908	0.8908	0.8908	0.8908	0.8908	0.8908	0.8908	0.8908	0.8908	0.8908	0.8908	0.8908	0.8908	0.8908	0.8908	0.8908	0.8908	0.8908	0.8908	0.8908	0.8908	0.8908	0.8908	0.8908	0.8908	0.8908	0.8908	0.8908	0.8908	0.8908	0.8908	0.8908	0.8908	0.8908	0.8908	0.8908	0.8908	0.8908	0.8908	0.8908	0.8908	0.8908	0.8908	0.8908	0.8908	0.8908	0.8908	0.8908	0.8908	0.8908	0.8908	0.8908	0.8908	0.8908	0.8908	0.8908	0.8908	0.8908	0.8908	0.8908	0.8908	0.8908	0.8908	0.8908	0.8908	0.8908	0.8908	0.8908	0.8908	0.8908	0.8908	0.8908	0.8908	0.8908	0.8908	0.8908	0.8908	0.8908	0.8908	0.8908	0.8908	0.8908	0.8908	0.8908	0.8908	0.8908	0.8908	0.8457	0.8457	0.8457	0.8457	0.8457	0.8457	0.8457	0.8457	0.8457	0.8457	0.8457	0.8457	0.8457	0.8457	0.8457	0.8457	0.8457	0.8457	0.8457	0.8457	0.8457	0.8457	0.8457	0.8457	0.8457	0.8457	0.8457	0.8457	0.8457	0.8457	0.8457	0.8457	0.8457	0.8457	0.8457	0.8457	0.8457	0.8457	0.8457	0.8457	0.8457	0.8457	0.8457	0.8457	0.8457	0.8457	0.8457	0.8457	0.8457	0.8457	0.8457	0.8457	0.8457	0.8457	0.8457	0.8457	0.8457	0.8457	0.8457	0.8457	0.8457	0.8457	0.8457	0.8457	0.8457	0.8457	0.8457	0.8457	0.8457	0.8457	0.8457	0.8457	0.8457	0.8457	0.8457	0.8457	0.8457	0.8457	0.8457	0.8457	0.8457	0.8457	0.8457	0.8457	0.8457	0.8457	0.8457	0.8457	0.8457	0.8457	0.8457	0.8457	0.8457	0.8457	0.9635	0.9635	0.9635	0.9635	0.9635	0.9635	0.9635	0.9635	0.9635	0.9635	0.9635	0.9635	0.9635	0.9635	0.9635	0.9635	0.9635	0.9635	0.9635	0.9635	0.9635	0.9635	0.9635	0.9635	0.9635	0.9635	0.9635	0.9635	0.9635	0.9635	0.9635	0.9635	0.9635	0.9635	0.9635	0.9635	0.9635	0.9635	0.9635	0.9635	0.9635	0.9635	0.9635	0.9635	0.9635	0.9635	0.9635	0.9635	0.9635	0.9635	0.9635	0.9635	0.9635	0.9635	0.9635	0.9635	0.9635	0.9635	0.9635	0.9635	0.9635	0.9635	0.9635	0.9635	0.9635	0.9635	0.9635	0.9635	0.9635	0.9635	0.9635	0.9635	0.9635	0.9635	0.9635	0.9635	0.9635	0.9635	0.9635	0.9635	0.9635	0.9635	0.9635	0.9635	0.9635	0.9635	0.9635	0.9635	0.9635	0.9635	0.9635	0.9635	0.9635	0.9635	0.006	0.006	0.006	0.006	0.006	0.0016	0.006	0.006	0.006	0.006	0.006	0.006	0.006	0.006	0.006	0.006	0.006	0.006	0.006	0.006	0.006	0.006	0.006	0.006	0.006	0.006	0.006	0.006	0.006	0.006	0.006	0.006	0.006	0.006	0.006	0.006	0.006	0.006	0.006	0.006	0.006	0.006	0.006	0.006	0.006	0.006	0.006	0.006	0.006	0.006	0.006	0.006	0.006	0.006	0.006	0.006	0.006	0.006	0.006	0.006	0.006	0.006	0.006	0.006	0.006	0.006	0.006	0.006	0.006	0.006	0.006	0.006	0.006	0.006	0.006	0.006	0.006	0.006	0.0066	0.006	0.0016	0.0016	0.0016	0.0016	0.0016	0.0016	0.0016	0.0016	0.0016	0.0016	0.0016	0.0016	0.0016	0.0016	0.0016	0.0016	0.0016	0.0016	0.0016	0.0016	0.0016	0.0016	0.0016	0.0016	0.0016	0.0016	0.0016	0.0016	0.0016	0.0016	0.0016	0.0016	0.0016	0.0016	0.0016	0.0016	0.0066	0.0016	0.0016	0.0016	0.0016	0.0016	0.0016	0.0016	0.0016	0.0016	0.0016	0.0016	0.0016	0.0016	0.0016	0.0016	0.0016	0.0016	0.0016	0.0016	0.0016	0.0016	0.0016	0.0016	0.0016	0.0016	0.0016	0.0016	0.0016	0.0016	0.0016	0.0016	0.0016	0.0016	0.0016	0.0016	0.0016	0.0016	0.0016	0.0016	0.0016	0.0016	0.0016	0.0016	0.0016	0.0016	0.0016	0.0016	0.0016	0.0016	0.0016	0.0016	0.0016	0.0016	0.0016	0.0016	0.0016	0.0016	0.0016	0.0016	0.0016	0.0016	0.0016	0.0016	0.0016	0.0016	0.0016	0.0016	0.0016	0.0016	0.0016	0.0016	0.0016	0.0016	0.0016	0.0016	0.0016	0.0016	0.0016	0.0016	0.0016	0.0016	0.0016	0.0016	0.0016	0.0016	0.0016	0.0016	0.0016	0.0016	0.0016	0.0016	0.0016	0.0016	0.0016	0.0016	0.0016	0.0016	0.0016	0.0016	0.0016	0.0016	0.0016	0.0016	0.0016	0.0016	0.0016	0.0016	0.0016	0.0016	0.0016	0.0016	0.0016	0.0016	0.0016	0.0016	0.0016	0.0016	0.0016	0.0016	0.0016	0.0016	0.0016	0.0016	0.0016	0.0016	0.0016	0.0016	0.0016	0.0016	0.0016	0.0016	0.0016	0.0016	0.0016	0.0016	0.0016	0.0016	0.0016	0.0016	0.0375	0.0375	0.0375	0.0375	0.0375	0.0375	0.0375	0.0375	0.0375	0.0375	0.0375	0.0375	0.0375	0.0375
4	0.9408	0.9408	0.9408	0.9408	0.9408	0.9408	0.9408	0.9408	0.9408	0.9408	0.9408	0.9408	0.9408	0.9408	0.9408	0.9408	0.9408	0.9408	0.9408	0.9408	0.9408	0.9408	0.9408	0.9408	0.9408	0.9734	0.9734	0.9734	0.9734	0.9734	0.9734	0.9734	0.9734	0.9734	0.9734	0.9734	0.9734	0.9734	0.9734	0.9734	0.9734	0.9734	0.9734	0.9734	0.9734	0.9734	0.9734	0.9734	0.9734	0.9734	0.9734	0.9734	0.9734	0.9734	0.9734	0.9734	0.9734	0.9734	0.9734	0.9734	0.9734	0.9734	0.9734	0.9734	0.9734	0.9734	0.9734	0.9734	0.9734	0.9734	0.9734	0.9734	0.9734	0.9734	0.9734	0.9734	0.9734	0.9734	0.9734	0.9734	0.9734	0.9734	0.9734	0.9734	0.9734	0.9734	0.9734	0.9734	0.9734	0.9734	0.9734	0.9734	0.9734	0.9734	0.9734	0.9734	0.9734	0.9734	0.9734	0.9734	0.9734	0.9734	0.9734	0.9734	0.9734	0.9734	0.9734	0.9734	0.9734	0.9734	0.9734	0.9734	0.9734	0.9734	0.9734	0.9734	0.9734	0.9734	0.9734	0.9734	0.9734	0.9734	0.9734	0.9734	0.9734	0.9734	0.9734	0.9734	0.9734	0.9734	0.9734	0.9734	0.9734	0.9734	0.9734	0.9734	0.9734	0.9734	0.9734	0.9734	0.9734	0.9734	0.9279	0.9279	0.9279	0.9279	0.9279	0.9279	0.9279	0.9279	0.9279	0.9279	0.9279	0.9279	0.9279	0.9279	0.9279	0.9279	0.9279	0.9279	0.9279	0.9279	0.9279	0.9279	0.9279	0.9279	0.9279	0.9279	0.9279	0.9279	0.9279	0.9279	0.9279	0.9279	0.9279	0.9279	0.9279	0.9279	0.9279	0.9279	0.9279	0.9279	0.9279	0.9279	0.9279	0.9279	0.9279	0.9279	0.9279	0.9279	0.9279	0.9279	0.9279	0.9279	0.9279	0.9279	0.9279	0.9279	0.9279	0.9279	0.9279	0.9279	0.9279	0.9279	0.9279	0.9279	0.9279	0.9279	0.9279	0.9279	0.9279	0.9279	0.9279	0.9279	0.9279	0.9279	0.9279	0.9279	0.9279	0.9279	0.9279	0.9279	0.9279	0.9279	0.9279	0.9279	0.9279	0.9279	0.9279	0.9279	0.9279	0.9279	0.9279	0.9279	0.9279	0.9279	0.9616	0.9616	0.9616	0.9616	0.9616	0.9616	0.9616	0.9616	0.9616	0.9616	0.9616	0.9616	0.9616	0.9616	0.9616	0.9616	0.9616	0.9616	0.9616	0.9616	0.9616	0.9616	0.9616	0.9616	0.9616	0.9616	0.9616	0.9616	0.9616	0.9616	0.9616	0.9616	0.9616	0.9616	0.9616	0.9616	0.9616	0.9616	0.9616	0.9616	0.9616	0.9616	0.9616	0.9616	0.9616	0.9616	0.9616	0.9616	0.9616	0.9616	0.9616	0.9616	0.9616	0.9616	0.9616	0.9616	0.9616	0.9616	0.9616	0.9616	0.9616	0.9616	0.9616	0.9616	0.9616	0.9616	0.9616	0.9616	0.9616	0.9616	0.9616	0.9616	0.9616	0.9616	0.9616	0.9616	0.9616	0.9616	0.9616	0.9616	0.9616	0.9616	0.9616	0.9616	0.9616	0.9616	0.9616	0.9616	0.9616	0.9616	0.9616	0.9616	0.9616	0.9616	0.0141	0.0141	0.0141	0.0141	0.0141	0.0076	0.0141	0.0141	0.0141	0.0141	0.0141	0.0141	0.0141	0.0141	0.0141	0.0141	0.0141	0.0141	0.0141	0.0141	0.0141	0.0141	0.0141	0.0141	0.0141	0.0141	0.0141	0.0141	0.0141	0.0141	0.0141	0.0141	0.0141	0.0141	0.0141	0.0141	0.0141	0.0141	0.0141	0.0141	0.0141	0.0141	0.0141	0.0141	0.0141	0.0141	0.0141	0.0141	0.0141	0.0141	0.0141	0.0141	0.0141	0.0141	0.0141	0.0141	0.0141	0.0141	0.0141	0.0141	0.0141	0.0141	0.0141	0.0141	0.0141	0.0141	0.0141	0.0141	0.0141	0.0141	0.0141	0.0141	0.0141	0.0141	0.0141	0.0141	0.0141	0.0141	0.011	0.0141	0.0076	0.0076	0.0076	0.0076	0.0076	0.0076	0.0076	0.0076	0.0076	0.0076	0.0076	0.0076	0.0076	0.0076	0.0076	0.0076	0.0076	0.0076	0.0076	0.0076	0.0076	0.0076	0.0076	0.0076	0.0076	0.0076	0.0076	0.0076	0.0076	0.0076	0.0076	0.0076	0.0076	0.0076	0.0076	0.0076	0.011	0.0076	0.0076	0.0076	0.0076	0.0076	0.0076	0.0076	0.0076	0.0076	0.0076	0.0076	0.0076	0.0076	0.0076	0.0076	0.0076	0.0076	0.0076	0.0076	0.0076	0.0076	0.0076	0.0076	0.0076	0.0076	0.0076	0.0076	0.0076	0.0076	0.0076	0.0076	0.0076	0.0076	0.0076	0.0076	0.0076	0.0076	0.0076	0.0076	0.0076	0.0076	0.0076	0.0076	0.0076	0.0076	0.0076	0.0076	0.0076	0.0076	0.0076	0.0076	0.0076	0.0076	0.0076	0.0076	0.0076	0.0076	0.0076	0.0076	0.0076	0.0076	0.0076	0.0076	0.0076	0.0076	0.0076	0.0076	0.0076	0.0076	0.0076	0.0076	0.0076	0.0076	0.0076	0.0076	0.0076	0.0076	0.0076	0.0076	0.0076	0.0076	0.0076	0.0076	0.0076	0.0076	0.0076	0.0076	0.0076	0.0076	0.0076	0.0076	0.0076	0.0076	0.0076	0.0076	0.0076	0.0076	0.0076	0.0076	0.0076	0.0076	0.0076	0.0076	0.0076	0.0076	0.0076	0.0076	0.0076	0.0076	0.0076	0.0076	0.0076	0.0076	0.0076	0.0076	0.0076	0.0076	0.0076	0.0076	0.0076	0.0076	0.0076	0.0076	0.0076	0.0076	0.0076	0.0076	0.0076	0.0076	0.0076	0.0076	0.0076	0.0076	0.0076	0.0076	0.0076	0.0076	0.0076	0.0076	0.031	0.031	0.031	0.031	0.031	0.031	0.031	0.031	0.031	0.031	0.031	0.031	0.031	0.031
5	0.9453	0.9453	0.9453	0.9453	0.9453	0.9453	0.9453	0.9453	0.9453	0.9453	0.9453	0.9453	0.9453	0.9453	0.9453	0.9453	0.9453	0.9453	0.9453	0.9453	0.9453	0.9453	0.9453	0.9453	0.9453	0.9085	0.9085	0.9085	0.9085	0.9085	0.9085	0.9085	0.9085	0.9085	0.9085	0.9085	0.9085	0.9085	0.9085	0.9085	0.9085	0.9085	0.9085	0.9085	0.9085	0.9085	0.9085	0.9085	0.9085	0.9085	0.9085	0.9085	0.9085	0.9085	0.9085	0.9085	0.9085	0.9085	0.9085	0.9085	0.9085	0.9085	0.9085	0.9085	0.9085	0.9085	0.9085	0.9085	0.9085	0.9085	0.9085	0.9085	0.9085	0.9085	0.9085	0.9085	0.9085	0.9085	0.9085	0.9085	0.9085	0.9085	0.9085	0.9085	0.9085	0.9085	0.9085	0.9085	0.9085	0.9085	0.9085	0.9085	0.9085	0.9085	0.9085	0.9085	0.9085	0.9085	0.9085	0.9085	0.9085	0.9085	0.9085	0.9085	0.9085	0.9085	0.9085	0.9085	0.9085	0.9085	0.9085	0.9085	0.9085	0.9085	0.9085	0.9085	0.9085	0.9085	0.9085	0.9085	0.9085	0.9085	0.9085	0.9085	0.9085	0.9085	0.9085	0.9085	0.9085	0.9085	0.9085	0.9085	0.9085	0.9085	0.9085	0.9085	0.9085	0.9085	0.9085	0.9085	0.9085	0.9085	0.9557	0.9557	0.9557	0.9557	0.9557	0.9557	0.9557	0.9557	0.9557	0.9557	0.9557	0.9557	0.9557	0.9557	0.9557	0.9557	0.9557	0.9557	0.9557	0.9557	0.9557	0.9557	0.9557	0.9557	0.9557	0.9557	0.9557	0.9557	0.9557	0.9557	0.9557	0.9557	0.9557	0.9557	0.9557	0.9557	0.9557	0.9557	0.9557	0.9557	0.9557	0.9557	0.9557	0.9557	0.9557	0.9557	0.9557	0.9557	0.9557	0.9557	0.9557	0.9557	0.9557	0.9557	0.9557	0.9557	0.9557	0.9557	0.9557	0.9557	0.9557	0.9557	0.9557	0.9557	0.9557	0.9557	0.9557	0.9557	0.9557	0.9557	0.9557	0.9557	0.9557	0.9557	0.9557	0.9557	0.9557	0.9557	0.9557	0.9557	0.9557	0.9557	0.9557	0.9557	0.9557	0.9557	0.9557	0.9557	0.9557	0.9557	0.9557	0.9557	0.9557	0.9557	0.9479	0.9479	0.9479	0.9479	0.9479	0.9479	0.9479	0.9479	0.9479	0.9479	0.9479	0.9479	0.9479	0.9479	0.9479	0.9479	0.9479	0.9479	0.9479	0.9479	0.9479	0.9479	0.9479	0.9479	0.9479	0.9479	0.9479	0.9479	0.9479	0.9479	0.9479	0.9479	0.9479	0.9479	0.9479	0.9479	0.9479	0.9479	0.9479	0.9479	0.9479	0.9479	0.9479	0.9479	0.9479	0.9479	0.9479	0.9479	0.9479	0.9479	0.9479	0.9479	0.9479	0.9479	0.9479	0.9479	0.9479	0.9479	0.9479	0.9479	0.9479	0.9479	0.9479	0.9479	0.9479	0.9479	0.9479	0.9479	0.9479	0.9479	0.9479	0.9479	0.9479	0.9479	0.9479	0.9479	0.9479	0.9479	0.9479	0.9479	0.9479	0.9479	0.9479	0.9479	0.9479	0.9479	0.9479	0.9479	0.9479	0.9479	0.9479	0.9479	0.9479	0.9479	0.0384	0.0384	0.0384	0.0384	0.0384	0.0132	0.0384	0.0384	0.0384	0.0384	0.0384	0.0384	0.0384	0.0384	0.0384	0.0384	0.0384	0.0384	0.0384	0.0384	0.0384	0.0384	0.0384	0.0384	0.0384	0.0384	0.0384	0.0384	0.0384	0.0384	0.0384	0.0384	0.0384	0.0384	0.0384	0.0384	0.0384	0.0384	0.0384	0.0384	0.0384	0.0384	0.0384	0.0384	0.0384	0.0384	0.0384	0.0384	0.0384	0.0384	0.0384	0.0384	0.0384	0.0384	0.0384	0.0384	0.0384	0.0384	0.0384	0.0384	0.0384	0.0384	0.0384	0.0384	0.0384	0.0384	0.0384	0.0384	0.0384	0.0384	0.0384	0.0384	0.0384	0.0384	0.0384	0.0384	0.0384	0.0384	0.0232	0.0384	0.0132	0.0132	0.0132	0.0132	0.0132	0.0132	0.0132	0.0132	0.0132	0.0132	0.0132	0.0132	0.0132	0.0132	0.0132	0.0132	0.0132	0.0132	0.0132	0.0132	0.0132	0.0132	0.0132	0.0132	0.0132	0.0132	0.0132	0.0132	0.0132	0.0132	0.0132	0.0132	0.0132	0.0132	0.0132	0.0132	0.0232	0.0132	0.0132	0.0132	0.0132	0.0132	0.0132	0.0132	0.0132	0.0132	0.0132	0.0132	0.0132	0.0132	0.0132	0.0132	0.0132	0.0132	0.0132	0.0132	0.0132	0.0132	0.0132	0.0132	0.0132	0.0132	0.0132	0.0132	0.0132	0.0132	0.0132	0.0132	0.0132	0.0132	0.0132	0.0132	0.0132	0.0132	0.0132	0.0132	0.0132	0.0132	0.0132	0.0132	0.0132	0.0132	0.0132	0.0132	0.0132	0.0132	0.0132	0.0132	0.0132	0.0132	0.0132	0.0132	0.0132	0.0132	0.0132	0.0132	0.0132	0.0132	0.0132	0.0132	0.0132	0.0132	0.0132	0.0132	0.0132	0.0132	0.0132	0.0132	0.0132	0.0132	0.0132	0.0132	0.0132	0.0132	0.0132	0.0132	0.0132	0.0132	0.0132	0.0132	0.0132	0.0132	0.0132	0.0132	0.0132	0.0132	0.0132	0.0132	0.0132	0.0132	0.0132	0.0132	0.0132	0.0132	0.0132	0.0132	0.0132	0.0132	0.0132	0.0132	0.0132	0.0132	0.0132	0.0132	0.0132	0.0132	0.0132	0.0132	0.0132	0.0132	0.0132	0.0132	0.0132	0.0132	0.0132	0.0132	0.0132	0.0132	0.0132	0.0132	0.0132	0.0132	0.0132	0.0132	0.0132	0.0132	0.0132	0.0132	0.0132	0.0132	0.0132	0.0132	0.0132	0.0132	0.0132	0.0132	0.0278	0.0278	0.0278	0.0278	0.0278	0.0278	0.0278	0.0278	0.0278	0.0278	0.0278	0.0278	0.0278	0.0278
6	0.9529	0.9529	0.9529	0.9529	0.9529	0.9529	0.9529	0.9529	0.9529	0.9529	0.9529	0.9529	0.9529	0.9529	0.9529	0.9529	0.9529	0.9529	0.9529	0.9529	0.9529	0.9529	0.9529	0.9529	0.9529	0.9455	0.9455	0.9455	0.9455	0.9455	0.9455	0.9455	0.9455	0.9455	0.9455	0.9455	0.9455	0.9455	0.9455	0.9455	0.9455	0.9455	0.9455	0.9455	0.9455	0.9455	0.9455	0.9455	0.9455	0.9455	0.9455	0.9455	0.9455	0.9455	0.9455	0.9455	0.9455	0.9455	0.9455	0.9455	0.9455	0.9455	0.9455	0.9455	0.9455	0.9455	0.9455	0.9455	0.9455	0.9455	0.9455	0.9455	0.9455	0.9455	0.9455	0.9455	0.9455	0.9455	0.9455	0.9455	0.9455	0.9455	0.9455	0.9455	0.9455	0.9455	0.9455	0.9455	0.9455	0.9455	0.9455	0.9455	0.9455	0.9455	0.9455	0.9455	0.9455	0.9455	0.9455	0.9455	0.9455	0.9455	0.9455	0.9455	0.9455	0.9455	0.9455	0.9455	0.9455	0.9455	0.9455	0.9455	0.9455	0.9455	0.9455	0.9455	0.9455	0.9455	0.9455	0.9455	0.9455	0.9455	0.9455	0.9455	0.9455	0.9455	0.9455	0.9455	0.9455	0.9455	0.9455	0.9455	0.9455	0.9455	0.9455	0.9455	0.9455	0.9455	0.9455	0.9455	0.9455	0.9455	0.9688	0.9688	0.9688	0.9688	0.9688	0.9688	0.9688	0.9688	0.9688	0.9688	0.9688	0.9688	0.9688	0.9688	0.9688	0.9688	0.9688	0.9688	0.9688	0.9688	0.9688	0.9688	0.9688	0.9688	0.9688	0.9688	0.9688	0.9688	0.9688	0.9688	0.9688	0.9688	0.9688	0.9688	0.9688	0.9688	0.9688	0.9688	0.9688	0.9688	0.9688	0.9688	0.9688	0.9688	0.9688	0.9688	0.9688	0.9688	0.9688	0.9688	0.9688	0.9688	0.9688	0.9688	0.9688	0.9688	0.9688	0.9688	0.9688	0.9688	0.9688	0.9688	0.9688	0.9688	0.9688	0.9688	0.9688	0.9688	0.9688	0.9688	0.9688	0.9688	0.9688	0.9688	0.9688	0.9688	0.9688	0.9688	0.9688	0.9688	0.9688	0.9688	0.9688	0.9688	0.9688	0.9688	0.9688	0.9688	0.9688	0.9688	0.9688	0.9688	0.9688	0.9688	0.9361	0.9361	0.9361	0.9361	0.9361	0.9361	0.9361	0.9361	0.9361	0.9361	0.9361	0.9361	0.9361	0.9361	0.9361	0.9361	0.9361	0.9361	0.9361	0.9361	0.9361	0.9361	0.9361	0.9361	0.9361	0.9361	0.9361	0.9361	0.9361	0.9361	0.9361	0.9361	0.9361	0.9361	0.9361	0.9361	0.9361	0.9361	0.9361	0.9361	0.9361	0.9361	0.9361	0.9361	0.9361	0.9361	0.9361	0.9361	0.9361	0.9361	0.9361	0.9361	0.9361	0.9361	0.9361	0.9361	0.9361	0.9361	0.9361	0.9361	0.9361	0.9361	0.9361	0.9361	0.9361	0.9361	0.9361	0.9361	0.9361	0.9361	0.9361	0.9361	0.9361	0.9361	0.9361	0.9361	0.9361	0.9361	0.9361	0.9361	0.9361	0.9361	0.9361	0.9361	0.9361	0.9361	0.9361	0.9361	0.9361	0.9361	0.9361	0.9361	0.9361	0.9361	0.0149	0.0149	0.0149	0.0149	0.0149	0.0113	0.0149	0.0149	0.0149	0.0149	0.0149	0.0149	0.0149	0.0149	0.0149	0.0149	0.0149	0.0149	0.0149	0.0149	0.0149	0.0149	0.0149	0.0149	0.0149	0.0149	0.0149	0.0149	0.0149	0.0149	0.0149	0.0149	0.0149	0.0149	0.0149	0.0149	0.0149	0.0149	0.0149	0.0149	0.0149	0.0149	0.0149	0.0149	0.0149	0.0149	0.0149	0.0149	0.0149	0.0149	0.0149	0.0149	0.0149	0.0149	0.0149	0.0149	0.0149	0.0149	0.0149	0.0149	0.0149	0.0149	0.0149	0.0149	0.0149	0.0149	0.0149	0.0149	0.0149	0.0149	0.0149	0.0149	0.0149	0.0149	0.0149	0.0149	0.0149	0.0149	0.0117	0.0149	0.0113	0.0113	0.0113	0.0113	0.0113	0.0113	0.0113	0.0113	0.0113	0.0113	0.0113	0.0113	0.0113	0.0113	0.0113	0.0113	0.0113	0.0113	0.0113	0.0113	0.0113	0.0113	0.0113	0.0113	0.0113	0.0113	0.0113	0.0113	0.0113	0.0113	0.0113	0.0113	0.0113	0.0113	0.0113	0.0113	0.0117	0.0113	0.0113	0.0113	0.0113	0.0113	0.0113	0.0113	0.0113	0.0113	0.0113	0.0113	0.0113	0.0113	0.0113	0.0113	0.0113	0.0113	0.0113	0.0113	0.0113	0.0113	0.0113	0.0113	0.0113	0.0113	0.0113	0.0113	0.0113	0.0113	0.0113	0.0113	0.0113	0.0113	0.0113	0.0113	0.0113	0.0113	0.0113	0.0113	0.0113	0.0113	0.0113	0.0113	0.0113	0.0113	0.0113	0.0113	0.0113	0.0113	0.0113	0.0113	0.0113	0.0113	0.0113	0.0113	0.0113	0.0113	0.0113	0.0113	0.0113	0.0113	0.0113	0.0113	0.0113	0.0113	0.0113	0.0113	0.0113	0.0113	0.0113	0.0113	0.0113	0.0113	0.0113	0.0113	0.0113	0.0113	0.0113	0.0113	0.0113	0.0113	0.0113	0.0113	0.0113	0.0113	0.0113	0.0113	0.0113	0.0113	0.0113	0.0113	0.0113	0.0113	0.0113	0.0113	0.0113	0.0113	0.0113	0.0113	0.0113	0.0113	0.0113	0.0113	0.0113	0.0113	0.0113	0.0113	0.0113	0.0113	0.0113	0.0113	0.0113	0.0113	0.0113	0.0113	0.0113	0.0113	0.0113	0.0113	0.0113	0.0113	0.0113	0.0113	0.0113	0.0113	0.0113	0.0113	0.0113	0.0113	0.0113	0.0113	0.0113	0.0113	0.0113	0.0113	0.0113	0.0113	0.0113	0.0113	0.0288	0.0288	0.0288	0.0288	0.0288	0.0288	0.0288	0.0288	0.0288	0.0288	0.0288	0.0288	0.0288	0.0288
7	0.9286	0.9286	0.9286	0.9286	0.9286	0.9286	0.9286	0.9286	0.9286	0.9286	0.9286	0.9286	0.9286	0.9286	0.9286	0.9286	0.9286	0.9286	0.9286	0.9286	0.9286	0.9286	0.9286	0.9286	0.9286	0.9772	0.9772	0.9772	0.9772	0.9772	0.9772	0.9772	0.9772	0.9772	0.9772	0.9772	0.9772	0.9772	0.9772	0.9772	0.9772	0.9772	0.9772	0.9772	0.9772	0.9772	0.9772	0.9772	0.9772	0.9772	0.9772	0.9772	0.9772	0.9772	0.9772	0.9772	0.9772	0.9772	0.9772	0.9772	0.9772	0.9772	0.9772	0.9772	0.9772	0.9772	0.9772	0.9772	0.9772	0.9772	0.9772	0.9772	0.9772	0.9772	0.9772	0.9772	0.9772	0.9772	0.9772	0.9772	0.9772	0.9772	0.9772	0.9772	0.9772	0.9772	0.9772	0.9772	0.9772	0.9772	0.9772	0.9772	0.9772	0.9772	0.9772	0.9772	0.9772	0.9772	0.9772	0.9772	0.9772	0.9772	0.9772	0.9772	0.9772	0.9772	0.9772	0.9772	0.9772	0.9772	0.9772	0.9772	0.9772	0.9772	0.9772	0.9772	0.9772	0.9772	0.9772	0.9772	0.9772	0.9772	0.9772	0.9772	0.9772	0.9772	0.9772	0.9772	0.9772	0.9772	0.9772	0.9772	0.9772	0.9772	0.9772	0.9772	0.9772	0.9772	0.9772	0.9772	0.9772	0.9772	0.9494	0.9494	0.9494	0.9494	0.9494	0.9494	0.9494	0.9494	0.9494	0.9494	0.9494	0.9494	0.9494	0.9494	0.9494	0.9494	0.9494	0.9494	0.9494	0.9494	0.9494	0.9494	0.9494	0.9494	0.9494	0.9494	0.9494	0.9494	0.9494	0.9494	0.9494	0.9494	0.9494	0.9494	0.9494	0.9494	0.9494	0.9494	0.9494	0.9494	0.9494	0.9494	0.9494	0.9494	0.9494	0.9494	0.9494	0.9494	0.9494	0.9494	0.9494	0.9494	0.9494	0.9494	0.9494	0.9494	0.9494	0.9494	0.9494	0.9494	0.9494	0.9494	0.9494	0.9494	0.9494	0.9494	0.9494	0.9494	0.9494	0.9494	0.9494	0.9494	0.9494	0.9494	0.9494	0.9494	0.9494	0.9494	0.9494	0.9494	0.9494	0.9494	0.9494	0.9494	0.9494	0.9494	0.9494	0.9494	0.9494	0.9494	0.9494	0.9494	0.9494	0.9494	0.9771	0.9771	0.9771	0.9771	0.9771	0.9771	0.9771	0.9771	0.9771	0.9771	0.9771	0.9771	0.9771	0.9771	0.9771	0.9771	0.9771	0.9771	0.9771	0.9771	0.9771	0.9771	0.9771	0.9771	0.9771	0.9771	0.9771	0.9771	0.9771	0.9771	0.9771	0.9771	0.9771	0.9771	0.9771	0.9771	0.9771	0.9771	0.9771	0.9771	0.9771	0.9771	0.9771	0.9771	0.9771	0.9771	0.9771	0.9771	0.9771	0.9771	0.9771	0.9771	0.9771	0.9771	0.9771	0.9771	0.9771	0.9771	0.9771	0.9771	0.9771	0.9771	0.9771	0.9771	0.9771	0.9771	0.9771	0.9771	0.9771	0.9771	0.9771	0.9771	0.9771	0.9771	0.9771	0.9771	0.9771	0.9771	0.9771	0.9771	0.9771	0.9771	0.9771	0.9771	0.9771	0.9771	0.9771	0.9771	0.9771	0.9771	0.9771	0.9771	0.9771	0.9771	0.0403	0.0403	0.0403	0.0403	0.0403	0.0052	0.0403	0.0403	0.0403	0.0403	0.0403	0.0403	0.0403	0.0403	0.0403	0.0403	0.0403	0.0403	0.0403	0.0403	0.0403	0.0403	0.0403	0.0403	0.0403	0.0403	0.0403	0.0403	0.0403	0.0403	0.0403	0.0403	0.0403	0.0403	0.0403	0.0403	0.0403	0.0403	0.0403	0.0403	0.0403	0.0403	0.0403	0.0403	0.0403	0.0403	0.0403	0.0403	0.0403	0.0403	0.0403	0.0403	0.0403	0.0403	0.0403	0.0403	0.0403	0.0403	0.0403	0.0403	0.0403	0.0403	0.0403	0.0403	0.0403	0.0403	0.0403	0.0403	0.0403	0.0403	0.0403	0.0403	0.0403	0.0403	0.0403	0.0403	0.0403	0.0403	0.0159	0.0403	0.0052	0.0052	0.0052	0.0052	0.0052	0.0052	0.0052	0.0052	0.0052	0.0052	0.0052	0.0052	0.0052	0.0052	0.0052	0.0052	0.0052	0.0052	0.0052	0.0052	0.0052	0.0052	0.0052	0.0052	0.0052	0.0052	0.0052	0.0052	0.0052	0.0052	0.0052	0.0052	0.0052	0.0052	0.0052	0.0052	0.0159	0.0052	0.0052	0.0052	0.0052	0.0052	0.0052	0.0052	0.0052	0.0052	0.0052	0.0052	0.0052	0.0052	0.0052	0.0052	0.0052	0.0052	0.0052	0.0052	0.0052	0.0052	0.0052	0.0052	0.0052	0.0052	0.0052	0.0052	0.0052	0.0052	0.0052	0.0052	0.0052	0.0052	0.0052	0.0052	0.0052	0.0052	0.0052	0.0052	0.0052	0.0052	0.0052	0.0052	0.0052	0.0052	0.0052	0.0052	0.0052	0.0052	0.0052	0.0052	0.0052	0.0052	0.0052	0.0052	0.0052	0.0052	0.0052	0.0052	0.0052	0.0052	0.0052	0.0052	0.0052	0.0052	0.0052	0.0052	0.0052	0.0052	0.0052	0.0052	0.0052	0.0052	0.0052	0.0052	0.0052	0.0052	0.0052	0.0052	0.0052	0.0052	0.0052	0.0052	0.0052	0.0052	0.0052	0.0052	0.0052	0.0052	0.0052	0.0052	0.0052	0.0052	0.0052	0.0052	0.0052	0.0052	0.0052	0.0052	0.0052	0.0052	0.0052	0.0052	0.0052	0.0052	0.0052	0.0052	0.0052	0.0052	0.0052	0.0052	0.0052	0.0052	0.0052	0.0052	0.0052	0.0052	0.0052	0.0052	0.0052	0.0052	0.0052	0.0052	0.0052	0.0052	0.0052	0.0052	0.0052	0.0052	0.0052	0.0052	0.0052	0.0052	0.0052	0.0052	0.0052	0.0052	0.0052	0.0052	0.0254	0.0254	0.0254	0.0254	0.0254	0.0254	0.0254	0.0254	0.0254	0.0254	0.0254	0.0254	0.0254	0.0254
8	0.0194	0.0194	0.0194	0.0194	0.0194	0.0194	0.0194	0.0194	0.0194	0.0194	0.0194	0.0194	0.0194	0.0194	0.0194	0.0194	0.0194	0.0194	0.0194	0.0194	0.0194	0.0194	0.0194	0.0194	0.0194	0.0121	0.0121	0.0121	0.0121	0.0121	0.0121	0.0121	0.0121	0.0121	0.0121	0.0121	0.0121	0.0121	0.0121	0.0121	0.0121	0.0121	0.0121	0.0121	0.0121	0.0121	0.0121	0.0121	0.0121	0.0121	0.0121	0.0121	0.0121	0.0121	0.0121	0.0121	0.0121	0.0121	0.0121	0.0121	0.0121	0.0121	0.0121	0.0121	0.0121	0.0121	0.0121	0.0121	0.0121	0.0121	0.0121	0.0121	0.0121	0.0121	0.0121	0.0121	0.0121	0.0121	0.0121	0.0121	0.0121	0.0121	0.0121	0.0121	0.0121	0.0121	0.0121	0.0121	0.0121	0.0121	0.0121	0.0121	0.0121	0.0121	0.0121	0.0121	0.0121	0.0121	0.0121	0.0121	0.0121	0.0121	0.0121	0.0121	0.0121	0.0121	0.0121	0.0121	0.0121	0.0121	0.0121	0.0121	0.0121	0.0121	0.0121	0.0121	0.0121	0.0121	0.0121	0.0121	0.0121	0.0121	0.0121	0.0121	0.0121	0.0121	0.0121	0.0121	0.0121	0.0121	0.0121	0.0121	0.0121	0.0121	0.0121	0.0121	0.0121	0.0121	0.0121	0.0121	0.0121	0.0121	0.016	0.016	0.016	0.016	0.016	0.016	0.016	0.016	0.016	0.016	0.016	0.016	0.016	0.016	0.016	0.016	0.016	0.016	0.016	0.016	0.016	0.016	0.016	0.016	0.016	0.016	0.016	0.016	0.016	0.016	0.016	0.016	0.016	0.016	0.016	0.016	0.016	0.016	0.016	0.016	0.016	0.016	0.016	0.016	0.016	0.016	0.016	0.016	0.016	0.016	0.016	0.016	0.016	0.016	0.016	0.016	0.016	0.016	0.016	0.016	0.016	0.016	0.016	0.016	0.016	0.016	0.016	0.016	0.016	0.016	0.016	0.016	0.016	0.016	0.016	0.016	0.016	0.016	0.016	0.016	0.016	0.016	0.016	0.016	0.016	0.016	0.016	0.016	0.016	0.016	0.016	0.016	0.016	0.016	0.0124	0.0124	0.0124	0.0124	0.0124	0.0124	0.0124	0.0124	0.0124	0.0124	0.0124	0.0124	0.0124	0.0124	0.0124	0.0124	0.0124	0.0124	0.0124	0.0124	0.0124	0.0124	0.0124	0.0124	0.0124	0.0124	0.0124	0.0124	0.0124	0.0124	0.0124	0.0124	0.0124	0.0124	0.0124	0.0124	0.0124	0.0124	0.0124	0.0124	0.0124	0.0124	0.0124	0.0124	0.0124	0.0124	0.0124	0.0124	0.0124	0.0124	0.0124	0.0124	0.0124	0.0124	0.0124	0.0124	0.0124	0.0124	0.0124	0.0124	0.0124	0.0124	0.0124	0.0124	0.0124	0.0124	0.0124	0.0124	0.0124	0.0124	0.0124	0.0124	0.0124	0.0124	0.0124	0.0124	0.0124	0.0124	0.0124	0.0124	0.0124	0.0124	0.0124	0.0124	0.0124	0.0124	0.0124	0.0124	0.0124	0.0124	0.0124	0.0124	0.0124	0.0124	0.9593	0.9593	0.9593	0.9593	0.9593	0.9374	0.9593	0.9593	0.9593	0.9593	0.9593	0.9593	0.9593	0.9593	0.9593	0.9593	0.9593	0.9593	0.9593	0.9593	0.9593	0.9593	0.9593	0.9593	0.9593	0.9593	0.9593	0.9593	0.9593	0.9593	0.9593	0.9593	0.9593	0.9593	0.9593	0.9593	0.9593	0.9593	0.9593	0.9593	0.9593	0.9593	0.9593	0.9593	0.9593	0.9593	0.9593	0.9593	0.9593	0.9593	0.9593	0.9593	0.9593	0.9593	0.9593	0.9593	0.9593	0.9593	0.9593	0.9593	0.9593	0.9593	0.9593	0.9593	0.9593	0.9593	0.9593	0.9593	0.9593	0.9593	0.9593	0.9593	0.9593	0.9593	0.9593	0.9593	0.9593	0.9593	0.9449	0.9593	0.9374	0.9374	0.9374	0.9374	0.9374	0.9374	0.9374	0.9374	0.9374	0.9374	0.9374	0.9374	0.9374	0.9374	0.9374	0.9374	0.9374	0.9374	0.9374	0.9374	0.9374	0.9374	0.9374	0.9374	0.9374	0.9374	0.9374	0.9374	0.9374	0.9374	0.9374	0.9374	0.9374	0.9374	0.9374	0.9374	0.9449	0.9374	0.9374	0.9374	0.9374	0.9374	0.9374	0.9374	0.9374	0.9374	0.9374	0.9374	0.9374	0.9374	0.9374	0.9374	0.9374	0.9374	0.9374	0.9374	0.9374	0.9374	0.9374	0.9374	0.9374	0.9374	0.9374	0.9374	0.9374	0.9374	0.9374	0.9374	0.9374	0.9374	0.9374	0.9374	0.9374	0.9374	0.9374	0.9374	0.9374	0.9374	0.9374	0.9374	0.9374	0.9374	0.9374	0.9374	0.9374	0.9374	0.9374	0.9374	0.9374	0.9374	0.9374	0.9374	0.9374	0.9374	0.9374	0.9374	0.9374	0.9374	0.9374	0.9374	0.9374	0.9374	0.9374	0.9374	0.9374	0.9374	0.9374	0.9374	0.9374	0.9374	0.9374	0.9374	0.9374	0.9374	0.9374	0.9374	0.9374	0.9374	0.9374	0.9374	0.9374	0.9374	0.9374	0.9374	0.9374	0.9374	0.9374	0.9374	0.9374	0.9374	0.9374	0.9374	0.9374	0.9374	0.9374	0.9374	0.9374	0.9374	0.9374	0.9374	0.9374	0.9374	0.9374	0.9374	0.9374	0.9374	0.9374	0.9374	0.9374	0.9374	0.9374	0.9374	0.9374	0.9374	0.9374	0.9374	0.9374	0.9374	0.9374	0.9374	0.9374	0.9374	0.9374	0.9374	0.9374	0.9374	0.9374	0.9374	0.9374	0.9374	0.9374	0.9374	0.9374	0.9374	0.9374	0.9374	0.9587	0.9587	0.9587	0.9587	0.9587	0.9587	0.9587	0.9587	0.9587	0.9587	0.9587	0.9587	0.9587	0.9587
9	0.0563	0.0563	0.0563	0.0563	0.0563	0.0563	0.0563	0.0563	0.0563	0.0563	0.0563	0.0563	0.0563	0.0563	0.0563	0.0563	0.0563	0.0563	0.0563	0.0563	0.0563	0.0563	0.0563	0.0563	0.0563	0.0118	0.0118	0.0118	0.0118	0.0118	0.0118	0.0118	0.0118	0.0118	0.0118	0.0118	0.0118	0.0118	0.0118	0.0118	0.0118	0.0118	0.0118	0.0118	0.0118	0.0118	0.0118	0.0118	0.0118	0.0118	0.0118	0.0118	0.0118	0.0118	0.0118	0.0118	0.0118	0.0118	0.0118	0.0118	0.0118	0.0118	0.0118	0.0118	0.0118	0.0118	0.0118	0.0118	0.0118	0.0118	0.0118	0.0118	0.0118	0.0118	0.0118	0.0118	0.0118	0.0118	0.0118	0.0118	0.0118	0.0118	0.0118	0.0118	0.0118	0.0118	0.0118	0.0118	0.0118	0.0118	0.0118	0.0118	0.0118	0.0118	0.0118	0.0118	0.0118	0.0118	0.0118	0.0118	0.0118	0.0118	0.0118	0.0118	0.0118	0.0118	0.0118	0.0118	0.0118	0.0118	0.0118	0.0118	0.0118	0.0118	0.0118	0.0118	0.0118	0.0118	0.0118	0.0118	0.0118	0.0118	0.0118	0.0118	0.0118	0.0118	0.0118	0.0118	0.0118	0.0118	0.0118	0.0118	0.0118	0.0118	0.0118	0.0118	0.0118	0.0118	0.0118	0.0118	0.0118	0.0118	0.0021	0.0021	0.0021	0.0021	0.0021	0.0021	0.0021	0.0021	0.0021	0.0021	0.0021	0.0021	0.0021	0.0021	0.0021	0.0021	0.0021	0.0021	0.0021	0.0021	0.0021	0.0021	0.0021	0.0021	0.0021	0.0021	0.0021	0.0021	0.0021	0.0021	0.0021	0.0021	0.0021	0.0021	0.0021	0.0021	0.0021	0.0021	0.0021	0.0021	0.0021	0.0021	0.0021	0.0021	0.0021	0.0021	0.0021	0.0021	0.0021	0.0021	0.0021	0.0021	0.0021	0.0021	0.0021	0.0021	0.0021	0.0021	0.0021	0.0021	0.0021	0.0021	0.0021	0.0021	0.0021	0.0021	0.0021	0.0021	0.0021	0.0021	0.0021	0.0021	0.0021	0.0021	0.0021	0.0021	0.0021	0.0021	0.0021	0.0021	0.0021	0.0021	0.0021	0.0021	0.0021	0.0021	0.0021	0.0021	0.0021	0.0021	0.0021	0.0021	0.0021	0.0021	0.0126	0.0126	0.0126	0.0126	0.0126	0.0126	0.0126	0.0126	0.0126	0.0126	0.0126	0.0126	0.0126	0.0126	0.0126	0.0126	0.0126	0.0126	0.0126	0.0126	0.0126	0.0126	0.0126	0.0126	0.0126	0.0126	0.0126	0.0126	0.0126	0.0126	0.0126	0.0126	0.0126	0.0126	0.0126	0.0126	0.0126	0.0126	0.0126	0.0126	0.0126	0.0126	0.0126	0.0126	0.0126	0.0126	0.0126	0.0126	0.0126	0.0126	0.0126	0.0126	0.0126	0.0126	0.0126	0.0126	0.0126	0.0126	0.0126	0.0126	0.0126	0.0126	0.0126	0.0126	0.0126	0.0126	0.0126	0.0126	0.0126	0.0126	0.0126	0.0126	0.0126	0.0126	0.0126	0.0126	0.0126	0.0126	0.0126	0.0126	0.0126	0.0126	0.0126	0.0126	0.0126	0.0126	0.0126	0.0126	0.0126	0.0126	0.0126	0.0126	0.0126	0.0126	0.946	0.946	0.946	0.946	0.946	0.9825	0.946	0.946	0.946	0.946	0.946	0.946	0.946	0.946	0.946	0.946	0.946	0.946	0.946	0.946	0.946	0.946	0.946	0.946	0.946	0.946	0.946	0.946	0.946	0.946	0.946	0.946	0.946	0.946	0.946	0.946	0.946	0.946	0.946	0.946	0.946	0.946	0.946	0.946	0.946	0.946	0.946	0.946	0.946	0.946	0.946	0.946	0.946	0.946	0.946	0.946	0.946	0.946	0.946	0.946	0.946	0.946	0.946	0.946	0.946	0.946	0.946	0.946	0.946	0.946	0.946	0.946	0.946	0.946	0.946	0.946	0.946	0.946	0.9393	0.946	0.9825	0.9825	0.9825	0.9825	0.9825	0.9825	0.9825	0.9825	0.9825	0.9825	0.9825	0.9825	0.9825	0.9825	0.9825	0.9825	0.9825	0.9825	0.9825	0.9825	0.9825	0.9825	0.9825	0.9825	0.9825	0.9825	0.9825	0.9825	0.9825	0.9825	0.9825	0.9825	0.9825	0.9825	0.9825	0.9825	0.9393	0.9825	0.9825	0.9825	0.9825	0.9825	0.9825	0.9825	0.9825	0.9825	0.9825	0.9825	0.9825	0.9825	0.9825	0.9825	0.9825	0.9825	0.9825	0.9825	0.9825	0.9825	0.9825	0.9825	0.9825	0.9825	0.9825	0.9825	0.9825	0.9825	0.9825	0.9825	0.9825	0.9825	0.9825	0.9825	0.9825	0.9825	0.9825	0.9825	0.9825	0.9825	0.9825	0.9825	0.9825	0.9825	0.9825	0.9825	0.9825	0.9825	0.9825	0.9825	0.9825	0.9825	0.9825	0.9825	0.9825	0.9825	0.9825	0.9825	0.9825	0.9825	0.9825	0.9825	0.9825	0.9825	0.9825	0.9825	0.9825	0.9825	0.9825	0.9825	0.9825	0.9825	0.9825	0.9825	0.9825	0.9825	0.9825	0.9825	0.9825	0.9825	0.9825	0.9825	0.9825	0.9825	0.9825	0.9825	0.9825	0.9825	0.9825	0.9825	0.9825	0.9825	0.9825	0.9825	0.9825	0.9825	0.9825	0.9825	0.9825	0.9825	0.9825	0.9825	0.9825	0.9825	0.9825	0.9825	0.9825	0.9825	0.9825	0.9825	0.9825	0.9825	0.9825	0.9825	0.9825	0.9825	0.9825	0.9825	0.9825	0.9825	0.9825	0.9825	0.9825	0.9825	0.9825	0.9825	0.9825	0.9825	0.9825	0.9825	0.9825	0.9825	0.9825	0.9825	0.9825	0.9825	0.9825	0.9825	0.981	0.981	0.981	0.981	0.981	0.981	0.981	0.981	0.981	0.981	0.981	0.981	0.981	0.981
10	0.0203	0.0203	0.0203	0.0203	0.0203	0.0203	0.0203	0.0203	0.0203	0.0203	0.0203	0.0203	0.0203	0.0203	0.0203	0.0203	0.0203	0.0203	0.0203	0.0203	0.0203	0.0203	0.0203	0.0203	0.0203	0.0114	0.0114	0.0114	0.0114	0.0114	0.0114	0.0114	0.0114	0.0114	0.0114	0.0114	0.0114	0.0114	0.0114	0.0114	0.0114	0.0114	0.0114	0.0114	0.0114	0.0114	0.0114	0.0114	0.0114	0.0114	0.0114	0.0114	0.0114	0.0114	0.0114	0.0114	0.0114	0.0114	0.0114	0.0114	0.0114	0.0114	0.0114	0.0114	0.0114	0.0114	0.0114	0.0114	0.0114	0.0114	0.0114	0.0114	0.0114	0.0114	0.0114	0.0114	0.0114	0.0114	0.0114	0.0114	0.0114	0.0114	0.0114	0.0114	0.0114	0.0114	0.0114	0.0114	0.0114	0.0114	0.0114	0.0114	0.0114	0.0114	0.0114	0.0114	0.0114	0.0114	0.0114	0.0114	0.0114	0.0114	0.0114	0.0114	0.0114	0.0114	0.0114	0.0114	0.0114	0.0114	0.0114	0.0114	0.0114	0.0114	0.0114	0.0114	0.0114	0.0114	0.0114	0.0114	0.0114	0.0114	0.0114	0.0114	0.0114	0.0114	0.0114	0.0114	0.0114	0.0114	0.0114	0.0114	0.0114	0.0114	0.0114	0.0114	0.0114	0.0114	0.0114	0.0114	0.0114	0.0114	0.0036	0.0036	0.0036	0.0036	0.0036	0.0036	0.0036	0.0036	0.0036	0.0036	0.0036	0.0036	0.0036	0.0036	0.0036	0.0036	0.0036	0.0036	0.0036	0.0036	0.0036	0.0036	0.0036	0.0036	0.0036	0.0036	0.0036	0.0036	0.0036	0.0036	0.0036	0.0036	0.0036	0.0036	0.0036	0.0036	0.0036	0.0036	0.0036	0.0036	0.0036	0.0036	0.0036	0.0036	0.0036	0.0036	0.0036	0.0036	0.0036	0.0036	0.0036	0.0036	0.0036	0.0036	0.0036	0.0036	0.0036	0.0036	0.0036	0.0036	0.0036	0.0036	0.0036	0.0036	0.0036	0.0036	0.0036	0.0036	0.0036	0.0036	0.0036	0.0036	0.0036	0.0036	0.0036	0.0036	0.0036	0.0036	0.0036	0.0036	0.0036	0.0036	0.0036	0.0036	0.0036	0.0036	0.0036	0.0036	0.0036	0.0036	0.0036	0.0036	0.0036	0.0036	0.015	0.015	0.015	0.015	0.015	0.015	0.015	0.015	0.015	0.015	0.015	0.015	0.015	0.015	0.015	0.015	0.015	0.015	0.015	0.015	0.015	0.015	0.015	0.015	0.015	0.015	0.015	0.015	0.015	0.015	0.015	0.015	0.015	0.015	0.015	0.015	0.015	0.015	0.015	0.015	0.015	0.015	0.015	0.015	0.015	0.015	0.015	0.015	0.015	0.015	0.015	0.015	0.015	0.015	0.015	0.015	0.015	0.015	0.015	0.015	0.015	0.015	0.015	0.015	0.015	0.015	0.015	0.015	0.015	0.015	0.015	0.015	0.015	0.015	0.015	0.015	0.015	0.015	0.015	0.015	0.015	0.015	0.015	0.015	0.015	0.015	0.015	0.015	0.015	0.015	0.015	0.015	0.015	0.015	0.9652	0.9652	0.9652	0.9652	0.9652	0.8969	0.9652	0.9652	0.9652	0.9652	0.9652	0.9652	0.9652	0.9652	0.9652	0.9652	0.9652	0.9652	0.9652	0.9652	0.9652	0.9652	0.9652	0.9652	0.9652	0.9652	0.9652	0.9652	0.9652	0.9652	0.9652	0.9652	0.9652	0.9652	0.9652	0.9652	0.9652	0.9652	0.9652	0.9652	0.9652	0.9652	0.9652	0.9652	0.9652	0.9652	0.9652	0.9652	0.9652	0.9652	0.9652	0.9652	0.9652	0.9652	0.9652	0.9652	0.9652	0.9652	0.9652	0.9652	0.9652	0.9652	0.9652	0.9652	0.9652	0.9652	0.9652	0.9652	0.9652	0.9652	0.9652	0.9652	0.9652	0.9652	0.9652	0.9652	0.9652	0.9652	0.9299	0.9652	0.8969	0.8969	0.8969	0.8969	0.8969	0.8969	0.8969	0.8969	0.8969	0.8969	0.8969	0.8969	0.8969	0.8969	0.8969	0.8969	0.8969	0.8969	0.8969	0.8969	0.8969	0.8969	0.8969	0.8969	0.8969	0.8969	0.8969	0.8969	0.8969	0.8969	0.8969	0.8969	0.8969	0.8969	0.8969	0.8969	0.9299	0.8969	0.8969	0.8969	0.8969	0.8969	0.8969	0.8969	0.8969	0.8969	0.8969	0.8969	0.8969	0.8969	0.8969	0.8969	0.8969	0.8969	0.8969	0.8969	0.8969	0.8969	0.8969	0.8969	0.8969	0.8969	0.8969	0.8969	0.8969	0.8969	0.8969	0.8969	0.8969	0.8969	0.8969	0.8969	0.8969	0.8969	0.8969	0.8969	0.8969	0.8969	0.8969	0.8969	0.8969	0.8969	0.8969	0.8969	0.8969	0.8969	0.8969	0.8969	0.8969	0.8969	0.8969	0.8969	0.8969	0.8969	0.8969	0.8969	0.8969	0.8969	0.8969	0.8969	0.8969	0.8969	0.8969	0.8969	0.8969	0.8969	0.8969	0.8969	0.8969	0.8969	0.8969	0.8969	0.8969	0.8969	0.8969	0.8969	0.8969	0.8969	0.8969	0.8969	0.8969	0.8969	0.8969	0.8969	0.8969	0.8969	0.8969	0.8969	0.8969	0.8969	0.8969	0.8969	0.8969	0.8969	0.8969	0.8969	0.8969	0.8969	0.8969	0.8969	0.8969	0.8969	0.8969	0.8969	0.8969	0.8969	0.8969	0.8969	0.8969	0.8969	0.8969	0.8969	0.8969	0.8969	0.8969	0.8969	0.8969	0.8969	0.8969	0.8969	0.8969	0.8969	0.8969	0.8969	0.8969	0.8969	0.8969	0.8969	0.8969	0.8969	0.8969	0.8969	0.8969	0.8969	0.8969	0.8969	0.9356	0.9356	0.9356	0.9356	0.9356	0.9356	0.9356	0.9356	0.9356	0.9356	0.9356	0.9356	0.9356	0.9356
11	0.0236	0.0236	0.0236	0.0236	0.0236	0.0236	0.0236	0.0236	0.0236	0.0236	0.0236	0.0236	0.0236	0.0236	0.0236	0.0236	0.0236	0.0236	0.0236	0.0236	0.0236	0.0236	0.0236	0.0236	0.0236	0.0223	0.0223	0.0223	0.0223	0.0223	0.0223	0.0223	0.0223	0.0223	0.0223	0.0223	0.0223	0.0223	0.0223	0.0223	0.0223	0.0223	0.0223	0.0223	0.0223	0.0223	0.0223	0.0223	0.0223	0.0223	0.0223	0.0223	0.0223	0.0223	0.0223	0.0223	0.0223	0.0223	0.0223	0.0223	0.0223	0.0223	0.0223	0.0223	0.0223	0.0223	0.0223	0.0223	0.0223	0.0223	0.0223	0.0223	0.0223	0.0223	0.0223	0.0223	0.0223	0.0223	0.0223	0.0223	0.0223	0.0223	0.0223	0.0223	0.0223	0.0223	0.0223	0.0223	0.0223	0.0223	0.0223	0.0223	0.0223	0.0223	0.0223	0.0223	0.0223	0.0223	0.0223	0.0223	0.0223	0.0223	0.0223	0.0223	0.0223	0.0223	0.0223	0.0223	0.0223	0.0223	0.0223	0.0223	0.0223	0.0223	0.0223	0.0223	0.0223	0.0223	0.0223	0.0223	0.0223	0.0223	0.0223	0.0223	0.0223	0.0223	0.0223	0.0223	0.0223	0.0223	0.0223	0.0223	0.0223	0.0223	0.0223	0.0223	0.0223	0.0223	0.0223	0.0223	0.0223	0.0223	0.0053	0.0053	0.0053	0.0053	0.0053	0.0053	0.0053	0.0053	0.0053	0.0053	0.0053	0.0053	0.0053	0.0053	0.0053	0.0053	0.0053	0.0053	0.0053	0.0053	0.0053	0.0053	0.0053	0.0053	0.0053	0.0053	0.0053	0.0053	0.0053	0.0053	0.0053	0.0053	0.0053	0.0053	0.0053	0.0053	0.0053	0.0053	0.0053	0.0053	0.0053	0.0053	0.0053	0.0053	0.0053	0.0053	0.0053	0.0053	0.0053	0.0053	0.0053	0.0053	0.0053	0.0053	0.0053	0.0053	0.0053	0.0053	0.0053	0.0053	0.0053	0.0053	0.0053	0.0053	0.0053	0.0053	0.0053	0.0053	0.0053	0.0053	0.0053	0.0053	0.0053	0.0053	0.0053	0.0053	0.0053	0.0053	0.0053	0.0053	0.0053	0.0053	0.0053	0.0053	0.0053	0.0053	0.0053	0.0053	0.0053	0.0053	0.0053	0.0053	0.0053	0.0053	0.0039	0.0039	0.0039	0.0039	0.0039	0.0039	0.0039	0.0039	0.0039	0.0039	0.0039	0.0039	0.0039	0.0039	0.0039	0.0039	0.0039	0.0039	0.0039	0.0039	0.0039	0.0039	0.0039	0.0039	0.0039	0.0039	0.0039	0.0039	0.0039	0.0039	0.0039	0.0039	0.0039	0.0039	0.0039	0.0039	0.0039	0.0039	0.0039	0.0039	0.0039	0.0039	0.0039	0.0039	0.0039	0.0039	0.0039	0.0039	0.0039	0.0039	0.0039	0.0039	0.0039	0.0039	0.0039	0.0039	0.0039	0.0039	0.0039	0.0039	0.0039	0.0039	0.0039	0.0039	0.0039	0.0039	0.0039	0.0039	0.0039	0.0039	0.0039	0.0039	0.0039	0.0039	0.0039	0.0039	0.0039	0.0039	0.0039	0.0039	0.0039	0.0039	0.0039	0.0039	0.0039	0.0039	0.0039	0.0039	0.0039	0.0039	0.0039	0.0039	0.0039	0.0039	0.9789	0.9789	0.9789	0.9789	0.9789	0.9686	0.9789	0.9789	0.9789	0.9789	0.9789	0.9789	0.9789	0.9789	0.9789	0.9789	0.9789	0.9789	0.9789	0.9789	0.9789	0.9789	0.9789	0.9789	0.9789	0.9789	0.9789	0.9789	0.9789	0.9789	0.9789	0.9789	0.9789	0.9789	0.9789	0.9789	0.9789	0.9789	0.9789	0.9789	0.9789	0.9789	0.9789	0.9789	0.9789	0.9789	0.9789	0.9789	0.9789	0.9789	0.9789	0.9789	0.9789	0.9789	0.9789	0.9789	0.9789	0.9789	0.9789	0.9789	0.9789	0.9789	0.9789	0.9789	0.9789	0.9789	0.9789	0.9789	0.9789	0.9789	0.9789	0.9789	0.9789	0.9789	0.9789	0.9789	0.9789	0.9789	0.9615	0.9789	0.9686	0.9686	0.9686	0.9686	0.9686	0.9686	0.9686	0.9686	0.9686	0.9686	0.9686	0.9686	0.9686	0.9686	0.9686	0.9686	0.9686	0.9686	0.9686	0.9686	0.9686	0.9686	0.9686	0.9686	0.9686	0.9686	0.9686	0.9686	0.9686	0.9686	0.9686	0.9686	0.9686	0.9686	0.9686	0.9686	0.9615	0.9686	0.9686	0.9686	0.9686	0.9686	0.9686	0.9686	0.9686	0.9686	0.9686	0.9686	0.9686	0.9686	0.9686	0.9686	0.9686	0.9686	0.9686	0.9686	0.9686	0.9686	0.9686	0.9686	0.9686	0.9686	0.9686	0.9686	0.9686	0.9686	0.9686	0.9686	0.9686	0.9686	0.9686	0.9686	0.9686	0.9686	0.9686	0.9686	0.9686	0.9686	0.9686	0.9686	0.9686	0.9686	0.9686	0.9686	0.9686	0.9686	0.9686	0.9686	0.9686	0.9686	0.9686	0.9686	0.9686	0.9686	0.9686	0.9686	0.9686	0.9686	0.9686	0.9686	0.9686	0.9686	0.9686	0.9686	0.9686	0.9686	0.9686	0.9686	0.9686	0.9686	0.9686	0.9686	0.9686	0.9686	0.9686	0.9686	0.9686	0.9686	0.9686	0.9686	0.9686	0.9686	0.9686	0.9686	0.9686	0.9686	0.9686	0.9686	0.9686	0.9686	0.9686	0.9686	0.9686	0.9686	0.9686	0.9686	0.9686	0.9686	0.9686	0.9686	0.9686	0.9686	0.9686	0.9686	0.9686	0.9686	0.9686	0.9686	0.9686	0.9686	0.9686	0.9686	0.9686	0.9686	0.9686	0.9686	0.9686	0.9686	0.9686	0.9686	0.9686	0.9686	0.9686	0.9686	0.9686	0.9686	0.9686	0.9686	0.9686	0.9686	0.9686	0.9686	0.9686	0.9686	0.9686	0.9686	0.9601	0.9601	0.9601	0.9601	0.9601	0.9601	0.9601	0.9601	0.9601	0.9601	0.9601	0.9601	0.9601	0.9601
12	0.0143	0.0143	0.0143	0.0143	0.0143	0.0143	0.0143	0.0143	0.0143	0.0143	0.0143	0.0143	0.0143	0.0143	0.0143	0.0143	0.0143	0.0143	0.0143	0.0143	0.0143	0.0143	0.0143	0.0143	0.0143	0.0119	0.0119	0.0119	0.0119	0.0119	0.0119	0.0119	0.0119	0.0119	0.0119	0.0119	0.0119	0.0119	0.0119	0.0119	0.0119	0.0119	0.0119	0.0119	0.0119	0.0119	0.0119	0.0119	0.0119	0.0119	0.0119	0.0119	0.0119	0.0119	0.0119	0.0119	0.0119	0.0119	0.0119	0.0119	0.0119	0.0119	0.0119	0.0119	0.0119	0.0119	0.0119	0.0119	0.0119	0.0119	0.0119	0.0119	0.0119	0.0119	0.0119	0.0119	0.0119	0.0119	0.0119	0.0119	0.0119	0.0119	0.0119	0.0119	0.0119	0.0119	0.0119	0.0119	0.0119	0.0119	0.0119	0.0119	0.0119	0.0119	0.0119	0.0119	0.0119	0.0119	0.0119	0.0119	0.0119	0.0119	0.0119	0.0119	0.0119	0.0119	0.0119	0.0119	0.0119	0.0119	0.0119	0.0119	0.0119	0.0119	0.0119	0.0119	0.0119	0.0119	0.0119	0.0119	0.0119	0.0119	0.0119	0.0119	0.0119	0.0119	0.0119	0.0119	0.0119	0.0119	0.0119	0.0119	0.0119	0.0119	0.0119	0.0119	0.0119	0.0119	0.0119	0.0119	0.0119	0.0119	0.0042	0.0042	0.0042	0.0042	0.0042	0.0042	0.0042	0.0042	0.0042	0.0042	0.0042	0.0042	0.0042	0.0042	0.0042	0.0042	0.0042	0.0042	0.0042	0.0042	0.0042	0.0042	0.0042	0.0042	0.0042	0.0042	0.0042	0.0042	0.0042	0.0042	0.0042	0.0042	0.0042	0.0042	0.0042	0.0042	0.0042	0.0042	0.0042	0.0042	0.0042	0.0042	0.0042	0.0042	0.0042	0.0042	0.0042	0.0042	0.0042	0.0042	0.0042	0.0042	0.0042	0.0042	0.0042	0.0042	0.0042	0.0042	0.0042	0.0042	0.0042	0.0042	0.0042	0.0042	0.0042	0.0042	0.0042	0.0042	0.0042	0.0042	0.0042	0.0042	0.0042	0.0042	0.0042	0.0042	0.0042	0.0042	0.0042	0.0042	0.0042	0.0042	0.0042	0.0042	0.0042	0.0042	0.0042	0.0042	0.0042	0.0042	0.0042	0.0042	0.0042	0.0042	0.0042	0.0042	0.0042	0.0042	0.0042	0.0042	0.0042	0.0042	0.0042	0.0042	0.0042	0.0042	0.0042	0.0042	0.0042	0.0042	0.0042	0.0042	0.0042	0.0042	0.0042	0.0042	0.0042	0.0042	0.0042	0.0042	0.0042	0.0042	0.0042	0.0042	0.0042	0.0042	0.0042	0.0042	0.0042	0.0042	0.0042	0.0042	0.0042	0.0042	0.0042	0.0042	0.0042	0.0042	0.0042	0.0042	0.0042	0.0042	0.0042	0.0042	0.0042	0.0042	0.0042	0.0042	0.0042	0.0042	0.0042	0.0042	0.0042	0.0042	0.0042	0.0042	0.0042	0.0042	0.0042	0.0042	0.0042	0.0042	0.0042	0.0042	0.0042	0.0042	0.0042	0.0042	0.0042	0.0042	0.0042	0.0042	0.0042	0.0042	0.0042	0.0042	0.0042	0.0042	0.0042	0.0042	0.0042	0.0042	0.0042	0.0042	0.0042	0.0042	0.0042	0.0042	0.8899	0.8899	0.8899	0.8899	0.8899	0.9795	0.8899	0.8899	0.8899	0.8899	0.8899	0.8899	0.8899	0.8899	0.8899	0.8899	0.8899	0.8899	0.8899	0.8899	0.8899	0.8899	0.8899	0.8899	0.8899	0.8899	0.8899	0.8899	0.8899	0.8899	0.8899	0.8899	0.8899	0.8899	0.8899	0.8899	0.8899	0.8899	0.8899	0.8899	0.8899	0.8899	0.8899	0.8899	0.8899	0.8899	0.8899	0.8899	0.8899	0.8899	0.8899	0.8899	0.8899	0.8899	0.8899	0.8899	0.8899	0.8899	0.8899	0.8899	0.8899	0.8899	0.8899	0.8899	0.8899	0.8899	0.8899	0.8899	0.8899	0.8899	0.8899	0.8899	0.8899	0.8899	0.8899	0.8899	0.8899	0.8899	0.9021	0.8899	0.9795	0.9795	0.9795	0.9795	0.9795	0.9795	0.9795	0.9795	0.9795	0.9795	0.9795	0.9795	0.9795	0.9795	0.9795	0.9795	0.9795	0.9795	0.9795	0.9795	0.9795	0.9795	0.9795	0.9795	0.9795	0.9795	0.9795	0.9795	0.9795	0.9795	0.9795	0.9795	0.9795	0.9795	0.9795	0.9795	0.9021	0.9795	0.9795	0.9795	0.9795	0.9795	0.9795	0.9795	0.9795	0.9795	0.9795	0.9795	0.9795	0.9795	0.9795	0.9795	0.9795	0.9795	0.9795	0.9795	0.9795	0.9795	0.9795	0.9795	0.9795	0.9795	0.9795	0.9795	0.9795	0.9795	0.9795	0.9795	0.9795	0.9795	0.9795	0.9795	0.9795	0.9795	0.9795	0.9795	0.9795	0.9795	0.9795	0.9795	0.9795	0.9795	0.9795	0.9795	0.9795	0.9795	0.9795	0.9795	0.9795	0.9795	0.9795	0.9795	0.9795	0.9795	0.9795	0.9795	0.9795	0.9795	0.9795	0.9795	0.9795	0.9795	0.9795	0.9795	0.9795	0.9795	0.9795	0.9795	0.9795	0.9795	0.9795	0.9795	0.9795	0.9795	0.9795	0.9795	0.9795	0.9795	0.9795	0.9795	0.9795	0.9795	0.9795	0.9795	0.9795	0.9795	0.9795	0.9795	0.9795	0.9795	0.9795	0.9795	0.9795	0.9795	0.9795	0.9795	0.9795	0.9795	0.9795	0.9795	0.9795	0.9795	0.9795	0.9795	0.9795	0.9795	0.9795	0.9795	0.9795	0.9795	0.9795	0.9795	0.9795	0.9795	0.9795	0.9795	0.9795	0.9795	0.9795	0.9795	0.9795	0.9795	0.9795	0.9795	0.9795	0.9795	0.9795	0.9795	0.9795	0.9795	0.9795	0.9795	0.9795	0.9795	0.9795	0.9795	0.9319	0.9319	0.9319	0.9319	0.9319	0.9319	0.9319	0.9319	0.9319	0.9319	0.9319	0.9319	0.9319	0.9319
13	0.0137	0.0137	0.0137	0.0137	0.0137	0.0137	0.0137	0.0137	0.0137	0.0137	0.0137	0.0137	0.0137	0.0137	0.0137	0.0137	0.0137	0.0137	0.0137	0.0137	0.0137	0.0137	0.0137	0.0137	0.0137	0.0115	0.0115	0.0115	0.0115	0.0115	0.0115	0.0115	0.0115	0.0115	0.0115	0.0115	0.0115	0.0115	0.0115	0.0115	0.0115	0.0115	0.0115	0.0115	0.0115	0.0115	0.0115	0.0115	0.0115	0.0115	0.0115	0.0115	0.0115	0.0115	0.0115	0.0115	0.0115	0.0115	0.0115	0.0115	0.0115	0.0115	0.0115	0.0115	0.0115	0.0115	0.0115	0.0115	0.0115	0.0115	0.0115	0.0115	0.0115	0.0115	0.0115	0.0115	0.0115	0.0115	0.0115	0.0115	0.0115	0.0115	0.0115	0.0115	0.0115	0.0115	0.0115	0.0115	0.0115	0.0115	0.0115	0.0115	0.0115	0.0115	0.0115	0.0115	0.0115	0.0115	0.0115	0.0115	0.0115	0.0115	0.0115	0.0115	0.0115	0.0115	0.0115	0.0115	0.0115	0.0115	0.0115	0.0115	0.0115	0.0115	0.0115	0.0115	0.0115	0.0115	0.0115	0.0115	0.0115	0.0115	0.0115	0.0115	0.0115	0.0115	0.0115	0.0115	0.0115	0.0115	0.0115	0.0115	0.0115	0.0115	0.0115	0.0115	0.0115	0.0115	0.0115	0.0115	0.0115	0.0115	0.0062	0.0062	0.0062	0.0062	0.0062	0.0062	0.0062	0.0062	0.0062	0.0062	0.0062	0.0062	0.0062	0.0062	0.0062	0.0062	0.0062	0.0062	0.0062	0.0062	0.0062	0.0062	0.0062	0.0062	0.0062	0.0062	0.0062	0.0062	0.0062	0.0062	0.0062	0.0062	0.0062	0.0062	0.0062	0.0062	0.0062	0.0062	0.0062	0.0062	0.0062	0.0062	0.0062	0.0062	0.0062	0.0062	0.0062	0.0062	0.0062	0.0062	0.0062	0.0062	0.0062	0.0062	0.0062	0.0062	0.0062	0.0062	0.0062	0.0062	0.0062	0.0062	0.0062	0.0062	0.0062	0.0062	0.0062	0.0062	0.0062	0.0062	0.0062	0.0062	0.0062	0.0062	0.0062	0.0062	0.0062	0.0062	0.0062	0.0062	0.0062	0.0062	0.0062	0.0062	0.0062	0.0062	0.0062	0.0062	0.0062	0.0062	0.0062	0.0062	0.0062	0.0062	0.004	0.004	0.004	0.004	0.004	0.004	0.004	0.004	0.004	0.004	0.004	0.004	0.004	0.004	0.004	0.004	0.004	0.004	0.004	0.004	0.004	0.004	0.004	0.004	0.004	0.004	0.004	0.004	0.004	0.004	0.004	0.004	0.004	0.004	0.004	0.004	0.004	0.004	0.004	0.004	0.004	0.004	0.004	0.004	0.004	0.004	0.004	0.004	0.004	0.004	0.004	0.004	0.004	0.004	0.004	0.004	0.004	0.004	0.004	0.004	0.004	0.004	0.004	0.004	0.004	0.004	0.004	0.004	0.004	0.004	0.004	0.004	0.004	0.004	0.004	0.004	0.004	0.004	0.004	0.004	0.004	0.004	0.004	0.004	0.004	0.004	0.004	0.004	0.004	0.004	0.004	0.004	0.004	0.004	0.9508	0.9508	0.9508	0.9508	0.9508	0.9373	0.9508	0.9508	0.9508	0.9508	0.9508	0.9508	0.9508	0.9508	0.9508	0.9508	0.9508	0.9508	0.9508	0.9508	0.9508	0.9508	0.9508	0.9508	0.9508	0.9508	0.9508	0.9508	0.9508	0.9508	0.9508	0.9508	0.9508	0.9508	0.9508	0.9508	0.9508	0.9508	0.9508	0.9508	0.9508	0.9508	0.9508	0.9508	0.9508	0.9508	0.9508	0.9508	0.9508	0.9508	0.9508	0.9508	0.9508	0.9508	0.9508	0.9508	0.9508	0.9508	0.9508	0.9508	0.9508	0.9508	0.9508	0.9508	0.9508	0.9508	0.9508	0.9508	0.9508	0.9508	0.9508	0.9508	0.9508	0.9508	0.9508	0.9508	0.9508	0.9508	0.9465	0.9508	0.9373	0.9373	0.9373	0.9373	0.9373	0.9373	0.9373	0.9373	0.9373	0.9373	0.9373	0.9373	0.9373	0.9373	0.9373	0.9373	0.9373	0.9373	0.9373	0.9373	0.9373	0.9373	0.9373	0.9373	0.9373	0.9373	0.9373	0.9373	0.9373	0.9373	0.9373	0.9373	0.9373	0.9373	0.9373	0.9373	0.9465	0.9373	0.9373	0.9373	0.9373	0.9373	0.9373	0.9373	0.9373	0.9373	0.9373	0.9373	0.9373	0.9373	0.9373	0.9373	0.9373	0.9373	0.9373	0.9373	0.9373	0.9373	0.9373	0.9373	0.9373	0.9373	0.9373	0.9373	0.9373	0.9373	0.9373	0.9373	0.9373	0.9373	0.9373	0.9373	0.9373	0.9373	0.9373	0.9373	0.9373	0.9373	0.9373	0.9373	0.9373	0.9373	0.9373	0.9373	0.9373	0.9373	0.9373	0.9373	0.9373	0.9373	0.9373	0.9373	0.9373	0.9373	0.9373	0.9373	0.9373	0.9373	0.9373	0.9373	0.9373	0.9373	0.9373	0.9373	0.9373	0.9373	0.9373	0.9373	0.9373	0.9373	0.9373	0.9373	0.9373	0.9373	0.9373	0.9373	0.9373	0.9373	0.9373	0.9373	0.9373	0.9373	0.9373	0.9373	0.9373	0.9373	0.9373	0.9373	0.9373	0.9373	0.9373	0.9373	0.9373	0.9373	0.9373	0.9373	0.9373	0.9373	0.9373	0.9373	0.9373	0.9373	0.9373	0.9373	0.9373	0.9373	0.9373	0.9373	0.9373	0.9373	0.9373	0.9373	0.9373	0.9373	0.9373	0.9373	0.9373	0.9373	0.9373	0.9373	0.9373	0.9373	0.9373	0.9373	0.9373	0.9373	0.9373	0.9373	0.9373	0.9373	0.9373	0.9373	0.9373	0.9373	0.9373	0.9373	0.4231	0.4231	0.4231	0.4231	0.4231	0.4231	0.4231	0.4231	0.4231	0.4231	0.4231	0.4231	0.4231	0.4231
14	0.0144	0.0144	0.0144	0.0144	0.0144	0.0144	0.0144	0.0144	0.0144	0.0144	0.0144	0.0144	0.0144	0.0144	0.0144	0.0144	0.0144	0.0144	0.0144	0.0144	0.0144	0.0144	0.0144	0.0144	0.0144	0.0034	0.0034	0.0034	0.0034	0.0034	0.0034	0.0034	0.0034	0.0034	0.0034	0.0034	0.0034	0.0034	0.0034	0.0034	0.0034	0.0034	0.0034	0.0034	0.0034	0.0034	0.0034	0.0034	0.0034	0.0034	0.0034	0.0034	0.0034	0.0034	0.0034	0.0034	0.0034	0.0034	0.0034	0.0034	0.0034	0.0034	0.0034	0.0034	0.0034	0.0034	0.0034	0.0034	0.0034	0.0034	0.0034	0.0034	0.0034	0.0034	0.0034	0.0034	0.0034	0.0034	0.0034	0.0034	0.0034	0.0034	0.0034	0.0034	0.0034	0.0034	0.0034	0.0034	0.0034	0.0034	0.0034	0.0034	0.0034	0.0034	0.0034	0.0034	0.0034	0.0034	0.0034	0.0034	0.0034	0.0034	0.0034	0.0034	0.0034	0.0034	0.0034	0.0034	0.0034	0.0034	0.0034	0.0034	0.0034	0.0034	0.0034	0.0034	0.0034	0.0034	0.0034	0.0034	0.0034	0.0034	0.0034	0.0034	0.0034	0.0034	0.0034	0.0034	0.0034	0.0034	0.0034	0.0034	0.0034	0.0034	0.0034	0.0034	0.0034	0.0034	0.0034	0.0034	0.0034	0.0034	0.0146	0.0146	0.0146	0.0146	0.0146	0.0146	0.0146	0.0146	0.0146	0.0146	0.0146	0.0146	0.0146	0.0146	0.0146	0.0146	0.0146	0.0146	0.0146	0.0146	0.0146	0.0146	0.0146	0.0146	0.0146	0.0146	0.0146	0.0146	0.0146	0.0146	0.0146	0.0146	0.0146	0.0146	0.0146	0.0146	0.0146	0.0146	0.0146	0.0146	0.0146	0.0146	0.0146	0.0146	0.0146	0.0146	0.0146	0.0146	0.0146	0.0146	0.0146	0.0146	0.0146	0.0146	0.0146	0.0146	0.0146	0.0146	0.0146	0.0146	0.0146	0.0146	0.0146	0.0146	0.0146	0.0146	0.0146	0.0146	0.0146	0.0146	0.0146	0.0146	0.0146	0.0146	0.0146	0.0146	0.0146	0.0146	0.0146	0.0146	0.0146	0.0146	0.0146	0.0146	0.0146	0.0146	0.0146	0.0146	0.0146	0.0146	0.0146	0.0146	0.0146	0.0146	0.0154	0.0154	0.0154	0.0154	0.0154	0.0154	0.0154	0.0154	0.0154	0.0154	0.0154	0.0154	0.0154	0.0154	0.0154	0.0154	0.0154	0.0154	0.0154	0.0154	0.0154	0.0154	0.0154	0.0154	0.0154	0.0154	0.0154	0.0154	0.0154	0.0154	0.0154	0.0154	0.0154	0.0154	0.0154	0.0154	0.0154	0.0154	0.0154	0.0154	0.0154	0.0154	0.0154	0.0154	0.0154	0.0154	0.0154	0.0154	0.0154	0.0154	0.0154	0.0154	0.0154	0.0154	0.0154	0.0154	0.0154	0.0154	0.0154	0.0154	0.0154	0.0154	0.0154	0.0154	0.0154	0.0154	0.0154	0.0154	0.0154	0.0154	0.0154	0.0154	0.0154	0.0154	0.0154	0.0154	0.0154	0.0154	0.0154	0.0154	0.0154	0.0154	0.0154	0.0154	0.0154	0.0154	0.0154	0.0154	0.0154	0.0154	0.0154	0.0154	0.0154	0.0154	0.9518	0.9518	0.9518	0.9518	0.9518	0.9795	0.9518	0.9518	0.9518	0.9518	0.9518	0.9518	0.9518	0.9518	0.9518	0.9518	0.9518	0.9518	0.9518	0.9518	0.9518	0.9518	0.9518	0.9518	0.9518	0.9518	0.9518	0.9518	0.9518	0.9518	0.9518	0.9518	0.9518	0.9518	0.9518	0.9518	0.9518	0.9518	0.9518	0.9518	0.9518	0.9518	0.9518	0.9518	0.9518	0.9518	0.9518	0.9518	0.9518	0.9518	0.9518	0.9518	0.9518	0.9518	0.9518	0.9518	0.9518	0.9518	0.9518	0.9518	0.9518	0.9518	0.9518	0.9518	0.9518	0.9518	0.9518	0.9518	0.9518	0.9518	0.9518	0.9518	0.9518	0.9518	0.9518	0.9518	0.9518	0.9518	0.9415	0.9518	0.9795	0.9795	0.9795	0.9795	0.9795	0.9795	0.9795	0.9795	0.9795	0.9795	0.9795	0.9795	0.9795	0.9795	0.9795	0.9795	0.9795	0.9795	0.9795	0.9795	0.9795	0.9795	0.9795	0.9795	0.9795	0.9795	0.9795	0.9795	0.9795	0.9795	0.9795	0.9795	0.9795	0.9795	0.9795	0.9795	0.9415	0.9795	0.9795	0.9795	0.9795	0.9795	0.9795	0.9795	0.9795	0.9795	0.9795	0.9795	0.9795	0.9795	0.9795	0.9795	0.9795	0.9795	0.9795	0.9795	0.9795	0.9795	0.9795	0.9795	0.9795	0.9795	0.9795	0.9795	0.9795	0.9795	0.9795	0.9795	0.9795	0.9795	0.9795	0.9795	0.9795	0.9795	0.9795	0.9795	0.9795	0.9795	0.9795	0.9795	0.9795	0.9795	0.9795	0.9795	0.9795	0.9795	0.9795	0.9795	0.9795	0.9795	0.9795	0.9795	0.9795	0.9795	0.9795	0.9795	0.9795	0.9795	0.9795	0.9795	0.9795	0.9795	0.9795	0.9795	0.9795	0.9795	0.9795	0.9795	0.9795	0.9795	0.9795	0.9795	0.9795	0.9795	0.9795	0.9795	0.9795	0.9795	0.9795	0.9795	0.9795	0.9795	0.9795	0.9795	0.9795	0.9795	0.9795	0.9795	0.9795	0.9795	0.9795	0.9795	0.9795	0.9795	0.9795	0.9795	0.9795	0.9795	0.9795	0.9795	0.9795	0.9795	0.9795	0.9795	0.9795	0.9795	0.9795	0.9795	0.9795	0.9795	0.9795	0.9795	0.9795	0.9795	0.9795	0.9795	0.9795	0.9795	0.9795	0.9795	0.9795	0.9795	0.9795	0.9795	0.9795	0.9795	0.9795	0.9795	0.9795	0.9795	0.9795	0.9795	0.9795	0.9795	0.9795	0.9795	0.9633	0.9633	0.9633	0.9633	0.9633	0.9633	0.9633	0.9633	0.9633	0.9633	0.9633	0.9633	0.9633	0.9633
15	0.0164	0.0164	0.0164	0.0164	0.0164	0.0164	0.0164	0.0164	0.0164	0.0164	0.0164	0.0164	0.0164	0.0164	0.0164	0.0164	0.0164	0.0164	0.0164	0.0164	0.0164	0.0164	0.0164	0.0164	0.0164	0.002	0.002	0.002	0.002	0.002	0.002	0.002	0.002	0.002	0.002	0.002	0.002	0.002	0.002	0.002	0.002	0.002	0.002	0.002	0.002	0.002	0.002	0.002	0.002	0.002	0.002	0.002	0.002	0.002	0.002	0.002	0.002	0.002	0.002	0.002	0.002	0.002	0.002	0.002	0.002	0.002	0.002	0.002	0.002	0.002	0.002	0.002	0.002	0.002	0.002	0.002	0.002	0.002	0.002	0.002	0.002	0.002	0.002	0.002	0.002	0.002	0.002	0.002	0.002	0.002	0.002	0.002	0.002	0.002	0.002	0.002	0.002	0.002	0.002	0.002	0.002	0.002	0.002	0.002	0.002	0.002	0.002	0.002	0.002	0.002	0.002	0.002	0.002	0.002	0.002	0.002	0.002	0.002	0.002	0.002	0.002	0.002	0.002	0.002	0.002	0.002	0.002	0.002	0.002	0.002	0.002	0.002	0.002	0.002	0.002	0.002	0.002	0.002	0.002	0.002	0.002	0.002	0.0022	0.0022	0.0022	0.0022	0.0022	0.0022	0.0022	0.0022	0.0022	0.0022	0.0022	0.0022	0.0022	0.0022	0.0022	0.0022	0.0022	0.0022	0.0022	0.0022	0.0022	0.0022	0.0022	0.0022	0.0022	0.0022	0.0022	0.0022	0.0022	0.0022	0.0022	0.0022	0.0022	0.0022	0.0022	0.0022	0.0022	0.0022	0.0022	0.0022	0.0022	0.0022	0.0022	0.0022	0.0022	0.0022	0.0022	0.0022	0.0022	0.0022	0.0022	0.0022	0.0022	0.0022	0.0022	0.0022	0.0022	0.0022	0.0022	0.0022	0.0022	0.0022	0.0022	0.0022	0.0022	0.0022	0.0022	0.0022	0.0022	0.0022	0.0022	0.0022	0.0022	0.0022	0.0022	0.0022	0.0022	0.0022	0.0022	0.0022	0.0022	0.0022	0.0022	0.0022	0.0022	0.0022	0.0022	0.0022	0.0022	0.0022	0.0022	0.0022	0.0022	0.0022	0.0043	0.0043	0.0043	0.0043	0.0043	0.0043	0.0043	0.0043	0.0043	0.0043	0.0043	0.0043	0.0043	0.0043	0.0043	0.0043	0.0043	0.0043	0.0043	0.0043	0.0043	0.0043	0.0043	0.0043	0.0043	0.0043	0.0043	0.0043	0.0043	0.0043	0.0043	0.0043	0.0043	0.0043	0.0043	0.0043	0.0043	0.0043	0.0043	0.0043	0.0043	0.0043	0.0043	0.0043	0.0043	0.0043	0.0043	0.0043	0.0043	0.0043	0.0043	0.0043	0.0043	0.0043	0.0043	0.0043	0.0043	0.0043	0.0043	0.0043	0.0043	0.0043	0.0043	0.0043	0.0043	0.0043	0.0043	0.0043	0.0043	0.0043	0.0043	0.0043	0.0043	0.0043	0.0043	0.0043	0.0043	0.0043	0.0043	0.0043	0.0043	0.0043	0.0043	0.0043	0.0043	0.0043	0.0043	0.0043	0.0043	0.0043	0.0043	0.0043	0.0043	0.0043	0.9739	0.9739	0.9739	0.9739	0.9739	0.9781	0.9739	0.9739	0.9739	0.9739	0.9739	0.9739	0.9739	0.9739	0.9739	0.9739	0.9739	0.9739	0.9739	0.9739	0.9739	0.9739	0.9739	0.9739	0.9739	0.9739	0.9739	0.9739	0.9739	0.9739	0.9739	0.9739	0.9739	0.9739	0.9739	0.9739	0.9739	0.9739	0.9739	0.9739	0.9739	0.9739	0.9739	0.9739	0.9739	0.9739	0.9739	0.9739	0.9739	0.9739	0.9739	0.9739	0.9739	0.9739	0.9739	0.9739	0.9739	0.9739	0.9739	0.9739	0.9739	0.9739	0.9739	0.9739	0.9739	0.9739	0.9739	0.9739	0.9739	0.9739	0.9739	0.9739	0.9739	0.9739	0.9739	0.9739	0.9739	0.9739	0.9583	0.9739	0.9781	0.9781	0.9781	0.9781	0.9781	0.9781	0.9781	0.9781	0.9781	0.9781	0.9781	0.9781	0.9781	0.9781	0.9781	0.9781	0.9781	0.9781	0.9781	0.9781	0.9781	0.9781	0.9781	0.9781	0.9781	0.9781	0.9781	0.9781	0.9781	0.9781	0.9781	0.9781	0.9781	0.9781	0.9781	0.9781	0.9583	0.9781	0.9781	0.9781	0.9781	0.9781	0.9781	0.9781	0.9781	0.9781	0.9781	0.9781	0.9781	0.9781	0.9781	0.9781	0.9781	0.9781	0.9781	0.9781	0.9781	0.9781	0.9781	0.9781	0.9781	0.9781	0.9781	0.9781	0.9781	0.9781	0.9781	0.9781	0.9781	0.9781	0.9781	0.9781	0.9781	0.9781	0.9781	0.9781	0.9781	0.9781	0.9781	0.9781	0.9781	0.9781	0.9781	0.9781	0.9781	0.9781	0.9781	0.9781	0.9781	0.9781	0.9781	0.9781	0.9781	0.9781	0.9781	0.9781	0.9781	0.9781	0.9781	0.9781	0.9781	0.9781	0.9781	0.9781	0.9781	0.9781	0.9781	0.9781	0.9781	0.9781	0.9781	0.9781	0.9781	0.9781	0.9781	0.9781	0.9781	0.9781	0.9781	0.9781	0.9781	0.9781	0.9781	0.9781	0.9781	0.9781	0.9781	0.9781	0.9781	0.9781	0.9781	0.9781	0.9781	0.9781	0.9781	0.9781	0.9781	0.9781	0.9781	0.9781	0.9781	0.9781	0.9781	0.9781	0.9781	0.9781	0.9781	0.9781	0.9781	0.9781	0.9781	0.9781	0.9781	0.9781	0.9781	0.9781	0.9781	0.9781	0.9781	0.9781	0.9781	0.9781	0.9781	0.9781	0.9781	0.9781	0.9781	0.9781	0.9781	0.9781	0.9781	0.9781	0.9781	0.9781	0.9781	0.9781	0.6213	0.6213	0.6213	0.6213	0.6213	0.6213	0.6213	0.6213	0.6213	0.6213	0.6213	0.6213	0.6213	0.6213
16	0.9533	0.9533	0.9533	0.9533	0.9533	0.9533	0.9533	0.9533	0.9533	0.9533	0.9533	0.9533	0.9533	0.9533	0.9533	0.9533	0.9533	0.9533	0.9533	0.9533	0.9533	0.9533	0.9533	0.9533	0.9533	0.9637	0.9637	0.9637	0.9637	0.9637	0.9637	0.9637	0.9637	0.9637	0.9637	0.9637	0.9637	0.9637	0.9637	0.9637	0.9637	0.9637	0.9637	0.9637	0.9637	0.9637	0.9637	0.9637	0.9637	0.9637	0.9637	0.9637	0.9637	0.9637	0.9637	0.9637	0.9637	0.9637	0.9637	0.9637	0.9637	0.9637	0.9637	0.9637	0.9637	0.9637	0.9637	0.9637	0.9637	0.9637	0.9637	0.9637	0.9637	0.9637	0.9637	0.9637	0.9637	0.9637	0.9637	0.9637	0.9637	0.9637	0.9637	0.9637	0.9637	0.9637	0.9637	0.9637	0.9637	0.9637	0.9637	0.9637	0.9637	0.9637	0.9637	0.9637	0.9637	0.9637	0.9637	0.9637	0.9637	0.9637	0.9637	0.9637	0.9637	0.9637	0.9637	0.9637	0.9637	0.9637	0.9637	0.9637	0.9637	0.9637	0.9637	0.9637	0.9637	0.9637	0.9637	0.9637	0.9637	0.9637	0.9637	0.9637	0.9637	0.9637	0.9637	0.9637	0.9637	0.9637	0.9637	0.9637	0.9637	0.9637	0.9637	0.9637	0.9637	0.9637	0.9637	0.9637	0.9637	0.9637	0.0126	0.0126	0.0126	0.0126	0.0126	0.0126	0.0126	0.0126	0.0126	0.0126	0.0126	0.0126	0.0126	0.0126	0.0126	0.0126	0.0126	0.0126	0.0126	0.0126	0.0126	0.0126	0.0126	0.0126	0.0126	0.0126	0.0126	0.0126	0.0126	0.0126	0.0126	0.0126	0.0126	0.0126	0.0126	0.0126	0.0126	0.0126	0.0126	0.0126	0.0126	0.0126	0.0126	0.0126	0.0126	0.0126	0.0126	0.0126	0.0126	0.0126	0.0126	0.0126	0.0126	0.0126	0.0126	0.0126	0.0126	0.0126	0.0126	0.0126	0.0126	0.0126	0.0126	0.0126	0.0126	0.0126	0.0126	0.0126	0.0126	0.0126	0.0126	0.0126	0.0126	0.0126	0.0126	0.0126	0.0126	0.0126	0.0126	0.0126	0.0126	0.0126	0.0126	0.0126	0.0126	0.0126	0.0126	0.0126	0.0126	0.0126	0.0126	0.0126	0.0126	0.0126	0.0035	0.0035	0.0035	0.0035	0.0035	0.0035	0.0035	0.0035	0.0035	0.0035	0.0035	0.0035	0.0035	0.0035	0.0035	0.0035	0.0035	0.0035	0.0035	0.0035	0.0035	0.0035	0.0035	0.0035	0.0035	0.0035	0.0035	0.0035	0.0035	0.0035	0.0035	0.0035	0.0035	0.0035	0.0035	0.0035	0.0035	0.0035	0.0035	0.0035	0.0035	0.0035	0.0035	0.0035	0.0035	0.0035	0.0035	0.0035	0.0035	0.0035	0.0035	0.0035	0.0035	0.0035	0.0035	0.0035	0.0035	0.0035	0.0035	0.0035	0.0035	0.0035	0.0035	0.0035	0.0035	0.0035	0.0035	0.0035	0.0035	0.0035	0.0035	0.0035	0.0035	0.0035	0.0035	0.0035	0.0035	0.0035	0.0035	0.0035	0.0035	0.0035	0.0035	0.0035	0.0035	0.0035	0.0035	0.0035	0.0035	0.0035	0.0035	0.0035	0.0035	0.0035	0.0011	0.0011	0.0011	0.0011	0.0011	0.0095	0.0011	0.0011	0.0011	0.0011	0.0011	0.0011	0.0011	0.0011	0.0011	0.0011	0.0011	0.0011	0.0011	0.0011	0.0011	0.0011	0.0011	0.0011	0.0011	0.0011	0.0011	0.0011	0.0011	0.0011	0.0011	0.0011	0.0011	0.0011	0.0011	0.0011	0.0011	0.0011	0.0011	0.0011	0.0011	0.0011	0.0011	0.0011	0.0011	0.0011	0.0011	0.0011	0.0011	0.0011	0.0011	0.0011	0.0011	0.0011	0.0011	0.0011	0.0011	0.0011	0.0011	0.0011	0.0011	0.0011	0.0011	0.0011	0.0011	0.0011	0.0011	0.0011	0.0011	0.0011	0.0011	0.0011	0.0011	0.0011	0.0011	0.0011	0.0011	0.0011	0.0085	0.0011	0.0095	0.0095	0.0095	0.0095	0.0095	0.0095	0.0095	0.0095	0.0095	0.0095	0.0095	0.0095	0.0095	0.0095	0.0095	0.0095	0.0095	0.0095	0.0095	0.0095	0.0095	0.0095	0.0095	0.0095	0.0095	0.0095	0.0095	0.0095	0.0095	0.0095	0.0095	0.0095	0.0095	0.0095	0.0095	0.0095	0.0085	0.0095	0.0095	0.0095	0.0095	0.0095	0.0095	0.0095	0.0095	0.0095	0.0095	0.0095	0.0095	0.0095	0.0095	0.0095	0.0095	0.0095	0.0095	0.0095	0.0095	0.0095	0.0095	0.0095	0.0095	0.0095	0.0095	0.0095	0.0095	0.0095	0.0095	0.0095	0.0095	0.0095	0.0095	0.0095	0.0095	0.0095	0.0095	0.0095	0.0095	0.0095	0.0095	0.0095	0.0095	0.0095	0.0095	0.0095	0.0095	0.0095	0.0095	0.0095	0.0095	0.0095	0.0095	0.0095	0.0095	0.0095	0.0095	0.0095	0.0095	0.0095	0.0095	0.0095	0.0095	0.0095	0.0095	0.0095	0.0095	0.0095	0.0095	0.0095	0.0095	0.0095	0.0095	0.0095	0.0095	0.0095	0.0095	0.0095	0.0095	0.0095	0.0095	0.0095	0.0095	0.0095	0.0095	0.0095	0.0095	0.0095	0.0095	0.0095	0.0095	0.0095	0.0095	0.0095	0.0095	0.0095	0.0095	0.0095	0.0095	0.0095	0.0095	0.0095	0.0095	0.0095	0.0095	0.0095	0.0095	0.0095	0.0095	0.0095	0.0095	0.0095	0.0095	0.0095	0.0095	0.0095	0.0095	0.0095	0.0095	0.0095	0.0095	0.0095	0.0095	0.0095	0.0095	0.0095	0.0095	0.0095	0.0095	0.0095	0.0095	0.0095	0.0095	0.0095	0.0095	0.0095	0.0095	0.0095	0.0319	0.0319	0.0319	0.0319	0.0319	0.0319	0.0319	0.0319	0.0319	0.0319	0.0319	0.0319	0.0319	0.0319
17	0.975	0.975	0.975	0.975	0.975	0.975	0.975	0.975	0.975	0.975	0.975	0.975	0.975	0.975	0.975	0.975	0.975	0.975	0.975	0.975	0.975	0.975	0.975	0.975	0.975	0.9839	0.9839	0.9839	0.9839	0.9839	0.9839	0.9839	0.9839	0.9839	0.9839	0.9839	0.9839	0.9839	0.9839	0.9839	0.9839	0.9839	0.9839	0.9839	0.9839	0.9839	0.9839	0.9839	0.9839	0.9839	0.9839	0.9839	0.9839	0.9839	0.9839	0.9839	0.9839	0.9839	0.9839	0.9839	0.9839	0.9839	0.9839	0.9839	0.9839	0.9839	0.9839	0.9839	0.9839	0.9839	0.9839	0.9839	0.9839	0.9839	0.9839	0.9839	0.9839	0.9839	0.9839	0.9839	0.9839	0.9839	0.9839	0.9839	0.9839	0.9839	0.9839	0.9839	0.9839	0.9839	0.9839	0.9839	0.9839	0.9839	0.9839	0.9839	0.9839	0.9839	0.9839	0.9839	0.9839	0.9839	0.9839	0.9839	0.9839	0.9839	0.9839	0.9839	0.9839	0.9839	0.9839	0.9839	0.9839	0.9839	0.9839	0.9839	0.9839	0.9839	0.9839	0.9839	0.9839	0.9839	0.9839	0.9839	0.9839	0.9839	0.9839	0.9839	0.9839	0.9839	0.9839	0.9839	0.9839	0.9839	0.9839	0.9839	0.9839	0.9839	0.9839	0.9839	0.9839	0.9839	0.0027	0.0027	0.0027	0.0027	0.0027	0.0027	0.0027	0.0027	0.0027	0.0027	0.0027	0.0027	0.0027	0.0027	0.0027	0.0027	0.0027	0.0027	0.0027	0.0027	0.0027	0.0027	0.0027	0.0027	0.0027	0.0027	0.0027	0.0027	0.0027	0.0027	0.0027	0.0027	0.0027	0.0027	0.0027	0.0027	0.0027	0.0027	0.0027	0.0027	0.0027	0.0027	0.0027	0.0027	0.0027	0.0027	0.0027	0.0027	0.0027	0.0027	0.0027	0.0027	0.0027	0.0027	0.0027	0.0027	0.0027	0.0027	0.0027	0.0027	0.0027	0.0027	0.0027	0.0027	0.0027	0.0027	0.0027	0.0027	0.0027	0.0027	0.0027	0.0027	0.0027	0.0027	0.0027	0.0027	0.0027	0.0027	0.0027	0.0027	0.0027	0.0027	0.0027	0.0027	0.0027	0.0027	0.0027	0.0027	0.0027	0.0027	0.0027	0.0027	0.0027	0.0027	0.0149	0.0149	0.0149	0.0149	0.0149	0.0149	0.0149	0.0149	0.0149	0.0149	0.0149	0.0149	0.0149	0.0149	0.0149	0.0149	0.0149	0.0149	0.0149	0.0149	0.0149	0.0149	0.0149	0.0149	0.0149	0.0149	0.0149	0.0149	0.0149	0.0149	0.0149	0.0149	0.0149	0.0149	0.0149	0.0149	0.0149	0.0149	0.0149	0.0149	0.0149	0.0149	0.0149	0.0149	0.0149	0.0149	0.0149	0.0149	0.0149	0.0149	0.0149	0.0149	0.0149	0.0149	0.0149	0.0149	0.0149	0.0149	0.0149	0.0149	0.0149	0.0149	0.0149	0.0149	0.0149	0.0149	0.0149	0.0149	0.0149	0.0149	0.0149	0.0149	0.0149	0.0149	0.0149	0.0149	0.0149	0.0149	0.0149	0.0149	0.0149	0.0149	0.0149	0.0149	0.0149	0.0149	0.0149	0.0149	0.0149	0.0149	0.0149	0.0149	0.0149	0.0149	0.0186	0.0186	0.0186	0.0186	0.0186	0.0221	0.0186	0.0186	0.0186	0.0186	0.0186	0.0186	0.0186	0.0186	0.0186	0.0186	0.0186	0.0186	0.0186	0.0186	0.0186	0.0186	0.0186	0.0186	0.0186	0.0186	0.0186	0.0186	0.0186	0.0186	0.0186	0.0186	0.0186	0.0186	0.0186	0.0186	0.0186	0.0186	0.0186	0.0186	0.0186	0.0186	0.0186	0.0186	0.0186	0.0186	0.0186	0.0186	0.0186	0.0186	0.0186	0.0186	0.0186	0.0186	0.0186	0.0186	0.0186	0.0186	0.0186	0.0186	0.0186	0.0186	0.0186	0.0186	0.0186	0.0186	0.0186	0.0186	0.0186	0.0186	0.0186	0.0186	0.0186	0.0186	0.0186	0.0186	0.0186	0.0186	0.0205	0.0186	0.0221	0.0221	0.0221	0.0221	0.0221	0.0221	0.0221	0.0221	0.0221	0.0221	0.0221	0.0221	0.0221	0.0221	0.0221	0.0221	0.0221	0.0221	0.0221	0.0221	0.0221	0.0221	0.0221	0.0221	0.0221	0.0221	0.0221	0.0221	0.0221	0.0221	0.0221	0.0221	0.0221	0.0221	0.0221	0.0221	0.0205	0.0221	0.0221	0.0221	0.0221	0.0221	0.0221	0.0221	0.0221	0.0221	0.0221	0.0221	0.0221	0.0221	0.0221	0.0221	0.0221	0.0221	0.0221	0.0221	0.0221	0.0221	0.0221	0.0221	0.0221	0.0221	0.0221	0.0221	0.0221	0.0221	0.0221	0.0221	0.0221	0.0221	0.0221	0.0221	0.0221	0.0221	0.0221	0.0221	0.0221	0.0221	0.0221	0.0221	0.0221	0.0221	0.0221	0.0221	0.0221	0.0221	0.0221	0.0221	0.0221	0.0221	0.0221	0.0221	0.0221	0.0221	0.0221	0.0221	0.0221	0.0221	0.0221	0.0221	0.0221	0.0221	0.0221	0.0221	0.0221	0.0221	0.0221	0.0221	0.0221	0.0221	0.0221	0.0221	0.0221	0.0221	0.0221	0.0221	0.0221	0.0221	0.0221	0.0221	0.0221	0.0221	0.0221	0.0221	0.0221	0.0221	0.0221	0.0221	0.0221	0.0221	0.0221	0.0221	0.0221	0.0221	0.0221	0.0221	0.0221	0.0221	0.0221	0.0221	0.0221	0.0221	0.0221	0.0221	0.0221	0.0221	0.0221	0.0221	0.0221	0.0221	0.0221	0.0221	0.0221	0.0221	0.0221	0.0221	0.0221	0.0221	0.0221	0.0221	0.0221	0.0221	0.0221	0.0221	0.0221	0.0221	0.0221	0.0221	0.0221	0.0221	0.0221	0.0221	0.0221	0.0221	0.0221	0.0221	0.0218	0.0218	0.0218	0.0218	0.0218	0.0218	0.0218	0.0218	0.0218	0.0218	0.0218	0.0218	0.0218	0.0218
18	0.8734	0.8734	0.8734	0.8734	0.8734	0.8734	0.8734	0.8734	0.8734	0.8734	0.8734	0.8734	0.8734	0.8734	0.8734	0.8734	0.8734	0.8734	0.8734	0.8734	0.8734	0.8734	0.8734	0.8734	0.8734	0.9497	0.9497	0.9497	0.9497	0.9497	0.9497	0.9497	0.9497	0.9497	0.9497	0.9497	0.9497	0.9497	0.9497	0.9497	0.9497	0.9497	0.9497	0.9497	0.9497	0.9497	0.9497	0.9497	0.9497	0.9497	0.9497	0.9497	0.9497	0.9497	0.9497	0.9497	0.9497	0.9497	0.9497	0.9497	0.9497	0.9497	0.9497	0.9497	0.9497	0.9497	0.9497	0.9497	0.9497	0.9497	0.9497	0.9497	0.9497	0.9497	0.9497	0.9497	0.9497	0.9497	0.9497	0.9497	0.9497	0.9497	0.9497	0.9497	0.9497	0.9497	0.9497	0.9497	0.9497	0.9497	0.9497	0.9497	0.9497	0.9497	0.9497	0.9497	0.9497	0.9497	0.9497	0.9497	0.9497	0.9497	0.9497	0.9497	0.9497	0.9497	0.9497	0.9497	0.9497	0.9497	0.9497	0.9497	0.9497	0.9497	0.9497	0.9497	0.9497	0.9497	0.9497	0.9497	0.9497	0.9497	0.9497	0.9497	0.9497	0.9497	0.9497	0.9497	0.9497	0.9497	0.9497	0.9497	0.9497	0.9497	0.9497	0.9497	0.9497	0.9497	0.9497	0.9497	0.9497	0.9497	0.0053	0.0053	0.0053	0.0053	0.0053	0.0053	0.0053	0.0053	0.0053	0.0053	0.0053	0.0053	0.0053	0.0053	0.0053	0.0053	0.0053	0.0053	0.0053	0.0053	0.0053	0.0053	0.0053	0.0053	0.0053	0.0053	0.0053	0.0053	0.0053	0.0053	0.0053	0.0053	0.0053	0.0053	0.0053	0.0053	0.0053	0.0053	0.0053	0.0053	0.0053	0.0053	0.0053	0.0053	0.0053	0.0053	0.0053	0.0053	0.0053	0.0053	0.0053	0.0053	0.0053	0.0053	0.0053	0.0053	0.0053	0.0053	0.0053	0.0053	0.0053	0.0053	0.0053	0.0053	0.0053	0.0053	0.0053	0.0053	0.0053	0.0053	0.0053	0.0053	0.0053	0.0053	0.0053	0.0053	0.0053	0.0053	0.0053	0.0053	0.0053	0.0053	0.0053	0.0053	0.0053	0.0053	0.0053	0.0053	0.0053	0.0053	0.0053	0.0053	0.0053	0.0053	0.0161	0.0161	0.0161	0.0161	0.0161	0.0161	0.0161	0.0161	0.0161	0.0161	0.0161	0.0161	0.0161	0.0161	0.0161	0.0161	0.0161	0.0161	0.0161	0.0161	0.0161	0.0161	0.0161	0.0161	0.0161	0.0161	0.0161	0.0161	0.0161	0.0161	0.0161	0.0161	0.0161	0.0161	0.0161	0.0161	0.0161	0.0161	0.0161	0.0161	0.0161	0.0161	0.0161	0.0161	0.0161	0.0161	0.0161	0.0161	0.0161	0.0161	0.0161	0.0161	0.0161	0.0161	0.0161	0.0161	0.0161	0.0161	0.0161	0.0161	0.0161	0.0161	0.0161	0.0161	0.0161	0.0161	0.0161	0.0161	0.0161	0.0161	0.0161	0.0161	0.0161	0.0161	0.0161	0.0161	0.0161	0.0161	0.0161	0.0161	0.0161	0.0161	0.0161	0.0161	0.0161	0.0161	0.0161	0.0161	0.0161	0.0161	0.0161	0.0161	0.0161	0.0161	0.0023	0.0023	0.0023	0.0023	0.0023	0.0015	0.0023	0.0023	0.0023	0.0023	0.0023	0.0023	0.0023	0.0023	0.0023	0.0023	0.0023	0.0023	0.0023	0.0023	0.0023	0.0023	0.0023	0.0023	0.0023	0.0023	0.0023	0.0023	0.0023	0.0023	0.0023	0.0023	0.0023	0.0023	0.0023	0.0023	0.0023	0.0023	0.0023	0.0023	0.0023	0.0023	0.0023	0.0023	0.0023	0.0023	0.0023	0.0023	0.0023	0.0023	0.0023	0.0023	0.0023	0.0023	0.0023	0.0023	0.0023	0.0023	0.0023	0.0023	0.0023	0.0023	0.0023	0.0023	0.0023	0.0023	0.0023	0.0023	0.0023	0.0023	0.0023	0.0023	0.0023	0.0023	0.0023	0.0023	0.0023	0.0023	0.0126	0.0023	0.0015	0.0015	0.0015	0.0015	0.0015	0.0015	0.0015	0.0015	0.0015	0.0015	0.0015	0.0015	0.0015	0.0015	0.0015	0.0015	0.0015	0.0015	0.0015	0.0015	0.0015	0.0015	0.0015	0.0015	0.0015	0.0015	0.0015	0.0015	0.0015	0.0015	0.0015	0.0015	0.0015	0.0015	0.0015	0.0015	0.0126	0.0015	0.0015	0.0015	0.0015	0.0015	0.0015	0.0015	0.0015	0.0015	0.0015	0.0015	0.0015	0.0015	0.0015	0.0015	0.0015	0.0015	0.0015	0.0015	0.0015	0.0015	0.0015	0.0015	0.0015	0.0015	0.0015	0.0015	0.0015	0.0015	0.0015	0.0015	0.0015	0.0015	0.0015	0.0015	0.0015	0.0015	0.0015	0.0015	0.0015	0.0015	0.0015	0.0015	0.0015	0.0015	0.0015	0.0015	0.0015	0.0015	0.0015	0.0015	0.0015	0.0015	0.0015	0.0015	0.0015	0.0015	0.0015	0.0015	0.0015	0.0015	0.0015	0.0015	0.0015	0.0015	0.0015	0.0015	0.0015	0.0015	0.0015	0.0015	0.0015	0.0015	0.0015	0.0015	0.0015	0.0015	0.0015	0.0015	0.0015	0.0015	0.0015	0.0015	0.0015	0.0015	0.0015	0.0015	0.0015	0.0015	0.0015	0.0015	0.0015	0.0015	0.0015	0.0015	0.0015	0.0015	0.0015	0.0015	0.0015	0.0015	0.0015	0.0015	0.0015	0.0015	0.0015	0.0015	0.0015	0.0015	0.0015	0.0015	0.0015	0.0015	0.0015	0.0015	0.0015	0.0015	0.0015	0.0015	0.0015	0.0015	0.0015	0.0015	0.0015	0.0015	0.0015	0.0015	0.0015	0.0015	0.0015	0.0015	0.0015	0.0015	0.0015	0.0015	0.0015	0.0015	0.0015	0.0015	0.0189	0.0189	0.0189	0.0189	0.0189	0.0189	0.0189	0.0189	0.0189	0.0189	0.0189	0.0189	0.0189	0.0189
19	0.9695	0.9695	0.9695	0.9695	0.9695	0.9695	0.9695	0.9695	0.9695	0.9695	0.9695	0.9695	0.9695	0.9695	0.9695	0.9695	0.9695	0.9695	0.9695	0.9695	0.9695	0.9695	0.9695	0.9695	0.9695	0.9571	0.9571	0.9571	0.9571	0.9571	0.9571	0.9571	0.9571	0.9571	0.9571	0.9571	0.9571	0.9571	0.9571	0.9571	0.9571	0.9571	0.9571	0.9571	0.9571	0.9571	0.9571	0.9571	0.9571	0.9571	0.9571	0.9571	0.9571	0.9571	0.9571	0.9571	0.9571	0.9571	0.9571	0.9571	0.9571	0.9571	0.9571	0.9571	0.9571	0.9571	0.9571	0.9571	0.9571	0.9571	0.9571	0.9571	0.9571	0.9571	0.9571	0.9571	0.9571	0.9571	0.9571	0.9571	0.9571	0.9571	0.9571	0.9571	0.9571	0.9571	0.9571	0.9571	0.9571	0.9571	0.9571	0.9571	0.9571	0.9571	0.9571	0.9571	0.9571	0.9571	0.9571	0.9571	0.9571	0.9571	0.9571	0.9571	0.9571	0.9571	0.9571	0.9571	0.9571	0.9571	0.9571	0.9571	0.9571	0.9571	0.9571	0.9571	0.9571	0.9571	0.9571	0.9571	0.9571	0.9571	0.9571	0.9571	0.9571	0.9571	0.9571	0.9571	0.9571	0.9571	0.9571	0.9571	0.9571	0.9571	0.9571	0.9571	0.9571	0.9571	0.9571	0.9571	0.9571	0.9571	0.0116	0.0116	0.0116	0.0116	0.0116	0.0116	0.0116	0.0116	0.0116	0.0116	0.0116	0.0116	0.0116	0.0116	0.0116	0.0116	0.0116	0.0116	0.0116	0.0116	0.0116	0.0116	0.0116	0.0116	0.0116	0.0116	0.0116	0.0116	0.0116	0.0116	0.0116	0.0116	0.0116	0.0116	0.0116	0.0116	0.0116	0.0116	0.0116	0.0116	0.0116	0.0116	0.0116	0.0116	0.0116	0.0116	0.0116	0.0116	0.0116	0.0116	0.0116	0.0116	0.0116	0.0116	0.0116	0.0116	0.0116	0.0116	0.0116	0.0116	0.0116	0.0116	0.0116	0.0116	0.0116	0.0116	0.0116	0.0116	0.0116	0.0116	0.0116	0.0116	0.0116	0.0116	0.0116	0.0116	0.0116	0.0116	0.0116	0.0116	0.0116	0.0116	0.0116	0.0116	0.0116	0.0116	0.0116	0.0116	0.0116	0.0116	0.0116	0.0116	0.0116	0.0116	0.0038	0.0038	0.0038	0.0038	0.0038	0.0038	0.0038	0.0038	0.0038	0.0038	0.0038	0.0038	0.0038	0.0038	0.0038	0.0038	0.0038	0.0038	0.0038	0.0038	0.0038	0.0038	0.0038	0.0038	0.0038	0.0038	0.0038	0.0038	0.0038	0.0038	0.0038	0.0038	0.0038	0.0038	0.0038	0.0038	0.0038	0.0038	0.0038	0.0038	0.0038	0.0038	0.0038	0.0038	0.0038	0.0038	0.0038	0.0038	0.0038	0.0038	0.0038	0.0038	0.0038	0.0038	0.0038	0.0038	0.0038	0.0038	0.0038	0.0038	0.0038	0.0038	0.0038	0.0038	0.0038	0.0038	0.0038	0.0038	0.0038	0.0038	0.0038	0.0038	0.0038	0.0038	0.0038	0.0038	0.0038	0.0038	0.0038	0.0038	0.0038	0.0038	0.0038	0.0038	0.0038	0.0038	0.0038	0.0038	0.0038	0.0038	0.0038	0.0038	0.0038	0.0038	0.0036	0.0036	0.0036	0.0036	0.0036	0.0034	0.0036	0.0036	0.0036	0.0036	0.0036	0.0036	0.0036	0.0036	0.0036	0.0036	0.0036	0.0036	0.0036	0.0036	0.0036	0.0036	0.0036	0.0036	0.0036	0.0036	0.0036	0.0036	0.0036	0.0036	0.0036	0.0036	0.0036	0.0036	0.0036	0.0036	0.0036	0.0036	0.0036	0.0036	0.0036	0.0036	0.0036	0.0036	0.0036	0.0036	0.0036	0.0036	0.0036	0.0036	0.0036	0.0036	0.0036	0.0036	0.0036	0.0036	0.0036	0.0036	0.0036	0.0036	0.0036	0.0036	0.0036	0.0036	0.0036	0.0036	0.0036	0.0036	0.0036	0.0036	0.0036	0.0036	0.0036	0.0036	0.0036	0.0036	0.0036	0.0036	0.0048	0.0036	0.0034	0.0034	0.0034	0.0034	0.0034	0.0034	0.0034	0.0034	0.0034	0.0034	0.0034	0.0034	0.0034	0.0034	0.0034	0.0034	0.0034	0.0034	0.0034	0.0034	0.0034	0.0034	0.0034	0.0034	0.0034	0.0034	0.0034	0.0034	0.0034	0.0034	0.0034	0.0034	0.0034	0.0034	0.0034	0.0034	0.0048	0.0034	0.0034	0.0034	0.0034	0.0034	0.0034	0.0034	0.0034	0.0034	0.0034	0.0034	0.0034	0.0034	0.0034	0.0034	0.0034	0.0034	0.0034	0.0034	0.0034	0.0034	0.0034	0.0034	0.0034	0.0034	0.0034	0.0034	0.0034	0.0034	0.0034	0.0034	0.0034	0.0034	0.0034	0.0034	0.0034	0.0034	0.0034	0.0034	0.0034	0.0034	0.0034	0.0034	0.0034	0.0034	0.0034	0.0034	0.0034	0.0034	0.0034	0.0034	0.0034	0.0034	0.0034	0.0034	0.0034	0.0034	0.0034	0.0034	0.0034	0.0034	0.0034	0.0034	0.0034	0.0034	0.0034	0.0034	0.0034	0.0034	0.0034	0.0034	0.0034	0.0034	0.0034	0.0034	0.0034	0.0034	0.0034	0.0034	0.0034	0.0034	0.0034	0.0034	0.0034	0.0034	0.0034	0.0034	0.0034	0.0034	0.0034	0.0034	0.0034	0.0034	0.0034	0.0034	0.0034	0.0034	0.0034	0.0034	0.0034	0.0034	0.0034	0.0034	0.0034	0.0034	0.0034	0.0034	0.0034	0.0034	0.0034	0.0034	0.0034	0.0034	0.0034	0.0034	0.0034	0.0034	0.0034	0.0034	0.0034	0.0034	0.0034	0.0034	0.0034	0.0034	0.0034	0.0034	0.0034	0.0034	0.0034	0.0034	0.0034	0.0034	0.0034	0.0034	0.0034	0.0034	0.0034	0.0034	0.0206	0.0206	0.0206	0.0206	0.0206	0.0206	0.0206	0.0206	0.0206	0.0206	0.0206	0.0206	0.0206	0.0206
20	0.9375	0.9375	0.9375	0.9375	0.9375	0.9375	0.9375	0.9375	0.9375	0.9375	0.9375	0.9375	0.9375	0.9375	0.9375	0.9375	0.9375	0.9375	0.9375	0.9375	0.9375	0.9375	0.9375	0.9375	0.9375	0.9525	0.9525	0.9525	0.9525	0.9525	0.9525	0.9525	0.9525	0.9525	0.9525	0.9525	0.9525	0.9525	0.9525	0.9525	0.9525	0.9525	0.9525	0.9525	0.9525	0.9525	0.9525	0.9525	0.9525	0.9525	0.9525	0.9525	0.9525	0.9525	0.9525	0.9525	0.9525	0.9525	0.9525	0.9525	0.9525	0.9525	0.9525	0.9525	0.9525	0.9525	0.9525	0.9525	0.9525	0.9525	0.9525	0.9525	0.9525	0.9525	0.9525	0.9525	0.9525	0.9525	0.9525	0.9525	0.9525	0.9525	0.9525	0.9525	0.9525	0.9525	0.9525	0.9525	0.9525	0.9525	0.9525	0.9525	0.9525	0.9525	0.9525	0.9525	0.9525	0.9525	0.9525	0.9525	0.9525	0.9525	0.9525	0.9525	0.9525	0.9525	0.9525	0.9525	0.9525	0.9525	0.9525	0.9525	0.9525	0.9525	0.9525	0.9525	0.9525	0.9525	0.9525	0.9525	0.9525	0.9525	0.9525	0.9525	0.9525	0.9525	0.9525	0.9525	0.9525	0.9525	0.9525	0.9525	0.9525	0.9525	0.9525	0.9525	0.9525	0.9525	0.9525	0.9525	0.9525	0.9525	0.005	0.005	0.005	0.005	0.005	0.005	0.005	0.005	0.005	0.005	0.005	0.005	0.005	0.005	0.005	0.005	0.005	0.005	0.005	0.005	0.005	0.005	0.005	0.005	0.005	0.005	0.005	0.005	0.005	0.005	0.005	0.005	0.005	0.005	0.005	0.005	0.005	0.005	0.005	0.005	0.005	0.005	0.005	0.005	0.005	0.005	0.005	0.005	0.005	0.005	0.005	0.005	0.005	0.005	0.005	0.005	0.005	0.005	0.005	0.005	0.005	0.005	0.005	0.005	0.005	0.005	0.005	0.005	0.005	0.005	0.005	0.005	0.005	0.005	0.005	0.005	0.005	0.005	0.005	0.005	0.005	0.005	0.005	0.005	0.005	0.005	0.005	0.005	0.005	0.005	0.005	0.005	0.005	0.005	0.0161	0.0161	0.0161	0.0161	0.0161	0.0161	0.0161	0.0161	0.0161	0.0161	0.0161	0.0161	0.0161	0.0161	0.0161	0.0161	0.0161	0.0161	0.0161	0.0161	0.0161	0.0161	0.0161	0.0161	0.0161	0.0161	0.0161	0.0161	0.0161	0.0161	0.0161	0.0161	0.0161	0.0161	0.0161	0.0161	0.0161	0.0161	0.0161	0.0161	0.0161	0.0161	0.0161	0.0161	0.0161	0.0161	0.0161	0.0161	0.0161	0.0161	0.0161	0.0161	0.0161	0.0161	0.0161	0.0161	0.0161	0.0161	0.0161	0.0161	0.0161	0.0161	0.0161	0.0161	0.0161	0.0161	0.0161	0.0161	0.0161	0.0161	0.0161	0.0161	0.0161	0.0161	0.0161	0.0161	0.0161	0.0161	0.0161	0.0161	0.0161	0.0161	0.0161	0.0161	0.0161	0.0161	0.0161	0.0161	0.0161	0.0161	0.0161	0.0161	0.0161	0.0161	0.0039	0.0039	0.0039	0.0039	0.0039	0.0149	0.0039	0.0039	0.0039	0.0039	0.0039	0.0039	0.0039	0.0039	0.0039	0.0039	0.0039	0.0039	0.0039	0.0039	0.0039	0.0039	0.0039	0.0039	0.0039	0.0039	0.0039	0.0039	0.0039	0.0039	0.0039	0.0039	0.0039	0.0039	0.0039	0.0039	0.0039	0.0039	0.0039	0.0039	0.0039	0.0039	0.0039	0.0039	0.0039	0.0039	0.0039	0.0039	0.0039	0.0039	0.0039	0.0039	0.0039	0.0039	0.0039	0.0039	0.0039	0.0039	0.0039	0.0039	0.0039	0.0039	0.0039	0.0039	0.0039	0.0039	0.0039	0.0039	0.0039	0.0039	0.0039	0.0039	0.0039	0.0039	0.0039	0.0039	0.0039	0.0039	0.012	0.0039	0.0149	0.0149	0.0149	0.0149	0.0149	0.0149	0.0149	0.0149	0.0149	0.0149	0.0149	0.0149	0.0149	0.0149	0.0149	0.0149	0.0149	0.0149	0.0149	0.0149	0.0149	0.0149	0.0149	0.0149	0.0149	0.0149	0.0149	0.0149	0.0149	0.0149	0.0149	0.0149	0.0149	0.0149	0.0149	0.0149	0.012	0.0149	0.0149	0.0149	0.0149	0.0149	0.0149	0.0149	0.0149	0.0149	0.0149	0.0149	0.0149	0.0149	0.0149	0.0149	0.0149	0.0149	0.0149	0.0149	0.0149	0.0149	0.0149	0.0149	0.0149	0.0149	0.0149	0.0149	0.0149	0.0149	0.0149	0.0149	0.0149	0.0149	0.0149	0.0149	0.0149	0.0149	0.0149	0.0149	0.0149	0.0149	0.0149	0.0149	0.0149	0.0149	0.0149	0.0149	0.0149	0.0149	0.0149	0.0149	0.0149	0.0149	0.0149	0.0149	0.0149	0.0149	0.0149	0.0149	0.0149	0.0149	0.0149	0.0149	0.0149	0.0149	0.0149	0.0149	0.0149	0.0149	0.0149	0.0149	0.0149	0.0149	0.0149	0.0149	0.0149	0.0149	0.0149	0.0149	0.0149	0.0149	0.0149	0.0149	0.0149	0.0149	0.0149	0.0149	0.0149	0.0149	0.0149	0.0149	0.0149	0.0149	0.0149	0.0149	0.0149	0.0149	0.0149	0.0149	0.0149	0.0149	0.0149	0.0149	0.0149	0.0149	0.0149	0.0149	0.0149	0.0149	0.0149	0.0149	0.0149	0.0149	0.0149	0.0149	0.0149	0.0149	0.0149	0.0149	0.0149	0.0149	0.0149	0.0149	0.0149	0.0149	0.0149	0.0149	0.0149	0.0149	0.0149	0.0149	0.0149	0.0149	0.0149	0.0149	0.0149	0.0149	0.0149	0.0149	0.0245	0.0245	0.0245	0.0245	0.0245	0.0245	0.0245	0.0245	0.0245	0.0245	0.0245	0.0245	0.0245	0.0245
21	0.9426	0.9426	0.9426	0.9426	0.9426	0.9426	0.9426	0.9426	0.9426	0.9426	0.9426	0.9426	0.9426	0.9426	0.9426	0.9426	0.9426	0.9426	0.9426	0.9426	0.9426	0.9426	0.9426	0.9426	0.9426	0.9516	0.9516	0.9516	0.9516	0.9516	0.9516	0.9516	0.9516	0.9516	0.9516	0.9516	0.9516	0.9516	0.9516	0.9516	0.9516	0.9516	0.9516	0.9516	0.9516	0.9516	0.9516	0.9516	0.9516	0.9516	0.9516	0.9516	0.9516	0.9516	0.9516	0.9516	0.9516	0.9516	0.9516	0.9516	0.9516	0.9516	0.9516	0.9516	0.9516	0.9516	0.9516	0.9516	0.9516	0.9516	0.9516	0.9516	0.9516	0.9516	0.9516	0.9516	0.9516	0.9516	0.9516	0.9516	0.9516	0.9516	0.9516	0.9516	0.9516	0.9516	0.9516	0.9516	0.9516	0.9516	0.9516	0.9516	0.9516	0.9516	0.9516	0.9516	0.9516	0.9516	0.9516	0.9516	0.9516	0.9516	0.9516	0.9516	0.9516	0.9516	0.9516	0.9516	0.9516	0.9516	0.9516	0.9516	0.9516	0.9516	0.9516	0.9516	0.9516	0.9516	0.9516	0.9516	0.9516	0.9516	0.9516	0.9516	0.9516	0.9516	0.9516	0.9516	0.9516	0.9516	0.9516	0.9516	0.9516	0.9516	0.9516	0.9516	0.9516	0.9516	0.9516	0.9516	0.9516	0.9516	0.0036	0.0036	0.0036	0.0036	0.0036	0.0036	0.0036	0.0036	0.0036	0.0036	0.0036	0.0036	0.0036	0.0036	0.0036	0.0036	0.0036	0.0036	0.0036	0.0036	0.0036	0.0036	0.0036	0.0036	0.0036	0.0036	0.0036	0.0036	0.0036	0.0036	0.0036	0.0036	0.0036	0.0036	0.0036	0.0036	0.0036	0.0036	0.0036	0.0036	0.0036	0.0036	0.0036	0.0036	0.0036	0.0036	0.0036	0.0036	0.0036	0.0036	0.0036	0.0036	0.0036	0.0036	0.0036	0.0036	0.0036	0.0036	0.0036	0.0036	0.0036	0.0036	0.0036	0.0036	0.0036	0.0036	0.0036	0.0036	0.0036	0.0036	0.0036	0.0036	0.0036	0.0036	0.0036	0.0036	0.0036	0.0036	0.0036	0.0036	0.0036	0.0036	0.0036	0.0036	0.0036	0.0036	0.0036	0.0036	0.0036	0.0036	0.0036	0.0036	0.0036	0.0036	0.0156	0.0156	0.0156	0.0156	0.0156	0.0156	0.0156	0.0156	0.0156	0.0156	0.0156	0.0156	0.0156	0.0156	0.0156	0.0156	0.0156	0.0156	0.0156	0.0156	0.0156	0.0156	0.0156	0.0156	0.0156	0.0156	0.0156	0.0156	0.0156	0.0156	0.0156	0.0156	0.0156	0.0156	0.0156	0.0156	0.0156	0.0156	0.0156	0.0156	0.0156	0.0156	0.0156	0.0156	0.0156	0.0156	0.0156	0.0156	0.0156	0.0156	0.0156	0.0156	0.0156	0.0156	0.0156	0.0156	0.0156	0.0156	0.0156	0.0156	0.0156	0.0156	0.0156	0.0156	0.0156	0.0156	0.0156	0.0156	0.0156	0.0156	0.0156	0.0156	0.0156	0.0156	0.0156	0.0156	0.0156	0.0156	0.0156	0.0156	0.0156	0.0156	0.0156	0.0156	0.0156	0.0156	0.0156	0.0156	0.0156	0.0156	0.0156	0.0156	0.0156	0.0156	0.0043	0.0043	0.0043	0.0043	0.0043	0.0126	0.0043	0.0043	0.0043	0.0043	0.0043	0.0043	0.0043	0.0043	0.0043	0.0043	0.0043	0.0043	0.0043	0.0043	0.0043	0.0043	0.0043	0.0043	0.0043	0.0043	0.0043	0.0043	0.0043	0.0043	0.0043	0.0043	0.0043	0.0043	0.0043	0.0043	0.0043	0.0043	0.0043	0.0043	0.0043	0.0043	0.0043	0.0043	0.0043	0.0043	0.0043	0.0043	0.0043	0.0043	0.0043	0.0043	0.0043	0.0043	0.0043	0.0043	0.0043	0.0043	0.0043	0.0043	0.0043	0.0043	0.0043	0.0043	0.0043	0.0043	0.0043	0.0043	0.0043	0.0043	0.0043	0.0043	0.0043	0.0043	0.0043	0.0043	0.0043	0.0043	0.0099	0.0043	0.0126	0.0126	0.0126	0.0126	0.0126	0.0126	0.0126	0.0126	0.0126	0.0126	0.0126	0.0126	0.0126	0.0126	0.0126	0.0126	0.0126	0.0126	0.0126	0.0126	0.0126	0.0126	0.0126	0.0126	0.0126	0.0126	0.0126	0.0126	0.0126	0.0126	0.0126	0.0126	0.0126	0.0126	0.0126	0.0126	0.0099	0.0126	0.0126	0.0126	0.0126	0.0126	0.0126	0.0126	0.0126	0.0126	0.0126	0.0126	0.0126	0.0126	0.0126	0.0126	0.0126	0.0126	0.0126	0.0126	0.0126	0.0126	0.0126	0.0126	0.0126	0.0126	0.0126	0.0126	0.0126	0.0126	0.0126	0.0126	0.0126	0.0126	0.0126	0.0126	0.0126	0.0126	0.0126	0.0126	0.0126	0.0126	0.0126	0.0126	0.0126	0.0126	0.0126	0.0126	0.0126	0.0126	0.0126	0.0126	0.0126	0.0126	0.0126	0.0126	0.0126	0.0126	0.0126	0.0126	0.0126	0.0126	0.0126	0.0126	0.0126	0.0126	0.0126	0.0126	0.0126	0.0126	0.0126	0.0126	0.0126	0.0126	0.0126	0.0126	0.0126	0.0126	0.0126	0.0126	0.0126	0.0126	0.0126	0.0126	0.0126	0.0126	0.0126	0.0126	0.0126	0.0126	0.0126	0.0126	0.0126	0.0126	0.0126	0.0126	0.0126	0.0126	0.0126	0.0126	0.0126	0.0126	0.0126	0.0126	0.0126	0.0126	0.0126	0.0126	0.0126	0.0126	0.0126	0.0126	0.0126	0.0126	0.0126	0.0126	0.0126	0.0126	0.0126	0.0126	0.0126	0.0126	0.0126	0.0126	0.0126	0.0126	0.0126	0.0126	0.0126	0.0126	0.0126	0.0126	0.0126	0.0126	0.0126	0.0126	0.0126	0.0126	0.0126	0.0126	0.0981	0.0981	0.0981	0.0981	0.0981	0.0981	0.0981	0.0981	0.0981	0.0981	0.0981	0.0981	0.0981	0.0981
22	0.9438	0.9438	0.9438	0.9438	0.9438	0.9438	0.9438	0.9438	0.9438	0.9438	0.9438	0.9438	0.9438	0.9438	0.9438	0.9438	0.9438	0.9438	0.9438	0.9438	0.9438	0.9438	0.9438	0.9438	0.9438	0.9002	0.9002	0.9002	0.9002	0.9002	0.9002	0.9002	0.9002	0.9002	0.9002	0.9002	0.9002	0.9002	0.9002	0.9002	0.9002	0.9002	0.9002	0.9002	0.9002	0.9002	0.9002	0.9002	0.9002	0.9002	0.9002	0.9002	0.9002	0.9002	0.9002	0.9002	0.9002	0.9002	0.9002	0.9002	0.9002	0.9002	0.9002	0.9002	0.9002	0.9002	0.9002	0.9002	0.9002	0.9002	0.9002	0.9002	0.9002	0.9002	0.9002	0.9002	0.9002	0.9002	0.9002	0.9002	0.9002	0.9002	0.9002	0.9002	0.9002	0.9002	0.9002	0.9002	0.9002	0.9002	0.9002	0.9002	0.9002	0.9002	0.9002	0.9002	0.9002	0.9002	0.9002	0.9002	0.9002	0.9002	0.9002	0.9002	0.9002	0.9002	0.9002	0.9002	0.9002	0.9002	0.9002	0.9002	0.9002	0.9002	0.9002	0.9002	0.9002	0.9002	0.9002	0.9002	0.9002	0.9002	0.9002	0.9002	0.9002	0.9002	0.9002	0.9002	0.9002	0.9002	0.9002	0.9002	0.9002	0.9002	0.9002	0.9002	0.9002	0.9002	0.9002	0.9002	0.9002	0.9002	0.0152	0.0152	0.0152	0.0152	0.0152	0.0152	0.0152	0.0152	0.0152	0.0152	0.0152	0.0152	0.0152	0.0152	0.0152	0.0152	0.0152	0.0152	0.0152	0.0152	0.0152	0.0152	0.0152	0.0152	0.0152	0.0152	0.0152	0.0152	0.0152	0.0152	0.0152	0.0152	0.0152	0.0152	0.0152	0.0152	0.0152	0.0152	0.0152	0.0152	0.0152	0.0152	0.0152	0.0152	0.0152	0.0152	0.0152	0.0152	0.0152	0.0152	0.0152	0.0152	0.0152	0.0152	0.0152	0.0152	0.0152	0.0152	0.0152	0.0152	0.0152	0.0152	0.0152	0.0152	0.0152	0.0152	0.0152	0.0152	0.0152	0.0152	0.0152	0.0152	0.0152	0.0152	0.0152	0.0152	0.0152	0.0152	0.0152	0.0152	0.0152	0.0152	0.0152	0.0152	0.0152	0.0152	0.0152	0.0152	0.0152	0.0152	0.0152	0.0152	0.0152	0.0152	0.0144	0.0144	0.0144	0.0144	0.0144	0.0144	0.0144	0.0144	0.0144	0.0144	0.0144	0.0144	0.0144	0.0144	0.0144	0.0144	0.0144	0.0144	0.0144	0.0144	0.0144	0.0144	0.0144	0.0144	0.0144	0.0144	0.0144	0.0144	0.0144	0.0144	0.0144	0.0144	0.0144	0.0144	0.0144	0.0144	0.0144	0.0144	0.0144	0.0144	0.0144	0.0144	0.0144	0.0144	0.0144	0.0144	0.0144	0.0144	0.0144	0.0144	0.0144	0.0144	0.0144	0.0144	0.0144	0.0144	0.0144	0.0144	0.0144	0.0144	0.0144	0.0144	0.0144	0.0144	0.0144	0.0144	0.0144	0.0144	0.0144	0.0144	0.0144	0.0144	0.0144	0.0144	0.0144	0.0144	0.0144	0.0144	0.0144	0.0144	0.0144	0.0144	0.0144	0.0144	0.0144	0.0144	0.0144	0.0144	0.0144	0.0144	0.0144	0.0144	0.0144	0.0144	0.0037	0.0037	0.0037	0.0037	0.0037	0.0078	0.0037	0.0037	0.0037	0.0037	0.0037	0.0037	0.0037	0.0037	0.0037	0.0037	0.0037	0.0037	0.0037	0.0037	0.0037	0.0037	0.0037	0.0037	0.0037	0.0037	0.0037	0.0037	0.0037	0.0037	0.0037	0.0037	0.0037	0.0037	0.0037	0.0037	0.0037	0.0037	0.0037	0.0037	0.0037	0.0037	0.0037	0.0037	0.0037	0.0037	0.0037	0.0037	0.0037	0.0037	0.0037	0.0037	0.0037	0.0037	0.0037	0.0037	0.0037	0.0037	0.0037	0.0037	0.0037	0.0037	0.0037	0.0037	0.0037	0.0037	0.0037	0.0037	0.0037	0.0037	0.0037	0.0037	0.0037	0.0037	0.0037	0.0037	0.0037	0.0037	0.0063	0.0037	0.0078	0.0078	0.0078	0.0078	0.0078	0.0078	0.0078	0.0078	0.0078	0.0078	0.0078	0.0078	0.0078	0.0078	0.0078	0.0078	0.0078	0.0078	0.0078	0.0078	0.0078	0.0078	0.0078	0.0078	0.0078	0.0078	0.0078	0.0078	0.0078	0.0078	0.0078	0.0078	0.0078	0.0078	0.0078	0.0078	0.0063	0.0078	0.0078	0.0078	0.0078	0.0078	0.0078	0.0078	0.0078	0.0078	0.0078	0.0078	0.0078	0.0078	0.0078	0.0078	0.0078	0.0078	0.0078	0.0078	0.0078	0.0078	0.0078	0.0078	0.0078	0.0078	0.0078	0.0078	0.0078	0.0078	0.0078	0.0078	0.0078	0.0078	0.0078	0.0078	0.0078	0.0078	0.0078	0.0078	0.0078	0.0078	0.0078	0.0078	0.0078	0.0078	0.0078	0.0078	0.0078	0.0078	0.0078	0.0078	0.0078	0.0078	0.0078	0.0078	0.0078	0.0078	0.0078	0.0078	0.0078	0.0078	0.0078	0.0078	0.0078	0.0078	0.0078	0.0078	0.0078	0.0078	0.0078	0.0078	0.0078	0.0078	0.0078	0.0078	0.0078	0.0078	0.0078	0.0078	0.0078	0.0078	0.0078	0.0078	0.0078	0.0078	0.0078	0.0078	0.0078	0.0078	0.0078	0.0078	0.0078	0.0078	0.0078	0.0078	0.0078	0.0078	0.0078	0.0078	0.0078	0.0078	0.0078	0.0078	0.0078	0.0078	0.0078	0.0078	0.0078	0.0078	0.0078	0.0078	0.0078	0.0078	0.0078	0.0078	0.0078	0.0078	0.0078	0.0078	0.0078	0.0078	0.0078	0.0078	0.0078	0.0078	0.0078	0.0078	0.0078	0.0078	0.0078	0.0078	0.0078	0.0078	0.0078	0.0078	0.0078	0.0078	0.0078	0.0078	0.0436	0.0436	0.0436	0.0436	0.0436	0.0436	0.0436	0.0436	0.0436	0.0436	0.0436	0.0436	0.0436	0.0436
23	0.9783	0.9783	0.9783	0.9783	0.9783	0.9783	0.9783	0.9783	0.9783	0.9783	0.9783	0.9783	0.9783	0.9783	0.9783	0.9783	0.9783	0.9783	0.9783	0.9783	0.9783	0.9783	0.9783	0.9783	0.9783	0.9354	0.9354	0.9354	0.9354	0.9354	0.9354	0.9354	0.9354	0.9354	0.9354	0.9354	0.9354	0.9354	0.9354	0.9354	0.9354	0.9354	0.9354	0.9354	0.9354	0.9354	0.9354	0.9354	0.9354	0.9354	0.9354	0.9354	0.9354	0.9354	0.9354	0.9354	0.9354	0.9354	0.9354	0.9354	0.9354	0.9354	0.9354	0.9354	0.9354	0.9354	0.9354	0.9354	0.9354	0.9354	0.9354	0.9354	0.9354	0.9354	0.9354	0.9354	0.9354	0.9354	0.9354	0.9354	0.9354	0.9354	0.9354	0.9354	0.9354	0.9354	0.9354	0.9354	0.9354	0.9354	0.9354	0.9354	0.9354	0.9354	0.9354	0.9354	0.9354	0.9354	0.9354	0.9354	0.9354	0.9354	0.9354	0.9354	0.9354	0.9354	0.9354	0.9354	0.9354	0.9354	0.9354	0.9354	0.9354	0.9354	0.9354	0.9354	0.9354	0.9354	0.9354	0.9354	0.9354	0.9354	0.9354	0.9354	0.9354	0.9354	0.9354	0.9354	0.9354	0.9354	0.9354	0.9354	0.9354	0.9354	0.9354	0.9354	0.9354	0.9354	0.9354	0.9354	0.9354	0.9354	0.0039	0.0039	0.0039	0.0039	0.0039	0.0039	0.0039	0.0039	0.0039	0.0039	0.0039	0.0039	0.0039	0.0039	0.0039	0.0039	0.0039	0.0039	0.0039	0.0039	0.0039	0.0039	0.0039	0.0039	0.0039	0.0039	0.0039	0.0039	0.0039	0.0039	0.0039	0.0039	0.0039	0.0039	0.0039	0.0039	0.0039	0.0039	0.0039	0.0039	0.0039	0.0039	0.0039	0.0039	0.0039	0.0039	0.0039	0.0039	0.0039	0.0039	0.0039	0.0039	0.0039	0.0039	0.0039	0.0039	0.0039	0.0039	0.0039	0.0039	0.0039	0.0039	0.0039	0.0039	0.0039	0.0039	0.0039	0.0039	0.0039	0.0039	0.0039	0.0039	0.0039	0.0039	0.0039	0.0039	0.0039	0.0039	0.0039	0.0039	0.0039	0.0039	0.0039	0.0039	0.0039	0.0039	0.0039	0.0039	0.0039	0.0039	0.0039	0.0039	0.0039	0.0039	0.013	0.013	0.013	0.013	0.013	0.013	0.013	0.013	0.013	0.013	0.013	0.013	0.013	0.013	0.013	0.013	0.013	0.013	0.013	0.013	0.013	0.013	0.013	0.013	0.013	0.013	0.013	0.013	0.013	0.013	0.013	0.013	0.013	0.013	0.013	0.013	0.013	0.013	0.013	0.013	0.013	0.013	0.013	0.013	0.013	0.013	0.013	0.013	0.013	0.013	0.013	0.013	0.013	0.013	0.013	0.013	0.013	0.013	0.013	0.013	0.013	0.013	0.013	0.013	0.013	0.013	0.013	0.013	0.013	0.013	0.013	0.013	0.013	0.013	0.013	0.013	0.013	0.013	0.013	0.013	0.013	0.013	0.013	0.013	0.013	0.013	0.013	0.013	0.013	0.013	0.013	0.013	0.013	0.013	0.0296	0.0296	0.0296	0.0296	0.0296	0.0074	0.0296	0.0296	0.0296	0.0296	0.0296	0.0296	0.0296	0.0296	0.0296	0.0296	0.0296	0.0296	0.0296	0.0296	0.0296	0.0296	0.0296	0.0296	0.0296	0.0296	0.0296	0.0296	0.0296	0.0296	0.0296	0.0296	0.0296	0.0296	0.0296	0.0296	0.0296	0.0296	0.0296	0.0296	0.0296	0.0296	0.0296	0.0296	0.0296	0.0296	0.0296	0.0296	0.0296	0.0296	0.0296	0.0296	0.0296	0.0296	0.0296	0.0296	0.0296	0.0296	0.0296	0.0296	0.0296	0.0296	0.0296	0.0296	0.0296	0.0296	0.0296	0.0296	0.0296	0.0296	0.0296	0.0296	0.0296	0.0296	0.0296	0.0296	0.0296	0.0296	0.0192	0.0296	0.0074	0.0074	0.0074	0.0074	0.0074	0.0074	0.0074	0.0074	0.0074	0.0074	0.0074	0.0074	0.0074	0.0074	0.0074	0.0074	0.0074	0.0074	0.0074	0.0074	0.0074	0.0074	0.0074	0.0074	0.0074	0.0074	0.0074	0.0074	0.0074	0.0074	0.0074	0.0074	0.0074	0.0074	0.0074	0.0074	0.0192	0.0074	0.0074	0.0074	0.0074	0.0074	0.0074	0.0074	0.0074	0.0074	0.0074	0.0074	0.0074	0.0074	0.0074	0.0074	0.0074	0.0074	0.0074	0.0074	0.0074	0.0074	0.0074	0.0074	0.0074	0.0074	0.0074	0.0074	0.0074	0.0074	0.0074	0.0074	0.0074	0.0074	0.0074	0.0074	0.0074	0.0074	0.0074	0.0074	0.0074	0.0074	0.0074	0.0074	0.0074	0.0074	0.0074	0.0074	0.0074	0.0074	0.0074	0.0074	0.0074	0.0074	0.0074	0.0074	0.0074	0.0074	0.0074	0.0074	0.0074	0.0074	0.0074	0.0074	0.0074	0.0074	0.0074	0.0074	0.0074	0.0074	0.0074	0.0074	0.0074	0.0074	0.0074	0.0074	0.0074	0.0074	0.0074	0.0074	0.0074	0.0074	0.0074	0.0074	0.0074	0.0074	0.0074	0.0074	0.0074	0.0074	0.0074	0.0074	0.0074	0.0074	0.0074	0.0074	0.0074	0.0074	0.0074	0.0074	0.0074	0.0074	0.0074	0.0074	0.0074	0.0074	0.0074	0.0074	0.0074	0.0074	0.0074	0.0074	0.0074	0.0074	0.0074	0.0074	0.0074	0.0074	0.0074	0.0074	0.0074	0.0074	0.0074	0.0074	0.0074	0.0074	0.0074	0.0074	0.0074	0.0074	0.0074	0.0074	0.0074	0.0074	0.0074	0.0074	0.0074	0.0074	0.0074	0.0074	0.0242	0.0242	0.0242	0.0242	0.0242	0.0242	0.0242	0.0242	0.0242	0.0242	0.0242	0.0242	0.0242	0.0242
24	0.0153	0.0153	0.0153	0.0153	0.0153	0.0153	0.0153	0.0153	0.0153	0.0153	0.0153	0.0153	0.0153	0.0153	0.0153	0.0153	0.0153	0.0153	0.0153	0.0153	0.0153	0.0153	0.0153	0.0153	0.0153	0.0337	0.0337	0.0337	0.0337	0.0337	0.0337	0.0337	0.0337	0.0337	0.0337	0.0337	0.0337	0.0337	0.0337	0.0337	0.0337	0.0337	0.0337	0.0337	0.0337	0.0337	0.0337	0.0337	0.0337	0.0337	0.0337	0.0337	0.0337	0.0337	0.0337	0.0337	0.0337	0.0337	0.0337	0.0337	0.0337	0.0337	0.0337	0.0337	0.0337	0.0337	0.0337	0.0337	0.0337	0.0337	0.0337	0.0337	0.0337	0.0337	0.0337	0.0337	0.0337	0.0337	0.0337	0.0337	0.0337	0.0337	0.0337	0.0337	0.0337	0.0337	0.0337	0.0337	0.0337	0.0337	0.0337	0.0337	0.0337	0.0337	0.0337	0.0337	0.0337	0.0337	0.0337	0.0337	0.0337	0.0337	0.0337	0.0337	0.0337	0.0337	0.0337	0.0337	0.0337	0.0337	0.0337	0.0337	0.0337	0.0337	0.0337	0.0337	0.0337	0.0337	0.0337	0.0337	0.0337	0.0337	0.0337	0.0337	0.0337	0.0337	0.0337	0.0337	0.0337	0.0337	0.0337	0.0337	0.0337	0.0337	0.0337	0.0337	0.0337	0.0337	0.0337	0.0337	0.0337	0.0337	0.0258	0.0258	0.0258	0.0258	0.0258	0.0258	0.0258	0.0258	0.0258	0.0258	0.0258	0.0258	0.0258	0.0258	0.0258	0.0258	0.0258	0.0258	0.0258	0.0258	0.0258	0.0258	0.0258	0.0258	0.0258	0.0258	0.0258	0.0258	0.0258	0.0258	0.0258	0.0258	0.0258	0.0258	0.0258	0.0258	0.0258	0.0258	0.0258	0.0258	0.0258	0.0258	0.0258	0.0258	0.0258	0.0258	0.0258	0.0258	0.0258	0.0258	0.0258	0.0258	0.0258	0.0258	0.0258	0.0258	0.0258	0.0258	0.0258	0.0258	0.0258	0.0258	0.0258	0.0258	0.0258	0.0258	0.0258	0.0258	0.0258	0.0258	0.0258	0.0258	0.0258	0.0258	0.0258	0.0258	0.0258	0.0258	0.0258	0.0258	0.0258	0.0258	0.0258	0.0258	0.0258	0.0258	0.0258	0.0258	0.0258	0.0258	0.0258	0.0258	0.0258	0.0258	0.0136	0.0136	0.0136	0.0136	0.0136	0.0136	0.0136	0.0136	0.0136	0.0136	0.0136	0.0136	0.0136	0.0136	0.0136	0.0136	0.0136	0.0136	0.0136	0.0136	0.0136	0.0136	0.0136	0.0136	0.0136	0.0136	0.0136	0.0136	0.0136	0.0136	0.0136	0.0136	0.0136	0.0136	0.0136	0.0136	0.0136	0.0136	0.0136	0.0136	0.0136	0.0136	0.0136	0.0136	0.0136	0.0136	0.0136	0.0136	0.0136	0.0136	0.0136	0.0136	0.0136	0.0136	0.0136	0.0136	0.0136	0.0136	0.0136	0.0136	0.0136	0.0136	0.0136	0.0136	0.0136	0.0136	0.0136	0.0136	0.0136	0.0136	0.0136	0.0136	0.0136	0.0136	0.0136	0.0136	0.0136	0.0136	0.0136	0.0136	0.0136	0.0136	0.0136	0.0136	0.0136	0.0136	0.0136	0.0136	0.0136	0.0136	0.0136	0.0136	0.0136	0.0136	0.923	0.923	0.923	0.923	0.923	0.0004	0.923	0.923	0.923	0.923	0.923	0.923	0.923	0.923	0.923	0.923	0.923	0.923	0.923	0.923	0.923	0.923	0.923	0.923	0.923	0.923	0.923	0.923	0.923	0.923	0.923	0.923	0.923	0.923	0.923	0.923	0.923	0.923	0.923	0.923	0.923	0.923	0.923	0.923	0.923	0.923	0.923	0.923	0.923	0.923	0.923	0.923	0.923	0.923	0.923	0.923	0.923	0.923	0.923	0.923	0.923	0.923	0.923	0.923	0.923	0.923	0.923	0.923	0.923	0.923	0.923	0.923	0.923	0.923	0.923	0.923	0.923	0.923	0.418	0.923	0.0004	0.0004	0.0004	0.0004	0.0004	0.0004	0.0004	0.0004	0.0004	0.0004	0.0004	0.0004	0.0004	0.0004	0.0004	0.0004	0.0004	0.0004	0.0004	0.0004	0.0004	0.0004	0.0004	0.0004	0.0004	0.0004	0.0004	0.0004	0.0004	0.0004	0.0004	0.0004	0.0004	0.0004	0.0004	0.0004	0.418	0.0004	0.0004	0.0004	0.0004	0.0004	0.0004	0.0004	0.0004	0.0004	0.0004	0.0004	0.0004	0.0004	0.0004	0.0004	0.0004	0.0004	0.0004	0.0004	0.0004	0.0004	0.0004	0.0004	0.0004	0.0004	0.0004	0.0004	0.0004	0.0004	0.0004	0.0004	0.0004	0.0004	0.0004	0.0004	0.0004	0.0004	0.0004	0.0004	0.0004	0.0004	0.0004	0.0004	0.0004	0.0004	0.0004	0.0004	0.0004	0.0004	0.0004	0.0004	0.0004	0.0004	0.0004	0.0004	0.0004	0.0004	0.0004	0.0004	0.0004	0.0004	0.0004	0.0004	0.0004	0.0004	0.0004	0.0004	0.0004	0.0004	0.0004	0.0004	0.0004	0.0004	0.0004	0.0004	0.0004	0.0004	0.0004	0.0004	0.0004	0.0004	0.0004	0.0004	0.0004	0.0004	0.0004	0.0004	0.0004	0.0004	0.0004	0.0004	0.0004	0.0004	0.0004	0.0004	0.0004	0.0004	0.0004	0.0004	0.0004	0.0004	0.0004	0.0004	0.0004	0.0004	0.0004	0.0004	0.0004	0.0004	0.0004	0.0004	0.0004	0.0004	0.0004	0.0004	0.0004	0.0004	0.0004	0.0004	0.0004	0.0004	0.0004	0.0004	0.0004	0.0004	0.0004	0.0004	0.0004	0.0004	0.0004	0.0004	0.0004	0.0004	0.0004	0.0004	0.0004	0.0004	0.0004	0.0004	0.0273	0.0273	0.0273	0.0273	0.0273	0.0273	0.0273	0.0273	0.0273	0.0273	0.0273	0.0273	0.0273	0.0273
25	0.0141	0.0141	0.0141	0.0141	0.0141	0.0141	0.0141	0.0141	0.0141	0.0141	0.0141	0.0141	0.0141	0.0141	0.0141	0.0141	0.0141	0.0141	0.0141	0.0141	0.0141	0.0141	0.0141	0.0141	0.0141	0.0142	0.0142	0.0142	0.0142	0.0142	0.0142	0.0142	0.0142	0.0142	0.0142	0.0142	0.0142	0.0142	0.0142	0.0142	0.0142	0.0142	0.0142	0.0142	0.0142	0.0142	0.0142	0.0142	0.0142	0.0142	0.0142	0.0142	0.0142	0.0142	0.0142	0.0142	0.0142	0.0142	0.0142	0.0142	0.0142	0.0142	0.0142	0.0142	0.0142	0.0142	0.0142	0.0142	0.0142	0.0142	0.0142	0.0142	0.0142	0.0142	0.0142	0.0142	0.0142	0.0142	0.0142	0.0142	0.0142	0.0142	0.0142	0.0142	0.0142	0.0142	0.0142	0.0142	0.0142	0.0142	0.0142	0.0142	0.0142	0.0142	0.0142	0.0142	0.0142	0.0142	0.0142	0.0142	0.0142	0.0142	0.0142	0.0142	0.0142	0.0142	0.0142	0.0142	0.0142	0.0142	0.0142	0.0142	0.0142	0.0142	0.0142	0.0142	0.0142	0.0142	0.0142	0.0142	0.0142	0.0142	0.0142	0.0142	0.0142	0.0142	0.0142	0.0142	0.0142	0.0142	0.0142	0.0142	0.0142	0.0142	0.0142	0.0142	0.0142	0.0142	0.0142	0.0142	0.0142	0.0142	0.005	0.005	0.005	0.005	0.005	0.005	0.005	0.005	0.005	0.005	0.005	0.005	0.005	0.005	0.005	0.005	0.005	0.005	0.005	0.005	0.005	0.005	0.005	0.005	0.005	0.005	0.005	0.005	0.005	0.005	0.005	0.005	0.005	0.005	0.005	0.005	0.005	0.005	0.005	0.005	0.005	0.005	0.005	0.005	0.005	0.005	0.005	0.005	0.005	0.005	0.005	0.005	0.005	0.005	0.005	0.005	0.005	0.005	0.005	0.005	0.005	0.005	0.005	0.005	0.005	0.005	0.005	0.005	0.005	0.005	0.005	0.005	0.005	0.005	0.005	0.005	0.005	0.005	0.005	0.005	0.005	0.005	0.005	0.005	0.005	0.005	0.005	0.005	0.005	0.005	0.005	0.005	0.005	0.005	0.0117	0.0117	0.0117	0.0117	0.0117	0.0117	0.0117	0.0117	0.0117	0.0117	0.0117	0.0117	0.0117	0.0117	0.0117	0.0117	0.0117	0.0117	0.0117	0.0117	0.0117	0.0117	0.0117	0.0117	0.0117	0.0117	0.0117	0.0117	0.0117	0.0117	0.0117	0.0117	0.0117	0.0117	0.0117	0.0117	0.0117	0.0117	0.0117	0.0117	0.0117	0.0117	0.0117	0.0117	0.0117	0.0117	0.0117	0.0117	0.0117	0.0117	0.0117	0.0117	0.0117	0.0117	0.0117	0.0117	0.0117	0.0117	0.0117	0.0117	0.0117	0.0117	0.0117	0.0117	0.0117	0.0117	0.0117	0.0117	0.0117	0.0117	0.0117	0.0117	0.0117	0.0117	0.0117	0.0117	0.0117	0.0117	0.0117	0.0117	0.0117	0.0117	0.0117	0.0117	0.0117	0.0117	0.0117	0.0117	0.0117	0.0117	0.0117	0.0117	0.0117	0.0117	0.9841	0.9841	0.9841	0.9841	0.9841	0.0069	0.9841	0.9841	0.9841	0.9841	0.9841	0.9841	0.9841	0.9841	0.9841	0.9841	0.9841	0.9841	0.9841	0.9841	0.9841	0.9841	0.9841	0.9841	0.9841	0.9841	0.9841	0.9841	0.9841	0.9841	0.9841	0.9841	0.9841	0.9841	0.9841	0.9841	0.9841	0.9841	0.9841	0.9841	0.9841	0.9841	0.9841	0.9841	0.9841	0.9841	0.9841	0.9841	0.9841	0.9841	0.9841	0.9841	0.9841	0.9841	0.9841	0.9841	0.9841	0.9841	0.9841	0.9841	0.9841	0.9841	0.9841	0.9841	0.9841	0.9841	0.9841	0.9841	0.9841	0.9841	0.9841	0.9841	0.9841	0.9841	0.9841	0.9841	0.9841	0.9841	0.4509	0.9841	0.0069	0.0069	0.0069	0.0069	0.0069	0.0069	0.0069	0.0069	0.0069	0.0069	0.0069	0.0069	0.0069	0.0069	0.0069	0.0069	0.0069	0.0069	0.0069	0.0069	0.0069	0.0069	0.0069	0.0069	0.0069	0.0069	0.0069	0.0069	0.0069	0.0069	0.0069	0.0069	0.0069	0.0069	0.0069	0.0069	0.4509	0.0069	0.0069	0.0069	0.0069	0.0069	0.0069	0.0069	0.0069	0.0069	0.0069	0.0069	0.0069	0.0069	0.0069	0.0069	0.0069	0.0069	0.0069	0.0069	0.0069	0.0069	0.0069	0.0069	0.0069	0.0069	0.0069	0.0069	0.0069	0.0069	0.0069	0.0069	0.0069	0.0069	0.0069	0.0069	0.0069	0.0069	0.0069	0.0069	0.0069	0.0069	0.0069	0.0069	0.0069	0.0069	0.0069	0.0069	0.0069	0.0069	0.0069	0.0069	0.0069	0.0069	0.0069	0.0069	0.0069	0.0069	0.0069	0.0069	0.0069	0.0069	0.0069	0.0069	0.0069	0.0069	0.0069	0.0069	0.0069	0.0069	0.0069	0.0069	0.0069	0.0069	0.0069	0.0069	0.0069	0.0069	0.0069	0.0069	0.0069	0.0069	0.0069	0.0069	0.0069	0.0069	0.0069	0.0069	0.0069	0.0069	0.0069	0.0069	0.0069	0.0069	0.0069	0.0069	0.0069	0.0069	0.0069	0.0069	0.0069	0.0069	0.0069	0.0069	0.0069	0.0069	0.0069	0.0069	0.0069	0.0069	0.0069	0.0069	0.0069	0.0069	0.0069	0.0069	0.0069	0.0069	0.0069	0.0069	0.0069	0.0069	0.0069	0.0069	0.0069	0.0069	0.0069	0.0069	0.0069	0.0069	0.0069	0.0069	0.0069	0.0069	0.0069	0.0069	0.0069	0.0069	0.0069	0.0069	0.1184	0.1184	0.1184	0.1184	0.1184	0.1184	0.1184	0.1184	0.1184	0.1184	0.1184	0.1184	0.1184	0.1184
26	0.021	0.021	0.021	0.021	0.021	0.021	0.021	0.021	0.021	0.021	0.021	0.021	0.021	0.021	0.021	0.021	0.021	0.021	0.021	0.021	0.021	0.021	0.021	0.021	0.021	0.8734	0.8734	0.8734	0.8734	0.8734	0.8734	0.8734	0.8734	0.8734	0.8734	0.8734	0.8734	0.8734	0.8734	0.8734	0.8734	0.8734	0.8734	0.8734	0.8734	0.8734	0.8734	0.8734	0.8734	0.8734	0.8734	0.8734	0.8734	0.8734	0.8734	0.8734	0.8734	0.8734	0.8734	0.8734	0.8734	0.8734	0.8734	0.8734	0.8734	0.8734	0.8734	0.8734	0.8734	0.8734	0.8734	0.8734	0.8734	0.8734	0.8734	0.8734	0.8734	0.8734	0.8734	0.8734	0.8734	0.8734	0.8734	0.8734	0.8734	0.8734	0.8734	0.8734	0.8734	0.8734	0.8734	0.8734	0.8734	0.8734	0.8734	0.8734	0.8734	0.8734	0.8734	0.8734	0.8734	0.8734	0.8734	0.8734	0.8734	0.8734	0.8734	0.8734	0.8734	0.8734	0.8734	0.8734	0.8734	0.8734	0.8734	0.8734	0.8734	0.8734	0.8734	0.8734	0.8734	0.8734	0.8734	0.8734	0.8734	0.8734	0.8734	0.8734	0.8734	0.8734	0.8734	0.8734	0.8734	0.8734	0.8734	0.8734	0.8734	0.8734	0.8734	0.8734	0.8734	0.8734	0.0121	0.0121	0.0121	0.0121	0.0121	0.0121	0.0121	0.0121	0.0121	0.0121	0.0121	0.0121	0.0121	0.0121	0.0121	0.0121	0.0121	0.0121	0.0121	0.0121	0.0121	0.0121	0.0121	0.0121	0.0121	0.0121	0.0121	0.0121	0.0121	0.0121	0.0121	0.0121	0.0121	0.0121	0.0121	0.0121	0.0121	0.0121	0.0121	0.0121	0.0121	0.0121	0.0121	0.0121	0.0121	0.0121	0.0121	0.0121	0.0121	0.0121	0.0121	0.0121	0.0121	0.0121	0.0121	0.0121	0.0121	0.0121	0.0121	0.0121	0.0121	0.0121	0.0121	0.0121	0.0121	0.0121	0.0121	0.0121	0.0121	0.0121	0.0121	0.0121	0.0121	0.0121	0.0121	0.0121	0.0121	0.0121	0.0121	0.0121	0.0121	0.0121	0.0121	0.0121	0.0121	0.0121	0.0121	0.0121	0.0121	0.0121	0.0121	0.0121	0.0121	0.0121	0.0041	0.0041	0.0041	0.0041	0.0041	0.0041	0.0041	0.0041	0.0041	0.0041	0.0041	0.0041	0.0041	0.0041	0.0041	0.0041	0.0041	0.0041	0.0041	0.0041	0.0041	0.0041	0.0041	0.0041	0.0041	0.0041	0.0041	0.0041	0.0041	0.0041	0.0041	0.0041	0.0041	0.0041	0.0041	0.0041	0.0041	0.0041	0.0041	0.0041	0.0041	0.0041	0.0041	0.0041	0.0041	0.0041	0.0041	0.0041	0.0041	0.0041	0.0041	0.0041	0.0041	0.0041	0.0041	0.0041	0.0041	0.0041	0.0041	0.0041	0.0041	0.0041	0.0041	0.0041	0.0041	0.0041	0.0041	0.0041	0.0041	0.0041	0.0041	0.0041	0.0041	0.0041	0.0041	0.0041	0.0041	0.0041	0.0041	0.0041	0.0041	0.0041	0.0041	0.0041	0.0041	0.0041	0.0041	0.0041	0.0041	0.0041	0.0041	0.0041	0.0041	0.0041	0.0196	0.0196	0.0196	0.0196	0.0196	0.0268	0.0196	0.0196	0.0196	0.0196	0.0196	0.0196	0.0196	0.0196	0.0196	0.0196	0.0196	0.0196	0.0196	0.0196	0.0196	0.0196	0.0196	0.0196	0.0196	0.0196	0.0196	0.0196	0.0196	0.0196	0.0196	0.0196	0.0196	0.0196	0.0196	0.0196	0.0196	0.0196	0.0196	0.0196	0.0196	0.0196	0.0196	0.0196	0.0196	0.0196	0.0196	0.0196	0.0196	0.0196	0.0196	0.0196	0.0196	0.0196	0.0196	0.0196	0.0196	0.0196	0.0196	0.0196	0.0196	0.0196	0.0196	0.0196	0.0196	0.0196	0.0196	0.0196	0.0196	0.0196	0.0196	0.0196	0.0196	0.0196	0.0196	0.0196	0.0196	0.0196	0.0193	0.0196	0.0268	0.0268	0.0268	0.0268	0.0268	0.0268	0.0268	0.0268	0.0268	0.0268	0.0268	0.0268	0.0268	0.0268	0.0268	0.0268	0.0268	0.0268	0.0268	0.0268	0.0268	0.0268	0.0268	0.0268	0.0268	0.0268	0.0268	0.0268	0.0268	0.0268	0.0268	0.0268	0.0268	0.0268	0.0268	0.0268	0.0193	0.0268	0.0268	0.0268	0.0268	0.0268	0.0268	0.0268	0.0268	0.0268	0.0268	0.0268	0.0268	0.0268	0.0268	0.0268	0.0268	0.0268	0.0268	0.0268	0.0268	0.0268	0.0268	0.0268	0.0268	0.0268	0.0268	0.0268	0.0268	0.0268	0.0268	0.0268	0.0268	0.0268	0.0268	0.0268	0.0268	0.0268	0.0268	0.0268	0.0268	0.0268	0.0268	0.0268	0.0268	0.0268	0.0268	0.0268	0.0268	0.0268	0.0268	0.0268	0.0268	0.0268	0.0268	0.0268	0.0268	0.0268	0.0268	0.0268	0.0268	0.0268	0.0268	0.0268	0.0268	0.0268	0.0268	0.0268	0.0268	0.0268	0.0268	0.0268	0.0268	0.0268	0.0268	0.0268	0.0268	0.0268	0.0268	0.0268	0.0268	0.0268	0.0268	0.0268	0.0268	0.0268	0.0268	0.0268	0.0268	0.0268	0.0268	0.0268	0.0268	0.0268	0.0268	0.0268	0.0268	0.0268	0.0268	0.0268	0.0268	0.0268	0.0268	0.0268	0.0268	0.0268	0.0268	0.0268	0.0268	0.0268	0.0268	0.0268	0.0268	0.0268	0.0268	0.0268	0.0268	0.0268	0.0268	0.0268	0.0268	0.0268	0.0268	0.0268	0.0268	0.0268	0.0268	0.0268	0.0268	0.0268	0.0268	0.0268	0.0268	0.0268	0.0268	0.0268	0.0268	0.0268	0.0268	0.0268	0.025	0.025	0.025	0.025	0.025	0.025	0.025	0.025	0.025	0.025	0.025	0.025	0.025	0.025
27	0.0525	0.0525	0.0525	0.0525	0.0525	0.0525	0.0525	0.0525	0.0525	0.0525	0.0525	0.0525	0.0525	0.0525	0.0525	0.0525	0.0525	0.0525	0.0525	0.0525	0.0525	0.0525	0.0525	0.0525	0.0525	0.9741	0.9741	0.9741	0.9741	0.9741	0.9741	0.9741	0.9741	0.9741	0.9741	0.9741	0.9741	0.9741	0.9741	0.9741	0.9741	0.9741	0.9741	0.9741	0.9741	0.9741	0.9741	0.9741	0.9741	0.9741	0.9741	0.9741	0.9741	0.9741	0.9741	0.9741	0.9741	0.9741	0.9741	0.9741	0.9741	0.9741	0.9741	0.9741	0.9741	0.9741	0.9741	0.9741	0.9741	0.9741	0.9741	0.9741	0.9741	0.9741	0.9741	0.9741	0.9741	0.9741	0.9741	0.9741	0.9741	0.9741	0.9741	0.9741	0.9741	0.9741	0.9741	0.9741	0.9741	0.9741	0.9741	0.9741	0.9741	0.9741	0.9741	0.9741	0.9741	0.9741	0.9741	0.9741	0.9741	0.9741	0.9741	0.9741	0.9741	0.9741	0.9741	0.9741	0.9741	0.9741	0.9741	0.9741	0.9741	0.9741	0.9741	0.9741	0.9741	0.9741	0.9741	0.9741	0.9741	0.9741	0.9741	0.9741	0.9741	0.9741	0.9741	0.9741	0.9741	0.9741	0.9741	0.9741	0.9741	0.9741	0.9741	0.9741	0.9741	0.9741	0.9741	0.9741	0.9741	0.9741	0.0142	0.0142	0.0142	0.0142	0.0142	0.0142	0.0142	0.0142	0.0142	0.0142	0.0142	0.0142	0.0142	0.0142	0.0142	0.0142	0.0142	0.0142	0.0142	0.0142	0.0142	0.0142	0.0142	0.0142	0.0142	0.0142	0.0142	0.0142	0.0142	0.0142	0.0142	0.0142	0.0142	0.0142	0.0142	0.0142	0.0142	0.0142	0.0142	0.0142	0.0142	0.0142	0.0142	0.0142	0.0142	0.0142	0.0142	0.0142	0.0142	0.0142	0.0142	0.0142	0.0142	0.0142	0.0142	0.0142	0.0142	0.0142	0.0142	0.0142	0.0142	0.0142	0.0142	0.0142	0.0142	0.0142	0.0142	0.0142	0.0142	0.0142	0.0142	0.0142	0.0142	0.0142	0.0142	0.0142	0.0142	0.0142	0.0142	0.0142	0.0142	0.0142	0.0142	0.0142	0.0142	0.0142	0.0142	0.0142	0.0142	0.0142	0.0142	0.0142	0.0142	0.0142	0.032	0.032	0.032	0.032	0.032	0.032	0.032	0.032	0.032	0.032	0.032	0.032	0.032	0.032	0.032	0.032	0.032	0.032	0.032	0.032	0.032	0.032	0.032	0.032	0.032	0.032	0.032	0.032	0.032	0.032	0.032	0.032	0.032	0.032	0.032	0.032	0.032	0.032	0.032	0.032	0.032	0.032	0.032	0.032	0.032	0.032	0.032	0.032	0.032	0.032	0.032	0.032	0.032	0.032	0.032	0.032	0.032	0.032	0.032	0.032	0.032	0.032	0.032	0.032	0.032	0.032	0.032	0.032	0.032	0.032	0.032	0.032	0.032	0.032	0.032	0.032	0.032	0.032	0.032	0.032	0.032	0.032	0.032	0.032	0.032	0.032	0.032	0.032	0.032	0.032	0.032	0.032	0.032	0.032	0.0148	0.0148	0.0148	0.0148	0.0148	0.0102	0.0148	0.0148	0.0148	0.0148	0.0148	0.0148	0.0148	0.0148	0.0148	0.0148	0.0148	0.0148	0.0148	0.0148	0.0148	0.0148	0.0148	0.0148	0.0148	0.0148	0.0148	0.0148	0.0148	0.0148	0.0148	0.0148	0.0148	0.0148	0.0148	0.0148	0.0148	0.0148	0.0148	0.0148	0.0148	0.0148	0.0148	0.0148	0.0148	0.0148	0.0148	0.0148	0.0148	0.0148	0.0148	0.0148	0.0148	0.0148	0.0148	0.0148	0.0148	0.0148	0.0148	0.0148	0.0148	0.0148	0.0148	0.0148	0.0148	0.0148	0.0148	0.0148	0.0148	0.0148	0.0148	0.0148	0.0148	0.0148	0.0148	0.0148	0.0148	0.0148	0.016	0.0148	0.0102	0.0102	0.0102	0.0102	0.0102	0.0102	0.0102	0.0102	0.0102	0.0102	0.0102	0.0102	0.0102	0.0102	0.0102	0.0102	0.0102	0.0102	0.0102	0.0102	0.0102	0.0102	0.0102	0.0102	0.0102	0.0102	0.0102	0.0102	0.0102	0.0102	0.0102	0.0102	0.0102	0.0102	0.0102	0.0102	0.016	0.0102	0.0102	0.0102	0.0102	0.0102	0.0102	0.0102	0.0102	0.0102	0.0102	0.0102	0.0102	0.0102	0.0102	0.0102	0.0102	0.0102	0.0102	0.0102	0.0102	0.0102	0.0102	0.0102	0.0102	0.0102	0.0102	0.0102	0.0102	0.0102	0.0102	0.0102	0.0102	0.0102	0.0102	0.0102	0.0102	0.0102	0.0102	0.0102	0.0102	0.0102	0.0102	0.0102	0.0102	0.0102	0.0102	0.0102	0.0102	0.0102	0.0102	0.0102	0.0102	0.0102	0.0102	0.0102	0.0102	0.0102	0.0102	0.0102	0.0102	0.0102	0.0102	0.0102	0.0102	0.0102	0.0102	0.0102	0.0102	0.0102	0.0102	0.0102	0.0102	0.0102	0.0102	0.0102	0.0102	0.0102	0.0102	0.0102	0.0102	0.0102	0.0102	0.0102	0.0102	0.0102	0.0102	0.0102	0.0102	0.0102	0.0102	0.0102	0.0102	0.0102	0.0102	0.0102	0.0102	0.0102	0.0102	0.0102	0.0102	0.0102	0.0102	0.0102	0.0102	0.0102	0.0102	0.0102	0.0102	0.0102	0.0102	0.0102	0.0102	0.0102	0.0102	0.0102	0.0102	0.0102	0.0102	0.0102	0.0102	0.0102	0.0102	0.0102	0.0102	0.0102	0.0102	0.0102	0.0102	0.0102	0.0102	0.0102	0.0102	0.0102	0.0102	0.0102	0.0102	0.0102	0.0102	0.0102	0.0988	0.0988	0.0988	0.0988	0.0988	0.0988	0.0988	0.0988	0.0988	0.0988	0.0988	0.0988	0.0988	0.0988
28	0.0188	0.0188	0.0188	0.0188	0.0188	0.0188	0.0188	0.0188	0.0188	0.0188	0.0188	0.0188	0.0188	0.0188	0.0188	0.0188	0.0188	0.0188	0.0188	0.0188	0.0188	0.0188	0.0188	0.0188	0.0188	0.9639	0.9639	0.9639	0.9639	0.9639	0.9639	0.9639	0.9639	0.9639	0.9639	0.9639	0.9639	0.9639	0.9639	0.9639	0.9639	0.9639	0.9639	0.9639	0.9639	0.9639	0.9639	0.9639	0.9639	0.9639	0.9639	0.9639	0.9639	0.9639	0.9639	0.9639	0.9639	0.9639	0.9639	0.9639	0.9639	0.9639	0.9639	0.9639	0.9639	0.9639	0.9639	0.9639	0.9639	0.9639	0.9639	0.9639	0.9639	0.9639	0.9639	0.9639	0.9639	0.9639	0.9639	0.9639	0.9639	0.9639	0.9639	0.9639	0.9639	0.9639	0.9639	0.9639	0.9639	0.9639	0.9639	0.9639	0.9639	0.9639	0.9639	0.9639	0.9639	0.9639	0.9639	0.9639	0.9639	0.9639	0.9639	0.9639	0.9639	0.9639	0.9639	0.9639	0.9639	0.9639	0.9639	0.9639	0.9639	0.9639	0.9639	0.9639	0.9639	0.9639	0.9639	0.9639	0.9639	0.9639	0.9639	0.9639	0.9639	0.9639	0.9639	0.9639	0.9639	0.9639	0.9639	0.9639	0.9639	0.9639	0.9639	0.9639	0.9639	0.9639	0.9639	0.9639	0.9639	0.9639	0.0283	0.0283	0.0283	0.0283	0.0283	0.0283	0.0283	0.0283	0.0283	0.0283	0.0283	0.0283	0.0283	0.0283	0.0283	0.0283	0.0283	0.0283	0.0283	0.0283	0.0283	0.0283	0.0283	0.0283	0.0283	0.0283	0.0283	0.0283	0.0283	0.0283	0.0283	0.0283	0.0283	0.0283	0.0283	0.0283	0.0283	0.0283	0.0283	0.0283	0.0283	0.0283	0.0283	0.0283	0.0283	0.0283	0.0283	0.0283	0.0283	0.0283	0.0283	0.0283	0.0283	0.0283	0.0283	0.0283	0.0283	0.0283	0.0283	0.0283	0.0283	0.0283	0.0283	0.0283	0.0283	0.0283	0.0283	0.0283	0.0283	0.0283	0.0283	0.0283	0.0283	0.0283	0.0283	0.0283	0.0283	0.0283	0.0283	0.0283	0.0283	0.0283	0.0283	0.0283	0.0283	0.0283	0.0283	0.0283	0.0283	0.0283	0.0283	0.0283	0.0283	0.0283	0.0068	0.0068	0.0068	0.0068	0.0068	0.0068	0.0068	0.0068	0.0068	0.0068	0.0068	0.0068	0.0068	0.0068	0.0068	0.0068	0.0068	0.0068	0.0068	0.0068	0.0068	0.0068	0.0068	0.0068	0.0068	0.0068	0.0068	0.0068	0.0068	0.0068	0.0068	0.0068	0.0068	0.0068	0.0068	0.0068	0.0068	0.0068	0.0068	0.0068	0.0068	0.0068	0.0068	0.0068	0.0068	0.0068	0.0068	0.0068	0.0068	0.0068	0.0068	0.0068	0.0068	0.0068	0.0068	0.0068	0.0068	0.0068	0.0068	0.0068	0.0068	0.0068	0.0068	0.0068	0.0068	0.0068	0.0068	0.0068	0.0068	0.0068	0.0068	0.0068	0.0068	0.0068	0.0068	0.0068	0.0068	0.0068	0.0068	0.0068	0.0068	0.0068	0.0068	0.0068	0.0068	0.0068	0.0068	0.0068	0.0068	0.0068	0.0068	0.0068	0.0068	0.0068	0.0022	0.0022	0.0022	0.0022	0.0022	0.0224	0.0022	0.0022	0.0022	0.0022	0.0022	0.0022	0.0022	0.0022	0.0022	0.0022	0.0022	0.0022	0.0022	0.0022	0.0022	0.0022	0.0022	0.0022	0.0022	0.0022	0.0022	0.0022	0.0022	0.0022	0.0022	0.0022	0.0022	0.0022	0.0022	0.0022	0.0022	0.0022	0.0022	0.0022	0.0022	0.0022	0.0022	0.0022	0.0022	0.0022	0.0022	0.0022	0.0022	0.0022	0.0022	0.0022	0.0022	0.0022	0.0022	0.0022	0.0022	0.0022	0.0022	0.0022	0.0022	0.0022	0.0022	0.0022	0.0022	0.0022	0.0022	0.0022	0.0022	0.0022	0.0022	0.0022	0.0022	0.0022	0.0022	0.0022	0.0022	0.0022	0.0123	0.0022	0.0224	0.0224	0.0224	0.0224	0.0224	0.0224	0.0224	0.0224	0.0224	0.0224	0.0224	0.0224	0.0224	0.0224	0.0224	0.0224	0.0224	0.0224	0.0224	0.0224	0.0224	0.0224	0.0224	0.0224	0.0224	0.0224	0.0224	0.0224	0.0224	0.0224	0.0224	0.0224	0.0224	0.0224	0.0224	0.0224	0.0123	0.0224	0.0224	0.0224	0.0224	0.0224	0.0224	0.0224	0.0224	0.0224	0.0224	0.0224	0.0224	0.0224	0.0224	0.0224	0.0224	0.0224	0.0224	0.0224	0.0224	0.0224	0.0224	0.0224	0.0224	0.0224	0.0224	0.0224	0.0224	0.0224	0.0224	0.0224	0.0224	0.0224	0.0224	0.0224	0.0224	0.0224	0.0224	0.0224	0.0224	0.0224	0.0224	0.0224	0.0224	0.0224	0.0224	0.0224	0.0224	0.0224	0.0224	0.0224	0.0224	0.0224	0.0224	0.0224	0.0224	0.0224	0.0224	0.0224	0.0224	0.0224	0.0224	0.0224	0.0224	0.0224	0.0224	0.0224	0.0224	0.0224	0.0224	0.0224	0.0224	0.0224	0.0224	0.0224	0.0224	0.0224	0.0224	0.0224	0.0224	0.0224	0.0224	0.0224	0.0224	0.0224	0.0224	0.0224	0.0224	0.0224	0.0224	0.0224	0.0224	0.0224	0.0224	0.0224	0.0224	0.0224	0.0224	0.0224	0.0224	0.0224	0.0224	0.0224	0.0224	0.0224	0.0224	0.0224	0.0224	0.0224	0.0224	0.0224	0.0224	0.0224	0.0224	0.0224	0.0224	0.0224	0.0224	0.0224	0.0224	0.0224	0.0224	0.0224	0.0224	0.0224	0.0224	0.0224	0.0224	0.0224	0.0224	0.0224	0.0224	0.0224	0.0224	0.0224	0.0224	0.0224	0.0224	0.0224	0.0231	0.0231	0.0231	0.0231	0.0231	0.0231	0.0231	0.0231	0.0231	0.0231	0.0231	0.0231	0.0231	0.0231
29	0.0202	0.0202	0.0202	0.0202	0.0202	0.0202	0.0202	0.0202	0.0202	0.0202	0.0202	0.0202	0.0202	0.0202	0.0202	0.0202	0.0202	0.0202	0.0202	0.0202	0.0202	0.0202	0.0202	0.0202	0.0202	0.9757	0.9757	0.9757	0.9757	0.9757	0.9757	0.9757	0.9757	0.9757	0.9757	0.9757	0.9757	0.9757	0.9757	0.9757	0.9757	0.9757	0.9757	0.9757	0.9757	0.9757	0.9757	0.9757	0.9757	0.9757	0.9757	0.9757	0.9757	0.9757	0.9757	0.9757	0.9757	0.9757	0.9757	0.9757	0.9757	0.9757	0.9757	0.9757	0.9757	0.9757	0.9757	0.9757	0.9757	0.9757	0.9757	0.9757	0.9757	0.9757	0.9757	0.9757	0.9757	0.9757	0.9757	0.9757	0.9757	0.9757	0.9757	0.9757	0.9757	0.9757	0.9757	0.9757	0.9757	0.9757	0.9757	0.9757	0.9757	0.9757	0.9757	0.9757	0.9757	0.9757	0.9757	0.9757	0.9757	0.9757	0.9757	0.9757	0.9757	0.9757	0.9757	0.9757	0.9757	0.9757	0.9757	0.9757	0.9757	0.9757	0.9757	0.9757	0.9757	0.9757	0.9757	0.9757	0.9757	0.9757	0.9757	0.9757	0.9757	0.9757	0.9757	0.9757	0.9757	0.9757	0.9757	0.9757	0.9757	0.9757	0.9757	0.9757	0.9757	0.9757	0.9757	0.9757	0.9757	0.9757	0.0063	0.0063	0.0063	0.0063	0.0063	0.0063	0.0063	0.0063	0.0063	0.0063	0.0063	0.0063	0.0063	0.0063	0.0063	0.0063	0.0063	0.0063	0.0063	0.0063	0.0063	0.0063	0.0063	0.0063	0.0063	0.0063	0.0063	0.0063	0.0063	0.0063	0.0063	0.0063	0.0063	0.0063	0.0063	0.0063	0.0063	0.0063	0.0063	0.0063	0.0063	0.0063	0.0063	0.0063	0.0063	0.0063	0.0063	0.0063	0.0063	0.0063	0.0063	0.0063	0.0063	0.0063	0.0063	0.0063	0.0063	0.0063	0.0063	0.0063	0.0063	0.0063	0.0063	0.0063	0.0063	0.0063	0.0063	0.0063	0.0063	0.0063	0.0063	0.0063	0.0063	0.0063	0.0063	0.0063	0.0063	0.0063	0.0063	0.0063	0.0063	0.0063	0.0063	0.0063	0.0063	0.0063	0.0063	0.0063	0.0063	0.0063	0.0063	0.0063	0.0063	0.0063	0.0036	0.0036	0.0036	0.0036	0.0036	0.0036	0.0036	0.0036	0.0036	0.0036	0.0036	0.0036	0.0036	0.0036	0.0036	0.0036	0.0036	0.0036	0.0036	0.0036	0.0036	0.0036	0.0036	0.0036	0.0036	0.0036	0.0036	0.0036	0.0036	0.0036	0.0036	0.0036	0.0036	0.0036	0.0036	0.0036	0.0036	0.0036	0.0036	0.0036	0.0036	0.0036	0.0036	0.0036	0.0036	0.0036	0.0036	0.0036	0.0036	0.0036	0.0036	0.0036	0.0036	0.0036	0.0036	0.0036	0.0036	0.0036	0.0036	0.0036	0.0036	0.0036	0.0036	0.0036	0.0036	0.0036	0.0036	0.0036	0.0036	0.0036	0.0036	0.0036	0.0036	0.0036	0.0036	0.0036	0.0036	0.0036	0.0036	0.0036	0.0036	0.0036	0.0036	0.0036	0.0036	0.0036	0.0036	0.0036	0.0036	0.0036	0.0036	0.0036	0.0036	0.0036	0.0181	0.0181	0.0181	0.0181	0.0181	0.0037	0.0181	0.0181	0.0181	0.0181	0.0181	0.0181	0.0181	0.0181	0.0181	0.0181	0.0181	0.0181	0.0181	0.0181	0.0181	0.0181	0.0181	0.0181	0.0181	0.0181	0.0181	0.0181	0.0181	0.0181	0.0181	0.0181	0.0181	0.0181	0.0181	0.0181	0.0181	0.0181	0.0181	0.0181	0.0181	0.0181	0.0181	0.0181	0.0181	0.0181	0.0181	0.0181	0.0181	0.0181	0.0181	0.0181	0.0181	0.0181	0.0181	0.0181	0.0181	0.0181	0.0181	0.0181	0.0181	0.0181	0.0181	0.0181	0.0181	0.0181	0.0181	0.0181	0.0181	0.0181	0.0181	0.0181	0.0181	0.0181	0.0181	0.0181	0.0181	0.0181	0.0075	0.0181	0.0037	0.0037	0.0037	0.0037	0.0037	0.0037	0.0037	0.0037	0.0037	0.0037	0.0037	0.0037	0.0037	0.0037	0.0037	0.0037	0.0037	0.0037	0.0037	0.0037	0.0037	0.0037	0.0037	0.0037	0.0037	0.0037	0.0037	0.0037	0.0037	0.0037	0.0037	0.0037	0.0037	0.0037	0.0037	0.0037	0.0075	0.0037	0.0037	0.0037	0.0037	0.0037	0.0037	0.0037	0.0037	0.0037	0.0037	0.0037	0.0037	0.0037	0.0037	0.0037	0.0037	0.0037	0.0037	0.0037	0.0037	0.0037	0.0037	0.0037	0.0037	0.0037	0.0037	0.0037	0.0037	0.0037	0.0037	0.0037	0.0037	0.0037	0.0037	0.0037	0.0037	0.0037	0.0037	0.0037	0.0037	0.0037	0.0037	0.0037	0.0037	0.0037	0.0037	0.0037	0.0037	0.0037	0.0037	0.0037	0.0037	0.0037	0.0037	0.0037	0.0037	0.0037	0.0037	0.0037	0.0037	0.0037	0.0037	0.0037	0.0037	0.0037	0.0037	0.0037	0.0037	0.0037	0.0037	0.0037	0.0037	0.0037	0.0037	0.0037	0.0037	0.0037	0.0037	0.0037	0.0037	0.0037	0.0037	0.0037	0.0037	0.0037	0.0037	0.0037	0.0037	0.0037	0.0037	0.0037	0.0037	0.0037	0.0037	0.0037	0.0037	0.0037	0.0037	0.0037	0.0037	0.0037	0.0037	0.0037	0.0037	0.0037	0.0037	0.0037	0.0037	0.0037	0.0037	0.0037	0.0037	0.0037	0.0037	0.0037	0.0037	0.0037	0.0037	0.0037	0.0037	0.0037	0.0037	0.0037	0.0037	0.0037	0.0037	0.0037	0.0037	0.0037	0.0037	0.0037	0.0037	0.0037	0.0037	0.0037	0.0037	0.0037	0.0037	0.0037	0.1369	0.1369	0.1369	0.1369	0.1369	0.1369	0.1369	0.1369	0.1369	0.1369	0.1369	0.1369	0.1369	0.1369
30	0.0134	0.0134	0.0134	0.0134	0.0134	0.0134	0.0134	0.0134	0.0134	0.0134	0.0134	0.0134	0.0134	0.0134	0.0134	0.0134	0.0134	0.0134	0.0134	0.0134	0.0134	0.0134	0.0134	0.0134	0.0134	0.9674	0.9674	0.9674	0.9674	0.9674	0.9674	0.9674	0.9674	0.9674	0.9674	0.9674	0.9674	0.9674	0.9674	0.9674	0.9674	0.9674	0.9674	0.9674	0.9674	0.9674	0.9674	0.9674	0.9674	0.9674	0.9674	0.9674	0.9674	0.9674	0.9674	0.9674	0.9674	0.9674	0.9674	0.9674	0.9674	0.9674	0.9674	0.9674	0.9674	0.9674	0.9674	0.9674	0.9674	0.9674	0.9674	0.9674	0.9674	0.9674	0.9674	0.9674	0.9674	0.9674	0.9674	0.9674	0.9674	0.9674	0.9674	0.9674	0.9674	0.9674	0.9674	0.9674	0.9674	0.9674	0.9674	0.9674	0.9674	0.9674	0.9674	0.9674	0.9674	0.9674	0.9674	0.9674	0.9674	0.9674	0.9674	0.9674	0.9674	0.9674	0.9674	0.9674	0.9674	0.9674	0.9674	0.9674	0.9674	0.9674	0.9674	0.9674	0.9674	0.9674	0.9674	0.9674	0.9674	0.9674	0.9674	0.9674	0.9674	0.9674	0.9674	0.9674	0.9674	0.9674	0.9674	0.9674	0.9674	0.9674	0.9674	0.9674	0.9674	0.9674	0.9674	0.9674	0.9674	0.9674	0.007	0.007	0.007	0.007	0.007	0.007	0.007	0.007	0.007	0.007	0.007	0.007	0.007	0.007	0.007	0.007	0.007	0.007	0.007	0.007	0.007	0.007	0.007	0.007	0.007	0.007	0.007	0.007	0.007	0.007	0.007	0.007	0.007	0.007	0.007	0.007	0.007	0.007	0.007	0.007	0.007	0.007	0.007	0.007	0.007	0.007	0.007	0.007	0.007	0.007	0.007	0.007	0.007	0.007	0.007	0.007	0.007	0.007	0.007	0.007	0.007	0.007	0.007	0.007	0.007	0.007	0.007	0.007	0.007	0.007	0.007	0.007	0.007	0.007	0.007	0.007	0.007	0.007	0.007	0.007	0.007	0.007	0.007	0.007	0.007	0.007	0.007	0.007	0.007	0.007	0.007	0.007	0.007	0.007	0.0049	0.0049	0.0049	0.0049	0.0049	0.0049	0.0049	0.0049	0.0049	0.0049	0.0049	0.0049	0.0049	0.0049	0.0049	0.0049	0.0049	0.0049	0.0049	0.0049	0.0049	0.0049	0.0049	0.0049	0.0049	0.0049	0.0049	0.0049	0.0049	0.0049	0.0049	0.0049	0.0049	0.0049	0.0049	0.0049	0.0049	0.0049	0.0049	0.0049	0.0049	0.0049	0.0049	0.0049	0.0049	0.0049	0.0049	0.0049	0.0049	0.0049	0.0049	0.0049	0.0049	0.0049	0.0049	0.0049	0.0049	0.0049	0.0049	0.0049	0.0049	0.0049	0.0049	0.0049	0.0049	0.0049	0.0049	0.0049	0.0049	0.0049	0.0049	0.0049	0.0049	0.0049	0.0049	0.0049	0.0049	0.0049	0.0049	0.0049	0.0049	0.0049	0.0049	0.0049	0.0049	0.0049	0.0049	0.0049	0.0049	0.0049	0.0049	0.0049	0.0049	0.0049	0.0151	0.0151	0.0151	0.0151	0.0151	0.026	0.0151	0.0151	0.0151	0.0151	0.0151	0.0151	0.0151	0.0151	0.0151	0.0151	0.0151	0.0151	0.0151	0.0151	0.0151	0.0151	0.0151	0.0151	0.0151	0.0151	0.0151	0.0151	0.0151	0.0151	0.0151	0.0151	0.0151	0.0151	0.0151	0.0151	0.0151	0.0151	0.0151	0.0151	0.0151	0.0151	0.0151	0.0151	0.0151	0.0151	0.0151	0.0151	0.0151	0.0151	0.0151	0.0151	0.0151	0.0151	0.0151	0.0151	0.0151	0.0151	0.0151	0.0151	0.0151	0.0151	0.0151	0.0151	0.0151	0.0151	0.0151	0.0151	0.0151	0.0151	0.0151	0.0151	0.0151	0.0151	0.0151	0.0151	0.0151	0.0151	0.0209	0.0151	0.026	0.026	0.026	0.026	0.026	0.026	0.026	0.026	0.026	0.026	0.026	0.026	0.026	0.026	0.026	0.026	0.026	0.026	0.026	0.026	0.026	0.026	0.026	0.026	0.026	0.026	0.026	0.026	0.026	0.026	0.026	0.026	0.026	0.026	0.026	0.026	0.0209	0.026	0.026	0.026	0.026	0.026	0.026	0.026	0.026	0.026	0.026	0.026	0.026	0.026	0.026	0.026	0.026	0.026	0.026	0.026	0.026	0.026	0.026	0.026	0.026	0.026	0.026	0.026	0.026	0.026	0.026	0.026	0.026	0.026	0.026	0.026	0.026	0.026	0.026	0.026	0.026	0.026	0.026	0.026	0.026	0.026	0.026	0.026	0.026	0.026	0.026	0.026	0.026	0.026	0.026	0.026	0.026	0.026	0.026	0.026	0.026	0.026	0.026	0.026	0.026	0.026	0.026	0.026	0.026	0.026	0.026	0.026	0.026	0.026	0.026	0.026	0.026	0.026	0.026	0.026	0.026	0.026	0.026	0.026	0.026	0.026	0.026	0.026	0.026	0.026	0.026	0.026	0.026	0.026	0.026	0.026	0.026	0.026	0.026	0.026	0.026	0.026	0.026	0.026	0.026	0.026	0.026	0.026	0.026	0.026	0.026	0.026	0.026	0.026	0.026	0.026	0.026	0.026	0.026	0.026	0.026	0.026	0.026	0.026	0.026	0.026	0.026	0.026	0.026	0.026	0.026	0.026	0.026	0.026	0.026	0.026	0.026	0.026	0.026	0.026	0.0326	0.0326	0.0326	0.0326	0.0326	0.0326	0.0326	0.0326	0.0326	0.0326	0.0326	0.0326	0.0326	0.0326
31	0.0096	0.0096	0.0096	0.0096	0.0096	0.0096	0.0096	0.0096	0.0096	0.0096	0.0096	0.0096	0.0096	0.0096	0.0096	0.0096	0.0096	0.0096	0.0096	0.0096	0.0096	0.0096	0.0096	0.0096	0.0096	0.9453	0.9453	0.9453	0.9453	0.9453	0.9453	0.9453	0.9453	0.9453	0.9453	0.9453	0.9453	0.9453	0.9453	0.9453	0.9453	0.9453	0.9453	0.9453	0.9453	0.9453	0.9453	0.9453	0.9453	0.9453	0.9453	0.9453	0.9453	0.9453	0.9453	0.9453	0.9453	0.9453	0.9453	0.9453	0.9453	0.9453	0.9453	0.9453	0.9453	0.9453	0.9453	0.9453	0.9453	0.9453	0.9453	0.9453	0.9453	0.9453	0.9453	0.9453	0.9453	0.9453	0.9453	0.9453	0.9453	0.9453	0.9453	0.9453	0.9453	0.9453	0.9453	0.9453	0.9453	0.9453	0.9453	0.9453	0.9453	0.9453	0.9453	0.9453	0.9453	0.9453	0.9453	0.9453	0.9453	0.9453	0.9453	0.9453	0.9453	0.9453	0.9453	0.9453	0.9453	0.9453	0.9453	0.9453	0.9453	0.9453	0.9453	0.9453	0.9453	0.9453	0.9453	0.9453	0.9453	0.9453	0.9453	0.9453	0.9453	0.9453	0.9453	0.9453	0.9453	0.9453	0.9453	0.9453	0.9453	0.9453	0.9453	0.9453	0.9453	0.9453	0.9453	0.9453	0.9453	0.9453	0.0038	0.0038	0.0038	0.0038	0.0038	0.0038	0.0038	0.0038	0.0038	0.0038	0.0038	0.0038	0.0038	0.0038	0.0038	0.0038	0.0038	0.0038	0.0038	0.0038	0.0038	0.0038	0.0038	0.0038	0.0038	0.0038	0.0038	0.0038	0.0038	0.0038	0.0038	0.0038	0.0038	0.0038	0.0038	0.0038	0.0038	0.0038	0.0038	0.0038	0.0038	0.0038	0.0038	0.0038	0.0038	0.0038	0.0038	0.0038	0.0038	0.0038	0.0038	0.0038	0.0038	0.0038	0.0038	0.0038	0.0038	0.0038	0.0038	0.0038	0.0038	0.0038	0.0038	0.0038	0.0038	0.0038	0.0038	0.0038	0.0038	0.0038	0.0038	0.0038	0.0038	0.0038	0.0038	0.0038	0.0038	0.0038	0.0038	0.0038	0.0038	0.0038	0.0038	0.0038	0.0038	0.0038	0.0038	0.0038	0.0038	0.0038	0.0038	0.0038	0.0038	0.0038	0.0135	0.0135	0.0135	0.0135	0.0135	0.0135	0.0135	0.0135	0.0135	0.0135	0.0135	0.0135	0.0135	0.0135	0.0135	0.0135	0.0135	0.0135	0.0135	0.0135	0.0135	0.0135	0.0135	0.0135	0.0135	0.0135	0.0135	0.0135	0.0135	0.0135	0.0135	0.0135	0.0135	0.0135	0.0135	0.0135	0.0135	0.0135	0.0135	0.0135	0.0135	0.0135	0.0135	0.0135	0.0135	0.0135	0.0135	0.0135	0.0135	0.0135	0.0135	0.0135	0.0135	0.0135	0.0135	0.0135	0.0135	0.0135	0.0135	0.0135	0.0135	0.0135	0.0135	0.0135	0.0135	0.0135	0.0135	0.0135	0.0135	0.0135	0.0135	0.0135	0.0135	0.0135	0.0135	0.0135	0.0135	0.0135	0.0135	0.0135	0.0135	0.0135	0.0135	0.0135	0.0135	0.0135	0.0135	0.0135	0.0135	0.0135	0.0135	0.0135	0.0135	0.0135	0.0189	0.0189	0.0189	0.0189	0.0189	0.0108	0.0189	0.0189	0.0189	0.0189	0.0189	0.0189	0.0189	0.0189	0.0189	0.0189	0.0189	0.0189	0.0189	0.0189	0.0189	0.0189	0.0189	0.0189	0.0189	0.0189	0.0189	0.0189	0.0189	0.0189	0.0189	0.0189	0.0189	0.0189	0.0189	0.0189	0.0189	0.0189	0.0189	0.0189	0.0189	0.0189	0.0189	0.0189	0.0189	0.0189	0.0189	0.0189	0.0189	0.0189	0.0189	0.0189	0.0189	0.0189	0.0189	0.0189	0.0189	0.0189	0.0189	0.0189	0.0189	0.0189	0.0189	0.0189	0.0189	0.0189	0.0189	0.0189	0.0189	0.0189	0.0189	0.0189	0.0189	0.0189	0.0189	0.0189	0.0189	0.0189	0.0123	0.0189	0.0108	0.0108	0.0108	0.0108	0.0108	0.0108	0.0108	0.0108	0.0108	0.0108	0.0108	0.0108	0.0108	0.0108	0.0108	0.0108	0.0108	0.0108	0.0108	0.0108	0.0108	0.0108	0.0108	0.0108	0.0108	0.0108	0.0108	0.0108	0.0108	0.0108	0.0108	0.0108	0.0108	0.0108	0.0108	0.0108	0.0123	0.0108	0.0108	0.0108	0.0108	0.0108	0.0108	0.0108	0.0108	0.0108	0.0108	0.0108	0.0108	0.0108	0.0108	0.0108	0.0108	0.0108	0.0108	0.0108	0.0108	0.0108	0.0108	0.0108	0.0108	0.0108	0.0108	0.0108	0.0108	0.0108	0.0108	0.0108	0.0108	0.0108	0.0108	0.0108	0.0108	0.0108	0.0108	0.0108	0.0108	0.0108	0.0108	0.0108	0.0108	0.0108	0.0108	0.0108	0.0108	0.0108	0.0108	0.0108	0.0108	0.0108	0.0108	0.0108	0.0108	0.0108	0.0108	0.0108	0.0108	0.0108	0.0108	0.0108	0.0108	0.0108	0.0108	0.0108	0.0108	0.0108	0.0108	0.0108	0.0108	0.0108	0.0108	0.0108	0.0108	0.0108	0.0108	0.0108	0.0108	0.0108	0.0108	0.0108	0.0108	0.0108	0.0108	0.0108	0.0108	0.0108	0.0108	0.0108	0.0108	0.0108	0.0108	0.0108	0.0108	0.0108	0.0108	0.0108	0.0108	0.0108	0.0108	0.0108	0.0108	0.0108	0.0108	0.0108	0.0108	0.0108	0.0108	0.0108	0.0108	0.0108	0.0108	0.0108	0.0108	0.0108	0.0108	0.0108	0.0108	0.0108	0.0108	0.0108	0.0108	0.0108	0.0108	0.0108	0.0108	0.0108	0.0108	0.0108	0.0108	0.0108	0.0108	0.0108	0.0108	0.0108	0.0108	0.0108	0.0359	0.0359	0.0359	0.0359	0.0359	0.0359	0.0359	0.0359	0.0359	0.0359	0.0359	0.0359	0.0359	0.0359
32	0.0656	0.0656	0.0656	0.0656	0.0656	0.0656	0.0656	0.0656	0.0656	0.0656	0.0656	0.0656	0.0656	0.0656	0.0656	0.0656	0.0656	0.0656	0.0656	0.0656	0.0656	0.0656	0.0656	0.0656	0.0656	0.9717	0.9717	0.9717	0.9717	0.9717	0.9717	0.9717	0.9717	0.9717	0.9717	0.9717	0.9717	0.9717	0.9717	0.9717	0.9717	0.9717	0.9717	0.9717	0.9717	0.9717	0.9717	0.9717	0.9717	0.9717	0.9717	0.9717	0.9717	0.9717	0.9717	0.9717	0.9717	0.9717	0.9717	0.9717	0.9717	0.9717	0.9717	0.9717	0.9717	0.9717	0.9717	0.9717	0.9717	0.9717	0.9717	0.9717	0.9717	0.9717	0.9717	0.9717	0.9717	0.9717	0.9717	0.9717	0.9717	0.9717	0.9717	0.9717	0.9717	0.9717	0.9717	0.9717	0.9717	0.9717	0.9717	0.9717	0.9717	0.9717	0.9717	0.9717	0.9717	0.9717	0.9717	0.9717	0.9717	0.9717	0.9717	0.9717	0.9717	0.9717	0.9717	0.9717	0.9717	0.9717	0.9717	0.9717	0.9717	0.9717	0.9717	0.9717	0.9717	0.9717	0.9717	0.9717	0.9717	0.9717	0.9717	0.9717	0.9717	0.9717	0.9717	0.9717	0.9717	0.9717	0.9717	0.9717	0.9717	0.9717	0.9717	0.9717	0.9717	0.9717	0.9717	0.9717	0.9717	0.9717	0.0123	0.0123	0.0123	0.0123	0.0123	0.0123	0.0123	0.0123	0.0123	0.0123	0.0123	0.0123	0.0123	0.0123	0.0123	0.0123	0.0123	0.0123	0.0123	0.0123	0.0123	0.0123	0.0123	0.0123	0.0123	0.0123	0.0123	0.0123	0.0123	0.0123	0.0123	0.0123	0.0123	0.0123	0.0123	0.0123	0.0123	0.0123	0.0123	0.0123	0.0123	0.0123	0.0123	0.0123	0.0123	0.0123	0.0123	0.0123	0.0123	0.0123	0.0123	0.0123	0.0123	0.0123	0.0123	0.0123	0.0123	0.0123	0.0123	0.0123	0.0123	0.0123	0.0123	0.0123	0.0123	0.0123	0.0123	0.0123	0.0123	0.0123	0.0123	0.0123	0.0123	0.0123	0.0123	0.0123	0.0123	0.0123	0.0123	0.0123	0.0123	0.0123	0.0123	0.0123	0.0123	0.0123	0.0123	0.0123	0.0123	0.0123	0.0123	0.0123	0.0123	0.0123	0.0295	0.0295	0.0295	0.0295	0.0295	0.0295	0.0295	0.0295	0.0295	0.0295	0.0295	0.0295	0.0295	0.0295	0.0295	0.0295	0.0295	0.0295	0.0295	0.0295	0.0295	0.0295	0.0295	0.0295	0.0295	0.0295	0.0295	0.0295	0.0295	0.0295	0.0295	0.0295	0.0295	0.0295	0.0295	0.0295	0.0295	0.0295	0.0295	0.0295	0.0295	0.0295	0.0295	0.0295	0.0295	0.0295	0.0295	0.0295	0.0295	0.0295	0.0295	0.0295	0.0295	0.0295	0.0295	0.0295	0.0295	0.0295	0.0295	0.0295	0.0295	0.0295	0.0295	0.0295	0.0295	0.0295	0.0295	0.0295	0.0295	0.0295	0.0295	0.0295	0.0295	0.0295	0.0295	0.0295	0.0295	0.0295	0.0295	0.0295	0.0295	0.0295	0.0295	0.0295	0.0295	0.0295	0.0295	0.0295	0.0295	0.0295	0.0295	0.0295	0.0295	0.0295	0.0425	0.0425	0.0425	0.0425	0.0425	0.0308	0.0425	0.0425	0.0425	0.0425	0.0425	0.0425	0.0425	0.0425	0.0425	0.0425	0.0425	0.0425	0.0425	0.0425	0.0425	0.0425	0.0425	0.0425	0.0425	0.0425	0.0425	0.0425	0.0425	0.0425	0.0425	0.0425	0.0425	0.0425	0.0425	0.0425	0.0425	0.0425	0.0425	0.0425	0.0425	0.0425	0.0425	0.0425	0.0425	0.0425	0.0425	0.0425	0.0425	0.0425	0.0425	0.0425	0.0425	0.0425	0.0425	0.0425	0.0425	0.0425	0.0425	0.0425	0.0425	0.0425	0.0425	0.0425	0.0425	0.0425	0.0425	0.0425	0.0425	0.0425	0.0425	0.0425	0.0425	0.0425	0.0425	0.0425	0.0425	0.0425	0.0308	0.0425	0.0308	0.0308	0.0308	0.0308	0.0308	0.0308	0.0308	0.0308	0.0308	0.0308	0.0308	0.0308	0.0308	0.0308	0.0308	0.0308	0.0308	0.0308	0.0308	0.0308	0.0308	0.0308	0.0308	0.0308	0.0308	0.0308	0.0308	0.0308	0.0308	0.0308	0.0308	0.0308	0.0308	0.0308	0.0308	0.0308	0.0308	0.0308	0.0308	0.0308	0.0308	0.0308	0.0308	0.0308	0.0308	0.0308	0.0308	0.0308	0.0308	0.0308	0.0308	0.0308	0.0308	0.0308	0.0308	0.0308	0.0308	0.0308	0.0308	0.0308	0.0308	0.0308	0.0308	0.0308	0.0308	0.0308	0.0308	0.0308	0.0308	0.0308	0.0308	0.0308	0.0308	0.0308	0.0308	0.0308	0.0308	0.0308	0.0308	0.0308	0.0308	0.0308	0.0308	0.0308	0.0308	0.0308	0.0308	0.0308	0.0308	0.0308	0.0308	0.0308	0.0308	0.0308	0.0308	0.0308	0.0308	0.0308	0.0308	0.0308	0.0308	0.0308	0.0308	0.0308	0.0308	0.0308	0.0308	0.0308	0.0308	0.0308	0.0308	0.0308	0.0308	0.0308	0.0308	0.0308	0.0308	0.0308	0.0308	0.0308	0.0308	0.0308	0.0308	0.0308	0.0308	0.0308	0.0308	0.0308	0.0308	0.0308	0.0308	0.0308	0.0308	0.0308	0.0308	0.0308	0.0308	0.0308	0.0308	0.0308	0.0308	0.0308	0.0308	0.0308	0.0308	0.0308	0.0308	0.0308	0.0308	0.0308	0.0308	0.0308	0.0308	0.0308	0.0308	0.0308	0.0308	0.0308	0.0308	0.0308	0.0308	0.0308	0.0308	0.0308	0.0308	0.0308	0.0308	0.0308	0.0308	0.0308	0.0308	0.0308	0.0308	0.0308	0.0308	0.0308	0.0094	0.0094	0.0094	0.0094	0.0094	0.0094	0.0094	0.0094	0.0094	0.0094	0.0094	0.0094	0.0094	0.0094
33	0.0987	0.0987	0.0987	0.0987	0.0987	0.0987	0.0987	0.0987	0.0987	0.0987	0.0987	0.0987	0.0987	0.0987	0.0987	0.0987	0.0987	0.0987	0.0987	0.0987	0.0987	0.0987	0.0987	0.0987	0.0987	0.9479	0.9479	0.9479	0.9479	0.9479	0.9479	0.9479	0.9479	0.9479	0.9479	0.9479	0.9479	0.9479	0.9479	0.9479	0.9479	0.9479	0.9479	0.9479	0.9479	0.9479	0.9479	0.9479	0.9479	0.9479	0.9479	0.9479	0.9479	0.9479	0.9479	0.9479	0.9479	0.9479	0.9479	0.9479	0.9479	0.9479	0.9479	0.9479	0.9479	0.9479	0.9479	0.9479	0.9479	0.9479	0.9479	0.9479	0.9479	0.9479	0.9479	0.9479	0.9479	0.9479	0.9479	0.9479	0.9479	0.9479	0.9479	0.9479	0.9479	0.9479	0.9479	0.9479	0.9479	0.9479	0.9479	0.9479	0.9479	0.9479	0.9479	0.9479	0.9479	0.9479	0.9479	0.9479	0.9479	0.9479	0.9479	0.9479	0.9479	0.9479	0.9479	0.9479	0.9479	0.9479	0.9479	0.9479	0.9479	0.9479	0.9479	0.9479	0.9479	0.9479	0.9479	0.9479	0.9479	0.9479	0.9479	0.9479	0.9479	0.9479	0.9479	0.9479	0.9479	0.9479	0.9479	0.9479	0.9479	0.9479	0.9479	0.9479	0.9479	0.9479	0.9479	0.9479	0.9479	0.9479	0.0041	0.0041	0.0041	0.0041	0.0041	0.0041	0.0041	0.0041	0.0041	0.0041	0.0041	0.0041	0.0041	0.0041	0.0041	0.0041	0.0041	0.0041	0.0041	0.0041	0.0041	0.0041	0.0041	0.0041	0.0041	0.0041	0.0041	0.0041	0.0041	0.0041	0.0041	0.0041	0.0041	0.0041	0.0041	0.0041	0.0041	0.0041	0.0041	0.0041	0.0041	0.0041	0.0041	0.0041	0.0041	0.0041	0.0041	0.0041	0.0041	0.0041	0.0041	0.0041	0.0041	0.0041	0.0041	0.0041	0.0041	0.0041	0.0041	0.0041	0.0041	0.0041	0.0041	0.0041	0.0041	0.0041	0.0041	0.0041	0.0041	0.0041	0.0041	0.0041	0.0041	0.0041	0.0041	0.0041	0.0041	0.0041	0.0041	0.0041	0.0041	0.0041	0.0041	0.0041	0.0041	0.0041	0.0041	0.0041	0.0041	0.0041	0.0041	0.0041	0.0041	0.0041	0.0026	0.0026	0.0026	0.0026	0.0026	0.0026	0.0026	0.0026	0.0026	0.0026	0.0026	0.0026	0.0026	0.0026	0.0026	0.0026	0.0026	0.0026	0.0026	0.0026	0.0026	0.0026	0.0026	0.0026	0.0026	0.0026	0.0026	0.0026	0.0026	0.0026	0.0026	0.0026	0.0026	0.0026	0.0026	0.0026	0.0026	0.0026	0.0026	0.0026	0.0026	0.0026	0.0026	0.0026	0.0026	0.0026	0.0026	0.0026	0.0026	0.0026	0.0026	0.0026	0.0026	0.0026	0.0026	0.0026	0.0026	0.0026	0.0026	0.0026	0.0026	0.0026	0.0026	0.0026	0.0026	0.0026	0.0026	0.0026	0.0026	0.0026	0.0026	0.0026	0.0026	0.0026	0.0026	0.0026	0.0026	0.0026	0.0026	0.0026	0.0026	0.0026	0.0026	0.0026	0.0026	0.0026	0.0026	0.0026	0.0026	0.0026	0.0026	0.0026	0.0026	0.0026	0.0048	0.0048	0.0048	0.0048	0.0048	0.0014	0.0048	0.0048	0.0048	0.0048	0.0048	0.0048	0.0048	0.0048	0.0048	0.0048	0.0048	0.0048	0.0048	0.0048	0.0048	0.0048	0.0048	0.0048	0.0048	0.0048	0.0048	0.0048	0.0048	0.0048	0.0048	0.0048	0.0048	0.0048	0.0048	0.0048	0.0048	0.0048	0.0048	0.0048	0.0048	0.0048	0.0048	0.0048	0.0048	0.0048	0.0048	0.0048	0.0048	0.0048	0.0048	0.0048	0.0048	0.0048	0.0048	0.0048	0.0048	0.0048	0.0048	0.0048	0.0048	0.0048	0.0048	0.0048	0.0048	0.0048	0.0048	0.0048	0.0048	0.0048	0.0048	0.0048	0.0048	0.0048	0.0048	0.0048	0.0048	0.0048	0.0046	0.0048	0.0014	0.0014	0.0014	0.0014	0.0014	0.0014	0.0014	0.0014	0.0014	0.0014	0.0014	0.0014	0.0014	0.0014	0.0014	0.0014	0.0014	0.0014	0.0014	0.0014	0.0014	0.0014	0.0014	0.0014	0.0014	0.0014	0.0014	0.0014	0.0014	0.0014	0.0014	0.0014	0.0014	0.0014	0.0014	0.0014	0.0046	0.0014	0.0014	0.0014	0.0014	0.0014	0.0014	0.0014	0.0014	0.0014	0.0014	0.0014	0.0014	0.0014	0.0014	0.0014	0.0014	0.0014	0.0014	0.0014	0.0014	0.0014	0.0014	0.0014	0.0014	0.0014	0.0014	0.0014	0.0014	0.0014	0.0014	0.0014	0.0014	0.0014	0.0014	0.0014	0.0014	0.0014	0.0014	0.0014	0.0014	0.0014	0.0014	0.0014	0.0014	0.0014	0.0014	0.0014	0.0014	0.0014	0.0014	0.0014	0.0014	0.0014	0.0014	0.0014	0.0014	0.0014	0.0014	0.0014	0.0014	0.0014	0.0014	0.0014	0.0014	0.0014	0.0014	0.0014	0.0014	0.0014	0.0014	0.0014	0.0014	0.0014	0.0014	0.0014	0.0014	0.0014	0.0014	0.0014	0.0014	0.0014	0.0014	0.0014	0.0014	0.0014	0.0014	0.0014	0.0014	0.0014	0.0014	0.0014	0.0014	0.0014	0.0014	0.0014	0.0014	0.0014	0.0014	0.0014	0.0014	0.0014	0.0014	0.0014	0.0014	0.0014	0.0014	0.0014	0.0014	0.0014	0.0014	0.0014	0.0014	0.0014	0.0014	0.0014	0.0014	0.0014	0.0014	0.0014	0.0014	0.0014	0.0014	0.0014	0.0014	0.0014	0.0014	0.0014	0.0014	0.0014	0.0014	0.0014	0.0014	0.0014	0.0014	0.0014	0.0014	0.0014	0.0014	0.0014	0.0193	0.0193	0.0193	0.0193	0.0193	0.0193	0.0193	0.0193	0.0193	0.0193	0.0193	0.0193	0.0193	0.0193
34	0.0152	0.0152	0.0152	0.0152	0.0152	0.0152	0.0152	0.0152	0.0152	0.0152	0.0152	0.0152	0.0152	0.0152	0.0152	0.0152	0.0152	0.0152	0.0152	0.0152	0.0152	0.0152	0.0152	0.0152	0.0152	0.933	0.933	0.933	0.933	0.933	0.933	0.933	0.933	0.933	0.933	0.933	0.933	0.933	0.933	0.933	0.933	0.933	0.933	0.933	0.933	0.933	0.933	0.933	0.933	0.933	0.933	0.933	0.933	0.933	0.933	0.933	0.933	0.933	0.933	0.933	0.933	0.933	0.933	0.933	0.933	0.933	0.933	0.933	0.933	0.933	0.933	0.933	0.933	0.933	0.933	0.933	0.933	0.933	0.933	0.933	0.933	0.933	0.933	0.933	0.933	0.933	0.933	0.933	0.933	0.933	0.933	0.933	0.933	0.933	0.933	0.933	0.933	0.933	0.933	0.933	0.933	0.933	0.933	0.933	0.933	0.933	0.933	0.933	0.933	0.933	0.933	0.933	0.933	0.933	0.933	0.933	0.933	0.933	0.933	0.933	0.933	0.933	0.933	0.933	0.933	0.933	0.933	0.933	0.933	0.933	0.933	0.933	0.933	0.933	0.933	0.933	0.933	0.933	0.933	0.933	0.933	0.933	0.0127	0.0127	0.0127	0.0127	0.0127	0.0127	0.0127	0.0127	0.0127	0.0127	0.0127	0.0127	0.0127	0.0127	0.0127	0.0127	0.0127	0.0127	0.0127	0.0127	0.0127	0.0127	0.0127	0.0127	0.0127	0.0127	0.0127	0.0127	0.0127	0.0127	0.0127	0.0127	0.0127	0.0127	0.0127	0.0127	0.0127	0.0127	0.0127	0.0127	0.0127	0.0127	0.0127	0.0127	0.0127	0.0127	0.0127	0.0127	0.0127	0.0127	0.0127	0.0127	0.0127	0.0127	0.0127	0.0127	0.0127	0.0127	0.0127	0.0127	0.0127	0.0127	0.0127	0.0127	0.0127	0.0127	0.0127	0.0127	0.0127	0.0127	0.0127	0.0127	0.0127	0.0127	0.0127	0.0127	0.0127	0.0127	0.0127	0.0127	0.0127	0.0127	0.0127	0.0127	0.0127	0.0127	0.0127	0.0127	0.0127	0.0127	0.0127	0.0127	0.0127	0.0127	0.0042	0.0042	0.0042	0.0042	0.0042	0.0042	0.0042	0.0042	0.0042	0.0042	0.0042	0.0042	0.0042	0.0042	0.0042	0.0042	0.0042	0.0042	0.0042	0.0042	0.0042	0.0042	0.0042	0.0042	0.0042	0.0042	0.0042	0.0042	0.0042	0.0042	0.0042	0.0042	0.0042	0.0042	0.0042	0.0042	0.0042	0.0042	0.0042	0.0042	0.0042	0.0042	0.0042	0.0042	0.0042	0.0042	0.0042	0.0042	0.0042	0.0042	0.0042	0.0042	0.0042	0.0042	0.0042	0.0042	0.0042	0.0042	0.0042	0.0042	0.0042	0.0042	0.0042	0.0042	0.0042	0.0042	0.0042	0.0042	0.0042	0.0042	0.0042	0.0042	0.0042	0.0042	0.0042	0.0042	0.0042	0.0042	0.0042	0.0042	0.0042	0.0042	0.0042	0.0042	0.0042	0.0042	0.0042	0.0042	0.0042	0.0042	0.0042	0.0042	0.0042	0.0042	0.0127	0.0127	0.0127	0.0127	0.0127	0.0195	0.0127	0.0127	0.0127	0.0127	0.0127	0.0127	0.0127	0.0127	0.0127	0.0127	0.0127	0.0127	0.0127	0.0127	0.0127	0.0127	0.0127	0.0127	0.0127	0.0127	0.0127	0.0127	0.0127	0.0127	0.0127	0.0127	0.0127	0.0127	0.0127	0.0127	0.0127	0.0127	0.0127	0.0127	0.0127	0.0127	0.0127	0.0127	0.0127	0.0127	0.0127	0.0127	0.0127	0.0127	0.0127	0.0127	0.0127	0.0127	0.0127	0.0127	0.0127	0.0127	0.0127	0.0127	0.0127	0.0127	0.0127	0.0127	0.0127	0.0127	0.0127	0.0127	0.0127	0.0127	0.0127	0.0127	0.0127	0.0127	0.0127	0.0127	0.0127	0.0127	0.0169	0.0127	0.0195	0.0195	0.0195	0.0195	0.0195	0.0195	0.0195	0.0195	0.0195	0.0195	0.0195	0.0195	0.0195	0.0195	0.0195	0.0195	0.0195	0.0195	0.0195	0.0195	0.0195	0.0195	0.0195	0.0195	0.0195	0.0195	0.0195	0.0195	0.0195	0.0195	0.0195	0.0195	0.0195	0.0195	0.0195	0.0195	0.0169	0.0195	0.0195	0.0195	0.0195	0.0195	0.0195	0.0195	0.0195	0.0195	0.0195	0.0195	0.0195	0.0195	0.0195	0.0195	0.0195	0.0195	0.0195	0.0195	0.0195	0.0195	0.0195	0.0195	0.0195	0.0195	0.0195	0.0195	0.0195	0.0195	0.0195	0.0195	0.0195	0.0195	0.0195	0.0195	0.0195	0.0195	0.0195	0.0195	0.0195	0.0195	0.0195	0.0195	0.0195	0.0195	0.0195	0.0195	0.0195	0.0195	0.0195	0.0195	0.0195	0.0195	0.0195	0.0195	0.0195	0.0195	0.0195	0.0195	0.0195	0.0195	0.0195	0.0195	0.0195	0.0195	0.0195	0.0195	0.0195	0.0195	0.0195	0.0195	0.0195	0.0195	0.0195	0.0195	0.0195	0.0195	0.0195	0.0195	0.0195	0.0195	0.0195	0.0195	0.0195	0.0195	0.0195	0.0195	0.0195	0.0195	0.0195	0.0195	0.0195	0.0195	0.0195	0.0195	0.0195	0.0195	0.0195	0.0195	0.0195	0.0195	0.0195	0.0195	0.0195	0.0195	0.0195	0.0195	0.0195	0.0195	0.0195	0.0195	0.0195	0.0195	0.0195	0.0195	0.0195	0.0195	0.0195	0.0195	0.0195	0.0195	0.0195	0.0195	0.0195	0.0195	0.0195	0.0195	0.0195	0.0195	0.0195	0.0195	0.0195	0.0195	0.0195	0.0195	0.0195	0.0195	0.0195	0.0195	0.0249	0.0249	0.0249	0.0249	0.0249	0.0249	0.0249	0.0249	0.0249	0.0249	0.0249	0.0249	0.0249	0.0249
35	0.0182	0.0182	0.0182	0.0182	0.0182	0.0182	0.0182	0.0182	0.0182	0.0182	0.0182	0.0182	0.0182	0.0182	0.0182	0.0182	0.0182	0.0182	0.0182	0.0182	0.0182	0.0182	0.0182	0.0182	0.0182	0.0109	0.0109	0.0109	0.0109	0.0109	0.0109	0.0109	0.0109	0.0109	0.0109	0.0109	0.0109	0.0109	0.0109	0.0109	0.0109	0.0109	0.0109	0.0109	0.0109	0.0109	0.0109	0.0109	0.0109	0.0109	0.0109	0.0109	0.0109	0.0109	0.0109	0.0109	0.0109	0.0109	0.0109	0.0109	0.0109	0.0109	0.0109	0.0109	0.0109	0.0109	0.0109	0.0109	0.0109	0.0109	0.0109	0.0109	0.0109	0.0109	0.0109	0.0109	0.0109	0.0109	0.0109	0.0109	0.0109	0.0109	0.0109	0.0109	0.0109	0.0109	0.0109	0.0109	0.0109	0.0109	0.0109	0.0109	0.0109	0.0109	0.0109	0.0109	0.0109	0.0109	0.0109	0.0109	0.0109	0.0109	0.0109	0.0109	0.0109	0.0109	0.0109	0.0109	0.0109	0.0109	0.0109	0.0109	0.0109	0.0109	0.0109	0.0109	0.0109	0.0109	0.0109	0.0109	0.0109	0.0109	0.0109	0.0109	0.0109	0.0109	0.0109	0.0109	0.0109	0.0109	0.0109	0.0109	0.0109	0.0109	0.0109	0.0109	0.0109	0.0109	0.0109	0.0109	0.0109	0.0109	0.0126	0.0126	0.0126	0.0126	0.0126	0.0126	0.0126	0.0126	0.0126	0.0126	0.0126	0.0126	0.0126	0.0126	0.0126	0.0126	0.0126	0.0126	0.0126	0.0126	0.0126	0.0126	0.0126	0.0126	0.0126	0.0126	0.0126	0.0126	0.0126	0.0126	0.0126	0.0126	0.0126	0.0126	0.0126	0.0126	0.0126	0.0126	0.0126	0.0126	0.0126	0.0126	0.0126	0.0126	0.0126	0.0126	0.0126	0.0126	0.0126	0.0126	0.0126	0.0126	0.0126	0.0126	0.0126	0.0126	0.0126	0.0126	0.0126	0.0126	0.0126	0.0126	0.0126	0.0126	0.0126	0.0126	0.0126	0.0126	0.0126	0.0126	0.0126	0.0126	0.0126	0.0126	0.0126	0.0126	0.0126	0.0126	0.0126	0.0126	0.0126	0.0126	0.0126	0.0126	0.0126	0.0126	0.0126	0.0126	0.0126	0.0126	0.0126	0.0126	0.0126	0.0126	0.8934	0.8934	0.8934	0.8934	0.8934	0.8934	0.8934	0.8934	0.8934	0.8934	0.8934	0.8934	0.8934	0.8934	0.8934	0.8934	0.8934	0.8934	0.8934	0.8934	0.8934	0.8934	0.8934	0.8934	0.8934	0.8934	0.8934	0.8934	0.8934	0.8934	0.8934	0.8934	0.8934	0.8934	0.8934	0.8934	0.8934	0.8934	0.8934	0.8934	0.8934	0.8934	0.8934	0.8934	0.8934	0.8934	0.8934	0.8934	0.8934	0.8934	0.8934	0.8934	0.8934	0.8934	0.8934	0.8934	0.8934	0.8934	0.8934	0.8934	0.8934	0.8934	0.8934	0.8934	0.8934	0.8934	0.8934	0.8934	0.8934	0.8934	0.8934	0.8934	0.8934	0.8934	0.8934	0.8934	0.8934	0.8934	0.8934	0.8934	0.8934	0.8934	0.8934	0.8934	0.8934	0.8934	0.8934	0.8934	0.8934	0.8934	0.8934	0.8934	0.8934	0.8934	0.0058	0.0058	0.0058	0.0058	0.0058	0.0149	0.0058	0.0058	0.0058	0.0058	0.0058	0.0058	0.0058	0.0058	0.0058	0.0058	0.0058	0.0058	0.0058	0.0058	0.0058	0.0058	0.0058	0.0058	0.0058	0.0058	0.0058	0.0058	0.0058	0.0058	0.0058	0.0058	0.0058	0.0058	0.0058	0.0058	0.0058	0.0058	0.0058	0.0058	0.0058	0.0058	0.0058	0.0058	0.0058	0.0058	0.0058	0.0058	0.0058	0.0058	0.0058	0.0058	0.0058	0.0058	0.0058	0.0058	0.0058	0.0058	0.0058	0.0058	0.0058	0.0058	0.0058	0.0058	0.0058	0.0058	0.0058	0.0058	0.0058	0.0058	0.0058	0.0058	0.0058	0.0058	0.0058	0.0058	0.0058	0.0058	0.009	0.0058	0.0149	0.0149	0.0149	0.0149	0.0149	0.0149	0.0149	0.0149	0.0149	0.0149	0.0149	0.0149	0.0149	0.0149	0.0149	0.0149	0.0149	0.0149	0.0149	0.0149	0.0149	0.0149	0.0149	0.0149	0.0149	0.0149	0.0149	0.0149	0.0149	0.0149	0.0149	0.0149	0.0149	0.0149	0.0149	0.0149	0.009	0.0149	0.0149	0.0149	0.0149	0.0149	0.0149	0.0149	0.0149	0.0149	0.0149	0.0149	0.0149	0.0149	0.0149	0.0149	0.0149	0.0149	0.0149	0.0149	0.0149	0.0149	0.0149	0.0149	0.0149	0.0149	0.0149	0.0149	0.0149	0.0149	0.0149	0.0149	0.0149	0.0149	0.0149	0.0149	0.0149	0.0149	0.0149	0.0149	0.0149	0.0149	0.0149	0.0149	0.0149	0.0149	0.0149	0.0149	0.0149	0.0149	0.0149	0.0149	0.0149	0.0149	0.0149	0.0149	0.0149	0.0149	0.0149	0.0149	0.0149	0.0149	0.0149	0.0149	0.0149	0.0149	0.0149	0.0149	0.0149	0.0149	0.0149	0.0149	0.0149	0.0149	0.0149	0.0149	0.0149	0.0149	0.0149	0.0149	0.0149	0.0149	0.0149	0.0149	0.0149	0.0149	0.0149	0.0149	0.0149	0.0149	0.0149	0.0149	0.0149	0.0149	0.0149	0.0149	0.0149	0.0149	0.0149	0.0149	0.0149	0.0149	0.0149	0.0149	0.0149	0.0149	0.0149	0.0149	0.0149	0.0149	0.0149	0.0149	0.0149	0.0149	0.0149	0.0149	0.0149	0.0149	0.0149	0.0149	0.0149	0.0149	0.0149	0.0149	0.0149	0.0149	0.0149	0.0149	0.0149	0.0149	0.0149	0.0149	0.0149	0.0149	0.0149	0.0149	0.0149	0.0149	0.0149	0.0149	0.0196	0.0196	0.0196	0.0196	0.0196	0.0196	0.0196	0.0196	0.0196	0.0196	0.0196	0.0196	0.0196	0.0196
36	0.0121	0.0121	0.0121	0.0121	0.0121	0.0121	0.0121	0.0121	0.0121	0.0121	0.0121	0.0121	0.0121	0.0121	0.0121	0.0121	0.0121	0.0121	0.0121	0.0121	0.0121	0.0121	0.0121	0.0121	0.0121	0.0028	0.0028	0.0028	0.0028	0.0028	0.0028	0.0028	0.0028	0.0028	0.0028	0.0028	0.0028	0.0028	0.0028	0.0028	0.0028	0.0028	0.0028	0.0028	0.0028	0.0028	0.0028	0.0028	0.0028	0.0028	0.0028	0.0028	0.0028	0.0028	0.0028	0.0028	0.0028	0.0028	0.0028	0.0028	0.0028	0.0028	0.0028	0.0028	0.0028	0.0028	0.0028	0.0028	0.0028	0.0028	0.0028	0.0028	0.0028	0.0028	0.0028	0.0028	0.0028	0.0028	0.0028	0.0028	0.0028	0.0028	0.0028	0.0028	0.0028	0.0028	0.0028	0.0028	0.0028	0.0028	0.0028	0.0028	0.0028	0.0028	0.0028	0.0028	0.0028	0.0028	0.0028	0.0028	0.0028	0.0028	0.0028	0.0028	0.0028	0.0028	0.0028	0.0028	0.0028	0.0028	0.0028	0.0028	0.0028	0.0028	0.0028	0.0028	0.0028	0.0028	0.0028	0.0028	0.0028	0.0028	0.0028	0.0028	0.0028	0.0028	0.0028	0.0028	0.0028	0.0028	0.0028	0.0028	0.0028	0.0028	0.0028	0.0028	0.0028	0.0028	0.0028	0.0028	0.0028	0.0028	0.0099	0.0099	0.0099	0.0099	0.0099	0.0099	0.0099	0.0099	0.0099	0.0099	0.0099	0.0099	0.0099	0.0099	0.0099	0.0099	0.0099	0.0099	0.0099	0.0099	0.0099	0.0099	0.0099	0.0099	0.0099	0.0099	0.0099	0.0099	0.0099	0.0099	0.0099	0.0099	0.0099	0.0099	0.0099	0.0099	0.0099	0.0099	0.0099	0.0099	0.0099	0.0099	0.0099	0.0099	0.0099	0.0099	0.0099	0.0099	0.0099	0.0099	0.0099	0.0099	0.0099	0.0099	0.0099	0.0099	0.0099	0.0099	0.0099	0.0099	0.0099	0.0099	0.0099	0.0099	0.0099	0.0099	0.0099	0.0099	0.0099	0.0099	0.0099	0.0099	0.0099	0.0099	0.0099	0.0099	0.0099	0.0099	0.0099	0.0099	0.0099	0.0099	0.0099	0.0099	0.0099	0.0099	0.0099	0.0099	0.0099	0.0099	0.0099	0.0099	0.0099	0.0099	0.9294	0.9294	0.9294	0.9294	0.9294	0.9294	0.9294	0.9294	0.9294	0.9294	0.9294	0.9294	0.9294	0.9294	0.9294	0.9294	0.9294	0.9294	0.9294	0.9294	0.9294	0.9294	0.9294	0.9294	0.9294	0.9294	0.9294	0.9294	0.9294	0.9294	0.9294	0.9294	0.9294	0.9294	0.9294	0.9294	0.9294	0.9294	0.9294	0.9294	0.9294	0.9294	0.9294	0.9294	0.9294	0.9294	0.9294	0.9294	0.9294	0.9294	0.9294	0.9294	0.9294	0.9294	0.9294	0.9294	0.9294	0.9294	0.9294	0.9294	0.9294	0.9294	0.9294	0.9294	0.9294	0.9294	0.9294	0.9294	0.9294	0.9294	0.9294	0.9294	0.9294	0.9294	0.9294	0.9294	0.9294	0.9294	0.9294	0.9294	0.9294	0.9294	0.9294	0.9294	0.9294	0.9294	0.9294	0.9294	0.9294	0.9294	0.9294	0.9294	0.9294	0.9294	0.0053	0.0053	0.0053	0.0053	0.0053	0.0084	0.0053	0.0053	0.0053	0.0053	0.0053	0.0053	0.0053	0.0053	0.0053	0.0053	0.0053	0.0053	0.0053	0.0053	0.0053	0.0053	0.0053	0.0053	0.0053	0.0053	0.0053	0.0053	0.0053	0.0053	0.0053	0.0053	0.0053	0.0053	0.0053	0.0053	0.0053	0.0053	0.0053	0.0053	0.0053	0.0053	0.0053	0.0053	0.0053	0.0053	0.0053	0.0053	0.0053	0.0053	0.0053	0.0053	0.0053	0.0053	0.0053	0.0053	0.0053	0.0053	0.0053	0.0053	0.0053	0.0053	0.0053	0.0053	0.0053	0.0053	0.0053	0.0053	0.0053	0.0053	0.0053	0.0053	0.0053	0.0053	0.0053	0.0053	0.0053	0.0053	0.0112	0.0053	0.0084	0.0084	0.0084	0.0084	0.0084	0.0084	0.0084	0.0084	0.0084	0.0084	0.0084	0.0084	0.0084	0.0084	0.0084	0.0084	0.0084	0.0084	0.0084	0.0084	0.0084	0.0084	0.0084	0.0084	0.0084	0.0084	0.0084	0.0084	0.0084	0.0084	0.0084	0.0084	0.0084	0.0084	0.0084	0.0084	0.0112	0.0084	0.0084	0.0084	0.0084	0.0084	0.0084	0.0084	0.0084	0.0084	0.0084	0.0084	0.0084	0.0084	0.0084	0.0084	0.0084	0.0084	0.0084	0.0084	0.0084	0.0084	0.0084	0.0084	0.0084	0.0084	0.0084	0.0084	0.0084	0.0084	0.0084	0.0084	0.0084	0.0084	0.0084	0.0084	0.0084	0.0084	0.0084	0.0084	0.0084	0.0084	0.0084	0.0084	0.0084	0.0084	0.0084	0.0084	0.0084	0.0084	0.0084	0.0084	0.0084	0.0084	0.0084	0.0084	0.0084	0.0084	0.0084	0.0084	0.0084	0.0084	0.0084	0.0084	0.0084	0.0084	0.0084	0.0084	0.0084	0.0084	0.0084	0.0084	0.0084	0.0084	0.0084	0.0084	0.0084	0.0084	0.0084	0.0084	0.0084	0.0084	0.0084	0.0084	0.0084	0.0084	0.0084	0.0084	0.0084	0.0084	0.0084	0.0084	0.0084	0.0084	0.0084	0.0084	0.0084	0.0084	0.0084	0.0084	0.0084	0.0084	0.0084	0.0084	0.0084	0.0084	0.0084	0.0084	0.0084	0.0084	0.0084	0.0084	0.0084	0.0084	0.0084	0.0084	0.0084	0.0084	0.0084	0.0084	0.0084	0.0084	0.0084	0.0084	0.0084	0.0084	0.0084	0.0084	0.0084	0.0084	0.0084	0.0084	0.0084	0.0084	0.0084	0.0084	0.0084	0.0084	0.0084	0.0084	0.0254	0.0254	0.0254	0.0254	0.0254	0.0254	0.0254	0.0254	0.0254	0.0254	0.0254	0.0254	0.0254	0.0254
37	0.018	0.018	0.018	0.018	0.018	0.018	0.018	0.018	0.018	0.018	0.018	0.018	0.018	0.018	0.018	0.018	0.018	0.018	0.018	0.018	0.018	0.018	0.018	0.018	0.018	0.0035	0.0035	0.0035	0.0035	0.0035	0.0035	0.0035	0.0035	0.0035	0.0035	0.0035	0.0035	0.0035	0.0035	0.0035	0.0035	0.0035	0.0035	0.0035	0.0035	0.0035	0.0035	0.0035	0.0035	0.0035	0.0035	0.0035	0.0035	0.0035	0.0035	0.0035	0.0035	0.0035	0.0035	0.0035	0.0035	0.0035	0.0035	0.0035	0.0035	0.0035	0.0035	0.0035	0.0035	0.0035	0.0035	0.0035	0.0035	0.0035	0.0035	0.0035	0.0035	0.0035	0.0035	0.0035	0.0035	0.0035	0.0035	0.0035	0.0035	0.0035	0.0035	0.0035	0.0035	0.0035	0.0035	0.0035	0.0035	0.0035	0.0035	0.0035	0.0035	0.0035	0.0035	0.0035	0.0035	0.0035	0.0035	0.0035	0.0035	0.0035	0.0035	0.0035	0.0035	0.0035	0.0035	0.0035	0.0035	0.0035	0.0035	0.0035	0.0035	0.0035	0.0035	0.0035	0.0035	0.0035	0.0035	0.0035	0.0035	0.0035	0.0035	0.0035	0.0035	0.0035	0.0035	0.0035	0.0035	0.0035	0.0035	0.0035	0.0035	0.0035	0.0035	0.0035	0.0035	0.0035	0.0145	0.0145	0.0145	0.0145	0.0145	0.0145	0.0145	0.0145	0.0145	0.0145	0.0145	0.0145	0.0145	0.0145	0.0145	0.0145	0.0145	0.0145	0.0145	0.0145	0.0145	0.0145	0.0145	0.0145	0.0145	0.0145	0.0145	0.0145	0.0145	0.0145	0.0145	0.0145	0.0145	0.0145	0.0145	0.0145	0.0145	0.0145	0.0145	0.0145	0.0145	0.0145	0.0145	0.0145	0.0145	0.0145	0.0145	0.0145	0.0145	0.0145	0.0145	0.0145	0.0145	0.0145	0.0145	0.0145	0.0145	0.0145	0.0145	0.0145	0.0145	0.0145	0.0145	0.0145	0.0145	0.0145	0.0145	0.0145	0.0145	0.0145	0.0145	0.0145	0.0145	0.0145	0.0145	0.0145	0.0145	0.0145	0.0145	0.0145	0.0145	0.0145	0.0145	0.0145	0.0145	0.0145	0.0145	0.0145	0.0145	0.0145	0.0145	0.0145	0.0145	0.0145	0.9684	0.9684	0.9684	0.9684	0.9684	0.9684	0.9684	0.9684	0.9684	0.9684	0.9684	0.9684	0.9684	0.9684	0.9684	0.9684	0.9684	0.9684	0.9684	0.9684	0.9684	0.9684	0.9684	0.9684	0.9684	0.9684	0.9684	0.9684	0.9684	0.9684	0.9684	0.9684	0.9684	0.9684	0.9684	0.9684	0.9684	0.9684	0.9684	0.9684	0.9684	0.9684	0.9684	0.9684	0.9684	0.9684	0.9684	0.9684	0.9684	0.9684	0.9684	0.9684	0.9684	0.9684	0.9684	0.9684	0.9684	0.9684	0.9684	0.9684	0.9684	0.9684	0.9684	0.9684	0.9684	0.9684	0.9684	0.9684	0.9684	0.9684	0.9684	0.9684	0.9684	0.9684	0.9684	0.9684	0.9684	0.9684	0.9684	0.9684	0.9684	0.9684	0.9684	0.9684	0.9684	0.9684	0.9684	0.9684	0.9684	0.9684	0.9684	0.9684	0.9684	0.9684	0.0046	0.0046	0.0046	0.0046	0.0046	0.0166	0.0046	0.0046	0.0046	0.0046	0.0046	0.0046	0.0046	0.0046	0.0046	0.0046	0.0046	0.0046	0.0046	0.0046	0.0046	0.0046	0.0046	0.0046	0.0046	0.0046	0.0046	0.0046	0.0046	0.0046	0.0046	0.0046	0.0046	0.0046	0.0046	0.0046	0.0046	0.0046	0.0046	0.0046	0.0046	0.0046	0.0046	0.0046	0.0046	0.0046	0.0046	0.0046	0.0046	0.0046	0.0046	0.0046	0.0046	0.0046	0.0046	0.0046	0.0046	0.0046	0.0046	0.0046	0.0046	0.0046	0.0046	0.0046	0.0046	0.0046	0.0046	0.0046	0.0046	0.0046	0.0046	0.0046	0.0046	0.0046	0.0046	0.0046	0.0046	0.0046	0.0129	0.0046	0.0166	0.0166	0.0166	0.0166	0.0166	0.0166	0.0166	0.0166	0.0166	0.0166	0.0166	0.0166	0.0166	0.0166	0.0166	0.0166	0.0166	0.0166	0.0166	0.0166	0.0166	0.0166	0.0166	0.0166	0.0166	0.0166	0.0166	0.0166	0.0166	0.0166	0.0166	0.0166	0.0166	0.0166	0.0166	0.0166	0.0129	0.0166	0.0166	0.0166	0.0166	0.0166	0.0166	0.0166	0.0166	0.0166	0.0166	0.0166	0.0166	0.0166	0.0166	0.0166	0.0166	0.0166	0.0166	0.0166	0.0166	0.0166	0.0166	0.0166	0.0166	0.0166	0.0166	0.0166	0.0166	0.0166	0.0166	0.0166	0.0166	0.0166	0.0166	0.0166	0.0166	0.0166	0.0166	0.0166	0.0166	0.0166	0.0166	0.0166	0.0166	0.0166	0.0166	0.0166	0.0166	0.0166	0.0166	0.0166	0.0166	0.0166	0.0166	0.0166	0.0166	0.0166	0.0166	0.0166	0.0166	0.0166	0.0166	0.0166	0.0166	0.0166	0.0166	0.0166	0.0166	0.0166	0.0166	0.0166	0.0166	0.0166	0.0166	0.0166	0.0166	0.0166	0.0166	0.0166	0.0166	0.0166	0.0166	0.0166	0.0166	0.0166	0.0166	0.0166	0.0166	0.0166	0.0166	0.0166	0.0166	0.0166	0.0166	0.0166	0.0166	0.0166	0.0166	0.0166	0.0166	0.0166	0.0166	0.0166	0.0166	0.0166	0.0166	0.0166	0.0166	0.0166	0.0166	0.0166	0.0166	0.0166	0.0166	0.0166	0.0166	0.0166	0.0166	0.0166	0.0166	0.0166	0.0166	0.0166	0.0166	0.0166	0.0166	0.0166	0.0166	0.0166	0.0166	0.0166	0.0166	0.0166	0.0166	0.0166	0.0166	0.0166	0.0166	0.0166	0.027	0.027	0.027	0.027	0.027	0.027	0.027	0.027	0.027	0.027	0.027	0.027	0.027	0.027
38	0.0098	0.0098	0.0098	0.0098	0.0098	0.0098	0.0098	0.0098	0.0098	0.0098	0.0098	0.0098	0.0098	0.0098	0.0098	0.0098	0.0098	0.0098	0.0098	0.0098	0.0098	0.0098	0.0098	0.0098	0.0098	0.0025	0.0025	0.0025	0.0025	0.0025	0.0025	0.0025	0.0025	0.0025	0.0025	0.0025	0.0025	0.0025	0.0025	0.0025	0.0025	0.0025	0.0025	0.0025	0.0025	0.0025	0.0025	0.0025	0.0025	0.0025	0.0025	0.0025	0.0025	0.0025	0.0025	0.0025	0.0025	0.0025	0.0025	0.0025	0.0025	0.0025	0.0025	0.0025	0.0025	0.0025	0.0025	0.0025	0.0025	0.0025	0.0025	0.0025	0.0025	0.0025	0.0025	0.0025	0.0025	0.0025	0.0025	0.0025	0.0025	0.0025	0.0025	0.0025	0.0025	0.0025	0.0025	0.0025	0.0025	0.0025	0.0025	0.0025	0.0025	0.0025	0.0025	0.0025	0.0025	0.0025	0.0025	0.0025	0.0025	0.0025	0.0025	0.0025	0.0025	0.0025	0.0025	0.0025	0.0025	0.0025	0.0025	0.0025	0.0025	0.0025	0.0025	0.0025	0.0025	0.0025	0.0025	0.0025	0.0025	0.0025	0.0025	0.0025	0.0025	0.0025	0.0025	0.0025	0.0025	0.0025	0.0025	0.0025	0.0025	0.0025	0.0025	0.0025	0.0025	0.0025	0.0025	0.0025	0.0025	0.0025	0.005	0.005	0.005	0.005	0.005	0.005	0.005	0.005	0.005	0.005	0.005	0.005	0.005	0.005	0.005	0.005	0.005	0.005	0.005	0.005	0.005	0.005	0.005	0.005	0.005	0.005	0.005	0.005	0.005	0.005	0.005	0.005	0.005	0.005	0.005	0.005	0.005	0.005	0.005	0.005	0.005	0.005	0.005	0.005	0.005	0.005	0.005	0.005	0.005	0.005	0.005	0.005	0.005	0.005	0.005	0.005	0.005	0.005	0.005	0.005	0.005	0.005	0.005	0.005	0.005	0.005	0.005	0.005	0.005	0.005	0.005	0.005	0.005	0.005	0.005	0.005	0.005	0.005	0.005	0.005	0.005	0.005	0.005	0.005	0.005	0.005	0.005	0.005	0.005	0.005	0.005	0.005	0.005	0.005	0.9045	0.9045	0.9045	0.9045	0.9045	0.9045	0.9045	0.9045	0.9045	0.9045	0.9045	0.9045	0.9045	0.9045	0.9045	0.9045	0.9045	0.9045	0.9045	0.9045	0.9045	0.9045	0.9045	0.9045	0.9045	0.9045	0.9045	0.9045	0.9045	0.9045	0.9045	0.9045	0.9045	0.9045	0.9045	0.9045	0.9045	0.9045	0.9045	0.9045	0.9045	0.9045	0.9045	0.9045	0.9045	0.9045	0.9045	0.9045	0.9045	0.9045	0.9045	0.9045	0.9045	0.9045	0.9045	0.9045	0.9045	0.9045	0.9045	0.9045	0.9045	0.9045	0.9045	0.9045	0.9045	0.9045	0.9045	0.9045	0.9045	0.9045	0.9045	0.9045	0.9045	0.9045	0.9045	0.9045	0.9045	0.9045	0.9045	0.9045	0.9045	0.9045	0.9045	0.9045	0.9045	0.9045	0.9045	0.9045	0.9045	0.9045	0.9045	0.9045	0.9045	0.9045	0.0027	0.0027	0.0027	0.0027	0.0027	0.005	0.0027	0.0027	0.0027	0.0027	0.0027	0.0027	0.0027	0.0027	0.0027	0.0027	0.0027	0.0027	0.0027	0.0027	0.0027	0.0027	0.0027	0.0027	0.0027	0.0027	0.0027	0.0027	0.0027	0.0027	0.0027	0.0027	0.0027	0.0027	0.0027	0.0027	0.0027	0.0027	0.0027	0.0027	0.0027	0.0027	0.0027	0.0027	0.0027	0.0027	0.0027	0.0027	0.0027	0.0027	0.0027	0.0027	0.0027	0.0027	0.0027	0.0027	0.0027	0.0027	0.0027	0.0027	0.0027	0.0027	0.0027	0.0027	0.0027	0.0027	0.0027	0.0027	0.0027	0.0027	0.0027	0.0027	0.0027	0.0027	0.0027	0.0027	0.0027	0.0027	0.0038	0.0027	0.005	0.005	0.005	0.005	0.005	0.005	0.005	0.005	0.005	0.005	0.005	0.005	0.005	0.005	0.005	0.005	0.005	0.005	0.005	0.005	0.005	0.005	0.005	0.005	0.005	0.005	0.005	0.005	0.005	0.005	0.005	0.005	0.005	0.005	0.005	0.005	0.0038	0.005	0.005	0.005	0.005	0.005	0.005	0.005	0.005	0.005	0.005	0.005	0.005	0.005	0.005	0.005	0.005	0.005	0.005	0.005	0.005	0.005	0.005	0.005	0.005	0.005	0.005	0.005	0.005	0.005	0.005	0.005	0.005	0.005	0.005	0.005	0.005	0.005	0.005	0.005	0.005	0.005	0.005	0.005	0.005	0.005	0.005	0.005	0.005	0.005	0.005	0.005	0.005	0.005	0.005	0.005	0.005	0.005	0.005	0.005	0.005	0.005	0.005	0.005	0.005	0.005	0.005	0.005	0.005	0.005	0.005	0.005	0.005	0.005	0.005	0.005	0.005	0.005	0.005	0.005	0.005	0.005	0.005	0.005	0.005	0.005	0.005	0.005	0.005	0.005	0.005	0.005	0.005	0.005	0.005	0.005	0.005	0.005	0.005	0.005	0.005	0.005	0.005	0.005	0.005	0.005	0.005	0.005	0.005	0.005	0.005	0.005	0.005	0.005	0.005	0.005	0.005	0.005	0.005	0.005	0.005	0.005	0.005	0.005	0.005	0.005	0.005	0.005	0.005	0.005	0.005	0.005	0.005	0.005	0.005	0.005	0.005	0.005	0.005	0.005	0.0294	0.0294	0.0294	0.0294	0.0294	0.0294	0.0294	0.0294	0.0294	0.0294	0.0294	0.0294	0.0294	0.0294
39	0.0124	0.0124	0.0124	0.0124	0.0124	0.0124	0.0124	0.0124	0.0124	0.0124	0.0124	0.0124	0.0124	0.0124	0.0124	0.0124	0.0124	0.0124	0.0124	0.0124	0.0124	0.0124	0.0124	0.0124	0.0124	0.0032	0.0032	0.0032	0.0032	0.0032	0.0032	0.0032	0.0032	0.0032	0.0032	0.0032	0.0032	0.0032	0.0032	0.0032	0.0032	0.0032	0.0032	0.0032	0.0032	0.0032	0.0032	0.0032	0.0032	0.0032	0.0032	0.0032	0.0032	0.0032	0.0032	0.0032	0.0032	0.0032	0.0032	0.0032	0.0032	0.0032	0.0032	0.0032	0.0032	0.0032	0.0032	0.0032	0.0032	0.0032	0.0032	0.0032	0.0032	0.0032	0.0032	0.0032	0.0032	0.0032	0.0032	0.0032	0.0032	0.0032	0.0032	0.0032	0.0032	0.0032	0.0032	0.0032	0.0032	0.0032	0.0032	0.0032	0.0032	0.0032	0.0032	0.0032	0.0032	0.0032	0.0032	0.0032	0.0032	0.0032	0.0032	0.0032	0.0032	0.0032	0.0032	0.0032	0.0032	0.0032	0.0032	0.0032	0.0032	0.0032	0.0032	0.0032	0.0032	0.0032	0.0032	0.0032	0.0032	0.0032	0.0032	0.0032	0.0032	0.0032	0.0032	0.0032	0.0032	0.0032	0.0032	0.0032	0.0032	0.0032	0.0032	0.0032	0.0032	0.0032	0.0032	0.0032	0.0032	0.0032	0.0268	0.0268	0.0268	0.0268	0.0268	0.0268	0.0268	0.0268	0.0268	0.0268	0.0268	0.0268	0.0268	0.0268	0.0268	0.0268	0.0268	0.0268	0.0268	0.0268	0.0268	0.0268	0.0268	0.0268	0.0268	0.0268	0.0268	0.0268	0.0268	0.0268	0.0268	0.0268	0.0268	0.0268	0.0268	0.0268	0.0268	0.0268	0.0268	0.0268	0.0268	0.0268	0.0268	0.0268	0.0268	0.0268	0.0268	0.0268	0.0268	0.0268	0.0268	0.0268	0.0268	0.0268	0.0268	0.0268	0.0268	0.0268	0.0268	0.0268	0.0268	0.0268	0.0268	0.0268	0.0268	0.0268	0.0268	0.0268	0.0268	0.0268	0.0268	0.0268	0.0268	0.0268	0.0268	0.0268	0.0268	0.0268	0.0268	0.0268	0.0268	0.0268	0.0268	0.0268	0.0268	0.0268	0.0268	0.0268	0.0268	0.0268	0.0268	0.0268	0.0268	0.0268	0.9426	0.9426	0.9426	0.9426	0.9426	0.9426	0.9426	0.9426	0.9426	0.9426	0.9426	0.9426	0.9426	0.9426	0.9426	0.9426	0.9426	0.9426	0.9426	0.9426	0.9426	0.9426	0.9426	0.9426	0.9426	0.9426	0.9426	0.9426	0.9426	0.9426	0.9426	0.9426	0.9426	0.9426	0.9426	0.9426	0.9426	0.9426	0.9426	0.9426	0.9426	0.9426	0.9426	0.9426	0.9426	0.9426	0.9426	0.9426	0.9426	0.9426	0.9426	0.9426	0.9426	0.9426	0.9426	0.9426	0.9426	0.9426	0.9426	0.9426	0.9426	0.9426	0.9426	0.9426	0.9426	0.9426	0.9426	0.9426	0.9426	0.9426	0.9426	0.9426	0.9426	0.9426	0.9426	0.9426	0.9426	0.9426	0.9426	0.9426	0.9426	0.9426	0.9426	0.9426	0.9426	0.9426	0.9426	0.9426	0.9426	0.9426	0.9426	0.9426	0.9426	0.9426	0.0232	0.0232	0.0232	0.0232	0.0232	0.0088	0.0232	0.0232	0.0232	0.0232	0.0232	0.0232	0.0232	0.0232	0.0232	0.0232	0.0232	0.0232	0.0232	0.0232	0.0232	0.0232	0.0232	0.0232	0.0232	0.0232	0.0232	0.0232	0.0232	0.0232	0.0232	0.0232	0.0232	0.0232	0.0232	0.0232	0.0232	0.0232	0.0232	0.0232	0.0232	0.0232	0.0232	0.0232	0.0232	0.0232	0.0232	0.0232	0.0232	0.0232	0.0232	0.0232	0.0232	0.0232	0.0232	0.0232	0.0232	0.0232	0.0232	0.0232	0.0232	0.0232	0.0232	0.0232	0.0232	0.0232	0.0232	0.0232	0.0232	0.0232	0.0232	0.0232	0.0232	0.0232	0.0232	0.0232	0.0232	0.0232	0.0125	0.0232	0.0088	0.0088	0.0088	0.0088	0.0088	0.0088	0.0088	0.0088	0.0088	0.0088	0.0088	0.0088	0.0088	0.0088	0.0088	0.0088	0.0088	0.0088	0.0088	0.0088	0.0088	0.0088	0.0088	0.0088	0.0088	0.0088	0.0088	0.0088	0.0088	0.0088	0.0088	0.0088	0.0088	0.0088	0.0088	0.0088	0.0125	0.0088	0.0088	0.0088	0.0088	0.0088	0.0088	0.0088	0.0088	0.0088	0.0088	0.0088	0.0088	0.0088	0.0088	0.0088	0.0088	0.0088	0.0088	0.0088	0.0088	0.0088	0.0088	0.0088	0.0088	0.0088	0.0088	0.0088	0.0088	0.0088	0.0088	0.0088	0.0088	0.0088	0.0088	0.0088	0.0088	0.0088	0.0088	0.0088	0.0088	0.0088	0.0088	0.0088	0.0088	0.0088	0.0088	0.0088	0.0088	0.0088	0.0088	0.0088	0.0088	0.0088	0.0088	0.0088	0.0088	0.0088	0.0088	0.0088	0.0088	0.0088	0.0088	0.0088	0.0088	0.0088	0.0088	0.0088	0.0088	0.0088	0.0088	0.0088	0.0088	0.0088	0.0088	0.0088	0.0088	0.0088	0.0088	0.0088	0.0088	0.0088	0.0088	0.0088	0.0088	0.0088	0.0088	0.0088	0.0088	0.0088	0.0088	0.0088	0.0088	0.0088	0.0088	0.0088	0.0088	0.0088	0.0088	0.0088	0.0088	0.0088	0.0088	0.0088	0.0088	0.0088	0.0088	0.0088	0.0088	0.0088	0.0088	0.0088	0.0088	0.0088	0.0088	0.0088	0.0088	0.0088	0.0088	0.0088	0.0088	0.0088	0.0088	0.0088	0.0088	0.0088	0.0088	0.0088	0.0088	0.0088	0.0088	0.0088	0.0088	0.0088	0.0088	0.0088	0.0088	0.0088	0.0088	0.0088	0.0227	0.0227	0.0227	0.0227	0.0227	0.0227	0.0227	0.0227	0.0227	0.0227	0.0227	0.0227	0.0227	0.0227
40	0.0658	0.0658	0.0658	0.0658	0.0658	0.0658	0.0658	0.0658	0.0658	0.0658	0.0658	0.0658	0.0658	0.0658	0.0658	0.0658	0.0658	0.0658	0.0658	0.0658	0.0658	0.0658	0.0658	0.0658	0.0658	0.01	0.01	0.01	0.01	0.01	0.01	0.01	0.01	0.01	0.01	0.01	0.01	0.01	0.01	0.01	0.01	0.01	0.01	0.01	0.01	0.01	0.01	0.01	0.01	0.01	0.01	0.01	0.01	0.01	0.01	0.01	0.01	0.01	0.01	0.01	0.01	0.01	0.01	0.01	0.01	0.01	0.01	0.01	0.01	0.01	0.01	0.01	0.01	0.01	0.01	0.01	0.01	0.01	0.01	0.01	0.01	0.01	0.01	0.01	0.01	0.01	0.01	0.01	0.01	0.01	0.01	0.01	0.01	0.01	0.01	0.01	0.01	0.01	0.01	0.01	0.01	0.01	0.01	0.01	0.01	0.01	0.01	0.01	0.01	0.01	0.01	0.01	0.01	0.01	0.01	0.01	0.01	0.01	0.01	0.01	0.01	0.01	0.01	0.01	0.01	0.01	0.01	0.01	0.01	0.01	0.01	0.01	0.01	0.01	0.01	0.01	0.01	0.01	0.01	0.01	0.01	0.01	0.0282	0.0282	0.0282	0.0282	0.0282	0.0282	0.0282	0.0282	0.0282	0.0282	0.0282	0.0282	0.0282	0.0282	0.0282	0.0282	0.0282	0.0282	0.0282	0.0282	0.0282	0.0282	0.0282	0.0282	0.0282	0.0282	0.0282	0.0282	0.0282	0.0282	0.0282	0.0282	0.0282	0.0282	0.0282	0.0282	0.0282	0.0282	0.0282	0.0282	0.0282	0.0282	0.0282	0.0282	0.0282	0.0282	0.0282	0.0282	0.0282	0.0282	0.0282	0.0282	0.0282	0.0282	0.0282	0.0282	0.0282	0.0282	0.0282	0.0282	0.0282	0.0282	0.0282	0.0282	0.0282	0.0282	0.0282	0.0282	0.0282	0.0282	0.0282	0.0282	0.0282	0.0282	0.0282	0.0282	0.0282	0.0282	0.0282	0.0282	0.0282	0.0282	0.0282	0.0282	0.0282	0.0282	0.0282	0.0282	0.0282	0.0282	0.0282	0.0282	0.0282	0.0282	0.9728	0.9728	0.9728	0.9728	0.9728	0.9728	0.9728	0.9728	0.9728	0.9728	0.9728	0.9728	0.9728	0.9728	0.9728	0.9728	0.9728	0.9728	0.9728	0.9728	0.9728	0.9728	0.9728	0.9728	0.9728	0.9728	0.9728	0.9728	0.9728	0.9728	0.9728	0.9728	0.9728	0.9728	0.9728	0.9728	0.9728	0.9728	0.9728	0.9728	0.9728	0.9728	0.9728	0.9728	0.9728	0.9728	0.9728	0.9728	0.9728	0.9728	0.9728	0.9728	0.9728	0.9728	0.9728	0.9728	0.9728	0.9728	0.9728	0.9728	0.9728	0.9728	0.9728	0.9728	0.9728	0.9728	0.9728	0.9728	0.9728	0.9728	0.9728	0.9728	0.9728	0.9728	0.9728	0.9728	0.9728	0.9728	0.9728	0.9728	0.9728	0.9728	0.9728	0.9728	0.9728	0.9728	0.9728	0.9728	0.9728	0.9728	0.9728	0.9728	0.9728	0.9728	0.0373	0.0373	0.0373	0.0373	0.0373	0.0155	0.0373	0.0373	0.0373	0.0373	0.0373	0.0373	0.0373	0.0373	0.0373	0.0373	0.0373	0.0373	0.0373	0.0373	0.0373	0.0373	0.0373	0.0373	0.0373	0.0373	0.0373	0.0373	0.0373	0.0373	0.0373	0.0373	0.0373	0.0373	0.0373	0.0373	0.0373	0.0373	0.0373	0.0373	0.0373	0.0373	0.0373	0.0373	0.0373	0.0373	0.0373	0.0373	0.0373	0.0373	0.0373	0.0373	0.0373	0.0373	0.0373	0.0373	0.0373	0.0373	0.0373	0.0373	0.0373	0.0373	0.0373	0.0373	0.0373	0.0373	0.0373	0.0373	0.0373	0.0373	0.0373	0.0373	0.0373	0.0373	0.0373	0.0373	0.0373	0.0373	0.0237	0.0373	0.0155	0.0155	0.0155	0.0155	0.0155	0.0155	0.0155	0.0155	0.0155	0.0155	0.0155	0.0155	0.0155	0.0155	0.0155	0.0155	0.0155	0.0155	0.0155	0.0155	0.0155	0.0155	0.0155	0.0155	0.0155	0.0155	0.0155	0.0155	0.0155	0.0155	0.0155	0.0155	0.0155	0.0155	0.0155	0.0155	0.0237	0.0155	0.0155	0.0155	0.0155	0.0155	0.0155	0.0155	0.0155	0.0155	0.0155	0.0155	0.0155	0.0155	0.0155	0.0155	0.0155	0.0155	0.0155	0.0155	0.0155	0.0155	0.0155	0.0155	0.0155	0.0155	0.0155	0.0155	0.0155	0.0155	0.0155	0.0155	0.0155	0.0155	0.0155	0.0155	0.0155	0.0155	0.0155	0.0155	0.0155	0.0155	0.0155	0.0155	0.0155	0.0155	0.0155	0.0155	0.0155	0.0155	0.0155	0.0155	0.0155	0.0155	0.0155	0.0155	0.0155	0.0155	0.0155	0.0155	0.0155	0.0155	0.0155	0.0155	0.0155	0.0155	0.0155	0.0155	0.0155	0.0155	0.0155	0.0155	0.0155	0.0155	0.0155	0.0155	0.0155	0.0155	0.0155	0.0155	0.0155	0.0155	0.0155	0.0155	0.0155	0.0155	0.0155	0.0155	0.0155	0.0155	0.0155	0.0155	0.0155	0.0155	0.0155	0.0155	0.0155	0.0155	0.0155	0.0155	0.0155	0.0155	0.0155	0.0155	0.0155	0.0155	0.0155	0.0155	0.0155	0.0155	0.0155	0.0155	0.0155	0.0155	0.0155	0.0155	0.0155	0.0155	0.0155	0.0155	0.0155	0.0155	0.0155	0.0155	0.0155	0.0155	0.0155	0.0155	0.0155	0.0155	0.0155	0.0155	0.0155	0.0155	0.0155	0.0155	0.0155	0.0155	0.0155	0.0155	0.0202	0.0202	0.0202	0.0202	0.0202	0.0202	0.0202	0.0202	0.0202	0.0202	0.0202	0.0202	0.0202	0.0202
41	0.0108	0.0108	0.0108	0.0108	0.0108	0.0108	0.0108	0.0108	0.0108	0.0108	0.0108	0.0108	0.0108	0.0108	0.0108	0.0108	0.0108	0.0108	0.0108	0.0108	0.0108	0.0108	0.0108	0.0108	0.0108	0.0105	0.0105	0.0105	0.0105	0.0105	0.0105	0.0105	0.0105	0.0105	0.0105	0.0105	0.0105	0.0105	0.0105	0.0105	0.0105	0.0105	0.0105	0.0105	0.0105	0.0105	0.0105	0.0105	0.0105	0.0105	0.0105	0.0105	0.0105	0.0105	0.0105	0.0105	0.0105	0.0105	0.0105	0.0105	0.0105	0.0105	0.0105	0.0105	0.0105	0.0105	0.0105	0.0105	0.0105	0.0105	0.0105	0.0105	0.0105	0.0105	0.0105	0.0105	0.0105	0.0105	0.0105	0.0105	0.0105	0.0105	0.0105	0.0105	0.0105	0.0105	0.0105	0.0105	0.0105	0.0105	0.0105	0.0105	0.0105	0.0105	0.0105	0.0105	0.0105	0.0105	0.0105	0.0105	0.0105	0.0105	0.0105	0.0105	0.0105	0.0105	0.0105	0.0105	0.0105	0.0105	0.0105	0.0105	0.0105	0.0105	0.0105	0.0105	0.0105	0.0105	0.0105	0.0105	0.0105	0.0105	0.0105	0.0105	0.0105	0.0105	0.0105	0.0105	0.0105	0.0105	0.0105	0.0105	0.0105	0.0105	0.0105	0.0105	0.0105	0.0105	0.0105	0.0105	0.0105	0.0105	0.0048	0.0048	0.0048	0.0048	0.0048	0.0048	0.0048	0.0048	0.0048	0.0048	0.0048	0.0048	0.0048	0.0048	0.0048	0.0048	0.0048	0.0048	0.0048	0.0048	0.0048	0.0048	0.0048	0.0048	0.0048	0.0048	0.0048	0.0048	0.0048	0.0048	0.0048	0.0048	0.0048	0.0048	0.0048	0.0048	0.0048	0.0048	0.0048	0.0048	0.0048	0.0048	0.0048	0.0048	0.0048	0.0048	0.0048	0.0048	0.0048	0.0048	0.0048	0.0048	0.0048	0.0048	0.0048	0.0048	0.0048	0.0048	0.0048	0.0048	0.0048	0.0048	0.0048	0.0048	0.0048	0.0048	0.0048	0.0048	0.0048	0.0048	0.0048	0.0048	0.0048	0.0048	0.0048	0.0048	0.0048	0.0048	0.0048	0.0048	0.0048	0.0048	0.0048	0.0048	0.0048	0.0048	0.0048	0.0048	0.0048	0.0048	0.0048	0.0048	0.0048	0.0048	0.9736	0.9736	0.9736	0.9736	0.9736	0.9736	0.9736	0.9736	0.9736	0.9736	0.9736	0.9736	0.9736	0.9736	0.9736	0.9736	0.9736	0.9736	0.9736	0.9736	0.9736	0.9736	0.9736	0.9736	0.9736	0.9736	0.9736	0.9736	0.9736	0.9736	0.9736	0.9736	0.9736	0.9736	0.9736	0.9736	0.9736	0.9736	0.9736	0.9736	0.9736	0.9736	0.9736	0.9736	0.9736	0.9736	0.9736	0.9736	0.9736	0.9736	0.9736	0.9736	0.9736	0.9736	0.9736	0.9736	0.9736	0.9736	0.9736	0.9736	0.9736	0.9736	0.9736	0.9736	0.9736	0.9736	0.9736	0.9736	0.9736	0.9736	0.9736	0.9736	0.9736	0.9736	0.9736	0.9736	0.9736	0.9736	0.9736	0.9736	0.9736	0.9736	0.9736	0.9736	0.9736	0.9736	0.9736	0.9736	0.9736	0.9736	0.9736	0.9736	0.9736	0.9736	0.0252	0.0252	0.0252	0.0252	0.0252	0.0034	0.0252	0.0252	0.0252	0.0252	0.0252	0.0252	0.0252	0.0252	0.0252	0.0252	0.0252	0.0252	0.0252	0.0252	0.0252	0.0252	0.0252	0.0252	0.0252	0.0252	0.0252	0.0252	0.0252	0.0252	0.0252	0.0252	0.0252	0.0252	0.0252	0.0252	0.0252	0.0252	0.0252	0.0252	0.0252	0.0252	0.0252	0.0252	0.0252	0.0252	0.0252	0.0252	0.0252	0.0252	0.0252	0.0252	0.0252	0.0252	0.0252	0.0252	0.0252	0.0252	0.0252	0.0252	0.0252	0.0252	0.0252	0.0252	0.0252	0.0252	0.0252	0.0252	0.0252	0.0252	0.0252	0.0252	0.0252	0.0252	0.0252	0.0252	0.0252	0.0252	0.0111	0.0252	0.0034	0.0034	0.0034	0.0034	0.0034	0.0034	0.0034	0.0034	0.0034	0.0034	0.0034	0.0034	0.0034	0.0034	0.0034	0.0034	0.0034	0.0034	0.0034	0.0034	0.0034	0.0034	0.0034	0.0034	0.0034	0.0034	0.0034	0.0034	0.0034	0.0034	0.0034	0.0034	0.0034	0.0034	0.0034	0.0034	0.0111	0.0034	0.0034	0.0034	0.0034	0.0034	0.0034	0.0034	0.0034	0.0034	0.0034	0.0034	0.0034	0.0034	0.0034	0.0034	0.0034	0.0034	0.0034	0.0034	0.0034	0.0034	0.0034	0.0034	0.0034	0.0034	0.0034	0.0034	0.0034	0.0034	0.0034	0.0034	0.0034	0.0034	0.0034	0.0034	0.0034	0.0034	0.0034	0.0034	0.0034	0.0034	0.0034	0.0034	0.0034	0.0034	0.0034	0.0034	0.0034	0.0034	0.0034	0.0034	0.0034	0.0034	0.0034	0.0034	0.0034	0.0034	0.0034	0.0034	0.0034	0.0034	0.0034	0.0034	0.0034	0.0034	0.0034	0.0034	0.0034	0.0034	0.0034	0.0034	0.0034	0.0034	0.0034	0.0034	0.0034	0.0034	0.0034	0.0034	0.0034	0.0034	0.0034	0.0034	0.0034	0.0034	0.0034	0.0034	0.0034	0.0034	0.0034	0.0034	0.0034	0.0034	0.0034	0.0034	0.0034	0.0034	0.0034	0.0034	0.0034	0.0034	0.0034	0.0034	0.0034	0.0034	0.0034	0.0034	0.0034	0.0034	0.0034	0.0034	0.0034	0.0034	0.0034	0.0034	0.0034	0.0034	0.0034	0.0034	0.0034	0.0034	0.0034	0.0034	0.0034	0.0034	0.0034	0.0034	0.0034	0.0034	0.0034	0.0034	0.0034	0.0034	0.0034	0.0034	0.0034	0.0034	0.0034	0.0034	0.0199	0.0199	0.0199	0.0199	0.0199	0.0199	0.0199	0.0199	0.0199	0.0199	0.0199	0.0199	0.0199	0.0199
42	0.0584	0.0584	0.0584	0.0584	0.0584	0.0584	0.0584	0.0584	0.0584	0.0584	0.0584	0.0584	0.0584	0.0584	0.0584	0.0584	0.0584	0.0584	0.0584	0.0584	0.0584	0.0584	0.0584	0.0584	0.0584	0.021	0.021	0.021	0.021	0.021	0.021	0.021	0.021	0.021	0.021	0.021	0.021	0.021	0.021	0.021	0.021	0.021	0.021	0.021	0.021	0.021	0.021	0.021	0.021	0.021	0.021	0.021	0.021	0.021	0.021	0.021	0.021	0.021	0.021	0.021	0.021	0.021	0.021	0.021	0.021	0.021	0.021	0.021	0.021	0.021	0.021	0.021	0.021	0.021	0.021	0.021	0.021	0.021	0.021	0.021	0.021	0.021	0.021	0.021	0.021	0.021	0.021	0.021	0.021	0.021	0.021	0.021	0.021	0.021	0.021	0.021	0.021	0.021	0.021	0.021	0.021	0.021	0.021	0.021	0.021	0.021	0.021	0.021	0.021	0.021	0.021	0.021	0.021	0.021	0.021	0.021	0.021	0.021	0.021	0.021	0.021	0.021	0.021	0.021	0.021	0.021	0.021	0.021	0.021	0.021	0.021	0.021	0.021	0.021	0.021	0.021	0.021	0.021	0.021	0.021	0.021	0.021	0.0137	0.0137	0.0137	0.0137	0.0137	0.0137	0.0137	0.0137	0.0137	0.0137	0.0137	0.0137	0.0137	0.0137	0.0137	0.0137	0.0137	0.0137	0.0137	0.0137	0.0137	0.0137	0.0137	0.0137	0.0137	0.0137	0.0137	0.0137	0.0137	0.0137	0.0137	0.0137	0.0137	0.0137	0.0137	0.0137	0.0137	0.0137	0.0137	0.0137	0.0137	0.0137	0.0137	0.0137	0.0137	0.0137	0.0137	0.0137	0.0137	0.0137	0.0137	0.0137	0.0137	0.0137	0.0137	0.0137	0.0137	0.0137	0.0137	0.0137	0.0137	0.0137	0.0137	0.0137	0.0137	0.0137	0.0137	0.0137	0.0137	0.0137	0.0137	0.0137	0.0137	0.0137	0.0137	0.0137	0.0137	0.0137	0.0137	0.0137	0.0137	0.0137	0.0137	0.0137	0.0137	0.0137	0.0137	0.0137	0.0137	0.0137	0.0137	0.0137	0.0137	0.0137	0.9712	0.9712	0.9712	0.9712	0.9712	0.9712	0.9712	0.9712	0.9712	0.9712	0.9712	0.9712	0.9712	0.9712	0.9712	0.9712	0.9712	0.9712	0.9712	0.9712	0.9712	0.9712	0.9712	0.9712	0.9712	0.9712	0.9712	0.9712	0.9712	0.9712	0.9712	0.9712	0.9712	0.9712	0.9712	0.9712	0.9712	0.9712	0.9712	0.9712	0.9712	0.9712	0.9712	0.9712	0.9712	0.9712	0.9712	0.9712	0.9712	0.9712	0.9712	0.9712	0.9712	0.9712	0.9712	0.9712	0.9712	0.9712	0.9712	0.9712	0.9712	0.9712	0.9712	0.9712	0.9712	0.9712	0.9712	0.9712	0.9712	0.9712	0.9712	0.9712	0.9712	0.9712	0.9712	0.9712	0.9712	0.9712	0.9712	0.9712	0.9712	0.9712	0.9712	0.9712	0.9712	0.9712	0.9712	0.9712	0.9712	0.9712	0.9712	0.9712	0.9712	0.9712	0.0129	0.0129	0.0129	0.0129	0.0129	0.0308	0.0129	0.0129	0.0129	0.0129	0.0129	0.0129	0.0129	0.0129	0.0129	0.0129	0.0129	0.0129	0.0129	0.0129	0.0129	0.0129	0.0129	0.0129	0.0129	0.0129	0.0129	0.0129	0.0129	0.0129	0.0129	0.0129	0.0129	0.0129	0.0129	0.0129	0.0129	0.0129	0.0129	0.0129	0.0129	0.0129	0.0129	0.0129	0.0129	0.0129	0.0129	0.0129	0.0129	0.0129	0.0129	0.0129	0.0129	0.0129	0.0129	0.0129	0.0129	0.0129	0.0129	0.0129	0.0129	0.0129	0.0129	0.0129	0.0129	0.0129	0.0129	0.0129	0.0129	0.0129	0.0129	0.0129	0.0129	0.0129	0.0129	0.0129	0.0129	0.0129	0.025	0.0129	0.0308	0.0308	0.0308	0.0308	0.0308	0.0308	0.0308	0.0308	0.0308	0.0308	0.0308	0.0308	0.0308	0.0308	0.0308	0.0308	0.0308	0.0308	0.0308	0.0308	0.0308	0.0308	0.0308	0.0308	0.0308	0.0308	0.0308	0.0308	0.0308	0.0308	0.0308	0.0308	0.0308	0.0308	0.0308	0.0308	0.025	0.0308	0.0308	0.0308	0.0308	0.0308	0.0308	0.0308	0.0308	0.0308	0.0308	0.0308	0.0308	0.0308	0.0308	0.0308	0.0308	0.0308	0.0308	0.0308	0.0308	0.0308	0.0308	0.0308	0.0308	0.0308	0.0308	0.0308	0.0308	0.0308	0.0308	0.0308	0.0308	0.0308	0.0308	0.0308	0.0308	0.0308	0.0308	0.0308	0.0308	0.0308	0.0308	0.0308	0.0308	0.0308	0.0308	0.0308	0.0308	0.0308	0.0308	0.0308	0.0308	0.0308	0.0308	0.0308	0.0308	0.0308	0.0308	0.0308	0.0308	0.0308	0.0308	0.0308	0.0308	0.0308	0.0308	0.0308	0.0308	0.0308	0.0308	0.0308	0.0308	0.0308	0.0308	0.0308	0.0308	0.0308	0.0308	0.0308	0.0308	0.0308	0.0308	0.0308	0.0308	0.0308	0.0308	0.0308	0.0308	0.0308	0.0308	0.0308	0.0308	0.0308	0.0308	0.0308	0.0308	0.0308	0.0308	0.0308	0.0308	0.0308	0.0308	0.0308	0.0308	0.0308	0.0308	0.0308	0.0308	0.0308	0.0308	0.0308	0.0308	0.0308	0.0308	0.0308	0.0308	0.0308	0.0308	0.0308	0.0308	0.0308	0.0308	0.0308	0.0308	0.0308	0.0308	0.0308	0.0308	0.0308	0.0308	0.0308	0.0308	0.0308	0.0308	0.0308	0.0308	0.0308	0.0308	0.0308	0.0312	0.0312	0.0312	0.0312	0.0312	0.0312	0.0312	0.0312	0.0312	0.0312	0.0312	0.0312	0.0312	0.0312
43	0.0134	0.0134	0.0134	0.0134	0.0134	0.0134	0.0134	0.0134	0.0134	0.0134	0.0134	0.0134	0.0134	0.0134	0.0134	0.0134	0.0134	0.0134	0.0134	0.0134	0.0134	0.0134	0.0134	0.0134	0.0134	0.003	0.003	0.003	0.003	0.003	0.003	0.003	0.003	0.003	0.003	0.003	0.003	0.003	0.003	0.003	0.003	0.003	0.003	0.003	0.003	0.003	0.003	0.003	0.003	0.003	0.003	0.003	0.003	0.003	0.003	0.003	0.003	0.003	0.003	0.003	0.003	0.003	0.003	0.003	0.003	0.003	0.003	0.003	0.003	0.003	0.003	0.003	0.003	0.003	0.003	0.003	0.003	0.003	0.003	0.003	0.003	0.003	0.003	0.003	0.003	0.003	0.003	0.003	0.003	0.003	0.003	0.003	0.003	0.003	0.003	0.003	0.003	0.003	0.003	0.003	0.003	0.003	0.003	0.003	0.003	0.003	0.003	0.003	0.003	0.003	0.003	0.003	0.003	0.003	0.003	0.003	0.003	0.003	0.003	0.003	0.003	0.003	0.003	0.003	0.003	0.003	0.003	0.003	0.003	0.003	0.003	0.003	0.003	0.003	0.003	0.003	0.003	0.003	0.003	0.003	0.003	0.003	0.0126	0.0126	0.0126	0.0126	0.0126	0.0126	0.0126	0.0126	0.0126	0.0126	0.0126	0.0126	0.0126	0.0126	0.0126	0.0126	0.0126	0.0126	0.0126	0.0126	0.0126	0.0126	0.0126	0.0126	0.0126	0.0126	0.0126	0.0126	0.0126	0.0126	0.0126	0.0126	0.0126	0.0126	0.0126	0.0126	0.0126	0.0126	0.0126	0.0126	0.0126	0.0126	0.0126	0.0126	0.0126	0.0126	0.0126	0.0126	0.0126	0.0126	0.0126	0.0126	0.0126	0.0126	0.0126	0.0126	0.0126	0.0126	0.0126	0.0126	0.0126	0.0126	0.0126	0.0126	0.0126	0.0126	0.0126	0.0126	0.0126	0.0126	0.0126	0.0126	0.0126	0.0126	0.0126	0.0126	0.0126	0.0126	0.0126	0.0126	0.0126	0.0126	0.0126	0.0126	0.0126	0.0126	0.0126	0.0126	0.0126	0.0126	0.0126	0.0126	0.0126	0.0126	0.0029	0.0029	0.0029	0.0029	0.0029	0.0029	0.0029	0.0029	0.0029	0.0029	0.0029	0.0029	0.0029	0.0029	0.0029	0.0029	0.0029	0.0029	0.0029	0.0029	0.0029	0.0029	0.0029	0.0029	0.0029	0.0029	0.0029	0.0029	0.0029	0.0029	0.0029	0.0029	0.0029	0.0029	0.0029	0.0029	0.0029	0.0029	0.0029	0.0029	0.0029	0.0029	0.0029	0.0029	0.0029	0.0029	0.0029	0.0029	0.0029	0.0029	0.0029	0.0029	0.0029	0.0029	0.0029	0.0029	0.0029	0.0029	0.0029	0.0029	0.0029	0.0029	0.0029	0.0029	0.0029	0.0029	0.0029	0.0029	0.0029	0.0029	0.0029	0.0029	0.0029	0.0029	0.0029	0.0029	0.0029	0.0029	0.0029	0.0029	0.0029	0.0029	0.0029	0.0029	0.0029	0.0029	0.0029	0.0029	0.0029	0.0029	0.0029	0.0029	0.0029	0.0029	0.0162	0.0162	0.0162	0.0162	0.0162	0.002	0.0162	0.0162	0.0162	0.0162	0.0162	0.0162	0.0162	0.0162	0.0162	0.0162	0.0162	0.0162	0.0162	0.0162	0.0162	0.0162	0.0162	0.0162	0.0162	0.0162	0.0162	0.0162	0.0162	0.0162	0.0162	0.0162	0.0162	0.0162	0.0162	0.0162	0.0162	0.0162	0.0162	0.0162	0.0162	0.0162	0.0162	0.0162	0.0162	0.0162	0.0162	0.0162	0.0162	0.0162	0.0162	0.0162	0.0162	0.0162	0.0162	0.0162	0.0162	0.0162	0.0162	0.0162	0.0162	0.0162	0.0162	0.0162	0.0162	0.0162	0.0162	0.0162	0.0162	0.0162	0.0162	0.0162	0.0162	0.0162	0.0162	0.0162	0.0162	0.0162	0.0094	0.0162	0.002	0.002	0.002	0.002	0.002	0.002	0.002	0.002	0.002	0.002	0.002	0.002	0.002	0.002	0.002	0.002	0.002	0.002	0.002	0.002	0.002	0.002	0.002	0.002	0.002	0.002	0.002	0.002	0.002	0.002	0.002	0.002	0.002	0.002	0.002	0.002	0.0094	0.002	0.002	0.002	0.002	0.002	0.002	0.002	0.002	0.002	0.002	0.002	0.002	0.002	0.002	0.002	0.002	0.002	0.002	0.002	0.002	0.002	0.002	0.002	0.002	0.002	0.002	0.002	0.002	0.002	0.002	0.002	0.002	0.002	0.002	0.002	0.002	0.002	0.002	0.002	0.002	0.002	0.002	0.002	0.002	0.002	0.002	0.002	0.002	0.002	0.002	0.002	0.002	0.002	0.002	0.002	0.002	0.002	0.002	0.002	0.002	0.002	0.002	0.002	0.002	0.002	0.002	0.002	0.002	0.002	0.002	0.002	0.002	0.002	0.002	0.002	0.002	0.002	0.002	0.002	0.002	0.002	0.002	0.002	0.002	0.002	0.002	0.002	0.002	0.002	0.002	0.002	0.002	0.002	0.002	0.002	0.002	0.002	0.002	0.002	0.002	0.002	0.002	0.002	0.002	0.002	0.002	0.002	0.002	0.002	0.002	0.002	0.002	0.002	0.002	0.002	0.002	0.002	0.002	0.002	0.002	0.002	0.002	0.002	0.002	0.002	0.002	0.002	0.002	0.002	0.002	0.002	0.002	0.002	0.002	0.002	0.002	0.002	0.002	0.002	0.5537	0.5537	0.5537	0.5537	0.5537	0.5537	0.5537	0.5537	0.5537	0.5537	0.5537	0.5537	0.5537	0.5537
44	0.0127	0.0127	0.0127	0.0127	0.0127	0.0127	0.0127	0.0127	0.0127	0.0127	0.0127	0.0127	0.0127	0.0127	0.0127	0.0127	0.0127	0.0127	0.0127	0.0127	0.0127	0.0127	0.0127	0.0127	0.0127	0.0359	0.0359	0.0359	0.0359	0.0359	0.0359	0.0359	0.0359	0.0359	0.0359	0.0359	0.0359	0.0359	0.0359	0.0359	0.0359	0.0359	0.0359	0.0359	0.0359	0.0359	0.0359	0.0359	0.0359	0.0359	0.0359	0.0359	0.0359	0.0359	0.0359	0.0359	0.0359	0.0359	0.0359	0.0359	0.0359	0.0359	0.0359	0.0359	0.0359	0.0359	0.0359	0.0359	0.0359	0.0359	0.0359	0.0359	0.0359	0.0359	0.0359	0.0359	0.0359	0.0359	0.0359	0.0359	0.0359	0.0359	0.0359	0.0359	0.0359	0.0359	0.0359	0.0359	0.0359	0.0359	0.0359	0.0359	0.0359	0.0359	0.0359	0.0359	0.0359	0.0359	0.0359	0.0359	0.0359	0.0359	0.0359	0.0359	0.0359	0.0359	0.0359	0.0359	0.0359	0.0359	0.0359	0.0359	0.0359	0.0359	0.0359	0.0359	0.0359	0.0359	0.0359	0.0359	0.0359	0.0359	0.0359	0.0359	0.0359	0.0359	0.0359	0.0359	0.0359	0.0359	0.0359	0.0359	0.0359	0.0359	0.0359	0.0359	0.0359	0.0359	0.0359	0.0359	0.0359	0.0359	0.0039	0.0039	0.0039	0.0039	0.0039	0.0039	0.0039	0.0039	0.0039	0.0039	0.0039	0.0039	0.0039	0.0039	0.0039	0.0039	0.0039	0.0039	0.0039	0.0039	0.0039	0.0039	0.0039	0.0039	0.0039	0.0039	0.0039	0.0039	0.0039	0.0039	0.0039	0.0039	0.0039	0.0039	0.0039	0.0039	0.0039	0.0039	0.0039	0.0039	0.0039	0.0039	0.0039	0.0039	0.0039	0.0039	0.0039	0.0039	0.0039	0.0039	0.0039	0.0039	0.0039	0.0039	0.0039	0.0039	0.0039	0.0039	0.0039	0.0039	0.0039	0.0039	0.0039	0.0039	0.0039	0.0039	0.0039	0.0039	0.0039	0.0039	0.0039	0.0039	0.0039	0.0039	0.0039	0.0039	0.0039	0.0039	0.0039	0.0039	0.0039	0.0039	0.0039	0.0039	0.0039	0.0039	0.0039	0.0039	0.0039	0.0039	0.0039	0.0039	0.0039	0.0039	0.0055	0.0055	0.0055	0.0055	0.0055	0.0055	0.0055	0.0055	0.0055	0.0055	0.0055	0.0055	0.0055	0.0055	0.0055	0.0055	0.0055	0.0055	0.0055	0.0055	0.0055	0.0055	0.0055	0.0055	0.0055	0.0055	0.0055	0.0055	0.0055	0.0055	0.0055	0.0055	0.0055	0.0055	0.0055	0.0055	0.0055	0.0055	0.0055	0.0055	0.0055	0.0055	0.0055	0.0055	0.0055	0.0055	0.0055	0.0055	0.0055	0.0055	0.0055	0.0055	0.0055	0.0055	0.0055	0.0055	0.0055	0.0055	0.0055	0.0055	0.0055	0.0055	0.0055	0.0055	0.0055	0.0055	0.0055	0.0055	0.0055	0.0055	0.0055	0.0055	0.0055	0.0055	0.0055	0.0055	0.0055	0.0055	0.0055	0.0055	0.0055	0.0055	0.0055	0.0055	0.0055	0.0055	0.0055	0.0055	0.0055	0.0055	0.0055	0.0055	0.0055	0.0055	0.0394	0.0394	0.0394	0.0394	0.0394	0.0162	0.0394	0.0394	0.0394	0.0394	0.0394	0.0394	0.0394	0.0394	0.0394	0.0394	0.0394	0.0394	0.0394	0.0394	0.0394	0.0394	0.0394	0.0394	0.0394	0.0394	0.0394	0.0394	0.0394	0.0394	0.0394	0.0394	0.0394	0.0394	0.0394	0.0394	0.0394	0.0394	0.0394	0.0394	0.0394	0.0394	0.0394	0.0394	0.0394	0.0394	0.0394	0.0394	0.0394	0.0394	0.0394	0.0394	0.0394	0.0394	0.0394	0.0394	0.0394	0.0394	0.0394	0.0394	0.0394	0.0394	0.0394	0.0394	0.0394	0.0394	0.0394	0.0394	0.0394	0.0394	0.0394	0.0394	0.0394	0.0394	0.0394	0.0394	0.0394	0.0394	0.0254	0.0394	0.0162	0.0162	0.0162	0.0162	0.0162	0.0162	0.0162	0.0162	0.0162	0.0162	0.0162	0.0162	0.0162	0.0162	0.0162	0.0162	0.0162	0.0162	0.0162	0.0162	0.0162	0.0162	0.0162	0.0162	0.0162	0.0162	0.0162	0.0162	0.0162	0.0162	0.0162	0.0162	0.0162	0.0162	0.0162	0.0162	0.0254	0.0162	0.0162	0.0162	0.0162	0.0162	0.0162	0.0162	0.0162	0.0162	0.0162	0.0162	0.0162	0.0162	0.0162	0.0162	0.0162	0.0162	0.0162	0.0162	0.0162	0.0162	0.0162	0.0162	0.0162	0.0162	0.0162	0.0162	0.0162	0.0162	0.0162	0.0162	0.0162	0.0162	0.0162	0.0162	0.0162	0.0162	0.0162	0.0162	0.0162	0.0162	0.0162	0.0162	0.0162	0.0162	0.0162	0.0162	0.0162	0.0162	0.0162	0.0162	0.0162	0.0162	0.0162	0.0162	0.0162	0.0162	0.0162	0.0162	0.0162	0.0162	0.0162	0.0162	0.0162	0.0162	0.0162	0.0162	0.0162	0.0162	0.0162	0.0162	0.0162	0.0162	0.0162	0.0162	0.0162	0.0162	0.0162	0.0162	0.0162	0.0162	0.0162	0.0162	0.0162	0.0162	0.0162	0.0162	0.0162	0.0162	0.0162	0.0162	0.0162	0.0162	0.0162	0.0162	0.0162	0.0162	0.0162	0.0162	0.0162	0.0162	0.0162	0.0162	0.0162	0.0162	0.0162	0.0162	0.0162	0.0162	0.0162	0.0162	0.0162	0.0162	0.0162	0.0162	0.0162	0.0162	0.0162	0.0162	0.0162	0.0162	0.0162	0.0162	0.0162	0.0162	0.0162	0.0162	0.0162	0.0162	0.0162	0.0162	0.0162	0.0162	0.0162	0.0162	0.0162	0.0162	0.0162	0.0162	0.907	0.907	0.907	0.907	0.907	0.907	0.907	0.907	0.907	0.907	0.907	0.907	0.907	0.907
45	0.052	0.052	0.052	0.052	0.052	0.052	0.052	0.052	0.052	0.052	0.052	0.052	0.052	0.052	0.052	0.052	0.052	0.052	0.052	0.052	0.052	0.052	0.052	0.052	0.052	0.008	0.008	0.008	0.008	0.008	0.008	0.008	0.008	0.008	0.008	0.008	0.008	0.008	0.008	0.008	0.008	0.008	0.008	0.008	0.008	0.008	0.008	0.008	0.008	0.008	0.008	0.008	0.008	0.008	0.008	0.008	0.008	0.008	0.008	0.008	0.008	0.008	0.008	0.008	0.008	0.008	0.008	0.008	0.008	0.008	0.008	0.008	0.008	0.008	0.008	0.008	0.008	0.008	0.008	0.008	0.008	0.008	0.008	0.008	0.008	0.008	0.008	0.008	0.008	0.008	0.008	0.008	0.008	0.008	0.008	0.008	0.008	0.008	0.008	0.008	0.008	0.008	0.008	0.008	0.008	0.008	0.008	0.008	0.008	0.008	0.008	0.008	0.008	0.008	0.008	0.008	0.008	0.008	0.008	0.008	0.008	0.008	0.008	0.008	0.008	0.008	0.008	0.008	0.008	0.008	0.008	0.008	0.008	0.008	0.008	0.008	0.008	0.008	0.008	0.008	0.008	0.008	0.0163	0.0163	0.0163	0.0163	0.0163	0.0163	0.0163	0.0163	0.0163	0.0163	0.0163	0.0163	0.0163	0.0163	0.0163	0.0163	0.0163	0.0163	0.0163	0.0163	0.0163	0.0163	0.0163	0.0163	0.0163	0.0163	0.0163	0.0163	0.0163	0.0163	0.0163	0.0163	0.0163	0.0163	0.0163	0.0163	0.0163	0.0163	0.0163	0.0163	0.0163	0.0163	0.0163	0.0163	0.0163	0.0163	0.0163	0.0163	0.0163	0.0163	0.0163	0.0163	0.0163	0.0163	0.0163	0.0163	0.0163	0.0163	0.0163	0.0163	0.0163	0.0163	0.0163	0.0163	0.0163	0.0163	0.0163	0.0163	0.0163	0.0163	0.0163	0.0163	0.0163	0.0163	0.0163	0.0163	0.0163	0.0163	0.0163	0.0163	0.0163	0.0163	0.0163	0.0163	0.0163	0.0163	0.0163	0.0163	0.0163	0.0163	0.0163	0.0163	0.0163	0.0163	0.0119	0.0119	0.0119	0.0119	0.0119	0.0119	0.0119	0.0119	0.0119	0.0119	0.0119	0.0119	0.0119	0.0119	0.0119	0.0119	0.0119	0.0119	0.0119	0.0119	0.0119	0.0119	0.0119	0.0119	0.0119	0.0119	0.0119	0.0119	0.0119	0.0119	0.0119	0.0119	0.0119	0.0119	0.0119	0.0119	0.0119	0.0119	0.0119	0.0119	0.0119	0.0119	0.0119	0.0119	0.0119	0.0119	0.0119	0.0119	0.0119	0.0119	0.0119	0.0119	0.0119	0.0119	0.0119	0.0119	0.0119	0.0119	0.0119	0.0119	0.0119	0.0119	0.0119	0.0119	0.0119	0.0119	0.0119	0.0119	0.0119	0.0119	0.0119	0.0119	0.0119	0.0119	0.0119	0.0119	0.0119	0.0119	0.0119	0.0119	0.0119	0.0119	0.0119	0.0119	0.0119	0.0119	0.0119	0.0119	0.0119	0.0119	0.0119	0.0119	0.0119	0.0119	0.0087	0.0087	0.0087	0.0087	0.0087	0.0015	0.0087	0.0087	0.0087	0.0087	0.0087	0.0087	0.0087	0.0087	0.0087	0.0087	0.0087	0.0087	0.0087	0.0087	0.0087	0.0087	0.0087	0.0087	0.0087	0.0087	0.0087	0.0087	0.0087	0.0087	0.0087	0.0087	0.0087	0.0087	0.0087	0.0087	0.0087	0.0087	0.0087	0.0087	0.0087	0.0087	0.0087	0.0087	0.0087	0.0087	0.0087	0.0087	0.0087	0.0087	0.0087	0.0087	0.0087	0.0087	0.0087	0.0087	0.0087	0.0087	0.0087	0.0087	0.0087	0.0087	0.0087	0.0087	0.0087	0.0087	0.0087	0.0087	0.0087	0.0087	0.0087	0.0087	0.0087	0.0087	0.0087	0.0087	0.0087	0.0087	0.0045	0.0087	0.0015	0.0015	0.0015	0.0015	0.0015	0.0015	0.0015	0.0015	0.0015	0.0015	0.0015	0.0015	0.0015	0.0015	0.0015	0.0015	0.0015	0.0015	0.0015	0.0015	0.0015	0.0015	0.0015	0.0015	0.0015	0.0015	0.0015	0.0015	0.0015	0.0015	0.0015	0.0015	0.0015	0.0015	0.0015	0.0015	0.0045	0.0015	0.0015	0.0015	0.0015	0.0015	0.0015	0.0015	0.0015	0.0015	0.0015	0.0015	0.0015	0.0015	0.0015	0.0015	0.0015	0.0015	0.0015	0.0015	0.0015	0.0015	0.0015	0.0015	0.0015	0.0015	0.0015	0.0015	0.0015	0.0015	0.0015	0.0015	0.0015	0.0015	0.0015	0.0015	0.0015	0.0015	0.0015	0.0015	0.0015	0.0015	0.0015	0.0015	0.0015	0.0015	0.0015	0.0015	0.0015	0.0015	0.0015	0.0015	0.0015	0.0015	0.0015	0.0015	0.0015	0.0015	0.0015	0.0015	0.0015	0.0015	0.0015	0.0015	0.0015	0.0015	0.0015	0.0015	0.0015	0.0015	0.0015	0.0015	0.0015	0.0015	0.0015	0.0015	0.0015	0.0015	0.0015	0.0015	0.0015	0.0015	0.0015	0.0015	0.0015	0.0015	0.0015	0.0015	0.0015	0.0015	0.0015	0.0015	0.0015	0.0015	0.0015	0.0015	0.0015	0.0015	0.0015	0.0015	0.0015	0.0015	0.0015	0.0015	0.0015	0.0015	0.0015	0.0015	0.0015	0.0015	0.0015	0.0015	0.0015	0.0015	0.0015	0.0015	0.0015	0.0015	0.0015	0.0015	0.0015	0.0015	0.0015	0.0015	0.0015	0.0015	0.0015	0.0015	0.0015	0.0015	0.0015	0.0015	0.0015	0.0015	0.0015	0.0015	0.0015	0.0015	0.0015	0.0015	0.8965	0.8965	0.8965	0.8965	0.8965	0.8965	0.8965	0.8965	0.8965	0.8965	0.8965	0.8965	0.8965	0.8965
46	0.0118	0.0118	0.0118	0.0118	0.0118	0.0118	0.0118	0.0118	0.0118	0.0118	0.0118	0.0118	0.0118	0.0118	0.0118	0.0118	0.0118	0.0118	0.0118	0.0118	0.0118	0.0118	0.0118	0.0118	0.0118	0.0116	0.0116	0.0116	0.0116	0.0116	0.0116	0.0116	0.0116	0.0116	0.0116	0.0116	0.0116	0.0116	0.0116	0.0116	0.0116	0.0116	0.0116	0.0116	0.0116	0.0116	0.0116	0.0116	0.0116	0.0116	0.0116	0.0116	0.0116	0.0116	0.0116	0.0116	0.0116	0.0116	0.0116	0.0116	0.0116	0.0116	0.0116	0.0116	0.0116	0.0116	0.0116	0.0116	0.0116	0.0116	0.0116	0.0116	0.0116	0.0116	0.0116	0.0116	0.0116	0.0116	0.0116	0.0116	0.0116	0.0116	0.0116	0.0116	0.0116	0.0116	0.0116	0.0116	0.0116	0.0116	0.0116	0.0116	0.0116	0.0116	0.0116	0.0116	0.0116	0.0116	0.0116	0.0116	0.0116	0.0116	0.0116	0.0116	0.0116	0.0116	0.0116	0.0116	0.0116	0.0116	0.0116	0.0116	0.0116	0.0116	0.0116	0.0116	0.0116	0.0116	0.0116	0.0116	0.0116	0.0116	0.0116	0.0116	0.0116	0.0116	0.0116	0.0116	0.0116	0.0116	0.0116	0.0116	0.0116	0.0116	0.0116	0.0116	0.0116	0.0116	0.0116	0.0116	0.0116	0.0116	0.0287	0.0287	0.0287	0.0287	0.0287	0.0287	0.0287	0.0287	0.0287	0.0287	0.0287	0.0287	0.0287	0.0287	0.0287	0.0287	0.0287	0.0287	0.0287	0.0287	0.0287	0.0287	0.0287	0.0287	0.0287	0.0287	0.0287	0.0287	0.0287	0.0287	0.0287	0.0287	0.0287	0.0287	0.0287	0.0287	0.0287	0.0287	0.0287	0.0287	0.0287	0.0287	0.0287	0.0287	0.0287	0.0287	0.0287	0.0287	0.0287	0.0287	0.0287	0.0287	0.0287	0.0287	0.0287	0.0287	0.0287	0.0287	0.0287	0.0287	0.0287	0.0287	0.0287	0.0287	0.0287	0.0287	0.0287	0.0287	0.0287	0.0287	0.0287	0.0287	0.0287	0.0287	0.0287	0.0287	0.0287	0.0287	0.0287	0.0287	0.0287	0.0287	0.0287	0.0287	0.0287	0.0287	0.0287	0.0287	0.0287	0.0287	0.0287	0.0287	0.0287	0.0287	0.0273	0.0273	0.0273	0.0273	0.0273	0.0273	0.0273	0.0273	0.0273	0.0273	0.0273	0.0273	0.0273	0.0273	0.0273	0.0273	0.0273	0.0273	0.0273	0.0273	0.0273	0.0273	0.0273	0.0273	0.0273	0.0273	0.0273	0.0273	0.0273	0.0273	0.0273	0.0273	0.0273	0.0273	0.0273	0.0273	0.0273	0.0273	0.0273	0.0273	0.0273	0.0273	0.0273	0.0273	0.0273	0.0273	0.0273	0.0273	0.0273	0.0273	0.0273	0.0273	0.0273	0.0273	0.0273	0.0273	0.0273	0.0273	0.0273	0.0273	0.0273	0.0273	0.0273	0.0273	0.0273	0.0273	0.0273	0.0273	0.0273	0.0273	0.0273	0.0273	0.0273	0.0273	0.0273	0.0273	0.0273	0.0273	0.0273	0.0273	0.0273	0.0273	0.0273	0.0273	0.0273	0.0273	0.0273	0.0273	0.0273	0.0273	0.0273	0.0273	0.0273	0.0273	0.0129	0.0129	0.0129	0.0129	0.0129	0.0049	0.0129	0.0129	0.0129	0.0129	0.0129	0.0129	0.0129	0.0129	0.0129	0.0129	0.0129	0.0129	0.0129	0.0129	0.0129	0.0129	0.0129	0.0129	0.0129	0.0129	0.0129	0.0129	0.0129	0.0129	0.0129	0.0129	0.0129	0.0129	0.0129	0.0129	0.0129	0.0129	0.0129	0.0129	0.0129	0.0129	0.0129	0.0129	0.0129	0.0129	0.0129	0.0129	0.0129	0.0129	0.0129	0.0129	0.0129	0.0129	0.0129	0.0129	0.0129	0.0129	0.0129	0.0129	0.0129	0.0129	0.0129	0.0129	0.0129	0.0129	0.0129	0.0129	0.0129	0.0129	0.0129	0.0129	0.0129	0.0129	0.0129	0.0129	0.0129	0.0129	0.008	0.0129	0.0049	0.0049	0.0049	0.0049	0.0049	0.0049	0.0049	0.0049	0.0049	0.0049	0.0049	0.0049	0.0049	0.0049	0.0049	0.0049	0.0049	0.0049	0.0049	0.0049	0.0049	0.0049	0.0049	0.0049	0.0049	0.0049	0.0049	0.0049	0.0049	0.0049	0.0049	0.0049	0.0049	0.0049	0.0049	0.0049	0.008	0.0049	0.0049	0.0049	0.0049	0.0049	0.0049	0.0049	0.0049	0.0049	0.0049	0.0049	0.0049	0.0049	0.0049	0.0049	0.0049	0.0049	0.0049	0.0049	0.0049	0.0049	0.0049	0.0049	0.0049	0.0049	0.0049	0.0049	0.0049	0.0049	0.0049	0.0049	0.0049	0.0049	0.0049	0.0049	0.0049	0.0049	0.0049	0.0049	0.0049	0.0049	0.0049	0.0049	0.0049	0.0049	0.0049	0.0049	0.0049	0.0049	0.0049	0.0049	0.0049	0.0049	0.0049	0.0049	0.0049	0.0049	0.0049	0.0049	0.0049	0.0049	0.0049	0.0049	0.0049	0.0049	0.0049	0.0049	0.0049	0.0049	0.0049	0.0049	0.0049	0.0049	0.0049	0.0049	0.0049	0.0049	0.0049	0.0049	0.0049	0.0049	0.0049	0.0049	0.0049	0.0049	0.0049	0.0049	0.0049	0.0049	0.0049	0.0049	0.0049	0.0049	0.0049	0.0049	0.0049	0.0049	0.0049	0.0049	0.0049	0.0049	0.0049	0.0049	0.0049	0.0049	0.0049	0.0049	0.0049	0.0049	0.0049	0.0049	0.0049	0.0049	0.0049	0.0049	0.0049	0.0049	0.0049	0.0049	0.0049	0.0049	0.0049	0.0049	0.0049	0.0049	0.0049	0.0049	0.0049	0.0049	0.0049	0.0049	0.0049	0.0049	0.0049	0.0049	0.0049	0.0049	0.0049	0.0049	0.9541	0.9541	0.9541	0.9541	0.9541	0.9541	0.9541	0.9541	0.9541	0.9541	0.9541	0.9541	0.9541	0.9541
47	0.0131	0.0131	0.0131	0.0131	0.0131	0.0131	0.0131	0.0131	0.0131	0.0131	0.0131	0.0131	0.0131	0.0131	0.0131	0.0131	0.0131	0.0131	0.0131	0.0131	0.0131	0.0131	0.0131	0.0131	0.0131	0.003	0.003	0.003	0.003	0.003	0.003	0.003	0.003	0.003	0.003	0.003	0.003	0.003	0.003	0.003	0.003	0.003	0.003	0.003	0.003	0.003	0.003	0.003	0.003	0.003	0.003	0.003	0.003	0.003	0.003	0.003	0.003	0.003	0.003	0.003	0.003	0.003	0.003	0.003	0.003	0.003	0.003	0.003	0.003	0.003	0.003	0.003	0.003	0.003	0.003	0.003	0.003	0.003	0.003	0.003	0.003	0.003	0.003	0.003	0.003	0.003	0.003	0.003	0.003	0.003	0.003	0.003	0.003	0.003	0.003	0.003	0.003	0.003	0.003	0.003	0.003	0.003	0.003	0.003	0.003	0.003	0.003	0.003	0.003	0.003	0.003	0.003	0.003	0.003	0.003	0.003	0.003	0.003	0.003	0.003	0.003	0.003	0.003	0.003	0.003	0.003	0.003	0.003	0.003	0.003	0.003	0.003	0.003	0.003	0.003	0.003	0.003	0.003	0.003	0.003	0.003	0.003	0.0033	0.0033	0.0033	0.0033	0.0033	0.0033	0.0033	0.0033	0.0033	0.0033	0.0033	0.0033	0.0033	0.0033	0.0033	0.0033	0.0033	0.0033	0.0033	0.0033	0.0033	0.0033	0.0033	0.0033	0.0033	0.0033	0.0033	0.0033	0.0033	0.0033	0.0033	0.0033	0.0033	0.0033	0.0033	0.0033	0.0033	0.0033	0.0033	0.0033	0.0033	0.0033	0.0033	0.0033	0.0033	0.0033	0.0033	0.0033	0.0033	0.0033	0.0033	0.0033	0.0033	0.0033	0.0033	0.0033	0.0033	0.0033	0.0033	0.0033	0.0033	0.0033	0.0033	0.0033	0.0033	0.0033	0.0033	0.0033	0.0033	0.0033	0.0033	0.0033	0.0033	0.0033	0.0033	0.0033	0.0033	0.0033	0.0033	0.0033	0.0033	0.0033	0.0033	0.0033	0.0033	0.0033	0.0033	0.0033	0.0033	0.0033	0.0033	0.0033	0.0033	0.0033	0.004	0.004	0.004	0.004	0.004	0.004	0.004	0.004	0.004	0.004	0.004	0.004	0.004	0.004	0.004	0.004	0.004	0.004	0.004	0.004	0.004	0.004	0.004	0.004	0.004	0.004	0.004	0.004	0.004	0.004	0.004	0.004	0.004	0.004	0.004	0.004	0.004	0.004	0.004	0.004	0.004	0.004	0.004	0.004	0.004	0.004	0.004	0.004	0.004	0.004	0.004	0.004	0.004	0.004	0.004	0.004	0.004	0.004	0.004	0.004	0.004	0.004	0.004	0.004	0.004	0.004	0.004	0.004	0.004	0.004	0.004	0.004	0.004	0.004	0.004	0.004	0.004	0.004	0.004	0.004	0.004	0.004	0.004	0.004	0.004	0.004	0.004	0.004	0.004	0.004	0.004	0.004	0.004	0.004	0.0213	0.0213	0.0213	0.0213	0.0213	0.009	0.0213	0.0213	0.0213	0.0213	0.0213	0.0213	0.0213	0.0213	0.0213	0.0213	0.0213	0.0213	0.0213	0.0213	0.0213	0.0213	0.0213	0.0213	0.0213	0.0213	0.0213	0.0213	0.0213	0.0213	0.0213	0.0213	0.0213	0.0213	0.0213	0.0213	0.0213	0.0213	0.0213	0.0213	0.0213	0.0213	0.0213	0.0213	0.0213	0.0213	0.0213	0.0213	0.0213	0.0213	0.0213	0.0213	0.0213	0.0213	0.0213	0.0213	0.0213	0.0213	0.0213	0.0213	0.0213	0.0213	0.0213	0.0213	0.0213	0.0213	0.0213	0.0213	0.0213	0.0213	0.0213	0.0213	0.0213	0.0213	0.0213	0.0213	0.0213	0.0213	0.0165	0.0213	0.009	0.009	0.009	0.009	0.009	0.009	0.009	0.009	0.009	0.009	0.009	0.009	0.009	0.009	0.009	0.009	0.009	0.009	0.009	0.009	0.009	0.009	0.009	0.009	0.009	0.009	0.009	0.009	0.009	0.009	0.009	0.009	0.009	0.009	0.009	0.009	0.0165	0.009	0.009	0.009	0.009	0.009	0.009	0.009	0.009	0.009	0.009	0.009	0.009	0.009	0.009	0.009	0.009	0.009	0.009	0.009	0.009	0.009	0.009	0.009	0.009	0.009	0.009	0.009	0.009	0.009	0.009	0.009	0.009	0.009	0.009	0.009	0.009	0.009	0.009	0.009	0.009	0.009	0.009	0.009	0.009	0.009	0.009	0.009	0.009	0.009	0.009	0.009	0.009	0.009	0.009	0.009	0.009	0.009	0.009	0.009	0.009	0.009	0.009	0.009	0.009	0.009	0.009	0.009	0.009	0.009	0.009	0.009	0.009	0.009	0.009	0.009	0.009	0.009	0.009	0.009	0.009	0.009	0.009	0.009	0.009	0.009	0.009	0.009	0.009	0.009	0.009	0.009	0.009	0.009	0.009	0.009	0.009	0.009	0.009	0.009	0.009	0.009	0.009	0.009	0.009	0.009	0.009	0.009	0.009	0.009	0.009	0.009	0.009	0.009	0.009	0.009	0.009	0.009	0.009	0.009	0.009	0.009	0.009	0.009	0.009	0.009	0.009	0.009	0.009	0.009	0.009	0.009	0.009	0.009	0.009	0.009	0.009	0.009	0.009	0.009	0.8903	0.8903	0.8903	0.8903	0.8903	0.8903	0.8903	0.8903	0.8903	0.8903	0.8903	0.8903	0.8903	0.8903
48	0.0113	0.0113	0.0113	0.0113	0.0113	0.0113	0.0113	0.0113	0.0113	0.0113	0.0113	0.0113	0.0113	0.0113	0.0113	0.0113	0.0113	0.0113	0.0113	0.0113	0.0113	0.0113	0.0113	0.0113	0.0113	0.0139	0.0139	0.0139	0.0139	0.0139	0.0139	0.0139	0.0139	0.0139	0.0139	0.0139	0.0139	0.0139	0.0139	0.0139	0.0139	0.0139	0.0139	0.0139	0.0139	0.0139	0.0139	0.0139	0.0139	0.0139	0.0139	0.0139	0.0139	0.0139	0.0139	0.0139	0.0139	0.0139	0.0139	0.0139	0.0139	0.0139	0.0139	0.0139	0.0139	0.0139	0.0139	0.0139	0.0139	0.0139	0.0139	0.0139	0.0139	0.0139	0.0139	0.0139	0.0139	0.0139	0.0139	0.0139	0.0139	0.0139	0.0139	0.0139	0.0139	0.0139	0.0139	0.0139	0.0139	0.0139	0.0139	0.0139	0.0139	0.0139	0.0139	0.0139	0.0139	0.0139	0.0139	0.0139	0.0139	0.0139	0.0139	0.0139	0.0139	0.0139	0.0139	0.0139	0.0139	0.0139	0.0139	0.0139	0.0139	0.0139	0.0139	0.0139	0.0139	0.0139	0.0139	0.0139	0.0139	0.0139	0.0139	0.0139	0.0139	0.0139	0.0139	0.0139	0.0139	0.0139	0.0139	0.0139	0.0139	0.0139	0.0139	0.0139	0.0139	0.0139	0.0139	0.0139	0.0139	0.0139	0.0051	0.0051	0.0051	0.0051	0.0051	0.0051	0.0051	0.0051	0.0051	0.0051	0.0051	0.0051	0.0051	0.0051	0.0051	0.0051	0.0051	0.0051	0.0051	0.0051	0.0051	0.0051	0.0051	0.0051	0.0051	0.0051	0.0051	0.0051	0.0051	0.0051	0.0051	0.0051	0.0051	0.0051	0.0051	0.0051	0.0051	0.0051	0.0051	0.0051	0.0051	0.0051	0.0051	0.0051	0.0051	0.0051	0.0051	0.0051	0.0051	0.0051	0.0051	0.0051	0.0051	0.0051	0.0051	0.0051	0.0051	0.0051	0.0051	0.0051	0.0051	0.0051	0.0051	0.0051	0.0051	0.0051	0.0051	0.0051	0.0051	0.0051	0.0051	0.0051	0.0051	0.0051	0.0051	0.0051	0.0051	0.0051	0.0051	0.0051	0.0051	0.0051	0.0051	0.0051	0.0051	0.0051	0.0051	0.0051	0.0051	0.0051	0.0051	0.0051	0.0051	0.0051	0.0037	0.0037	0.0037	0.0037	0.0037	0.0037	0.0037	0.0037	0.0037	0.0037	0.0037	0.0037	0.0037	0.0037	0.0037	0.0037	0.0037	0.0037	0.0037	0.0037	0.0037	0.0037	0.0037	0.0037	0.0037	0.0037	0.0037	0.0037	0.0037	0.0037	0.0037	0.0037	0.0037	0.0037	0.0037	0.0037	0.0037	0.0037	0.0037	0.0037	0.0037	0.0037	0.0037	0.0037	0.0037	0.0037	0.0037	0.0037	0.0037	0.0037	0.0037	0.0037	0.0037	0.0037	0.0037	0.0037	0.0037	0.0037	0.0037	0.0037	0.0037	0.0037	0.0037	0.0037	0.0037	0.0037	0.0037	0.0037	0.0037	0.0037	0.0037	0.0037	0.0037	0.0037	0.0037	0.0037	0.0037	0.0037	0.0037	0.0037	0.0037	0.0037	0.0037	0.0037	0.0037	0.0037	0.0037	0.0037	0.0037	0.0037	0.0037	0.0037	0.0037	0.0037	0.0312	0.0312	0.0312	0.0312	0.0312	0.0074	0.0312	0.0312	0.0312	0.0312	0.0312	0.0312	0.0312	0.0312	0.0312	0.0312	0.0312	0.0312	0.0312	0.0312	0.0312	0.0312	0.0312	0.0312	0.0312	0.0312	0.0312	0.0312	0.0312	0.0312	0.0312	0.0312	0.0312	0.0312	0.0312	0.0312	0.0312	0.0312	0.0312	0.0312	0.0312	0.0312	0.0312	0.0312	0.0312	0.0312	0.0312	0.0312	0.0312	0.0312	0.0312	0.0312	0.0312	0.0312	0.0312	0.0312	0.0312	0.0312	0.0312	0.0312	0.0312	0.0312	0.0312	0.0312	0.0312	0.0312	0.0312	0.0312	0.0312	0.0312	0.0312	0.0312	0.0312	0.0312	0.0312	0.0312	0.0312	0.0312	0.0255	0.0312	0.0074	0.0074	0.0074	0.0074	0.0074	0.0074	0.0074	0.0074	0.0074	0.0074	0.0074	0.0074	0.0074	0.0074	0.0074	0.0074	0.0074	0.0074	0.0074	0.0074	0.0074	0.0074	0.0074	0.0074	0.0074	0.0074	0.0074	0.0074	0.0074	0.0074	0.0074	0.0074	0.0074	0.0074	0.0074	0.0074	0.0255	0.0074	0.0074	0.0074	0.0074	0.0074	0.0074	0.0074	0.0074	0.0074	0.0074	0.0074	0.0074	0.0074	0.0074	0.0074	0.0074	0.0074	0.0074	0.0074	0.0074	0.0074	0.0074	0.0074	0.0074	0.0074	0.0074	0.0074	0.0074	0.0074	0.0074	0.0074	0.0074	0.0074	0.0074	0.0074	0.0074	0.0074	0.0074	0.0074	0.0074	0.0074	0.0074	0.0074	0.0074	0.0074	0.0074	0.0074	0.0074	0.0074	0.0074	0.0074	0.0074	0.0074	0.0074	0.0074	0.0074	0.0074	0.0074	0.0074	0.0074	0.0074	0.0074	0.0074	0.0074	0.0074	0.0074	0.0074	0.0074	0.0074	0.0074	0.0074	0.0074	0.0074	0.0074	0.0074	0.0074	0.0074	0.0074	0.0074	0.0074	0.0074	0.0074	0.0074	0.0074	0.0074	0.0074	0.0074	0.0074	0.0074	0.0074	0.0074	0.0074	0.0074	0.0074	0.0074	0.0074	0.0074	0.0074	0.0074	0.0074	0.0074	0.0074	0.0074	0.0074	0.0074	0.0074	0.0074	0.0074	0.0074	0.0074	0.0074	0.0074	0.0074	0.0074	0.0074	0.0074	0.0074	0.0074	0.0074	0.0074	0.0074	0.0074	0.0074	0.0074	0.0074	0.0074	0.0074	0.0074	0.0074	0.0074	0.0074	0.0074	0.0074	0.0074	0.0074	0.0074	0.0074	0.0074	0.0074	0.9568	0.9568	0.9568	0.9568	0.9568	0.9568	0.9568	0.9568	0.9568	0.9568	0.9568	0.9568	0.9568	0.9568
49	0.0662	0.0662	0.0662	0.0662	0.0662	0.0662	0.0662	0.0662	0.0662	0.0662	0.0662	0.0662	0.0662	0.0662	0.0662	0.0662	0.0662	0.0662	0.0662	0.0662	0.0662	0.0662	0.0662	0.0662	0.0662	0.0107	0.0107	0.0107	0.0107	0.0107	0.0107	0.0107	0.0107	0.0107	0.0107	0.0107	0.0107	0.0107	0.0107	0.0107	0.0107	0.0107	0.0107	0.0107	0.0107	0.0107	0.0107	0.0107	0.0107	0.0107	0.0107	0.0107	0.0107	0.0107	0.0107	0.0107	0.0107	0.0107	0.0107	0.0107	0.0107	0.0107	0.0107	0.0107	0.0107	0.0107	0.0107	0.0107	0.0107	0.0107	0.0107	0.0107	0.0107	0.0107	0.0107	0.0107	0.0107	0.0107	0.0107	0.0107	0.0107	0.0107	0.0107	0.0107	0.0107	0.0107	0.0107	0.0107	0.0107	0.0107	0.0107	0.0107	0.0107	0.0107	0.0107	0.0107	0.0107	0.0107	0.0107	0.0107	0.0107	0.0107	0.0107	0.0107	0.0107	0.0107	0.0107	0.0107	0.0107	0.0107	0.0107	0.0107	0.0107	0.0107	0.0107	0.0107	0.0107	0.0107	0.0107	0.0107	0.0107	0.0107	0.0107	0.0107	0.0107	0.0107	0.0107	0.0107	0.0107	0.0107	0.0107	0.0107	0.0107	0.0107	0.0107	0.0107	0.0107	0.0107	0.0107	0.0107	0.0107	0.0107	0.0347	0.0347	0.0347	0.0347	0.0347	0.0347	0.0347	0.0347	0.0347	0.0347	0.0347	0.0347	0.0347	0.0347	0.0347	0.0347	0.0347	0.0347	0.0347	0.0347	0.0347	0.0347	0.0347	0.0347	0.0347	0.0347	0.0347	0.0347	0.0347	0.0347	0.0347	0.0347	0.0347	0.0347	0.0347	0.0347	0.0347	0.0347	0.0347	0.0347	0.0347	0.0347	0.0347	0.0347	0.0347	0.0347	0.0347	0.0347	0.0347	0.0347	0.0347	0.0347	0.0347	0.0347	0.0347	0.0347	0.0347	0.0347	0.0347	0.0347	0.0347	0.0347	0.0347	0.0347	0.0347	0.0347	0.0347	0.0347	0.0347	0.0347	0.0347	0.0347	0.0347	0.0347	0.0347	0.0347	0.0347	0.0347	0.0347	0.0347	0.0347	0.0347	0.0347	0.0347	0.0347	0.0347	0.0347	0.0347	0.0347	0.0347	0.0347	0.0347	0.0347	0.0347	0.0102	0.0102	0.0102	0.0102	0.0102	0.0102	0.0102	0.0102	0.0102	0.0102	0.0102	0.0102	0.0102	0.0102	0.0102	0.0102	0.0102	0.0102	0.0102	0.0102	0.0102	0.0102	0.0102	0.0102	0.0102	0.0102	0.0102	0.0102	0.0102	0.0102	0.0102	0.0102	0.0102	0.0102	0.0102	0.0102	0.0102	0.0102	0.0102	0.0102	0.0102	0.0102	0.0102	0.0102	0.0102	0.0102	0.0102	0.0102	0.0102	0.0102	0.0102	0.0102	0.0102	0.0102	0.0102	0.0102	0.0102	0.0102	0.0102	0.0102	0.0102	0.0102	0.0102	0.0102	0.0102	0.0102	0.0102	0.0102	0.0102	0.0102	0.0102	0.0102	0.0102	0.0102	0.0102	0.0102	0.0102	0.0102	0.0102	0.0102	0.0102	0.0102	0.0102	0.0102	0.0102	0.0102	0.0102	0.0102	0.0102	0.0102	0.0102	0.0102	0.0102	0.0102	0.0066	0.0066	0.0066	0.0066	0.0066	0.0087	0.0066	0.0066	0.0066	0.0066	0.0066	0.0066	0.0066	0.0066	0.0066	0.0066	0.0066	0.0066	0.0066	0.0066	0.0066	0.0066	0.0066	0.0066	0.0066	0.0066	0.0066	0.0066	0.0066	0.0066	0.0066	0.0066	0.0066	0.0066	0.0066	0.0066	0.0066	0.0066	0.0066	0.0066	0.0066	0.0066	0.0066	0.0066	0.0066	0.0066	0.0066	0.0066	0.0066	0.0066	0.0066	0.0066	0.0066	0.0066	0.0066	0.0066	0.0066	0.0066	0.0066	0.0066	0.0066	0.0066	0.0066	0.0066	0.0066	0.0066	0.0066	0.0066	0.0066	0.0066	0.0066	0.0066	0.0066	0.0066	0.0066	0.0066	0.0066	0.0066	0.008	0.0066	0.0087	0.0087	0.0087	0.0087	0.0087	0.0087	0.0087	0.0087	0.0087	0.0087	0.0087	0.0087	0.0087	0.0087	0.0087	0.0087	0.0087	0.0087	0.0087	0.0087	0.0087	0.0087	0.0087	0.0087	0.0087	0.0087	0.0087	0.0087	0.0087	0.0087	0.0087	0.0087	0.0087	0.0087	0.0087	0.0087	0.008	0.0087	0.0087	0.0087	0.0087	0.0087	0.0087	0.0087	0.0087	0.0087	0.0087	0.0087	0.0087	0.0087	0.0087	0.0087	0.0087	0.0087	0.0087	0.0087	0.0087	0.0087	0.0087	0.0087	0.0087	0.0087	0.0087	0.0087	0.0087	0.0087	0.0087	0.0087	0.0087	0.0087	0.0087	0.0087	0.0087	0.0087	0.0087	0.0087	0.0087	0.0087	0.0087	0.0087	0.0087	0.0087	0.0087	0.0087	0.0087	0.0087	0.0087	0.0087	0.0087	0.0087	0.0087	0.0087	0.0087	0.0087	0.0087	0.0087	0.0087	0.0087	0.0087	0.0087	0.0087	0.0087	0.0087	0.0087	0.0087	0.0087	0.0087	0.0087	0.0087	0.0087	0.0087	0.0087	0.0087	0.0087	0.0087	0.0087	0.0087	0.0087	0.0087	0.0087	0.0087	0.0087	0.0087	0.0087	0.0087	0.0087	0.0087	0.0087	0.0087	0.0087	0.0087	0.0087	0.0087	0.0087	0.0087	0.0087	0.0087	0.0087	0.0087	0.0087	0.0087	0.0087	0.0087	0.0087	0.0087	0.0087	0.0087	0.0087	0.0087	0.0087	0.0087	0.0087	0.0087	0.0087	0.0087	0.0087	0.0087	0.0087	0.0087	0.0087	0.0087	0.0087	0.0087	0.0087	0.0087	0.0087	0.0087	0.0087	0.0087	0.0087	0.0087	0.0087	0.0087	0.0087	0.0087	0.0087	0.7631	0.7631	0.7631	0.7631	0.7631	0.7631	0.7631	0.7631	0.7631	0.7631	0.7631	0.7631	0.7631	0.7631
50	0.0143	0.0143	0.0143	0.0143	0.0143	0.0143	0.0143	0.0143	0.0143	0.0143	0.0143	0.0143	0.0143	0.0143	0.0143	0.0143	0.0143	0.0143	0.0143	0.0143	0.0143	0.0143	0.0143	0.0143	0.0143	0.011	0.011	0.011	0.011	0.011	0.011	0.011	0.011	0.011	0.011	0.011	0.011	0.011	0.011	0.011	0.011	0.011	0.011	0.011	0.011	0.011	0.011	0.011	0.011	0.011	0.011	0.011	0.011	0.011	0.011	0.011	0.011	0.011	0.011	0.011	0.011	0.011	0.011	0.011	0.011	0.011	0.011	0.011	0.011	0.011	0.011	0.011	0.011	0.011	0.011	0.011	0.011	0.011	0.011	0.011	0.011	0.011	0.011	0.011	0.011	0.011	0.011	0.011	0.011	0.011	0.011	0.011	0.011	0.011	0.011	0.011	0.011	0.011	0.011	0.011	0.011	0.011	0.011	0.011	0.011	0.011	0.011	0.011	0.011	0.011	0.011	0.011	0.011	0.011	0.011	0.011	0.011	0.011	0.011	0.011	0.011	0.011	0.011	0.011	0.011	0.011	0.011	0.011	0.011	0.011	0.011	0.011	0.011	0.011	0.011	0.011	0.011	0.011	0.011	0.011	0.011	0.011	0.0046	0.0046	0.0046	0.0046	0.0046	0.0046	0.0046	0.0046	0.0046	0.0046	0.0046	0.0046	0.0046	0.0046	0.0046	0.0046	0.0046	0.0046	0.0046	0.0046	0.0046	0.0046	0.0046	0.0046	0.0046	0.0046	0.0046	0.0046	0.0046	0.0046	0.0046	0.0046	0.0046	0.0046	0.0046	0.0046	0.0046	0.0046	0.0046	0.0046	0.0046	0.0046	0.0046	0.0046	0.0046	0.0046	0.0046	0.0046	0.0046	0.0046	0.0046	0.0046	0.0046	0.0046	0.0046	0.0046	0.0046	0.0046	0.0046	0.0046	0.0046	0.0046	0.0046	0.0046	0.0046	0.0046	0.0046	0.0046	0.0046	0.0046	0.0046	0.0046	0.0046	0.0046	0.0046	0.0046	0.0046	0.0046	0.0046	0.0046	0.0046	0.0046	0.0046	0.0046	0.0046	0.0046	0.0046	0.0046	0.0046	0.0046	0.0046	0.0046	0.0046	0.0046	0.0133	0.0133	0.0133	0.0133	0.0133	0.0133	0.0133	0.0133	0.0133	0.0133	0.0133	0.0133	0.0133	0.0133	0.0133	0.0133	0.0133	0.0133	0.0133	0.0133	0.0133	0.0133	0.0133	0.0133	0.0133	0.0133	0.0133	0.0133	0.0133	0.0133	0.0133	0.0133	0.0133	0.0133	0.0133	0.0133	0.0133	0.0133	0.0133	0.0133	0.0133	0.0133	0.0133	0.0133	0.0133	0.0133	0.0133	0.0133	0.0133	0.0133	0.0133	0.0133	0.0133	0.0133	0.0133	0.0133	0.0133	0.0133	0.0133	0.0133	0.0133	0.0133	0.0133	0.0133	0.0133	0.0133	0.0133	0.0133	0.0133	0.0133	0.0133	0.0133	0.0133	0.0133	0.0133	0.0133	0.0133	0.0133	0.0133	0.0133	0.0133	0.0133	0.0133	0.0133	0.0133	0.0133	0.0133	0.0133	0.0133	0.0133	0.0133	0.0133	0.0133	0.0133	0.0052	0.0052	0.0052	0.0052	0.0052	0.0108	0.0052	0.0052	0.0052	0.0052	0.0052	0.0052	0.0052	0.0052	0.0052	0.0052	0.0052	0.0052	0.0052	0.0052	0.0052	0.0052	0.0052	0.0052	0.0052	0.0052	0.0052	0.0052	0.0052	0.0052	0.0052	0.0052	0.0052	0.0052	0.0052	0.0052	0.0052	0.0052	0.0052	0.0052	0.0052	0.0052	0.0052	0.0052	0.0052	0.0052	0.0052	0.0052	0.0052	0.0052	0.0052	0.0052	0.0052	0.0052	0.0052	0.0052	0.0052	0.0052	0.0052	0.0052	0.0052	0.0052	0.0052	0.0052	0.0052	0.0052	0.0052	0.0052	0.0052	0.0052	0.0052	0.0052	0.0052	0.0052	0.0052	0.0052	0.0052	0.0052	0.0078	0.0052	0.0108	0.0108	0.0108	0.0108	0.0108	0.0108	0.0108	0.0108	0.0108	0.0108	0.0108	0.0108	0.0108	0.0108	0.0108	0.0108	0.0108	0.0108	0.0108	0.0108	0.0108	0.0108	0.0108	0.0108	0.0108	0.0108	0.0108	0.0108	0.0108	0.0108	0.0108	0.0108	0.0108	0.0108	0.0108	0.0108	0.0078	0.0108	0.0108	0.0108	0.0108	0.0108	0.0108	0.0108	0.0108	0.0108	0.0108	0.0108	0.0108	0.0108	0.0108	0.0108	0.0108	0.0108	0.0108	0.0108	0.0108	0.0108	0.0108	0.0108	0.0108	0.0108	0.0108	0.0108	0.0108	0.0108	0.0108	0.0108	0.0108	0.0108	0.0108	0.0108	0.0108	0.0108	0.0108	0.0108	0.0108	0.0108	0.0108	0.0108	0.0108	0.0108	0.0108	0.0108	0.0108	0.0108	0.0108	0.0108	0.0108	0.0108	0.0108	0.0108	0.0108	0.0108	0.0108	0.0108	0.0108	0.0108	0.0108	0.0108	0.0108	0.0108	0.0108	0.0108	0.0108	0.0108	0.0108	0.0108	0.0108	0.0108	0.0108	0.0108	0.0108	0.0108	0.0108	0.0108	0.0108	0.0108	0.0108	0.0108	0.0108	0.0108	0.0108	0.0108	0.0108	0.0108	0.0108	0.0108	0.0108	0.0108	0.0108	0.0108	0.0108	0.0108	0.0108	0.0108	0.0108	0.0108	0.0108	0.0108	0.0108	0.0108	0.0108	0.0108	0.0108	0.0108	0.0108	0.0108	0.0108	0.0108	0.0108	0.0108	0.0108	0.0108	0.0108	0.0108	0.0108	0.0108	0.0108	0.0108	0.0108	0.0108	0.0108	0.0108	0.0108	0.0108	0.0108	0.0108	0.0108	0.0108	0.0108	0.0108	0.0108	0.0108	0.0108	0.0108	0.8559	0.8559	0.8559	0.8559	0.8559	0.8559	0.8559	0.8559	0.8559	0.8559	0.8559	0.8559	0.8559	0.8559
51	0.0175	0.0175	0.0175	0.0175	0.0175	0.0175	0.0175	0.0175	0.0175	0.0175	0.0175	0.0175	0.0175	0.0175	0.0175	0.0175	0.0175	0.0175	0.0175	0.0175	0.0175	0.0175	0.0175	0.0175	0.0175	0.0099	0.0099	0.0099	0.0099	0.0099	0.0099	0.0099	0.0099	0.0099	0.0099	0.0099	0.0099	0.0099	0.0099	0.0099	0.0099	0.0099	0.0099	0.0099	0.0099	0.0099	0.0099	0.0099	0.0099	0.0099	0.0099	0.0099	0.0099	0.0099	0.0099	0.0099	0.0099	0.0099	0.0099	0.0099	0.0099	0.0099	0.0099	0.0099	0.0099	0.0099	0.0099	0.0099	0.0099	0.0099	0.0099	0.0099	0.0099	0.0099	0.0099	0.0099	0.0099	0.0099	0.0099	0.0099	0.0099	0.0099	0.0099	0.0099	0.0099	0.0099	0.0099	0.0099	0.0099	0.0099	0.0099	0.0099	0.0099	0.0099	0.0099	0.0099	0.0099	0.0099	0.0099	0.0099	0.0099	0.0099	0.0099	0.0099	0.0099	0.0099	0.0099	0.0099	0.0099	0.0099	0.0099	0.0099	0.0099	0.0099	0.0099	0.0099	0.0099	0.0099	0.0099	0.0099	0.0099	0.0099	0.0099	0.0099	0.0099	0.0099	0.0099	0.0099	0.0099	0.0099	0.0099	0.0099	0.0099	0.0099	0.0099	0.0099	0.0099	0.0099	0.0099	0.0099	0.0099	0.0099	0.0053	0.0053	0.0053	0.0053	0.0053	0.0053	0.0053	0.0053	0.0053	0.0053	0.0053	0.0053	0.0053	0.0053	0.0053	0.0053	0.0053	0.0053	0.0053	0.0053	0.0053	0.0053	0.0053	0.0053	0.0053	0.0053	0.0053	0.0053	0.0053	0.0053	0.0053	0.0053	0.0053	0.0053	0.0053	0.0053	0.0053	0.0053	0.0053	0.0053	0.0053	0.0053	0.0053	0.0053	0.0053	0.0053	0.0053	0.0053	0.0053	0.0053	0.0053	0.0053	0.0053	0.0053	0.0053	0.0053	0.0053	0.0053	0.0053	0.0053	0.0053	0.0053	0.0053	0.0053	0.0053	0.0053	0.0053	0.0053	0.0053	0.0053	0.0053	0.0053	0.0053	0.0053	0.0053	0.0053	0.0053	0.0053	0.0053	0.0053	0.0053	0.0053	0.0053	0.0053	0.0053	0.0053	0.0053	0.0053	0.0053	0.0053	0.0053	0.0053	0.0053	0.0053	0.0055	0.0055	0.0055	0.0055	0.0055	0.0055	0.0055	0.0055	0.0055	0.0055	0.0055	0.0055	0.0055	0.0055	0.0055	0.0055	0.0055	0.0055	0.0055	0.0055	0.0055	0.0055	0.0055	0.0055	0.0055	0.0055	0.0055	0.0055	0.0055	0.0055	0.0055	0.0055	0.0055	0.0055	0.0055	0.0055	0.0055	0.0055	0.0055	0.0055	0.0055	0.0055	0.0055	0.0055	0.0055	0.0055	0.0055	0.0055	0.0055	0.0055	0.0055	0.0055	0.0055	0.0055	0.0055	0.0055	0.0055	0.0055	0.0055	0.0055	0.0055	0.0055	0.0055	0.0055	0.0055	0.0055	0.0055	0.0055	0.0055	0.0055	0.0055	0.0055	0.0055	0.0055	0.0055	0.0055	0.0055	0.0055	0.0055	0.0055	0.0055	0.0055	0.0055	0.0055	0.0055	0.0055	0.0055	0.0055	0.0055	0.0055	0.0055	0.0055	0.0055	0.0055	0.9479	0.9479	0.9479	0.9479	0.9479	0.9259	0.9479	0.9479	0.9479	0.9479	0.9479	0.9479	0.9479	0.9479	0.9479	0.9479	0.9479	0.9479	0.9479	0.9479	0.9479	0.9479	0.9479	0.9479	0.9479	0.9479	0.9479	0.9479	0.9479	0.9479	0.9479	0.9479	0.9479	0.9479	0.9479	0.9479	0.9479	0.9479	0.9479	0.9479	0.9479	0.9479	0.9479	0.9479	0.9479	0.9479	0.9479	0.9479	0.9479	0.9479	0.9479	0.9479	0.9479	0.9479	0.9479	0.9479	0.9479	0.9479	0.9479	0.9479	0.9479	0.9479	0.9479	0.9479	0.9479	0.9479	0.9479	0.9479	0.9479	0.9479	0.9479	0.9479	0.9479	0.9479	0.9479	0.9479	0.9479	0.9479	0.9357	0.9479	0.9259	0.9259	0.9259	0.9259	0.9259	0.9259	0.9259	0.9259	0.9259	0.9259	0.9259	0.9259	0.9259	0.9259	0.9259	0.9259	0.9259	0.9259	0.9259	0.9259	0.9259	0.9259	0.9259	0.9259	0.9259	0.9259	0.9259	0.9259	0.9259	0.9259	0.9259	0.9259	0.9259	0.9259	0.9259	0.9259	0.9357	0.9259	0.9259	0.9259	0.9259	0.9259	0.9259	0.9259	0.9259	0.9259	0.9259	0.9259	0.9259	0.9259	0.9259	0.9259	0.9259	0.9259	0.9259	0.9259	0.9259	0.9259	0.9259	0.9259	0.9259	0.9259	0.9259	0.9259	0.9259	0.9259	0.9259	0.9259	0.9259	0.9259	0.9259	0.9259	0.9259	0.9259	0.9259	0.9259	0.9259	0.9259	0.9259	0.9259	0.9259	0.9259	0.9259	0.9259	0.9259	0.9259	0.9259	0.9259	0.9259	0.9259	0.9259	0.9259	0.9259	0.9259	0.9259	0.9259	0.9259	0.9259	0.9259	0.9259	0.9259	0.9259	0.9259	0.9259	0.9259	0.9259	0.9259	0.9259	0.9259	0.9259	0.9259	0.9259	0.9259	0.9259	0.9259	0.9259	0.9259	0.9259	0.9259	0.9259	0.9259	0.9259	0.9259	0.9259	0.9259	0.9259	0.9259	0.9259	0.9259	0.9259	0.9259	0.9259	0.9259	0.9259	0.9259	0.9259	0.9259	0.9259	0.9259	0.9259	0.9259	0.9259	0.9259	0.9259	0.9259	0.9259	0.9259	0.9259	0.9259	0.9259	0.9259	0.9259	0.9259	0.9259	0.9259	0.9259	0.9259	0.9259	0.9259	0.9259	0.9259	0.9259	0.9259	0.9259	0.9259	0.9259	0.9259	0.9259	0.9259	0.9259	0.9259	0.9259	0.9259	0.9259	0.9259	0.9259	0.0234	0.0234	0.0234	0.0234	0.0234	0.0234	0.0234	0.0234	0.0234	0.0234	0.0234	0.0234	0.0234	0.0234
52	0.9316	0.9316	0.9316	0.9316	0.9316	0.9316	0.9316	0.9316	0.9316	0.9316	0.9316	0.9316	0.9316	0.9316	0.9316	0.9316	0.9316	0.9316	0.9316	0.9316	0.9316	0.9316	0.9316	0.9316	0.9316	0.0038	0.0038	0.0038	0.0038	0.0038	0.0038	0.0038	0.0038	0.0038	0.0038	0.0038	0.0038	0.0038	0.0038	0.0038	0.0038	0.0038	0.0038	0.0038	0.0038	0.0038	0.0038	0.0038	0.0038	0.0038	0.0038	0.0038	0.0038	0.0038	0.0038	0.0038	0.0038	0.0038	0.0038	0.0038	0.0038	0.0038	0.0038	0.0038	0.0038	0.0038	0.0038	0.0038	0.0038	0.0038	0.0038	0.0038	0.0038	0.0038	0.0038	0.0038	0.0038	0.0038	0.0038	0.0038	0.0038	0.0038	0.0038	0.0038	0.0038	0.0038	0.0038	0.0038	0.0038	0.0038	0.0038	0.0038	0.0038	0.0038	0.0038	0.0038	0.0038	0.0038	0.0038	0.0038	0.0038	0.0038	0.0038	0.0038	0.0038	0.0038	0.0038	0.0038	0.0038	0.0038	0.0038	0.0038	0.0038	0.0038	0.0038	0.0038	0.0038	0.0038	0.0038	0.0038	0.0038	0.0038	0.0038	0.0038	0.0038	0.0038	0.0038	0.0038	0.0038	0.0038	0.0038	0.0038	0.0038	0.0038	0.0038	0.0038	0.0038	0.0038	0.0038	0.0038	0.0038	0.0038	0.0435	0.0435	0.0435	0.0435	0.0435	0.0435	0.0435	0.0435	0.0435	0.0435	0.0435	0.0435	0.0435	0.0435	0.0435	0.0435	0.0435	0.0435	0.0435	0.0435	0.0435	0.0435	0.0435	0.0435	0.0435	0.0435	0.0435	0.0435	0.0435	0.0435	0.0435	0.0435	0.0435	0.0435	0.0435	0.0435	0.0435	0.0435	0.0435	0.0435	0.0435	0.0435	0.0435	0.0435	0.0435	0.0435	0.0435	0.0435	0.0435	0.0435	0.0435	0.0435	0.0435	0.0435	0.0435	0.0435	0.0435	0.0435	0.0435	0.0435	0.0435	0.0435	0.0435	0.0435	0.0435	0.0435	0.0435	0.0435	0.0435	0.0435	0.0435	0.0435	0.0435	0.0435	0.0435	0.0435	0.0435	0.0435	0.0435	0.0435	0.0435	0.0435	0.0435	0.0435	0.0435	0.0435	0.0435	0.0435	0.0435	0.0435	0.0435	0.0435	0.0435	0.0435	0.0128	0.0128	0.0128	0.0128	0.0128	0.0128	0.0128	0.0128	0.0128	0.0128	0.0128	0.0128	0.0128	0.0128	0.0128	0.0128	0.0128	0.0128	0.0128	0.0128	0.0128	0.0128	0.0128	0.0128	0.0128	0.0128	0.0128	0.0128	0.0128	0.0128	0.0128	0.0128	0.0128	0.0128	0.0128	0.0128	0.0128	0.0128	0.0128	0.0128	0.0128	0.0128	0.0128	0.0128	0.0128	0.0128	0.0128	0.0128	0.0128	0.0128	0.0128	0.0128	0.0128	0.0128	0.0128	0.0128	0.0128	0.0128	0.0128	0.0128	0.0128	0.0128	0.0128	0.0128	0.0128	0.0128	0.0128	0.0128	0.0128	0.0128	0.0128	0.0128	0.0128	0.0128	0.0128	0.0128	0.0128	0.0128	0.0128	0.0128	0.0128	0.0128	0.0128	0.0128	0.0128	0.0128	0.0128	0.0128	0.0128	0.0128	0.0128	0.0128	0.0128	0.0128	0.002	0.002	0.002	0.002	0.002	0.9629	0.002	0.002	0.002	0.002	0.002	0.002	0.002	0.002	0.002	0.002	0.002	0.002	0.002	0.002	0.002	0.002	0.002	0.002	0.002	0.002	0.002	0.002	0.002	0.002	0.002	0.002	0.002	0.002	0.002	0.002	0.002	0.002	0.002	0.002	0.002	0.002	0.002	0.002	0.002	0.002	0.002	0.002	0.002	0.002	0.002	0.002	0.002	0.002	0.002	0.002	0.002	0.002	0.002	0.002	0.002	0.002	0.002	0.002	0.002	0.002	0.002	0.002	0.002	0.002	0.002	0.002	0.002	0.002	0.002	0.002	0.002	0.002	0.5085	0.002	0.9629	0.9629	0.9629	0.9629	0.9629	0.9629	0.9629	0.9629	0.9629	0.9629	0.9629	0.9629	0.9629	0.9629	0.9629	0.9629	0.9629	0.9629	0.9629	0.9629	0.9629	0.9629	0.9629	0.9629	0.9629	0.9629	0.9629	0.9629	0.9629	0.9629	0.9629	0.9629	0.9629	0.9629	0.9629	0.9629	0.5085	0.9629	0.9629	0.9629	0.9629	0.9629	0.9629	0.9629	0.9629	0.9629	0.9629	0.9629	0.9629	0.9629	0.9629	0.9629	0.9629	0.9629	0.9629	0.9629	0.9629	0.9629	0.9629	0.9629	0.9629	0.9629	0.9629	0.9629	0.9629	0.9629	0.9629	0.9629	0.9629	0.9629	0.9629	0.9629	0.9629	0.9629	0.9629	0.9629	0.9629	0.9629	0.9629	0.9629	0.9629	0.9629	0.9629	0.9629	0.9629	0.9629	0.9629	0.9629	0.9629	0.9629	0.9629	0.9629	0.9629	0.9629	0.9629	0.9629	0.9629	0.9629	0.9629	0.9629	0.9629	0.9629	0.9629	0.9629	0.9629	0.9629	0.9629	0.9629	0.9629	0.9629	0.9629	0.9629	0.9629	0.9629	0.9629	0.9629	0.9629	0.9629	0.9629	0.9629	0.9629	0.9629	0.9629	0.9629	0.9629	0.9629	0.9629	0.9629	0.9629	0.9629	0.9629	0.9629	0.9629	0.9629	0.9629	0.9629	0.9629	0.9629	0.9629	0.9629	0.9629	0.9629	0.9629	0.9629	0.9629	0.9629	0.9629	0.9629	0.9629	0.9629	0.9629	0.9629	0.9629	0.9629	0.9629	0.9629	0.9629	0.9629	0.9629	0.9629	0.9629	0.9629	0.9629	0.9629	0.9629	0.9629	0.9629	0.9629	0.9629	0.9629	0.9629	0.9629	0.9629	0.9629	0.9629	0.9629	0.0196	0.0196	0.0196	0.0196	0.0196	0.0196	0.0196	0.0196	0.0196	0.0196	0.0196	0.0196	0.0196	0.0196
53	0.9773	0.9773	0.9773	0.9773	0.9773	0.9773	0.9773	0.9773	0.9773	0.9773	0.9773	0.9773	0.9773	0.9773	0.9773	0.9773	0.9773	0.9773	0.9773	0.9773	0.9773	0.9773	0.9773	0.9773	0.9773	0.9649	0.9649	0.9649	0.9649	0.9649	0.9649	0.9649	0.9649	0.9649	0.9649	0.9649	0.9649	0.9649	0.9649	0.9649	0.9649	0.9649	0.9649	0.9649	0.9649	0.9649	0.9649	0.9649	0.9649	0.9649	0.9649	0.9649	0.9649	0.9649	0.9649	0.9649	0.9649	0.9649	0.9649	0.9649	0.9649	0.9649	0.9649	0.9649	0.9649	0.9649	0.9649	0.9649	0.9649	0.9649	0.9649	0.9649	0.9649	0.9649	0.9649	0.9649	0.9649	0.9649	0.9649	0.9649	0.9649	0.9649	0.9649	0.9649	0.9649	0.9649	0.9649	0.9649	0.9649	0.9649	0.9649	0.9649	0.9649	0.9649	0.9649	0.9649	0.9649	0.9649	0.9649	0.9649	0.9649	0.9649	0.9649	0.9649	0.9649	0.9649	0.9649	0.9649	0.9649	0.9649	0.9649	0.9649	0.9649	0.9649	0.9649	0.9649	0.9649	0.9649	0.9649	0.9649	0.9649	0.9649	0.9649	0.9649	0.9649	0.9649	0.9649	0.9649	0.9649	0.9649	0.9649	0.9649	0.9649	0.9649	0.9649	0.9649	0.9649	0.9649	0.9649	0.9649	0.9649	0.9649	0.0048	0.0048	0.0048	0.0048	0.0048	0.0048	0.0048	0.0048	0.0048	0.0048	0.0048	0.0048	0.0048	0.0048	0.0048	0.0048	0.0048	0.0048	0.0048	0.0048	0.0048	0.0048	0.0048	0.0048	0.0048	0.0048	0.0048	0.0048	0.0048	0.0048	0.0048	0.0048	0.0048	0.0048	0.0048	0.0048	0.0048	0.0048	0.0048	0.0048	0.0048	0.0048	0.0048	0.0048	0.0048	0.0048	0.0048	0.0048	0.0048	0.0048	0.0048	0.0048	0.0048	0.0048	0.0048	0.0048	0.0048	0.0048	0.0048	0.0048	0.0048	0.0048	0.0048	0.0048	0.0048	0.0048	0.0048	0.0048	0.0048	0.0048	0.0048	0.0048	0.0048	0.0048	0.0048	0.0048	0.0048	0.0048	0.0048	0.0048	0.0048	0.0048	0.0048	0.0048	0.0048	0.0048	0.0048	0.0048	0.0048	0.0048	0.0048	0.0048	0.0048	0.0048	0.975	0.975	0.975	0.975	0.975	0.975	0.975	0.975	0.975	0.975	0.975	0.975	0.975	0.975	0.975	0.975	0.975	0.975	0.975	0.975	0.975	0.975	0.975	0.975	0.975	0.975	0.975	0.975	0.975	0.975	0.975	0.975	0.975	0.975	0.975	0.975	0.975	0.975	0.975	0.975	0.975	0.975	0.975	0.975	0.975	0.975	0.975	0.975	0.975	0.975	0.975	0.975	0.975	0.975	0.975	0.975	0.975	0.975	0.975	0.975	0.975	0.975	0.975	0.975	0.975	0.975	0.975	0.975	0.975	0.975	0.975	0.975	0.975	0.975	0.975	0.975	0.975	0.975	0.975	0.975	0.975	0.975	0.975	0.975	0.975	0.975	0.975	0.975	0.975	0.975	0.975	0.975	0.975	0.975	0.0143	0.0143	0.0143	0.0143	0.0143	0.0169	0.0143	0.0143	0.0143	0.0143	0.0143	0.0143	0.0143	0.0143	0.0143	0.0143	0.0143	0.0143	0.0143	0.0143	0.0143	0.0143	0.0143	0.0143	0.0143	0.0143	0.0143	0.0143	0.0143	0.0143	0.0143	0.0143	0.0143	0.0143	0.0143	0.0143	0.0143	0.0143	0.0143	0.0143	0.0143	0.0143	0.0143	0.0143	0.0143	0.0143	0.0143	0.0143	0.0143	0.0143	0.0143	0.0143	0.0143	0.0143	0.0143	0.0143	0.0143	0.0143	0.0143	0.0143	0.0143	0.0143	0.0143	0.0143	0.0143	0.0143	0.0143	0.0143	0.0143	0.0143	0.0143	0.0143	0.0143	0.0143	0.0143	0.0143	0.0143	0.0143	0.0152	0.0143	0.0169	0.0169	0.0169	0.0169	0.0169	0.0169	0.0169	0.0169	0.0169	0.0169	0.0169	0.0169	0.0169	0.0169	0.0169	0.0169	0.0169	0.0169	0.0169	0.0169	0.0169	0.0169	0.0169	0.0169	0.0169	0.0169	0.0169	0.0169	0.0169	0.0169	0.0169	0.0169	0.0169	0.0169	0.0169	0.0169	0.0152	0.0169	0.0169	0.0169	0.0169	0.0169	0.0169	0.0169	0.0169	0.0169	0.0169	0.0169	0.0169	0.0169	0.0169	0.0169	0.0169	0.0169	0.0169	0.0169	0.0169	0.0169	0.0169	0.0169	0.0169	0.0169	0.0169	0.0169	0.0169	0.0169	0.0169	0.0169	0.0169	0.0169	0.0169	0.0169	0.0169	0.0169	0.0169	0.0169	0.0169	0.0169	0.0169	0.0169	0.0169	0.0169	0.0169	0.0169	0.0169	0.0169	0.0169	0.0169	0.0169	0.0169	0.0169	0.0169	0.0169	0.0169	0.0169	0.0169	0.0169	0.0169	0.0169	0.0169	0.0169	0.0169	0.0169	0.0169	0.0169	0.0169	0.0169	0.0169	0.0169	0.0169	0.0169	0.0169	0.0169	0.0169	0.0169	0.0169	0.0169	0.0169	0.0169	0.0169	0.0169	0.0169	0.0169	0.0169	0.0169	0.0169	0.0169	0.0169	0.0169	0.0169	0.0169	0.0169	0.0169	0.0169	0.0169	0.0169	0.0169	0.0169	0.0169	0.0169	0.0169	0.0169	0.0169	0.0169	0.0169	0.0169	0.0169	0.0169	0.0169	0.0169	0.0169	0.0169	0.0169	0.0169	0.0169	0.0169	0.0169	0.0169	0.0169	0.0169	0.0169	0.0169	0.0169	0.0169	0.0169	0.0169	0.0169	0.0169	0.0169	0.0169	0.0169	0.0169	0.0169	0.0169	0.0169	0.0169	0.0261	0.0261	0.0261	0.0261	0.0261	0.0261	0.0261	0.0261	0.0261	0.0261	0.0261	0.0261	0.0261	0.0261
54	0.059	0.059	0.059	0.059	0.059	0.059	0.059	0.059	0.059	0.059	0.059	0.059	0.059	0.059	0.059	0.059	0.059	0.059	0.059	0.059	0.059	0.059	0.059	0.059	0.059	0.0049	0.0049	0.0049	0.0049	0.0049	0.0049	0.0049	0.0049	0.0049	0.0049	0.0049	0.0049	0.0049	0.0049	0.0049	0.0049	0.0049	0.0049	0.0049	0.0049	0.0049	0.0049	0.0049	0.0049	0.0049	0.0049	0.0049	0.0049	0.0049	0.0049	0.0049	0.0049	0.0049	0.0049	0.0049	0.0049	0.0049	0.0049	0.0049	0.0049	0.0049	0.0049	0.0049	0.0049	0.0049	0.0049	0.0049	0.0049	0.0049	0.0049	0.0049	0.0049	0.0049	0.0049	0.0049	0.0049	0.0049	0.0049	0.0049	0.0049	0.0049	0.0049	0.0049	0.0049	0.0049	0.0049	0.0049	0.0049	0.0049	0.0049	0.0049	0.0049	0.0049	0.0049	0.0049	0.0049	0.0049	0.0049	0.0049	0.0049	0.0049	0.0049	0.0049	0.0049	0.0049	0.0049	0.0049	0.0049	0.0049	0.0049	0.0049	0.0049	0.0049	0.0049	0.0049	0.0049	0.0049	0.0049	0.0049	0.0049	0.0049	0.0049	0.0049	0.0049	0.0049	0.0049	0.0049	0.0049	0.0049	0.0049	0.0049	0.0049	0.0049	0.0049	0.0049	0.0049	0.0049	0.0048	0.0048	0.0048	0.0048	0.0048	0.0048	0.0048	0.0048	0.0048	0.0048	0.0048	0.0048	0.0048	0.0048	0.0048	0.0048	0.0048	0.0048	0.0048	0.0048	0.0048	0.0048	0.0048	0.0048	0.0048	0.0048	0.0048	0.0048	0.0048	0.0048	0.0048	0.0048	0.0048	0.0048	0.0048	0.0048	0.0048	0.0048	0.0048	0.0048	0.0048	0.0048	0.0048	0.0048	0.0048	0.0048	0.0048	0.0048	0.0048	0.0048	0.0048	0.0048	0.0048	0.0048	0.0048	0.0048	0.0048	0.0048	0.0048	0.0048	0.0048	0.0048	0.0048	0.0048	0.0048	0.0048	0.0048	0.0048	0.0048	0.0048	0.0048	0.0048	0.0048	0.0048	0.0048	0.0048	0.0048	0.0048	0.0048	0.0048	0.0048	0.0048	0.0048	0.0048	0.0048	0.0048	0.0048	0.0048	0.0048	0.0048	0.0048	0.0048	0.0048	0.0048	0.9734	0.9734	0.9734	0.9734	0.9734	0.9734	0.9734	0.9734	0.9734	0.9734	0.9734	0.9734	0.9734	0.9734	0.9734	0.9734	0.9734	0.9734	0.9734	0.9734	0.9734	0.9734	0.9734	0.9734	0.9734	0.9734	0.9734	0.9734	0.9734	0.9734	0.9734	0.9734	0.9734	0.9734	0.9734	0.9734	0.9734	0.9734	0.9734	0.9734	0.9734	0.9734	0.9734	0.9734	0.9734	0.9734	0.9734	0.9734	0.9734	0.9734	0.9734	0.9734	0.9734	0.9734	0.9734	0.9734	0.9734	0.9734	0.9734	0.9734	0.9734	0.9734	0.9734	0.9734	0.9734	0.9734	0.9734	0.9734	0.9734	0.9734	0.9734	0.9734	0.9734	0.9734	0.9734	0.9734	0.9734	0.9734	0.9734	0.9734	0.9734	0.9734	0.9734	0.9734	0.9734	0.9734	0.9734	0.9734	0.9734	0.9734	0.9734	0.9734	0.9734	0.9734	0.8976	0.8976	0.8976	0.8976	0.8976	0.8396	0.8976	0.8976	0.8976	0.8976	0.8976	0.8976	0.8976	0.8976	0.8976	0.8976	0.8976	0.8976	0.8976	0.8976	0.8976	0.8976	0.8976	0.8976	0.8976	0.8976	0.8976	0.8976	0.8976	0.8976	0.8976	0.8976	0.8976	0.8976	0.8976	0.8976	0.8976	0.8976	0.8976	0.8976	0.8976	0.8976	0.8976	0.8976	0.8976	0.8976	0.8976	0.8976	0.8976	0.8976	0.8976	0.8976	0.8976	0.8976	0.8976	0.8976	0.8976	0.8976	0.8976	0.8976	0.8976	0.8976	0.8976	0.8976	0.8976	0.8976	0.8976	0.8976	0.8976	0.8976	0.8976	0.8976	0.8976	0.8976	0.8976	0.8976	0.8976	0.8976	0.8834	0.8976	0.8396	0.8396	0.8396	0.8396	0.8396	0.8396	0.8396	0.8396	0.8396	0.8396	0.8396	0.8396	0.8396	0.8396	0.8396	0.8396	0.8396	0.8396	0.8396	0.8396	0.8396	0.8396	0.8396	0.8396	0.8396	0.8396	0.8396	0.8396	0.8396	0.8396	0.8396	0.8396	0.8396	0.8396	0.8396	0.8396	0.8834	0.8396	0.8396	0.8396	0.8396	0.8396	0.8396	0.8396	0.8396	0.8396	0.8396	0.8396	0.8396	0.8396	0.8396	0.8396	0.8396	0.8396	0.8396	0.8396	0.8396	0.8396	0.8396	0.8396	0.8396	0.8396	0.8396	0.8396	0.8396	0.8396	0.8396	0.8396	0.8396	0.8396	0.8396	0.8396	0.8396	0.8396	0.8396	0.8396	0.8396	0.8396	0.8396	0.8396	0.8396	0.8396	0.8396	0.8396	0.8396	0.8396	0.8396	0.8396	0.8396	0.8396	0.8396	0.8396	0.8396	0.8396	0.8396	0.8396	0.8396	0.8396	0.8396	0.8396	0.8396	0.8396	0.8396	0.8396	0.8396	0.8396	0.8396	0.8396	0.8396	0.8396	0.8396	0.8396	0.8396	0.8396	0.8396	0.8396	0.8396	0.8396	0.8396	0.8396	0.8396	0.8396	0.8396	0.8396	0.8396	0.8396	0.8396	0.8396	0.8396	0.8396	0.8396	0.8396	0.8396	0.8396	0.8396	0.8396	0.8396	0.8396	0.8396	0.8396	0.8396	0.8396	0.8396	0.8396	0.8396	0.8396	0.8396	0.8396	0.8396	0.8396	0.8396	0.8396	0.8396	0.8396	0.8396	0.8396	0.8396	0.8396	0.8396	0.8396	0.8396	0.8396	0.8396	0.8396	0.8396	0.8396	0.8396	0.8396	0.8396	0.8396	0.8396	0.8396	0.8396	0.8396	0.8396	0.8396	0.8284	0.8284	0.8284	0.8284	0.8284	0.8284	0.8284	0.8284	0.8284	0.8284	0.8284	0.8284	0.8284	0.8284
55	0.0148	0.0148	0.0148	0.0148	0.0148	0.0148	0.0148	0.0148	0.0148	0.0148	0.0148	0.0148	0.0148	0.0148	0.0148	0.0148	0.0148	0.0148	0.0148	0.0148	0.0148	0.0148	0.0148	0.0148	0.0148	0.0132	0.0132	0.0132	0.0132	0.0132	0.0132	0.0132	0.0132	0.0132	0.0132	0.0132	0.0132	0.0132	0.0132	0.0132	0.0132	0.0132	0.0132	0.0132	0.0132	0.0132	0.0132	0.0132	0.0132	0.0132	0.0132	0.0132	0.0132	0.0132	0.0132	0.0132	0.0132	0.0132	0.0132	0.0132	0.0132	0.0132	0.0132	0.0132	0.0132	0.0132	0.0132	0.0132	0.0132	0.0132	0.0132	0.0132	0.0132	0.0132	0.0132	0.0132	0.0132	0.0132	0.0132	0.0132	0.0132	0.0132	0.0132	0.0132	0.0132	0.0132	0.0132	0.0132	0.0132	0.0132	0.0132	0.0132	0.0132	0.0132	0.0132	0.0132	0.0132	0.0132	0.0132	0.0132	0.0132	0.0132	0.0132	0.0132	0.0132	0.0132	0.0132	0.0132	0.0132	0.0132	0.0132	0.0132	0.0132	0.0132	0.0132	0.0132	0.0132	0.0132	0.0132	0.0132	0.0132	0.0132	0.0132	0.0132	0.0132	0.0132	0.0132	0.0132	0.0132	0.0132	0.0132	0.0132	0.0132	0.0132	0.0132	0.0132	0.0132	0.0132	0.0132	0.0132	0.0132	0.0132	0.9502	0.9502	0.9502	0.9502	0.9502	0.9502	0.9502	0.9502	0.9502	0.9502	0.9502	0.9502	0.9502	0.9502	0.9502	0.9502	0.9502	0.9502	0.9502	0.9502	0.9502	0.9502	0.9502	0.9502	0.9502	0.9502	0.9502	0.9502	0.9502	0.9502	0.9502	0.9502	0.9502	0.9502	0.9502	0.9502	0.9502	0.9502	0.9502	0.9502	0.9502	0.9502	0.9502	0.9502	0.9502	0.9502	0.9502	0.9502	0.9502	0.9502	0.9502	0.9502	0.9502	0.9502	0.9502	0.9502	0.9502	0.9502	0.9502	0.9502	0.9502	0.9502	0.9502	0.9502	0.9502	0.9502	0.9502	0.9502	0.9502	0.9502	0.9502	0.9502	0.9502	0.9502	0.9502	0.9502	0.9502	0.9502	0.9502	0.9502	0.9502	0.9502	0.9502	0.9502	0.9502	0.9502	0.9502	0.9502	0.9502	0.9502	0.9502	0.9502	0.9502	0.9502	0.013	0.013	0.013	0.013	0.013	0.013	0.013	0.013	0.013	0.013	0.013	0.013	0.013	0.013	0.013	0.013	0.013	0.013	0.013	0.013	0.013	0.013	0.013	0.013	0.013	0.013	0.013	0.013	0.013	0.013	0.013	0.013	0.013	0.013	0.013	0.013	0.013	0.013	0.013	0.013	0.013	0.013	0.013	0.013	0.013	0.013	0.013	0.013	0.013	0.013	0.013	0.013	0.013	0.013	0.013	0.013	0.013	0.013	0.013	0.013	0.013	0.013	0.013	0.013	0.013	0.013	0.013	0.013	0.013	0.013	0.013	0.013	0.013	0.013	0.013	0.013	0.013	0.013	0.013	0.013	0.013	0.013	0.013	0.013	0.013	0.013	0.013	0.013	0.013	0.013	0.013	0.013	0.013	0.013	0.9317	0.9317	0.9317	0.9317	0.9317	0.9599	0.9317	0.9317	0.9317	0.9317	0.9317	0.9317	0.9317	0.9317	0.9317	0.9317	0.9317	0.9317	0.9317	0.9317	0.9317	0.9317	0.9317	0.9317	0.9317	0.9317	0.9317	0.9317	0.9317	0.9317	0.9317	0.9317	0.9317	0.9317	0.9317	0.9317	0.9317	0.9317	0.9317	0.9317	0.9317	0.9317	0.9317	0.9317	0.9317	0.9317	0.9317	0.9317	0.9317	0.9317	0.9317	0.9317	0.9317	0.9317	0.9317	0.9317	0.9317	0.9317	0.9317	0.9317	0.9317	0.9317	0.9317	0.9317	0.9317	0.9317	0.9317	0.9317	0.9317	0.9317	0.9317	0.9317	0.9317	0.9317	0.9317	0.9317	0.9317	0.9317	0.9558	0.9317	0.9599	0.9599	0.9599	0.9599	0.9599	0.9599	0.9599	0.9599	0.9599	0.9599	0.9599	0.9599	0.9599	0.9599	0.9599	0.9599	0.9599	0.9599	0.9599	0.9599	0.9599	0.9599	0.9599	0.9599	0.9599	0.9599	0.9599	0.9599	0.9599	0.9599	0.9599	0.9599	0.9599	0.9599	0.9599	0.9599	0.9558	0.9599	0.9599	0.9599	0.9599	0.9599	0.9599	0.9599	0.9599	0.9599	0.9599	0.9599	0.9599	0.9599	0.9599	0.9599	0.9599	0.9599	0.9599	0.9599	0.9599	0.9599	0.9599	0.9599	0.9599	0.9599	0.9599	0.9599	0.9599	0.9599	0.9599	0.9599	0.9599	0.9599	0.9599	0.9599	0.9599	0.9599	0.9599	0.9599	0.9599	0.9599	0.9599	0.9599	0.9599	0.9599	0.9599	0.9599	0.9599	0.9599	0.9599	0.9599	0.9599	0.9599	0.9599	0.9599	0.9599	0.9599	0.9599	0.9599	0.9599	0.9599	0.9599	0.9599	0.9599	0.9599	0.9599	0.9599	0.9599	0.9599	0.9599	0.9599	0.9599	0.9599	0.9599	0.9599	0.9599	0.9599	0.9599	0.9599	0.9599	0.9599	0.9599	0.9599	0.9599	0.9599	0.9599	0.9599	0.9599	0.9599	0.9599	0.9599	0.9599	0.9599	0.9599	0.9599	0.9599	0.9599	0.9599	0.9599	0.9599	0.9599	0.9599	0.9599	0.9599	0.9599	0.9599	0.9599	0.9599	0.9599	0.9599	0.9599	0.9599	0.9599	0.9599	0.9599	0.9599	0.9599	0.9599	0.9599	0.9599	0.9599	0.9599	0.9599	0.9599	0.9599	0.9599	0.9599	0.9599	0.9599	0.9599	0.9599	0.9599	0.9599	0.9599	0.9599	0.9599	0.9599	0.9599	0.9599	0.9526	0.9526	0.9526	0.9526	0.9526	0.9526	0.9526	0.9526	0.9526	0.9526	0.9526	0.9526	0.9526	0.9526
56	0.1434	0.1434	0.1434	0.1434	0.1434	0.1434	0.1434	0.1434	0.1434	0.1434	0.1434	0.1434	0.1434	0.1434	0.1434	0.1434	0.1434	0.1434	0.1434	0.1434	0.1434	0.1434	0.1434	0.1434	0.1434	0.0026	0.0026	0.0026	0.0026	0.0026	0.0026	0.0026	0.0026	0.0026	0.0026	0.0026	0.0026	0.0026	0.0026	0.0026	0.0026	0.0026	0.0026	0.0026	0.0026	0.0026	0.0026	0.0026	0.0026	0.0026	0.0026	0.0026	0.0026	0.0026	0.0026	0.0026	0.0026	0.0026	0.0026	0.0026	0.0026	0.0026	0.0026	0.0026	0.0026	0.0026	0.0026	0.0026	0.0026	0.0026	0.0026	0.0026	0.0026	0.0026	0.0026	0.0026	0.0026	0.0026	0.0026	0.0026	0.0026	0.0026	0.0026	0.0026	0.0026	0.0026	0.0026	0.0026	0.0026	0.0026	0.0026	0.0026	0.0026	0.0026	0.0026	0.0026	0.0026	0.0026	0.0026	0.0026	0.0026	0.0026	0.0026	0.0026	0.0026	0.0026	0.0026	0.0026	0.0026	0.0026	0.0026	0.0026	0.0026	0.0026	0.0026	0.0026	0.0026	0.0026	0.0026	0.0026	0.0026	0.0026	0.0026	0.0026	0.0026	0.0026	0.0026	0.0026	0.0026	0.0026	0.0026	0.0026	0.0026	0.0026	0.0026	0.0026	0.0026	0.0026	0.0026	0.0026	0.0026	0.0026	0.0272	0.0272	0.0272	0.0272	0.0272	0.0272	0.0272	0.0272	0.0272	0.0272	0.0272	0.0272	0.0272	0.0272	0.0272	0.0272	0.0272	0.0272	0.0272	0.0272	0.0272	0.0272	0.0272	0.0272	0.0272	0.0272	0.0272	0.0272	0.0272	0.0272	0.0272	0.0272	0.0272	0.0272	0.0272	0.0272	0.0272	0.0272	0.0272	0.0272	0.0272	0.0272	0.0272	0.0272	0.0272	0.0272	0.0272	0.0272	0.0272	0.0272	0.0272	0.0272	0.0272	0.0272	0.0272	0.0272	0.0272	0.0272	0.0272	0.0272	0.0272	0.0272	0.0272	0.0272	0.0272	0.0272	0.0272	0.0272	0.0272	0.0272	0.0272	0.0272	0.0272	0.0272	0.0272	0.0272	0.0272	0.0272	0.0272	0.0272	0.0272	0.0272	0.0272	0.0272	0.0272	0.0272	0.0272	0.0272	0.0272	0.0272	0.0272	0.0272	0.0272	0.0272	0.9484	0.9484	0.9484	0.9484	0.9484	0.9484	0.9484	0.9484	0.9484	0.9484	0.9484	0.9484	0.9484	0.9484	0.9484	0.9484	0.9484	0.9484	0.9484	0.9484	0.9484	0.9484	0.9484	0.9484	0.9484	0.9484	0.9484	0.9484	0.9484	0.9484	0.9484	0.9484	0.9484	0.9484	0.9484	0.9484	0.9484	0.9484	0.9484	0.9484	0.9484	0.9484	0.9484	0.9484	0.9484	0.9484	0.9484	0.9484	0.9484	0.9484	0.9484	0.9484	0.9484	0.9484	0.9484	0.9484	0.9484	0.9484	0.9484	0.9484	0.9484	0.9484	0.9484	0.9484	0.9484	0.9484	0.9484	0.9484	0.9484	0.9484	0.9484	0.9484	0.9484	0.9484	0.9484	0.9484	0.9484	0.9484	0.9484	0.9484	0.9484	0.9484	0.9484	0.9484	0.9484	0.9484	0.9484	0.9484	0.9484	0.9484	0.9484	0.9484	0.9484	0.9484	0.0613	0.0613	0.0613	0.0613	0.0613	0.0285	0.0613	0.0613	0.0613	0.0613	0.0613	0.0613	0.0613	0.0613	0.0613	0.0613	0.0613	0.0613	0.0613	0.0613	0.0613	0.0613	0.0613	0.0613	0.0613	0.0613	0.0613	0.0613	0.0613	0.0613	0.0613	0.0613	0.0613	0.0613	0.0613	0.0613	0.0613	0.0613	0.0613	0.0613	0.0613	0.0613	0.0613	0.0613	0.0613	0.0613	0.0613	0.0613	0.0613	0.0613	0.0613	0.0613	0.0613	0.0613	0.0613	0.0613	0.0613	0.0613	0.0613	0.0613	0.0613	0.0613	0.0613	0.0613	0.0613	0.0613	0.0613	0.0613	0.0613	0.0613	0.0613	0.0613	0.0613	0.0613	0.0613	0.0613	0.0613	0.0613	0.0332	0.0613	0.0285	0.0285	0.0285	0.0285	0.0285	0.0285	0.0285	0.0285	0.0285	0.0285	0.0285	0.0285	0.0285	0.0285	0.0285	0.0285	0.0285	0.0285	0.0285	0.0285	0.0285	0.0285	0.0285	0.0285	0.0285	0.0285	0.0285	0.0285	0.0285	0.0285	0.0285	0.0285	0.0285	0.0285	0.0285	0.0285	0.0332	0.0285	0.0285	0.0285	0.0285	0.0285	0.0285	0.0285	0.0285	0.0285	0.0285	0.0285	0.0285	0.0285	0.0285	0.0285	0.0285	0.0285	0.0285	0.0285	0.0285	0.0285	0.0285	0.0285	0.0285	0.0285	0.0285	0.0285	0.0285	0.0285	0.0285	0.0285	0.0285	0.0285	0.0285	0.0285	0.0285	0.0285	0.0285	0.0285	0.0285	0.0285	0.0285	0.0285	0.0285	0.0285	0.0285	0.0285	0.0285	0.0285	0.0285	0.0285	0.0285	0.0285	0.0285	0.0285	0.0285	0.0285	0.0285	0.0285	0.0285	0.0285	0.0285	0.0285	0.0285	0.0285	0.0285	0.0285	0.0285	0.0285	0.0285	0.0285	0.0285	0.0285	0.0285	0.0285	0.0285	0.0285	0.0285	0.0285	0.0285	0.0285	0.0285	0.0285	0.0285	0.0285	0.0285	0.0285	0.0285	0.0285	0.0285	0.0285	0.0285	0.0285	0.0285	0.0285	0.0285	0.0285	0.0285	0.0285	0.0285	0.0285	0.0285	0.0285	0.0285	0.0285	0.0285	0.0285	0.0285	0.0285	0.0285	0.0285	0.0285	0.0285	0.0285	0.0285	0.0285	0.0285	0.0285	0.0285	0.0285	0.0285	0.0285	0.0285	0.0285	0.0285	0.0285	0.0285	0.0285	0.0285	0.0285	0.0285	0.0285	0.0285	0.0285	0.0285	0.0285	0.0285	0.0285	0.0285	0.915	0.915	0.915	0.915	0.915	0.915	0.915	0.915	0.915	0.915	0.915	0.915	0.915	0.915
57	0.0171	0.0171	0.0171	0.0171	0.0171	0.0171	0.0171	0.0171	0.0171	0.0171	0.0171	0.0171	0.0171	0.0171	0.0171	0.0171	0.0171	0.0171	0.0171	0.0171	0.0171	0.0171	0.0171	0.0171	0.0171	0.0049	0.0049	0.0049	0.0049	0.0049	0.0049	0.0049	0.0049	0.0049	0.0049	0.0049	0.0049	0.0049	0.0049	0.0049	0.0049	0.0049	0.0049	0.0049	0.0049	0.0049	0.0049	0.0049	0.0049	0.0049	0.0049	0.0049	0.0049	0.0049	0.0049	0.0049	0.0049	0.0049	0.0049	0.0049	0.0049	0.0049	0.0049	0.0049	0.0049	0.0049	0.0049	0.0049	0.0049	0.0049	0.0049	0.0049	0.0049	0.0049	0.0049	0.0049	0.0049	0.0049	0.0049	0.0049	0.0049	0.0049	0.0049	0.0049	0.0049	0.0049	0.0049	0.0049	0.0049	0.0049	0.0049	0.0049	0.0049	0.0049	0.0049	0.0049	0.0049	0.0049	0.0049	0.0049	0.0049	0.0049	0.0049	0.0049	0.0049	0.0049	0.0049	0.0049	0.0049	0.0049	0.0049	0.0049	0.0049	0.0049	0.0049	0.0049	0.0049	0.0049	0.0049	0.0049	0.0049	0.0049	0.0049	0.0049	0.0049	0.0049	0.0049	0.0049	0.0049	0.0049	0.0049	0.0049	0.0049	0.0049	0.0049	0.0049	0.0049	0.0049	0.0049	0.0049	0.0049	0.0049	0.0154	0.0154	0.0154	0.0154	0.0154	0.0154	0.0154	0.0154	0.0154	0.0154	0.0154	0.0154	0.0154	0.0154	0.0154	0.0154	0.0154	0.0154	0.0154	0.0154	0.0154	0.0154	0.0154	0.0154	0.0154	0.0154	0.0154	0.0154	0.0154	0.0154	0.0154	0.0154	0.0154	0.0154	0.0154	0.0154	0.0154	0.0154	0.0154	0.0154	0.0154	0.0154	0.0154	0.0154	0.0154	0.0154	0.0154	0.0154	0.0154	0.0154	0.0154	0.0154	0.0154	0.0154	0.0154	0.0154	0.0154	0.0154	0.0154	0.0154	0.0154	0.0154	0.0154	0.0154	0.0154	0.0154	0.0154	0.0154	0.0154	0.0154	0.0154	0.0154	0.0154	0.0154	0.0154	0.0154	0.0154	0.0154	0.0154	0.0154	0.0154	0.0154	0.0154	0.0154	0.0154	0.0154	0.0154	0.0154	0.0154	0.0154	0.0154	0.0154	0.0154	0.0154	0.0045	0.0045	0.0045	0.0045	0.0045	0.0045	0.0045	0.0045	0.0045	0.0045	0.0045	0.0045	0.0045	0.0045	0.0045	0.0045	0.0045	0.0045	0.0045	0.0045	0.0045	0.0045	0.0045	0.0045	0.0045	0.0045	0.0045	0.0045	0.0045	0.0045	0.0045	0.0045	0.0045	0.0045	0.0045	0.0045	0.0045	0.0045	0.0045	0.0045	0.0045	0.0045	0.0045	0.0045	0.0045	0.0045	0.0045	0.0045	0.0045	0.0045	0.0045	0.0045	0.0045	0.0045	0.0045	0.0045	0.0045	0.0045	0.0045	0.0045	0.0045	0.0045	0.0045	0.0045	0.0045	0.0045	0.0045	0.0045	0.0045	0.0045	0.0045	0.0045	0.0045	0.0045	0.0045	0.0045	0.0045	0.0045	0.0045	0.0045	0.0045	0.0045	0.0045	0.0045	0.0045	0.0045	0.0045	0.0045	0.0045	0.0045	0.0045	0.0045	0.0045	0.0045	0.9765	0.9765	0.9765	0.9765	0.9765	0.0126	0.9765	0.9765	0.9765	0.9765	0.9765	0.9765	0.9765	0.9765	0.9765	0.9765	0.9765	0.9765	0.9765	0.9765	0.9765	0.9765	0.9765	0.9765	0.9765	0.9765	0.9765	0.9765	0.9765	0.9765	0.9765	0.9765	0.9765	0.9765	0.9765	0.9765	0.9765	0.9765	0.9765	0.9765	0.9765	0.9765	0.9765	0.9765	0.9765	0.9765	0.9765	0.9765	0.9765	0.9765	0.9765	0.9765	0.9765	0.9765	0.9765	0.9765	0.9765	0.9765	0.9765	0.9765	0.9765	0.9765	0.9765	0.9765	0.9765	0.9765	0.9765	0.9765	0.9765	0.9765	0.9765	0.9765	0.9765	0.9765	0.9765	0.9765	0.9765	0.9765	0.4703	0.9765	0.0126	0.0126	0.0126	0.0126	0.0126	0.0126	0.0126	0.0126	0.0126	0.0126	0.0126	0.0126	0.0126	0.0126	0.0126	0.0126	0.0126	0.0126	0.0126	0.0126	0.0126	0.0126	0.0126	0.0126	0.0126	0.0126	0.0126	0.0126	0.0126	0.0126	0.0126	0.0126	0.0126	0.0126	0.0126	0.0126	0.4703	0.0126	0.0126	0.0126	0.0126	0.0126	0.0126	0.0126	0.0126	0.0126	0.0126	0.0126	0.0126	0.0126	0.0126	0.0126	0.0126	0.0126	0.0126	0.0126	0.0126	0.0126	0.0126	0.0126	0.0126	0.0126	0.0126	0.0126	0.0126	0.0126	0.0126	0.0126	0.0126	0.0126	0.0126	0.0126	0.0126	0.0126	0.0126	0.0126	0.0126	0.0126	0.0126	0.0126	0.0126	0.0126	0.0126	0.0126	0.0126	0.0126	0.0126	0.0126	0.0126	0.0126	0.0126	0.0126	0.0126	0.0126	0.0126	0.0126	0.0126	0.0126	0.0126	0.0126	0.0126	0.0126	0.0126	0.0126	0.0126	0.0126	0.0126	0.0126	0.0126	0.0126	0.0126	0.0126	0.0126	0.0126	0.0126	0.0126	0.0126	0.0126	0.0126	0.0126	0.0126	0.0126	0.0126	0.0126	0.0126	0.0126	0.0126	0.0126	0.0126	0.0126	0.0126	0.0126	0.0126	0.0126	0.0126	0.0126	0.0126	0.0126	0.0126	0.0126	0.0126	0.0126	0.0126	0.0126	0.0126	0.0126	0.0126	0.0126	0.0126	0.0126	0.0126	0.0126	0.0126	0.0126	0.0126	0.0126	0.0126	0.0126	0.0126	0.0126	0.0126	0.0126	0.0126	0.0126	0.0126	0.0126	0.0126	0.0126	0.0126	0.0126	0.0126	0.0126	0.0126	0.0126	0.0126	0.0126	0.9087	0.9087	0.9087	0.9087	0.9087	0.9087	0.9087	0.9087	0.9087	0.9087	0.9087	0.9087	0.9087	0.9087
58	0.0224	0.0224	0.0224	0.0224	0.0224	0.0224	0.0224	0.0224	0.0224	0.0224	0.0224	0.0224	0.0224	0.0224	0.0224	0.0224	0.0224	0.0224	0.0224	0.0224	0.0224	0.0224	0.0224	0.0224	0.0224	0.0238	0.0238	0.0238	0.0238	0.0238	0.0238	0.0238	0.0238	0.0238	0.0238	0.0238	0.0238	0.0238	0.0238	0.0238	0.0238	0.0238	0.0238	0.0238	0.0238	0.0238	0.0238	0.0238	0.0238	0.0238	0.0238	0.0238	0.0238	0.0238	0.0238	0.0238	0.0238	0.0238	0.0238	0.0238	0.0238	0.0238	0.0238	0.0238	0.0238	0.0238	0.0238	0.0238	0.0238	0.0238	0.0238	0.0238	0.0238	0.0238	0.0238	0.0238	0.0238	0.0238	0.0238	0.0238	0.0238	0.0238	0.0238	0.0238	0.0238	0.0238	0.0238	0.0238	0.0238	0.0238	0.0238	0.0238	0.0238	0.0238	0.0238	0.0238	0.0238	0.0238	0.0238	0.0238	0.0238	0.0238	0.0238	0.0238	0.0238	0.0238	0.0238	0.0238	0.0238	0.0238	0.0238	0.0238	0.0238	0.0238	0.0238	0.0238	0.0238	0.0238	0.0238	0.0238	0.0238	0.0238	0.0238	0.0238	0.0238	0.0238	0.0238	0.0238	0.0238	0.0238	0.0238	0.0238	0.0238	0.0238	0.0238	0.0238	0.0238	0.0238	0.0238	0.0238	0.0238	0.0238	0.9155	0.9155	0.9155	0.9155	0.9155	0.9155	0.9155	0.9155	0.9155	0.9155	0.9155	0.9155	0.9155	0.9155	0.9155	0.9155	0.9155	0.9155	0.9155	0.9155	0.9155	0.9155	0.9155	0.9155	0.9155	0.9155	0.9155	0.9155	0.9155	0.9155	0.9155	0.9155	0.9155	0.9155	0.9155	0.9155	0.9155	0.9155	0.9155	0.9155	0.9155	0.9155	0.9155	0.9155	0.9155	0.9155	0.9155	0.9155	0.9155	0.9155	0.9155	0.9155	0.9155	0.9155	0.9155	0.9155	0.9155	0.9155	0.9155	0.9155	0.9155	0.9155	0.9155	0.9155	0.9155	0.9155	0.9155	0.9155	0.9155	0.9155	0.9155	0.9155	0.9155	0.9155	0.9155	0.9155	0.9155	0.9155	0.9155	0.9155	0.9155	0.9155	0.9155	0.9155	0.9155	0.9155	0.9155	0.9155	0.9155	0.9155	0.9155	0.9155	0.9155	0.9155	0.0056	0.0056	0.0056	0.0056	0.0056	0.0056	0.0056	0.0056	0.0056	0.0056	0.0056	0.0056	0.0056	0.0056	0.0056	0.0056	0.0056	0.0056	0.0056	0.0056	0.0056	0.0056	0.0056	0.0056	0.0056	0.0056	0.0056	0.0056	0.0056	0.0056	0.0056	0.0056	0.0056	0.0056	0.0056	0.0056	0.0056	0.0056	0.0056	0.0056	0.0056	0.0056	0.0056	0.0056	0.0056	0.0056	0.0056	0.0056	0.0056	0.0056	0.0056	0.0056	0.0056	0.0056	0.0056	0.0056	0.0056	0.0056	0.0056	0.0056	0.0056	0.0056	0.0056	0.0056	0.0056	0.0056	0.0056	0.0056	0.0056	0.0056	0.0056	0.0056	0.0056	0.0056	0.0056	0.0056	0.0056	0.0056	0.0056	0.0056	0.0056	0.0056	0.0056	0.0056	0.0056	0.0056	0.0056	0.0056	0.0056	0.0056	0.0056	0.0056	0.0056	0.0056	0.0077	0.0077	0.0077	0.0077	0.0077	0.0073	0.0077	0.0077	0.0077	0.0077	0.0077	0.0077	0.0077	0.0077	0.0077	0.0077	0.0077	0.0077	0.0077	0.0077	0.0077	0.0077	0.0077	0.0077	0.0077	0.0077	0.0077	0.0077	0.0077	0.0077	0.0077	0.0077	0.0077	0.0077	0.0077	0.0077	0.0077	0.0077	0.0077	0.0077	0.0077	0.0077	0.0077	0.0077	0.0077	0.0077	0.0077	0.0077	0.0077	0.0077	0.0077	0.0077	0.0077	0.0077	0.0077	0.0077	0.0077	0.0077	0.0077	0.0077	0.0077	0.0077	0.0077	0.0077	0.0077	0.0077	0.0077	0.0077	0.0077	0.0077	0.0077	0.0077	0.0077	0.0077	0.0077	0.0077	0.0077	0.0077	0.0067	0.0077	0.0073	0.0073	0.0073	0.0073	0.0073	0.0073	0.0073	0.0073	0.0073	0.0073	0.0073	0.0073	0.0073	0.0073	0.0073	0.0073	0.0073	0.0073	0.0073	0.0073	0.0073	0.0073	0.0073	0.0073	0.0073	0.0073	0.0073	0.0073	0.0073	0.0073	0.0073	0.0073	0.0073	0.0073	0.0073	0.0073	0.0067	0.0073	0.0073	0.0073	0.0073	0.0073	0.0073	0.0073	0.0073	0.0073	0.0073	0.0073	0.0073	0.0073	0.0073	0.0073	0.0073	0.0073	0.0073	0.0073	0.0073	0.0073	0.0073	0.0073	0.0073	0.0073	0.0073	0.0073	0.0073	0.0073	0.0073	0.0073	0.0073	0.0073	0.0073	0.0073	0.0073	0.0073	0.0073	0.0073	0.0073	0.0073	0.0073	0.0073	0.0073	0.0073	0.0073	0.0073	0.0073	0.0073	0.0073	0.0073	0.0073	0.0073	0.0073	0.0073	0.0073	0.0073	0.0073	0.0073	0.0073	0.0073	0.0073	0.0073	0.0073	0.0073	0.0073	0.0073	0.0073	0.0073	0.0073	0.0073	0.0073	0.0073	0.0073	0.0073	0.0073	0.0073	0.0073	0.0073	0.0073	0.0073	0.0073	0.0073	0.0073	0.0073	0.0073	0.0073	0.0073	0.0073	0.0073	0.0073	0.0073	0.0073	0.0073	0.0073	0.0073	0.0073	0.0073	0.0073	0.0073	0.0073	0.0073	0.0073	0.0073	0.0073	0.0073	0.0073	0.0073	0.0073	0.0073	0.0073	0.0073	0.0073	0.0073	0.0073	0.0073	0.0073	0.0073	0.0073	0.0073	0.0073	0.0073	0.0073	0.0073	0.0073	0.0073	0.0073	0.0073	0.0073	0.0073	0.0073	0.0073	0.0073	0.0073	0.0073	0.0073	0.0073	0.0073	0.0073	0.9105	0.9105	0.9105	0.9105	0.9105	0.9105	0.9105	0.9105	0.9105	0.9105	0.9105	0.9105	0.9105	0.9105
59	0.9469	0.9469	0.9469	0.9469	0.9469	0.9469	0.9469	0.9469	0.9469	0.9469	0.9469	0.9469	0.9469	0.9469	0.9469	0.9469	0.9469	0.9469	0.9469	0.9469	0.9469	0.9469	0.9469	0.9469	0.9469	0.0109	0.0109	0.0109	0.0109	0.0109	0.0109	0.0109	0.0109	0.0109	0.0109	0.0109	0.0109	0.0109	0.0109	0.0109	0.0109	0.0109	0.0109	0.0109	0.0109	0.0109	0.0109	0.0109	0.0109	0.0109	0.0109	0.0109	0.0109	0.0109	0.0109	0.0109	0.0109	0.0109	0.0109	0.0109	0.0109	0.0109	0.0109	0.0109	0.0109	0.0109	0.0109	0.0109	0.0109	0.0109	0.0109	0.0109	0.0109	0.0109	0.0109	0.0109	0.0109	0.0109	0.0109	0.0109	0.0109	0.0109	0.0109	0.0109	0.0109	0.0109	0.0109	0.0109	0.0109	0.0109	0.0109	0.0109	0.0109	0.0109	0.0109	0.0109	0.0109	0.0109	0.0109	0.0109	0.0109	0.0109	0.0109	0.0109	0.0109	0.0109	0.0109	0.0109	0.0109	0.0109	0.0109	0.0109	0.0109	0.0109	0.0109	0.0109	0.0109	0.0109	0.0109	0.0109	0.0109	0.0109	0.0109	0.0109	0.0109	0.0109	0.0109	0.0109	0.0109	0.0109	0.0109	0.0109	0.0109	0.0109	0.0109	0.0109	0.0109	0.0109	0.0109	0.0109	0.0109	0.0109	0.0045	0.0045	0.0045	0.0045	0.0045	0.0045	0.0045	0.0045	0.0045	0.0045	0.0045	0.0045	0.0045	0.0045	0.0045	0.0045	0.0045	0.0045	0.0045	0.0045	0.0045	0.0045	0.0045	0.0045	0.0045	0.0045	0.0045	0.0045	0.0045	0.0045	0.0045	0.0045	0.0045	0.0045	0.0045	0.0045	0.0045	0.0045	0.0045	0.0045	0.0045	0.0045	0.0045	0.0045	0.0045	0.0045	0.0045	0.0045	0.0045	0.0045	0.0045	0.0045	0.0045	0.0045	0.0045	0.0045	0.0045	0.0045	0.0045	0.0045	0.0045	0.0045	0.0045	0.0045	0.0045	0.0045	0.0045	0.0045	0.0045	0.0045	0.0045	0.0045	0.0045	0.0045	0.0045	0.0045	0.0045	0.0045	0.0045	0.0045	0.0045	0.0045	0.0045	0.0045	0.0045	0.0045	0.0045	0.0045	0.0045	0.0045	0.0045	0.0045	0.0045	0.0045	0.0254	0.0254	0.0254	0.0254	0.0254	0.0254	0.0254	0.0254	0.0254	0.0254	0.0254	0.0254	0.0254	0.0254	0.0254	0.0254	0.0254	0.0254	0.0254	0.0254	0.0254	0.0254	0.0254	0.0254	0.0254	0.0254	0.0254	0.0254	0.0254	0.0254	0.0254	0.0254	0.0254	0.0254	0.0254	0.0254	0.0254	0.0254	0.0254	0.0254	0.0254	0.0254	0.0254	0.0254	0.0254	0.0254	0.0254	0.0254	0.0254	0.0254	0.0254	0.0254	0.0254	0.0254	0.0254	0.0254	0.0254	0.0254	0.0254	0.0254	0.0254	0.0254	0.0254	0.0254	0.0254	0.0254	0.0254	0.0254	0.0254	0.0254	0.0254	0.0254	0.0254	0.0254	0.0254	0.0254	0.0254	0.0254	0.0254	0.0254	0.0254	0.0254	0.0254	0.0254	0.0254	0.0254	0.0254	0.0254	0.0254	0.0254	0.0254	0.0254	0.0254	0.0254	0.9483	0.9483	0.9483	0.9483	0.9483	0.9229	0.9483	0.9483	0.9483	0.9483	0.9483	0.9483	0.9483	0.9483	0.9483	0.9483	0.9483	0.9483	0.9483	0.9483	0.9483	0.9483	0.9483	0.9483	0.9483	0.9483	0.9483	0.9483	0.9483	0.9483	0.9483	0.9483	0.9483	0.9483	0.9483	0.9483	0.9483	0.9483	0.9483	0.9483	0.9483	0.9483	0.9483	0.9483	0.9483	0.9483	0.9483	0.9483	0.9483	0.9483	0.9483	0.9483	0.9483	0.9483	0.9483	0.9483	0.9483	0.9483	0.9483	0.9483	0.9483	0.9483	0.9483	0.9483	0.9483	0.9483	0.9483	0.9483	0.9483	0.9483	0.9483	0.9483	0.9483	0.9483	0.9483	0.9483	0.9483	0.9483	0.923	0.9483	0.9229	0.9229	0.9229	0.9229	0.9229	0.9229	0.9229	0.9229	0.9229	0.9229	0.9229	0.9229	0.9229	0.9229	0.9229	0.9229	0.9229	0.9229	0.9229	0.9229	0.9229	0.9229	0.9229	0.9229	0.9229	0.9229	0.9229	0.9229	0.9229	0.9229	0.9229	0.9229	0.9229	0.9229	0.9229	0.9229	0.923	0.9229	0.9229	0.9229	0.9229	0.9229	0.9229	0.9229	0.9229	0.9229	0.9229	0.9229	0.9229	0.9229	0.9229	0.9229	0.9229	0.9229	0.9229	0.9229	0.9229	0.9229	0.9229	0.9229	0.9229	0.9229	0.9229	0.9229	0.9229	0.9229	0.9229	0.9229	0.9229	0.9229	0.9229	0.9229	0.9229	0.9229	0.9229	0.9229	0.9229	0.9229	0.9229	0.9229	0.9229	0.9229	0.9229	0.9229	0.9229	0.9229	0.9229	0.9229	0.9229	0.9229	0.9229	0.9229	0.9229	0.9229	0.9229	0.9229	0.9229	0.9229	0.9229	0.9229	0.9229	0.9229	0.9229	0.9229	0.9229	0.9229	0.9229	0.9229	0.9229	0.9229	0.9229	0.9229	0.9229	0.9229	0.9229	0.9229	0.9229	0.9229	0.9229	0.9229	0.9229	0.9229	0.9229	0.9229	0.9229	0.9229	0.9229	0.9229	0.9229	0.9229	0.9229	0.9229	0.9229	0.9229	0.9229	0.9229	0.9229	0.9229	0.9229	0.9229	0.9229	0.9229	0.9229	0.9229	0.9229	0.9229	0.9229	0.9229	0.9229	0.9229	0.9229	0.9229	0.9229	0.9229	0.9229	0.9229	0.9229	0.9229	0.9229	0.9229	0.9229	0.9229	0.9229	0.9229	0.9229	0.9229	0.9229	0.9229	0.9229	0.9229	0.9229	0.9229	0.9229	0.9229	0.9229	0.9229	0.9607	0.9607	0.9607	0.9607	0.9607	0.9607	0.9607	0.9607	0.9607	0.9607	0.9607	0.9607	0.9607	0.9607
60	0.0097	0.0097	0.0097	0.0097	0.0097	0.0097	0.0097	0.0097	0.0097	0.0097	0.0097	0.0097	0.0097	0.0097	0.0097	0.0097	0.0097	0.0097	0.0097	0.0097	0.0097	0.0097	0.0097	0.0097	0.0097	0.8637	0.8637	0.8637	0.8637	0.8637	0.8637	0.8637	0.8637	0.8637	0.8637	0.8637	0.8637	0.8637	0.8637	0.8637	0.8637	0.8637	0.8637	0.8637	0.8637	0.8637	0.8637	0.8637	0.8637	0.8637	0.8637	0.8637	0.8637	0.8637	0.8637	0.8637	0.8637	0.8637	0.8637	0.8637	0.8637	0.8637	0.8637	0.8637	0.8637	0.8637	0.8637	0.8637	0.8637	0.8637	0.8637	0.8637	0.8637	0.8637	0.8637	0.8637	0.8637	0.8637	0.8637	0.8637	0.8637	0.8637	0.8637	0.8637	0.8637	0.8637	0.8637	0.8637	0.8637	0.8637	0.8637	0.8637	0.8637	0.8637	0.8637	0.8637	0.8637	0.8637	0.8637	0.8637	0.8637	0.8637	0.8637	0.8637	0.8637	0.8637	0.8637	0.8637	0.8637	0.8637	0.8637	0.8637	0.8637	0.8637	0.8637	0.8637	0.8637	0.8637	0.8637	0.8637	0.8637	0.8637	0.8637	0.8637	0.8637	0.8637	0.8637	0.8637	0.8637	0.8637	0.8637	0.8637	0.8637	0.8637	0.8637	0.8637	0.8637	0.8637	0.8637	0.8637	0.8637	0.8637	0.0134	0.0134	0.0134	0.0134	0.0134	0.0134	0.0134	0.0134	0.0134	0.0134	0.0134	0.0134	0.0134	0.0134	0.0134	0.0134	0.0134	0.0134	0.0134	0.0134	0.0134	0.0134	0.0134	0.0134	0.0134	0.0134	0.0134	0.0134	0.0134	0.0134	0.0134	0.0134	0.0134	0.0134	0.0134	0.0134	0.0134	0.0134	0.0134	0.0134	0.0134	0.0134	0.0134	0.0134	0.0134	0.0134	0.0134	0.0134	0.0134	0.0134	0.0134	0.0134	0.0134	0.0134	0.0134	0.0134	0.0134	0.0134	0.0134	0.0134	0.0134	0.0134	0.0134	0.0134	0.0134	0.0134	0.0134	0.0134	0.0134	0.0134	0.0134	0.0134	0.0134	0.0134	0.0134	0.0134	0.0134	0.0134	0.0134	0.0134	0.0134	0.0134	0.0134	0.0134	0.0134	0.0134	0.0134	0.0134	0.0134	0.0134	0.0134	0.0134	0.0134	0.0134	0.0145	0.0145	0.0145	0.0145	0.0145	0.0145	0.0145	0.0145	0.0145	0.0145	0.0145	0.0145	0.0145	0.0145	0.0145	0.0145	0.0145	0.0145	0.0145	0.0145	0.0145	0.0145	0.0145	0.0145	0.0145	0.0145	0.0145	0.0145	0.0145	0.0145	0.0145	0.0145	0.0145	0.0145	0.0145	0.0145	0.0145	0.0145	0.0145	0.0145	0.0145	0.0145	0.0145	0.0145	0.0145	0.0145	0.0145	0.0145	0.0145	0.0145	0.0145	0.0145	0.0145	0.0145	0.0145	0.0145	0.0145	0.0145	0.0145	0.0145	0.0145	0.0145	0.0145	0.0145	0.0145	0.0145	0.0145	0.0145	0.0145	0.0145	0.0145	0.0145	0.0145	0.0145	0.0145	0.0145	0.0145	0.0145	0.0145	0.0145	0.0145	0.0145	0.0145	0.0145	0.0145	0.0145	0.0145	0.0145	0.0145	0.0145	0.0145	0.0145	0.0145	0.0145	0.9622	0.9622	0.9622	0.9622	0.9622	0.0203	0.9622	0.9622	0.9622	0.9622	0.9622	0.9622	0.9622	0.9622	0.9622	0.9622	0.9622	0.9622	0.9622	0.9622	0.9622	0.9622	0.9622	0.9622	0.9622	0.9622	0.9622	0.9622	0.9622	0.9622	0.9622	0.9622	0.9622	0.9622	0.9622	0.9622	0.9622	0.9622	0.9622	0.9622	0.9622	0.9622	0.9622	0.9622	0.9622	0.9622	0.9622	0.9622	0.9622	0.9622	0.9622	0.9622	0.9622	0.9622	0.9622	0.9622	0.9622	0.9622	0.9622	0.9622	0.9622	0.9622	0.9622	0.9622	0.9622	0.9622	0.9622	0.9622	0.9622	0.9622	0.9622	0.9622	0.9622	0.9622	0.9622	0.9622	0.9622	0.9622	0.4367	0.9622	0.0203	0.0203	0.0203	0.0203	0.0203	0.0203	0.0203	0.0203	0.0203	0.0203	0.0203	0.0203	0.0203	0.0203	0.0203	0.0203	0.0203	0.0203	0.0203	0.0203	0.0203	0.0203	0.0203	0.0203	0.0203	0.0203	0.0203	0.0203	0.0203	0.0203	0.0203	0.0203	0.0203	0.0203	0.0203	0.0203	0.4367	0.0203	0.0203	0.0203	0.0203	0.0203	0.0203	0.0203	0.0203	0.0203	0.0203	0.0203	0.0203	0.0203	0.0203	0.0203	0.0203	0.0203	0.0203	0.0203	0.0203	0.0203	0.0203	0.0203	0.0203	0.0203	0.0203	0.0203	0.0203	0.0203	0.0203	0.0203	0.0203	0.0203	0.0203	0.0203	0.0203	0.0203	0.0203	0.0203	0.0203	0.0203	0.0203	0.0203	0.0203	0.0203	0.0203	0.0203	0.0203	0.0203	0.0203	0.0203	0.0203	0.0203	0.0203	0.0203	0.0203	0.0203	0.0203	0.0203	0.0203	0.0203	0.0203	0.0203	0.0203	0.0203	0.0203	0.0203	0.0203	0.0203	0.0203	0.0203	0.0203	0.0203	0.0203	0.0203	0.0203	0.0203	0.0203	0.0203	0.0203	0.0203	0.0203	0.0203	0.0203	0.0203	0.0203	0.0203	0.0203	0.0203	0.0203	0.0203	0.0203	0.0203	0.0203	0.0203	0.0203	0.0203	0.0203	0.0203	0.0203	0.0203	0.0203	0.0203	0.0203	0.0203	0.0203	0.0203	0.0203	0.0203	0.0203	0.0203	0.0203	0.0203	0.0203	0.0203	0.0203	0.0203	0.0203	0.0203	0.0203	0.0203	0.0203	0.0203	0.0203	0.0203	0.0203	0.0203	0.0203	0.0203	0.0203	0.0203	0.0203	0.0203	0.0203	0.0203	0.0203	0.0203	0.0203	0.0203	0.0373	0.0373	0.0373	0.0373	0.0373	0.0373	0.0373	0.0373	0.0373	0.0373	0.0373	0.0373	0.0373	0.0373
