	5	5	5	5	5	7	7	7	7	7	7	7	7	7	7	7	7	7	0	0	0	0	0	0	0	0	0	0	0	0	0	0	0	10	0	0	0	0	2	0	0	0	0	0	0	0	0	0	0	6	0	0	0	6	0	0	0	1	0	0	0	0	0	0	0	0	0	0	0	0	0	0	0	6	0	0	10	6	0	0	0	0	4	0	8	8	0	0	0	0	0	0	0	3	0	0	0	0	0	0	0	0	0	4	0	0	0	0	0	0	0	6	0	0	0	1	0	0	0	0	0	0	0	10	2	0	0	0	0	6	0	0	0	2	0	0	0	0	0	0	0	0	0	0	6	0	0	0	0	0	0	0	0	0	4	0	0	2	0	0	0	0	0	0	0	0	0	0	0	6	6	0	4	0	0	0	6	0	0	0	0	0	0	0	0	0	2	6	0	0	0	1	6	0	0	0	0	0	0	0	0	0	0	0	0	6	0	0	0	0	0	0	0	0	0	0	0	0	0	0	0	0	0	1	0	0	0	0	0	10	0	6	2	0	6	0	0	2	6	0	0	0	0	6	1	0	0	0	0	0	1	0	6	0	0	8	0	0	0	0	0	0	6	0	0	0	0	0	0	2	1	0	0	0	0	0	1	6	0	0	0	0	0	0	0	0	0	0	0	0	0	0	0	0	6	6	0	0	0	0	0	0	0	0	6	0	0	0	6	0	0	0	0	0	0	0	0	0	0	1	0	0	0	0	0	0	0	0	0	0	0	0	0	0	0	0	0	0	0	0	0	6	2	6	1	0	0	0	1	0	6	0	0	0	0	0	10	0	0	0	0	0	0	6	0	1	0	0	8	0	0	0	6	2	0	0	2	0	0	0	0	0	0	0	1	0	0	0	0	0	4	1	0	0	1	0	0	0	0	0	6	0	6	0	6	0	0	0	0	0	3	0	0	0	10	0	0	0	0	0	1	6	0	0	0	0	0	0	0	0	0	3	0	0	0	0	0	0	0	0	1	0	0	2	4	0	6	0	0	0	6	6	0	0	0	0	0	0	0	0	0	0	0	0	0	0	0	0	0	0	0	0	0	6	0	0	10	8	0	0	0	0	10	0	0	0	6	0	0	0	0	0	2	0	0	0	2	0	0	0	0	4	0	0	0	0	0	0	2	0	0	4	0	0	0	6	0	0	3	9	9	9	9	9	9	9	9	9	9	9	9	9	9	9	9	9	9	9	9	9	9	9	9	9	9	9	9	9	9	9	9	9	9	9	9	9	9	9	9	9	9	9	9	9	9	9	9	9	9	9	9	9	9	9	9	9	9	9	9	9	9	9	9	9	9	9	9	9	9	9	9	9	9	9	9	9	9	9	9	9
0	0.4855	0.4855	0.4855	0.4855	0.4855	0.976	0.976	0.976	0.976	0.976	0.976	0.976	0.976	0.976	0.976	0.976	0.976	0.976	0.8883	0.8883	0.8883	0.8883	0.8883	0.8883	0.8883	0.8883	0.8883	0.8883	0.8883	0.8883	0.8883	0.8883	0.8883	0.9188	0.8883	0.8883	0.8883	0.8883	0.8561	0.8883	0.8883	0.8883	0.8883	0.8883	0.8883	0.8883	0.8883	0.8883	0.8883	0.9206	0.8883	0.8883	0.8883	0.9206	0.8883	0.8883	0.8883	0.906	0.8883	0.8883	0.8883	0.8883	0.8883	0.8883	0.8883	0.8883	0.8883	0.8883	0.8883	0.8883	0.8883	0.8883	0.8883	0.9206	0.8883	0.8883	0.9188	0.9206	0.8883	0.8883	0.8883	0.8883	0.9324	0.8883	0.8266	0.8266	0.8883	0.8883	0.8883	0.8883	0.8883	0.8883	0.8883	0.9985	0.8883	0.8883	0.8883	0.8883	0.8883	0.8883	0.8883	0.8883	0.8883	0.9324	0.8883	0.8883	0.8883	0.8883	0.8883	0.8883	0.8883	0.9206	0.8883	0.8883	0.8883	0.906	0.8883	0.8883	0.8883	0.8883	0.8883	0.8883	0.8883	0.9188	0.8561	0.8883	0.8883	0.8883	0.8883	0.9206	0.8883	0.8883	0.8883	0.8561	0.8883	0.8883	0.8883	0.8883	0.8883	0.8883	0.8883	0.8883	0.8883	0.8883	0.9206	0.8883	0.8883	0.8883	0.8883	0.8883	0.8883	0.8883	0.8883	0.8883	0.9324	0.8883	0.8883	0.8561	0.8883	0.8883	0.8883	0.8883	0.8883	0.8883	0.8883	0.8883	0.8883	0.8883	0.8883	0.9206	0.9206	0.8883	0.9324	0.8883	0.8883	0.8883	0.9206	0.8883	0.8883	0.8883	0.8883	0.8883	0.8883	0.8883	0.8883	0.8883	0.8561	0.9206	0.8883	0.8883	0.8883	0.906	0.9206	0.8883	0.8883	0.8883	0.8883	0.8883	0.8883	0.8883	0.8883	0.8883	0.8883	0.8883	0.8883	0.9206	0.8883	0.8883	0.8883	0.8883	0.8883	0.8883	0.8883	0.8883	0.8883	0.8883	0.8883	0.8883	0.8883	0.8883	0.8883	0.8883	0.8883	0.906	0.8883	0.8883	0.8883	0.8883	0.8883	0.9188	0.8883	0.9206	0.8561	0.8883	0.9206	0.8883	0.8883	0.8561	0.9206	0.8883	0.8883	0.8883	0.8883	0.9206	0.906	0.8883	0.8883	0.8883	0.8883	0.8883	0.906	0.8883	0.9206	0.8883	0.8883	0.8266	0.8883	0.8883	0.8883	0.8883	0.8883	0.8883	0.9206	0.8883	0.8883	0.8883	0.8883	0.8883	0.8883	0.8561	0.906	0.8883	0.8883	0.8883	0.8883	0.8883	0.906	0.9206	0.8883	0.8883	0.8883	0.8883	0.8883	0.8883	0.8883	0.8883	0.8883	0.8883	0.8883	0.8883	0.8883	0.8883	0.8883	0.8883	0.9206	0.9206	0.8883	0.8883	0.8883	0.8883	0.8883	0.8883	0.8883	0.8883	0.9206	0.8883	0.8883	0.8883	0.9206	0.8883	0.8883	0.8883	0.8883	0.8883	0.8883	0.8883	0.8883	0.8883	0.8883	0.906	0.8883	0.8883	0.8883	0.8883	0.8883	0.8883	0.8883	0.8883	0.8883	0.8883	0.8883	0.8883	0.8883	0.8883	0.8883	0.8883	0.8883	0.8883	0.8883	0.8883	0.8883	0.9206	0.8561	0.9206	0.906	0.8883	0.8883	0.8883	0.906	0.8883	0.9206	0.8883	0.8883	0.8883	0.8883	0.8883	0.9188	0.8883	0.8883	0.8883	0.8883	0.8883	0.8883	0.9206	0.8883	0.906	0.8883	0.8883	0.8266	0.8883	0.8883	0.8883	0.9206	0.8561	0.8883	0.8883	0.8561	0.8883	0.8883	0.8883	0.8883	0.8883	0.8883	0.8883	0.906	0.8883	0.8883	0.8883	0.8883	0.8883	0.9324	0.906	0.8883	0.8883	0.906	0.8883	0.8883	0.8883	0.8883	0.8883	0.9206	0.8883	0.9206	0.8883	0.9206	0.8883	0.8883	0.8883	0.8883	0.8883	0.9985	0.8883	0.8883	0.8883	0.9188	0.8883	0.8883	0.8883	0.8883	0.8883	0.906	0.9206	0.8883	0.8883	0.8883	0.8883	0.8883	0.8883	0.8883	0.8883	0.8883	0.9985	0.8883	0.8883	0.8883	0.8883	0.8883	0.8883	0.8883	0.8883	0.906	0.8883	0.8883	0.8561	0.9324	0.8883	0.9206	0.8883	0.8883	0.8883	0.9206	0.9206	0.8883	0.8883	0.8883	0.8883	0.8883	0.8883	0.8883	0.8883	0.8883	0.8883	0.8883	0.8883	0.8883	0.8883	0.8883	0.8883	0.8883	0.8883	0.8883	0.8883	0.8883	0.9206	0.8883	0.8883	0.9188	0.8266	0.8883	0.8883	0.8883	0.8883	0.9188	0.8883	0.8883	0.8883	0.9206	0.8883	0.8883	0.8883	0.8883	0.8883	0.8561	0.8883	0.8883	0.8883	0.8561	0.8883	0.8883	0.8883	0.8883	0.9324	0.8883	0.8883	0.8883	0.8883	0.8883	0.8883	0.8561	0.8883	0.8883	0.9324	0.8883	0.8883	0.8883	0.9206	0.8883	0.8883	0.9985	0.9589	0.9589	0.9589	0.9589	0.9589	0.9589	0.9589	0.9589	0.9589	0.9589	0.9589	0.9589	0.9589	0.9589	0.9589	0.9589	0.9589	0.9589	0.9589	0.9589	0.9589	0.9589	0.9589	0.9589	0.9589	0.9589	0.9589	0.9589	0.9589	0.9589	0.9589	0.9589	0.9589	0.9589	0.9589	0.9589	0.9589	0.9589	0.9589	0.9589	0.9589	0.9589	0.9589	0.9589	0.9589	0.9589	0.9589	0.9589	0.9589	0.9589	0.9589	0.9589	0.9589	0.9589	0.9589	0.9589	0.9589	0.9589	0.9589	0.9589	0.9589	0.9589	0.9589	0.9589	0.9589	0.9589	0.9589	0.9589	0.9589	0.9589	0.9589	0.9589	0.9589	0.9589	0.9589	0.9589	0.9589	0.9589	0.9589	0.9589	0.9589
1	0.8258	0.8258	0.8258	0.8258	0.8258	0.9286	0.9286	0.9286	0.9286	0.9286	0.9286	0.9286	0.9286	0.9286	0.9286	0.9286	0.9286	0.9286	0.94	0.94	0.94	0.94	0.94	0.94	0.94	0.94	0.94	0.94	0.94	0.94	0.94	0.94	0.94	0.937	0.94	0.94	0.94	0.94	0.9393	0.94	0.94	0.94	0.94	0.94	0.94	0.94	0.94	0.94	0.94	0.9659	0.94	0.94	0.94	0.9659	0.94	0.94	0.94	0.9753	0.94	0.94	0.94	0.94	0.94	0.94	0.94	0.94	0.94	0.94	0.94	0.94	0.94	0.94	0.94	0.9659	0.94	0.94	0.937	0.9659	0.94	0.94	0.94	0.94	0.9451	0.94	0.9229	0.9229	0.94	0.94	0.94	0.94	0.94	0.94	0.94	0.7213	0.94	0.94	0.94	0.94	0.94	0.94	0.94	0.94	0.94	0.9451	0.94	0.94	0.94	0.94	0.94	0.94	0.94	0.9659	0.94	0.94	0.94	0.9753	0.94	0.94	0.94	0.94	0.94	0.94	0.94	0.937	0.9393	0.94	0.94	0.94	0.94	0.9659	0.94	0.94	0.94	0.9393	0.94	0.94	0.94	0.94	0.94	0.94	0.94	0.94	0.94	0.94	0.9659	0.94	0.94	0.94	0.94	0.94	0.94	0.94	0.94	0.94	0.9451	0.94	0.94	0.9393	0.94	0.94	0.94	0.94	0.94	0.94	0.94	0.94	0.94	0.94	0.94	0.9659	0.9659	0.94	0.9451	0.94	0.94	0.94	0.9659	0.94	0.94	0.94	0.94	0.94	0.94	0.94	0.94	0.94	0.9393	0.9659	0.94	0.94	0.94	0.9753	0.9659	0.94	0.94	0.94	0.94	0.94	0.94	0.94	0.94	0.94	0.94	0.94	0.94	0.9659	0.94	0.94	0.94	0.94	0.94	0.94	0.94	0.94	0.94	0.94	0.94	0.94	0.94	0.94	0.94	0.94	0.94	0.9753	0.94	0.94	0.94	0.94	0.94	0.937	0.94	0.9659	0.9393	0.94	0.9659	0.94	0.94	0.9393	0.9659	0.94	0.94	0.94	0.94	0.9659	0.9753	0.94	0.94	0.94	0.94	0.94	0.9753	0.94	0.9659	0.94	0.94	0.9229	0.94	0.94	0.94	0.94	0.94	0.94	0.9659	0.94	0.94	0.94	0.94	0.94	0.94	0.9393	0.9753	0.94	0.94	0.94	0.94	0.94	0.9753	0.9659	0.94	0.94	0.94	0.94	0.94	0.94	0.94	0.94	0.94	0.94	0.94	0.94	0.94	0.94	0.94	0.94	0.9659	0.9659	0.94	0.94	0.94	0.94	0.94	0.94	0.94	0.94	0.9659	0.94	0.94	0.94	0.9659	0.94	0.94	0.94	0.94	0.94	0.94	0.94	0.94	0.94	0.94	0.9753	0.94	0.94	0.94	0.94	0.94	0.94	0.94	0.94	0.94	0.94	0.94	0.94	0.94	0.94	0.94	0.94	0.94	0.94	0.94	0.94	0.94	0.9659	0.9393	0.9659	0.9753	0.94	0.94	0.94	0.9753	0.94	0.9659	0.94	0.94	0.94	0.94	0.94	0.937	0.94	0.94	0.94	0.94	0.94	0.94	0.9659	0.94	0.9753	0.94	0.94	0.9229	0.94	0.94	0.94	0.9659	0.9393	0.94	0.94	0.9393	0.94	0.94	0.94	0.94	0.94	0.94	0.94	0.9753	0.94	0.94	0.94	0.94	0.94	0.9451	0.9753	0.94	0.94	0.9753	0.94	0.94	0.94	0.94	0.94	0.9659	0.94	0.9659	0.94	0.9659	0.94	0.94	0.94	0.94	0.94	0.7213	0.94	0.94	0.94	0.937	0.94	0.94	0.94	0.94	0.94	0.9753	0.9659	0.94	0.94	0.94	0.94	0.94	0.94	0.94	0.94	0.94	0.7213	0.94	0.94	0.94	0.94	0.94	0.94	0.94	0.94	0.9753	0.94	0.94	0.9393	0.9451	0.94	0.9659	0.94	0.94	0.94	0.9659	0.9659	0.94	0.94	0.94	0.94	0.94	0.94	0.94	0.94	0.94	0.94	0.94	0.94	0.94	0.94	0.94	0.94	0.94	0.94	0.94	0.94	0.94	0.9659	0.94	0.94	0.937	0.9229	0.94	0.94	0.94	0.94	0.937	0.94	0.94	0.94	0.9659	0.94	0.94	0.94	0.94	0.94	0.9393	0.94	0.94	0.94	0.9393	0.94	0.94	0.94	0.94	0.9451	0.94	0.94	0.94	0.94	0.94	0.94	0.9393	0.94	0.94	0.9451	0.94	0.94	0.94	0.9659	0.94	0.94	0.7213	0.9775	0.9775	0.9775	0.9775	0.9775	0.9775	0.9775	0.9775	0.9775	0.9775	0.9775	0.9775	0.9775	0.9775	0.9775	0.9775	0.9775	0.9775	0.9775	0.9775	0.9775	0.9775	0.9775	0.9775	0.9775	0.9775	0.9775	0.9775	0.9775	0.9775	0.9775	0.9775	0.9775	0.9775	0.9775	0.9775	0.9775	0.9775	0.9775	0.9775	0.9775	0.9775	0.9775	0.9775	0.9775	0.9775	0.9775	0.9775	0.9775	0.9775	0.9775	0.9775	0.9775	0.9775	0.9775	0.9775	0.9775	0.9775	0.9775	0.9775	0.9775	0.9775	0.9775	0.9775	0.9775	0.9775	0.9775	0.9775	0.9775	0.9775	0.9775	0.9775	0.9775	0.9775	0.9775	0.9775	0.9775	0.9775	0.9775	0.9775	0.9775
2	0.9684	0.9684	0.9684	0.9684	0.9684	0.9156	0.9156	0.9156	0.9156	0.9156	0.9156	0.9156	0.9156	0.9156	0.9156	0.9156	0.9156	0.9156	0.905	0.905	0.905	0.905	0.905	0.905	0.905	0.905	0.905	0.905	0.905	0.905	0.905	0.905	0.905	0.946	0.905	0.905	0.905	0.905	0.9028	0.905	0.905	0.905	0.905	0.905	0.905	0.905	0.905	0.905	0.905	0.915	0.905	0.905	0.905	0.915	0.905	0.905	0.905	0.9042	0.905	0.905	0.905	0.905	0.905	0.905	0.905	0.905	0.905	0.905	0.905	0.905	0.905	0.905	0.905	0.915	0.905	0.905	0.946	0.915	0.905	0.905	0.905	0.905	0.9277	0.905	0.8777	0.8777	0.905	0.905	0.905	0.905	0.905	0.905	0.905	0.9614	0.905	0.905	0.905	0.905	0.905	0.905	0.905	0.905	0.905	0.9277	0.905	0.905	0.905	0.905	0.905	0.905	0.905	0.915	0.905	0.905	0.905	0.9042	0.905	0.905	0.905	0.905	0.905	0.905	0.905	0.946	0.9028	0.905	0.905	0.905	0.905	0.915	0.905	0.905	0.905	0.9028	0.905	0.905	0.905	0.905	0.905	0.905	0.905	0.905	0.905	0.905	0.915	0.905	0.905	0.905	0.905	0.905	0.905	0.905	0.905	0.905	0.9277	0.905	0.905	0.9028	0.905	0.905	0.905	0.905	0.905	0.905	0.905	0.905	0.905	0.905	0.905	0.915	0.915	0.905	0.9277	0.905	0.905	0.905	0.915	0.905	0.905	0.905	0.905	0.905	0.905	0.905	0.905	0.905	0.9028	0.915	0.905	0.905	0.905	0.9042	0.915	0.905	0.905	0.905	0.905	0.905	0.905	0.905	0.905	0.905	0.905	0.905	0.905	0.915	0.905	0.905	0.905	0.905	0.905	0.905	0.905	0.905	0.905	0.905	0.905	0.905	0.905	0.905	0.905	0.905	0.905	0.9042	0.905	0.905	0.905	0.905	0.905	0.946	0.905	0.915	0.9028	0.905	0.915	0.905	0.905	0.9028	0.915	0.905	0.905	0.905	0.905	0.915	0.9042	0.905	0.905	0.905	0.905	0.905	0.9042	0.905	0.915	0.905	0.905	0.8777	0.905	0.905	0.905	0.905	0.905	0.905	0.915	0.905	0.905	0.905	0.905	0.905	0.905	0.9028	0.9042	0.905	0.905	0.905	0.905	0.905	0.9042	0.915	0.905	0.905	0.905	0.905	0.905	0.905	0.905	0.905	0.905	0.905	0.905	0.905	0.905	0.905	0.905	0.905	0.915	0.915	0.905	0.905	0.905	0.905	0.905	0.905	0.905	0.905	0.915	0.905	0.905	0.905	0.915	0.905	0.905	0.905	0.905	0.905	0.905	0.905	0.905	0.905	0.905	0.9042	0.905	0.905	0.905	0.905	0.905	0.905	0.905	0.905	0.905	0.905	0.905	0.905	0.905	0.905	0.905	0.905	0.905	0.905	0.905	0.905	0.905	0.915	0.9028	0.915	0.9042	0.905	0.905	0.905	0.9042	0.905	0.915	0.905	0.905	0.905	0.905	0.905	0.946	0.905	0.905	0.905	0.905	0.905	0.905	0.915	0.905	0.9042	0.905	0.905	0.8777	0.905	0.905	0.905	0.915	0.9028	0.905	0.905	0.9028	0.905	0.905	0.905	0.905	0.905	0.905	0.905	0.9042	0.905	0.905	0.905	0.905	0.905	0.9277	0.9042	0.905	0.905	0.9042	0.905	0.905	0.905	0.905	0.905	0.915	0.905	0.915	0.905	0.915	0.905	0.905	0.905	0.905	0.905	0.9614	0.905	0.905	0.905	0.946	0.905	0.905	0.905	0.905	0.905	0.9042	0.915	0.905	0.905	0.905	0.905	0.905	0.905	0.905	0.905	0.905	0.9614	0.905	0.905	0.905	0.905	0.905	0.905	0.905	0.905	0.9042	0.905	0.905	0.9028	0.9277	0.905	0.915	0.905	0.905	0.905	0.915	0.915	0.905	0.905	0.905	0.905	0.905	0.905	0.905	0.905	0.905	0.905	0.905	0.905	0.905	0.905	0.905	0.905	0.905	0.905	0.905	0.905	0.905	0.915	0.905	0.905	0.946	0.8777	0.905	0.905	0.905	0.905	0.946	0.905	0.905	0.905	0.915	0.905	0.905	0.905	0.905	0.905	0.9028	0.905	0.905	0.905	0.9028	0.905	0.905	0.905	0.905	0.9277	0.905	0.905	0.905	0.905	0.905	0.905	0.9028	0.905	0.905	0.9277	0.905	0.905	0.905	0.915	0.905	0.905	0.9614	0.9562	0.9562	0.9562	0.9562	0.9562	0.9562	0.9562	0.9562	0.9562	0.9562	0.9562	0.9562	0.9562	0.9562	0.9562	0.9562	0.9562	0.9562	0.9562	0.9562	0.9562	0.9562	0.9562	0.9562	0.9562	0.9562	0.9562	0.9562	0.9562	0.9562	0.9562	0.9562	0.9562	0.9562	0.9562	0.9562	0.9562	0.9562	0.9562	0.9562	0.9562	0.9562	0.9562	0.9562	0.9562	0.9562	0.9562	0.9562	0.9562	0.9562	0.9562	0.9562	0.9562	0.9562	0.9562	0.9562	0.9562	0.9562	0.9562	0.9562	0.9562	0.9562	0.9562	0.9562	0.9562	0.9562	0.9562	0.9562	0.9562	0.9562	0.9562	0.9562	0.9562	0.9562	0.9562	0.9562	0.9562	0.9562	0.9562	0.9562	0.9562
3	0.8657	0.8657	0.8657	0.8657	0.8657	0.9043	0.9043	0.9043	0.9043	0.9043	0.9043	0.9043	0.9043	0.9043	0.9043	0.9043	0.9043	0.9043	0.9038	0.9038	0.9038	0.9038	0.9038	0.9038	0.9038	0.9038	0.9038	0.9038	0.9038	0.9038	0.9038	0.9038	0.9038	0.915	0.9038	0.9038	0.9038	0.9038	0.8879	0.9038	0.9038	0.9038	0.9038	0.9038	0.9038	0.9038	0.9038	0.9038	0.9038	0.9507	0.9038	0.9038	0.9038	0.9507	0.9038	0.9038	0.9038	0.8953	0.9038	0.9038	0.9038	0.9038	0.9038	0.9038	0.9038	0.9038	0.9038	0.9038	0.9038	0.9038	0.9038	0.9038	0.9038	0.9507	0.9038	0.9038	0.915	0.9507	0.9038	0.9038	0.9038	0.9038	0.8459	0.9038	0.9221	0.9221	0.9038	0.9038	0.9038	0.9038	0.9038	0.9038	0.9038	0.1305	0.9038	0.9038	0.9038	0.9038	0.9038	0.9038	0.9038	0.9038	0.9038	0.8459	0.9038	0.9038	0.9038	0.9038	0.9038	0.9038	0.9038	0.9507	0.9038	0.9038	0.9038	0.8953	0.9038	0.9038	0.9038	0.9038	0.9038	0.9038	0.9038	0.915	0.8879	0.9038	0.9038	0.9038	0.9038	0.9507	0.9038	0.9038	0.9038	0.8879	0.9038	0.9038	0.9038	0.9038	0.9038	0.9038	0.9038	0.9038	0.9038	0.9038	0.9507	0.9038	0.9038	0.9038	0.9038	0.9038	0.9038	0.9038	0.9038	0.9038	0.8459	0.9038	0.9038	0.8879	0.9038	0.9038	0.9038	0.9038	0.9038	0.9038	0.9038	0.9038	0.9038	0.9038	0.9038	0.9507	0.9507	0.9038	0.8459	0.9038	0.9038	0.9038	0.9507	0.9038	0.9038	0.9038	0.9038	0.9038	0.9038	0.9038	0.9038	0.9038	0.8879	0.9507	0.9038	0.9038	0.9038	0.8953	0.9507	0.9038	0.9038	0.9038	0.9038	0.9038	0.9038	0.9038	0.9038	0.9038	0.9038	0.9038	0.9038	0.9507	0.9038	0.9038	0.9038	0.9038	0.9038	0.9038	0.9038	0.9038	0.9038	0.9038	0.9038	0.9038	0.9038	0.9038	0.9038	0.9038	0.9038	0.8953	0.9038	0.9038	0.9038	0.9038	0.9038	0.915	0.9038	0.9507	0.8879	0.9038	0.9507	0.9038	0.9038	0.8879	0.9507	0.9038	0.9038	0.9038	0.9038	0.9507	0.8953	0.9038	0.9038	0.9038	0.9038	0.9038	0.8953	0.9038	0.9507	0.9038	0.9038	0.9221	0.9038	0.9038	0.9038	0.9038	0.9038	0.9038	0.9507	0.9038	0.9038	0.9038	0.9038	0.9038	0.9038	0.8879	0.8953	0.9038	0.9038	0.9038	0.9038	0.9038	0.8953	0.9507	0.9038	0.9038	0.9038	0.9038	0.9038	0.9038	0.9038	0.9038	0.9038	0.9038	0.9038	0.9038	0.9038	0.9038	0.9038	0.9038	0.9507	0.9507	0.9038	0.9038	0.9038	0.9038	0.9038	0.9038	0.9038	0.9038	0.9507	0.9038	0.9038	0.9038	0.9507	0.9038	0.9038	0.9038	0.9038	0.9038	0.9038	0.9038	0.9038	0.9038	0.9038	0.8953	0.9038	0.9038	0.9038	0.9038	0.9038	0.9038	0.9038	0.9038	0.9038	0.9038	0.9038	0.9038	0.9038	0.9038	0.9038	0.9038	0.9038	0.9038	0.9038	0.9038	0.9038	0.9507	0.8879	0.9507	0.8953	0.9038	0.9038	0.9038	0.8953	0.9038	0.9507	0.9038	0.9038	0.9038	0.9038	0.9038	0.915	0.9038	0.9038	0.9038	0.9038	0.9038	0.9038	0.9507	0.9038	0.8953	0.9038	0.9038	0.9221	0.9038	0.9038	0.9038	0.9507	0.8879	0.9038	0.9038	0.8879	0.9038	0.9038	0.9038	0.9038	0.9038	0.9038	0.9038	0.8953	0.9038	0.9038	0.9038	0.9038	0.9038	0.8459	0.8953	0.9038	0.9038	0.8953	0.9038	0.9038	0.9038	0.9038	0.9038	0.9507	0.9038	0.9507	0.9038	0.9507	0.9038	0.9038	0.9038	0.9038	0.9038	0.1305	0.9038	0.9038	0.9038	0.915	0.9038	0.9038	0.9038	0.9038	0.9038	0.8953	0.9507	0.9038	0.9038	0.9038	0.9038	0.9038	0.9038	0.9038	0.9038	0.9038	0.1305	0.9038	0.9038	0.9038	0.9038	0.9038	0.9038	0.9038	0.9038	0.8953	0.9038	0.9038	0.8879	0.8459	0.9038	0.9507	0.9038	0.9038	0.9038	0.9507	0.9507	0.9038	0.9038	0.9038	0.9038	0.9038	0.9038	0.9038	0.9038	0.9038	0.9038	0.9038	0.9038	0.9038	0.9038	0.9038	0.9038	0.9038	0.9038	0.9038	0.9038	0.9038	0.9507	0.9038	0.9038	0.915	0.9221	0.9038	0.9038	0.9038	0.9038	0.915	0.9038	0.9038	0.9038	0.9507	0.9038	0.9038	0.9038	0.9038	0.9038	0.8879	0.9038	0.9038	0.9038	0.8879	0.9038	0.9038	0.9038	0.9038	0.8459	0.9038	0.9038	0.9038	0.9038	0.9038	0.9038	0.8879	0.9038	0.9038	0.8459	0.9038	0.9038	0.9038	0.9507	0.9038	0.9038	0.1305	0.9214	0.9214	0.9214	0.9214	0.9214	0.9214	0.9214	0.9214	0.9214	0.9214	0.9214	0.9214	0.9214	0.9214	0.9214	0.9214	0.9214	0.9214	0.9214	0.9214	0.9214	0.9214	0.9214	0.9214	0.9214	0.9214	0.9214	0.9214	0.9214	0.9214	0.9214	0.9214	0.9214	0.9214	0.9214	0.9214	0.9214	0.9214	0.9214	0.9214	0.9214	0.9214	0.9214	0.9214	0.9214	0.9214	0.9214	0.9214	0.9214	0.9214	0.9214	0.9214	0.9214	0.9214	0.9214	0.9214	0.9214	0.9214	0.9214	0.9214	0.9214	0.9214	0.9214	0.9214	0.9214	0.9214	0.9214	0.9214	0.9214	0.9214	0.9214	0.9214	0.9214	0.9214	0.9214	0.9214	0.9214	0.9214	0.9214	0.9214	0.9214
4	0.8558	0.8558	0.8558	0.8558	0.8558	0.8923	0.8923	0.8923	0.8923	0.8923	0.8923	0.8923	0.8923	0.8923	0.8923	0.8923	0.8923	0.8923	0.9109	0.9109	0.9109	0.9109	0.9109	0.9109	0.9109	0.9109	0.9109	0.9109	0.9109	0.9109	0.9109	0.9109	0.9109	0.9221	0.9109	0.9109	0.9109	0.9109	0.9123	0.9109	0.9109	0.9109	0.9109	0.9109	0.9109	0.9109	0.9109	0.9109	0.9109	0.9447	0.9109	0.9109	0.9109	0.9447	0.9109	0.9109	0.9109	0.9132	0.9109	0.9109	0.9109	0.9109	0.9109	0.9109	0.9109	0.9109	0.9109	0.9109	0.9109	0.9109	0.9109	0.9109	0.9109	0.9447	0.9109	0.9109	0.9221	0.9447	0.9109	0.9109	0.9109	0.9109	0.8842	0.9109	0.9275	0.9275	0.9109	0.9109	0.9109	0.9109	0.9109	0.9109	0.9109	0.6514	0.9109	0.9109	0.9109	0.9109	0.9109	0.9109	0.9109	0.9109	0.9109	0.8842	0.9109	0.9109	0.9109	0.9109	0.9109	0.9109	0.9109	0.9447	0.9109	0.9109	0.9109	0.9132	0.9109	0.9109	0.9109	0.9109	0.9109	0.9109	0.9109	0.9221	0.9123	0.9109	0.9109	0.9109	0.9109	0.9447	0.9109	0.9109	0.9109	0.9123	0.9109	0.9109	0.9109	0.9109	0.9109	0.9109	0.9109	0.9109	0.9109	0.9109	0.9447	0.9109	0.9109	0.9109	0.9109	0.9109	0.9109	0.9109	0.9109	0.9109	0.8842	0.9109	0.9109	0.9123	0.9109	0.9109	0.9109	0.9109	0.9109	0.9109	0.9109	0.9109	0.9109	0.9109	0.9109	0.9447	0.9447	0.9109	0.8842	0.9109	0.9109	0.9109	0.9447	0.9109	0.9109	0.9109	0.9109	0.9109	0.9109	0.9109	0.9109	0.9109	0.9123	0.9447	0.9109	0.9109	0.9109	0.9132	0.9447	0.9109	0.9109	0.9109	0.9109	0.9109	0.9109	0.9109	0.9109	0.9109	0.9109	0.9109	0.9109	0.9447	0.9109	0.9109	0.9109	0.9109	0.9109	0.9109	0.9109	0.9109	0.9109	0.9109	0.9109	0.9109	0.9109	0.9109	0.9109	0.9109	0.9109	0.9132	0.9109	0.9109	0.9109	0.9109	0.9109	0.9221	0.9109	0.9447	0.9123	0.9109	0.9447	0.9109	0.9109	0.9123	0.9447	0.9109	0.9109	0.9109	0.9109	0.9447	0.9132	0.9109	0.9109	0.9109	0.9109	0.9109	0.9132	0.9109	0.9447	0.9109	0.9109	0.9275	0.9109	0.9109	0.9109	0.9109	0.9109	0.9109	0.9447	0.9109	0.9109	0.9109	0.9109	0.9109	0.9109	0.9123	0.9132	0.9109	0.9109	0.9109	0.9109	0.9109	0.9132	0.9447	0.9109	0.9109	0.9109	0.9109	0.9109	0.9109	0.9109	0.9109	0.9109	0.9109	0.9109	0.9109	0.9109	0.9109	0.9109	0.9109	0.9447	0.9447	0.9109	0.9109	0.9109	0.9109	0.9109	0.9109	0.9109	0.9109	0.9447	0.9109	0.9109	0.9109	0.9447	0.9109	0.9109	0.9109	0.9109	0.9109	0.9109	0.9109	0.9109	0.9109	0.9109	0.9132	0.9109	0.9109	0.9109	0.9109	0.9109	0.9109	0.9109	0.9109	0.9109	0.9109	0.9109	0.9109	0.9109	0.9109	0.9109	0.9109	0.9109	0.9109	0.9109	0.9109	0.9109	0.9447	0.9123	0.9447	0.9132	0.9109	0.9109	0.9109	0.9132	0.9109	0.9447	0.9109	0.9109	0.9109	0.9109	0.9109	0.9221	0.9109	0.9109	0.9109	0.9109	0.9109	0.9109	0.9447	0.9109	0.9132	0.9109	0.9109	0.9275	0.9109	0.9109	0.9109	0.9447	0.9123	0.9109	0.9109	0.9123	0.9109	0.9109	0.9109	0.9109	0.9109	0.9109	0.9109	0.9132	0.9109	0.9109	0.9109	0.9109	0.9109	0.8842	0.9132	0.9109	0.9109	0.9132	0.9109	0.9109	0.9109	0.9109	0.9109	0.9447	0.9109	0.9447	0.9109	0.9447	0.9109	0.9109	0.9109	0.9109	0.9109	0.6514	0.9109	0.9109	0.9109	0.9221	0.9109	0.9109	0.9109	0.9109	0.9109	0.9132	0.9447	0.9109	0.9109	0.9109	0.9109	0.9109	0.9109	0.9109	0.9109	0.9109	0.6514	0.9109	0.9109	0.9109	0.9109	0.9109	0.9109	0.9109	0.9109	0.9132	0.9109	0.9109	0.9123	0.8842	0.9109	0.9447	0.9109	0.9109	0.9109	0.9447	0.9447	0.9109	0.9109	0.9109	0.9109	0.9109	0.9109	0.9109	0.9109	0.9109	0.9109	0.9109	0.9109	0.9109	0.9109	0.9109	0.9109	0.9109	0.9109	0.9109	0.9109	0.9109	0.9447	0.9109	0.9109	0.9221	0.9275	0.9109	0.9109	0.9109	0.9109	0.9221	0.9109	0.9109	0.9109	0.9447	0.9109	0.9109	0.9109	0.9109	0.9109	0.9123	0.9109	0.9109	0.9109	0.9123	0.9109	0.9109	0.9109	0.9109	0.8842	0.9109	0.9109	0.9109	0.9109	0.9109	0.9109	0.9123	0.9109	0.9109	0.8842	0.9109	0.9109	0.9109	0.9447	0.9109	0.9109	0.6514	0.8732	0.8732	0.8732	0.8732	0.8732	0.8732	0.8732	0.8732	0.8732	0.8732	0.8732	0.8732	0.8732	0.8732	0.8732	0.8732	0.8732	0.8732	0.8732	0.8732	0.8732	0.8732	0.8732	0.8732	0.8732	0.8732	0.8732	0.8732	0.8732	0.8732	0.8732	0.8732	0.8732	0.8732	0.8732	0.8732	0.8732	0.8732	0.8732	0.8732	0.8732	0.8732	0.8732	0.8732	0.8732	0.8732	0.8732	0.8732	0.8732	0.8732	0.8732	0.8732	0.8732	0.8732	0.8732	0.8732	0.8732	0.8732	0.8732	0.8732	0.8732	0.8732	0.8732	0.8732	0.8732	0.8732	0.8732	0.8732	0.8732	0.8732	0.8732	0.8732	0.8732	0.8732	0.8732	0.8732	0.8732	0.8732	0.8732	0.8732	0.8732
5	0.6367	0.6367	0.6367	0.6367	0.6367	0.9287	0.9287	0.9287	0.9287	0.9287	0.9287	0.9287	0.9287	0.9287	0.9287	0.9287	0.9287	0.9287	0.9204	0.9204	0.9204	0.9204	0.9204	0.9204	0.9204	0.9204	0.9204	0.9204	0.9204	0.9204	0.9204	0.9204	0.9204	0.9328	0.9204	0.9204	0.9204	0.9204	0.9093	0.9204	0.9204	0.9204	0.9204	0.9204	0.9204	0.9204	0.9204	0.9204	0.9204	0.9634	0.9204	0.9204	0.9204	0.9634	0.9204	0.9204	0.9204	0.9424	0.9204	0.9204	0.9204	0.9204	0.9204	0.9204	0.9204	0.9204	0.9204	0.9204	0.9204	0.9204	0.9204	0.9204	0.9204	0.9634	0.9204	0.9204	0.9328	0.9634	0.9204	0.9204	0.9204	0.9204	0.9349	0.9204	0.8984	0.8984	0.9204	0.9204	0.9204	0.9204	0.9204	0.9204	0.9204	0.8402	0.9204	0.9204	0.9204	0.9204	0.9204	0.9204	0.9204	0.9204	0.9204	0.9349	0.9204	0.9204	0.9204	0.9204	0.9204	0.9204	0.9204	0.9634	0.9204	0.9204	0.9204	0.9424	0.9204	0.9204	0.9204	0.9204	0.9204	0.9204	0.9204	0.9328	0.9093	0.9204	0.9204	0.9204	0.9204	0.9634	0.9204	0.9204	0.9204	0.9093	0.9204	0.9204	0.9204	0.9204	0.9204	0.9204	0.9204	0.9204	0.9204	0.9204	0.9634	0.9204	0.9204	0.9204	0.9204	0.9204	0.9204	0.9204	0.9204	0.9204	0.9349	0.9204	0.9204	0.9093	0.9204	0.9204	0.9204	0.9204	0.9204	0.9204	0.9204	0.9204	0.9204	0.9204	0.9204	0.9634	0.9634	0.9204	0.9349	0.9204	0.9204	0.9204	0.9634	0.9204	0.9204	0.9204	0.9204	0.9204	0.9204	0.9204	0.9204	0.9204	0.9093	0.9634	0.9204	0.9204	0.9204	0.9424	0.9634	0.9204	0.9204	0.9204	0.9204	0.9204	0.9204	0.9204	0.9204	0.9204	0.9204	0.9204	0.9204	0.9634	0.9204	0.9204	0.9204	0.9204	0.9204	0.9204	0.9204	0.9204	0.9204	0.9204	0.9204	0.9204	0.9204	0.9204	0.9204	0.9204	0.9204	0.9424	0.9204	0.9204	0.9204	0.9204	0.9204	0.9328	0.9204	0.9634	0.9093	0.9204	0.9634	0.9204	0.9204	0.9093	0.9634	0.9204	0.9204	0.9204	0.9204	0.9634	0.9424	0.9204	0.9204	0.9204	0.9204	0.9204	0.9424	0.9204	0.9634	0.9204	0.9204	0.8984	0.9204	0.9204	0.9204	0.9204	0.9204	0.9204	0.9634	0.9204	0.9204	0.9204	0.9204	0.9204	0.9204	0.9093	0.9424	0.9204	0.9204	0.9204	0.9204	0.9204	0.9424	0.9634	0.9204	0.9204	0.9204	0.9204	0.9204	0.9204	0.9204	0.9204	0.9204	0.9204	0.9204	0.9204	0.9204	0.9204	0.9204	0.9204	0.9634	0.9634	0.9204	0.9204	0.9204	0.9204	0.9204	0.9204	0.9204	0.9204	0.9634	0.9204	0.9204	0.9204	0.9634	0.9204	0.9204	0.9204	0.9204	0.9204	0.9204	0.9204	0.9204	0.9204	0.9204	0.9424	0.9204	0.9204	0.9204	0.9204	0.9204	0.9204	0.9204	0.9204	0.9204	0.9204	0.9204	0.9204	0.9204	0.9204	0.9204	0.9204	0.9204	0.9204	0.9204	0.9204	0.9204	0.9634	0.9093	0.9634	0.9424	0.9204	0.9204	0.9204	0.9424	0.9204	0.9634	0.9204	0.9204	0.9204	0.9204	0.9204	0.9328	0.9204	0.9204	0.9204	0.9204	0.9204	0.9204	0.9634	0.9204	0.9424	0.9204	0.9204	0.8984	0.9204	0.9204	0.9204	0.9634	0.9093	0.9204	0.9204	0.9093	0.9204	0.9204	0.9204	0.9204	0.9204	0.9204	0.9204	0.9424	0.9204	0.9204	0.9204	0.9204	0.9204	0.9349	0.9424	0.9204	0.9204	0.9424	0.9204	0.9204	0.9204	0.9204	0.9204	0.9634	0.9204	0.9634	0.9204	0.9634	0.9204	0.9204	0.9204	0.9204	0.9204	0.8402	0.9204	0.9204	0.9204	0.9328	0.9204	0.9204	0.9204	0.9204	0.9204	0.9424	0.9634	0.9204	0.9204	0.9204	0.9204	0.9204	0.9204	0.9204	0.9204	0.9204	0.8402	0.9204	0.9204	0.9204	0.9204	0.9204	0.9204	0.9204	0.9204	0.9424	0.9204	0.9204	0.9093	0.9349	0.9204	0.9634	0.9204	0.9204	0.9204	0.9634	0.9634	0.9204	0.9204	0.9204	0.9204	0.9204	0.9204	0.9204	0.9204	0.9204	0.9204	0.9204	0.9204	0.9204	0.9204	0.9204	0.9204	0.9204	0.9204	0.9204	0.9204	0.9204	0.9634	0.9204	0.9204	0.9328	0.8984	0.9204	0.9204	0.9204	0.9204	0.9328	0.9204	0.9204	0.9204	0.9634	0.9204	0.9204	0.9204	0.9204	0.9204	0.9093	0.9204	0.9204	0.9204	0.9093	0.9204	0.9204	0.9204	0.9204	0.9349	0.9204	0.9204	0.9204	0.9204	0.9204	0.9204	0.9093	0.9204	0.9204	0.9349	0.9204	0.9204	0.9204	0.9634	0.9204	0.9204	0.8402	0.9681	0.9681	0.9681	0.9681	0.9681	0.9681	0.9681	0.9681	0.9681	0.9681	0.9681	0.9681	0.9681	0.9681	0.9681	0.9681	0.9681	0.9681	0.9681	0.9681	0.9681	0.9681	0.9681	0.9681	0.9681	0.9681	0.9681	0.9681	0.9681	0.9681	0.9681	0.9681	0.9681	0.9681	0.9681	0.9681	0.9681	0.9681	0.9681	0.9681	0.9681	0.9681	0.9681	0.9681	0.9681	0.9681	0.9681	0.9681	0.9681	0.9681	0.9681	0.9681	0.9681	0.9681	0.9681	0.9681	0.9681	0.9681	0.9681	0.9681	0.9681	0.9681	0.9681	0.9681	0.9681	0.9681	0.9681	0.9681	0.9681	0.9681	0.9681	0.9681	0.9681	0.9681	0.9681	0.9681	0.9681	0.9681	0.9681	0.9681	0.9681
6	0.8993	0.8993	0.8993	0.8993	0.8993	0.7704	0.7704	0.7704	0.7704	0.7704	0.7704	0.7704	0.7704	0.7704	0.7704	0.7704	0.7704	0.7704	0.8934	0.8934	0.8934	0.8934	0.8934	0.8934	0.8934	0.8934	0.8934	0.8934	0.8934	0.8934	0.8934	0.8934	0.8934	0.8593	0.8934	0.8934	0.8934	0.8934	0.9285	0.8934	0.8934	0.8934	0.8934	0.8934	0.8934	0.8934	0.8934	0.8934	0.8934	0.9056	0.8934	0.8934	0.8934	0.9056	0.8934	0.8934	0.8934	0.894	0.8934	0.8934	0.8934	0.8934	0.8934	0.8934	0.8934	0.8934	0.8934	0.8934	0.8934	0.8934	0.8934	0.8934	0.8934	0.9056	0.8934	0.8934	0.8593	0.9056	0.8934	0.8934	0.8934	0.8934	0.8237	0.8934	0.9174	0.9174	0.8934	0.8934	0.8934	0.8934	0.8934	0.8934	0.8934	0.6779	0.8934	0.8934	0.8934	0.8934	0.8934	0.8934	0.8934	0.8934	0.8934	0.8237	0.8934	0.8934	0.8934	0.8934	0.8934	0.8934	0.8934	0.9056	0.8934	0.8934	0.8934	0.894	0.8934	0.8934	0.8934	0.8934	0.8934	0.8934	0.8934	0.8593	0.9285	0.8934	0.8934	0.8934	0.8934	0.9056	0.8934	0.8934	0.8934	0.9285	0.8934	0.8934	0.8934	0.8934	0.8934	0.8934	0.8934	0.8934	0.8934	0.8934	0.9056	0.8934	0.8934	0.8934	0.8934	0.8934	0.8934	0.8934	0.8934	0.8934	0.8237	0.8934	0.8934	0.9285	0.8934	0.8934	0.8934	0.8934	0.8934	0.8934	0.8934	0.8934	0.8934	0.8934	0.8934	0.9056	0.9056	0.8934	0.8237	0.8934	0.8934	0.8934	0.9056	0.8934	0.8934	0.8934	0.8934	0.8934	0.8934	0.8934	0.8934	0.8934	0.9285	0.9056	0.8934	0.8934	0.8934	0.894	0.9056	0.8934	0.8934	0.8934	0.8934	0.8934	0.8934	0.8934	0.8934	0.8934	0.8934	0.8934	0.8934	0.9056	0.8934	0.8934	0.8934	0.8934	0.8934	0.8934	0.8934	0.8934	0.8934	0.8934	0.8934	0.8934	0.8934	0.8934	0.8934	0.8934	0.8934	0.894	0.8934	0.8934	0.8934	0.8934	0.8934	0.8593	0.8934	0.9056	0.9285	0.8934	0.9056	0.8934	0.8934	0.9285	0.9056	0.8934	0.8934	0.8934	0.8934	0.9056	0.894	0.8934	0.8934	0.8934	0.8934	0.8934	0.894	0.8934	0.9056	0.8934	0.8934	0.9174	0.8934	0.8934	0.8934	0.8934	0.8934	0.8934	0.9056	0.8934	0.8934	0.8934	0.8934	0.8934	0.8934	0.9285	0.894	0.8934	0.8934	0.8934	0.8934	0.8934	0.894	0.9056	0.8934	0.8934	0.8934	0.8934	0.8934	0.8934	0.8934	0.8934	0.8934	0.8934	0.8934	0.8934	0.8934	0.8934	0.8934	0.8934	0.9056	0.9056	0.8934	0.8934	0.8934	0.8934	0.8934	0.8934	0.8934	0.8934	0.9056	0.8934	0.8934	0.8934	0.9056	0.8934	0.8934	0.8934	0.8934	0.8934	0.8934	0.8934	0.8934	0.8934	0.8934	0.894	0.8934	0.8934	0.8934	0.8934	0.8934	0.8934	0.8934	0.8934	0.8934	0.8934	0.8934	0.8934	0.8934	0.8934	0.8934	0.8934	0.8934	0.8934	0.8934	0.8934	0.8934	0.9056	0.9285	0.9056	0.894	0.8934	0.8934	0.8934	0.894	0.8934	0.9056	0.8934	0.8934	0.8934	0.8934	0.8934	0.8593	0.8934	0.8934	0.8934	0.8934	0.8934	0.8934	0.9056	0.8934	0.894	0.8934	0.8934	0.9174	0.8934	0.8934	0.8934	0.9056	0.9285	0.8934	0.8934	0.9285	0.8934	0.8934	0.8934	0.8934	0.8934	0.8934	0.8934	0.894	0.8934	0.8934	0.8934	0.8934	0.8934	0.8237	0.894	0.8934	0.8934	0.894	0.8934	0.8934	0.8934	0.8934	0.8934	0.9056	0.8934	0.9056	0.8934	0.9056	0.8934	0.8934	0.8934	0.8934	0.8934	0.6779	0.8934	0.8934	0.8934	0.8593	0.8934	0.8934	0.8934	0.8934	0.8934	0.894	0.9056	0.8934	0.8934	0.8934	0.8934	0.8934	0.8934	0.8934	0.8934	0.8934	0.6779	0.8934	0.8934	0.8934	0.8934	0.8934	0.8934	0.8934	0.8934	0.894	0.8934	0.8934	0.9285	0.8237	0.8934	0.9056	0.8934	0.8934	0.8934	0.9056	0.9056	0.8934	0.8934	0.8934	0.8934	0.8934	0.8934	0.8934	0.8934	0.8934	0.8934	0.8934	0.8934	0.8934	0.8934	0.8934	0.8934	0.8934	0.8934	0.8934	0.8934	0.8934	0.9056	0.8934	0.8934	0.8593	0.9174	0.8934	0.8934	0.8934	0.8934	0.8593	0.8934	0.8934	0.8934	0.9056	0.8934	0.8934	0.8934	0.8934	0.8934	0.9285	0.8934	0.8934	0.8934	0.9285	0.8934	0.8934	0.8934	0.8934	0.8237	0.8934	0.8934	0.8934	0.8934	0.8934	0.8934	0.9285	0.8934	0.8934	0.8237	0.8934	0.8934	0.8934	0.9056	0.8934	0.8934	0.6779	0.9708	0.9708	0.9708	0.9708	0.9708	0.9708	0.9708	0.9708	0.9708	0.9708	0.9708	0.9708	0.9708	0.9708	0.9708	0.9708	0.9708	0.9708	0.9708	0.9708	0.9708	0.9708	0.9708	0.9708	0.9708	0.9708	0.9708	0.9708	0.9708	0.9708	0.9708	0.9708	0.9708	0.9708	0.9708	0.9708	0.9708	0.9708	0.9708	0.9708	0.9708	0.9708	0.9708	0.9708	0.9708	0.9708	0.9708	0.9708	0.9708	0.9708	0.9708	0.9708	0.9708	0.9708	0.9708	0.9708	0.9708	0.9708	0.9708	0.9708	0.9708	0.9708	0.9708	0.9708	0.9708	0.9708	0.9708	0.9708	0.9708	0.9708	0.9708	0.9708	0.9708	0.9708	0.9708	0.9708	0.9708	0.9708	0.9708	0.9708	0.9708
7	0.0642	0.0642	0.0642	0.0642	0.0642	0.0287	0.0287	0.0287	0.0287	0.0287	0.0287	0.0287	0.0287	0.0287	0.0287	0.0287	0.0287	0.0287	0.0102	0.0102	0.0102	0.0102	0.0102	0.0102	0.0102	0.0102	0.0102	0.0102	0.0102	0.0102	0.0102	0.0102	0.0102	0.0093	0.0102	0.0102	0.0102	0.0102	0.0193	0.0102	0.0102	0.0102	0.0102	0.0102	0.0102	0.0102	0.0102	0.0102	0.0102	0.0139	0.0102	0.0102	0.0102	0.0139	0.0102	0.0102	0.0102	0.0101	0.0102	0.0102	0.0102	0.0102	0.0102	0.0102	0.0102	0.0102	0.0102	0.0102	0.0102	0.0102	0.0102	0.0102	0.0102	0.0139	0.0102	0.0102	0.0093	0.0139	0.0102	0.0102	0.0102	0.0102	0.0062	0.0102	0.0111	0.0111	0.0102	0.0102	0.0102	0.0102	0.0102	0.0102	0.0102	0.2404	0.0102	0.0102	0.0102	0.0102	0.0102	0.0102	0.0102	0.0102	0.0102	0.0062	0.0102	0.0102	0.0102	0.0102	0.0102	0.0102	0.0102	0.0139	0.0102	0.0102	0.0102	0.0101	0.0102	0.0102	0.0102	0.0102	0.0102	0.0102	0.0102	0.0093	0.0193	0.0102	0.0102	0.0102	0.0102	0.0139	0.0102	0.0102	0.0102	0.0193	0.0102	0.0102	0.0102	0.0102	0.0102	0.0102	0.0102	0.0102	0.0102	0.0102	0.0139	0.0102	0.0102	0.0102	0.0102	0.0102	0.0102	0.0102	0.0102	0.0102	0.0062	0.0102	0.0102	0.0193	0.0102	0.0102	0.0102	0.0102	0.0102	0.0102	0.0102	0.0102	0.0102	0.0102	0.0102	0.0139	0.0139	0.0102	0.0062	0.0102	0.0102	0.0102	0.0139	0.0102	0.0102	0.0102	0.0102	0.0102	0.0102	0.0102	0.0102	0.0102	0.0193	0.0139	0.0102	0.0102	0.0102	0.0101	0.0139	0.0102	0.0102	0.0102	0.0102	0.0102	0.0102	0.0102	0.0102	0.0102	0.0102	0.0102	0.0102	0.0139	0.0102	0.0102	0.0102	0.0102	0.0102	0.0102	0.0102	0.0102	0.0102	0.0102	0.0102	0.0102	0.0102	0.0102	0.0102	0.0102	0.0102	0.0101	0.0102	0.0102	0.0102	0.0102	0.0102	0.0093	0.0102	0.0139	0.0193	0.0102	0.0139	0.0102	0.0102	0.0193	0.0139	0.0102	0.0102	0.0102	0.0102	0.0139	0.0101	0.0102	0.0102	0.0102	0.0102	0.0102	0.0101	0.0102	0.0139	0.0102	0.0102	0.0111	0.0102	0.0102	0.0102	0.0102	0.0102	0.0102	0.0139	0.0102	0.0102	0.0102	0.0102	0.0102	0.0102	0.0193	0.0101	0.0102	0.0102	0.0102	0.0102	0.0102	0.0101	0.0139	0.0102	0.0102	0.0102	0.0102	0.0102	0.0102	0.0102	0.0102	0.0102	0.0102	0.0102	0.0102	0.0102	0.0102	0.0102	0.0102	0.0139	0.0139	0.0102	0.0102	0.0102	0.0102	0.0102	0.0102	0.0102	0.0102	0.0139	0.0102	0.0102	0.0102	0.0139	0.0102	0.0102	0.0102	0.0102	0.0102	0.0102	0.0102	0.0102	0.0102	0.0102	0.0101	0.0102	0.0102	0.0102	0.0102	0.0102	0.0102	0.0102	0.0102	0.0102	0.0102	0.0102	0.0102	0.0102	0.0102	0.0102	0.0102	0.0102	0.0102	0.0102	0.0102	0.0102	0.0139	0.0193	0.0139	0.0101	0.0102	0.0102	0.0102	0.0101	0.0102	0.0139	0.0102	0.0102	0.0102	0.0102	0.0102	0.0093	0.0102	0.0102	0.0102	0.0102	0.0102	0.0102	0.0139	0.0102	0.0101	0.0102	0.0102	0.0111	0.0102	0.0102	0.0102	0.0139	0.0193	0.0102	0.0102	0.0193	0.0102	0.0102	0.0102	0.0102	0.0102	0.0102	0.0102	0.0101	0.0102	0.0102	0.0102	0.0102	0.0102	0.0062	0.0101	0.0102	0.0102	0.0101	0.0102	0.0102	0.0102	0.0102	0.0102	0.0139	0.0102	0.0139	0.0102	0.0139	0.0102	0.0102	0.0102	0.0102	0.0102	0.2404	0.0102	0.0102	0.0102	0.0093	0.0102	0.0102	0.0102	0.0102	0.0102	0.0101	0.0139	0.0102	0.0102	0.0102	0.0102	0.0102	0.0102	0.0102	0.0102	0.0102	0.2404	0.0102	0.0102	0.0102	0.0102	0.0102	0.0102	0.0102	0.0102	0.0101	0.0102	0.0102	0.0193	0.0062	0.0102	0.0139	0.0102	0.0102	0.0102	0.0139	0.0139	0.0102	0.0102	0.0102	0.0102	0.0102	0.0102	0.0102	0.0102	0.0102	0.0102	0.0102	0.0102	0.0102	0.0102	0.0102	0.0102	0.0102	0.0102	0.0102	0.0102	0.0102	0.0139	0.0102	0.0102	0.0093	0.0111	0.0102	0.0102	0.0102	0.0102	0.0093	0.0102	0.0102	0.0102	0.0139	0.0102	0.0102	0.0102	0.0102	0.0102	0.0193	0.0102	0.0102	0.0102	0.0193	0.0102	0.0102	0.0102	0.0102	0.0062	0.0102	0.0102	0.0102	0.0102	0.0102	0.0102	0.0193	0.0102	0.0102	0.0062	0.0102	0.0102	0.0102	0.0139	0.0102	0.0102	0.2404	0.0159	0.0159	0.0159	0.0159	0.0159	0.0159	0.0159	0.0159	0.0159	0.0159	0.0159	0.0159	0.0159	0.0159	0.0159	0.0159	0.0159	0.0159	0.0159	0.0159	0.0159	0.0159	0.0159	0.0159	0.0159	0.0159	0.0159	0.0159	0.0159	0.0159	0.0159	0.0159	0.0159	0.0159	0.0159	0.0159	0.0159	0.0159	0.0159	0.0159	0.0159	0.0159	0.0159	0.0159	0.0159	0.0159	0.0159	0.0159	0.0159	0.0159	0.0159	0.0159	0.0159	0.0159	0.0159	0.0159	0.0159	0.0159	0.0159	0.0159	0.0159	0.0159	0.0159	0.0159	0.0159	0.0159	0.0159	0.0159	0.0159	0.0159	0.0159	0.0159	0.0159	0.0159	0.0159	0.0159	0.0159	0.0159	0.0159	0.0159	0.0159
8	0.0497	0.0497	0.0497	0.0497	0.0497	0.0327	0.0327	0.0327	0.0327	0.0327	0.0327	0.0327	0.0327	0.0327	0.0327	0.0327	0.0327	0.0327	0.0044	0.0044	0.0044	0.0044	0.0044	0.0044	0.0044	0.0044	0.0044	0.0044	0.0044	0.0044	0.0044	0.0044	0.0044	0.0034	0.0044	0.0044	0.0044	0.0044	0.0027	0.0044	0.0044	0.0044	0.0044	0.0044	0.0044	0.0044	0.0044	0.0044	0.0044	0.0008	0.0044	0.0044	0.0044	0.0008	0.0044	0.0044	0.0044	0.0023	0.0044	0.0044	0.0044	0.0044	0.0044	0.0044	0.0044	0.0044	0.0044	0.0044	0.0044	0.0044	0.0044	0.0044	0.0044	0.0008	0.0044	0.0044	0.0034	0.0008	0.0044	0.0044	0.0044	0.0044	0.0029	0.0044	0.0048	0.0048	0.0044	0.0044	0.0044	0.0044	0.0044	0.0044	0.0044	0.0	0.0044	0.0044	0.0044	0.0044	0.0044	0.0044	0.0044	0.0044	0.0044	0.0029	0.0044	0.0044	0.0044	0.0044	0.0044	0.0044	0.0044	0.0008	0.0044	0.0044	0.0044	0.0023	0.0044	0.0044	0.0044	0.0044	0.0044	0.0044	0.0044	0.0034	0.0027	0.0044	0.0044	0.0044	0.0044	0.0008	0.0044	0.0044	0.0044	0.0027	0.0044	0.0044	0.0044	0.0044	0.0044	0.0044	0.0044	0.0044	0.0044	0.0044	0.0008	0.0044	0.0044	0.0044	0.0044	0.0044	0.0044	0.0044	0.0044	0.0044	0.0029	0.0044	0.0044	0.0027	0.0044	0.0044	0.0044	0.0044	0.0044	0.0044	0.0044	0.0044	0.0044	0.0044	0.0044	0.0008	0.0008	0.0044	0.0029	0.0044	0.0044	0.0044	0.0008	0.0044	0.0044	0.0044	0.0044	0.0044	0.0044	0.0044	0.0044	0.0044	0.0027	0.0008	0.0044	0.0044	0.0044	0.0023	0.0008	0.0044	0.0044	0.0044	0.0044	0.0044	0.0044	0.0044	0.0044	0.0044	0.0044	0.0044	0.0044	0.0008	0.0044	0.0044	0.0044	0.0044	0.0044	0.0044	0.0044	0.0044	0.0044	0.0044	0.0044	0.0044	0.0044	0.0044	0.0044	0.0044	0.0044	0.0023	0.0044	0.0044	0.0044	0.0044	0.0044	0.0034	0.0044	0.0008	0.0027	0.0044	0.0008	0.0044	0.0044	0.0027	0.0008	0.0044	0.0044	0.0044	0.0044	0.0008	0.0023	0.0044	0.0044	0.0044	0.0044	0.0044	0.0023	0.0044	0.0008	0.0044	0.0044	0.0048	0.0044	0.0044	0.0044	0.0044	0.0044	0.0044	0.0008	0.0044	0.0044	0.0044	0.0044	0.0044	0.0044	0.0027	0.0023	0.0044	0.0044	0.0044	0.0044	0.0044	0.0023	0.0008	0.0044	0.0044	0.0044	0.0044	0.0044	0.0044	0.0044	0.0044	0.0044	0.0044	0.0044	0.0044	0.0044	0.0044	0.0044	0.0044	0.0008	0.0008	0.0044	0.0044	0.0044	0.0044	0.0044	0.0044	0.0044	0.0044	0.0008	0.0044	0.0044	0.0044	0.0008	0.0044	0.0044	0.0044	0.0044	0.0044	0.0044	0.0044	0.0044	0.0044	0.0044	0.0023	0.0044	0.0044	0.0044	0.0044	0.0044	0.0044	0.0044	0.0044	0.0044	0.0044	0.0044	0.0044	0.0044	0.0044	0.0044	0.0044	0.0044	0.0044	0.0044	0.0044	0.0044	0.0008	0.0027	0.0008	0.0023	0.0044	0.0044	0.0044	0.0023	0.0044	0.0008	0.0044	0.0044	0.0044	0.0044	0.0044	0.0034	0.0044	0.0044	0.0044	0.0044	0.0044	0.0044	0.0008	0.0044	0.0023	0.0044	0.0044	0.0048	0.0044	0.0044	0.0044	0.0008	0.0027	0.0044	0.0044	0.0027	0.0044	0.0044	0.0044	0.0044	0.0044	0.0044	0.0044	0.0023	0.0044	0.0044	0.0044	0.0044	0.0044	0.0029	0.0023	0.0044	0.0044	0.0023	0.0044	0.0044	0.0044	0.0044	0.0044	0.0008	0.0044	0.0008	0.0044	0.0008	0.0044	0.0044	0.0044	0.0044	0.0044	0.0	0.0044	0.0044	0.0044	0.0034	0.0044	0.0044	0.0044	0.0044	0.0044	0.0023	0.0008	0.0044	0.0044	0.0044	0.0044	0.0044	0.0044	0.0044	0.0044	0.0044	0.0	0.0044	0.0044	0.0044	0.0044	0.0044	0.0044	0.0044	0.0044	0.0023	0.0044	0.0044	0.0027	0.0029	0.0044	0.0008	0.0044	0.0044	0.0044	0.0008	0.0008	0.0044	0.0044	0.0044	0.0044	0.0044	0.0044	0.0044	0.0044	0.0044	0.0044	0.0044	0.0044	0.0044	0.0044	0.0044	0.0044	0.0044	0.0044	0.0044	0.0044	0.0044	0.0008	0.0044	0.0044	0.0034	0.0048	0.0044	0.0044	0.0044	0.0044	0.0034	0.0044	0.0044	0.0044	0.0008	0.0044	0.0044	0.0044	0.0044	0.0044	0.0027	0.0044	0.0044	0.0044	0.0027	0.0044	0.0044	0.0044	0.0044	0.0029	0.0044	0.0044	0.0044	0.0044	0.0044	0.0044	0.0027	0.0044	0.0044	0.0029	0.0044	0.0044	0.0044	0.0008	0.0044	0.0044	0.0	0.0045	0.0045	0.0045	0.0045	0.0045	0.0045	0.0045	0.0045	0.0045	0.0045	0.0045	0.0045	0.0045	0.0045	0.0045	0.0045	0.0045	0.0045	0.0045	0.0045	0.0045	0.0045	0.0045	0.0045	0.0045	0.0045	0.0045	0.0045	0.0045	0.0045	0.0045	0.0045	0.0045	0.0045	0.0045	0.0045	0.0045	0.0045	0.0045	0.0045	0.0045	0.0045	0.0045	0.0045	0.0045	0.0045	0.0045	0.0045	0.0045	0.0045	0.0045	0.0045	0.0045	0.0045	0.0045	0.0045	0.0045	0.0045	0.0045	0.0045	0.0045	0.0045	0.0045	0.0045	0.0045	0.0045	0.0045	0.0045	0.0045	0.0045	0.0045	0.0045	0.0045	0.0045	0.0045	0.0045	0.0045	0.0045	0.0045	0.0045	0.0045
9	0.0877	0.0877	0.0877	0.0877	0.0877	0.0269	0.0269	0.0269	0.0269	0.0269	0.0269	0.0269	0.0269	0.0269	0.0269	0.0269	0.0269	0.0269	0.0101	0.0101	0.0101	0.0101	0.0101	0.0101	0.0101	0.0101	0.0101	0.0101	0.0101	0.0101	0.0101	0.0101	0.0101	0.0116	0.0101	0.0101	0.0101	0.0101	0.0104	0.0101	0.0101	0.0101	0.0101	0.0101	0.0101	0.0101	0.0101	0.0101	0.0101	0.0019	0.0101	0.0101	0.0101	0.0019	0.0101	0.0101	0.0101	0.0122	0.0101	0.0101	0.0101	0.0101	0.0101	0.0101	0.0101	0.0101	0.0101	0.0101	0.0101	0.0101	0.0101	0.0101	0.0101	0.0019	0.0101	0.0101	0.0116	0.0019	0.0101	0.0101	0.0101	0.0101	0.014	0.0101	0.0098	0.0098	0.0101	0.0101	0.0101	0.0101	0.0101	0.0101	0.0101	0.0003	0.0101	0.0101	0.0101	0.0101	0.0101	0.0101	0.0101	0.0101	0.0101	0.014	0.0101	0.0101	0.0101	0.0101	0.0101	0.0101	0.0101	0.0019	0.0101	0.0101	0.0101	0.0122	0.0101	0.0101	0.0101	0.0101	0.0101	0.0101	0.0101	0.0116	0.0104	0.0101	0.0101	0.0101	0.0101	0.0019	0.0101	0.0101	0.0101	0.0104	0.0101	0.0101	0.0101	0.0101	0.0101	0.0101	0.0101	0.0101	0.0101	0.0101	0.0019	0.0101	0.0101	0.0101	0.0101	0.0101	0.0101	0.0101	0.0101	0.0101	0.014	0.0101	0.0101	0.0104	0.0101	0.0101	0.0101	0.0101	0.0101	0.0101	0.0101	0.0101	0.0101	0.0101	0.0101	0.0019	0.0019	0.0101	0.014	0.0101	0.0101	0.0101	0.0019	0.0101	0.0101	0.0101	0.0101	0.0101	0.0101	0.0101	0.0101	0.0101	0.0104	0.0019	0.0101	0.0101	0.0101	0.0122	0.0019	0.0101	0.0101	0.0101	0.0101	0.0101	0.0101	0.0101	0.0101	0.0101	0.0101	0.0101	0.0101	0.0019	0.0101	0.0101	0.0101	0.0101	0.0101	0.0101	0.0101	0.0101	0.0101	0.0101	0.0101	0.0101	0.0101	0.0101	0.0101	0.0101	0.0101	0.0122	0.0101	0.0101	0.0101	0.0101	0.0101	0.0116	0.0101	0.0019	0.0104	0.0101	0.0019	0.0101	0.0101	0.0104	0.0019	0.0101	0.0101	0.0101	0.0101	0.0019	0.0122	0.0101	0.0101	0.0101	0.0101	0.0101	0.0122	0.0101	0.0019	0.0101	0.0101	0.0098	0.0101	0.0101	0.0101	0.0101	0.0101	0.0101	0.0019	0.0101	0.0101	0.0101	0.0101	0.0101	0.0101	0.0104	0.0122	0.0101	0.0101	0.0101	0.0101	0.0101	0.0122	0.0019	0.0101	0.0101	0.0101	0.0101	0.0101	0.0101	0.0101	0.0101	0.0101	0.0101	0.0101	0.0101	0.0101	0.0101	0.0101	0.0101	0.0019	0.0019	0.0101	0.0101	0.0101	0.0101	0.0101	0.0101	0.0101	0.0101	0.0019	0.0101	0.0101	0.0101	0.0019	0.0101	0.0101	0.0101	0.0101	0.0101	0.0101	0.0101	0.0101	0.0101	0.0101	0.0122	0.0101	0.0101	0.0101	0.0101	0.0101	0.0101	0.0101	0.0101	0.0101	0.0101	0.0101	0.0101	0.0101	0.0101	0.0101	0.0101	0.0101	0.0101	0.0101	0.0101	0.0101	0.0019	0.0104	0.0019	0.0122	0.0101	0.0101	0.0101	0.0122	0.0101	0.0019	0.0101	0.0101	0.0101	0.0101	0.0101	0.0116	0.0101	0.0101	0.0101	0.0101	0.0101	0.0101	0.0019	0.0101	0.0122	0.0101	0.0101	0.0098	0.0101	0.0101	0.0101	0.0019	0.0104	0.0101	0.0101	0.0104	0.0101	0.0101	0.0101	0.0101	0.0101	0.0101	0.0101	0.0122	0.0101	0.0101	0.0101	0.0101	0.0101	0.014	0.0122	0.0101	0.0101	0.0122	0.0101	0.0101	0.0101	0.0101	0.0101	0.0019	0.0101	0.0019	0.0101	0.0019	0.0101	0.0101	0.0101	0.0101	0.0101	0.0003	0.0101	0.0101	0.0101	0.0116	0.0101	0.0101	0.0101	0.0101	0.0101	0.0122	0.0019	0.0101	0.0101	0.0101	0.0101	0.0101	0.0101	0.0101	0.0101	0.0101	0.0003	0.0101	0.0101	0.0101	0.0101	0.0101	0.0101	0.0101	0.0101	0.0122	0.0101	0.0101	0.0104	0.014	0.0101	0.0019	0.0101	0.0101	0.0101	0.0019	0.0019	0.0101	0.0101	0.0101	0.0101	0.0101	0.0101	0.0101	0.0101	0.0101	0.0101	0.0101	0.0101	0.0101	0.0101	0.0101	0.0101	0.0101	0.0101	0.0101	0.0101	0.0101	0.0019	0.0101	0.0101	0.0116	0.0098	0.0101	0.0101	0.0101	0.0101	0.0116	0.0101	0.0101	0.0101	0.0019	0.0101	0.0101	0.0101	0.0101	0.0101	0.0104	0.0101	0.0101	0.0101	0.0104	0.0101	0.0101	0.0101	0.0101	0.014	0.0101	0.0101	0.0101	0.0101	0.0101	0.0101	0.0104	0.0101	0.0101	0.014	0.0101	0.0101	0.0101	0.0019	0.0101	0.0101	0.0003	0.0055	0.0055	0.0055	0.0055	0.0055	0.0055	0.0055	0.0055	0.0055	0.0055	0.0055	0.0055	0.0055	0.0055	0.0055	0.0055	0.0055	0.0055	0.0055	0.0055	0.0055	0.0055	0.0055	0.0055	0.0055	0.0055	0.0055	0.0055	0.0055	0.0055	0.0055	0.0055	0.0055	0.0055	0.0055	0.0055	0.0055	0.0055	0.0055	0.0055	0.0055	0.0055	0.0055	0.0055	0.0055	0.0055	0.0055	0.0055	0.0055	0.0055	0.0055	0.0055	0.0055	0.0055	0.0055	0.0055	0.0055	0.0055	0.0055	0.0055	0.0055	0.0055	0.0055	0.0055	0.0055	0.0055	0.0055	0.0055	0.0055	0.0055	0.0055	0.0055	0.0055	0.0055	0.0055	0.0055	0.0055	0.0055	0.0055	0.0055	0.0055
10	0.0722	0.0722	0.0722	0.0722	0.0722	0.0331	0.0331	0.0331	0.0331	0.0331	0.0331	0.0331	0.0331	0.0331	0.0331	0.0331	0.0331	0.0331	0.0231	0.0231	0.0231	0.0231	0.0231	0.0231	0.0231	0.0231	0.0231	0.0231	0.0231	0.0231	0.0231	0.0231	0.0231	0.0201	0.0231	0.0231	0.0231	0.0231	0.0288	0.0231	0.0231	0.0231	0.0231	0.0231	0.0231	0.0231	0.0231	0.0231	0.0231	0.0412	0.0231	0.0231	0.0231	0.0412	0.0231	0.0231	0.0231	0.0234	0.0231	0.0231	0.0231	0.0231	0.0231	0.0231	0.0231	0.0231	0.0231	0.0231	0.0231	0.0231	0.0231	0.0231	0.0231	0.0412	0.0231	0.0231	0.0201	0.0412	0.0231	0.0231	0.0231	0.0231	0.0131	0.0231	0.0378	0.0378	0.0231	0.0231	0.0231	0.0231	0.0231	0.0231	0.0231	0.0578	0.0231	0.0231	0.0231	0.0231	0.0231	0.0231	0.0231	0.0231	0.0231	0.0131	0.0231	0.0231	0.0231	0.0231	0.0231	0.0231	0.0231	0.0412	0.0231	0.0231	0.0231	0.0234	0.0231	0.0231	0.0231	0.0231	0.0231	0.0231	0.0231	0.0201	0.0288	0.0231	0.0231	0.0231	0.0231	0.0412	0.0231	0.0231	0.0231	0.0288	0.0231	0.0231	0.0231	0.0231	0.0231	0.0231	0.0231	0.0231	0.0231	0.0231	0.0412	0.0231	0.0231	0.0231	0.0231	0.0231	0.0231	0.0231	0.0231	0.0231	0.0131	0.0231	0.0231	0.0288	0.0231	0.0231	0.0231	0.0231	0.0231	0.0231	0.0231	0.0231	0.0231	0.0231	0.0231	0.0412	0.0412	0.0231	0.0131	0.0231	0.0231	0.0231	0.0412	0.0231	0.0231	0.0231	0.0231	0.0231	0.0231	0.0231	0.0231	0.0231	0.0288	0.0412	0.0231	0.0231	0.0231	0.0234	0.0412	0.0231	0.0231	0.0231	0.0231	0.0231	0.0231	0.0231	0.0231	0.0231	0.0231	0.0231	0.0231	0.0412	0.0231	0.0231	0.0231	0.0231	0.0231	0.0231	0.0231	0.0231	0.0231	0.0231	0.0231	0.0231	0.0231	0.0231	0.0231	0.0231	0.0231	0.0234	0.0231	0.0231	0.0231	0.0231	0.0231	0.0201	0.0231	0.0412	0.0288	0.0231	0.0412	0.0231	0.0231	0.0288	0.0412	0.0231	0.0231	0.0231	0.0231	0.0412	0.0234	0.0231	0.0231	0.0231	0.0231	0.0231	0.0234	0.0231	0.0412	0.0231	0.0231	0.0378	0.0231	0.0231	0.0231	0.0231	0.0231	0.0231	0.0412	0.0231	0.0231	0.0231	0.0231	0.0231	0.0231	0.0288	0.0234	0.0231	0.0231	0.0231	0.0231	0.0231	0.0234	0.0412	0.0231	0.0231	0.0231	0.0231	0.0231	0.0231	0.0231	0.0231	0.0231	0.0231	0.0231	0.0231	0.0231	0.0231	0.0231	0.0231	0.0412	0.0412	0.0231	0.0231	0.0231	0.0231	0.0231	0.0231	0.0231	0.0231	0.0412	0.0231	0.0231	0.0231	0.0412	0.0231	0.0231	0.0231	0.0231	0.0231	0.0231	0.0231	0.0231	0.0231	0.0231	0.0234	0.0231	0.0231	0.0231	0.0231	0.0231	0.0231	0.0231	0.0231	0.0231	0.0231	0.0231	0.0231	0.0231	0.0231	0.0231	0.0231	0.0231	0.0231	0.0231	0.0231	0.0231	0.0412	0.0288	0.0412	0.0234	0.0231	0.0231	0.0231	0.0234	0.0231	0.0412	0.0231	0.0231	0.0231	0.0231	0.0231	0.0201	0.0231	0.0231	0.0231	0.0231	0.0231	0.0231	0.0412	0.0231	0.0234	0.0231	0.0231	0.0378	0.0231	0.0231	0.0231	0.0412	0.0288	0.0231	0.0231	0.0288	0.0231	0.0231	0.0231	0.0231	0.0231	0.0231	0.0231	0.0234	0.0231	0.0231	0.0231	0.0231	0.0231	0.0131	0.0234	0.0231	0.0231	0.0234	0.0231	0.0231	0.0231	0.0231	0.0231	0.0412	0.0231	0.0412	0.0231	0.0412	0.0231	0.0231	0.0231	0.0231	0.0231	0.0578	0.0231	0.0231	0.0231	0.0201	0.0231	0.0231	0.0231	0.0231	0.0231	0.0234	0.0412	0.0231	0.0231	0.0231	0.0231	0.0231	0.0231	0.0231	0.0231	0.0231	0.0578	0.0231	0.0231	0.0231	0.0231	0.0231	0.0231	0.0231	0.0231	0.0234	0.0231	0.0231	0.0288	0.0131	0.0231	0.0412	0.0231	0.0231	0.0231	0.0412	0.0412	0.0231	0.0231	0.0231	0.0231	0.0231	0.0231	0.0231	0.0231	0.0231	0.0231	0.0231	0.0231	0.0231	0.0231	0.0231	0.0231	0.0231	0.0231	0.0231	0.0231	0.0231	0.0412	0.0231	0.0231	0.0201	0.0378	0.0231	0.0231	0.0231	0.0231	0.0201	0.0231	0.0231	0.0231	0.0412	0.0231	0.0231	0.0231	0.0231	0.0231	0.0288	0.0231	0.0231	0.0231	0.0288	0.0231	0.0231	0.0231	0.0231	0.0131	0.0231	0.0231	0.0231	0.0231	0.0231	0.0231	0.0288	0.0231	0.0231	0.0131	0.0231	0.0231	0.0231	0.0412	0.0231	0.0231	0.0578	0.0043	0.0043	0.0043	0.0043	0.0043	0.0043	0.0043	0.0043	0.0043	0.0043	0.0043	0.0043	0.0043	0.0043	0.0043	0.0043	0.0043	0.0043	0.0043	0.0043	0.0043	0.0043	0.0043	0.0043	0.0043	0.0043	0.0043	0.0043	0.0043	0.0043	0.0043	0.0043	0.0043	0.0043	0.0043	0.0043	0.0043	0.0043	0.0043	0.0043	0.0043	0.0043	0.0043	0.0043	0.0043	0.0043	0.0043	0.0043	0.0043	0.0043	0.0043	0.0043	0.0043	0.0043	0.0043	0.0043	0.0043	0.0043	0.0043	0.0043	0.0043	0.0043	0.0043	0.0043	0.0043	0.0043	0.0043	0.0043	0.0043	0.0043	0.0043	0.0043	0.0043	0.0043	0.0043	0.0043	0.0043	0.0043	0.0043	0.0043	0.0043
11	0.0602	0.0602	0.0602	0.0602	0.0602	0.0256	0.0256	0.0256	0.0256	0.0256	0.0256	0.0256	0.0256	0.0256	0.0256	0.0256	0.0256	0.0256	0.0115	0.0115	0.0115	0.0115	0.0115	0.0115	0.0115	0.0115	0.0115	0.0115	0.0115	0.0115	0.0115	0.0115	0.0115	0.012	0.0115	0.0115	0.0115	0.0115	0.0056	0.0115	0.0115	0.0115	0.0115	0.0115	0.0115	0.0115	0.0115	0.0115	0.0115	0.0012	0.0115	0.0115	0.0115	0.0012	0.0115	0.0115	0.0115	0.0124	0.0115	0.0115	0.0115	0.0115	0.0115	0.0115	0.0115	0.0115	0.0115	0.0115	0.0115	0.0115	0.0115	0.0115	0.0115	0.0012	0.0115	0.0115	0.012	0.0012	0.0115	0.0115	0.0115	0.0115	0.011	0.0115	0.0092	0.0092	0.0115	0.0115	0.0115	0.0115	0.0115	0.0115	0.0115	0.0126	0.0115	0.0115	0.0115	0.0115	0.0115	0.0115	0.0115	0.0115	0.0115	0.011	0.0115	0.0115	0.0115	0.0115	0.0115	0.0115	0.0115	0.0012	0.0115	0.0115	0.0115	0.0124	0.0115	0.0115	0.0115	0.0115	0.0115	0.0115	0.0115	0.012	0.0056	0.0115	0.0115	0.0115	0.0115	0.0012	0.0115	0.0115	0.0115	0.0056	0.0115	0.0115	0.0115	0.0115	0.0115	0.0115	0.0115	0.0115	0.0115	0.0115	0.0012	0.0115	0.0115	0.0115	0.0115	0.0115	0.0115	0.0115	0.0115	0.0115	0.011	0.0115	0.0115	0.0056	0.0115	0.0115	0.0115	0.0115	0.0115	0.0115	0.0115	0.0115	0.0115	0.0115	0.0115	0.0012	0.0012	0.0115	0.011	0.0115	0.0115	0.0115	0.0012	0.0115	0.0115	0.0115	0.0115	0.0115	0.0115	0.0115	0.0115	0.0115	0.0056	0.0012	0.0115	0.0115	0.0115	0.0124	0.0012	0.0115	0.0115	0.0115	0.0115	0.0115	0.0115	0.0115	0.0115	0.0115	0.0115	0.0115	0.0115	0.0012	0.0115	0.0115	0.0115	0.0115	0.0115	0.0115	0.0115	0.0115	0.0115	0.0115	0.0115	0.0115	0.0115	0.0115	0.0115	0.0115	0.0115	0.0124	0.0115	0.0115	0.0115	0.0115	0.0115	0.012	0.0115	0.0012	0.0056	0.0115	0.0012	0.0115	0.0115	0.0056	0.0012	0.0115	0.0115	0.0115	0.0115	0.0012	0.0124	0.0115	0.0115	0.0115	0.0115	0.0115	0.0124	0.0115	0.0012	0.0115	0.0115	0.0092	0.0115	0.0115	0.0115	0.0115	0.0115	0.0115	0.0012	0.0115	0.0115	0.0115	0.0115	0.0115	0.0115	0.0056	0.0124	0.0115	0.0115	0.0115	0.0115	0.0115	0.0124	0.0012	0.0115	0.0115	0.0115	0.0115	0.0115	0.0115	0.0115	0.0115	0.0115	0.0115	0.0115	0.0115	0.0115	0.0115	0.0115	0.0115	0.0012	0.0012	0.0115	0.0115	0.0115	0.0115	0.0115	0.0115	0.0115	0.0115	0.0012	0.0115	0.0115	0.0115	0.0012	0.0115	0.0115	0.0115	0.0115	0.0115	0.0115	0.0115	0.0115	0.0115	0.0115	0.0124	0.0115	0.0115	0.0115	0.0115	0.0115	0.0115	0.0115	0.0115	0.0115	0.0115	0.0115	0.0115	0.0115	0.0115	0.0115	0.0115	0.0115	0.0115	0.0115	0.0115	0.0115	0.0012	0.0056	0.0012	0.0124	0.0115	0.0115	0.0115	0.0124	0.0115	0.0012	0.0115	0.0115	0.0115	0.0115	0.0115	0.012	0.0115	0.0115	0.0115	0.0115	0.0115	0.0115	0.0012	0.0115	0.0124	0.0115	0.0115	0.0092	0.0115	0.0115	0.0115	0.0012	0.0056	0.0115	0.0115	0.0056	0.0115	0.0115	0.0115	0.0115	0.0115	0.0115	0.0115	0.0124	0.0115	0.0115	0.0115	0.0115	0.0115	0.011	0.0124	0.0115	0.0115	0.0124	0.0115	0.0115	0.0115	0.0115	0.0115	0.0012	0.0115	0.0012	0.0115	0.0012	0.0115	0.0115	0.0115	0.0115	0.0115	0.0126	0.0115	0.0115	0.0115	0.012	0.0115	0.0115	0.0115	0.0115	0.0115	0.0124	0.0012	0.0115	0.0115	0.0115	0.0115	0.0115	0.0115	0.0115	0.0115	0.0115	0.0126	0.0115	0.0115	0.0115	0.0115	0.0115	0.0115	0.0115	0.0115	0.0124	0.0115	0.0115	0.0056	0.011	0.0115	0.0012	0.0115	0.0115	0.0115	0.0012	0.0012	0.0115	0.0115	0.0115	0.0115	0.0115	0.0115	0.0115	0.0115	0.0115	0.0115	0.0115	0.0115	0.0115	0.0115	0.0115	0.0115	0.0115	0.0115	0.0115	0.0115	0.0115	0.0012	0.0115	0.0115	0.012	0.0092	0.0115	0.0115	0.0115	0.0115	0.012	0.0115	0.0115	0.0115	0.0012	0.0115	0.0115	0.0115	0.0115	0.0115	0.0056	0.0115	0.0115	0.0115	0.0056	0.0115	0.0115	0.0115	0.0115	0.011	0.0115	0.0115	0.0115	0.0115	0.0115	0.0115	0.0056	0.0115	0.0115	0.011	0.0115	0.0115	0.0115	0.0012	0.0115	0.0115	0.0126	0.019	0.019	0.019	0.019	0.019	0.019	0.019	0.019	0.019	0.019	0.019	0.019	0.019	0.019	0.019	0.019	0.019	0.019	0.019	0.019	0.019	0.019	0.019	0.019	0.019	0.019	0.019	0.019	0.019	0.019	0.019	0.019	0.019	0.019	0.019	0.019	0.019	0.019	0.019	0.019	0.019	0.019	0.019	0.019	0.019	0.019	0.019	0.019	0.019	0.019	0.019	0.019	0.019	0.019	0.019	0.019	0.019	0.019	0.019	0.019	0.019	0.019	0.019	0.019	0.019	0.019	0.019	0.019	0.019	0.019	0.019	0.019	0.019	0.019	0.019	0.019	0.019	0.019	0.019	0.019	0.019
12	0.0726	0.0726	0.0726	0.0726	0.0726	0.0352	0.0352	0.0352	0.0352	0.0352	0.0352	0.0352	0.0352	0.0352	0.0352	0.0352	0.0352	0.0352	0.0074	0.0074	0.0074	0.0074	0.0074	0.0074	0.0074	0.0074	0.0074	0.0074	0.0074	0.0074	0.0074	0.0074	0.0074	0.0067	0.0074	0.0074	0.0074	0.0074	0.0031	0.0074	0.0074	0.0074	0.0074	0.0074	0.0074	0.0074	0.0074	0.0074	0.0074	0.0095	0.0074	0.0074	0.0074	0.0095	0.0074	0.0074	0.0074	0.003	0.0074	0.0074	0.0074	0.0074	0.0074	0.0074	0.0074	0.0074	0.0074	0.0074	0.0074	0.0074	0.0074	0.0074	0.0074	0.0095	0.0074	0.0074	0.0067	0.0095	0.0074	0.0074	0.0074	0.0074	0.0053	0.0074	0.0045	0.0045	0.0074	0.0074	0.0074	0.0074	0.0074	0.0074	0.0074	0.0591	0.0074	0.0074	0.0074	0.0074	0.0074	0.0074	0.0074	0.0074	0.0074	0.0053	0.0074	0.0074	0.0074	0.0074	0.0074	0.0074	0.0074	0.0095	0.0074	0.0074	0.0074	0.003	0.0074	0.0074	0.0074	0.0074	0.0074	0.0074	0.0074	0.0067	0.0031	0.0074	0.0074	0.0074	0.0074	0.0095	0.0074	0.0074	0.0074	0.0031	0.0074	0.0074	0.0074	0.0074	0.0074	0.0074	0.0074	0.0074	0.0074	0.0074	0.0095	0.0074	0.0074	0.0074	0.0074	0.0074	0.0074	0.0074	0.0074	0.0074	0.0053	0.0074	0.0074	0.0031	0.0074	0.0074	0.0074	0.0074	0.0074	0.0074	0.0074	0.0074	0.0074	0.0074	0.0074	0.0095	0.0095	0.0074	0.0053	0.0074	0.0074	0.0074	0.0095	0.0074	0.0074	0.0074	0.0074	0.0074	0.0074	0.0074	0.0074	0.0074	0.0031	0.0095	0.0074	0.0074	0.0074	0.003	0.0095	0.0074	0.0074	0.0074	0.0074	0.0074	0.0074	0.0074	0.0074	0.0074	0.0074	0.0074	0.0074	0.0095	0.0074	0.0074	0.0074	0.0074	0.0074	0.0074	0.0074	0.0074	0.0074	0.0074	0.0074	0.0074	0.0074	0.0074	0.0074	0.0074	0.0074	0.003	0.0074	0.0074	0.0074	0.0074	0.0074	0.0067	0.0074	0.0095	0.0031	0.0074	0.0095	0.0074	0.0074	0.0031	0.0095	0.0074	0.0074	0.0074	0.0074	0.0095	0.003	0.0074	0.0074	0.0074	0.0074	0.0074	0.003	0.0074	0.0095	0.0074	0.0074	0.0045	0.0074	0.0074	0.0074	0.0074	0.0074	0.0074	0.0095	0.0074	0.0074	0.0074	0.0074	0.0074	0.0074	0.0031	0.003	0.0074	0.0074	0.0074	0.0074	0.0074	0.003	0.0095	0.0074	0.0074	0.0074	0.0074	0.0074	0.0074	0.0074	0.0074	0.0074	0.0074	0.0074	0.0074	0.0074	0.0074	0.0074	0.0074	0.0095	0.0095	0.0074	0.0074	0.0074	0.0074	0.0074	0.0074	0.0074	0.0074	0.0095	0.0074	0.0074	0.0074	0.0095	0.0074	0.0074	0.0074	0.0074	0.0074	0.0074	0.0074	0.0074	0.0074	0.0074	0.003	0.0074	0.0074	0.0074	0.0074	0.0074	0.0074	0.0074	0.0074	0.0074	0.0074	0.0074	0.0074	0.0074	0.0074	0.0074	0.0074	0.0074	0.0074	0.0074	0.0074	0.0074	0.0095	0.0031	0.0095	0.003	0.0074	0.0074	0.0074	0.003	0.0074	0.0095	0.0074	0.0074	0.0074	0.0074	0.0074	0.0067	0.0074	0.0074	0.0074	0.0074	0.0074	0.0074	0.0095	0.0074	0.003	0.0074	0.0074	0.0045	0.0074	0.0074	0.0074	0.0095	0.0031	0.0074	0.0074	0.0031	0.0074	0.0074	0.0074	0.0074	0.0074	0.0074	0.0074	0.003	0.0074	0.0074	0.0074	0.0074	0.0074	0.0053	0.003	0.0074	0.0074	0.003	0.0074	0.0074	0.0074	0.0074	0.0074	0.0095	0.0074	0.0095	0.0074	0.0095	0.0074	0.0074	0.0074	0.0074	0.0074	0.0591	0.0074	0.0074	0.0074	0.0067	0.0074	0.0074	0.0074	0.0074	0.0074	0.003	0.0095	0.0074	0.0074	0.0074	0.0074	0.0074	0.0074	0.0074	0.0074	0.0074	0.0591	0.0074	0.0074	0.0074	0.0074	0.0074	0.0074	0.0074	0.0074	0.003	0.0074	0.0074	0.0031	0.0053	0.0074	0.0095	0.0074	0.0074	0.0074	0.0095	0.0095	0.0074	0.0074	0.0074	0.0074	0.0074	0.0074	0.0074	0.0074	0.0074	0.0074	0.0074	0.0074	0.0074	0.0074	0.0074	0.0074	0.0074	0.0074	0.0074	0.0074	0.0074	0.0095	0.0074	0.0074	0.0067	0.0045	0.0074	0.0074	0.0074	0.0074	0.0067	0.0074	0.0074	0.0074	0.0095	0.0074	0.0074	0.0074	0.0074	0.0074	0.0031	0.0074	0.0074	0.0074	0.0031	0.0074	0.0074	0.0074	0.0074	0.0053	0.0074	0.0074	0.0074	0.0074	0.0074	0.0074	0.0031	0.0074	0.0074	0.0053	0.0074	0.0074	0.0074	0.0095	0.0074	0.0074	0.0591	0.0031	0.0031	0.0031	0.0031	0.0031	0.0031	0.0031	0.0031	0.0031	0.0031	0.0031	0.0031	0.0031	0.0031	0.0031	0.0031	0.0031	0.0031	0.0031	0.0031	0.0031	0.0031	0.0031	0.0031	0.0031	0.0031	0.0031	0.0031	0.0031	0.0031	0.0031	0.0031	0.0031	0.0031	0.0031	0.0031	0.0031	0.0031	0.0031	0.0031	0.0031	0.0031	0.0031	0.0031	0.0031	0.0031	0.0031	0.0031	0.0031	0.0031	0.0031	0.0031	0.0031	0.0031	0.0031	0.0031	0.0031	0.0031	0.0031	0.0031	0.0031	0.0031	0.0031	0.0031	0.0031	0.0031	0.0031	0.0031	0.0031	0.0031	0.0031	0.0031	0.0031	0.0031	0.0031	0.0031	0.0031	0.0031	0.0031	0.0031	0.0031
13	0.0619	0.0619	0.0619	0.0619	0.0619	0.0227	0.0227	0.0227	0.0227	0.0227	0.0227	0.0227	0.0227	0.0227	0.0227	0.0227	0.0227	0.0227	0.01	0.01	0.01	0.01	0.01	0.01	0.01	0.01	0.01	0.01	0.01	0.01	0.01	0.01	0.01	0.0111	0.01	0.01	0.01	0.01	0.0072	0.01	0.01	0.01	0.01	0.01	0.01	0.01	0.01	0.01	0.01	0.0036	0.01	0.01	0.01	0.0036	0.01	0.01	0.01	0.0071	0.01	0.01	0.01	0.01	0.01	0.01	0.01	0.01	0.01	0.01	0.01	0.01	0.01	0.01	0.01	0.0036	0.01	0.01	0.0111	0.0036	0.01	0.01	0.01	0.01	0.0142	0.01	0.0103	0.0103	0.01	0.01	0.01	0.01	0.01	0.01	0.01	0.0552	0.01	0.01	0.01	0.01	0.01	0.01	0.01	0.01	0.01	0.0142	0.01	0.01	0.01	0.01	0.01	0.01	0.01	0.0036	0.01	0.01	0.01	0.0071	0.01	0.01	0.01	0.01	0.01	0.01	0.01	0.0111	0.0072	0.01	0.01	0.01	0.01	0.0036	0.01	0.01	0.01	0.0072	0.01	0.01	0.01	0.01	0.01	0.01	0.01	0.01	0.01	0.01	0.0036	0.01	0.01	0.01	0.01	0.01	0.01	0.01	0.01	0.01	0.0142	0.01	0.01	0.0072	0.01	0.01	0.01	0.01	0.01	0.01	0.01	0.01	0.01	0.01	0.01	0.0036	0.0036	0.01	0.0142	0.01	0.01	0.01	0.0036	0.01	0.01	0.01	0.01	0.01	0.01	0.01	0.01	0.01	0.0072	0.0036	0.01	0.01	0.01	0.0071	0.0036	0.01	0.01	0.01	0.01	0.01	0.01	0.01	0.01	0.01	0.01	0.01	0.01	0.0036	0.01	0.01	0.01	0.01	0.01	0.01	0.01	0.01	0.01	0.01	0.01	0.01	0.01	0.01	0.01	0.01	0.01	0.0071	0.01	0.01	0.01	0.01	0.01	0.0111	0.01	0.0036	0.0072	0.01	0.0036	0.01	0.01	0.0072	0.0036	0.01	0.01	0.01	0.01	0.0036	0.0071	0.01	0.01	0.01	0.01	0.01	0.0071	0.01	0.0036	0.01	0.01	0.0103	0.01	0.01	0.01	0.01	0.01	0.01	0.0036	0.01	0.01	0.01	0.01	0.01	0.01	0.0072	0.0071	0.01	0.01	0.01	0.01	0.01	0.0071	0.0036	0.01	0.01	0.01	0.01	0.01	0.01	0.01	0.01	0.01	0.01	0.01	0.01	0.01	0.01	0.01	0.01	0.0036	0.0036	0.01	0.01	0.01	0.01	0.01	0.01	0.01	0.01	0.0036	0.01	0.01	0.01	0.0036	0.01	0.01	0.01	0.01	0.01	0.01	0.01	0.01	0.01	0.01	0.0071	0.01	0.01	0.01	0.01	0.01	0.01	0.01	0.01	0.01	0.01	0.01	0.01	0.01	0.01	0.01	0.01	0.01	0.01	0.01	0.01	0.01	0.0036	0.0072	0.0036	0.0071	0.01	0.01	0.01	0.0071	0.01	0.0036	0.01	0.01	0.01	0.01	0.01	0.0111	0.01	0.01	0.01	0.01	0.01	0.01	0.0036	0.01	0.0071	0.01	0.01	0.0103	0.01	0.01	0.01	0.0036	0.0072	0.01	0.01	0.0072	0.01	0.01	0.01	0.01	0.01	0.01	0.01	0.0071	0.01	0.01	0.01	0.01	0.01	0.0142	0.0071	0.01	0.01	0.0071	0.01	0.01	0.01	0.01	0.01	0.0036	0.01	0.0036	0.01	0.0036	0.01	0.01	0.01	0.01	0.01	0.0552	0.01	0.01	0.01	0.0111	0.01	0.01	0.01	0.01	0.01	0.0071	0.0036	0.01	0.01	0.01	0.01	0.01	0.01	0.01	0.01	0.01	0.0552	0.01	0.01	0.01	0.01	0.01	0.01	0.01	0.01	0.0071	0.01	0.01	0.0072	0.0142	0.01	0.0036	0.01	0.01	0.01	0.0036	0.0036	0.01	0.01	0.01	0.01	0.01	0.01	0.01	0.01	0.01	0.01	0.01	0.01	0.01	0.01	0.01	0.01	0.01	0.01	0.01	0.01	0.01	0.0036	0.01	0.01	0.0111	0.0103	0.01	0.01	0.01	0.01	0.0111	0.01	0.01	0.01	0.0036	0.01	0.01	0.01	0.01	0.01	0.0072	0.01	0.01	0.01	0.0072	0.01	0.01	0.01	0.01	0.0142	0.01	0.01	0.01	0.01	0.01	0.01	0.0072	0.01	0.01	0.0142	0.01	0.01	0.01	0.0036	0.01	0.01	0.0552	0.0167	0.0167	0.0167	0.0167	0.0167	0.0167	0.0167	0.0167	0.0167	0.0167	0.0167	0.0167	0.0167	0.0167	0.0167	0.0167	0.0167	0.0167	0.0167	0.0167	0.0167	0.0167	0.0167	0.0167	0.0167	0.0167	0.0167	0.0167	0.0167	0.0167	0.0167	0.0167	0.0167	0.0167	0.0167	0.0167	0.0167	0.0167	0.0167	0.0167	0.0167	0.0167	0.0167	0.0167	0.0167	0.0167	0.0167	0.0167	0.0167	0.0167	0.0167	0.0167	0.0167	0.0167	0.0167	0.0167	0.0167	0.0167	0.0167	0.0167	0.0167	0.0167	0.0167	0.0167	0.0167	0.0167	0.0167	0.0167	0.0167	0.0167	0.0167	0.0167	0.0167	0.0167	0.0167	0.0167	0.0167	0.0167	0.0167	0.0167	0.0167
14	0.0927	0.0927	0.0927	0.0927	0.0927	0.0182	0.0182	0.0182	0.0182	0.0182	0.0182	0.0182	0.0182	0.0182	0.0182	0.0182	0.0182	0.0182	0.0157	0.0157	0.0157	0.0157	0.0157	0.0157	0.0157	0.0157	0.0157	0.0157	0.0157	0.0157	0.0157	0.0157	0.0157	0.0105	0.0157	0.0157	0.0157	0.0157	0.0128	0.0157	0.0157	0.0157	0.0157	0.0157	0.0157	0.0157	0.0157	0.0157	0.0157	0.0034	0.0157	0.0157	0.0157	0.0034	0.0157	0.0157	0.0157	0.0094	0.0157	0.0157	0.0157	0.0157	0.0157	0.0157	0.0157	0.0157	0.0157	0.0157	0.0157	0.0157	0.0157	0.0157	0.0157	0.0034	0.0157	0.0157	0.0105	0.0034	0.0157	0.0157	0.0157	0.0157	0.0071	0.0157	0.0335	0.0335	0.0157	0.0157	0.0157	0.0157	0.0157	0.0157	0.0157	0.1243	0.0157	0.0157	0.0157	0.0157	0.0157	0.0157	0.0157	0.0157	0.0157	0.0071	0.0157	0.0157	0.0157	0.0157	0.0157	0.0157	0.0157	0.0034	0.0157	0.0157	0.0157	0.0094	0.0157	0.0157	0.0157	0.0157	0.0157	0.0157	0.0157	0.0105	0.0128	0.0157	0.0157	0.0157	0.0157	0.0034	0.0157	0.0157	0.0157	0.0128	0.0157	0.0157	0.0157	0.0157	0.0157	0.0157	0.0157	0.0157	0.0157	0.0157	0.0034	0.0157	0.0157	0.0157	0.0157	0.0157	0.0157	0.0157	0.0157	0.0157	0.0071	0.0157	0.0157	0.0128	0.0157	0.0157	0.0157	0.0157	0.0157	0.0157	0.0157	0.0157	0.0157	0.0157	0.0157	0.0034	0.0034	0.0157	0.0071	0.0157	0.0157	0.0157	0.0034	0.0157	0.0157	0.0157	0.0157	0.0157	0.0157	0.0157	0.0157	0.0157	0.0128	0.0034	0.0157	0.0157	0.0157	0.0094	0.0034	0.0157	0.0157	0.0157	0.0157	0.0157	0.0157	0.0157	0.0157	0.0157	0.0157	0.0157	0.0157	0.0034	0.0157	0.0157	0.0157	0.0157	0.0157	0.0157	0.0157	0.0157	0.0157	0.0157	0.0157	0.0157	0.0157	0.0157	0.0157	0.0157	0.0157	0.0094	0.0157	0.0157	0.0157	0.0157	0.0157	0.0105	0.0157	0.0034	0.0128	0.0157	0.0034	0.0157	0.0157	0.0128	0.0034	0.0157	0.0157	0.0157	0.0157	0.0034	0.0094	0.0157	0.0157	0.0157	0.0157	0.0157	0.0094	0.0157	0.0034	0.0157	0.0157	0.0335	0.0157	0.0157	0.0157	0.0157	0.0157	0.0157	0.0034	0.0157	0.0157	0.0157	0.0157	0.0157	0.0157	0.0128	0.0094	0.0157	0.0157	0.0157	0.0157	0.0157	0.0094	0.0034	0.0157	0.0157	0.0157	0.0157	0.0157	0.0157	0.0157	0.0157	0.0157	0.0157	0.0157	0.0157	0.0157	0.0157	0.0157	0.0157	0.0034	0.0034	0.0157	0.0157	0.0157	0.0157	0.0157	0.0157	0.0157	0.0157	0.0034	0.0157	0.0157	0.0157	0.0034	0.0157	0.0157	0.0157	0.0157	0.0157	0.0157	0.0157	0.0157	0.0157	0.0157	0.0094	0.0157	0.0157	0.0157	0.0157	0.0157	0.0157	0.0157	0.0157	0.0157	0.0157	0.0157	0.0157	0.0157	0.0157	0.0157	0.0157	0.0157	0.0157	0.0157	0.0157	0.0157	0.0034	0.0128	0.0034	0.0094	0.0157	0.0157	0.0157	0.0094	0.0157	0.0034	0.0157	0.0157	0.0157	0.0157	0.0157	0.0105	0.0157	0.0157	0.0157	0.0157	0.0157	0.0157	0.0034	0.0157	0.0094	0.0157	0.0157	0.0335	0.0157	0.0157	0.0157	0.0034	0.0128	0.0157	0.0157	0.0128	0.0157	0.0157	0.0157	0.0157	0.0157	0.0157	0.0157	0.0094	0.0157	0.0157	0.0157	0.0157	0.0157	0.0071	0.0094	0.0157	0.0157	0.0094	0.0157	0.0157	0.0157	0.0157	0.0157	0.0034	0.0157	0.0034	0.0157	0.0034	0.0157	0.0157	0.0157	0.0157	0.0157	0.1243	0.0157	0.0157	0.0157	0.0105	0.0157	0.0157	0.0157	0.0157	0.0157	0.0094	0.0034	0.0157	0.0157	0.0157	0.0157	0.0157	0.0157	0.0157	0.0157	0.0157	0.1243	0.0157	0.0157	0.0157	0.0157	0.0157	0.0157	0.0157	0.0157	0.0094	0.0157	0.0157	0.0128	0.0071	0.0157	0.0034	0.0157	0.0157	0.0157	0.0034	0.0034	0.0157	0.0157	0.0157	0.0157	0.0157	0.0157	0.0157	0.0157	0.0157	0.0157	0.0157	0.0157	0.0157	0.0157	0.0157	0.0157	0.0157	0.0157	0.0157	0.0157	0.0157	0.0034	0.0157	0.0157	0.0105	0.0335	0.0157	0.0157	0.0157	0.0157	0.0105	0.0157	0.0157	0.0157	0.0034	0.0157	0.0157	0.0157	0.0157	0.0157	0.0128	0.0157	0.0157	0.0157	0.0128	0.0157	0.0157	0.0157	0.0157	0.0071	0.0157	0.0157	0.0157	0.0157	0.0157	0.0157	0.0128	0.0157	0.0157	0.0071	0.0157	0.0157	0.0157	0.0034	0.0157	0.0157	0.1243	0.0166	0.0166	0.0166	0.0166	0.0166	0.0166	0.0166	0.0166	0.0166	0.0166	0.0166	0.0166	0.0166	0.0166	0.0166	0.0166	0.0166	0.0166	0.0166	0.0166	0.0166	0.0166	0.0166	0.0166	0.0166	0.0166	0.0166	0.0166	0.0166	0.0166	0.0166	0.0166	0.0166	0.0166	0.0166	0.0166	0.0166	0.0166	0.0166	0.0166	0.0166	0.0166	0.0166	0.0166	0.0166	0.0166	0.0166	0.0166	0.0166	0.0166	0.0166	0.0166	0.0166	0.0166	0.0166	0.0166	0.0166	0.0166	0.0166	0.0166	0.0166	0.0166	0.0166	0.0166	0.0166	0.0166	0.0166	0.0166	0.0166	0.0166	0.0166	0.0166	0.0166	0.0166	0.0166	0.0166	0.0166	0.0166	0.0166	0.0166	0.0166
15	0.9119	0.9119	0.9119	0.9119	0.9119	0.93	0.93	0.93	0.93	0.93	0.93	0.93	0.93	0.93	0.93	0.93	0.93	0.93	0.006	0.006	0.006	0.006	0.006	0.006	0.006	0.006	0.006	0.006	0.006	0.006	0.006	0.006	0.006	0.0033	0.006	0.006	0.006	0.006	0.0031	0.006	0.006	0.006	0.006	0.006	0.006	0.006	0.006	0.006	0.006	0.0003	0.006	0.006	0.006	0.0003	0.006	0.006	0.006	0.0024	0.006	0.006	0.006	0.006	0.006	0.006	0.006	0.006	0.006	0.006	0.006	0.006	0.006	0.006	0.006	0.0003	0.006	0.006	0.0033	0.0003	0.006	0.006	0.006	0.006	0.0063	0.006	0.004	0.004	0.006	0.006	0.006	0.006	0.006	0.006	0.006	0.6093	0.006	0.006	0.006	0.006	0.006	0.006	0.006	0.006	0.006	0.0063	0.006	0.006	0.006	0.006	0.006	0.006	0.006	0.0003	0.006	0.006	0.006	0.0024	0.006	0.006	0.006	0.006	0.006	0.006	0.006	0.0033	0.0031	0.006	0.006	0.006	0.006	0.0003	0.006	0.006	0.006	0.0031	0.006	0.006	0.006	0.006	0.006	0.006	0.006	0.006	0.006	0.006	0.0003	0.006	0.006	0.006	0.006	0.006	0.006	0.006	0.006	0.006	0.0063	0.006	0.006	0.0031	0.006	0.006	0.006	0.006	0.006	0.006	0.006	0.006	0.006	0.006	0.006	0.0003	0.0003	0.006	0.0063	0.006	0.006	0.006	0.0003	0.006	0.006	0.006	0.006	0.006	0.006	0.006	0.006	0.006	0.0031	0.0003	0.006	0.006	0.006	0.0024	0.0003	0.006	0.006	0.006	0.006	0.006	0.006	0.006	0.006	0.006	0.006	0.006	0.006	0.0003	0.006	0.006	0.006	0.006	0.006	0.006	0.006	0.006	0.006	0.006	0.006	0.006	0.006	0.006	0.006	0.006	0.006	0.0024	0.006	0.006	0.006	0.006	0.006	0.0033	0.006	0.0003	0.0031	0.006	0.0003	0.006	0.006	0.0031	0.0003	0.006	0.006	0.006	0.006	0.0003	0.0024	0.006	0.006	0.006	0.006	0.006	0.0024	0.006	0.0003	0.006	0.006	0.004	0.006	0.006	0.006	0.006	0.006	0.006	0.0003	0.006	0.006	0.006	0.006	0.006	0.006	0.0031	0.0024	0.006	0.006	0.006	0.006	0.006	0.0024	0.0003	0.006	0.006	0.006	0.006	0.006	0.006	0.006	0.006	0.006	0.006	0.006	0.006	0.006	0.006	0.006	0.006	0.0003	0.0003	0.006	0.006	0.006	0.006	0.006	0.006	0.006	0.006	0.0003	0.006	0.006	0.006	0.0003	0.006	0.006	0.006	0.006	0.006	0.006	0.006	0.006	0.006	0.006	0.0024	0.006	0.006	0.006	0.006	0.006	0.006	0.006	0.006	0.006	0.006	0.006	0.006	0.006	0.006	0.006	0.006	0.006	0.006	0.006	0.006	0.006	0.0003	0.0031	0.0003	0.0024	0.006	0.006	0.006	0.0024	0.006	0.0003	0.006	0.006	0.006	0.006	0.006	0.0033	0.006	0.006	0.006	0.006	0.006	0.006	0.0003	0.006	0.0024	0.006	0.006	0.004	0.006	0.006	0.006	0.0003	0.0031	0.006	0.006	0.0031	0.006	0.006	0.006	0.006	0.006	0.006	0.006	0.0024	0.006	0.006	0.006	0.006	0.006	0.0063	0.0024	0.006	0.006	0.0024	0.006	0.006	0.006	0.006	0.006	0.0003	0.006	0.0003	0.006	0.0003	0.006	0.006	0.006	0.006	0.006	0.6093	0.006	0.006	0.006	0.0033	0.006	0.006	0.006	0.006	0.006	0.0024	0.0003	0.006	0.006	0.006	0.006	0.006	0.006	0.006	0.006	0.006	0.6093	0.006	0.006	0.006	0.006	0.006	0.006	0.006	0.006	0.0024	0.006	0.006	0.0031	0.0063	0.006	0.0003	0.006	0.006	0.006	0.0003	0.0003	0.006	0.006	0.006	0.006	0.006	0.006	0.006	0.006	0.006	0.006	0.006	0.006	0.006	0.006	0.006	0.006	0.006	0.006	0.006	0.006	0.006	0.0003	0.006	0.006	0.0033	0.004	0.006	0.006	0.006	0.006	0.0033	0.006	0.006	0.006	0.0003	0.006	0.006	0.006	0.006	0.006	0.0031	0.006	0.006	0.006	0.0031	0.006	0.006	0.006	0.006	0.0063	0.006	0.006	0.006	0.006	0.006	0.006	0.0031	0.006	0.006	0.0063	0.006	0.006	0.006	0.0003	0.006	0.006	0.6093	0.0052	0.0052	0.0052	0.0052	0.0052	0.0052	0.0052	0.0052	0.0052	0.0052	0.0052	0.0052	0.0052	0.0052	0.0052	0.0052	0.0052	0.0052	0.0052	0.0052	0.0052	0.0052	0.0052	0.0052	0.0052	0.0052	0.0052	0.0052	0.0052	0.0052	0.0052	0.0052	0.0052	0.0052	0.0052	0.0052	0.0052	0.0052	0.0052	0.0052	0.0052	0.0052	0.0052	0.0052	0.0052	0.0052	0.0052	0.0052	0.0052	0.0052	0.0052	0.0052	0.0052	0.0052	0.0052	0.0052	0.0052	0.0052	0.0052	0.0052	0.0052	0.0052	0.0052	0.0052	0.0052	0.0052	0.0052	0.0052	0.0052	0.0052	0.0052	0.0052	0.0052	0.0052	0.0052	0.0052	0.0052	0.0052	0.0052	0.0052	0.0052
16	0.7558	0.7558	0.7558	0.7558	0.7558	0.9189	0.9189	0.9189	0.9189	0.9189	0.9189	0.9189	0.9189	0.9189	0.9189	0.9189	0.9189	0.9189	0.0184	0.0184	0.0184	0.0184	0.0184	0.0184	0.0184	0.0184	0.0184	0.0184	0.0184	0.0184	0.0184	0.0184	0.0184	0.0201	0.0184	0.0184	0.0184	0.0184	0.0073	0.0184	0.0184	0.0184	0.0184	0.0184	0.0184	0.0184	0.0184	0.0184	0.0184	0.0084	0.0184	0.0184	0.0184	0.0084	0.0184	0.0184	0.0184	0.0059	0.0184	0.0184	0.0184	0.0184	0.0184	0.0184	0.0184	0.0184	0.0184	0.0184	0.0184	0.0184	0.0184	0.0184	0.0184	0.0084	0.0184	0.0184	0.0201	0.0084	0.0184	0.0184	0.0184	0.0184	0.0663	0.0184	0.0164	0.0164	0.0184	0.0184	0.0184	0.0184	0.0184	0.0184	0.0184	0.3923	0.0184	0.0184	0.0184	0.0184	0.0184	0.0184	0.0184	0.0184	0.0184	0.0663	0.0184	0.0184	0.0184	0.0184	0.0184	0.0184	0.0184	0.0084	0.0184	0.0184	0.0184	0.0059	0.0184	0.0184	0.0184	0.0184	0.0184	0.0184	0.0184	0.0201	0.0073	0.0184	0.0184	0.0184	0.0184	0.0084	0.0184	0.0184	0.0184	0.0073	0.0184	0.0184	0.0184	0.0184	0.0184	0.0184	0.0184	0.0184	0.0184	0.0184	0.0084	0.0184	0.0184	0.0184	0.0184	0.0184	0.0184	0.0184	0.0184	0.0184	0.0663	0.0184	0.0184	0.0073	0.0184	0.0184	0.0184	0.0184	0.0184	0.0184	0.0184	0.0184	0.0184	0.0184	0.0184	0.0084	0.0084	0.0184	0.0663	0.0184	0.0184	0.0184	0.0084	0.0184	0.0184	0.0184	0.0184	0.0184	0.0184	0.0184	0.0184	0.0184	0.0073	0.0084	0.0184	0.0184	0.0184	0.0059	0.0084	0.0184	0.0184	0.0184	0.0184	0.0184	0.0184	0.0184	0.0184	0.0184	0.0184	0.0184	0.0184	0.0084	0.0184	0.0184	0.0184	0.0184	0.0184	0.0184	0.0184	0.0184	0.0184	0.0184	0.0184	0.0184	0.0184	0.0184	0.0184	0.0184	0.0184	0.0059	0.0184	0.0184	0.0184	0.0184	0.0184	0.0201	0.0184	0.0084	0.0073	0.0184	0.0084	0.0184	0.0184	0.0073	0.0084	0.0184	0.0184	0.0184	0.0184	0.0084	0.0059	0.0184	0.0184	0.0184	0.0184	0.0184	0.0059	0.0184	0.0084	0.0184	0.0184	0.0164	0.0184	0.0184	0.0184	0.0184	0.0184	0.0184	0.0084	0.0184	0.0184	0.0184	0.0184	0.0184	0.0184	0.0073	0.0059	0.0184	0.0184	0.0184	0.0184	0.0184	0.0059	0.0084	0.0184	0.0184	0.0184	0.0184	0.0184	0.0184	0.0184	0.0184	0.0184	0.0184	0.0184	0.0184	0.0184	0.0184	0.0184	0.0184	0.0084	0.0084	0.0184	0.0184	0.0184	0.0184	0.0184	0.0184	0.0184	0.0184	0.0084	0.0184	0.0184	0.0184	0.0084	0.0184	0.0184	0.0184	0.0184	0.0184	0.0184	0.0184	0.0184	0.0184	0.0184	0.0059	0.0184	0.0184	0.0184	0.0184	0.0184	0.0184	0.0184	0.0184	0.0184	0.0184	0.0184	0.0184	0.0184	0.0184	0.0184	0.0184	0.0184	0.0184	0.0184	0.0184	0.0184	0.0084	0.0073	0.0084	0.0059	0.0184	0.0184	0.0184	0.0059	0.0184	0.0084	0.0184	0.0184	0.0184	0.0184	0.0184	0.0201	0.0184	0.0184	0.0184	0.0184	0.0184	0.0184	0.0084	0.0184	0.0059	0.0184	0.0184	0.0164	0.0184	0.0184	0.0184	0.0084	0.0073	0.0184	0.0184	0.0073	0.0184	0.0184	0.0184	0.0184	0.0184	0.0184	0.0184	0.0059	0.0184	0.0184	0.0184	0.0184	0.0184	0.0663	0.0059	0.0184	0.0184	0.0059	0.0184	0.0184	0.0184	0.0184	0.0184	0.0084	0.0184	0.0084	0.0184	0.0084	0.0184	0.0184	0.0184	0.0184	0.0184	0.3923	0.0184	0.0184	0.0184	0.0201	0.0184	0.0184	0.0184	0.0184	0.0184	0.0059	0.0084	0.0184	0.0184	0.0184	0.0184	0.0184	0.0184	0.0184	0.0184	0.0184	0.3923	0.0184	0.0184	0.0184	0.0184	0.0184	0.0184	0.0184	0.0184	0.0059	0.0184	0.0184	0.0073	0.0663	0.0184	0.0084	0.0184	0.0184	0.0184	0.0084	0.0084	0.0184	0.0184	0.0184	0.0184	0.0184	0.0184	0.0184	0.0184	0.0184	0.0184	0.0184	0.0184	0.0184	0.0184	0.0184	0.0184	0.0184	0.0184	0.0184	0.0184	0.0184	0.0084	0.0184	0.0184	0.0201	0.0164	0.0184	0.0184	0.0184	0.0184	0.0201	0.0184	0.0184	0.0184	0.0084	0.0184	0.0184	0.0184	0.0184	0.0184	0.0073	0.0184	0.0184	0.0184	0.0073	0.0184	0.0184	0.0184	0.0184	0.0663	0.0184	0.0184	0.0184	0.0184	0.0184	0.0184	0.0073	0.0184	0.0184	0.0663	0.0184	0.0184	0.0184	0.0084	0.0184	0.0184	0.3923	0.0047	0.0047	0.0047	0.0047	0.0047	0.0047	0.0047	0.0047	0.0047	0.0047	0.0047	0.0047	0.0047	0.0047	0.0047	0.0047	0.0047	0.0047	0.0047	0.0047	0.0047	0.0047	0.0047	0.0047	0.0047	0.0047	0.0047	0.0047	0.0047	0.0047	0.0047	0.0047	0.0047	0.0047	0.0047	0.0047	0.0047	0.0047	0.0047	0.0047	0.0047	0.0047	0.0047	0.0047	0.0047	0.0047	0.0047	0.0047	0.0047	0.0047	0.0047	0.0047	0.0047	0.0047	0.0047	0.0047	0.0047	0.0047	0.0047	0.0047	0.0047	0.0047	0.0047	0.0047	0.0047	0.0047	0.0047	0.0047	0.0047	0.0047	0.0047	0.0047	0.0047	0.0047	0.0047	0.0047	0.0047	0.0047	0.0047	0.0047	0.0047
17	0.8272	0.8272	0.8272	0.8272	0.8272	0.9006	0.9006	0.9006	0.9006	0.9006	0.9006	0.9006	0.9006	0.9006	0.9006	0.9006	0.9006	0.9006	0.0048	0.0048	0.0048	0.0048	0.0048	0.0048	0.0048	0.0048	0.0048	0.0048	0.0048	0.0048	0.0048	0.0048	0.0048	0.0018	0.0048	0.0048	0.0048	0.0048	0.0032	0.0048	0.0048	0.0048	0.0048	0.0048	0.0048	0.0048	0.0048	0.0048	0.0048	0.0002	0.0048	0.0048	0.0048	0.0002	0.0048	0.0048	0.0048	0.0025	0.0048	0.0048	0.0048	0.0048	0.0048	0.0048	0.0048	0.0048	0.0048	0.0048	0.0048	0.0048	0.0048	0.0048	0.0048	0.0002	0.0048	0.0048	0.0018	0.0002	0.0048	0.0048	0.0048	0.0048	0.0044	0.0048	0.0046	0.0046	0.0048	0.0048	0.0048	0.0048	0.0048	0.0048	0.0048	0.0427	0.0048	0.0048	0.0048	0.0048	0.0048	0.0048	0.0048	0.0048	0.0048	0.0044	0.0048	0.0048	0.0048	0.0048	0.0048	0.0048	0.0048	0.0002	0.0048	0.0048	0.0048	0.0025	0.0048	0.0048	0.0048	0.0048	0.0048	0.0048	0.0048	0.0018	0.0032	0.0048	0.0048	0.0048	0.0048	0.0002	0.0048	0.0048	0.0048	0.0032	0.0048	0.0048	0.0048	0.0048	0.0048	0.0048	0.0048	0.0048	0.0048	0.0048	0.0002	0.0048	0.0048	0.0048	0.0048	0.0048	0.0048	0.0048	0.0048	0.0048	0.0044	0.0048	0.0048	0.0032	0.0048	0.0048	0.0048	0.0048	0.0048	0.0048	0.0048	0.0048	0.0048	0.0048	0.0048	0.0002	0.0002	0.0048	0.0044	0.0048	0.0048	0.0048	0.0002	0.0048	0.0048	0.0048	0.0048	0.0048	0.0048	0.0048	0.0048	0.0048	0.0032	0.0002	0.0048	0.0048	0.0048	0.0025	0.0002	0.0048	0.0048	0.0048	0.0048	0.0048	0.0048	0.0048	0.0048	0.0048	0.0048	0.0048	0.0048	0.0002	0.0048	0.0048	0.0048	0.0048	0.0048	0.0048	0.0048	0.0048	0.0048	0.0048	0.0048	0.0048	0.0048	0.0048	0.0048	0.0048	0.0048	0.0025	0.0048	0.0048	0.0048	0.0048	0.0048	0.0018	0.0048	0.0002	0.0032	0.0048	0.0002	0.0048	0.0048	0.0032	0.0002	0.0048	0.0048	0.0048	0.0048	0.0002	0.0025	0.0048	0.0048	0.0048	0.0048	0.0048	0.0025	0.0048	0.0002	0.0048	0.0048	0.0046	0.0048	0.0048	0.0048	0.0048	0.0048	0.0048	0.0002	0.0048	0.0048	0.0048	0.0048	0.0048	0.0048	0.0032	0.0025	0.0048	0.0048	0.0048	0.0048	0.0048	0.0025	0.0002	0.0048	0.0048	0.0048	0.0048	0.0048	0.0048	0.0048	0.0048	0.0048	0.0048	0.0048	0.0048	0.0048	0.0048	0.0048	0.0048	0.0002	0.0002	0.0048	0.0048	0.0048	0.0048	0.0048	0.0048	0.0048	0.0048	0.0002	0.0048	0.0048	0.0048	0.0002	0.0048	0.0048	0.0048	0.0048	0.0048	0.0048	0.0048	0.0048	0.0048	0.0048	0.0025	0.0048	0.0048	0.0048	0.0048	0.0048	0.0048	0.0048	0.0048	0.0048	0.0048	0.0048	0.0048	0.0048	0.0048	0.0048	0.0048	0.0048	0.0048	0.0048	0.0048	0.0048	0.0002	0.0032	0.0002	0.0025	0.0048	0.0048	0.0048	0.0025	0.0048	0.0002	0.0048	0.0048	0.0048	0.0048	0.0048	0.0018	0.0048	0.0048	0.0048	0.0048	0.0048	0.0048	0.0002	0.0048	0.0025	0.0048	0.0048	0.0046	0.0048	0.0048	0.0048	0.0002	0.0032	0.0048	0.0048	0.0032	0.0048	0.0048	0.0048	0.0048	0.0048	0.0048	0.0048	0.0025	0.0048	0.0048	0.0048	0.0048	0.0048	0.0044	0.0025	0.0048	0.0048	0.0025	0.0048	0.0048	0.0048	0.0048	0.0048	0.0002	0.0048	0.0002	0.0048	0.0002	0.0048	0.0048	0.0048	0.0048	0.0048	0.0427	0.0048	0.0048	0.0048	0.0018	0.0048	0.0048	0.0048	0.0048	0.0048	0.0025	0.0002	0.0048	0.0048	0.0048	0.0048	0.0048	0.0048	0.0048	0.0048	0.0048	0.0427	0.0048	0.0048	0.0048	0.0048	0.0048	0.0048	0.0048	0.0048	0.0025	0.0048	0.0048	0.0032	0.0044	0.0048	0.0002	0.0048	0.0048	0.0048	0.0002	0.0002	0.0048	0.0048	0.0048	0.0048	0.0048	0.0048	0.0048	0.0048	0.0048	0.0048	0.0048	0.0048	0.0048	0.0048	0.0048	0.0048	0.0048	0.0048	0.0048	0.0048	0.0048	0.0002	0.0048	0.0048	0.0018	0.0046	0.0048	0.0048	0.0048	0.0048	0.0018	0.0048	0.0048	0.0048	0.0002	0.0048	0.0048	0.0048	0.0048	0.0048	0.0032	0.0048	0.0048	0.0048	0.0032	0.0048	0.0048	0.0048	0.0048	0.0044	0.0048	0.0048	0.0048	0.0048	0.0048	0.0048	0.0032	0.0048	0.0048	0.0044	0.0048	0.0048	0.0048	0.0002	0.0048	0.0048	0.0427	0.0027	0.0027	0.0027	0.0027	0.0027	0.0027	0.0027	0.0027	0.0027	0.0027	0.0027	0.0027	0.0027	0.0027	0.0027	0.0027	0.0027	0.0027	0.0027	0.0027	0.0027	0.0027	0.0027	0.0027	0.0027	0.0027	0.0027	0.0027	0.0027	0.0027	0.0027	0.0027	0.0027	0.0027	0.0027	0.0027	0.0027	0.0027	0.0027	0.0027	0.0027	0.0027	0.0027	0.0027	0.0027	0.0027	0.0027	0.0027	0.0027	0.0027	0.0027	0.0027	0.0027	0.0027	0.0027	0.0027	0.0027	0.0027	0.0027	0.0027	0.0027	0.0027	0.0027	0.0027	0.0027	0.0027	0.0027	0.0027	0.0027	0.0027	0.0027	0.0027	0.0027	0.0027	0.0027	0.0027	0.0027	0.0027	0.0027	0.0027	0.0027
18	0.9012	0.9012	0.9012	0.9012	0.9012	0.8761	0.8761	0.8761	0.8761	0.8761	0.8761	0.8761	0.8761	0.8761	0.8761	0.8761	0.8761	0.8761	0.0123	0.0123	0.0123	0.0123	0.0123	0.0123	0.0123	0.0123	0.0123	0.0123	0.0123	0.0123	0.0123	0.0123	0.0123	0.019	0.0123	0.0123	0.0123	0.0123	0.0095	0.0123	0.0123	0.0123	0.0123	0.0123	0.0123	0.0123	0.0123	0.0123	0.0123	0.0078	0.0123	0.0123	0.0123	0.0078	0.0123	0.0123	0.0123	0.0096	0.0123	0.0123	0.0123	0.0123	0.0123	0.0123	0.0123	0.0123	0.0123	0.0123	0.0123	0.0123	0.0123	0.0123	0.0123	0.0078	0.0123	0.0123	0.019	0.0078	0.0123	0.0123	0.0123	0.0123	0.0097	0.0123	0.0135	0.0135	0.0123	0.0123	0.0123	0.0123	0.0123	0.0123	0.0123	0.0515	0.0123	0.0123	0.0123	0.0123	0.0123	0.0123	0.0123	0.0123	0.0123	0.0097	0.0123	0.0123	0.0123	0.0123	0.0123	0.0123	0.0123	0.0078	0.0123	0.0123	0.0123	0.0096	0.0123	0.0123	0.0123	0.0123	0.0123	0.0123	0.0123	0.019	0.0095	0.0123	0.0123	0.0123	0.0123	0.0078	0.0123	0.0123	0.0123	0.0095	0.0123	0.0123	0.0123	0.0123	0.0123	0.0123	0.0123	0.0123	0.0123	0.0123	0.0078	0.0123	0.0123	0.0123	0.0123	0.0123	0.0123	0.0123	0.0123	0.0123	0.0097	0.0123	0.0123	0.0095	0.0123	0.0123	0.0123	0.0123	0.0123	0.0123	0.0123	0.0123	0.0123	0.0123	0.0123	0.0078	0.0078	0.0123	0.0097	0.0123	0.0123	0.0123	0.0078	0.0123	0.0123	0.0123	0.0123	0.0123	0.0123	0.0123	0.0123	0.0123	0.0095	0.0078	0.0123	0.0123	0.0123	0.0096	0.0078	0.0123	0.0123	0.0123	0.0123	0.0123	0.0123	0.0123	0.0123	0.0123	0.0123	0.0123	0.0123	0.0078	0.0123	0.0123	0.0123	0.0123	0.0123	0.0123	0.0123	0.0123	0.0123	0.0123	0.0123	0.0123	0.0123	0.0123	0.0123	0.0123	0.0123	0.0096	0.0123	0.0123	0.0123	0.0123	0.0123	0.019	0.0123	0.0078	0.0095	0.0123	0.0078	0.0123	0.0123	0.0095	0.0078	0.0123	0.0123	0.0123	0.0123	0.0078	0.0096	0.0123	0.0123	0.0123	0.0123	0.0123	0.0096	0.0123	0.0078	0.0123	0.0123	0.0135	0.0123	0.0123	0.0123	0.0123	0.0123	0.0123	0.0078	0.0123	0.0123	0.0123	0.0123	0.0123	0.0123	0.0095	0.0096	0.0123	0.0123	0.0123	0.0123	0.0123	0.0096	0.0078	0.0123	0.0123	0.0123	0.0123	0.0123	0.0123	0.0123	0.0123	0.0123	0.0123	0.0123	0.0123	0.0123	0.0123	0.0123	0.0123	0.0078	0.0078	0.0123	0.0123	0.0123	0.0123	0.0123	0.0123	0.0123	0.0123	0.0078	0.0123	0.0123	0.0123	0.0078	0.0123	0.0123	0.0123	0.0123	0.0123	0.0123	0.0123	0.0123	0.0123	0.0123	0.0096	0.0123	0.0123	0.0123	0.0123	0.0123	0.0123	0.0123	0.0123	0.0123	0.0123	0.0123	0.0123	0.0123	0.0123	0.0123	0.0123	0.0123	0.0123	0.0123	0.0123	0.0123	0.0078	0.0095	0.0078	0.0096	0.0123	0.0123	0.0123	0.0096	0.0123	0.0078	0.0123	0.0123	0.0123	0.0123	0.0123	0.019	0.0123	0.0123	0.0123	0.0123	0.0123	0.0123	0.0078	0.0123	0.0096	0.0123	0.0123	0.0135	0.0123	0.0123	0.0123	0.0078	0.0095	0.0123	0.0123	0.0095	0.0123	0.0123	0.0123	0.0123	0.0123	0.0123	0.0123	0.0096	0.0123	0.0123	0.0123	0.0123	0.0123	0.0097	0.0096	0.0123	0.0123	0.0096	0.0123	0.0123	0.0123	0.0123	0.0123	0.0078	0.0123	0.0078	0.0123	0.0078	0.0123	0.0123	0.0123	0.0123	0.0123	0.0515	0.0123	0.0123	0.0123	0.019	0.0123	0.0123	0.0123	0.0123	0.0123	0.0096	0.0078	0.0123	0.0123	0.0123	0.0123	0.0123	0.0123	0.0123	0.0123	0.0123	0.0515	0.0123	0.0123	0.0123	0.0123	0.0123	0.0123	0.0123	0.0123	0.0096	0.0123	0.0123	0.0095	0.0097	0.0123	0.0078	0.0123	0.0123	0.0123	0.0078	0.0078	0.0123	0.0123	0.0123	0.0123	0.0123	0.0123	0.0123	0.0123	0.0123	0.0123	0.0123	0.0123	0.0123	0.0123	0.0123	0.0123	0.0123	0.0123	0.0123	0.0123	0.0123	0.0078	0.0123	0.0123	0.019	0.0135	0.0123	0.0123	0.0123	0.0123	0.019	0.0123	0.0123	0.0123	0.0078	0.0123	0.0123	0.0123	0.0123	0.0123	0.0095	0.0123	0.0123	0.0123	0.0095	0.0123	0.0123	0.0123	0.0123	0.0097	0.0123	0.0123	0.0123	0.0123	0.0123	0.0123	0.0095	0.0123	0.0123	0.0097	0.0123	0.0123	0.0123	0.0078	0.0123	0.0123	0.0515	0.0342	0.0342	0.0342	0.0342	0.0342	0.0342	0.0342	0.0342	0.0342	0.0342	0.0342	0.0342	0.0342	0.0342	0.0342	0.0342	0.0342	0.0342	0.0342	0.0342	0.0342	0.0342	0.0342	0.0342	0.0342	0.0342	0.0342	0.0342	0.0342	0.0342	0.0342	0.0342	0.0342	0.0342	0.0342	0.0342	0.0342	0.0342	0.0342	0.0342	0.0342	0.0342	0.0342	0.0342	0.0342	0.0342	0.0342	0.0342	0.0342	0.0342	0.0342	0.0342	0.0342	0.0342	0.0342	0.0342	0.0342	0.0342	0.0342	0.0342	0.0342	0.0342	0.0342	0.0342	0.0342	0.0342	0.0342	0.0342	0.0342	0.0342	0.0342	0.0342	0.0342	0.0342	0.0342	0.0342	0.0342	0.0342	0.0342	0.0342	0.0342
19	0.9196	0.9196	0.9196	0.9196	0.9196	0.8983	0.8983	0.8983	0.8983	0.8983	0.8983	0.8983	0.8983	0.8983	0.8983	0.8983	0.8983	0.8983	0.0048	0.0048	0.0048	0.0048	0.0048	0.0048	0.0048	0.0048	0.0048	0.0048	0.0048	0.0048	0.0048	0.0048	0.0048	0.0082	0.0048	0.0048	0.0048	0.0048	0.0048	0.0048	0.0048	0.0048	0.0048	0.0048	0.0048	0.0048	0.0048	0.0048	0.0048	0.0007	0.0048	0.0048	0.0048	0.0007	0.0048	0.0048	0.0048	0.005	0.0048	0.0048	0.0048	0.0048	0.0048	0.0048	0.0048	0.0048	0.0048	0.0048	0.0048	0.0048	0.0048	0.0048	0.0048	0.0007	0.0048	0.0048	0.0082	0.0007	0.0048	0.0048	0.0048	0.0048	0.0038	0.0048	0.0042	0.0042	0.0048	0.0048	0.0048	0.0048	0.0048	0.0048	0.0048	0.0	0.0048	0.0048	0.0048	0.0048	0.0048	0.0048	0.0048	0.0048	0.0048	0.0038	0.0048	0.0048	0.0048	0.0048	0.0048	0.0048	0.0048	0.0007	0.0048	0.0048	0.0048	0.005	0.0048	0.0048	0.0048	0.0048	0.0048	0.0048	0.0048	0.0082	0.0048	0.0048	0.0048	0.0048	0.0048	0.0007	0.0048	0.0048	0.0048	0.0048	0.0048	0.0048	0.0048	0.0048	0.0048	0.0048	0.0048	0.0048	0.0048	0.0048	0.0007	0.0048	0.0048	0.0048	0.0048	0.0048	0.0048	0.0048	0.0048	0.0048	0.0038	0.0048	0.0048	0.0048	0.0048	0.0048	0.0048	0.0048	0.0048	0.0048	0.0048	0.0048	0.0048	0.0048	0.0048	0.0007	0.0007	0.0048	0.0038	0.0048	0.0048	0.0048	0.0007	0.0048	0.0048	0.0048	0.0048	0.0048	0.0048	0.0048	0.0048	0.0048	0.0048	0.0007	0.0048	0.0048	0.0048	0.005	0.0007	0.0048	0.0048	0.0048	0.0048	0.0048	0.0048	0.0048	0.0048	0.0048	0.0048	0.0048	0.0048	0.0007	0.0048	0.0048	0.0048	0.0048	0.0048	0.0048	0.0048	0.0048	0.0048	0.0048	0.0048	0.0048	0.0048	0.0048	0.0048	0.0048	0.0048	0.005	0.0048	0.0048	0.0048	0.0048	0.0048	0.0082	0.0048	0.0007	0.0048	0.0048	0.0007	0.0048	0.0048	0.0048	0.0007	0.0048	0.0048	0.0048	0.0048	0.0007	0.005	0.0048	0.0048	0.0048	0.0048	0.0048	0.005	0.0048	0.0007	0.0048	0.0048	0.0042	0.0048	0.0048	0.0048	0.0048	0.0048	0.0048	0.0007	0.0048	0.0048	0.0048	0.0048	0.0048	0.0048	0.0048	0.005	0.0048	0.0048	0.0048	0.0048	0.0048	0.005	0.0007	0.0048	0.0048	0.0048	0.0048	0.0048	0.0048	0.0048	0.0048	0.0048	0.0048	0.0048	0.0048	0.0048	0.0048	0.0048	0.0048	0.0007	0.0007	0.0048	0.0048	0.0048	0.0048	0.0048	0.0048	0.0048	0.0048	0.0007	0.0048	0.0048	0.0048	0.0007	0.0048	0.0048	0.0048	0.0048	0.0048	0.0048	0.0048	0.0048	0.0048	0.0048	0.005	0.0048	0.0048	0.0048	0.0048	0.0048	0.0048	0.0048	0.0048	0.0048	0.0048	0.0048	0.0048	0.0048	0.0048	0.0048	0.0048	0.0048	0.0048	0.0048	0.0048	0.0048	0.0007	0.0048	0.0007	0.005	0.0048	0.0048	0.0048	0.005	0.0048	0.0007	0.0048	0.0048	0.0048	0.0048	0.0048	0.0082	0.0048	0.0048	0.0048	0.0048	0.0048	0.0048	0.0007	0.0048	0.005	0.0048	0.0048	0.0042	0.0048	0.0048	0.0048	0.0007	0.0048	0.0048	0.0048	0.0048	0.0048	0.0048	0.0048	0.0048	0.0048	0.0048	0.0048	0.005	0.0048	0.0048	0.0048	0.0048	0.0048	0.0038	0.005	0.0048	0.0048	0.005	0.0048	0.0048	0.0048	0.0048	0.0048	0.0007	0.0048	0.0007	0.0048	0.0007	0.0048	0.0048	0.0048	0.0048	0.0048	0.0	0.0048	0.0048	0.0048	0.0082	0.0048	0.0048	0.0048	0.0048	0.0048	0.005	0.0007	0.0048	0.0048	0.0048	0.0048	0.0048	0.0048	0.0048	0.0048	0.0048	0.0	0.0048	0.0048	0.0048	0.0048	0.0048	0.0048	0.0048	0.0048	0.005	0.0048	0.0048	0.0048	0.0038	0.0048	0.0007	0.0048	0.0048	0.0048	0.0007	0.0007	0.0048	0.0048	0.0048	0.0048	0.0048	0.0048	0.0048	0.0048	0.0048	0.0048	0.0048	0.0048	0.0048	0.0048	0.0048	0.0048	0.0048	0.0048	0.0048	0.0048	0.0048	0.0007	0.0048	0.0048	0.0082	0.0042	0.0048	0.0048	0.0048	0.0048	0.0082	0.0048	0.0048	0.0048	0.0007	0.0048	0.0048	0.0048	0.0048	0.0048	0.0048	0.0048	0.0048	0.0048	0.0048	0.0048	0.0048	0.0048	0.0048	0.0038	0.0048	0.0048	0.0048	0.0048	0.0048	0.0048	0.0048	0.0048	0.0048	0.0038	0.0048	0.0048	0.0048	0.0007	0.0048	0.0048	0.0	0.0064	0.0064	0.0064	0.0064	0.0064	0.0064	0.0064	0.0064	0.0064	0.0064	0.0064	0.0064	0.0064	0.0064	0.0064	0.0064	0.0064	0.0064	0.0064	0.0064	0.0064	0.0064	0.0064	0.0064	0.0064	0.0064	0.0064	0.0064	0.0064	0.0064	0.0064	0.0064	0.0064	0.0064	0.0064	0.0064	0.0064	0.0064	0.0064	0.0064	0.0064	0.0064	0.0064	0.0064	0.0064	0.0064	0.0064	0.0064	0.0064	0.0064	0.0064	0.0064	0.0064	0.0064	0.0064	0.0064	0.0064	0.0064	0.0064	0.0064	0.0064	0.0064	0.0064	0.0064	0.0064	0.0064	0.0064	0.0064	0.0064	0.0064	0.0064	0.0064	0.0064	0.0064	0.0064	0.0064	0.0064	0.0064	0.0064	0.0064	0.0064
20	0.8543	0.8543	0.8543	0.8543	0.8543	0.9136	0.9136	0.9136	0.9136	0.9136	0.9136	0.9136	0.9136	0.9136	0.9136	0.9136	0.9136	0.9136	0.0189	0.0189	0.0189	0.0189	0.0189	0.0189	0.0189	0.0189	0.0189	0.0189	0.0189	0.0189	0.0189	0.0189	0.0189	0.0141	0.0189	0.0189	0.0189	0.0189	0.0236	0.0189	0.0189	0.0189	0.0189	0.0189	0.0189	0.0189	0.0189	0.0189	0.0189	0.0067	0.0189	0.0189	0.0189	0.0067	0.0189	0.0189	0.0189	0.0109	0.0189	0.0189	0.0189	0.0189	0.0189	0.0189	0.0189	0.0189	0.0189	0.0189	0.0189	0.0189	0.0189	0.0189	0.0189	0.0067	0.0189	0.0189	0.0141	0.0067	0.0189	0.0189	0.0189	0.0189	0.0111	0.0189	0.0219	0.0219	0.0189	0.0189	0.0189	0.0189	0.0189	0.0189	0.0189	0.0	0.0189	0.0189	0.0189	0.0189	0.0189	0.0189	0.0189	0.0189	0.0189	0.0111	0.0189	0.0189	0.0189	0.0189	0.0189	0.0189	0.0189	0.0067	0.0189	0.0189	0.0189	0.0109	0.0189	0.0189	0.0189	0.0189	0.0189	0.0189	0.0189	0.0141	0.0236	0.0189	0.0189	0.0189	0.0189	0.0067	0.0189	0.0189	0.0189	0.0236	0.0189	0.0189	0.0189	0.0189	0.0189	0.0189	0.0189	0.0189	0.0189	0.0189	0.0067	0.0189	0.0189	0.0189	0.0189	0.0189	0.0189	0.0189	0.0189	0.0189	0.0111	0.0189	0.0189	0.0236	0.0189	0.0189	0.0189	0.0189	0.0189	0.0189	0.0189	0.0189	0.0189	0.0189	0.0189	0.0067	0.0067	0.0189	0.0111	0.0189	0.0189	0.0189	0.0067	0.0189	0.0189	0.0189	0.0189	0.0189	0.0189	0.0189	0.0189	0.0189	0.0236	0.0067	0.0189	0.0189	0.0189	0.0109	0.0067	0.0189	0.0189	0.0189	0.0189	0.0189	0.0189	0.0189	0.0189	0.0189	0.0189	0.0189	0.0189	0.0067	0.0189	0.0189	0.0189	0.0189	0.0189	0.0189	0.0189	0.0189	0.0189	0.0189	0.0189	0.0189	0.0189	0.0189	0.0189	0.0189	0.0189	0.0109	0.0189	0.0189	0.0189	0.0189	0.0189	0.0141	0.0189	0.0067	0.0236	0.0189	0.0067	0.0189	0.0189	0.0236	0.0067	0.0189	0.0189	0.0189	0.0189	0.0067	0.0109	0.0189	0.0189	0.0189	0.0189	0.0189	0.0109	0.0189	0.0067	0.0189	0.0189	0.0219	0.0189	0.0189	0.0189	0.0189	0.0189	0.0189	0.0067	0.0189	0.0189	0.0189	0.0189	0.0189	0.0189	0.0236	0.0109	0.0189	0.0189	0.0189	0.0189	0.0189	0.0109	0.0067	0.0189	0.0189	0.0189	0.0189	0.0189	0.0189	0.0189	0.0189	0.0189	0.0189	0.0189	0.0189	0.0189	0.0189	0.0189	0.0189	0.0067	0.0067	0.0189	0.0189	0.0189	0.0189	0.0189	0.0189	0.0189	0.0189	0.0067	0.0189	0.0189	0.0189	0.0067	0.0189	0.0189	0.0189	0.0189	0.0189	0.0189	0.0189	0.0189	0.0189	0.0189	0.0109	0.0189	0.0189	0.0189	0.0189	0.0189	0.0189	0.0189	0.0189	0.0189	0.0189	0.0189	0.0189	0.0189	0.0189	0.0189	0.0189	0.0189	0.0189	0.0189	0.0189	0.0189	0.0067	0.0236	0.0067	0.0109	0.0189	0.0189	0.0189	0.0109	0.0189	0.0067	0.0189	0.0189	0.0189	0.0189	0.0189	0.0141	0.0189	0.0189	0.0189	0.0189	0.0189	0.0189	0.0067	0.0189	0.0109	0.0189	0.0189	0.0219	0.0189	0.0189	0.0189	0.0067	0.0236	0.0189	0.0189	0.0236	0.0189	0.0189	0.0189	0.0189	0.0189	0.0189	0.0189	0.0109	0.0189	0.0189	0.0189	0.0189	0.0189	0.0111	0.0109	0.0189	0.0189	0.0109	0.0189	0.0189	0.0189	0.0189	0.0189	0.0067	0.0189	0.0067	0.0189	0.0067	0.0189	0.0189	0.0189	0.0189	0.0189	0.0	0.0189	0.0189	0.0189	0.0141	0.0189	0.0189	0.0189	0.0189	0.0189	0.0109	0.0067	0.0189	0.0189	0.0189	0.0189	0.0189	0.0189	0.0189	0.0189	0.0189	0.0	0.0189	0.0189	0.0189	0.0189	0.0189	0.0189	0.0189	0.0189	0.0109	0.0189	0.0189	0.0236	0.0111	0.0189	0.0067	0.0189	0.0189	0.0189	0.0067	0.0067	0.0189	0.0189	0.0189	0.0189	0.0189	0.0189	0.0189	0.0189	0.0189	0.0189	0.0189	0.0189	0.0189	0.0189	0.0189	0.0189	0.0189	0.0189	0.0189	0.0189	0.0189	0.0067	0.0189	0.0189	0.0141	0.0219	0.0189	0.0189	0.0189	0.0189	0.0141	0.0189	0.0189	0.0189	0.0067	0.0189	0.0189	0.0189	0.0189	0.0189	0.0236	0.0189	0.0189	0.0189	0.0236	0.0189	0.0189	0.0189	0.0189	0.0111	0.0189	0.0189	0.0189	0.0189	0.0189	0.0189	0.0236	0.0189	0.0189	0.0111	0.0189	0.0189	0.0189	0.0067	0.0189	0.0189	0.0	0.0051	0.0051	0.0051	0.0051	0.0051	0.0051	0.0051	0.0051	0.0051	0.0051	0.0051	0.0051	0.0051	0.0051	0.0051	0.0051	0.0051	0.0051	0.0051	0.0051	0.0051	0.0051	0.0051	0.0051	0.0051	0.0051	0.0051	0.0051	0.0051	0.0051	0.0051	0.0051	0.0051	0.0051	0.0051	0.0051	0.0051	0.0051	0.0051	0.0051	0.0051	0.0051	0.0051	0.0051	0.0051	0.0051	0.0051	0.0051	0.0051	0.0051	0.0051	0.0051	0.0051	0.0051	0.0051	0.0051	0.0051	0.0051	0.0051	0.0051	0.0051	0.0051	0.0051	0.0051	0.0051	0.0051	0.0051	0.0051	0.0051	0.0051	0.0051	0.0051	0.0051	0.0051	0.0051	0.0051	0.0051	0.0051	0.0051	0.0051	0.0051
21	0.937	0.937	0.937	0.937	0.937	0.734	0.734	0.734	0.734	0.734	0.734	0.734	0.734	0.734	0.734	0.734	0.734	0.734	0.0077	0.0077	0.0077	0.0077	0.0077	0.0077	0.0077	0.0077	0.0077	0.0077	0.0077	0.0077	0.0077	0.0077	0.0077	0.0071	0.0077	0.0077	0.0077	0.0077	0.0046	0.0077	0.0077	0.0077	0.0077	0.0077	0.0077	0.0077	0.0077	0.0077	0.0077	0.0026	0.0077	0.0077	0.0077	0.0026	0.0077	0.0077	0.0077	0.0019	0.0077	0.0077	0.0077	0.0077	0.0077	0.0077	0.0077	0.0077	0.0077	0.0077	0.0077	0.0077	0.0077	0.0077	0.0077	0.0026	0.0077	0.0077	0.0071	0.0026	0.0077	0.0077	0.0077	0.0077	0.0108	0.0077	0.0047	0.0047	0.0077	0.0077	0.0077	0.0077	0.0077	0.0077	0.0077	0.0038	0.0077	0.0077	0.0077	0.0077	0.0077	0.0077	0.0077	0.0077	0.0077	0.0108	0.0077	0.0077	0.0077	0.0077	0.0077	0.0077	0.0077	0.0026	0.0077	0.0077	0.0077	0.0019	0.0077	0.0077	0.0077	0.0077	0.0077	0.0077	0.0077	0.0071	0.0046	0.0077	0.0077	0.0077	0.0077	0.0026	0.0077	0.0077	0.0077	0.0046	0.0077	0.0077	0.0077	0.0077	0.0077	0.0077	0.0077	0.0077	0.0077	0.0077	0.0026	0.0077	0.0077	0.0077	0.0077	0.0077	0.0077	0.0077	0.0077	0.0077	0.0108	0.0077	0.0077	0.0046	0.0077	0.0077	0.0077	0.0077	0.0077	0.0077	0.0077	0.0077	0.0077	0.0077	0.0077	0.0026	0.0026	0.0077	0.0108	0.0077	0.0077	0.0077	0.0026	0.0077	0.0077	0.0077	0.0077	0.0077	0.0077	0.0077	0.0077	0.0077	0.0046	0.0026	0.0077	0.0077	0.0077	0.0019	0.0026	0.0077	0.0077	0.0077	0.0077	0.0077	0.0077	0.0077	0.0077	0.0077	0.0077	0.0077	0.0077	0.0026	0.0077	0.0077	0.0077	0.0077	0.0077	0.0077	0.0077	0.0077	0.0077	0.0077	0.0077	0.0077	0.0077	0.0077	0.0077	0.0077	0.0077	0.0019	0.0077	0.0077	0.0077	0.0077	0.0077	0.0071	0.0077	0.0026	0.0046	0.0077	0.0026	0.0077	0.0077	0.0046	0.0026	0.0077	0.0077	0.0077	0.0077	0.0026	0.0019	0.0077	0.0077	0.0077	0.0077	0.0077	0.0019	0.0077	0.0026	0.0077	0.0077	0.0047	0.0077	0.0077	0.0077	0.0077	0.0077	0.0077	0.0026	0.0077	0.0077	0.0077	0.0077	0.0077	0.0077	0.0046	0.0019	0.0077	0.0077	0.0077	0.0077	0.0077	0.0019	0.0026	0.0077	0.0077	0.0077	0.0077	0.0077	0.0077	0.0077	0.0077	0.0077	0.0077	0.0077	0.0077	0.0077	0.0077	0.0077	0.0077	0.0026	0.0026	0.0077	0.0077	0.0077	0.0077	0.0077	0.0077	0.0077	0.0077	0.0026	0.0077	0.0077	0.0077	0.0026	0.0077	0.0077	0.0077	0.0077	0.0077	0.0077	0.0077	0.0077	0.0077	0.0077	0.0019	0.0077	0.0077	0.0077	0.0077	0.0077	0.0077	0.0077	0.0077	0.0077	0.0077	0.0077	0.0077	0.0077	0.0077	0.0077	0.0077	0.0077	0.0077	0.0077	0.0077	0.0077	0.0026	0.0046	0.0026	0.0019	0.0077	0.0077	0.0077	0.0019	0.0077	0.0026	0.0077	0.0077	0.0077	0.0077	0.0077	0.0071	0.0077	0.0077	0.0077	0.0077	0.0077	0.0077	0.0026	0.0077	0.0019	0.0077	0.0077	0.0047	0.0077	0.0077	0.0077	0.0026	0.0046	0.0077	0.0077	0.0046	0.0077	0.0077	0.0077	0.0077	0.0077	0.0077	0.0077	0.0019	0.0077	0.0077	0.0077	0.0077	0.0077	0.0108	0.0019	0.0077	0.0077	0.0019	0.0077	0.0077	0.0077	0.0077	0.0077	0.0026	0.0077	0.0026	0.0077	0.0026	0.0077	0.0077	0.0077	0.0077	0.0077	0.0038	0.0077	0.0077	0.0077	0.0071	0.0077	0.0077	0.0077	0.0077	0.0077	0.0019	0.0026	0.0077	0.0077	0.0077	0.0077	0.0077	0.0077	0.0077	0.0077	0.0077	0.0038	0.0077	0.0077	0.0077	0.0077	0.0077	0.0077	0.0077	0.0077	0.0019	0.0077	0.0077	0.0046	0.0108	0.0077	0.0026	0.0077	0.0077	0.0077	0.0026	0.0026	0.0077	0.0077	0.0077	0.0077	0.0077	0.0077	0.0077	0.0077	0.0077	0.0077	0.0077	0.0077	0.0077	0.0077	0.0077	0.0077	0.0077	0.0077	0.0077	0.0077	0.0077	0.0026	0.0077	0.0077	0.0071	0.0047	0.0077	0.0077	0.0077	0.0077	0.0071	0.0077	0.0077	0.0077	0.0026	0.0077	0.0077	0.0077	0.0077	0.0077	0.0046	0.0077	0.0077	0.0077	0.0046	0.0077	0.0077	0.0077	0.0077	0.0108	0.0077	0.0077	0.0077	0.0077	0.0077	0.0077	0.0046	0.0077	0.0077	0.0108	0.0077	0.0077	0.0077	0.0026	0.0077	0.0077	0.0038	0.0037	0.0037	0.0037	0.0037	0.0037	0.0037	0.0037	0.0037	0.0037	0.0037	0.0037	0.0037	0.0037	0.0037	0.0037	0.0037	0.0037	0.0037	0.0037	0.0037	0.0037	0.0037	0.0037	0.0037	0.0037	0.0037	0.0037	0.0037	0.0037	0.0037	0.0037	0.0037	0.0037	0.0037	0.0037	0.0037	0.0037	0.0037	0.0037	0.0037	0.0037	0.0037	0.0037	0.0037	0.0037	0.0037	0.0037	0.0037	0.0037	0.0037	0.0037	0.0037	0.0037	0.0037	0.0037	0.0037	0.0037	0.0037	0.0037	0.0037	0.0037	0.0037	0.0037	0.0037	0.0037	0.0037	0.0037	0.0037	0.0037	0.0037	0.0037	0.0037	0.0037	0.0037	0.0037	0.0037	0.0037	0.0037	0.0037	0.0037	0.0037
22	0.9505	0.9505	0.9505	0.9505	0.9505	0.9185	0.9185	0.9185	0.9185	0.9185	0.9185	0.9185	0.9185	0.9185	0.9185	0.9185	0.9185	0.9185	0.0185	0.0185	0.0185	0.0185	0.0185	0.0185	0.0185	0.0185	0.0185	0.0185	0.0185	0.0185	0.0185	0.0185	0.0185	0.0225	0.0185	0.0185	0.0185	0.0185	0.019	0.0185	0.0185	0.0185	0.0185	0.0185	0.0185	0.0185	0.0185	0.0185	0.0185	0.0197	0.0185	0.0185	0.0185	0.0197	0.0185	0.0185	0.0185	0.0263	0.0185	0.0185	0.0185	0.0185	0.0185	0.0185	0.0185	0.0185	0.0185	0.0185	0.0185	0.0185	0.0185	0.0185	0.0185	0.0197	0.0185	0.0185	0.0225	0.0197	0.0185	0.0185	0.0185	0.0185	0.0278	0.0185	0.0196	0.0196	0.0185	0.0185	0.0185	0.0185	0.0185	0.0185	0.0185	0.0792	0.0185	0.0185	0.0185	0.0185	0.0185	0.0185	0.0185	0.0185	0.0185	0.0278	0.0185	0.0185	0.0185	0.0185	0.0185	0.0185	0.0185	0.0197	0.0185	0.0185	0.0185	0.0263	0.0185	0.0185	0.0185	0.0185	0.0185	0.0185	0.0185	0.0225	0.019	0.0185	0.0185	0.0185	0.0185	0.0197	0.0185	0.0185	0.0185	0.019	0.0185	0.0185	0.0185	0.0185	0.0185	0.0185	0.0185	0.0185	0.0185	0.0185	0.0197	0.0185	0.0185	0.0185	0.0185	0.0185	0.0185	0.0185	0.0185	0.0185	0.0278	0.0185	0.0185	0.019	0.0185	0.0185	0.0185	0.0185	0.0185	0.0185	0.0185	0.0185	0.0185	0.0185	0.0185	0.0197	0.0197	0.0185	0.0278	0.0185	0.0185	0.0185	0.0197	0.0185	0.0185	0.0185	0.0185	0.0185	0.0185	0.0185	0.0185	0.0185	0.019	0.0197	0.0185	0.0185	0.0185	0.0263	0.0197	0.0185	0.0185	0.0185	0.0185	0.0185	0.0185	0.0185	0.0185	0.0185	0.0185	0.0185	0.0185	0.0197	0.0185	0.0185	0.0185	0.0185	0.0185	0.0185	0.0185	0.0185	0.0185	0.0185	0.0185	0.0185	0.0185	0.0185	0.0185	0.0185	0.0185	0.0263	0.0185	0.0185	0.0185	0.0185	0.0185	0.0225	0.0185	0.0197	0.019	0.0185	0.0197	0.0185	0.0185	0.019	0.0197	0.0185	0.0185	0.0185	0.0185	0.0197	0.0263	0.0185	0.0185	0.0185	0.0185	0.0185	0.0263	0.0185	0.0197	0.0185	0.0185	0.0196	0.0185	0.0185	0.0185	0.0185	0.0185	0.0185	0.0197	0.0185	0.0185	0.0185	0.0185	0.0185	0.0185	0.019	0.0263	0.0185	0.0185	0.0185	0.0185	0.0185	0.0263	0.0197	0.0185	0.0185	0.0185	0.0185	0.0185	0.0185	0.0185	0.0185	0.0185	0.0185	0.0185	0.0185	0.0185	0.0185	0.0185	0.0185	0.0197	0.0197	0.0185	0.0185	0.0185	0.0185	0.0185	0.0185	0.0185	0.0185	0.0197	0.0185	0.0185	0.0185	0.0197	0.0185	0.0185	0.0185	0.0185	0.0185	0.0185	0.0185	0.0185	0.0185	0.0185	0.0263	0.0185	0.0185	0.0185	0.0185	0.0185	0.0185	0.0185	0.0185	0.0185	0.0185	0.0185	0.0185	0.0185	0.0185	0.0185	0.0185	0.0185	0.0185	0.0185	0.0185	0.0185	0.0197	0.019	0.0197	0.0263	0.0185	0.0185	0.0185	0.0263	0.0185	0.0197	0.0185	0.0185	0.0185	0.0185	0.0185	0.0225	0.0185	0.0185	0.0185	0.0185	0.0185	0.0185	0.0197	0.0185	0.0263	0.0185	0.0185	0.0196	0.0185	0.0185	0.0185	0.0197	0.019	0.0185	0.0185	0.019	0.0185	0.0185	0.0185	0.0185	0.0185	0.0185	0.0185	0.0263	0.0185	0.0185	0.0185	0.0185	0.0185	0.0278	0.0263	0.0185	0.0185	0.0263	0.0185	0.0185	0.0185	0.0185	0.0185	0.0197	0.0185	0.0197	0.0185	0.0197	0.0185	0.0185	0.0185	0.0185	0.0185	0.0792	0.0185	0.0185	0.0185	0.0225	0.0185	0.0185	0.0185	0.0185	0.0185	0.0263	0.0197	0.0185	0.0185	0.0185	0.0185	0.0185	0.0185	0.0185	0.0185	0.0185	0.0792	0.0185	0.0185	0.0185	0.0185	0.0185	0.0185	0.0185	0.0185	0.0263	0.0185	0.0185	0.019	0.0278	0.0185	0.0197	0.0185	0.0185	0.0185	0.0197	0.0197	0.0185	0.0185	0.0185	0.0185	0.0185	0.0185	0.0185	0.0185	0.0185	0.0185	0.0185	0.0185	0.0185	0.0185	0.0185	0.0185	0.0185	0.0185	0.0185	0.0185	0.0185	0.0197	0.0185	0.0185	0.0225	0.0196	0.0185	0.0185	0.0185	0.0185	0.0225	0.0185	0.0185	0.0185	0.0197	0.0185	0.0185	0.0185	0.0185	0.0185	0.019	0.0185	0.0185	0.0185	0.019	0.0185	0.0185	0.0185	0.0185	0.0278	0.0185	0.0185	0.0185	0.0185	0.0185	0.0185	0.019	0.0185	0.0185	0.0278	0.0185	0.0185	0.0185	0.0197	0.0185	0.0185	0.0792	0.0416	0.0416	0.0416	0.0416	0.0416	0.0416	0.0416	0.0416	0.0416	0.0416	0.0416	0.0416	0.0416	0.0416	0.0416	0.0416	0.0416	0.0416	0.0416	0.0416	0.0416	0.0416	0.0416	0.0416	0.0416	0.0416	0.0416	0.0416	0.0416	0.0416	0.0416	0.0416	0.0416	0.0416	0.0416	0.0416	0.0416	0.0416	0.0416	0.0416	0.0416	0.0416	0.0416	0.0416	0.0416	0.0416	0.0416	0.0416	0.0416	0.0416	0.0416	0.0416	0.0416	0.0416	0.0416	0.0416	0.0416	0.0416	0.0416	0.0416	0.0416	0.0416	0.0416	0.0416	0.0416	0.0416	0.0416	0.0416	0.0416	0.0416	0.0416	0.0416	0.0416	0.0416	0.0416	0.0416	0.0416	0.0416	0.0416	0.0416	0.0416
23	0.3443	0.3443	0.3443	0.3443	0.3443	0.0349	0.0349	0.0349	0.0349	0.0349	0.0349	0.0349	0.0349	0.0349	0.0349	0.0349	0.0349	0.0349	0.0114	0.0114	0.0114	0.0114	0.0114	0.0114	0.0114	0.0114	0.0114	0.0114	0.0114	0.0114	0.0114	0.0114	0.0114	0.0064	0.0114	0.0114	0.0114	0.0114	0.0123	0.0114	0.0114	0.0114	0.0114	0.0114	0.0114	0.0114	0.0114	0.0114	0.0114	0.0044	0.0114	0.0114	0.0114	0.0044	0.0114	0.0114	0.0114	0.0071	0.0114	0.0114	0.0114	0.0114	0.0114	0.0114	0.0114	0.0114	0.0114	0.0114	0.0114	0.0114	0.0114	0.0114	0.0114	0.0044	0.0114	0.0114	0.0064	0.0044	0.0114	0.0114	0.0114	0.0114	0.0113	0.0114	0.0139	0.0139	0.0114	0.0114	0.0114	0.0114	0.0114	0.0114	0.0114	0.1332	0.0114	0.0114	0.0114	0.0114	0.0114	0.0114	0.0114	0.0114	0.0114	0.0113	0.0114	0.0114	0.0114	0.0114	0.0114	0.0114	0.0114	0.0044	0.0114	0.0114	0.0114	0.0071	0.0114	0.0114	0.0114	0.0114	0.0114	0.0114	0.0114	0.0064	0.0123	0.0114	0.0114	0.0114	0.0114	0.0044	0.0114	0.0114	0.0114	0.0123	0.0114	0.0114	0.0114	0.0114	0.0114	0.0114	0.0114	0.0114	0.0114	0.0114	0.0044	0.0114	0.0114	0.0114	0.0114	0.0114	0.0114	0.0114	0.0114	0.0114	0.0113	0.0114	0.0114	0.0123	0.0114	0.0114	0.0114	0.0114	0.0114	0.0114	0.0114	0.0114	0.0114	0.0114	0.0114	0.0044	0.0044	0.0114	0.0113	0.0114	0.0114	0.0114	0.0044	0.0114	0.0114	0.0114	0.0114	0.0114	0.0114	0.0114	0.0114	0.0114	0.0123	0.0044	0.0114	0.0114	0.0114	0.0071	0.0044	0.0114	0.0114	0.0114	0.0114	0.0114	0.0114	0.0114	0.0114	0.0114	0.0114	0.0114	0.0114	0.0044	0.0114	0.0114	0.0114	0.0114	0.0114	0.0114	0.0114	0.0114	0.0114	0.0114	0.0114	0.0114	0.0114	0.0114	0.0114	0.0114	0.0114	0.0071	0.0114	0.0114	0.0114	0.0114	0.0114	0.0064	0.0114	0.0044	0.0123	0.0114	0.0044	0.0114	0.0114	0.0123	0.0044	0.0114	0.0114	0.0114	0.0114	0.0044	0.0071	0.0114	0.0114	0.0114	0.0114	0.0114	0.0071	0.0114	0.0044	0.0114	0.0114	0.0139	0.0114	0.0114	0.0114	0.0114	0.0114	0.0114	0.0044	0.0114	0.0114	0.0114	0.0114	0.0114	0.0114	0.0123	0.0071	0.0114	0.0114	0.0114	0.0114	0.0114	0.0071	0.0044	0.0114	0.0114	0.0114	0.0114	0.0114	0.0114	0.0114	0.0114	0.0114	0.0114	0.0114	0.0114	0.0114	0.0114	0.0114	0.0114	0.0044	0.0044	0.0114	0.0114	0.0114	0.0114	0.0114	0.0114	0.0114	0.0114	0.0044	0.0114	0.0114	0.0114	0.0044	0.0114	0.0114	0.0114	0.0114	0.0114	0.0114	0.0114	0.0114	0.0114	0.0114	0.0071	0.0114	0.0114	0.0114	0.0114	0.0114	0.0114	0.0114	0.0114	0.0114	0.0114	0.0114	0.0114	0.0114	0.0114	0.0114	0.0114	0.0114	0.0114	0.0114	0.0114	0.0114	0.0044	0.0123	0.0044	0.0071	0.0114	0.0114	0.0114	0.0071	0.0114	0.0044	0.0114	0.0114	0.0114	0.0114	0.0114	0.0064	0.0114	0.0114	0.0114	0.0114	0.0114	0.0114	0.0044	0.0114	0.0071	0.0114	0.0114	0.0139	0.0114	0.0114	0.0114	0.0044	0.0123	0.0114	0.0114	0.0123	0.0114	0.0114	0.0114	0.0114	0.0114	0.0114	0.0114	0.0071	0.0114	0.0114	0.0114	0.0114	0.0114	0.0113	0.0071	0.0114	0.0114	0.0071	0.0114	0.0114	0.0114	0.0114	0.0114	0.0044	0.0114	0.0044	0.0114	0.0044	0.0114	0.0114	0.0114	0.0114	0.0114	0.1332	0.0114	0.0114	0.0114	0.0064	0.0114	0.0114	0.0114	0.0114	0.0114	0.0071	0.0044	0.0114	0.0114	0.0114	0.0114	0.0114	0.0114	0.0114	0.0114	0.0114	0.1332	0.0114	0.0114	0.0114	0.0114	0.0114	0.0114	0.0114	0.0114	0.0071	0.0114	0.0114	0.0123	0.0113	0.0114	0.0044	0.0114	0.0114	0.0114	0.0044	0.0044	0.0114	0.0114	0.0114	0.0114	0.0114	0.0114	0.0114	0.0114	0.0114	0.0114	0.0114	0.0114	0.0114	0.0114	0.0114	0.0114	0.0114	0.0114	0.0114	0.0114	0.0114	0.0044	0.0114	0.0114	0.0064	0.0139	0.0114	0.0114	0.0114	0.0114	0.0064	0.0114	0.0114	0.0114	0.0044	0.0114	0.0114	0.0114	0.0114	0.0114	0.0123	0.0114	0.0114	0.0114	0.0123	0.0114	0.0114	0.0114	0.0114	0.0113	0.0114	0.0114	0.0114	0.0114	0.0114	0.0114	0.0123	0.0114	0.0114	0.0113	0.0114	0.0114	0.0114	0.0044	0.0114	0.0114	0.1332	0.0038	0.0038	0.0038	0.0038	0.0038	0.0038	0.0038	0.0038	0.0038	0.0038	0.0038	0.0038	0.0038	0.0038	0.0038	0.0038	0.0038	0.0038	0.0038	0.0038	0.0038	0.0038	0.0038	0.0038	0.0038	0.0038	0.0038	0.0038	0.0038	0.0038	0.0038	0.0038	0.0038	0.0038	0.0038	0.0038	0.0038	0.0038	0.0038	0.0038	0.0038	0.0038	0.0038	0.0038	0.0038	0.0038	0.0038	0.0038	0.0038	0.0038	0.0038	0.0038	0.0038	0.0038	0.0038	0.0038	0.0038	0.0038	0.0038	0.0038	0.0038	0.0038	0.0038	0.0038	0.0038	0.0038	0.0038	0.0038	0.0038	0.0038	0.0038	0.0038	0.0038	0.0038	0.0038	0.0038	0.0038	0.0038	0.0038	0.0038	0.0038
24	0.102	0.102	0.102	0.102	0.102	0.0161	0.0161	0.0161	0.0161	0.0161	0.0161	0.0161	0.0161	0.0161	0.0161	0.0161	0.0161	0.0161	0.0285	0.0285	0.0285	0.0285	0.0285	0.0285	0.0285	0.0285	0.0285	0.0285	0.0285	0.0285	0.0285	0.0285	0.0285	0.0241	0.0285	0.0285	0.0285	0.0285	0.0301	0.0285	0.0285	0.0285	0.0285	0.0285	0.0285	0.0285	0.0285	0.0285	0.0285	0.017	0.0285	0.0285	0.0285	0.017	0.0285	0.0285	0.0285	0.0305	0.0285	0.0285	0.0285	0.0285	0.0285	0.0285	0.0285	0.0285	0.0285	0.0285	0.0285	0.0285	0.0285	0.0285	0.0285	0.017	0.0285	0.0285	0.0241	0.017	0.0285	0.0285	0.0285	0.0285	0.0161	0.0285	0.0384	0.0384	0.0285	0.0285	0.0285	0.0285	0.0285	0.0285	0.0285	0.1521	0.0285	0.0285	0.0285	0.0285	0.0285	0.0285	0.0285	0.0285	0.0285	0.0161	0.0285	0.0285	0.0285	0.0285	0.0285	0.0285	0.0285	0.017	0.0285	0.0285	0.0285	0.0305	0.0285	0.0285	0.0285	0.0285	0.0285	0.0285	0.0285	0.0241	0.0301	0.0285	0.0285	0.0285	0.0285	0.017	0.0285	0.0285	0.0285	0.0301	0.0285	0.0285	0.0285	0.0285	0.0285	0.0285	0.0285	0.0285	0.0285	0.0285	0.017	0.0285	0.0285	0.0285	0.0285	0.0285	0.0285	0.0285	0.0285	0.0285	0.0161	0.0285	0.0285	0.0301	0.0285	0.0285	0.0285	0.0285	0.0285	0.0285	0.0285	0.0285	0.0285	0.0285	0.0285	0.017	0.017	0.0285	0.0161	0.0285	0.0285	0.0285	0.017	0.0285	0.0285	0.0285	0.0285	0.0285	0.0285	0.0285	0.0285	0.0285	0.0301	0.017	0.0285	0.0285	0.0285	0.0305	0.017	0.0285	0.0285	0.0285	0.0285	0.0285	0.0285	0.0285	0.0285	0.0285	0.0285	0.0285	0.0285	0.017	0.0285	0.0285	0.0285	0.0285	0.0285	0.0285	0.0285	0.0285	0.0285	0.0285	0.0285	0.0285	0.0285	0.0285	0.0285	0.0285	0.0285	0.0305	0.0285	0.0285	0.0285	0.0285	0.0285	0.0241	0.0285	0.017	0.0301	0.0285	0.017	0.0285	0.0285	0.0301	0.017	0.0285	0.0285	0.0285	0.0285	0.017	0.0305	0.0285	0.0285	0.0285	0.0285	0.0285	0.0305	0.0285	0.017	0.0285	0.0285	0.0384	0.0285	0.0285	0.0285	0.0285	0.0285	0.0285	0.017	0.0285	0.0285	0.0285	0.0285	0.0285	0.0285	0.0301	0.0305	0.0285	0.0285	0.0285	0.0285	0.0285	0.0305	0.017	0.0285	0.0285	0.0285	0.0285	0.0285	0.0285	0.0285	0.0285	0.0285	0.0285	0.0285	0.0285	0.0285	0.0285	0.0285	0.0285	0.017	0.017	0.0285	0.0285	0.0285	0.0285	0.0285	0.0285	0.0285	0.0285	0.017	0.0285	0.0285	0.0285	0.017	0.0285	0.0285	0.0285	0.0285	0.0285	0.0285	0.0285	0.0285	0.0285	0.0285	0.0305	0.0285	0.0285	0.0285	0.0285	0.0285	0.0285	0.0285	0.0285	0.0285	0.0285	0.0285	0.0285	0.0285	0.0285	0.0285	0.0285	0.0285	0.0285	0.0285	0.0285	0.0285	0.017	0.0301	0.017	0.0305	0.0285	0.0285	0.0285	0.0305	0.0285	0.017	0.0285	0.0285	0.0285	0.0285	0.0285	0.0241	0.0285	0.0285	0.0285	0.0285	0.0285	0.0285	0.017	0.0285	0.0305	0.0285	0.0285	0.0384	0.0285	0.0285	0.0285	0.017	0.0301	0.0285	0.0285	0.0301	0.0285	0.0285	0.0285	0.0285	0.0285	0.0285	0.0285	0.0305	0.0285	0.0285	0.0285	0.0285	0.0285	0.0161	0.0305	0.0285	0.0285	0.0305	0.0285	0.0285	0.0285	0.0285	0.0285	0.017	0.0285	0.017	0.0285	0.017	0.0285	0.0285	0.0285	0.0285	0.0285	0.1521	0.0285	0.0285	0.0285	0.0241	0.0285	0.0285	0.0285	0.0285	0.0285	0.0305	0.017	0.0285	0.0285	0.0285	0.0285	0.0285	0.0285	0.0285	0.0285	0.0285	0.1521	0.0285	0.0285	0.0285	0.0285	0.0285	0.0285	0.0285	0.0285	0.0305	0.0285	0.0285	0.0301	0.0161	0.0285	0.017	0.0285	0.0285	0.0285	0.017	0.017	0.0285	0.0285	0.0285	0.0285	0.0285	0.0285	0.0285	0.0285	0.0285	0.0285	0.0285	0.0285	0.0285	0.0285	0.0285	0.0285	0.0285	0.0285	0.0285	0.0285	0.0285	0.017	0.0285	0.0285	0.0241	0.0384	0.0285	0.0285	0.0285	0.0285	0.0241	0.0285	0.0285	0.0285	0.017	0.0285	0.0285	0.0285	0.0285	0.0285	0.0301	0.0285	0.0285	0.0285	0.0301	0.0285	0.0285	0.0285	0.0285	0.0161	0.0285	0.0285	0.0285	0.0285	0.0285	0.0285	0.0301	0.0285	0.0285	0.0161	0.0285	0.0285	0.0285	0.017	0.0285	0.0285	0.1521	0.0359	0.0359	0.0359	0.0359	0.0359	0.0359	0.0359	0.0359	0.0359	0.0359	0.0359	0.0359	0.0359	0.0359	0.0359	0.0359	0.0359	0.0359	0.0359	0.0359	0.0359	0.0359	0.0359	0.0359	0.0359	0.0359	0.0359	0.0359	0.0359	0.0359	0.0359	0.0359	0.0359	0.0359	0.0359	0.0359	0.0359	0.0359	0.0359	0.0359	0.0359	0.0359	0.0359	0.0359	0.0359	0.0359	0.0359	0.0359	0.0359	0.0359	0.0359	0.0359	0.0359	0.0359	0.0359	0.0359	0.0359	0.0359	0.0359	0.0359	0.0359	0.0359	0.0359	0.0359	0.0359	0.0359	0.0359	0.0359	0.0359	0.0359	0.0359	0.0359	0.0359	0.0359	0.0359	0.0359	0.0359	0.0359	0.0359	0.0359	0.0359
25	0.0409	0.0409	0.0409	0.0409	0.0409	0.0246	0.0246	0.0246	0.0246	0.0246	0.0246	0.0246	0.0246	0.0246	0.0246	0.0246	0.0246	0.0246	0.0237	0.0237	0.0237	0.0237	0.0237	0.0237	0.0237	0.0237	0.0237	0.0237	0.0237	0.0237	0.0237	0.0237	0.0237	0.0177	0.0237	0.0237	0.0237	0.0237	0.0215	0.0237	0.0237	0.0237	0.0237	0.0237	0.0237	0.0237	0.0237	0.0237	0.0237	0.0074	0.0237	0.0237	0.0237	0.0074	0.0237	0.0237	0.0237	0.0227	0.0237	0.0237	0.0237	0.0237	0.0237	0.0237	0.0237	0.0237	0.0237	0.0237	0.0237	0.0237	0.0237	0.0237	0.0237	0.0074	0.0237	0.0237	0.0177	0.0074	0.0237	0.0237	0.0237	0.0237	0.0157	0.0237	0.0299	0.0299	0.0237	0.0237	0.0237	0.0237	0.0237	0.0237	0.0237	0.0006	0.0237	0.0237	0.0237	0.0237	0.0237	0.0237	0.0237	0.0237	0.0237	0.0157	0.0237	0.0237	0.0237	0.0237	0.0237	0.0237	0.0237	0.0074	0.0237	0.0237	0.0237	0.0227	0.0237	0.0237	0.0237	0.0237	0.0237	0.0237	0.0237	0.0177	0.0215	0.0237	0.0237	0.0237	0.0237	0.0074	0.0237	0.0237	0.0237	0.0215	0.0237	0.0237	0.0237	0.0237	0.0237	0.0237	0.0237	0.0237	0.0237	0.0237	0.0074	0.0237	0.0237	0.0237	0.0237	0.0237	0.0237	0.0237	0.0237	0.0237	0.0157	0.0237	0.0237	0.0215	0.0237	0.0237	0.0237	0.0237	0.0237	0.0237	0.0237	0.0237	0.0237	0.0237	0.0237	0.0074	0.0074	0.0237	0.0157	0.0237	0.0237	0.0237	0.0074	0.0237	0.0237	0.0237	0.0237	0.0237	0.0237	0.0237	0.0237	0.0237	0.0215	0.0074	0.0237	0.0237	0.0237	0.0227	0.0074	0.0237	0.0237	0.0237	0.0237	0.0237	0.0237	0.0237	0.0237	0.0237	0.0237	0.0237	0.0237	0.0074	0.0237	0.0237	0.0237	0.0237	0.0237	0.0237	0.0237	0.0237	0.0237	0.0237	0.0237	0.0237	0.0237	0.0237	0.0237	0.0237	0.0237	0.0227	0.0237	0.0237	0.0237	0.0237	0.0237	0.0177	0.0237	0.0074	0.0215	0.0237	0.0074	0.0237	0.0237	0.0215	0.0074	0.0237	0.0237	0.0237	0.0237	0.0074	0.0227	0.0237	0.0237	0.0237	0.0237	0.0237	0.0227	0.0237	0.0074	0.0237	0.0237	0.0299	0.0237	0.0237	0.0237	0.0237	0.0237	0.0237	0.0074	0.0237	0.0237	0.0237	0.0237	0.0237	0.0237	0.0215	0.0227	0.0237	0.0237	0.0237	0.0237	0.0237	0.0227	0.0074	0.0237	0.0237	0.0237	0.0237	0.0237	0.0237	0.0237	0.0237	0.0237	0.0237	0.0237	0.0237	0.0237	0.0237	0.0237	0.0237	0.0074	0.0074	0.0237	0.0237	0.0237	0.0237	0.0237	0.0237	0.0237	0.0237	0.0074	0.0237	0.0237	0.0237	0.0074	0.0237	0.0237	0.0237	0.0237	0.0237	0.0237	0.0237	0.0237	0.0237	0.0237	0.0227	0.0237	0.0237	0.0237	0.0237	0.0237	0.0237	0.0237	0.0237	0.0237	0.0237	0.0237	0.0237	0.0237	0.0237	0.0237	0.0237	0.0237	0.0237	0.0237	0.0237	0.0237	0.0074	0.0215	0.0074	0.0227	0.0237	0.0237	0.0237	0.0227	0.0237	0.0074	0.0237	0.0237	0.0237	0.0237	0.0237	0.0177	0.0237	0.0237	0.0237	0.0237	0.0237	0.0237	0.0074	0.0237	0.0227	0.0237	0.0237	0.0299	0.0237	0.0237	0.0237	0.0074	0.0215	0.0237	0.0237	0.0215	0.0237	0.0237	0.0237	0.0237	0.0237	0.0237	0.0237	0.0227	0.0237	0.0237	0.0237	0.0237	0.0237	0.0157	0.0227	0.0237	0.0237	0.0227	0.0237	0.0237	0.0237	0.0237	0.0237	0.0074	0.0237	0.0074	0.0237	0.0074	0.0237	0.0237	0.0237	0.0237	0.0237	0.0006	0.0237	0.0237	0.0237	0.0177	0.0237	0.0237	0.0237	0.0237	0.0237	0.0227	0.0074	0.0237	0.0237	0.0237	0.0237	0.0237	0.0237	0.0237	0.0237	0.0237	0.0006	0.0237	0.0237	0.0237	0.0237	0.0237	0.0237	0.0237	0.0237	0.0227	0.0237	0.0237	0.0215	0.0157	0.0237	0.0074	0.0237	0.0237	0.0237	0.0074	0.0074	0.0237	0.0237	0.0237	0.0237	0.0237	0.0237	0.0237	0.0237	0.0237	0.0237	0.0237	0.0237	0.0237	0.0237	0.0237	0.0237	0.0237	0.0237	0.0237	0.0237	0.0237	0.0074	0.0237	0.0237	0.0177	0.0299	0.0237	0.0237	0.0237	0.0237	0.0177	0.0237	0.0237	0.0237	0.0074	0.0237	0.0237	0.0237	0.0237	0.0237	0.0215	0.0237	0.0237	0.0237	0.0215	0.0237	0.0237	0.0237	0.0237	0.0157	0.0237	0.0237	0.0237	0.0237	0.0237	0.0237	0.0215	0.0237	0.0237	0.0157	0.0237	0.0237	0.0237	0.0074	0.0237	0.0237	0.0006	0.004	0.004	0.004	0.004	0.004	0.004	0.004	0.004	0.004	0.004	0.004	0.004	0.004	0.004	0.004	0.004	0.004	0.004	0.004	0.004	0.004	0.004	0.004	0.004	0.004	0.004	0.004	0.004	0.004	0.004	0.004	0.004	0.004	0.004	0.004	0.004	0.004	0.004	0.004	0.004	0.004	0.004	0.004	0.004	0.004	0.004	0.004	0.004	0.004	0.004	0.004	0.004	0.004	0.004	0.004	0.004	0.004	0.004	0.004	0.004	0.004	0.004	0.004	0.004	0.004	0.004	0.004	0.004	0.004	0.004	0.004	0.004	0.004	0.004	0.004	0.004	0.004	0.004	0.004	0.004	0.004
26	0.0746	0.0746	0.0746	0.0746	0.0746	0.1023	0.1023	0.1023	0.1023	0.1023	0.1023	0.1023	0.1023	0.1023	0.1023	0.1023	0.1023	0.1023	0.0095	0.0095	0.0095	0.0095	0.0095	0.0095	0.0095	0.0095	0.0095	0.0095	0.0095	0.0095	0.0095	0.0095	0.0095	0.0043	0.0095	0.0095	0.0095	0.0095	0.009	0.0095	0.0095	0.0095	0.0095	0.0095	0.0095	0.0095	0.0095	0.0095	0.0095	0.0171	0.0095	0.0095	0.0095	0.0171	0.0095	0.0095	0.0095	0.0074	0.0095	0.0095	0.0095	0.0095	0.0095	0.0095	0.0095	0.0095	0.0095	0.0095	0.0095	0.0095	0.0095	0.0095	0.0095	0.0171	0.0095	0.0095	0.0043	0.0171	0.0095	0.0095	0.0095	0.0095	0.0079	0.0095	0.012	0.012	0.0095	0.0095	0.0095	0.0095	0.0095	0.0095	0.0095	0.0353	0.0095	0.0095	0.0095	0.0095	0.0095	0.0095	0.0095	0.0095	0.0095	0.0079	0.0095	0.0095	0.0095	0.0095	0.0095	0.0095	0.0095	0.0171	0.0095	0.0095	0.0095	0.0074	0.0095	0.0095	0.0095	0.0095	0.0095	0.0095	0.0095	0.0043	0.009	0.0095	0.0095	0.0095	0.0095	0.0171	0.0095	0.0095	0.0095	0.009	0.0095	0.0095	0.0095	0.0095	0.0095	0.0095	0.0095	0.0095	0.0095	0.0095	0.0171	0.0095	0.0095	0.0095	0.0095	0.0095	0.0095	0.0095	0.0095	0.0095	0.0079	0.0095	0.0095	0.009	0.0095	0.0095	0.0095	0.0095	0.0095	0.0095	0.0095	0.0095	0.0095	0.0095	0.0095	0.0171	0.0171	0.0095	0.0079	0.0095	0.0095	0.0095	0.0171	0.0095	0.0095	0.0095	0.0095	0.0095	0.0095	0.0095	0.0095	0.0095	0.009	0.0171	0.0095	0.0095	0.0095	0.0074	0.0171	0.0095	0.0095	0.0095	0.0095	0.0095	0.0095	0.0095	0.0095	0.0095	0.0095	0.0095	0.0095	0.0171	0.0095	0.0095	0.0095	0.0095	0.0095	0.0095	0.0095	0.0095	0.0095	0.0095	0.0095	0.0095	0.0095	0.0095	0.0095	0.0095	0.0095	0.0074	0.0095	0.0095	0.0095	0.0095	0.0095	0.0043	0.0095	0.0171	0.009	0.0095	0.0171	0.0095	0.0095	0.009	0.0171	0.0095	0.0095	0.0095	0.0095	0.0171	0.0074	0.0095	0.0095	0.0095	0.0095	0.0095	0.0074	0.0095	0.0171	0.0095	0.0095	0.012	0.0095	0.0095	0.0095	0.0095	0.0095	0.0095	0.0171	0.0095	0.0095	0.0095	0.0095	0.0095	0.0095	0.009	0.0074	0.0095	0.0095	0.0095	0.0095	0.0095	0.0074	0.0171	0.0095	0.0095	0.0095	0.0095	0.0095	0.0095	0.0095	0.0095	0.0095	0.0095	0.0095	0.0095	0.0095	0.0095	0.0095	0.0095	0.0171	0.0171	0.0095	0.0095	0.0095	0.0095	0.0095	0.0095	0.0095	0.0095	0.0171	0.0095	0.0095	0.0095	0.0171	0.0095	0.0095	0.0095	0.0095	0.0095	0.0095	0.0095	0.0095	0.0095	0.0095	0.0074	0.0095	0.0095	0.0095	0.0095	0.0095	0.0095	0.0095	0.0095	0.0095	0.0095	0.0095	0.0095	0.0095	0.0095	0.0095	0.0095	0.0095	0.0095	0.0095	0.0095	0.0095	0.0171	0.009	0.0171	0.0074	0.0095	0.0095	0.0095	0.0074	0.0095	0.0171	0.0095	0.0095	0.0095	0.0095	0.0095	0.0043	0.0095	0.0095	0.0095	0.0095	0.0095	0.0095	0.0171	0.0095	0.0074	0.0095	0.0095	0.012	0.0095	0.0095	0.0095	0.0171	0.009	0.0095	0.0095	0.009	0.0095	0.0095	0.0095	0.0095	0.0095	0.0095	0.0095	0.0074	0.0095	0.0095	0.0095	0.0095	0.0095	0.0079	0.0074	0.0095	0.0095	0.0074	0.0095	0.0095	0.0095	0.0095	0.0095	0.0171	0.0095	0.0171	0.0095	0.0171	0.0095	0.0095	0.0095	0.0095	0.0095	0.0353	0.0095	0.0095	0.0095	0.0043	0.0095	0.0095	0.0095	0.0095	0.0095	0.0074	0.0171	0.0095	0.0095	0.0095	0.0095	0.0095	0.0095	0.0095	0.0095	0.0095	0.0353	0.0095	0.0095	0.0095	0.0095	0.0095	0.0095	0.0095	0.0095	0.0074	0.0095	0.0095	0.009	0.0079	0.0095	0.0171	0.0095	0.0095	0.0095	0.0171	0.0171	0.0095	0.0095	0.0095	0.0095	0.0095	0.0095	0.0095	0.0095	0.0095	0.0095	0.0095	0.0095	0.0095	0.0095	0.0095	0.0095	0.0095	0.0095	0.0095	0.0095	0.0095	0.0171	0.0095	0.0095	0.0043	0.012	0.0095	0.0095	0.0095	0.0095	0.0043	0.0095	0.0095	0.0095	0.0171	0.0095	0.0095	0.0095	0.0095	0.0095	0.009	0.0095	0.0095	0.0095	0.009	0.0095	0.0095	0.0095	0.0095	0.0079	0.0095	0.0095	0.0095	0.0095	0.0095	0.0095	0.009	0.0095	0.0095	0.0079	0.0095	0.0095	0.0095	0.0171	0.0095	0.0095	0.0353	0.0065	0.0065	0.0065	0.0065	0.0065	0.0065	0.0065	0.0065	0.0065	0.0065	0.0065	0.0065	0.0065	0.0065	0.0065	0.0065	0.0065	0.0065	0.0065	0.0065	0.0065	0.0065	0.0065	0.0065	0.0065	0.0065	0.0065	0.0065	0.0065	0.0065	0.0065	0.0065	0.0065	0.0065	0.0065	0.0065	0.0065	0.0065	0.0065	0.0065	0.0065	0.0065	0.0065	0.0065	0.0065	0.0065	0.0065	0.0065	0.0065	0.0065	0.0065	0.0065	0.0065	0.0065	0.0065	0.0065	0.0065	0.0065	0.0065	0.0065	0.0065	0.0065	0.0065	0.0065	0.0065	0.0065	0.0065	0.0065	0.0065	0.0065	0.0065	0.0065	0.0065	0.0065	0.0065	0.0065	0.0065	0.0065	0.0065	0.0065	0.0065
27	0.0529	0.0529	0.0529	0.0529	0.0529	0.0317	0.0317	0.0317	0.0317	0.0317	0.0317	0.0317	0.0317	0.0317	0.0317	0.0317	0.0317	0.0317	0.0241	0.0241	0.0241	0.0241	0.0241	0.0241	0.0241	0.0241	0.0241	0.0241	0.0241	0.0241	0.0241	0.0241	0.0241	0.0268	0.0241	0.0241	0.0241	0.0241	0.0385	0.0241	0.0241	0.0241	0.0241	0.0241	0.0241	0.0241	0.0241	0.0241	0.0241	0.0336	0.0241	0.0241	0.0241	0.0336	0.0241	0.0241	0.0241	0.0283	0.0241	0.0241	0.0241	0.0241	0.0241	0.0241	0.0241	0.0241	0.0241	0.0241	0.0241	0.0241	0.0241	0.0241	0.0241	0.0336	0.0241	0.0241	0.0268	0.0336	0.0241	0.0241	0.0241	0.0241	0.0109	0.0241	0.0414	0.0414	0.0241	0.0241	0.0241	0.0241	0.0241	0.0241	0.0241	0.0	0.0241	0.0241	0.0241	0.0241	0.0241	0.0241	0.0241	0.0241	0.0241	0.0109	0.0241	0.0241	0.0241	0.0241	0.0241	0.0241	0.0241	0.0336	0.0241	0.0241	0.0241	0.0283	0.0241	0.0241	0.0241	0.0241	0.0241	0.0241	0.0241	0.0268	0.0385	0.0241	0.0241	0.0241	0.0241	0.0336	0.0241	0.0241	0.0241	0.0385	0.0241	0.0241	0.0241	0.0241	0.0241	0.0241	0.0241	0.0241	0.0241	0.0241	0.0336	0.0241	0.0241	0.0241	0.0241	0.0241	0.0241	0.0241	0.0241	0.0241	0.0109	0.0241	0.0241	0.0385	0.0241	0.0241	0.0241	0.0241	0.0241	0.0241	0.0241	0.0241	0.0241	0.0241	0.0241	0.0336	0.0336	0.0241	0.0109	0.0241	0.0241	0.0241	0.0336	0.0241	0.0241	0.0241	0.0241	0.0241	0.0241	0.0241	0.0241	0.0241	0.0385	0.0336	0.0241	0.0241	0.0241	0.0283	0.0336	0.0241	0.0241	0.0241	0.0241	0.0241	0.0241	0.0241	0.0241	0.0241	0.0241	0.0241	0.0241	0.0336	0.0241	0.0241	0.0241	0.0241	0.0241	0.0241	0.0241	0.0241	0.0241	0.0241	0.0241	0.0241	0.0241	0.0241	0.0241	0.0241	0.0241	0.0283	0.0241	0.0241	0.0241	0.0241	0.0241	0.0268	0.0241	0.0336	0.0385	0.0241	0.0336	0.0241	0.0241	0.0385	0.0336	0.0241	0.0241	0.0241	0.0241	0.0336	0.0283	0.0241	0.0241	0.0241	0.0241	0.0241	0.0283	0.0241	0.0336	0.0241	0.0241	0.0414	0.0241	0.0241	0.0241	0.0241	0.0241	0.0241	0.0336	0.0241	0.0241	0.0241	0.0241	0.0241	0.0241	0.0385	0.0283	0.0241	0.0241	0.0241	0.0241	0.0241	0.0283	0.0336	0.0241	0.0241	0.0241	0.0241	0.0241	0.0241	0.0241	0.0241	0.0241	0.0241	0.0241	0.0241	0.0241	0.0241	0.0241	0.0241	0.0336	0.0336	0.0241	0.0241	0.0241	0.0241	0.0241	0.0241	0.0241	0.0241	0.0336	0.0241	0.0241	0.0241	0.0336	0.0241	0.0241	0.0241	0.0241	0.0241	0.0241	0.0241	0.0241	0.0241	0.0241	0.0283	0.0241	0.0241	0.0241	0.0241	0.0241	0.0241	0.0241	0.0241	0.0241	0.0241	0.0241	0.0241	0.0241	0.0241	0.0241	0.0241	0.0241	0.0241	0.0241	0.0241	0.0241	0.0336	0.0385	0.0336	0.0283	0.0241	0.0241	0.0241	0.0283	0.0241	0.0336	0.0241	0.0241	0.0241	0.0241	0.0241	0.0268	0.0241	0.0241	0.0241	0.0241	0.0241	0.0241	0.0336	0.0241	0.0283	0.0241	0.0241	0.0414	0.0241	0.0241	0.0241	0.0336	0.0385	0.0241	0.0241	0.0385	0.0241	0.0241	0.0241	0.0241	0.0241	0.0241	0.0241	0.0283	0.0241	0.0241	0.0241	0.0241	0.0241	0.0109	0.0283	0.0241	0.0241	0.0283	0.0241	0.0241	0.0241	0.0241	0.0241	0.0336	0.0241	0.0336	0.0241	0.0336	0.0241	0.0241	0.0241	0.0241	0.0241	0.0	0.0241	0.0241	0.0241	0.0268	0.0241	0.0241	0.0241	0.0241	0.0241	0.0283	0.0336	0.0241	0.0241	0.0241	0.0241	0.0241	0.0241	0.0241	0.0241	0.0241	0.0	0.0241	0.0241	0.0241	0.0241	0.0241	0.0241	0.0241	0.0241	0.0283	0.0241	0.0241	0.0385	0.0109	0.0241	0.0336	0.0241	0.0241	0.0241	0.0336	0.0336	0.0241	0.0241	0.0241	0.0241	0.0241	0.0241	0.0241	0.0241	0.0241	0.0241	0.0241	0.0241	0.0241	0.0241	0.0241	0.0241	0.0241	0.0241	0.0241	0.0241	0.0241	0.0336	0.0241	0.0241	0.0268	0.0414	0.0241	0.0241	0.0241	0.0241	0.0268	0.0241	0.0241	0.0241	0.0336	0.0241	0.0241	0.0241	0.0241	0.0241	0.0385	0.0241	0.0241	0.0241	0.0385	0.0241	0.0241	0.0241	0.0241	0.0109	0.0241	0.0241	0.0241	0.0241	0.0241	0.0241	0.0385	0.0241	0.0241	0.0109	0.0241	0.0241	0.0241	0.0336	0.0241	0.0241	0.0	0.0146	0.0146	0.0146	0.0146	0.0146	0.0146	0.0146	0.0146	0.0146	0.0146	0.0146	0.0146	0.0146	0.0146	0.0146	0.0146	0.0146	0.0146	0.0146	0.0146	0.0146	0.0146	0.0146	0.0146	0.0146	0.0146	0.0146	0.0146	0.0146	0.0146	0.0146	0.0146	0.0146	0.0146	0.0146	0.0146	0.0146	0.0146	0.0146	0.0146	0.0146	0.0146	0.0146	0.0146	0.0146	0.0146	0.0146	0.0146	0.0146	0.0146	0.0146	0.0146	0.0146	0.0146	0.0146	0.0146	0.0146	0.0146	0.0146	0.0146	0.0146	0.0146	0.0146	0.0146	0.0146	0.0146	0.0146	0.0146	0.0146	0.0146	0.0146	0.0146	0.0146	0.0146	0.0146	0.0146	0.0146	0.0146	0.0146	0.0146	0.0146
28	0.0579	0.0579	0.0579	0.0579	0.0579	0.0359	0.0359	0.0359	0.0359	0.0359	0.0359	0.0359	0.0359	0.0359	0.0359	0.0359	0.0359	0.0359	0.0118	0.0118	0.0118	0.0118	0.0118	0.0118	0.0118	0.0118	0.0118	0.0118	0.0118	0.0118	0.0118	0.0118	0.0118	0.0113	0.0118	0.0118	0.0118	0.0118	0.0138	0.0118	0.0118	0.0118	0.0118	0.0118	0.0118	0.0118	0.0118	0.0118	0.0118	0.0074	0.0118	0.0118	0.0118	0.0074	0.0118	0.0118	0.0118	0.0061	0.0118	0.0118	0.0118	0.0118	0.0118	0.0118	0.0118	0.0118	0.0118	0.0118	0.0118	0.0118	0.0118	0.0118	0.0118	0.0074	0.0118	0.0118	0.0113	0.0074	0.0118	0.0118	0.0118	0.0118	0.0283	0.0118	0.0124	0.0124	0.0118	0.0118	0.0118	0.0118	0.0118	0.0118	0.0118	0.3417	0.0118	0.0118	0.0118	0.0118	0.0118	0.0118	0.0118	0.0118	0.0118	0.0283	0.0118	0.0118	0.0118	0.0118	0.0118	0.0118	0.0118	0.0074	0.0118	0.0118	0.0118	0.0061	0.0118	0.0118	0.0118	0.0118	0.0118	0.0118	0.0118	0.0113	0.0138	0.0118	0.0118	0.0118	0.0118	0.0074	0.0118	0.0118	0.0118	0.0138	0.0118	0.0118	0.0118	0.0118	0.0118	0.0118	0.0118	0.0118	0.0118	0.0118	0.0074	0.0118	0.0118	0.0118	0.0118	0.0118	0.0118	0.0118	0.0118	0.0118	0.0283	0.0118	0.0118	0.0138	0.0118	0.0118	0.0118	0.0118	0.0118	0.0118	0.0118	0.0118	0.0118	0.0118	0.0118	0.0074	0.0074	0.0118	0.0283	0.0118	0.0118	0.0118	0.0074	0.0118	0.0118	0.0118	0.0118	0.0118	0.0118	0.0118	0.0118	0.0118	0.0138	0.0074	0.0118	0.0118	0.0118	0.0061	0.0074	0.0118	0.0118	0.0118	0.0118	0.0118	0.0118	0.0118	0.0118	0.0118	0.0118	0.0118	0.0118	0.0074	0.0118	0.0118	0.0118	0.0118	0.0118	0.0118	0.0118	0.0118	0.0118	0.0118	0.0118	0.0118	0.0118	0.0118	0.0118	0.0118	0.0118	0.0061	0.0118	0.0118	0.0118	0.0118	0.0118	0.0113	0.0118	0.0074	0.0138	0.0118	0.0074	0.0118	0.0118	0.0138	0.0074	0.0118	0.0118	0.0118	0.0118	0.0074	0.0061	0.0118	0.0118	0.0118	0.0118	0.0118	0.0061	0.0118	0.0074	0.0118	0.0118	0.0124	0.0118	0.0118	0.0118	0.0118	0.0118	0.0118	0.0074	0.0118	0.0118	0.0118	0.0118	0.0118	0.0118	0.0138	0.0061	0.0118	0.0118	0.0118	0.0118	0.0118	0.0061	0.0074	0.0118	0.0118	0.0118	0.0118	0.0118	0.0118	0.0118	0.0118	0.0118	0.0118	0.0118	0.0118	0.0118	0.0118	0.0118	0.0118	0.0074	0.0074	0.0118	0.0118	0.0118	0.0118	0.0118	0.0118	0.0118	0.0118	0.0074	0.0118	0.0118	0.0118	0.0074	0.0118	0.0118	0.0118	0.0118	0.0118	0.0118	0.0118	0.0118	0.0118	0.0118	0.0061	0.0118	0.0118	0.0118	0.0118	0.0118	0.0118	0.0118	0.0118	0.0118	0.0118	0.0118	0.0118	0.0118	0.0118	0.0118	0.0118	0.0118	0.0118	0.0118	0.0118	0.0118	0.0074	0.0138	0.0074	0.0061	0.0118	0.0118	0.0118	0.0061	0.0118	0.0074	0.0118	0.0118	0.0118	0.0118	0.0118	0.0113	0.0118	0.0118	0.0118	0.0118	0.0118	0.0118	0.0074	0.0118	0.0061	0.0118	0.0118	0.0124	0.0118	0.0118	0.0118	0.0074	0.0138	0.0118	0.0118	0.0138	0.0118	0.0118	0.0118	0.0118	0.0118	0.0118	0.0118	0.0061	0.0118	0.0118	0.0118	0.0118	0.0118	0.0283	0.0061	0.0118	0.0118	0.0061	0.0118	0.0118	0.0118	0.0118	0.0118	0.0074	0.0118	0.0074	0.0118	0.0074	0.0118	0.0118	0.0118	0.0118	0.0118	0.3417	0.0118	0.0118	0.0118	0.0113	0.0118	0.0118	0.0118	0.0118	0.0118	0.0061	0.0074	0.0118	0.0118	0.0118	0.0118	0.0118	0.0118	0.0118	0.0118	0.0118	0.3417	0.0118	0.0118	0.0118	0.0118	0.0118	0.0118	0.0118	0.0118	0.0061	0.0118	0.0118	0.0138	0.0283	0.0118	0.0074	0.0118	0.0118	0.0118	0.0074	0.0074	0.0118	0.0118	0.0118	0.0118	0.0118	0.0118	0.0118	0.0118	0.0118	0.0118	0.0118	0.0118	0.0118	0.0118	0.0118	0.0118	0.0118	0.0118	0.0118	0.0118	0.0118	0.0074	0.0118	0.0118	0.0113	0.0124	0.0118	0.0118	0.0118	0.0118	0.0113	0.0118	0.0118	0.0118	0.0074	0.0118	0.0118	0.0118	0.0118	0.0118	0.0138	0.0118	0.0118	0.0118	0.0138	0.0118	0.0118	0.0118	0.0118	0.0283	0.0118	0.0118	0.0118	0.0118	0.0118	0.0118	0.0138	0.0118	0.0118	0.0283	0.0118	0.0118	0.0118	0.0074	0.0118	0.0118	0.3417	0.0046	0.0046	0.0046	0.0046	0.0046	0.0046	0.0046	0.0046	0.0046	0.0046	0.0046	0.0046	0.0046	0.0046	0.0046	0.0046	0.0046	0.0046	0.0046	0.0046	0.0046	0.0046	0.0046	0.0046	0.0046	0.0046	0.0046	0.0046	0.0046	0.0046	0.0046	0.0046	0.0046	0.0046	0.0046	0.0046	0.0046	0.0046	0.0046	0.0046	0.0046	0.0046	0.0046	0.0046	0.0046	0.0046	0.0046	0.0046	0.0046	0.0046	0.0046	0.0046	0.0046	0.0046	0.0046	0.0046	0.0046	0.0046	0.0046	0.0046	0.0046	0.0046	0.0046	0.0046	0.0046	0.0046	0.0046	0.0046	0.0046	0.0046	0.0046	0.0046	0.0046	0.0046	0.0046	0.0046	0.0046	0.0046	0.0046	0.0046	0.0046
29	0.1111	0.1111	0.1111	0.1111	0.1111	0.0272	0.0272	0.0272	0.0272	0.0272	0.0272	0.0272	0.0272	0.0272	0.0272	0.0272	0.0272	0.0272	0.0067	0.0067	0.0067	0.0067	0.0067	0.0067	0.0067	0.0067	0.0067	0.0067	0.0067	0.0067	0.0067	0.0067	0.0067	0.0049	0.0067	0.0067	0.0067	0.0067	0.0027	0.0067	0.0067	0.0067	0.0067	0.0067	0.0067	0.0067	0.0067	0.0067	0.0067	0.0008	0.0067	0.0067	0.0067	0.0008	0.0067	0.0067	0.0067	0.006	0.0067	0.0067	0.0067	0.0067	0.0067	0.0067	0.0067	0.0067	0.0067	0.0067	0.0067	0.0067	0.0067	0.0067	0.0067	0.0008	0.0067	0.0067	0.0049	0.0008	0.0067	0.0067	0.0067	0.0067	0.0045	0.0067	0.016	0.016	0.0067	0.0067	0.0067	0.0067	0.0067	0.0067	0.0067	0.087	0.0067	0.0067	0.0067	0.0067	0.0067	0.0067	0.0067	0.0067	0.0067	0.0045	0.0067	0.0067	0.0067	0.0067	0.0067	0.0067	0.0067	0.0008	0.0067	0.0067	0.0067	0.006	0.0067	0.0067	0.0067	0.0067	0.0067	0.0067	0.0067	0.0049	0.0027	0.0067	0.0067	0.0067	0.0067	0.0008	0.0067	0.0067	0.0067	0.0027	0.0067	0.0067	0.0067	0.0067	0.0067	0.0067	0.0067	0.0067	0.0067	0.0067	0.0008	0.0067	0.0067	0.0067	0.0067	0.0067	0.0067	0.0067	0.0067	0.0067	0.0045	0.0067	0.0067	0.0027	0.0067	0.0067	0.0067	0.0067	0.0067	0.0067	0.0067	0.0067	0.0067	0.0067	0.0067	0.0008	0.0008	0.0067	0.0045	0.0067	0.0067	0.0067	0.0008	0.0067	0.0067	0.0067	0.0067	0.0067	0.0067	0.0067	0.0067	0.0067	0.0027	0.0008	0.0067	0.0067	0.0067	0.006	0.0008	0.0067	0.0067	0.0067	0.0067	0.0067	0.0067	0.0067	0.0067	0.0067	0.0067	0.0067	0.0067	0.0008	0.0067	0.0067	0.0067	0.0067	0.0067	0.0067	0.0067	0.0067	0.0067	0.0067	0.0067	0.0067	0.0067	0.0067	0.0067	0.0067	0.0067	0.006	0.0067	0.0067	0.0067	0.0067	0.0067	0.0049	0.0067	0.0008	0.0027	0.0067	0.0008	0.0067	0.0067	0.0027	0.0008	0.0067	0.0067	0.0067	0.0067	0.0008	0.006	0.0067	0.0067	0.0067	0.0067	0.0067	0.006	0.0067	0.0008	0.0067	0.0067	0.016	0.0067	0.0067	0.0067	0.0067	0.0067	0.0067	0.0008	0.0067	0.0067	0.0067	0.0067	0.0067	0.0067	0.0027	0.006	0.0067	0.0067	0.0067	0.0067	0.0067	0.006	0.0008	0.0067	0.0067	0.0067	0.0067	0.0067	0.0067	0.0067	0.0067	0.0067	0.0067	0.0067	0.0067	0.0067	0.0067	0.0067	0.0067	0.0008	0.0008	0.0067	0.0067	0.0067	0.0067	0.0067	0.0067	0.0067	0.0067	0.0008	0.0067	0.0067	0.0067	0.0008	0.0067	0.0067	0.0067	0.0067	0.0067	0.0067	0.0067	0.0067	0.0067	0.0067	0.006	0.0067	0.0067	0.0067	0.0067	0.0067	0.0067	0.0067	0.0067	0.0067	0.0067	0.0067	0.0067	0.0067	0.0067	0.0067	0.0067	0.0067	0.0067	0.0067	0.0067	0.0067	0.0008	0.0027	0.0008	0.006	0.0067	0.0067	0.0067	0.006	0.0067	0.0008	0.0067	0.0067	0.0067	0.0067	0.0067	0.0049	0.0067	0.0067	0.0067	0.0067	0.0067	0.0067	0.0008	0.0067	0.006	0.0067	0.0067	0.016	0.0067	0.0067	0.0067	0.0008	0.0027	0.0067	0.0067	0.0027	0.0067	0.0067	0.0067	0.0067	0.0067	0.0067	0.0067	0.006	0.0067	0.0067	0.0067	0.0067	0.0067	0.0045	0.006	0.0067	0.0067	0.006	0.0067	0.0067	0.0067	0.0067	0.0067	0.0008	0.0067	0.0008	0.0067	0.0008	0.0067	0.0067	0.0067	0.0067	0.0067	0.087	0.0067	0.0067	0.0067	0.0049	0.0067	0.0067	0.0067	0.0067	0.0067	0.006	0.0008	0.0067	0.0067	0.0067	0.0067	0.0067	0.0067	0.0067	0.0067	0.0067	0.087	0.0067	0.0067	0.0067	0.0067	0.0067	0.0067	0.0067	0.0067	0.006	0.0067	0.0067	0.0027	0.0045	0.0067	0.0008	0.0067	0.0067	0.0067	0.0008	0.0008	0.0067	0.0067	0.0067	0.0067	0.0067	0.0067	0.0067	0.0067	0.0067	0.0067	0.0067	0.0067	0.0067	0.0067	0.0067	0.0067	0.0067	0.0067	0.0067	0.0067	0.0067	0.0008	0.0067	0.0067	0.0049	0.016	0.0067	0.0067	0.0067	0.0067	0.0049	0.0067	0.0067	0.0067	0.0008	0.0067	0.0067	0.0067	0.0067	0.0067	0.0027	0.0067	0.0067	0.0067	0.0027	0.0067	0.0067	0.0067	0.0067	0.0045	0.0067	0.0067	0.0067	0.0067	0.0067	0.0067	0.0027	0.0067	0.0067	0.0045	0.0067	0.0067	0.0067	0.0008	0.0067	0.0067	0.087	0.0358	0.0358	0.0358	0.0358	0.0358	0.0358	0.0358	0.0358	0.0358	0.0358	0.0358	0.0358	0.0358	0.0358	0.0358	0.0358	0.0358	0.0358	0.0358	0.0358	0.0358	0.0358	0.0358	0.0358	0.0358	0.0358	0.0358	0.0358	0.0358	0.0358	0.0358	0.0358	0.0358	0.0358	0.0358	0.0358	0.0358	0.0358	0.0358	0.0358	0.0358	0.0358	0.0358	0.0358	0.0358	0.0358	0.0358	0.0358	0.0358	0.0358	0.0358	0.0358	0.0358	0.0358	0.0358	0.0358	0.0358	0.0358	0.0358	0.0358	0.0358	0.0358	0.0358	0.0358	0.0358	0.0358	0.0358	0.0358	0.0358	0.0358	0.0358	0.0358	0.0358	0.0358	0.0358	0.0358	0.0358	0.0358	0.0358	0.0358	0.0358
30	0.3439	0.3439	0.3439	0.3439	0.3439	0.0287	0.0287	0.0287	0.0287	0.0287	0.0287	0.0287	0.0287	0.0287	0.0287	0.0287	0.0287	0.0287	0.0185	0.0185	0.0185	0.0185	0.0185	0.0185	0.0185	0.0185	0.0185	0.0185	0.0185	0.0185	0.0185	0.0185	0.0185	0.0194	0.0185	0.0185	0.0185	0.0185	0.0195	0.0185	0.0185	0.0185	0.0185	0.0185	0.0185	0.0185	0.0185	0.0185	0.0185	0.016	0.0185	0.0185	0.0185	0.016	0.0185	0.0185	0.0185	0.018	0.0185	0.0185	0.0185	0.0185	0.0185	0.0185	0.0185	0.0185	0.0185	0.0185	0.0185	0.0185	0.0185	0.0185	0.0185	0.016	0.0185	0.0185	0.0194	0.016	0.0185	0.0185	0.0185	0.0185	0.0155	0.0185	0.0353	0.0353	0.0185	0.0185	0.0185	0.0185	0.0185	0.0185	0.0185	0.0161	0.0185	0.0185	0.0185	0.0185	0.0185	0.0185	0.0185	0.0185	0.0185	0.0155	0.0185	0.0185	0.0185	0.0185	0.0185	0.0185	0.0185	0.016	0.0185	0.0185	0.0185	0.018	0.0185	0.0185	0.0185	0.0185	0.0185	0.0185	0.0185	0.0194	0.0195	0.0185	0.0185	0.0185	0.0185	0.016	0.0185	0.0185	0.0185	0.0195	0.0185	0.0185	0.0185	0.0185	0.0185	0.0185	0.0185	0.0185	0.0185	0.0185	0.016	0.0185	0.0185	0.0185	0.0185	0.0185	0.0185	0.0185	0.0185	0.0185	0.0155	0.0185	0.0185	0.0195	0.0185	0.0185	0.0185	0.0185	0.0185	0.0185	0.0185	0.0185	0.0185	0.0185	0.0185	0.016	0.016	0.0185	0.0155	0.0185	0.0185	0.0185	0.016	0.0185	0.0185	0.0185	0.0185	0.0185	0.0185	0.0185	0.0185	0.0185	0.0195	0.016	0.0185	0.0185	0.0185	0.018	0.016	0.0185	0.0185	0.0185	0.0185	0.0185	0.0185	0.0185	0.0185	0.0185	0.0185	0.0185	0.0185	0.016	0.0185	0.0185	0.0185	0.0185	0.0185	0.0185	0.0185	0.0185	0.0185	0.0185	0.0185	0.0185	0.0185	0.0185	0.0185	0.0185	0.0185	0.018	0.0185	0.0185	0.0185	0.0185	0.0185	0.0194	0.0185	0.016	0.0195	0.0185	0.016	0.0185	0.0185	0.0195	0.016	0.0185	0.0185	0.0185	0.0185	0.016	0.018	0.0185	0.0185	0.0185	0.0185	0.0185	0.018	0.0185	0.016	0.0185	0.0185	0.0353	0.0185	0.0185	0.0185	0.0185	0.0185	0.0185	0.016	0.0185	0.0185	0.0185	0.0185	0.0185	0.0185	0.0195	0.018	0.0185	0.0185	0.0185	0.0185	0.0185	0.018	0.016	0.0185	0.0185	0.0185	0.0185	0.0185	0.0185	0.0185	0.0185	0.0185	0.0185	0.0185	0.0185	0.0185	0.0185	0.0185	0.0185	0.016	0.016	0.0185	0.0185	0.0185	0.0185	0.0185	0.0185	0.0185	0.0185	0.016	0.0185	0.0185	0.0185	0.016	0.0185	0.0185	0.0185	0.0185	0.0185	0.0185	0.0185	0.0185	0.0185	0.0185	0.018	0.0185	0.0185	0.0185	0.0185	0.0185	0.0185	0.0185	0.0185	0.0185	0.0185	0.0185	0.0185	0.0185	0.0185	0.0185	0.0185	0.0185	0.0185	0.0185	0.0185	0.0185	0.016	0.0195	0.016	0.018	0.0185	0.0185	0.0185	0.018	0.0185	0.016	0.0185	0.0185	0.0185	0.0185	0.0185	0.0194	0.0185	0.0185	0.0185	0.0185	0.0185	0.0185	0.016	0.0185	0.018	0.0185	0.0185	0.0353	0.0185	0.0185	0.0185	0.016	0.0195	0.0185	0.0185	0.0195	0.0185	0.0185	0.0185	0.0185	0.0185	0.0185	0.0185	0.018	0.0185	0.0185	0.0185	0.0185	0.0185	0.0155	0.018	0.0185	0.0185	0.018	0.0185	0.0185	0.0185	0.0185	0.0185	0.016	0.0185	0.016	0.0185	0.016	0.0185	0.0185	0.0185	0.0185	0.0185	0.0161	0.0185	0.0185	0.0185	0.0194	0.0185	0.0185	0.0185	0.0185	0.0185	0.018	0.016	0.0185	0.0185	0.0185	0.0185	0.0185	0.0185	0.0185	0.0185	0.0185	0.0161	0.0185	0.0185	0.0185	0.0185	0.0185	0.0185	0.0185	0.0185	0.018	0.0185	0.0185	0.0195	0.0155	0.0185	0.016	0.0185	0.0185	0.0185	0.016	0.016	0.0185	0.0185	0.0185	0.0185	0.0185	0.0185	0.0185	0.0185	0.0185	0.0185	0.0185	0.0185	0.0185	0.0185	0.0185	0.0185	0.0185	0.0185	0.0185	0.0185	0.0185	0.016	0.0185	0.0185	0.0194	0.0353	0.0185	0.0185	0.0185	0.0185	0.0194	0.0185	0.0185	0.0185	0.016	0.0185	0.0185	0.0185	0.0185	0.0185	0.0195	0.0185	0.0185	0.0185	0.0195	0.0185	0.0185	0.0185	0.0185	0.0155	0.0185	0.0185	0.0185	0.0185	0.0185	0.0185	0.0195	0.0185	0.0185	0.0155	0.0185	0.0185	0.0185	0.016	0.0185	0.0185	0.0161	0.0043	0.0043	0.0043	0.0043	0.0043	0.0043	0.0043	0.0043	0.0043	0.0043	0.0043	0.0043	0.0043	0.0043	0.0043	0.0043	0.0043	0.0043	0.0043	0.0043	0.0043	0.0043	0.0043	0.0043	0.0043	0.0043	0.0043	0.0043	0.0043	0.0043	0.0043	0.0043	0.0043	0.0043	0.0043	0.0043	0.0043	0.0043	0.0043	0.0043	0.0043	0.0043	0.0043	0.0043	0.0043	0.0043	0.0043	0.0043	0.0043	0.0043	0.0043	0.0043	0.0043	0.0043	0.0043	0.0043	0.0043	0.0043	0.0043	0.0043	0.0043	0.0043	0.0043	0.0043	0.0043	0.0043	0.0043	0.0043	0.0043	0.0043	0.0043	0.0043	0.0043	0.0043	0.0043	0.0043	0.0043	0.0043	0.0043	0.0043	0.0043
31	0.0589	0.0589	0.0589	0.0589	0.0589	0.0394	0.0394	0.0394	0.0394	0.0394	0.0394	0.0394	0.0394	0.0394	0.0394	0.0394	0.0394	0.0394	0.0067	0.0067	0.0067	0.0067	0.0067	0.0067	0.0067	0.0067	0.0067	0.0067	0.0067	0.0067	0.0067	0.0067	0.0067	0.0051	0.0067	0.0067	0.0067	0.0067	0.0056	0.0067	0.0067	0.0067	0.0067	0.0067	0.0067	0.0067	0.0067	0.0067	0.0067	0.0022	0.0067	0.0067	0.0067	0.0022	0.0067	0.0067	0.0067	0.0052	0.0067	0.0067	0.0067	0.0067	0.0067	0.0067	0.0067	0.0067	0.0067	0.0067	0.0067	0.0067	0.0067	0.0067	0.0067	0.0022	0.0067	0.0067	0.0051	0.0022	0.0067	0.0067	0.0067	0.0067	0.0109	0.0067	0.0061	0.0061	0.0067	0.0067	0.0067	0.0067	0.0067	0.0067	0.0067	0.0289	0.0067	0.0067	0.0067	0.0067	0.0067	0.0067	0.0067	0.0067	0.0067	0.0109	0.0067	0.0067	0.0067	0.0067	0.0067	0.0067	0.0067	0.0022	0.0067	0.0067	0.0067	0.0052	0.0067	0.0067	0.0067	0.0067	0.0067	0.0067	0.0067	0.0051	0.0056	0.0067	0.0067	0.0067	0.0067	0.0022	0.0067	0.0067	0.0067	0.0056	0.0067	0.0067	0.0067	0.0067	0.0067	0.0067	0.0067	0.0067	0.0067	0.0067	0.0022	0.0067	0.0067	0.0067	0.0067	0.0067	0.0067	0.0067	0.0067	0.0067	0.0109	0.0067	0.0067	0.0056	0.0067	0.0067	0.0067	0.0067	0.0067	0.0067	0.0067	0.0067	0.0067	0.0067	0.0067	0.0022	0.0022	0.0067	0.0109	0.0067	0.0067	0.0067	0.0022	0.0067	0.0067	0.0067	0.0067	0.0067	0.0067	0.0067	0.0067	0.0067	0.0056	0.0022	0.0067	0.0067	0.0067	0.0052	0.0022	0.0067	0.0067	0.0067	0.0067	0.0067	0.0067	0.0067	0.0067	0.0067	0.0067	0.0067	0.0067	0.0022	0.0067	0.0067	0.0067	0.0067	0.0067	0.0067	0.0067	0.0067	0.0067	0.0067	0.0067	0.0067	0.0067	0.0067	0.0067	0.0067	0.0067	0.0052	0.0067	0.0067	0.0067	0.0067	0.0067	0.0051	0.0067	0.0022	0.0056	0.0067	0.0022	0.0067	0.0067	0.0056	0.0022	0.0067	0.0067	0.0067	0.0067	0.0022	0.0052	0.0067	0.0067	0.0067	0.0067	0.0067	0.0052	0.0067	0.0022	0.0067	0.0067	0.0061	0.0067	0.0067	0.0067	0.0067	0.0067	0.0067	0.0022	0.0067	0.0067	0.0067	0.0067	0.0067	0.0067	0.0056	0.0052	0.0067	0.0067	0.0067	0.0067	0.0067	0.0052	0.0022	0.0067	0.0067	0.0067	0.0067	0.0067	0.0067	0.0067	0.0067	0.0067	0.0067	0.0067	0.0067	0.0067	0.0067	0.0067	0.0067	0.0022	0.0022	0.0067	0.0067	0.0067	0.0067	0.0067	0.0067	0.0067	0.0067	0.0022	0.0067	0.0067	0.0067	0.0022	0.0067	0.0067	0.0067	0.0067	0.0067	0.0067	0.0067	0.0067	0.0067	0.0067	0.0052	0.0067	0.0067	0.0067	0.0067	0.0067	0.0067	0.0067	0.0067	0.0067	0.0067	0.0067	0.0067	0.0067	0.0067	0.0067	0.0067	0.0067	0.0067	0.0067	0.0067	0.0067	0.0022	0.0056	0.0022	0.0052	0.0067	0.0067	0.0067	0.0052	0.0067	0.0022	0.0067	0.0067	0.0067	0.0067	0.0067	0.0051	0.0067	0.0067	0.0067	0.0067	0.0067	0.0067	0.0022	0.0067	0.0052	0.0067	0.0067	0.0061	0.0067	0.0067	0.0067	0.0022	0.0056	0.0067	0.0067	0.0056	0.0067	0.0067	0.0067	0.0067	0.0067	0.0067	0.0067	0.0052	0.0067	0.0067	0.0067	0.0067	0.0067	0.0109	0.0052	0.0067	0.0067	0.0052	0.0067	0.0067	0.0067	0.0067	0.0067	0.0022	0.0067	0.0022	0.0067	0.0022	0.0067	0.0067	0.0067	0.0067	0.0067	0.0289	0.0067	0.0067	0.0067	0.0051	0.0067	0.0067	0.0067	0.0067	0.0067	0.0052	0.0022	0.0067	0.0067	0.0067	0.0067	0.0067	0.0067	0.0067	0.0067	0.0067	0.0289	0.0067	0.0067	0.0067	0.0067	0.0067	0.0067	0.0067	0.0067	0.0052	0.0067	0.0067	0.0056	0.0109	0.0067	0.0022	0.0067	0.0067	0.0067	0.0022	0.0022	0.0067	0.0067	0.0067	0.0067	0.0067	0.0067	0.0067	0.0067	0.0067	0.0067	0.0067	0.0067	0.0067	0.0067	0.0067	0.0067	0.0067	0.0067	0.0067	0.0067	0.0067	0.0022	0.0067	0.0067	0.0051	0.0061	0.0067	0.0067	0.0067	0.0067	0.0051	0.0067	0.0067	0.0067	0.0022	0.0067	0.0067	0.0067	0.0067	0.0067	0.0056	0.0067	0.0067	0.0067	0.0056	0.0067	0.0067	0.0067	0.0067	0.0109	0.0067	0.0067	0.0067	0.0067	0.0067	0.0067	0.0056	0.0067	0.0067	0.0109	0.0067	0.0067	0.0067	0.0022	0.0067	0.0067	0.0289	0.0038	0.0038	0.0038	0.0038	0.0038	0.0038	0.0038	0.0038	0.0038	0.0038	0.0038	0.0038	0.0038	0.0038	0.0038	0.0038	0.0038	0.0038	0.0038	0.0038	0.0038	0.0038	0.0038	0.0038	0.0038	0.0038	0.0038	0.0038	0.0038	0.0038	0.0038	0.0038	0.0038	0.0038	0.0038	0.0038	0.0038	0.0038	0.0038	0.0038	0.0038	0.0038	0.0038	0.0038	0.0038	0.0038	0.0038	0.0038	0.0038	0.0038	0.0038	0.0038	0.0038	0.0038	0.0038	0.0038	0.0038	0.0038	0.0038	0.0038	0.0038	0.0038	0.0038	0.0038	0.0038	0.0038	0.0038	0.0038	0.0038	0.0038	0.0038	0.0038	0.0038	0.0038	0.0038	0.0038	0.0038	0.0038	0.0038	0.0038	0.0038
32	0.057	0.057	0.057	0.057	0.057	0.0384	0.0384	0.0384	0.0384	0.0384	0.0384	0.0384	0.0384	0.0384	0.0384	0.0384	0.0384	0.0384	0.0133	0.0133	0.0133	0.0133	0.0133	0.0133	0.0133	0.0133	0.0133	0.0133	0.0133	0.0133	0.0133	0.0133	0.0133	0.0106	0.0133	0.0133	0.0133	0.0133	0.0065	0.0133	0.0133	0.0133	0.0133	0.0133	0.0133	0.0133	0.0133	0.0133	0.0133	0.0124	0.0133	0.0133	0.0133	0.0124	0.0133	0.0133	0.0133	0.0081	0.0133	0.0133	0.0133	0.0133	0.0133	0.0133	0.0133	0.0133	0.0133	0.0133	0.0133	0.0133	0.0133	0.0133	0.0133	0.0124	0.0133	0.0133	0.0106	0.0124	0.0133	0.0133	0.0133	0.0133	0.0153	0.0133	0.0102	0.0102	0.0133	0.0133	0.0133	0.0133	0.0133	0.0133	0.0133	0.0	0.0133	0.0133	0.0133	0.0133	0.0133	0.0133	0.0133	0.0133	0.0133	0.0153	0.0133	0.0133	0.0133	0.0133	0.0133	0.0133	0.0133	0.0124	0.0133	0.0133	0.0133	0.0081	0.0133	0.0133	0.0133	0.0133	0.0133	0.0133	0.0133	0.0106	0.0065	0.0133	0.0133	0.0133	0.0133	0.0124	0.0133	0.0133	0.0133	0.0065	0.0133	0.0133	0.0133	0.0133	0.0133	0.0133	0.0133	0.0133	0.0133	0.0133	0.0124	0.0133	0.0133	0.0133	0.0133	0.0133	0.0133	0.0133	0.0133	0.0133	0.0153	0.0133	0.0133	0.0065	0.0133	0.0133	0.0133	0.0133	0.0133	0.0133	0.0133	0.0133	0.0133	0.0133	0.0133	0.0124	0.0124	0.0133	0.0153	0.0133	0.0133	0.0133	0.0124	0.0133	0.0133	0.0133	0.0133	0.0133	0.0133	0.0133	0.0133	0.0133	0.0065	0.0124	0.0133	0.0133	0.0133	0.0081	0.0124	0.0133	0.0133	0.0133	0.0133	0.0133	0.0133	0.0133	0.0133	0.0133	0.0133	0.0133	0.0133	0.0124	0.0133	0.0133	0.0133	0.0133	0.0133	0.0133	0.0133	0.0133	0.0133	0.0133	0.0133	0.0133	0.0133	0.0133	0.0133	0.0133	0.0133	0.0081	0.0133	0.0133	0.0133	0.0133	0.0133	0.0106	0.0133	0.0124	0.0065	0.0133	0.0124	0.0133	0.0133	0.0065	0.0124	0.0133	0.0133	0.0133	0.0133	0.0124	0.0081	0.0133	0.0133	0.0133	0.0133	0.0133	0.0081	0.0133	0.0124	0.0133	0.0133	0.0102	0.0133	0.0133	0.0133	0.0133	0.0133	0.0133	0.0124	0.0133	0.0133	0.0133	0.0133	0.0133	0.0133	0.0065	0.0081	0.0133	0.0133	0.0133	0.0133	0.0133	0.0081	0.0124	0.0133	0.0133	0.0133	0.0133	0.0133	0.0133	0.0133	0.0133	0.0133	0.0133	0.0133	0.0133	0.0133	0.0133	0.0133	0.0133	0.0124	0.0124	0.0133	0.0133	0.0133	0.0133	0.0133	0.0133	0.0133	0.0133	0.0124	0.0133	0.0133	0.0133	0.0124	0.0133	0.0133	0.0133	0.0133	0.0133	0.0133	0.0133	0.0133	0.0133	0.0133	0.0081	0.0133	0.0133	0.0133	0.0133	0.0133	0.0133	0.0133	0.0133	0.0133	0.0133	0.0133	0.0133	0.0133	0.0133	0.0133	0.0133	0.0133	0.0133	0.0133	0.0133	0.0133	0.0124	0.0065	0.0124	0.0081	0.0133	0.0133	0.0133	0.0081	0.0133	0.0124	0.0133	0.0133	0.0133	0.0133	0.0133	0.0106	0.0133	0.0133	0.0133	0.0133	0.0133	0.0133	0.0124	0.0133	0.0081	0.0133	0.0133	0.0102	0.0133	0.0133	0.0133	0.0124	0.0065	0.0133	0.0133	0.0065	0.0133	0.0133	0.0133	0.0133	0.0133	0.0133	0.0133	0.0081	0.0133	0.0133	0.0133	0.0133	0.0133	0.0153	0.0081	0.0133	0.0133	0.0081	0.0133	0.0133	0.0133	0.0133	0.0133	0.0124	0.0133	0.0124	0.0133	0.0124	0.0133	0.0133	0.0133	0.0133	0.0133	0.0	0.0133	0.0133	0.0133	0.0106	0.0133	0.0133	0.0133	0.0133	0.0133	0.0081	0.0124	0.0133	0.0133	0.0133	0.0133	0.0133	0.0133	0.0133	0.0133	0.0133	0.0	0.0133	0.0133	0.0133	0.0133	0.0133	0.0133	0.0133	0.0133	0.0081	0.0133	0.0133	0.0065	0.0153	0.0133	0.0124	0.0133	0.0133	0.0133	0.0124	0.0124	0.0133	0.0133	0.0133	0.0133	0.0133	0.0133	0.0133	0.0133	0.0133	0.0133	0.0133	0.0133	0.0133	0.0133	0.0133	0.0133	0.0133	0.0133	0.0133	0.0133	0.0133	0.0124	0.0133	0.0133	0.0106	0.0102	0.0133	0.0133	0.0133	0.0133	0.0106	0.0133	0.0133	0.0133	0.0124	0.0133	0.0133	0.0133	0.0133	0.0133	0.0065	0.0133	0.0133	0.0133	0.0065	0.0133	0.0133	0.0133	0.0133	0.0153	0.0133	0.0133	0.0133	0.0133	0.0133	0.0133	0.0065	0.0133	0.0133	0.0153	0.0133	0.0133	0.0133	0.0124	0.0133	0.0133	0.0	0.007	0.007	0.007	0.007	0.007	0.007	0.007	0.007	0.007	0.007	0.007	0.007	0.007	0.007	0.007	0.007	0.007	0.007	0.007	0.007	0.007	0.007	0.007	0.007	0.007	0.007	0.007	0.007	0.007	0.007	0.007	0.007	0.007	0.007	0.007	0.007	0.007	0.007	0.007	0.007	0.007	0.007	0.007	0.007	0.007	0.007	0.007	0.007	0.007	0.007	0.007	0.007	0.007	0.007	0.007	0.007	0.007	0.007	0.007	0.007	0.007	0.007	0.007	0.007	0.007	0.007	0.007	0.007	0.007	0.007	0.007	0.007	0.007	0.007	0.007	0.007	0.007	0.007	0.007	0.007	0.007
33	0.1042	0.1042	0.1042	0.1042	0.1042	0.1422	0.1422	0.1422	0.1422	0.1422	0.1422	0.1422	0.1422	0.1422	0.1422	0.1422	0.1422	0.1422	0.016	0.016	0.016	0.016	0.016	0.016	0.016	0.016	0.016	0.016	0.016	0.016	0.016	0.016	0.016	0.0175	0.016	0.016	0.016	0.016	0.0089	0.016	0.016	0.016	0.016	0.016	0.016	0.016	0.016	0.016	0.016	0.0071	0.016	0.016	0.016	0.0071	0.016	0.016	0.016	0.0138	0.016	0.016	0.016	0.016	0.016	0.016	0.016	0.016	0.016	0.016	0.016	0.016	0.016	0.016	0.016	0.0071	0.016	0.016	0.0175	0.0071	0.016	0.016	0.016	0.016	0.0348	0.016	0.0283	0.0283	0.016	0.016	0.016	0.016	0.016	0.016	0.016	0.3306	0.016	0.016	0.016	0.016	0.016	0.016	0.016	0.016	0.016	0.0348	0.016	0.016	0.016	0.016	0.016	0.016	0.016	0.0071	0.016	0.016	0.016	0.0138	0.016	0.016	0.016	0.016	0.016	0.016	0.016	0.0175	0.0089	0.016	0.016	0.016	0.016	0.0071	0.016	0.016	0.016	0.0089	0.016	0.016	0.016	0.016	0.016	0.016	0.016	0.016	0.016	0.016	0.0071	0.016	0.016	0.016	0.016	0.016	0.016	0.016	0.016	0.016	0.0348	0.016	0.016	0.0089	0.016	0.016	0.016	0.016	0.016	0.016	0.016	0.016	0.016	0.016	0.016	0.0071	0.0071	0.016	0.0348	0.016	0.016	0.016	0.0071	0.016	0.016	0.016	0.016	0.016	0.016	0.016	0.016	0.016	0.0089	0.0071	0.016	0.016	0.016	0.0138	0.0071	0.016	0.016	0.016	0.016	0.016	0.016	0.016	0.016	0.016	0.016	0.016	0.016	0.0071	0.016	0.016	0.016	0.016	0.016	0.016	0.016	0.016	0.016	0.016	0.016	0.016	0.016	0.016	0.016	0.016	0.016	0.0138	0.016	0.016	0.016	0.016	0.016	0.0175	0.016	0.0071	0.0089	0.016	0.0071	0.016	0.016	0.0089	0.0071	0.016	0.016	0.016	0.016	0.0071	0.0138	0.016	0.016	0.016	0.016	0.016	0.0138	0.016	0.0071	0.016	0.016	0.0283	0.016	0.016	0.016	0.016	0.016	0.016	0.0071	0.016	0.016	0.016	0.016	0.016	0.016	0.0089	0.0138	0.016	0.016	0.016	0.016	0.016	0.0138	0.0071	0.016	0.016	0.016	0.016	0.016	0.016	0.016	0.016	0.016	0.016	0.016	0.016	0.016	0.016	0.016	0.016	0.0071	0.0071	0.016	0.016	0.016	0.016	0.016	0.016	0.016	0.016	0.0071	0.016	0.016	0.016	0.0071	0.016	0.016	0.016	0.016	0.016	0.016	0.016	0.016	0.016	0.016	0.0138	0.016	0.016	0.016	0.016	0.016	0.016	0.016	0.016	0.016	0.016	0.016	0.016	0.016	0.016	0.016	0.016	0.016	0.016	0.016	0.016	0.016	0.0071	0.0089	0.0071	0.0138	0.016	0.016	0.016	0.0138	0.016	0.0071	0.016	0.016	0.016	0.016	0.016	0.0175	0.016	0.016	0.016	0.016	0.016	0.016	0.0071	0.016	0.0138	0.016	0.016	0.0283	0.016	0.016	0.016	0.0071	0.0089	0.016	0.016	0.0089	0.016	0.016	0.016	0.016	0.016	0.016	0.016	0.0138	0.016	0.016	0.016	0.016	0.016	0.0348	0.0138	0.016	0.016	0.0138	0.016	0.016	0.016	0.016	0.016	0.0071	0.016	0.0071	0.016	0.0071	0.016	0.016	0.016	0.016	0.016	0.3306	0.016	0.016	0.016	0.0175	0.016	0.016	0.016	0.016	0.016	0.0138	0.0071	0.016	0.016	0.016	0.016	0.016	0.016	0.016	0.016	0.016	0.3306	0.016	0.016	0.016	0.016	0.016	0.016	0.016	0.016	0.0138	0.016	0.016	0.0089	0.0348	0.016	0.0071	0.016	0.016	0.016	0.0071	0.0071	0.016	0.016	0.016	0.016	0.016	0.016	0.016	0.016	0.016	0.016	0.016	0.016	0.016	0.016	0.016	0.016	0.016	0.016	0.016	0.016	0.016	0.0071	0.016	0.016	0.0175	0.0283	0.016	0.016	0.016	0.016	0.0175	0.016	0.016	0.016	0.0071	0.016	0.016	0.016	0.016	0.016	0.0089	0.016	0.016	0.016	0.0089	0.016	0.016	0.016	0.016	0.0348	0.016	0.016	0.016	0.016	0.016	0.016	0.0089	0.016	0.016	0.0348	0.016	0.016	0.016	0.0071	0.016	0.016	0.3306	0.0038	0.0038	0.0038	0.0038	0.0038	0.0038	0.0038	0.0038	0.0038	0.0038	0.0038	0.0038	0.0038	0.0038	0.0038	0.0038	0.0038	0.0038	0.0038	0.0038	0.0038	0.0038	0.0038	0.0038	0.0038	0.0038	0.0038	0.0038	0.0038	0.0038	0.0038	0.0038	0.0038	0.0038	0.0038	0.0038	0.0038	0.0038	0.0038	0.0038	0.0038	0.0038	0.0038	0.0038	0.0038	0.0038	0.0038	0.0038	0.0038	0.0038	0.0038	0.0038	0.0038	0.0038	0.0038	0.0038	0.0038	0.0038	0.0038	0.0038	0.0038	0.0038	0.0038	0.0038	0.0038	0.0038	0.0038	0.0038	0.0038	0.0038	0.0038	0.0038	0.0038	0.0038	0.0038	0.0038	0.0038	0.0038	0.0038	0.0038	0.0038
34	0.0527	0.0527	0.0527	0.0527	0.0527	0.0234	0.0234	0.0234	0.0234	0.0234	0.0234	0.0234	0.0234	0.0234	0.0234	0.0234	0.0234	0.0234	0.0069	0.0069	0.0069	0.0069	0.0069	0.0069	0.0069	0.0069	0.0069	0.0069	0.0069	0.0069	0.0069	0.0069	0.0069	0.0054	0.0069	0.0069	0.0069	0.0069	0.0031	0.0069	0.0069	0.0069	0.0069	0.0069	0.0069	0.0069	0.0069	0.0069	0.0069	0.001	0.0069	0.0069	0.0069	0.001	0.0069	0.0069	0.0069	0.0028	0.0069	0.0069	0.0069	0.0069	0.0069	0.0069	0.0069	0.0069	0.0069	0.0069	0.0069	0.0069	0.0069	0.0069	0.0069	0.001	0.0069	0.0069	0.0054	0.001	0.0069	0.0069	0.0069	0.0069	0.0044	0.0069	0.0102	0.0102	0.0069	0.0069	0.0069	0.0069	0.0069	0.0069	0.0069	0.0006	0.0069	0.0069	0.0069	0.0069	0.0069	0.0069	0.0069	0.0069	0.0069	0.0044	0.0069	0.0069	0.0069	0.0069	0.0069	0.0069	0.0069	0.001	0.0069	0.0069	0.0069	0.0028	0.0069	0.0069	0.0069	0.0069	0.0069	0.0069	0.0069	0.0054	0.0031	0.0069	0.0069	0.0069	0.0069	0.001	0.0069	0.0069	0.0069	0.0031	0.0069	0.0069	0.0069	0.0069	0.0069	0.0069	0.0069	0.0069	0.0069	0.0069	0.001	0.0069	0.0069	0.0069	0.0069	0.0069	0.0069	0.0069	0.0069	0.0069	0.0044	0.0069	0.0069	0.0031	0.0069	0.0069	0.0069	0.0069	0.0069	0.0069	0.0069	0.0069	0.0069	0.0069	0.0069	0.001	0.001	0.0069	0.0044	0.0069	0.0069	0.0069	0.001	0.0069	0.0069	0.0069	0.0069	0.0069	0.0069	0.0069	0.0069	0.0069	0.0031	0.001	0.0069	0.0069	0.0069	0.0028	0.001	0.0069	0.0069	0.0069	0.0069	0.0069	0.0069	0.0069	0.0069	0.0069	0.0069	0.0069	0.0069	0.001	0.0069	0.0069	0.0069	0.0069	0.0069	0.0069	0.0069	0.0069	0.0069	0.0069	0.0069	0.0069	0.0069	0.0069	0.0069	0.0069	0.0069	0.0028	0.0069	0.0069	0.0069	0.0069	0.0069	0.0054	0.0069	0.001	0.0031	0.0069	0.001	0.0069	0.0069	0.0031	0.001	0.0069	0.0069	0.0069	0.0069	0.001	0.0028	0.0069	0.0069	0.0069	0.0069	0.0069	0.0028	0.0069	0.001	0.0069	0.0069	0.0102	0.0069	0.0069	0.0069	0.0069	0.0069	0.0069	0.001	0.0069	0.0069	0.0069	0.0069	0.0069	0.0069	0.0031	0.0028	0.0069	0.0069	0.0069	0.0069	0.0069	0.0028	0.001	0.0069	0.0069	0.0069	0.0069	0.0069	0.0069	0.0069	0.0069	0.0069	0.0069	0.0069	0.0069	0.0069	0.0069	0.0069	0.0069	0.001	0.001	0.0069	0.0069	0.0069	0.0069	0.0069	0.0069	0.0069	0.0069	0.001	0.0069	0.0069	0.0069	0.001	0.0069	0.0069	0.0069	0.0069	0.0069	0.0069	0.0069	0.0069	0.0069	0.0069	0.0028	0.0069	0.0069	0.0069	0.0069	0.0069	0.0069	0.0069	0.0069	0.0069	0.0069	0.0069	0.0069	0.0069	0.0069	0.0069	0.0069	0.0069	0.0069	0.0069	0.0069	0.0069	0.001	0.0031	0.001	0.0028	0.0069	0.0069	0.0069	0.0028	0.0069	0.001	0.0069	0.0069	0.0069	0.0069	0.0069	0.0054	0.0069	0.0069	0.0069	0.0069	0.0069	0.0069	0.001	0.0069	0.0028	0.0069	0.0069	0.0102	0.0069	0.0069	0.0069	0.001	0.0031	0.0069	0.0069	0.0031	0.0069	0.0069	0.0069	0.0069	0.0069	0.0069	0.0069	0.0028	0.0069	0.0069	0.0069	0.0069	0.0069	0.0044	0.0028	0.0069	0.0069	0.0028	0.0069	0.0069	0.0069	0.0069	0.0069	0.001	0.0069	0.001	0.0069	0.001	0.0069	0.0069	0.0069	0.0069	0.0069	0.0006	0.0069	0.0069	0.0069	0.0054	0.0069	0.0069	0.0069	0.0069	0.0069	0.0028	0.001	0.0069	0.0069	0.0069	0.0069	0.0069	0.0069	0.0069	0.0069	0.0069	0.0006	0.0069	0.0069	0.0069	0.0069	0.0069	0.0069	0.0069	0.0069	0.0028	0.0069	0.0069	0.0031	0.0044	0.0069	0.001	0.0069	0.0069	0.0069	0.001	0.001	0.0069	0.0069	0.0069	0.0069	0.0069	0.0069	0.0069	0.0069	0.0069	0.0069	0.0069	0.0069	0.0069	0.0069	0.0069	0.0069	0.0069	0.0069	0.0069	0.0069	0.0069	0.001	0.0069	0.0069	0.0054	0.0102	0.0069	0.0069	0.0069	0.0069	0.0054	0.0069	0.0069	0.0069	0.001	0.0069	0.0069	0.0069	0.0069	0.0069	0.0031	0.0069	0.0069	0.0069	0.0031	0.0069	0.0069	0.0069	0.0069	0.0044	0.0069	0.0069	0.0069	0.0069	0.0069	0.0069	0.0031	0.0069	0.0069	0.0044	0.0069	0.0069	0.0069	0.001	0.0069	0.0069	0.0006	0.0057	0.0057	0.0057	0.0057	0.0057	0.0057	0.0057	0.0057	0.0057	0.0057	0.0057	0.0057	0.0057	0.0057	0.0057	0.0057	0.0057	0.0057	0.0057	0.0057	0.0057	0.0057	0.0057	0.0057	0.0057	0.0057	0.0057	0.0057	0.0057	0.0057	0.0057	0.0057	0.0057	0.0057	0.0057	0.0057	0.0057	0.0057	0.0057	0.0057	0.0057	0.0057	0.0057	0.0057	0.0057	0.0057	0.0057	0.0057	0.0057	0.0057	0.0057	0.0057	0.0057	0.0057	0.0057	0.0057	0.0057	0.0057	0.0057	0.0057	0.0057	0.0057	0.0057	0.0057	0.0057	0.0057	0.0057	0.0057	0.0057	0.0057	0.0057	0.0057	0.0057	0.0057	0.0057	0.0057	0.0057	0.0057	0.0057	0.0057	0.0057
35	0.0727	0.0727	0.0727	0.0727	0.0727	0.0236	0.0236	0.0236	0.0236	0.0236	0.0236	0.0236	0.0236	0.0236	0.0236	0.0236	0.0236	0.0236	0.0043	0.0043	0.0043	0.0043	0.0043	0.0043	0.0043	0.0043	0.0043	0.0043	0.0043	0.0043	0.0043	0.0043	0.0043	0.0047	0.0043	0.0043	0.0043	0.0043	0.0029	0.0043	0.0043	0.0043	0.0043	0.0043	0.0043	0.0043	0.0043	0.0043	0.0043	0.0011	0.0043	0.0043	0.0043	0.0011	0.0043	0.0043	0.0043	0.0021	0.0043	0.0043	0.0043	0.0043	0.0043	0.0043	0.0043	0.0043	0.0043	0.0043	0.0043	0.0043	0.0043	0.0043	0.0043	0.0011	0.0043	0.0043	0.0047	0.0011	0.0043	0.0043	0.0043	0.0043	0.0028	0.0043	0.0032	0.0032	0.0043	0.0043	0.0043	0.0043	0.0043	0.0043	0.0043	0.0473	0.0043	0.0043	0.0043	0.0043	0.0043	0.0043	0.0043	0.0043	0.0043	0.0028	0.0043	0.0043	0.0043	0.0043	0.0043	0.0043	0.0043	0.0011	0.0043	0.0043	0.0043	0.0021	0.0043	0.0043	0.0043	0.0043	0.0043	0.0043	0.0043	0.0047	0.0029	0.0043	0.0043	0.0043	0.0043	0.0011	0.0043	0.0043	0.0043	0.0029	0.0043	0.0043	0.0043	0.0043	0.0043	0.0043	0.0043	0.0043	0.0043	0.0043	0.0011	0.0043	0.0043	0.0043	0.0043	0.0043	0.0043	0.0043	0.0043	0.0043	0.0028	0.0043	0.0043	0.0029	0.0043	0.0043	0.0043	0.0043	0.0043	0.0043	0.0043	0.0043	0.0043	0.0043	0.0043	0.0011	0.0011	0.0043	0.0028	0.0043	0.0043	0.0043	0.0011	0.0043	0.0043	0.0043	0.0043	0.0043	0.0043	0.0043	0.0043	0.0043	0.0029	0.0011	0.0043	0.0043	0.0043	0.0021	0.0011	0.0043	0.0043	0.0043	0.0043	0.0043	0.0043	0.0043	0.0043	0.0043	0.0043	0.0043	0.0043	0.0011	0.0043	0.0043	0.0043	0.0043	0.0043	0.0043	0.0043	0.0043	0.0043	0.0043	0.0043	0.0043	0.0043	0.0043	0.0043	0.0043	0.0043	0.0021	0.0043	0.0043	0.0043	0.0043	0.0043	0.0047	0.0043	0.0011	0.0029	0.0043	0.0011	0.0043	0.0043	0.0029	0.0011	0.0043	0.0043	0.0043	0.0043	0.0011	0.0021	0.0043	0.0043	0.0043	0.0043	0.0043	0.0021	0.0043	0.0011	0.0043	0.0043	0.0032	0.0043	0.0043	0.0043	0.0043	0.0043	0.0043	0.0011	0.0043	0.0043	0.0043	0.0043	0.0043	0.0043	0.0029	0.0021	0.0043	0.0043	0.0043	0.0043	0.0043	0.0021	0.0011	0.0043	0.0043	0.0043	0.0043	0.0043	0.0043	0.0043	0.0043	0.0043	0.0043	0.0043	0.0043	0.0043	0.0043	0.0043	0.0043	0.0011	0.0011	0.0043	0.0043	0.0043	0.0043	0.0043	0.0043	0.0043	0.0043	0.0011	0.0043	0.0043	0.0043	0.0011	0.0043	0.0043	0.0043	0.0043	0.0043	0.0043	0.0043	0.0043	0.0043	0.0043	0.0021	0.0043	0.0043	0.0043	0.0043	0.0043	0.0043	0.0043	0.0043	0.0043	0.0043	0.0043	0.0043	0.0043	0.0043	0.0043	0.0043	0.0043	0.0043	0.0043	0.0043	0.0043	0.0011	0.0029	0.0011	0.0021	0.0043	0.0043	0.0043	0.0021	0.0043	0.0011	0.0043	0.0043	0.0043	0.0043	0.0043	0.0047	0.0043	0.0043	0.0043	0.0043	0.0043	0.0043	0.0011	0.0043	0.0021	0.0043	0.0043	0.0032	0.0043	0.0043	0.0043	0.0011	0.0029	0.0043	0.0043	0.0029	0.0043	0.0043	0.0043	0.0043	0.0043	0.0043	0.0043	0.0021	0.0043	0.0043	0.0043	0.0043	0.0043	0.0028	0.0021	0.0043	0.0043	0.0021	0.0043	0.0043	0.0043	0.0043	0.0043	0.0011	0.0043	0.0011	0.0043	0.0011	0.0043	0.0043	0.0043	0.0043	0.0043	0.0473	0.0043	0.0043	0.0043	0.0047	0.0043	0.0043	0.0043	0.0043	0.0043	0.0021	0.0011	0.0043	0.0043	0.0043	0.0043	0.0043	0.0043	0.0043	0.0043	0.0043	0.0473	0.0043	0.0043	0.0043	0.0043	0.0043	0.0043	0.0043	0.0043	0.0021	0.0043	0.0043	0.0029	0.0028	0.0043	0.0011	0.0043	0.0043	0.0043	0.0011	0.0011	0.0043	0.0043	0.0043	0.0043	0.0043	0.0043	0.0043	0.0043	0.0043	0.0043	0.0043	0.0043	0.0043	0.0043	0.0043	0.0043	0.0043	0.0043	0.0043	0.0043	0.0043	0.0011	0.0043	0.0043	0.0047	0.0032	0.0043	0.0043	0.0043	0.0043	0.0047	0.0043	0.0043	0.0043	0.0011	0.0043	0.0043	0.0043	0.0043	0.0043	0.0029	0.0043	0.0043	0.0043	0.0029	0.0043	0.0043	0.0043	0.0043	0.0028	0.0043	0.0043	0.0043	0.0043	0.0043	0.0043	0.0029	0.0043	0.0043	0.0028	0.0043	0.0043	0.0043	0.0011	0.0043	0.0043	0.0473	0.0212	0.0212	0.0212	0.0212	0.0212	0.0212	0.0212	0.0212	0.0212	0.0212	0.0212	0.0212	0.0212	0.0212	0.0212	0.0212	0.0212	0.0212	0.0212	0.0212	0.0212	0.0212	0.0212	0.0212	0.0212	0.0212	0.0212	0.0212	0.0212	0.0212	0.0212	0.0212	0.0212	0.0212	0.0212	0.0212	0.0212	0.0212	0.0212	0.0212	0.0212	0.0212	0.0212	0.0212	0.0212	0.0212	0.0212	0.0212	0.0212	0.0212	0.0212	0.0212	0.0212	0.0212	0.0212	0.0212	0.0212	0.0212	0.0212	0.0212	0.0212	0.0212	0.0212	0.0212	0.0212	0.0212	0.0212	0.0212	0.0212	0.0212	0.0212	0.0212	0.0212	0.0212	0.0212	0.0212	0.0212	0.0212	0.0212	0.0212	0.0212
36	0.0576	0.0576	0.0576	0.0576	0.0576	0.9334	0.9334	0.9334	0.9334	0.9334	0.9334	0.9334	0.9334	0.9334	0.9334	0.9334	0.9334	0.9334	0.0104	0.0104	0.0104	0.0104	0.0104	0.0104	0.0104	0.0104	0.0104	0.0104	0.0104	0.0104	0.0104	0.0104	0.0104	0.0077	0.0104	0.0104	0.0104	0.0104	0.0054	0.0104	0.0104	0.0104	0.0104	0.0104	0.0104	0.0104	0.0104	0.0104	0.0104	0.0112	0.0104	0.0104	0.0104	0.0112	0.0104	0.0104	0.0104	0.0089	0.0104	0.0104	0.0104	0.0104	0.0104	0.0104	0.0104	0.0104	0.0104	0.0104	0.0104	0.0104	0.0104	0.0104	0.0104	0.0112	0.0104	0.0104	0.0077	0.0112	0.0104	0.0104	0.0104	0.0104	0.0201	0.0104	0.0109	0.0109	0.0104	0.0104	0.0104	0.0104	0.0104	0.0104	0.0104	0.4641	0.0104	0.0104	0.0104	0.0104	0.0104	0.0104	0.0104	0.0104	0.0104	0.0201	0.0104	0.0104	0.0104	0.0104	0.0104	0.0104	0.0104	0.0112	0.0104	0.0104	0.0104	0.0089	0.0104	0.0104	0.0104	0.0104	0.0104	0.0104	0.0104	0.0077	0.0054	0.0104	0.0104	0.0104	0.0104	0.0112	0.0104	0.0104	0.0104	0.0054	0.0104	0.0104	0.0104	0.0104	0.0104	0.0104	0.0104	0.0104	0.0104	0.0104	0.0112	0.0104	0.0104	0.0104	0.0104	0.0104	0.0104	0.0104	0.0104	0.0104	0.0201	0.0104	0.0104	0.0054	0.0104	0.0104	0.0104	0.0104	0.0104	0.0104	0.0104	0.0104	0.0104	0.0104	0.0104	0.0112	0.0112	0.0104	0.0201	0.0104	0.0104	0.0104	0.0112	0.0104	0.0104	0.0104	0.0104	0.0104	0.0104	0.0104	0.0104	0.0104	0.0054	0.0112	0.0104	0.0104	0.0104	0.0089	0.0112	0.0104	0.0104	0.0104	0.0104	0.0104	0.0104	0.0104	0.0104	0.0104	0.0104	0.0104	0.0104	0.0112	0.0104	0.0104	0.0104	0.0104	0.0104	0.0104	0.0104	0.0104	0.0104	0.0104	0.0104	0.0104	0.0104	0.0104	0.0104	0.0104	0.0104	0.0089	0.0104	0.0104	0.0104	0.0104	0.0104	0.0077	0.0104	0.0112	0.0054	0.0104	0.0112	0.0104	0.0104	0.0054	0.0112	0.0104	0.0104	0.0104	0.0104	0.0112	0.0089	0.0104	0.0104	0.0104	0.0104	0.0104	0.0089	0.0104	0.0112	0.0104	0.0104	0.0109	0.0104	0.0104	0.0104	0.0104	0.0104	0.0104	0.0112	0.0104	0.0104	0.0104	0.0104	0.0104	0.0104	0.0054	0.0089	0.0104	0.0104	0.0104	0.0104	0.0104	0.0089	0.0112	0.0104	0.0104	0.0104	0.0104	0.0104	0.0104	0.0104	0.0104	0.0104	0.0104	0.0104	0.0104	0.0104	0.0104	0.0104	0.0104	0.0112	0.0112	0.0104	0.0104	0.0104	0.0104	0.0104	0.0104	0.0104	0.0104	0.0112	0.0104	0.0104	0.0104	0.0112	0.0104	0.0104	0.0104	0.0104	0.0104	0.0104	0.0104	0.0104	0.0104	0.0104	0.0089	0.0104	0.0104	0.0104	0.0104	0.0104	0.0104	0.0104	0.0104	0.0104	0.0104	0.0104	0.0104	0.0104	0.0104	0.0104	0.0104	0.0104	0.0104	0.0104	0.0104	0.0104	0.0112	0.0054	0.0112	0.0089	0.0104	0.0104	0.0104	0.0089	0.0104	0.0112	0.0104	0.0104	0.0104	0.0104	0.0104	0.0077	0.0104	0.0104	0.0104	0.0104	0.0104	0.0104	0.0112	0.0104	0.0089	0.0104	0.0104	0.0109	0.0104	0.0104	0.0104	0.0112	0.0054	0.0104	0.0104	0.0054	0.0104	0.0104	0.0104	0.0104	0.0104	0.0104	0.0104	0.0089	0.0104	0.0104	0.0104	0.0104	0.0104	0.0201	0.0089	0.0104	0.0104	0.0089	0.0104	0.0104	0.0104	0.0104	0.0104	0.0112	0.0104	0.0112	0.0104	0.0112	0.0104	0.0104	0.0104	0.0104	0.0104	0.4641	0.0104	0.0104	0.0104	0.0077	0.0104	0.0104	0.0104	0.0104	0.0104	0.0089	0.0112	0.0104	0.0104	0.0104	0.0104	0.0104	0.0104	0.0104	0.0104	0.0104	0.4641	0.0104	0.0104	0.0104	0.0104	0.0104	0.0104	0.0104	0.0104	0.0089	0.0104	0.0104	0.0054	0.0201	0.0104	0.0112	0.0104	0.0104	0.0104	0.0112	0.0112	0.0104	0.0104	0.0104	0.0104	0.0104	0.0104	0.0104	0.0104	0.0104	0.0104	0.0104	0.0104	0.0104	0.0104	0.0104	0.0104	0.0104	0.0104	0.0104	0.0104	0.0104	0.0112	0.0104	0.0104	0.0077	0.0109	0.0104	0.0104	0.0104	0.0104	0.0077	0.0104	0.0104	0.0104	0.0112	0.0104	0.0104	0.0104	0.0104	0.0104	0.0054	0.0104	0.0104	0.0104	0.0054	0.0104	0.0104	0.0104	0.0104	0.0201	0.0104	0.0104	0.0104	0.0104	0.0104	0.0104	0.0054	0.0104	0.0104	0.0201	0.0104	0.0104	0.0104	0.0112	0.0104	0.0104	0.4641	0.0353	0.0353	0.0353	0.0353	0.0353	0.0353	0.0353	0.0353	0.0353	0.0353	0.0353	0.0353	0.0353	0.0353	0.0353	0.0353	0.0353	0.0353	0.0353	0.0353	0.0353	0.0353	0.0353	0.0353	0.0353	0.0353	0.0353	0.0353	0.0353	0.0353	0.0353	0.0353	0.0353	0.0353	0.0353	0.0353	0.0353	0.0353	0.0353	0.0353	0.0353	0.0353	0.0353	0.0353	0.0353	0.0353	0.0353	0.0353	0.0353	0.0353	0.0353	0.0353	0.0353	0.0353	0.0353	0.0353	0.0353	0.0353	0.0353	0.0353	0.0353	0.0353	0.0353	0.0353	0.0353	0.0353	0.0353	0.0353	0.0353	0.0353	0.0353	0.0353	0.0353	0.0353	0.0353	0.0353	0.0353	0.0353	0.0353	0.0353	0.0353
37	0.0768	0.0768	0.0768	0.0768	0.0768	0.8927	0.8927	0.8927	0.8927	0.8927	0.8927	0.8927	0.8927	0.8927	0.8927	0.8927	0.8927	0.8927	0.0135	0.0135	0.0135	0.0135	0.0135	0.0135	0.0135	0.0135	0.0135	0.0135	0.0135	0.0135	0.0135	0.0135	0.0135	0.0429	0.0135	0.0135	0.0135	0.0135	0.0096	0.0135	0.0135	0.0135	0.0135	0.0135	0.0135	0.0135	0.0135	0.0135	0.0135	0.0021	0.0135	0.0135	0.0135	0.0021	0.0135	0.0135	0.0135	0.0041	0.0135	0.0135	0.0135	0.0135	0.0135	0.0135	0.0135	0.0135	0.0135	0.0135	0.0135	0.0135	0.0135	0.0135	0.0135	0.0021	0.0135	0.0135	0.0429	0.0021	0.0135	0.0135	0.0135	0.0135	0.0183	0.0135	0.0119	0.0119	0.0135	0.0135	0.0135	0.0135	0.0135	0.0135	0.0135	0.0	0.0135	0.0135	0.0135	0.0135	0.0135	0.0135	0.0135	0.0135	0.0135	0.0183	0.0135	0.0135	0.0135	0.0135	0.0135	0.0135	0.0135	0.0021	0.0135	0.0135	0.0135	0.0041	0.0135	0.0135	0.0135	0.0135	0.0135	0.0135	0.0135	0.0429	0.0096	0.0135	0.0135	0.0135	0.0135	0.0021	0.0135	0.0135	0.0135	0.0096	0.0135	0.0135	0.0135	0.0135	0.0135	0.0135	0.0135	0.0135	0.0135	0.0135	0.0021	0.0135	0.0135	0.0135	0.0135	0.0135	0.0135	0.0135	0.0135	0.0135	0.0183	0.0135	0.0135	0.0096	0.0135	0.0135	0.0135	0.0135	0.0135	0.0135	0.0135	0.0135	0.0135	0.0135	0.0135	0.0021	0.0021	0.0135	0.0183	0.0135	0.0135	0.0135	0.0021	0.0135	0.0135	0.0135	0.0135	0.0135	0.0135	0.0135	0.0135	0.0135	0.0096	0.0021	0.0135	0.0135	0.0135	0.0041	0.0021	0.0135	0.0135	0.0135	0.0135	0.0135	0.0135	0.0135	0.0135	0.0135	0.0135	0.0135	0.0135	0.0021	0.0135	0.0135	0.0135	0.0135	0.0135	0.0135	0.0135	0.0135	0.0135	0.0135	0.0135	0.0135	0.0135	0.0135	0.0135	0.0135	0.0135	0.0041	0.0135	0.0135	0.0135	0.0135	0.0135	0.0429	0.0135	0.0021	0.0096	0.0135	0.0021	0.0135	0.0135	0.0096	0.0021	0.0135	0.0135	0.0135	0.0135	0.0021	0.0041	0.0135	0.0135	0.0135	0.0135	0.0135	0.0041	0.0135	0.0021	0.0135	0.0135	0.0119	0.0135	0.0135	0.0135	0.0135	0.0135	0.0135	0.0021	0.0135	0.0135	0.0135	0.0135	0.0135	0.0135	0.0096	0.0041	0.0135	0.0135	0.0135	0.0135	0.0135	0.0041	0.0021	0.0135	0.0135	0.0135	0.0135	0.0135	0.0135	0.0135	0.0135	0.0135	0.0135	0.0135	0.0135	0.0135	0.0135	0.0135	0.0135	0.0021	0.0021	0.0135	0.0135	0.0135	0.0135	0.0135	0.0135	0.0135	0.0135	0.0021	0.0135	0.0135	0.0135	0.0021	0.0135	0.0135	0.0135	0.0135	0.0135	0.0135	0.0135	0.0135	0.0135	0.0135	0.0041	0.0135	0.0135	0.0135	0.0135	0.0135	0.0135	0.0135	0.0135	0.0135	0.0135	0.0135	0.0135	0.0135	0.0135	0.0135	0.0135	0.0135	0.0135	0.0135	0.0135	0.0135	0.0021	0.0096	0.0021	0.0041	0.0135	0.0135	0.0135	0.0041	0.0135	0.0021	0.0135	0.0135	0.0135	0.0135	0.0135	0.0429	0.0135	0.0135	0.0135	0.0135	0.0135	0.0135	0.0021	0.0135	0.0041	0.0135	0.0135	0.0119	0.0135	0.0135	0.0135	0.0021	0.0096	0.0135	0.0135	0.0096	0.0135	0.0135	0.0135	0.0135	0.0135	0.0135	0.0135	0.0041	0.0135	0.0135	0.0135	0.0135	0.0135	0.0183	0.0041	0.0135	0.0135	0.0041	0.0135	0.0135	0.0135	0.0135	0.0135	0.0021	0.0135	0.0021	0.0135	0.0021	0.0135	0.0135	0.0135	0.0135	0.0135	0.0	0.0135	0.0135	0.0135	0.0429	0.0135	0.0135	0.0135	0.0135	0.0135	0.0041	0.0021	0.0135	0.0135	0.0135	0.0135	0.0135	0.0135	0.0135	0.0135	0.0135	0.0	0.0135	0.0135	0.0135	0.0135	0.0135	0.0135	0.0135	0.0135	0.0041	0.0135	0.0135	0.0096	0.0183	0.0135	0.0021	0.0135	0.0135	0.0135	0.0021	0.0021	0.0135	0.0135	0.0135	0.0135	0.0135	0.0135	0.0135	0.0135	0.0135	0.0135	0.0135	0.0135	0.0135	0.0135	0.0135	0.0135	0.0135	0.0135	0.0135	0.0135	0.0135	0.0021	0.0135	0.0135	0.0429	0.0119	0.0135	0.0135	0.0135	0.0135	0.0429	0.0135	0.0135	0.0135	0.0021	0.0135	0.0135	0.0135	0.0135	0.0135	0.0096	0.0135	0.0135	0.0135	0.0096	0.0135	0.0135	0.0135	0.0135	0.0183	0.0135	0.0135	0.0135	0.0135	0.0135	0.0135	0.0096	0.0135	0.0135	0.0183	0.0135	0.0135	0.0135	0.0021	0.0135	0.0135	0.0	0.0045	0.0045	0.0045	0.0045	0.0045	0.0045	0.0045	0.0045	0.0045	0.0045	0.0045	0.0045	0.0045	0.0045	0.0045	0.0045	0.0045	0.0045	0.0045	0.0045	0.0045	0.0045	0.0045	0.0045	0.0045	0.0045	0.0045	0.0045	0.0045	0.0045	0.0045	0.0045	0.0045	0.0045	0.0045	0.0045	0.0045	0.0045	0.0045	0.0045	0.0045	0.0045	0.0045	0.0045	0.0045	0.0045	0.0045	0.0045	0.0045	0.0045	0.0045	0.0045	0.0045	0.0045	0.0045	0.0045	0.0045	0.0045	0.0045	0.0045	0.0045	0.0045	0.0045	0.0045	0.0045	0.0045	0.0045	0.0045	0.0045	0.0045	0.0045	0.0045	0.0045	0.0045	0.0045	0.0045	0.0045	0.0045	0.0045	0.0045	0.0045
38	0.049	0.049	0.049	0.049	0.049	0.8828	0.8828	0.8828	0.8828	0.8828	0.8828	0.8828	0.8828	0.8828	0.8828	0.8828	0.8828	0.8828	0.0186	0.0186	0.0186	0.0186	0.0186	0.0186	0.0186	0.0186	0.0186	0.0186	0.0186	0.0186	0.0186	0.0186	0.0186	0.0169	0.0186	0.0186	0.0186	0.0186	0.0117	0.0186	0.0186	0.0186	0.0186	0.0186	0.0186	0.0186	0.0186	0.0186	0.0186	0.0015	0.0186	0.0186	0.0186	0.0015	0.0186	0.0186	0.0186	0.0194	0.0186	0.0186	0.0186	0.0186	0.0186	0.0186	0.0186	0.0186	0.0186	0.0186	0.0186	0.0186	0.0186	0.0186	0.0186	0.0015	0.0186	0.0186	0.0169	0.0015	0.0186	0.0186	0.0186	0.0186	0.0201	0.0186	0.0776	0.0776	0.0186	0.0186	0.0186	0.0186	0.0186	0.0186	0.0186	0.0938	0.0186	0.0186	0.0186	0.0186	0.0186	0.0186	0.0186	0.0186	0.0186	0.0201	0.0186	0.0186	0.0186	0.0186	0.0186	0.0186	0.0186	0.0015	0.0186	0.0186	0.0186	0.0194	0.0186	0.0186	0.0186	0.0186	0.0186	0.0186	0.0186	0.0169	0.0117	0.0186	0.0186	0.0186	0.0186	0.0015	0.0186	0.0186	0.0186	0.0117	0.0186	0.0186	0.0186	0.0186	0.0186	0.0186	0.0186	0.0186	0.0186	0.0186	0.0015	0.0186	0.0186	0.0186	0.0186	0.0186	0.0186	0.0186	0.0186	0.0186	0.0201	0.0186	0.0186	0.0117	0.0186	0.0186	0.0186	0.0186	0.0186	0.0186	0.0186	0.0186	0.0186	0.0186	0.0186	0.0015	0.0015	0.0186	0.0201	0.0186	0.0186	0.0186	0.0015	0.0186	0.0186	0.0186	0.0186	0.0186	0.0186	0.0186	0.0186	0.0186	0.0117	0.0015	0.0186	0.0186	0.0186	0.0194	0.0015	0.0186	0.0186	0.0186	0.0186	0.0186	0.0186	0.0186	0.0186	0.0186	0.0186	0.0186	0.0186	0.0015	0.0186	0.0186	0.0186	0.0186	0.0186	0.0186	0.0186	0.0186	0.0186	0.0186	0.0186	0.0186	0.0186	0.0186	0.0186	0.0186	0.0186	0.0194	0.0186	0.0186	0.0186	0.0186	0.0186	0.0169	0.0186	0.0015	0.0117	0.0186	0.0015	0.0186	0.0186	0.0117	0.0015	0.0186	0.0186	0.0186	0.0186	0.0015	0.0194	0.0186	0.0186	0.0186	0.0186	0.0186	0.0194	0.0186	0.0015	0.0186	0.0186	0.0776	0.0186	0.0186	0.0186	0.0186	0.0186	0.0186	0.0015	0.0186	0.0186	0.0186	0.0186	0.0186	0.0186	0.0117	0.0194	0.0186	0.0186	0.0186	0.0186	0.0186	0.0194	0.0015	0.0186	0.0186	0.0186	0.0186	0.0186	0.0186	0.0186	0.0186	0.0186	0.0186	0.0186	0.0186	0.0186	0.0186	0.0186	0.0186	0.0015	0.0015	0.0186	0.0186	0.0186	0.0186	0.0186	0.0186	0.0186	0.0186	0.0015	0.0186	0.0186	0.0186	0.0015	0.0186	0.0186	0.0186	0.0186	0.0186	0.0186	0.0186	0.0186	0.0186	0.0186	0.0194	0.0186	0.0186	0.0186	0.0186	0.0186	0.0186	0.0186	0.0186	0.0186	0.0186	0.0186	0.0186	0.0186	0.0186	0.0186	0.0186	0.0186	0.0186	0.0186	0.0186	0.0186	0.0015	0.0117	0.0015	0.0194	0.0186	0.0186	0.0186	0.0194	0.0186	0.0015	0.0186	0.0186	0.0186	0.0186	0.0186	0.0169	0.0186	0.0186	0.0186	0.0186	0.0186	0.0186	0.0015	0.0186	0.0194	0.0186	0.0186	0.0776	0.0186	0.0186	0.0186	0.0015	0.0117	0.0186	0.0186	0.0117	0.0186	0.0186	0.0186	0.0186	0.0186	0.0186	0.0186	0.0194	0.0186	0.0186	0.0186	0.0186	0.0186	0.0201	0.0194	0.0186	0.0186	0.0194	0.0186	0.0186	0.0186	0.0186	0.0186	0.0015	0.0186	0.0015	0.0186	0.0015	0.0186	0.0186	0.0186	0.0186	0.0186	0.0938	0.0186	0.0186	0.0186	0.0169	0.0186	0.0186	0.0186	0.0186	0.0186	0.0194	0.0015	0.0186	0.0186	0.0186	0.0186	0.0186	0.0186	0.0186	0.0186	0.0186	0.0938	0.0186	0.0186	0.0186	0.0186	0.0186	0.0186	0.0186	0.0186	0.0194	0.0186	0.0186	0.0117	0.0201	0.0186	0.0015	0.0186	0.0186	0.0186	0.0015	0.0015	0.0186	0.0186	0.0186	0.0186	0.0186	0.0186	0.0186	0.0186	0.0186	0.0186	0.0186	0.0186	0.0186	0.0186	0.0186	0.0186	0.0186	0.0186	0.0186	0.0186	0.0186	0.0015	0.0186	0.0186	0.0169	0.0776	0.0186	0.0186	0.0186	0.0186	0.0169	0.0186	0.0186	0.0186	0.0015	0.0186	0.0186	0.0186	0.0186	0.0186	0.0117	0.0186	0.0186	0.0186	0.0117	0.0186	0.0186	0.0186	0.0186	0.0201	0.0186	0.0186	0.0186	0.0186	0.0186	0.0186	0.0117	0.0186	0.0186	0.0201	0.0186	0.0186	0.0186	0.0015	0.0186	0.0186	0.0938	0.0161	0.0161	0.0161	0.0161	0.0161	0.0161	0.0161	0.0161	0.0161	0.0161	0.0161	0.0161	0.0161	0.0161	0.0161	0.0161	0.0161	0.0161	0.0161	0.0161	0.0161	0.0161	0.0161	0.0161	0.0161	0.0161	0.0161	0.0161	0.0161	0.0161	0.0161	0.0161	0.0161	0.0161	0.0161	0.0161	0.0161	0.0161	0.0161	0.0161	0.0161	0.0161	0.0161	0.0161	0.0161	0.0161	0.0161	0.0161	0.0161	0.0161	0.0161	0.0161	0.0161	0.0161	0.0161	0.0161	0.0161	0.0161	0.0161	0.0161	0.0161	0.0161	0.0161	0.0161	0.0161	0.0161	0.0161	0.0161	0.0161	0.0161	0.0161	0.0161	0.0161	0.0161	0.0161	0.0161	0.0161	0.0161	0.0161	0.0161	0.0161
39	0.0614	0.0614	0.0614	0.0614	0.0614	0.9227	0.9227	0.9227	0.9227	0.9227	0.9227	0.9227	0.9227	0.9227	0.9227	0.9227	0.9227	0.9227	0.0067	0.0067	0.0067	0.0067	0.0067	0.0067	0.0067	0.0067	0.0067	0.0067	0.0067	0.0067	0.0067	0.0067	0.0067	0.0036	0.0067	0.0067	0.0067	0.0067	0.0038	0.0067	0.0067	0.0067	0.0067	0.0067	0.0067	0.0067	0.0067	0.0067	0.0067	0.0063	0.0067	0.0067	0.0067	0.0063	0.0067	0.0067	0.0067	0.0033	0.0067	0.0067	0.0067	0.0067	0.0067	0.0067	0.0067	0.0067	0.0067	0.0067	0.0067	0.0067	0.0067	0.0067	0.0067	0.0063	0.0067	0.0067	0.0036	0.0063	0.0067	0.0067	0.0067	0.0067	0.0094	0.0067	0.0077	0.0077	0.0067	0.0067	0.0067	0.0067	0.0067	0.0067	0.0067	0.0006	0.0067	0.0067	0.0067	0.0067	0.0067	0.0067	0.0067	0.0067	0.0067	0.0094	0.0067	0.0067	0.0067	0.0067	0.0067	0.0067	0.0067	0.0063	0.0067	0.0067	0.0067	0.0033	0.0067	0.0067	0.0067	0.0067	0.0067	0.0067	0.0067	0.0036	0.0038	0.0067	0.0067	0.0067	0.0067	0.0063	0.0067	0.0067	0.0067	0.0038	0.0067	0.0067	0.0067	0.0067	0.0067	0.0067	0.0067	0.0067	0.0067	0.0067	0.0063	0.0067	0.0067	0.0067	0.0067	0.0067	0.0067	0.0067	0.0067	0.0067	0.0094	0.0067	0.0067	0.0038	0.0067	0.0067	0.0067	0.0067	0.0067	0.0067	0.0067	0.0067	0.0067	0.0067	0.0067	0.0063	0.0063	0.0067	0.0094	0.0067	0.0067	0.0067	0.0063	0.0067	0.0067	0.0067	0.0067	0.0067	0.0067	0.0067	0.0067	0.0067	0.0038	0.0063	0.0067	0.0067	0.0067	0.0033	0.0063	0.0067	0.0067	0.0067	0.0067	0.0067	0.0067	0.0067	0.0067	0.0067	0.0067	0.0067	0.0067	0.0063	0.0067	0.0067	0.0067	0.0067	0.0067	0.0067	0.0067	0.0067	0.0067	0.0067	0.0067	0.0067	0.0067	0.0067	0.0067	0.0067	0.0067	0.0033	0.0067	0.0067	0.0067	0.0067	0.0067	0.0036	0.0067	0.0063	0.0038	0.0067	0.0063	0.0067	0.0067	0.0038	0.0063	0.0067	0.0067	0.0067	0.0067	0.0063	0.0033	0.0067	0.0067	0.0067	0.0067	0.0067	0.0033	0.0067	0.0063	0.0067	0.0067	0.0077	0.0067	0.0067	0.0067	0.0067	0.0067	0.0067	0.0063	0.0067	0.0067	0.0067	0.0067	0.0067	0.0067	0.0038	0.0033	0.0067	0.0067	0.0067	0.0067	0.0067	0.0033	0.0063	0.0067	0.0067	0.0067	0.0067	0.0067	0.0067	0.0067	0.0067	0.0067	0.0067	0.0067	0.0067	0.0067	0.0067	0.0067	0.0067	0.0063	0.0063	0.0067	0.0067	0.0067	0.0067	0.0067	0.0067	0.0067	0.0067	0.0063	0.0067	0.0067	0.0067	0.0063	0.0067	0.0067	0.0067	0.0067	0.0067	0.0067	0.0067	0.0067	0.0067	0.0067	0.0033	0.0067	0.0067	0.0067	0.0067	0.0067	0.0067	0.0067	0.0067	0.0067	0.0067	0.0067	0.0067	0.0067	0.0067	0.0067	0.0067	0.0067	0.0067	0.0067	0.0067	0.0067	0.0063	0.0038	0.0063	0.0033	0.0067	0.0067	0.0067	0.0033	0.0067	0.0063	0.0067	0.0067	0.0067	0.0067	0.0067	0.0036	0.0067	0.0067	0.0067	0.0067	0.0067	0.0067	0.0063	0.0067	0.0033	0.0067	0.0067	0.0077	0.0067	0.0067	0.0067	0.0063	0.0038	0.0067	0.0067	0.0038	0.0067	0.0067	0.0067	0.0067	0.0067	0.0067	0.0067	0.0033	0.0067	0.0067	0.0067	0.0067	0.0067	0.0094	0.0033	0.0067	0.0067	0.0033	0.0067	0.0067	0.0067	0.0067	0.0067	0.0063	0.0067	0.0063	0.0067	0.0063	0.0067	0.0067	0.0067	0.0067	0.0067	0.0006	0.0067	0.0067	0.0067	0.0036	0.0067	0.0067	0.0067	0.0067	0.0067	0.0033	0.0063	0.0067	0.0067	0.0067	0.0067	0.0067	0.0067	0.0067	0.0067	0.0067	0.0006	0.0067	0.0067	0.0067	0.0067	0.0067	0.0067	0.0067	0.0067	0.0033	0.0067	0.0067	0.0038	0.0094	0.0067	0.0063	0.0067	0.0067	0.0067	0.0063	0.0063	0.0067	0.0067	0.0067	0.0067	0.0067	0.0067	0.0067	0.0067	0.0067	0.0067	0.0067	0.0067	0.0067	0.0067	0.0067	0.0067	0.0067	0.0067	0.0067	0.0067	0.0067	0.0063	0.0067	0.0067	0.0036	0.0077	0.0067	0.0067	0.0067	0.0067	0.0036	0.0067	0.0067	0.0067	0.0063	0.0067	0.0067	0.0067	0.0067	0.0067	0.0038	0.0067	0.0067	0.0067	0.0038	0.0067	0.0067	0.0067	0.0067	0.0094	0.0067	0.0067	0.0067	0.0067	0.0067	0.0067	0.0038	0.0067	0.0067	0.0094	0.0067	0.0067	0.0067	0.0063	0.0067	0.0067	0.0006	0.0368	0.0368	0.0368	0.0368	0.0368	0.0368	0.0368	0.0368	0.0368	0.0368	0.0368	0.0368	0.0368	0.0368	0.0368	0.0368	0.0368	0.0368	0.0368	0.0368	0.0368	0.0368	0.0368	0.0368	0.0368	0.0368	0.0368	0.0368	0.0368	0.0368	0.0368	0.0368	0.0368	0.0368	0.0368	0.0368	0.0368	0.0368	0.0368	0.0368	0.0368	0.0368	0.0368	0.0368	0.0368	0.0368	0.0368	0.0368	0.0368	0.0368	0.0368	0.0368	0.0368	0.0368	0.0368	0.0368	0.0368	0.0368	0.0368	0.0368	0.0368	0.0368	0.0368	0.0368	0.0368	0.0368	0.0368	0.0368	0.0368	0.0368	0.0368	0.0368	0.0368	0.0368	0.0368	0.0368	0.0368	0.0368	0.0368	0.0368	0.0368
40	0.0826	0.0826	0.0826	0.0826	0.0826	0.9773	0.9773	0.9773	0.9773	0.9773	0.9773	0.9773	0.9773	0.9773	0.9773	0.9773	0.9773	0.9773	0.0107	0.0107	0.0107	0.0107	0.0107	0.0107	0.0107	0.0107	0.0107	0.0107	0.0107	0.0107	0.0107	0.0107	0.0107	0.0177	0.0107	0.0107	0.0107	0.0107	0.0075	0.0107	0.0107	0.0107	0.0107	0.0107	0.0107	0.0107	0.0107	0.0107	0.0107	0.0094	0.0107	0.0107	0.0107	0.0094	0.0107	0.0107	0.0107	0.0093	0.0107	0.0107	0.0107	0.0107	0.0107	0.0107	0.0107	0.0107	0.0107	0.0107	0.0107	0.0107	0.0107	0.0107	0.0107	0.0094	0.0107	0.0107	0.0177	0.0094	0.0107	0.0107	0.0107	0.0107	0.0085	0.0107	0.0205	0.0205	0.0107	0.0107	0.0107	0.0107	0.0107	0.0107	0.0107	0.0	0.0107	0.0107	0.0107	0.0107	0.0107	0.0107	0.0107	0.0107	0.0107	0.0085	0.0107	0.0107	0.0107	0.0107	0.0107	0.0107	0.0107	0.0094	0.0107	0.0107	0.0107	0.0093	0.0107	0.0107	0.0107	0.0107	0.0107	0.0107	0.0107	0.0177	0.0075	0.0107	0.0107	0.0107	0.0107	0.0094	0.0107	0.0107	0.0107	0.0075	0.0107	0.0107	0.0107	0.0107	0.0107	0.0107	0.0107	0.0107	0.0107	0.0107	0.0094	0.0107	0.0107	0.0107	0.0107	0.0107	0.0107	0.0107	0.0107	0.0107	0.0085	0.0107	0.0107	0.0075	0.0107	0.0107	0.0107	0.0107	0.0107	0.0107	0.0107	0.0107	0.0107	0.0107	0.0107	0.0094	0.0094	0.0107	0.0085	0.0107	0.0107	0.0107	0.0094	0.0107	0.0107	0.0107	0.0107	0.0107	0.0107	0.0107	0.0107	0.0107	0.0075	0.0094	0.0107	0.0107	0.0107	0.0093	0.0094	0.0107	0.0107	0.0107	0.0107	0.0107	0.0107	0.0107	0.0107	0.0107	0.0107	0.0107	0.0107	0.0094	0.0107	0.0107	0.0107	0.0107	0.0107	0.0107	0.0107	0.0107	0.0107	0.0107	0.0107	0.0107	0.0107	0.0107	0.0107	0.0107	0.0107	0.0093	0.0107	0.0107	0.0107	0.0107	0.0107	0.0177	0.0107	0.0094	0.0075	0.0107	0.0094	0.0107	0.0107	0.0075	0.0094	0.0107	0.0107	0.0107	0.0107	0.0094	0.0093	0.0107	0.0107	0.0107	0.0107	0.0107	0.0093	0.0107	0.0094	0.0107	0.0107	0.0205	0.0107	0.0107	0.0107	0.0107	0.0107	0.0107	0.0094	0.0107	0.0107	0.0107	0.0107	0.0107	0.0107	0.0075	0.0093	0.0107	0.0107	0.0107	0.0107	0.0107	0.0093	0.0094	0.0107	0.0107	0.0107	0.0107	0.0107	0.0107	0.0107	0.0107	0.0107	0.0107	0.0107	0.0107	0.0107	0.0107	0.0107	0.0107	0.0094	0.0094	0.0107	0.0107	0.0107	0.0107	0.0107	0.0107	0.0107	0.0107	0.0094	0.0107	0.0107	0.0107	0.0094	0.0107	0.0107	0.0107	0.0107	0.0107	0.0107	0.0107	0.0107	0.0107	0.0107	0.0093	0.0107	0.0107	0.0107	0.0107	0.0107	0.0107	0.0107	0.0107	0.0107	0.0107	0.0107	0.0107	0.0107	0.0107	0.0107	0.0107	0.0107	0.0107	0.0107	0.0107	0.0107	0.0094	0.0075	0.0094	0.0093	0.0107	0.0107	0.0107	0.0093	0.0107	0.0094	0.0107	0.0107	0.0107	0.0107	0.0107	0.0177	0.0107	0.0107	0.0107	0.0107	0.0107	0.0107	0.0094	0.0107	0.0093	0.0107	0.0107	0.0205	0.0107	0.0107	0.0107	0.0094	0.0075	0.0107	0.0107	0.0075	0.0107	0.0107	0.0107	0.0107	0.0107	0.0107	0.0107	0.0093	0.0107	0.0107	0.0107	0.0107	0.0107	0.0085	0.0093	0.0107	0.0107	0.0093	0.0107	0.0107	0.0107	0.0107	0.0107	0.0094	0.0107	0.0094	0.0107	0.0094	0.0107	0.0107	0.0107	0.0107	0.0107	0.0	0.0107	0.0107	0.0107	0.0177	0.0107	0.0107	0.0107	0.0107	0.0107	0.0093	0.0094	0.0107	0.0107	0.0107	0.0107	0.0107	0.0107	0.0107	0.0107	0.0107	0.0	0.0107	0.0107	0.0107	0.0107	0.0107	0.0107	0.0107	0.0107	0.0093	0.0107	0.0107	0.0075	0.0085	0.0107	0.0094	0.0107	0.0107	0.0107	0.0094	0.0094	0.0107	0.0107	0.0107	0.0107	0.0107	0.0107	0.0107	0.0107	0.0107	0.0107	0.0107	0.0107	0.0107	0.0107	0.0107	0.0107	0.0107	0.0107	0.0107	0.0107	0.0107	0.0094	0.0107	0.0107	0.0177	0.0205	0.0107	0.0107	0.0107	0.0107	0.0177	0.0107	0.0107	0.0107	0.0094	0.0107	0.0107	0.0107	0.0107	0.0107	0.0075	0.0107	0.0107	0.0107	0.0075	0.0107	0.0107	0.0107	0.0107	0.0085	0.0107	0.0107	0.0107	0.0107	0.0107	0.0107	0.0075	0.0107	0.0107	0.0085	0.0107	0.0107	0.0107	0.0094	0.0107	0.0107	0.0	0.0062	0.0062	0.0062	0.0062	0.0062	0.0062	0.0062	0.0062	0.0062	0.0062	0.0062	0.0062	0.0062	0.0062	0.0062	0.0062	0.0062	0.0062	0.0062	0.0062	0.0062	0.0062	0.0062	0.0062	0.0062	0.0062	0.0062	0.0062	0.0062	0.0062	0.0062	0.0062	0.0062	0.0062	0.0062	0.0062	0.0062	0.0062	0.0062	0.0062	0.0062	0.0062	0.0062	0.0062	0.0062	0.0062	0.0062	0.0062	0.0062	0.0062	0.0062	0.0062	0.0062	0.0062	0.0062	0.0062	0.0062	0.0062	0.0062	0.0062	0.0062	0.0062	0.0062	0.0062	0.0062	0.0062	0.0062	0.0062	0.0062	0.0062	0.0062	0.0062	0.0062	0.0062	0.0062	0.0062	0.0062	0.0062	0.0062	0.0062	0.0062
41	0.0431	0.0431	0.0431	0.0431	0.0431	0.9594	0.9594	0.9594	0.9594	0.9594	0.9594	0.9594	0.9594	0.9594	0.9594	0.9594	0.9594	0.9594	0.0063	0.0063	0.0063	0.0063	0.0063	0.0063	0.0063	0.0063	0.0063	0.0063	0.0063	0.0063	0.0063	0.0063	0.0063	0.0056	0.0063	0.0063	0.0063	0.0063	0.0043	0.0063	0.0063	0.0063	0.0063	0.0063	0.0063	0.0063	0.0063	0.0063	0.0063	0.0047	0.0063	0.0063	0.0063	0.0047	0.0063	0.0063	0.0063	0.0043	0.0063	0.0063	0.0063	0.0063	0.0063	0.0063	0.0063	0.0063	0.0063	0.0063	0.0063	0.0063	0.0063	0.0063	0.0063	0.0047	0.0063	0.0063	0.0056	0.0047	0.0063	0.0063	0.0063	0.0063	0.0057	0.0063	0.0063	0.0063	0.0063	0.0063	0.0063	0.0063	0.0063	0.0063	0.0063	0.1319	0.0063	0.0063	0.0063	0.0063	0.0063	0.0063	0.0063	0.0063	0.0063	0.0057	0.0063	0.0063	0.0063	0.0063	0.0063	0.0063	0.0063	0.0047	0.0063	0.0063	0.0063	0.0043	0.0063	0.0063	0.0063	0.0063	0.0063	0.0063	0.0063	0.0056	0.0043	0.0063	0.0063	0.0063	0.0063	0.0047	0.0063	0.0063	0.0063	0.0043	0.0063	0.0063	0.0063	0.0063	0.0063	0.0063	0.0063	0.0063	0.0063	0.0063	0.0047	0.0063	0.0063	0.0063	0.0063	0.0063	0.0063	0.0063	0.0063	0.0063	0.0057	0.0063	0.0063	0.0043	0.0063	0.0063	0.0063	0.0063	0.0063	0.0063	0.0063	0.0063	0.0063	0.0063	0.0063	0.0047	0.0047	0.0063	0.0057	0.0063	0.0063	0.0063	0.0047	0.0063	0.0063	0.0063	0.0063	0.0063	0.0063	0.0063	0.0063	0.0063	0.0043	0.0047	0.0063	0.0063	0.0063	0.0043	0.0047	0.0063	0.0063	0.0063	0.0063	0.0063	0.0063	0.0063	0.0063	0.0063	0.0063	0.0063	0.0063	0.0047	0.0063	0.0063	0.0063	0.0063	0.0063	0.0063	0.0063	0.0063	0.0063	0.0063	0.0063	0.0063	0.0063	0.0063	0.0063	0.0063	0.0063	0.0043	0.0063	0.0063	0.0063	0.0063	0.0063	0.0056	0.0063	0.0047	0.0043	0.0063	0.0047	0.0063	0.0063	0.0043	0.0047	0.0063	0.0063	0.0063	0.0063	0.0047	0.0043	0.0063	0.0063	0.0063	0.0063	0.0063	0.0043	0.0063	0.0047	0.0063	0.0063	0.0063	0.0063	0.0063	0.0063	0.0063	0.0063	0.0063	0.0047	0.0063	0.0063	0.0063	0.0063	0.0063	0.0063	0.0043	0.0043	0.0063	0.0063	0.0063	0.0063	0.0063	0.0043	0.0047	0.0063	0.0063	0.0063	0.0063	0.0063	0.0063	0.0063	0.0063	0.0063	0.0063	0.0063	0.0063	0.0063	0.0063	0.0063	0.0063	0.0047	0.0047	0.0063	0.0063	0.0063	0.0063	0.0063	0.0063	0.0063	0.0063	0.0047	0.0063	0.0063	0.0063	0.0047	0.0063	0.0063	0.0063	0.0063	0.0063	0.0063	0.0063	0.0063	0.0063	0.0063	0.0043	0.0063	0.0063	0.0063	0.0063	0.0063	0.0063	0.0063	0.0063	0.0063	0.0063	0.0063	0.0063	0.0063	0.0063	0.0063	0.0063	0.0063	0.0063	0.0063	0.0063	0.0063	0.0047	0.0043	0.0047	0.0043	0.0063	0.0063	0.0063	0.0043	0.0063	0.0047	0.0063	0.0063	0.0063	0.0063	0.0063	0.0056	0.0063	0.0063	0.0063	0.0063	0.0063	0.0063	0.0047	0.0063	0.0043	0.0063	0.0063	0.0063	0.0063	0.0063	0.0063	0.0047	0.0043	0.0063	0.0063	0.0043	0.0063	0.0063	0.0063	0.0063	0.0063	0.0063	0.0063	0.0043	0.0063	0.0063	0.0063	0.0063	0.0063	0.0057	0.0043	0.0063	0.0063	0.0043	0.0063	0.0063	0.0063	0.0063	0.0063	0.0047	0.0063	0.0047	0.0063	0.0047	0.0063	0.0063	0.0063	0.0063	0.0063	0.1319	0.0063	0.0063	0.0063	0.0056	0.0063	0.0063	0.0063	0.0063	0.0063	0.0043	0.0047	0.0063	0.0063	0.0063	0.0063	0.0063	0.0063	0.0063	0.0063	0.0063	0.1319	0.0063	0.0063	0.0063	0.0063	0.0063	0.0063	0.0063	0.0063	0.0043	0.0063	0.0063	0.0043	0.0057	0.0063	0.0047	0.0063	0.0063	0.0063	0.0047	0.0047	0.0063	0.0063	0.0063	0.0063	0.0063	0.0063	0.0063	0.0063	0.0063	0.0063	0.0063	0.0063	0.0063	0.0063	0.0063	0.0063	0.0063	0.0063	0.0063	0.0063	0.0063	0.0047	0.0063	0.0063	0.0056	0.0063	0.0063	0.0063	0.0063	0.0063	0.0056	0.0063	0.0063	0.0063	0.0047	0.0063	0.0063	0.0063	0.0063	0.0063	0.0043	0.0063	0.0063	0.0063	0.0043	0.0063	0.0063	0.0063	0.0063	0.0057	0.0063	0.0063	0.0063	0.0063	0.0063	0.0063	0.0043	0.0063	0.0063	0.0057	0.0063	0.0063	0.0063	0.0047	0.0063	0.0063	0.1319	0.0197	0.0197	0.0197	0.0197	0.0197	0.0197	0.0197	0.0197	0.0197	0.0197	0.0197	0.0197	0.0197	0.0197	0.0197	0.0197	0.0197	0.0197	0.0197	0.0197	0.0197	0.0197	0.0197	0.0197	0.0197	0.0197	0.0197	0.0197	0.0197	0.0197	0.0197	0.0197	0.0197	0.0197	0.0197	0.0197	0.0197	0.0197	0.0197	0.0197	0.0197	0.0197	0.0197	0.0197	0.0197	0.0197	0.0197	0.0197	0.0197	0.0197	0.0197	0.0197	0.0197	0.0197	0.0197	0.0197	0.0197	0.0197	0.0197	0.0197	0.0197	0.0197	0.0197	0.0197	0.0197	0.0197	0.0197	0.0197	0.0197	0.0197	0.0197	0.0197	0.0197	0.0197	0.0197	0.0197	0.0197	0.0197	0.0197	0.0197	0.0197
42	0.0724	0.0724	0.0724	0.0724	0.0724	0.914	0.914	0.914	0.914	0.914	0.914	0.914	0.914	0.914	0.914	0.914	0.914	0.914	0.0073	0.0073	0.0073	0.0073	0.0073	0.0073	0.0073	0.0073	0.0073	0.0073	0.0073	0.0073	0.0073	0.0073	0.0073	0.0058	0.0073	0.0073	0.0073	0.0073	0.005	0.0073	0.0073	0.0073	0.0073	0.0073	0.0073	0.0073	0.0073	0.0073	0.0073	0.0029	0.0073	0.0073	0.0073	0.0029	0.0073	0.0073	0.0073	0.006	0.0073	0.0073	0.0073	0.0073	0.0073	0.0073	0.0073	0.0073	0.0073	0.0073	0.0073	0.0073	0.0073	0.0073	0.0073	0.0029	0.0073	0.0073	0.0058	0.0029	0.0073	0.0073	0.0073	0.0073	0.0045	0.0073	0.0086	0.0086	0.0073	0.0073	0.0073	0.0073	0.0073	0.0073	0.0073	0.0	0.0073	0.0073	0.0073	0.0073	0.0073	0.0073	0.0073	0.0073	0.0073	0.0045	0.0073	0.0073	0.0073	0.0073	0.0073	0.0073	0.0073	0.0029	0.0073	0.0073	0.0073	0.006	0.0073	0.0073	0.0073	0.0073	0.0073	0.0073	0.0073	0.0058	0.005	0.0073	0.0073	0.0073	0.0073	0.0029	0.0073	0.0073	0.0073	0.005	0.0073	0.0073	0.0073	0.0073	0.0073	0.0073	0.0073	0.0073	0.0073	0.0073	0.0029	0.0073	0.0073	0.0073	0.0073	0.0073	0.0073	0.0073	0.0073	0.0073	0.0045	0.0073	0.0073	0.005	0.0073	0.0073	0.0073	0.0073	0.0073	0.0073	0.0073	0.0073	0.0073	0.0073	0.0073	0.0029	0.0029	0.0073	0.0045	0.0073	0.0073	0.0073	0.0029	0.0073	0.0073	0.0073	0.0073	0.0073	0.0073	0.0073	0.0073	0.0073	0.005	0.0029	0.0073	0.0073	0.0073	0.006	0.0029	0.0073	0.0073	0.0073	0.0073	0.0073	0.0073	0.0073	0.0073	0.0073	0.0073	0.0073	0.0073	0.0029	0.0073	0.0073	0.0073	0.0073	0.0073	0.0073	0.0073	0.0073	0.0073	0.0073	0.0073	0.0073	0.0073	0.0073	0.0073	0.0073	0.0073	0.006	0.0073	0.0073	0.0073	0.0073	0.0073	0.0058	0.0073	0.0029	0.005	0.0073	0.0029	0.0073	0.0073	0.005	0.0029	0.0073	0.0073	0.0073	0.0073	0.0029	0.006	0.0073	0.0073	0.0073	0.0073	0.0073	0.006	0.0073	0.0029	0.0073	0.0073	0.0086	0.0073	0.0073	0.0073	0.0073	0.0073	0.0073	0.0029	0.0073	0.0073	0.0073	0.0073	0.0073	0.0073	0.005	0.006	0.0073	0.0073	0.0073	0.0073	0.0073	0.006	0.0029	0.0073	0.0073	0.0073	0.0073	0.0073	0.0073	0.0073	0.0073	0.0073	0.0073	0.0073	0.0073	0.0073	0.0073	0.0073	0.0073	0.0029	0.0029	0.0073	0.0073	0.0073	0.0073	0.0073	0.0073	0.0073	0.0073	0.0029	0.0073	0.0073	0.0073	0.0029	0.0073	0.0073	0.0073	0.0073	0.0073	0.0073	0.0073	0.0073	0.0073	0.0073	0.006	0.0073	0.0073	0.0073	0.0073	0.0073	0.0073	0.0073	0.0073	0.0073	0.0073	0.0073	0.0073	0.0073	0.0073	0.0073	0.0073	0.0073	0.0073	0.0073	0.0073	0.0073	0.0029	0.005	0.0029	0.006	0.0073	0.0073	0.0073	0.006	0.0073	0.0029	0.0073	0.0073	0.0073	0.0073	0.0073	0.0058	0.0073	0.0073	0.0073	0.0073	0.0073	0.0073	0.0029	0.0073	0.006	0.0073	0.0073	0.0086	0.0073	0.0073	0.0073	0.0029	0.005	0.0073	0.0073	0.005	0.0073	0.0073	0.0073	0.0073	0.0073	0.0073	0.0073	0.006	0.0073	0.0073	0.0073	0.0073	0.0073	0.0045	0.006	0.0073	0.0073	0.006	0.0073	0.0073	0.0073	0.0073	0.0073	0.0029	0.0073	0.0029	0.0073	0.0029	0.0073	0.0073	0.0073	0.0073	0.0073	0.0	0.0073	0.0073	0.0073	0.0058	0.0073	0.0073	0.0073	0.0073	0.0073	0.006	0.0029	0.0073	0.0073	0.0073	0.0073	0.0073	0.0073	0.0073	0.0073	0.0073	0.0	0.0073	0.0073	0.0073	0.0073	0.0073	0.0073	0.0073	0.0073	0.006	0.0073	0.0073	0.005	0.0045	0.0073	0.0029	0.0073	0.0073	0.0073	0.0029	0.0029	0.0073	0.0073	0.0073	0.0073	0.0073	0.0073	0.0073	0.0073	0.0073	0.0073	0.0073	0.0073	0.0073	0.0073	0.0073	0.0073	0.0073	0.0073	0.0073	0.0073	0.0073	0.0029	0.0073	0.0073	0.0058	0.0086	0.0073	0.0073	0.0073	0.0073	0.0058	0.0073	0.0073	0.0073	0.0029	0.0073	0.0073	0.0073	0.0073	0.0073	0.005	0.0073	0.0073	0.0073	0.005	0.0073	0.0073	0.0073	0.0073	0.0045	0.0073	0.0073	0.0073	0.0073	0.0073	0.0073	0.005	0.0073	0.0073	0.0045	0.0073	0.0073	0.0073	0.0029	0.0073	0.0073	0.0	0.0164	0.0164	0.0164	0.0164	0.0164	0.0164	0.0164	0.0164	0.0164	0.0164	0.0164	0.0164	0.0164	0.0164	0.0164	0.0164	0.0164	0.0164	0.0164	0.0164	0.0164	0.0164	0.0164	0.0164	0.0164	0.0164	0.0164	0.0164	0.0164	0.0164	0.0164	0.0164	0.0164	0.0164	0.0164	0.0164	0.0164	0.0164	0.0164	0.0164	0.0164	0.0164	0.0164	0.0164	0.0164	0.0164	0.0164	0.0164	0.0164	0.0164	0.0164	0.0164	0.0164	0.0164	0.0164	0.0164	0.0164	0.0164	0.0164	0.0164	0.0164	0.0164	0.0164	0.0164	0.0164	0.0164	0.0164	0.0164	0.0164	0.0164	0.0164	0.0164	0.0164	0.0164	0.0164	0.0164	0.0164	0.0164	0.0164	0.0164	0.0164
43	0.0806	0.0806	0.0806	0.0806	0.0806	0.6966	0.6966	0.6966	0.6966	0.6966	0.6966	0.6966	0.6966	0.6966	0.6966	0.6966	0.6966	0.6966	0.007	0.007	0.007	0.007	0.007	0.007	0.007	0.007	0.007	0.007	0.007	0.007	0.007	0.007	0.007	0.0074	0.007	0.007	0.007	0.007	0.0048	0.007	0.007	0.007	0.007	0.007	0.007	0.007	0.007	0.007	0.007	0.0137	0.007	0.007	0.007	0.0137	0.007	0.007	0.007	0.0073	0.007	0.007	0.007	0.007	0.007	0.007	0.007	0.007	0.007	0.007	0.007	0.007	0.007	0.007	0.007	0.0137	0.007	0.007	0.0074	0.0137	0.007	0.007	0.007	0.007	0.0061	0.007	0.0091	0.0091	0.007	0.007	0.007	0.007	0.007	0.007	0.007	0.0021	0.007	0.007	0.007	0.007	0.007	0.007	0.007	0.007	0.007	0.0061	0.007	0.007	0.007	0.007	0.007	0.007	0.007	0.0137	0.007	0.007	0.007	0.0073	0.007	0.007	0.007	0.007	0.007	0.007	0.007	0.0074	0.0048	0.007	0.007	0.007	0.007	0.0137	0.007	0.007	0.007	0.0048	0.007	0.007	0.007	0.007	0.007	0.007	0.007	0.007	0.007	0.007	0.0137	0.007	0.007	0.007	0.007	0.007	0.007	0.007	0.007	0.007	0.0061	0.007	0.007	0.0048	0.007	0.007	0.007	0.007	0.007	0.007	0.007	0.007	0.007	0.007	0.007	0.0137	0.0137	0.007	0.0061	0.007	0.007	0.007	0.0137	0.007	0.007	0.007	0.007	0.007	0.007	0.007	0.007	0.007	0.0048	0.0137	0.007	0.007	0.007	0.0073	0.0137	0.007	0.007	0.007	0.007	0.007	0.007	0.007	0.007	0.007	0.007	0.007	0.007	0.0137	0.007	0.007	0.007	0.007	0.007	0.007	0.007	0.007	0.007	0.007	0.007	0.007	0.007	0.007	0.007	0.007	0.007	0.0073	0.007	0.007	0.007	0.007	0.007	0.0074	0.007	0.0137	0.0048	0.007	0.0137	0.007	0.007	0.0048	0.0137	0.007	0.007	0.007	0.007	0.0137	0.0073	0.007	0.007	0.007	0.007	0.007	0.0073	0.007	0.0137	0.007	0.007	0.0091	0.007	0.007	0.007	0.007	0.007	0.007	0.0137	0.007	0.007	0.007	0.007	0.007	0.007	0.0048	0.0073	0.007	0.007	0.007	0.007	0.007	0.0073	0.0137	0.007	0.007	0.007	0.007	0.007	0.007	0.007	0.007	0.007	0.007	0.007	0.007	0.007	0.007	0.007	0.007	0.0137	0.0137	0.007	0.007	0.007	0.007	0.007	0.007	0.007	0.007	0.0137	0.007	0.007	0.007	0.0137	0.007	0.007	0.007	0.007	0.007	0.007	0.007	0.007	0.007	0.007	0.0073	0.007	0.007	0.007	0.007	0.007	0.007	0.007	0.007	0.007	0.007	0.007	0.007	0.007	0.007	0.007	0.007	0.007	0.007	0.007	0.007	0.007	0.0137	0.0048	0.0137	0.0073	0.007	0.007	0.007	0.0073	0.007	0.0137	0.007	0.007	0.007	0.007	0.007	0.0074	0.007	0.007	0.007	0.007	0.007	0.007	0.0137	0.007	0.0073	0.007	0.007	0.0091	0.007	0.007	0.007	0.0137	0.0048	0.007	0.007	0.0048	0.007	0.007	0.007	0.007	0.007	0.007	0.007	0.0073	0.007	0.007	0.007	0.007	0.007	0.0061	0.0073	0.007	0.007	0.0073	0.007	0.007	0.007	0.007	0.007	0.0137	0.007	0.0137	0.007	0.0137	0.007	0.007	0.007	0.007	0.007	0.0021	0.007	0.007	0.007	0.0074	0.007	0.007	0.007	0.007	0.007	0.0073	0.0137	0.007	0.007	0.007	0.007	0.007	0.007	0.007	0.007	0.007	0.0021	0.007	0.007	0.007	0.007	0.007	0.007	0.007	0.007	0.0073	0.007	0.007	0.0048	0.0061	0.007	0.0137	0.007	0.007	0.007	0.0137	0.0137	0.007	0.007	0.007	0.007	0.007	0.007	0.007	0.007	0.007	0.007	0.007	0.007	0.007	0.007	0.007	0.007	0.007	0.007	0.007	0.007	0.007	0.0137	0.007	0.007	0.0074	0.0091	0.007	0.007	0.007	0.007	0.0074	0.007	0.007	0.007	0.0137	0.007	0.007	0.007	0.007	0.007	0.0048	0.007	0.007	0.007	0.0048	0.007	0.007	0.007	0.007	0.0061	0.007	0.007	0.007	0.007	0.007	0.007	0.0048	0.007	0.007	0.0061	0.007	0.007	0.007	0.0137	0.007	0.007	0.0021	0.0038	0.0038	0.0038	0.0038	0.0038	0.0038	0.0038	0.0038	0.0038	0.0038	0.0038	0.0038	0.0038	0.0038	0.0038	0.0038	0.0038	0.0038	0.0038	0.0038	0.0038	0.0038	0.0038	0.0038	0.0038	0.0038	0.0038	0.0038	0.0038	0.0038	0.0038	0.0038	0.0038	0.0038	0.0038	0.0038	0.0038	0.0038	0.0038	0.0038	0.0038	0.0038	0.0038	0.0038	0.0038	0.0038	0.0038	0.0038	0.0038	0.0038	0.0038	0.0038	0.0038	0.0038	0.0038	0.0038	0.0038	0.0038	0.0038	0.0038	0.0038	0.0038	0.0038	0.0038	0.0038	0.0038	0.0038	0.0038	0.0038	0.0038	0.0038	0.0038	0.0038	0.0038	0.0038	0.0038	0.0038	0.0038	0.0038	0.0038	0.0038
44	0.0809	0.0809	0.0809	0.0809	0.0809	0.8749	0.8749	0.8749	0.8749	0.8749	0.8749	0.8749	0.8749	0.8749	0.8749	0.8749	0.8749	0.8749	0.0103	0.0103	0.0103	0.0103	0.0103	0.0103	0.0103	0.0103	0.0103	0.0103	0.0103	0.0103	0.0103	0.0103	0.0103	0.0089	0.0103	0.0103	0.0103	0.0103	0.0126	0.0103	0.0103	0.0103	0.0103	0.0103	0.0103	0.0103	0.0103	0.0103	0.0103	0.007	0.0103	0.0103	0.0103	0.007	0.0103	0.0103	0.0103	0.0067	0.0103	0.0103	0.0103	0.0103	0.0103	0.0103	0.0103	0.0103	0.0103	0.0103	0.0103	0.0103	0.0103	0.0103	0.0103	0.007	0.0103	0.0103	0.0089	0.007	0.0103	0.0103	0.0103	0.0103	0.0156	0.0103	0.0068	0.0068	0.0103	0.0103	0.0103	0.0103	0.0103	0.0103	0.0103	0.0003	0.0103	0.0103	0.0103	0.0103	0.0103	0.0103	0.0103	0.0103	0.0103	0.0156	0.0103	0.0103	0.0103	0.0103	0.0103	0.0103	0.0103	0.007	0.0103	0.0103	0.0103	0.0067	0.0103	0.0103	0.0103	0.0103	0.0103	0.0103	0.0103	0.0089	0.0126	0.0103	0.0103	0.0103	0.0103	0.007	0.0103	0.0103	0.0103	0.0126	0.0103	0.0103	0.0103	0.0103	0.0103	0.0103	0.0103	0.0103	0.0103	0.0103	0.007	0.0103	0.0103	0.0103	0.0103	0.0103	0.0103	0.0103	0.0103	0.0103	0.0156	0.0103	0.0103	0.0126	0.0103	0.0103	0.0103	0.0103	0.0103	0.0103	0.0103	0.0103	0.0103	0.0103	0.0103	0.007	0.007	0.0103	0.0156	0.0103	0.0103	0.0103	0.007	0.0103	0.0103	0.0103	0.0103	0.0103	0.0103	0.0103	0.0103	0.0103	0.0126	0.007	0.0103	0.0103	0.0103	0.0067	0.007	0.0103	0.0103	0.0103	0.0103	0.0103	0.0103	0.0103	0.0103	0.0103	0.0103	0.0103	0.0103	0.007	0.0103	0.0103	0.0103	0.0103	0.0103	0.0103	0.0103	0.0103	0.0103	0.0103	0.0103	0.0103	0.0103	0.0103	0.0103	0.0103	0.0103	0.0067	0.0103	0.0103	0.0103	0.0103	0.0103	0.0089	0.0103	0.007	0.0126	0.0103	0.007	0.0103	0.0103	0.0126	0.007	0.0103	0.0103	0.0103	0.0103	0.007	0.0067	0.0103	0.0103	0.0103	0.0103	0.0103	0.0067	0.0103	0.007	0.0103	0.0103	0.0068	0.0103	0.0103	0.0103	0.0103	0.0103	0.0103	0.007	0.0103	0.0103	0.0103	0.0103	0.0103	0.0103	0.0126	0.0067	0.0103	0.0103	0.0103	0.0103	0.0103	0.0067	0.007	0.0103	0.0103	0.0103	0.0103	0.0103	0.0103	0.0103	0.0103	0.0103	0.0103	0.0103	0.0103	0.0103	0.0103	0.0103	0.0103	0.007	0.007	0.0103	0.0103	0.0103	0.0103	0.0103	0.0103	0.0103	0.0103	0.007	0.0103	0.0103	0.0103	0.007	0.0103	0.0103	0.0103	0.0103	0.0103	0.0103	0.0103	0.0103	0.0103	0.0103	0.0067	0.0103	0.0103	0.0103	0.0103	0.0103	0.0103	0.0103	0.0103	0.0103	0.0103	0.0103	0.0103	0.0103	0.0103	0.0103	0.0103	0.0103	0.0103	0.0103	0.0103	0.0103	0.007	0.0126	0.007	0.0067	0.0103	0.0103	0.0103	0.0067	0.0103	0.007	0.0103	0.0103	0.0103	0.0103	0.0103	0.0089	0.0103	0.0103	0.0103	0.0103	0.0103	0.0103	0.007	0.0103	0.0067	0.0103	0.0103	0.0068	0.0103	0.0103	0.0103	0.007	0.0126	0.0103	0.0103	0.0126	0.0103	0.0103	0.0103	0.0103	0.0103	0.0103	0.0103	0.0067	0.0103	0.0103	0.0103	0.0103	0.0103	0.0156	0.0067	0.0103	0.0103	0.0067	0.0103	0.0103	0.0103	0.0103	0.0103	0.007	0.0103	0.007	0.0103	0.007	0.0103	0.0103	0.0103	0.0103	0.0103	0.0003	0.0103	0.0103	0.0103	0.0089	0.0103	0.0103	0.0103	0.0103	0.0103	0.0067	0.007	0.0103	0.0103	0.0103	0.0103	0.0103	0.0103	0.0103	0.0103	0.0103	0.0003	0.0103	0.0103	0.0103	0.0103	0.0103	0.0103	0.0103	0.0103	0.0067	0.0103	0.0103	0.0126	0.0156	0.0103	0.007	0.0103	0.0103	0.0103	0.007	0.007	0.0103	0.0103	0.0103	0.0103	0.0103	0.0103	0.0103	0.0103	0.0103	0.0103	0.0103	0.0103	0.0103	0.0103	0.0103	0.0103	0.0103	0.0103	0.0103	0.0103	0.0103	0.007	0.0103	0.0103	0.0089	0.0068	0.0103	0.0103	0.0103	0.0103	0.0089	0.0103	0.0103	0.0103	0.007	0.0103	0.0103	0.0103	0.0103	0.0103	0.0126	0.0103	0.0103	0.0103	0.0126	0.0103	0.0103	0.0103	0.0103	0.0156	0.0103	0.0103	0.0103	0.0103	0.0103	0.0103	0.0126	0.0103	0.0103	0.0156	0.0103	0.0103	0.0103	0.007	0.0103	0.0103	0.0003	0.0338	0.0338	0.0338	0.0338	0.0338	0.0338	0.0338	0.0338	0.0338	0.0338	0.0338	0.0338	0.0338	0.0338	0.0338	0.0338	0.0338	0.0338	0.0338	0.0338	0.0338	0.0338	0.0338	0.0338	0.0338	0.0338	0.0338	0.0338	0.0338	0.0338	0.0338	0.0338	0.0338	0.0338	0.0338	0.0338	0.0338	0.0338	0.0338	0.0338	0.0338	0.0338	0.0338	0.0338	0.0338	0.0338	0.0338	0.0338	0.0338	0.0338	0.0338	0.0338	0.0338	0.0338	0.0338	0.0338	0.0338	0.0338	0.0338	0.0338	0.0338	0.0338	0.0338	0.0338	0.0338	0.0338	0.0338	0.0338	0.0338	0.0338	0.0338	0.0338	0.0338	0.0338	0.0338	0.0338	0.0338	0.0338	0.0338	0.0338	0.0338
45	0.4328	0.4328	0.4328	0.4328	0.4328	0.9679	0.9679	0.9679	0.9679	0.9679	0.9679	0.9679	0.9679	0.9679	0.9679	0.9679	0.9679	0.9679	0.0121	0.0121	0.0121	0.0121	0.0121	0.0121	0.0121	0.0121	0.0121	0.0121	0.0121	0.0121	0.0121	0.0121	0.0121	0.0303	0.0121	0.0121	0.0121	0.0121	0.0086	0.0121	0.0121	0.0121	0.0121	0.0121	0.0121	0.0121	0.0121	0.0121	0.0121	0.0052	0.0121	0.0121	0.0121	0.0052	0.0121	0.0121	0.0121	0.0138	0.0121	0.0121	0.0121	0.0121	0.0121	0.0121	0.0121	0.0121	0.0121	0.0121	0.0121	0.0121	0.0121	0.0121	0.0121	0.0052	0.0121	0.0121	0.0303	0.0052	0.0121	0.0121	0.0121	0.0121	0.0131	0.0121	0.0122	0.0122	0.0121	0.0121	0.0121	0.0121	0.0121	0.0121	0.0121	0.0022	0.0121	0.0121	0.0121	0.0121	0.0121	0.0121	0.0121	0.0121	0.0121	0.0131	0.0121	0.0121	0.0121	0.0121	0.0121	0.0121	0.0121	0.0052	0.0121	0.0121	0.0121	0.0138	0.0121	0.0121	0.0121	0.0121	0.0121	0.0121	0.0121	0.0303	0.0086	0.0121	0.0121	0.0121	0.0121	0.0052	0.0121	0.0121	0.0121	0.0086	0.0121	0.0121	0.0121	0.0121	0.0121	0.0121	0.0121	0.0121	0.0121	0.0121	0.0052	0.0121	0.0121	0.0121	0.0121	0.0121	0.0121	0.0121	0.0121	0.0121	0.0131	0.0121	0.0121	0.0086	0.0121	0.0121	0.0121	0.0121	0.0121	0.0121	0.0121	0.0121	0.0121	0.0121	0.0121	0.0052	0.0052	0.0121	0.0131	0.0121	0.0121	0.0121	0.0052	0.0121	0.0121	0.0121	0.0121	0.0121	0.0121	0.0121	0.0121	0.0121	0.0086	0.0052	0.0121	0.0121	0.0121	0.0138	0.0052	0.0121	0.0121	0.0121	0.0121	0.0121	0.0121	0.0121	0.0121	0.0121	0.0121	0.0121	0.0121	0.0052	0.0121	0.0121	0.0121	0.0121	0.0121	0.0121	0.0121	0.0121	0.0121	0.0121	0.0121	0.0121	0.0121	0.0121	0.0121	0.0121	0.0121	0.0138	0.0121	0.0121	0.0121	0.0121	0.0121	0.0303	0.0121	0.0052	0.0086	0.0121	0.0052	0.0121	0.0121	0.0086	0.0052	0.0121	0.0121	0.0121	0.0121	0.0052	0.0138	0.0121	0.0121	0.0121	0.0121	0.0121	0.0138	0.0121	0.0052	0.0121	0.0121	0.0122	0.0121	0.0121	0.0121	0.0121	0.0121	0.0121	0.0052	0.0121	0.0121	0.0121	0.0121	0.0121	0.0121	0.0086	0.0138	0.0121	0.0121	0.0121	0.0121	0.0121	0.0138	0.0052	0.0121	0.0121	0.0121	0.0121	0.0121	0.0121	0.0121	0.0121	0.0121	0.0121	0.0121	0.0121	0.0121	0.0121	0.0121	0.0121	0.0052	0.0052	0.0121	0.0121	0.0121	0.0121	0.0121	0.0121	0.0121	0.0121	0.0052	0.0121	0.0121	0.0121	0.0052	0.0121	0.0121	0.0121	0.0121	0.0121	0.0121	0.0121	0.0121	0.0121	0.0121	0.0138	0.0121	0.0121	0.0121	0.0121	0.0121	0.0121	0.0121	0.0121	0.0121	0.0121	0.0121	0.0121	0.0121	0.0121	0.0121	0.0121	0.0121	0.0121	0.0121	0.0121	0.0121	0.0052	0.0086	0.0052	0.0138	0.0121	0.0121	0.0121	0.0138	0.0121	0.0052	0.0121	0.0121	0.0121	0.0121	0.0121	0.0303	0.0121	0.0121	0.0121	0.0121	0.0121	0.0121	0.0052	0.0121	0.0138	0.0121	0.0121	0.0122	0.0121	0.0121	0.0121	0.0052	0.0086	0.0121	0.0121	0.0086	0.0121	0.0121	0.0121	0.0121	0.0121	0.0121	0.0121	0.0138	0.0121	0.0121	0.0121	0.0121	0.0121	0.0131	0.0138	0.0121	0.0121	0.0138	0.0121	0.0121	0.0121	0.0121	0.0121	0.0052	0.0121	0.0052	0.0121	0.0052	0.0121	0.0121	0.0121	0.0121	0.0121	0.0022	0.0121	0.0121	0.0121	0.0303	0.0121	0.0121	0.0121	0.0121	0.0121	0.0138	0.0052	0.0121	0.0121	0.0121	0.0121	0.0121	0.0121	0.0121	0.0121	0.0121	0.0022	0.0121	0.0121	0.0121	0.0121	0.0121	0.0121	0.0121	0.0121	0.0138	0.0121	0.0121	0.0086	0.0131	0.0121	0.0052	0.0121	0.0121	0.0121	0.0052	0.0052	0.0121	0.0121	0.0121	0.0121	0.0121	0.0121	0.0121	0.0121	0.0121	0.0121	0.0121	0.0121	0.0121	0.0121	0.0121	0.0121	0.0121	0.0121	0.0121	0.0121	0.0121	0.0052	0.0121	0.0121	0.0303	0.0122	0.0121	0.0121	0.0121	0.0121	0.0303	0.0121	0.0121	0.0121	0.0052	0.0121	0.0121	0.0121	0.0121	0.0121	0.0086	0.0121	0.0121	0.0121	0.0086	0.0121	0.0121	0.0121	0.0121	0.0131	0.0121	0.0121	0.0121	0.0121	0.0121	0.0121	0.0086	0.0121	0.0121	0.0131	0.0121	0.0121	0.0121	0.0052	0.0121	0.0121	0.0022	0.015	0.015	0.015	0.015	0.015	0.015	0.015	0.015	0.015	0.015	0.015	0.015	0.015	0.015	0.015	0.015	0.015	0.015	0.015	0.015	0.015	0.015	0.015	0.015	0.015	0.015	0.015	0.015	0.015	0.015	0.015	0.015	0.015	0.015	0.015	0.015	0.015	0.015	0.015	0.015	0.015	0.015	0.015	0.015	0.015	0.015	0.015	0.015	0.015	0.015	0.015	0.015	0.015	0.015	0.015	0.015	0.015	0.015	0.015	0.015	0.015	0.015	0.015	0.015	0.015	0.015	0.015	0.015	0.015	0.015	0.015	0.015	0.015	0.015	0.015	0.015	0.015	0.015	0.015	0.015	0.015
46	0.07	0.07	0.07	0.07	0.07	0.9745	0.9745	0.9745	0.9745	0.9745	0.9745	0.9745	0.9745	0.9745	0.9745	0.9745	0.9745	0.9745	0.0101	0.0101	0.0101	0.0101	0.0101	0.0101	0.0101	0.0101	0.0101	0.0101	0.0101	0.0101	0.0101	0.0101	0.0101	0.0101	0.0101	0.0101	0.0101	0.0101	0.0078	0.0101	0.0101	0.0101	0.0101	0.0101	0.0101	0.0101	0.0101	0.0101	0.0101	0.0011	0.0101	0.0101	0.0101	0.0011	0.0101	0.0101	0.0101	0.0079	0.0101	0.0101	0.0101	0.0101	0.0101	0.0101	0.0101	0.0101	0.0101	0.0101	0.0101	0.0101	0.0101	0.0101	0.0101	0.0011	0.0101	0.0101	0.0101	0.0011	0.0101	0.0101	0.0101	0.0101	0.011	0.0101	0.0108	0.0108	0.0101	0.0101	0.0101	0.0101	0.0101	0.0101	0.0101	0.3101	0.0101	0.0101	0.0101	0.0101	0.0101	0.0101	0.0101	0.0101	0.0101	0.011	0.0101	0.0101	0.0101	0.0101	0.0101	0.0101	0.0101	0.0011	0.0101	0.0101	0.0101	0.0079	0.0101	0.0101	0.0101	0.0101	0.0101	0.0101	0.0101	0.0101	0.0078	0.0101	0.0101	0.0101	0.0101	0.0011	0.0101	0.0101	0.0101	0.0078	0.0101	0.0101	0.0101	0.0101	0.0101	0.0101	0.0101	0.0101	0.0101	0.0101	0.0011	0.0101	0.0101	0.0101	0.0101	0.0101	0.0101	0.0101	0.0101	0.0101	0.011	0.0101	0.0101	0.0078	0.0101	0.0101	0.0101	0.0101	0.0101	0.0101	0.0101	0.0101	0.0101	0.0101	0.0101	0.0011	0.0011	0.0101	0.011	0.0101	0.0101	0.0101	0.0011	0.0101	0.0101	0.0101	0.0101	0.0101	0.0101	0.0101	0.0101	0.0101	0.0078	0.0011	0.0101	0.0101	0.0101	0.0079	0.0011	0.0101	0.0101	0.0101	0.0101	0.0101	0.0101	0.0101	0.0101	0.0101	0.0101	0.0101	0.0101	0.0011	0.0101	0.0101	0.0101	0.0101	0.0101	0.0101	0.0101	0.0101	0.0101	0.0101	0.0101	0.0101	0.0101	0.0101	0.0101	0.0101	0.0101	0.0079	0.0101	0.0101	0.0101	0.0101	0.0101	0.0101	0.0101	0.0011	0.0078	0.0101	0.0011	0.0101	0.0101	0.0078	0.0011	0.0101	0.0101	0.0101	0.0101	0.0011	0.0079	0.0101	0.0101	0.0101	0.0101	0.0101	0.0079	0.0101	0.0011	0.0101	0.0101	0.0108	0.0101	0.0101	0.0101	0.0101	0.0101	0.0101	0.0011	0.0101	0.0101	0.0101	0.0101	0.0101	0.0101	0.0078	0.0079	0.0101	0.0101	0.0101	0.0101	0.0101	0.0079	0.0011	0.0101	0.0101	0.0101	0.0101	0.0101	0.0101	0.0101	0.0101	0.0101	0.0101	0.0101	0.0101	0.0101	0.0101	0.0101	0.0101	0.0011	0.0011	0.0101	0.0101	0.0101	0.0101	0.0101	0.0101	0.0101	0.0101	0.0011	0.0101	0.0101	0.0101	0.0011	0.0101	0.0101	0.0101	0.0101	0.0101	0.0101	0.0101	0.0101	0.0101	0.0101	0.0079	0.0101	0.0101	0.0101	0.0101	0.0101	0.0101	0.0101	0.0101	0.0101	0.0101	0.0101	0.0101	0.0101	0.0101	0.0101	0.0101	0.0101	0.0101	0.0101	0.0101	0.0101	0.0011	0.0078	0.0011	0.0079	0.0101	0.0101	0.0101	0.0079	0.0101	0.0011	0.0101	0.0101	0.0101	0.0101	0.0101	0.0101	0.0101	0.0101	0.0101	0.0101	0.0101	0.0101	0.0011	0.0101	0.0079	0.0101	0.0101	0.0108	0.0101	0.0101	0.0101	0.0011	0.0078	0.0101	0.0101	0.0078	0.0101	0.0101	0.0101	0.0101	0.0101	0.0101	0.0101	0.0079	0.0101	0.0101	0.0101	0.0101	0.0101	0.011	0.0079	0.0101	0.0101	0.0079	0.0101	0.0101	0.0101	0.0101	0.0101	0.0011	0.0101	0.0011	0.0101	0.0011	0.0101	0.0101	0.0101	0.0101	0.0101	0.3101	0.0101	0.0101	0.0101	0.0101	0.0101	0.0101	0.0101	0.0101	0.0101	0.0079	0.0011	0.0101	0.0101	0.0101	0.0101	0.0101	0.0101	0.0101	0.0101	0.0101	0.3101	0.0101	0.0101	0.0101	0.0101	0.0101	0.0101	0.0101	0.0101	0.0079	0.0101	0.0101	0.0078	0.011	0.0101	0.0011	0.0101	0.0101	0.0101	0.0011	0.0011	0.0101	0.0101	0.0101	0.0101	0.0101	0.0101	0.0101	0.0101	0.0101	0.0101	0.0101	0.0101	0.0101	0.0101	0.0101	0.0101	0.0101	0.0101	0.0101	0.0101	0.0101	0.0011	0.0101	0.0101	0.0101	0.0108	0.0101	0.0101	0.0101	0.0101	0.0101	0.0101	0.0101	0.0101	0.0011	0.0101	0.0101	0.0101	0.0101	0.0101	0.0078	0.0101	0.0101	0.0101	0.0078	0.0101	0.0101	0.0101	0.0101	0.011	0.0101	0.0101	0.0101	0.0101	0.0101	0.0101	0.0078	0.0101	0.0101	0.011	0.0101	0.0101	0.0101	0.0011	0.0101	0.0101	0.3101	0.004	0.004	0.004	0.004	0.004	0.004	0.004	0.004	0.004	0.004	0.004	0.004	0.004	0.004	0.004	0.004	0.004	0.004	0.004	0.004	0.004	0.004	0.004	0.004	0.004	0.004	0.004	0.004	0.004	0.004	0.004	0.004	0.004	0.004	0.004	0.004	0.004	0.004	0.004	0.004	0.004	0.004	0.004	0.004	0.004	0.004	0.004	0.004	0.004	0.004	0.004	0.004	0.004	0.004	0.004	0.004	0.004	0.004	0.004	0.004	0.004	0.004	0.004	0.004	0.004	0.004	0.004	0.004	0.004	0.004	0.004	0.004	0.004	0.004	0.004	0.004	0.004	0.004	0.004	0.004	0.004
47	0.0534	0.0534	0.0534	0.0534	0.0534	0.9568	0.9568	0.9568	0.9568	0.9568	0.9568	0.9568	0.9568	0.9568	0.9568	0.9568	0.9568	0.9568	0.0113	0.0113	0.0113	0.0113	0.0113	0.0113	0.0113	0.0113	0.0113	0.0113	0.0113	0.0113	0.0113	0.0113	0.0113	0.0094	0.0113	0.0113	0.0113	0.0113	0.0089	0.0113	0.0113	0.0113	0.0113	0.0113	0.0113	0.0113	0.0113	0.0113	0.0113	0.0028	0.0113	0.0113	0.0113	0.0028	0.0113	0.0113	0.0113	0.0152	0.0113	0.0113	0.0113	0.0113	0.0113	0.0113	0.0113	0.0113	0.0113	0.0113	0.0113	0.0113	0.0113	0.0113	0.0113	0.0028	0.0113	0.0113	0.0094	0.0028	0.0113	0.0113	0.0113	0.0113	0.0098	0.0113	0.0208	0.0208	0.0113	0.0113	0.0113	0.0113	0.0113	0.0113	0.0113	0.0333	0.0113	0.0113	0.0113	0.0113	0.0113	0.0113	0.0113	0.0113	0.0113	0.0098	0.0113	0.0113	0.0113	0.0113	0.0113	0.0113	0.0113	0.0028	0.0113	0.0113	0.0113	0.0152	0.0113	0.0113	0.0113	0.0113	0.0113	0.0113	0.0113	0.0094	0.0089	0.0113	0.0113	0.0113	0.0113	0.0028	0.0113	0.0113	0.0113	0.0089	0.0113	0.0113	0.0113	0.0113	0.0113	0.0113	0.0113	0.0113	0.0113	0.0113	0.0028	0.0113	0.0113	0.0113	0.0113	0.0113	0.0113	0.0113	0.0113	0.0113	0.0098	0.0113	0.0113	0.0089	0.0113	0.0113	0.0113	0.0113	0.0113	0.0113	0.0113	0.0113	0.0113	0.0113	0.0113	0.0028	0.0028	0.0113	0.0098	0.0113	0.0113	0.0113	0.0028	0.0113	0.0113	0.0113	0.0113	0.0113	0.0113	0.0113	0.0113	0.0113	0.0089	0.0028	0.0113	0.0113	0.0113	0.0152	0.0028	0.0113	0.0113	0.0113	0.0113	0.0113	0.0113	0.0113	0.0113	0.0113	0.0113	0.0113	0.0113	0.0028	0.0113	0.0113	0.0113	0.0113	0.0113	0.0113	0.0113	0.0113	0.0113	0.0113	0.0113	0.0113	0.0113	0.0113	0.0113	0.0113	0.0113	0.0152	0.0113	0.0113	0.0113	0.0113	0.0113	0.0094	0.0113	0.0028	0.0089	0.0113	0.0028	0.0113	0.0113	0.0089	0.0028	0.0113	0.0113	0.0113	0.0113	0.0028	0.0152	0.0113	0.0113	0.0113	0.0113	0.0113	0.0152	0.0113	0.0028	0.0113	0.0113	0.0208	0.0113	0.0113	0.0113	0.0113	0.0113	0.0113	0.0028	0.0113	0.0113	0.0113	0.0113	0.0113	0.0113	0.0089	0.0152	0.0113	0.0113	0.0113	0.0113	0.0113	0.0152	0.0028	0.0113	0.0113	0.0113	0.0113	0.0113	0.0113	0.0113	0.0113	0.0113	0.0113	0.0113	0.0113	0.0113	0.0113	0.0113	0.0113	0.0028	0.0028	0.0113	0.0113	0.0113	0.0113	0.0113	0.0113	0.0113	0.0113	0.0028	0.0113	0.0113	0.0113	0.0028	0.0113	0.0113	0.0113	0.0113	0.0113	0.0113	0.0113	0.0113	0.0113	0.0113	0.0152	0.0113	0.0113	0.0113	0.0113	0.0113	0.0113	0.0113	0.0113	0.0113	0.0113	0.0113	0.0113	0.0113	0.0113	0.0113	0.0113	0.0113	0.0113	0.0113	0.0113	0.0113	0.0028	0.0089	0.0028	0.0152	0.0113	0.0113	0.0113	0.0152	0.0113	0.0028	0.0113	0.0113	0.0113	0.0113	0.0113	0.0094	0.0113	0.0113	0.0113	0.0113	0.0113	0.0113	0.0028	0.0113	0.0152	0.0113	0.0113	0.0208	0.0113	0.0113	0.0113	0.0028	0.0089	0.0113	0.0113	0.0089	0.0113	0.0113	0.0113	0.0113	0.0113	0.0113	0.0113	0.0152	0.0113	0.0113	0.0113	0.0113	0.0113	0.0098	0.0152	0.0113	0.0113	0.0152	0.0113	0.0113	0.0113	0.0113	0.0113	0.0028	0.0113	0.0028	0.0113	0.0028	0.0113	0.0113	0.0113	0.0113	0.0113	0.0333	0.0113	0.0113	0.0113	0.0094	0.0113	0.0113	0.0113	0.0113	0.0113	0.0152	0.0028	0.0113	0.0113	0.0113	0.0113	0.0113	0.0113	0.0113	0.0113	0.0113	0.0333	0.0113	0.0113	0.0113	0.0113	0.0113	0.0113	0.0113	0.0113	0.0152	0.0113	0.0113	0.0089	0.0098	0.0113	0.0028	0.0113	0.0113	0.0113	0.0028	0.0028	0.0113	0.0113	0.0113	0.0113	0.0113	0.0113	0.0113	0.0113	0.0113	0.0113	0.0113	0.0113	0.0113	0.0113	0.0113	0.0113	0.0113	0.0113	0.0113	0.0113	0.0113	0.0028	0.0113	0.0113	0.0094	0.0208	0.0113	0.0113	0.0113	0.0113	0.0094	0.0113	0.0113	0.0113	0.0028	0.0113	0.0113	0.0113	0.0113	0.0113	0.0089	0.0113	0.0113	0.0113	0.0089	0.0113	0.0113	0.0113	0.0113	0.0098	0.0113	0.0113	0.0113	0.0113	0.0113	0.0113	0.0089	0.0113	0.0113	0.0098	0.0113	0.0113	0.0113	0.0028	0.0113	0.0113	0.0333	0.0347	0.0347	0.0347	0.0347	0.0347	0.0347	0.0347	0.0347	0.0347	0.0347	0.0347	0.0347	0.0347	0.0347	0.0347	0.0347	0.0347	0.0347	0.0347	0.0347	0.0347	0.0347	0.0347	0.0347	0.0347	0.0347	0.0347	0.0347	0.0347	0.0347	0.0347	0.0347	0.0347	0.0347	0.0347	0.0347	0.0347	0.0347	0.0347	0.0347	0.0347	0.0347	0.0347	0.0347	0.0347	0.0347	0.0347	0.0347	0.0347	0.0347	0.0347	0.0347	0.0347	0.0347	0.0347	0.0347	0.0347	0.0347	0.0347	0.0347	0.0347	0.0347	0.0347	0.0347	0.0347	0.0347	0.0347	0.0347	0.0347	0.0347	0.0347	0.0347	0.0347	0.0347	0.0347	0.0347	0.0347	0.0347	0.0347	0.0347	0.0347
48	0.0559	0.0559	0.0559	0.0559	0.0559	0.74	0.74	0.74	0.74	0.74	0.74	0.74	0.74	0.74	0.74	0.74	0.74	0.74	0.0094	0.0094	0.0094	0.0094	0.0094	0.0094	0.0094	0.0094	0.0094	0.0094	0.0094	0.0094	0.0094	0.0094	0.0094	0.0145	0.0094	0.0094	0.0094	0.0094	0.0064	0.0094	0.0094	0.0094	0.0094	0.0094	0.0094	0.0094	0.0094	0.0094	0.0094	0.0116	0.0094	0.0094	0.0094	0.0116	0.0094	0.0094	0.0094	0.0056	0.0094	0.0094	0.0094	0.0094	0.0094	0.0094	0.0094	0.0094	0.0094	0.0094	0.0094	0.0094	0.0094	0.0094	0.0094	0.0116	0.0094	0.0094	0.0145	0.0116	0.0094	0.0094	0.0094	0.0094	0.0056	0.0094	0.0125	0.0125	0.0094	0.0094	0.0094	0.0094	0.0094	0.0094	0.0094	0.0813	0.0094	0.0094	0.0094	0.0094	0.0094	0.0094	0.0094	0.0094	0.0094	0.0056	0.0094	0.0094	0.0094	0.0094	0.0094	0.0094	0.0094	0.0116	0.0094	0.0094	0.0094	0.0056	0.0094	0.0094	0.0094	0.0094	0.0094	0.0094	0.0094	0.0145	0.0064	0.0094	0.0094	0.0094	0.0094	0.0116	0.0094	0.0094	0.0094	0.0064	0.0094	0.0094	0.0094	0.0094	0.0094	0.0094	0.0094	0.0094	0.0094	0.0094	0.0116	0.0094	0.0094	0.0094	0.0094	0.0094	0.0094	0.0094	0.0094	0.0094	0.0056	0.0094	0.0094	0.0064	0.0094	0.0094	0.0094	0.0094	0.0094	0.0094	0.0094	0.0094	0.0094	0.0094	0.0094	0.0116	0.0116	0.0094	0.0056	0.0094	0.0094	0.0094	0.0116	0.0094	0.0094	0.0094	0.0094	0.0094	0.0094	0.0094	0.0094	0.0094	0.0064	0.0116	0.0094	0.0094	0.0094	0.0056	0.0116	0.0094	0.0094	0.0094	0.0094	0.0094	0.0094	0.0094	0.0094	0.0094	0.0094	0.0094	0.0094	0.0116	0.0094	0.0094	0.0094	0.0094	0.0094	0.0094	0.0094	0.0094	0.0094	0.0094	0.0094	0.0094	0.0094	0.0094	0.0094	0.0094	0.0094	0.0056	0.0094	0.0094	0.0094	0.0094	0.0094	0.0145	0.0094	0.0116	0.0064	0.0094	0.0116	0.0094	0.0094	0.0064	0.0116	0.0094	0.0094	0.0094	0.0094	0.0116	0.0056	0.0094	0.0094	0.0094	0.0094	0.0094	0.0056	0.0094	0.0116	0.0094	0.0094	0.0125	0.0094	0.0094	0.0094	0.0094	0.0094	0.0094	0.0116	0.0094	0.0094	0.0094	0.0094	0.0094	0.0094	0.0064	0.0056	0.0094	0.0094	0.0094	0.0094	0.0094	0.0056	0.0116	0.0094	0.0094	0.0094	0.0094	0.0094	0.0094	0.0094	0.0094	0.0094	0.0094	0.0094	0.0094	0.0094	0.0094	0.0094	0.0094	0.0116	0.0116	0.0094	0.0094	0.0094	0.0094	0.0094	0.0094	0.0094	0.0094	0.0116	0.0094	0.0094	0.0094	0.0116	0.0094	0.0094	0.0094	0.0094	0.0094	0.0094	0.0094	0.0094	0.0094	0.0094	0.0056	0.0094	0.0094	0.0094	0.0094	0.0094	0.0094	0.0094	0.0094	0.0094	0.0094	0.0094	0.0094	0.0094	0.0094	0.0094	0.0094	0.0094	0.0094	0.0094	0.0094	0.0094	0.0116	0.0064	0.0116	0.0056	0.0094	0.0094	0.0094	0.0056	0.0094	0.0116	0.0094	0.0094	0.0094	0.0094	0.0094	0.0145	0.0094	0.0094	0.0094	0.0094	0.0094	0.0094	0.0116	0.0094	0.0056	0.0094	0.0094	0.0125	0.0094	0.0094	0.0094	0.0116	0.0064	0.0094	0.0094	0.0064	0.0094	0.0094	0.0094	0.0094	0.0094	0.0094	0.0094	0.0056	0.0094	0.0094	0.0094	0.0094	0.0094	0.0056	0.0056	0.0094	0.0094	0.0056	0.0094	0.0094	0.0094	0.0094	0.0094	0.0116	0.0094	0.0116	0.0094	0.0116	0.0094	0.0094	0.0094	0.0094	0.0094	0.0813	0.0094	0.0094	0.0094	0.0145	0.0094	0.0094	0.0094	0.0094	0.0094	0.0056	0.0116	0.0094	0.0094	0.0094	0.0094	0.0094	0.0094	0.0094	0.0094	0.0094	0.0813	0.0094	0.0094	0.0094	0.0094	0.0094	0.0094	0.0094	0.0094	0.0056	0.0094	0.0094	0.0064	0.0056	0.0094	0.0116	0.0094	0.0094	0.0094	0.0116	0.0116	0.0094	0.0094	0.0094	0.0094	0.0094	0.0094	0.0094	0.0094	0.0094	0.0094	0.0094	0.0094	0.0094	0.0094	0.0094	0.0094	0.0094	0.0094	0.0094	0.0094	0.0094	0.0116	0.0094	0.0094	0.0145	0.0125	0.0094	0.0094	0.0094	0.0094	0.0145	0.0094	0.0094	0.0094	0.0116	0.0094	0.0094	0.0094	0.0094	0.0094	0.0064	0.0094	0.0094	0.0094	0.0064	0.0094	0.0094	0.0094	0.0094	0.0056	0.0094	0.0094	0.0094	0.0094	0.0094	0.0094	0.0064	0.0094	0.0094	0.0056	0.0094	0.0094	0.0094	0.0116	0.0094	0.0094	0.0813	0.0044	0.0044	0.0044	0.0044	0.0044	0.0044	0.0044	0.0044	0.0044	0.0044	0.0044	0.0044	0.0044	0.0044	0.0044	0.0044	0.0044	0.0044	0.0044	0.0044	0.0044	0.0044	0.0044	0.0044	0.0044	0.0044	0.0044	0.0044	0.0044	0.0044	0.0044	0.0044	0.0044	0.0044	0.0044	0.0044	0.0044	0.0044	0.0044	0.0044	0.0044	0.0044	0.0044	0.0044	0.0044	0.0044	0.0044	0.0044	0.0044	0.0044	0.0044	0.0044	0.0044	0.0044	0.0044	0.0044	0.0044	0.0044	0.0044	0.0044	0.0044	0.0044	0.0044	0.0044	0.0044	0.0044	0.0044	0.0044	0.0044	0.0044	0.0044	0.0044	0.0044	0.0044	0.0044	0.0044	0.0044	0.0044	0.0044	0.0044	0.0044
49	0.0762	0.0762	0.0762	0.0762	0.0762	0.0246	0.0246	0.0246	0.0246	0.0246	0.0246	0.0246	0.0246	0.0246	0.0246	0.0246	0.0246	0.0246	0.0196	0.0196	0.0196	0.0196	0.0196	0.0196	0.0196	0.0196	0.0196	0.0196	0.0196	0.0196	0.0196	0.0196	0.0196	0.0126	0.0196	0.0196	0.0196	0.0196	0.025	0.0196	0.0196	0.0196	0.0196	0.0196	0.0196	0.0196	0.0196	0.0196	0.0196	0.0186	0.0196	0.0196	0.0196	0.0186	0.0196	0.0196	0.0196	0.0146	0.0196	0.0196	0.0196	0.0196	0.0196	0.0196	0.0196	0.0196	0.0196	0.0196	0.0196	0.0196	0.0196	0.0196	0.0196	0.0186	0.0196	0.0196	0.0126	0.0186	0.0196	0.0196	0.0196	0.0196	0.0128	0.0196	0.0244	0.0244	0.0196	0.0196	0.0196	0.0196	0.0196	0.0196	0.0196	0.0001	0.0196	0.0196	0.0196	0.0196	0.0196	0.0196	0.0196	0.0196	0.0196	0.0128	0.0196	0.0196	0.0196	0.0196	0.0196	0.0196	0.0196	0.0186	0.0196	0.0196	0.0196	0.0146	0.0196	0.0196	0.0196	0.0196	0.0196	0.0196	0.0196	0.0126	0.025	0.0196	0.0196	0.0196	0.0196	0.0186	0.0196	0.0196	0.0196	0.025	0.0196	0.0196	0.0196	0.0196	0.0196	0.0196	0.0196	0.0196	0.0196	0.0196	0.0186	0.0196	0.0196	0.0196	0.0196	0.0196	0.0196	0.0196	0.0196	0.0196	0.0128	0.0196	0.0196	0.025	0.0196	0.0196	0.0196	0.0196	0.0196	0.0196	0.0196	0.0196	0.0196	0.0196	0.0196	0.0186	0.0186	0.0196	0.0128	0.0196	0.0196	0.0196	0.0186	0.0196	0.0196	0.0196	0.0196	0.0196	0.0196	0.0196	0.0196	0.0196	0.025	0.0186	0.0196	0.0196	0.0196	0.0146	0.0186	0.0196	0.0196	0.0196	0.0196	0.0196	0.0196	0.0196	0.0196	0.0196	0.0196	0.0196	0.0196	0.0186	0.0196	0.0196	0.0196	0.0196	0.0196	0.0196	0.0196	0.0196	0.0196	0.0196	0.0196	0.0196	0.0196	0.0196	0.0196	0.0196	0.0196	0.0146	0.0196	0.0196	0.0196	0.0196	0.0196	0.0126	0.0196	0.0186	0.025	0.0196	0.0186	0.0196	0.0196	0.025	0.0186	0.0196	0.0196	0.0196	0.0196	0.0186	0.0146	0.0196	0.0196	0.0196	0.0196	0.0196	0.0146	0.0196	0.0186	0.0196	0.0196	0.0244	0.0196	0.0196	0.0196	0.0196	0.0196	0.0196	0.0186	0.0196	0.0196	0.0196	0.0196	0.0196	0.0196	0.025	0.0146	0.0196	0.0196	0.0196	0.0196	0.0196	0.0146	0.0186	0.0196	0.0196	0.0196	0.0196	0.0196	0.0196	0.0196	0.0196	0.0196	0.0196	0.0196	0.0196	0.0196	0.0196	0.0196	0.0196	0.0186	0.0186	0.0196	0.0196	0.0196	0.0196	0.0196	0.0196	0.0196	0.0196	0.0186	0.0196	0.0196	0.0196	0.0186	0.0196	0.0196	0.0196	0.0196	0.0196	0.0196	0.0196	0.0196	0.0196	0.0196	0.0146	0.0196	0.0196	0.0196	0.0196	0.0196	0.0196	0.0196	0.0196	0.0196	0.0196	0.0196	0.0196	0.0196	0.0196	0.0196	0.0196	0.0196	0.0196	0.0196	0.0196	0.0196	0.0186	0.025	0.0186	0.0146	0.0196	0.0196	0.0196	0.0146	0.0196	0.0186	0.0196	0.0196	0.0196	0.0196	0.0196	0.0126	0.0196	0.0196	0.0196	0.0196	0.0196	0.0196	0.0186	0.0196	0.0146	0.0196	0.0196	0.0244	0.0196	0.0196	0.0196	0.0186	0.025	0.0196	0.0196	0.025	0.0196	0.0196	0.0196	0.0196	0.0196	0.0196	0.0196	0.0146	0.0196	0.0196	0.0196	0.0196	0.0196	0.0128	0.0146	0.0196	0.0196	0.0146	0.0196	0.0196	0.0196	0.0196	0.0196	0.0186	0.0196	0.0186	0.0196	0.0186	0.0196	0.0196	0.0196	0.0196	0.0196	0.0001	0.0196	0.0196	0.0196	0.0126	0.0196	0.0196	0.0196	0.0196	0.0196	0.0146	0.0186	0.0196	0.0196	0.0196	0.0196	0.0196	0.0196	0.0196	0.0196	0.0196	0.0001	0.0196	0.0196	0.0196	0.0196	0.0196	0.0196	0.0196	0.0196	0.0146	0.0196	0.0196	0.025	0.0128	0.0196	0.0186	0.0196	0.0196	0.0196	0.0186	0.0186	0.0196	0.0196	0.0196	0.0196	0.0196	0.0196	0.0196	0.0196	0.0196	0.0196	0.0196	0.0196	0.0196	0.0196	0.0196	0.0196	0.0196	0.0196	0.0196	0.0196	0.0196	0.0186	0.0196	0.0196	0.0126	0.0244	0.0196	0.0196	0.0196	0.0196	0.0126	0.0196	0.0196	0.0196	0.0186	0.0196	0.0196	0.0196	0.0196	0.0196	0.025	0.0196	0.0196	0.0196	0.025	0.0196	0.0196	0.0196	0.0196	0.0128	0.0196	0.0196	0.0196	0.0196	0.0196	0.0196	0.025	0.0196	0.0196	0.0128	0.0196	0.0196	0.0196	0.0186	0.0196	0.0196	0.0001	0.9664	0.9664	0.9664	0.9664	0.9664	0.9664	0.9664	0.9664	0.9664	0.9664	0.9664	0.9664	0.9664	0.9664	0.9664	0.9664	0.9664	0.9664	0.9664	0.9664	0.9664	0.9664	0.9664	0.9664	0.9664	0.9664	0.9664	0.9664	0.9664	0.9664	0.9664	0.9664	0.9664	0.9664	0.9664	0.9664	0.9664	0.9664	0.9664	0.9664	0.9664	0.9664	0.9664	0.9664	0.9664	0.9664	0.9664	0.9664	0.9664	0.9664	0.9664	0.9664	0.9664	0.9664	0.9664	0.9664	0.9664	0.9664	0.9664	0.9664	0.9664	0.9664	0.9664	0.9664	0.9664	0.9664	0.9664	0.9664	0.9664	0.9664	0.9664	0.9664	0.9664	0.9664	0.9664	0.9664	0.9664	0.9664	0.9664	0.9664	0.9664
50	0.0864	0.0864	0.0864	0.0864	0.0864	0.0255	0.0255	0.0255	0.0255	0.0255	0.0255	0.0255	0.0255	0.0255	0.0255	0.0255	0.0255	0.0255	0.0154	0.0154	0.0154	0.0154	0.0154	0.0154	0.0154	0.0154	0.0154	0.0154	0.0154	0.0154	0.0154	0.0154	0.0154	0.0205	0.0154	0.0154	0.0154	0.0154	0.014	0.0154	0.0154	0.0154	0.0154	0.0154	0.0154	0.0154	0.0154	0.0154	0.0154	0.0196	0.0154	0.0154	0.0154	0.0196	0.0154	0.0154	0.0154	0.0101	0.0154	0.0154	0.0154	0.0154	0.0154	0.0154	0.0154	0.0154	0.0154	0.0154	0.0154	0.0154	0.0154	0.0154	0.0154	0.0196	0.0154	0.0154	0.0205	0.0196	0.0154	0.0154	0.0154	0.0154	0.0324	0.0154	0.0103	0.0103	0.0154	0.0154	0.0154	0.0154	0.0154	0.0154	0.0154	0.0002	0.0154	0.0154	0.0154	0.0154	0.0154	0.0154	0.0154	0.0154	0.0154	0.0324	0.0154	0.0154	0.0154	0.0154	0.0154	0.0154	0.0154	0.0196	0.0154	0.0154	0.0154	0.0101	0.0154	0.0154	0.0154	0.0154	0.0154	0.0154	0.0154	0.0205	0.014	0.0154	0.0154	0.0154	0.0154	0.0196	0.0154	0.0154	0.0154	0.014	0.0154	0.0154	0.0154	0.0154	0.0154	0.0154	0.0154	0.0154	0.0154	0.0154	0.0196	0.0154	0.0154	0.0154	0.0154	0.0154	0.0154	0.0154	0.0154	0.0154	0.0324	0.0154	0.0154	0.014	0.0154	0.0154	0.0154	0.0154	0.0154	0.0154	0.0154	0.0154	0.0154	0.0154	0.0154	0.0196	0.0196	0.0154	0.0324	0.0154	0.0154	0.0154	0.0196	0.0154	0.0154	0.0154	0.0154	0.0154	0.0154	0.0154	0.0154	0.0154	0.014	0.0196	0.0154	0.0154	0.0154	0.0101	0.0196	0.0154	0.0154	0.0154	0.0154	0.0154	0.0154	0.0154	0.0154	0.0154	0.0154	0.0154	0.0154	0.0196	0.0154	0.0154	0.0154	0.0154	0.0154	0.0154	0.0154	0.0154	0.0154	0.0154	0.0154	0.0154	0.0154	0.0154	0.0154	0.0154	0.0154	0.0101	0.0154	0.0154	0.0154	0.0154	0.0154	0.0205	0.0154	0.0196	0.014	0.0154	0.0196	0.0154	0.0154	0.014	0.0196	0.0154	0.0154	0.0154	0.0154	0.0196	0.0101	0.0154	0.0154	0.0154	0.0154	0.0154	0.0101	0.0154	0.0196	0.0154	0.0154	0.0103	0.0154	0.0154	0.0154	0.0154	0.0154	0.0154	0.0196	0.0154	0.0154	0.0154	0.0154	0.0154	0.0154	0.014	0.0101	0.0154	0.0154	0.0154	0.0154	0.0154	0.0101	0.0196	0.0154	0.0154	0.0154	0.0154	0.0154	0.0154	0.0154	0.0154	0.0154	0.0154	0.0154	0.0154	0.0154	0.0154	0.0154	0.0154	0.0196	0.0196	0.0154	0.0154	0.0154	0.0154	0.0154	0.0154	0.0154	0.0154	0.0196	0.0154	0.0154	0.0154	0.0196	0.0154	0.0154	0.0154	0.0154	0.0154	0.0154	0.0154	0.0154	0.0154	0.0154	0.0101	0.0154	0.0154	0.0154	0.0154	0.0154	0.0154	0.0154	0.0154	0.0154	0.0154	0.0154	0.0154	0.0154	0.0154	0.0154	0.0154	0.0154	0.0154	0.0154	0.0154	0.0154	0.0196	0.014	0.0196	0.0101	0.0154	0.0154	0.0154	0.0101	0.0154	0.0196	0.0154	0.0154	0.0154	0.0154	0.0154	0.0205	0.0154	0.0154	0.0154	0.0154	0.0154	0.0154	0.0196	0.0154	0.0101	0.0154	0.0154	0.0103	0.0154	0.0154	0.0154	0.0196	0.014	0.0154	0.0154	0.014	0.0154	0.0154	0.0154	0.0154	0.0154	0.0154	0.0154	0.0101	0.0154	0.0154	0.0154	0.0154	0.0154	0.0324	0.0101	0.0154	0.0154	0.0101	0.0154	0.0154	0.0154	0.0154	0.0154	0.0196	0.0154	0.0196	0.0154	0.0196	0.0154	0.0154	0.0154	0.0154	0.0154	0.0002	0.0154	0.0154	0.0154	0.0205	0.0154	0.0154	0.0154	0.0154	0.0154	0.0101	0.0196	0.0154	0.0154	0.0154	0.0154	0.0154	0.0154	0.0154	0.0154	0.0154	0.0002	0.0154	0.0154	0.0154	0.0154	0.0154	0.0154	0.0154	0.0154	0.0101	0.0154	0.0154	0.014	0.0324	0.0154	0.0196	0.0154	0.0154	0.0154	0.0196	0.0196	0.0154	0.0154	0.0154	0.0154	0.0154	0.0154	0.0154	0.0154	0.0154	0.0154	0.0154	0.0154	0.0154	0.0154	0.0154	0.0154	0.0154	0.0154	0.0154	0.0154	0.0154	0.0196	0.0154	0.0154	0.0205	0.0103	0.0154	0.0154	0.0154	0.0154	0.0205	0.0154	0.0154	0.0154	0.0196	0.0154	0.0154	0.0154	0.0154	0.0154	0.014	0.0154	0.0154	0.0154	0.014	0.0154	0.0154	0.0154	0.0154	0.0324	0.0154	0.0154	0.0154	0.0154	0.0154	0.0154	0.014	0.0154	0.0154	0.0324	0.0154	0.0154	0.0154	0.0196	0.0154	0.0154	0.0002	0.9575	0.9575	0.9575	0.9575	0.9575	0.9575	0.9575	0.9575	0.9575	0.9575	0.9575	0.9575	0.9575	0.9575	0.9575	0.9575	0.9575	0.9575	0.9575	0.9575	0.9575	0.9575	0.9575	0.9575	0.9575	0.9575	0.9575	0.9575	0.9575	0.9575	0.9575	0.9575	0.9575	0.9575	0.9575	0.9575	0.9575	0.9575	0.9575	0.9575	0.9575	0.9575	0.9575	0.9575	0.9575	0.9575	0.9575	0.9575	0.9575	0.9575	0.9575	0.9575	0.9575	0.9575	0.9575	0.9575	0.9575	0.9575	0.9575	0.9575	0.9575	0.9575	0.9575	0.9575	0.9575	0.9575	0.9575	0.9575	0.9575	0.9575	0.9575	0.9575	0.9575	0.9575	0.9575	0.9575	0.9575	0.9575	0.9575	0.9575	0.9575
51	0.1278	0.1278	0.1278	0.1278	0.1278	0.031	0.031	0.031	0.031	0.031	0.031	0.031	0.031	0.031	0.031	0.031	0.031	0.031	0.015	0.015	0.015	0.015	0.015	0.015	0.015	0.015	0.015	0.015	0.015	0.015	0.015	0.015	0.015	0.0103	0.015	0.015	0.015	0.015	0.0022	0.015	0.015	0.015	0.015	0.015	0.015	0.015	0.015	0.015	0.015	0.0025	0.015	0.015	0.015	0.0025	0.015	0.015	0.015	0.0033	0.015	0.015	0.015	0.015	0.015	0.015	0.015	0.015	0.015	0.015	0.015	0.015	0.015	0.015	0.015	0.0025	0.015	0.015	0.0103	0.0025	0.015	0.015	0.015	0.015	0.0171	0.015	0.0208	0.0208	0.015	0.015	0.015	0.015	0.015	0.015	0.015	0.8187	0.015	0.015	0.015	0.015	0.015	0.015	0.015	0.015	0.015	0.0171	0.015	0.015	0.015	0.015	0.015	0.015	0.015	0.0025	0.015	0.015	0.015	0.0033	0.015	0.015	0.015	0.015	0.015	0.015	0.015	0.0103	0.0022	0.015	0.015	0.015	0.015	0.0025	0.015	0.015	0.015	0.0022	0.015	0.015	0.015	0.015	0.015	0.015	0.015	0.015	0.015	0.015	0.0025	0.015	0.015	0.015	0.015	0.015	0.015	0.015	0.015	0.015	0.0171	0.015	0.015	0.0022	0.015	0.015	0.015	0.015	0.015	0.015	0.015	0.015	0.015	0.015	0.015	0.0025	0.0025	0.015	0.0171	0.015	0.015	0.015	0.0025	0.015	0.015	0.015	0.015	0.015	0.015	0.015	0.015	0.015	0.0022	0.0025	0.015	0.015	0.015	0.0033	0.0025	0.015	0.015	0.015	0.015	0.015	0.015	0.015	0.015	0.015	0.015	0.015	0.015	0.0025	0.015	0.015	0.015	0.015	0.015	0.015	0.015	0.015	0.015	0.015	0.015	0.015	0.015	0.015	0.015	0.015	0.015	0.0033	0.015	0.015	0.015	0.015	0.015	0.0103	0.015	0.0025	0.0022	0.015	0.0025	0.015	0.015	0.0022	0.0025	0.015	0.015	0.015	0.015	0.0025	0.0033	0.015	0.015	0.015	0.015	0.015	0.0033	0.015	0.0025	0.015	0.015	0.0208	0.015	0.015	0.015	0.015	0.015	0.015	0.0025	0.015	0.015	0.015	0.015	0.015	0.015	0.0022	0.0033	0.015	0.015	0.015	0.015	0.015	0.0033	0.0025	0.015	0.015	0.015	0.015	0.015	0.015	0.015	0.015	0.015	0.015	0.015	0.015	0.015	0.015	0.015	0.015	0.0025	0.0025	0.015	0.015	0.015	0.015	0.015	0.015	0.015	0.015	0.0025	0.015	0.015	0.015	0.0025	0.015	0.015	0.015	0.015	0.015	0.015	0.015	0.015	0.015	0.015	0.0033	0.015	0.015	0.015	0.015	0.015	0.015	0.015	0.015	0.015	0.015	0.015	0.015	0.015	0.015	0.015	0.015	0.015	0.015	0.015	0.015	0.015	0.0025	0.0022	0.0025	0.0033	0.015	0.015	0.015	0.0033	0.015	0.0025	0.015	0.015	0.015	0.015	0.015	0.0103	0.015	0.015	0.015	0.015	0.015	0.015	0.0025	0.015	0.0033	0.015	0.015	0.0208	0.015	0.015	0.015	0.0025	0.0022	0.015	0.015	0.0022	0.015	0.015	0.015	0.015	0.015	0.015	0.015	0.0033	0.015	0.015	0.015	0.015	0.015	0.0171	0.0033	0.015	0.015	0.0033	0.015	0.015	0.015	0.015	0.015	0.0025	0.015	0.0025	0.015	0.0025	0.015	0.015	0.015	0.015	0.015	0.8187	0.015	0.015	0.015	0.0103	0.015	0.015	0.015	0.015	0.015	0.0033	0.0025	0.015	0.015	0.015	0.015	0.015	0.015	0.015	0.015	0.015	0.8187	0.015	0.015	0.015	0.015	0.015	0.015	0.015	0.015	0.0033	0.015	0.015	0.0022	0.0171	0.015	0.0025	0.015	0.015	0.015	0.0025	0.0025	0.015	0.015	0.015	0.015	0.015	0.015	0.015	0.015	0.015	0.015	0.015	0.015	0.015	0.015	0.015	0.015	0.015	0.015	0.015	0.015	0.015	0.0025	0.015	0.015	0.0103	0.0208	0.015	0.015	0.015	0.015	0.0103	0.015	0.015	0.015	0.0025	0.015	0.015	0.015	0.015	0.015	0.0022	0.015	0.015	0.015	0.0022	0.015	0.015	0.015	0.015	0.0171	0.015	0.015	0.015	0.015	0.015	0.015	0.0022	0.015	0.015	0.0171	0.015	0.015	0.015	0.0025	0.015	0.015	0.8187	0.8562	0.8562	0.8562	0.8562	0.8562	0.8562	0.8562	0.8562	0.8562	0.8562	0.8562	0.8562	0.8562	0.8562	0.8562	0.8562	0.8562	0.8562	0.8562	0.8562	0.8562	0.8562	0.8562	0.8562	0.8562	0.8562	0.8562	0.8562	0.8562	0.8562	0.8562	0.8562	0.8562	0.8562	0.8562	0.8562	0.8562	0.8562	0.8562	0.8562	0.8562	0.8562	0.8562	0.8562	0.8562	0.8562	0.8562	0.8562	0.8562	0.8562	0.8562	0.8562	0.8562	0.8562	0.8562	0.8562	0.8562	0.8562	0.8562	0.8562	0.8562	0.8562	0.8562	0.8562	0.8562	0.8562	0.8562	0.8562	0.8562	0.8562	0.8562	0.8562	0.8562	0.8562	0.8562	0.8562	0.8562	0.8562	0.8562	0.8562	0.8562
52	0.0619	0.0619	0.0619	0.0619	0.0619	0.1086	0.1086	0.1086	0.1086	0.1086	0.1086	0.1086	0.1086	0.1086	0.1086	0.1086	0.1086	0.1086	0.0159	0.0159	0.0159	0.0159	0.0159	0.0159	0.0159	0.0159	0.0159	0.0159	0.0159	0.0159	0.0159	0.0159	0.0159	0.0284	0.0159	0.0159	0.0159	0.0159	0.0332	0.0159	0.0159	0.0159	0.0159	0.0159	0.0159	0.0159	0.0159	0.0159	0.0159	0.0009	0.0159	0.0159	0.0159	0.0009	0.0159	0.0159	0.0159	0.0192	0.0159	0.0159	0.0159	0.0159	0.0159	0.0159	0.0159	0.0159	0.0159	0.0159	0.0159	0.0159	0.0159	0.0159	0.0159	0.0009	0.0159	0.0159	0.0284	0.0009	0.0159	0.0159	0.0159	0.0159	0.0109	0.0159	0.0144	0.0144	0.0159	0.0159	0.0159	0.0159	0.0159	0.0159	0.0159	0.0	0.0159	0.0159	0.0159	0.0159	0.0159	0.0159	0.0159	0.0159	0.0159	0.0109	0.0159	0.0159	0.0159	0.0159	0.0159	0.0159	0.0159	0.0009	0.0159	0.0159	0.0159	0.0192	0.0159	0.0159	0.0159	0.0159	0.0159	0.0159	0.0159	0.0284	0.0332	0.0159	0.0159	0.0159	0.0159	0.0009	0.0159	0.0159	0.0159	0.0332	0.0159	0.0159	0.0159	0.0159	0.0159	0.0159	0.0159	0.0159	0.0159	0.0159	0.0009	0.0159	0.0159	0.0159	0.0159	0.0159	0.0159	0.0159	0.0159	0.0159	0.0109	0.0159	0.0159	0.0332	0.0159	0.0159	0.0159	0.0159	0.0159	0.0159	0.0159	0.0159	0.0159	0.0159	0.0159	0.0009	0.0009	0.0159	0.0109	0.0159	0.0159	0.0159	0.0009	0.0159	0.0159	0.0159	0.0159	0.0159	0.0159	0.0159	0.0159	0.0159	0.0332	0.0009	0.0159	0.0159	0.0159	0.0192	0.0009	0.0159	0.0159	0.0159	0.0159	0.0159	0.0159	0.0159	0.0159	0.0159	0.0159	0.0159	0.0159	0.0009	0.0159	0.0159	0.0159	0.0159	0.0159	0.0159	0.0159	0.0159	0.0159	0.0159	0.0159	0.0159	0.0159	0.0159	0.0159	0.0159	0.0159	0.0192	0.0159	0.0159	0.0159	0.0159	0.0159	0.0284	0.0159	0.0009	0.0332	0.0159	0.0009	0.0159	0.0159	0.0332	0.0009	0.0159	0.0159	0.0159	0.0159	0.0009	0.0192	0.0159	0.0159	0.0159	0.0159	0.0159	0.0192	0.0159	0.0009	0.0159	0.0159	0.0144	0.0159	0.0159	0.0159	0.0159	0.0159	0.0159	0.0009	0.0159	0.0159	0.0159	0.0159	0.0159	0.0159	0.0332	0.0192	0.0159	0.0159	0.0159	0.0159	0.0159	0.0192	0.0009	0.0159	0.0159	0.0159	0.0159	0.0159	0.0159	0.0159	0.0159	0.0159	0.0159	0.0159	0.0159	0.0159	0.0159	0.0159	0.0159	0.0009	0.0009	0.0159	0.0159	0.0159	0.0159	0.0159	0.0159	0.0159	0.0159	0.0009	0.0159	0.0159	0.0159	0.0009	0.0159	0.0159	0.0159	0.0159	0.0159	0.0159	0.0159	0.0159	0.0159	0.0159	0.0192	0.0159	0.0159	0.0159	0.0159	0.0159	0.0159	0.0159	0.0159	0.0159	0.0159	0.0159	0.0159	0.0159	0.0159	0.0159	0.0159	0.0159	0.0159	0.0159	0.0159	0.0159	0.0009	0.0332	0.0009	0.0192	0.0159	0.0159	0.0159	0.0192	0.0159	0.0009	0.0159	0.0159	0.0159	0.0159	0.0159	0.0284	0.0159	0.0159	0.0159	0.0159	0.0159	0.0159	0.0009	0.0159	0.0192	0.0159	0.0159	0.0144	0.0159	0.0159	0.0159	0.0009	0.0332	0.0159	0.0159	0.0332	0.0159	0.0159	0.0159	0.0159	0.0159	0.0159	0.0159	0.0192	0.0159	0.0159	0.0159	0.0159	0.0159	0.0109	0.0192	0.0159	0.0159	0.0192	0.0159	0.0159	0.0159	0.0159	0.0159	0.0009	0.0159	0.0009	0.0159	0.0009	0.0159	0.0159	0.0159	0.0159	0.0159	0.0	0.0159	0.0159	0.0159	0.0284	0.0159	0.0159	0.0159	0.0159	0.0159	0.0192	0.0009	0.0159	0.0159	0.0159	0.0159	0.0159	0.0159	0.0159	0.0159	0.0159	0.0	0.0159	0.0159	0.0159	0.0159	0.0159	0.0159	0.0159	0.0159	0.0192	0.0159	0.0159	0.0332	0.0109	0.0159	0.0009	0.0159	0.0159	0.0159	0.0009	0.0009	0.0159	0.0159	0.0159	0.0159	0.0159	0.0159	0.0159	0.0159	0.0159	0.0159	0.0159	0.0159	0.0159	0.0159	0.0159	0.0159	0.0159	0.0159	0.0159	0.0159	0.0159	0.0009	0.0159	0.0159	0.0284	0.0144	0.0159	0.0159	0.0159	0.0159	0.0284	0.0159	0.0159	0.0159	0.0009	0.0159	0.0159	0.0159	0.0159	0.0159	0.0332	0.0159	0.0159	0.0159	0.0332	0.0159	0.0159	0.0159	0.0159	0.0109	0.0159	0.0159	0.0159	0.0159	0.0159	0.0159	0.0332	0.0159	0.0159	0.0109	0.0159	0.0159	0.0159	0.0009	0.0159	0.0159	0.0	0.9518	0.9518	0.9518	0.9518	0.9518	0.9518	0.9518	0.9518	0.9518	0.9518	0.9518	0.9518	0.9518	0.9518	0.9518	0.9518	0.9518	0.9518	0.9518	0.9518	0.9518	0.9518	0.9518	0.9518	0.9518	0.9518	0.9518	0.9518	0.9518	0.9518	0.9518	0.9518	0.9518	0.9518	0.9518	0.9518	0.9518	0.9518	0.9518	0.9518	0.9518	0.9518	0.9518	0.9518	0.9518	0.9518	0.9518	0.9518	0.9518	0.9518	0.9518	0.9518	0.9518	0.9518	0.9518	0.9518	0.9518	0.9518	0.9518	0.9518	0.9518	0.9518	0.9518	0.9518	0.9518	0.9518	0.9518	0.9518	0.9518	0.9518	0.9518	0.9518	0.9518	0.9518	0.9518	0.9518	0.9518	0.9518	0.9518	0.9518	0.9518
53	0.0509	0.0509	0.0509	0.0509	0.0509	0.0246	0.0246	0.0246	0.0246	0.0246	0.0246	0.0246	0.0246	0.0246	0.0246	0.0246	0.0246	0.0246	0.0157	0.0157	0.0157	0.0157	0.0157	0.0157	0.0157	0.0157	0.0157	0.0157	0.0157	0.0157	0.0157	0.0157	0.0157	0.0115	0.0157	0.0157	0.0157	0.0157	0.0257	0.0157	0.0157	0.0157	0.0157	0.0157	0.0157	0.0157	0.0157	0.0157	0.0157	0.0122	0.0157	0.0157	0.0157	0.0122	0.0157	0.0157	0.0157	0.0122	0.0157	0.0157	0.0157	0.0157	0.0157	0.0157	0.0157	0.0157	0.0157	0.0157	0.0157	0.0157	0.0157	0.0157	0.0157	0.0122	0.0157	0.0157	0.0115	0.0122	0.0157	0.0157	0.0157	0.0157	0.0115	0.0157	0.0174	0.0174	0.0157	0.0157	0.0157	0.0157	0.0157	0.0157	0.0157	0.0072	0.0157	0.0157	0.0157	0.0157	0.0157	0.0157	0.0157	0.0157	0.0157	0.0115	0.0157	0.0157	0.0157	0.0157	0.0157	0.0157	0.0157	0.0122	0.0157	0.0157	0.0157	0.0122	0.0157	0.0157	0.0157	0.0157	0.0157	0.0157	0.0157	0.0115	0.0257	0.0157	0.0157	0.0157	0.0157	0.0122	0.0157	0.0157	0.0157	0.0257	0.0157	0.0157	0.0157	0.0157	0.0157	0.0157	0.0157	0.0157	0.0157	0.0157	0.0122	0.0157	0.0157	0.0157	0.0157	0.0157	0.0157	0.0157	0.0157	0.0157	0.0115	0.0157	0.0157	0.0257	0.0157	0.0157	0.0157	0.0157	0.0157	0.0157	0.0157	0.0157	0.0157	0.0157	0.0157	0.0122	0.0122	0.0157	0.0115	0.0157	0.0157	0.0157	0.0122	0.0157	0.0157	0.0157	0.0157	0.0157	0.0157	0.0157	0.0157	0.0157	0.0257	0.0122	0.0157	0.0157	0.0157	0.0122	0.0122	0.0157	0.0157	0.0157	0.0157	0.0157	0.0157	0.0157	0.0157	0.0157	0.0157	0.0157	0.0157	0.0122	0.0157	0.0157	0.0157	0.0157	0.0157	0.0157	0.0157	0.0157	0.0157	0.0157	0.0157	0.0157	0.0157	0.0157	0.0157	0.0157	0.0157	0.0122	0.0157	0.0157	0.0157	0.0157	0.0157	0.0115	0.0157	0.0122	0.0257	0.0157	0.0122	0.0157	0.0157	0.0257	0.0122	0.0157	0.0157	0.0157	0.0157	0.0122	0.0122	0.0157	0.0157	0.0157	0.0157	0.0157	0.0122	0.0157	0.0122	0.0157	0.0157	0.0174	0.0157	0.0157	0.0157	0.0157	0.0157	0.0157	0.0122	0.0157	0.0157	0.0157	0.0157	0.0157	0.0157	0.0257	0.0122	0.0157	0.0157	0.0157	0.0157	0.0157	0.0122	0.0122	0.0157	0.0157	0.0157	0.0157	0.0157	0.0157	0.0157	0.0157	0.0157	0.0157	0.0157	0.0157	0.0157	0.0157	0.0157	0.0157	0.0122	0.0122	0.0157	0.0157	0.0157	0.0157	0.0157	0.0157	0.0157	0.0157	0.0122	0.0157	0.0157	0.0157	0.0122	0.0157	0.0157	0.0157	0.0157	0.0157	0.0157	0.0157	0.0157	0.0157	0.0157	0.0122	0.0157	0.0157	0.0157	0.0157	0.0157	0.0157	0.0157	0.0157	0.0157	0.0157	0.0157	0.0157	0.0157	0.0157	0.0157	0.0157	0.0157	0.0157	0.0157	0.0157	0.0157	0.0122	0.0257	0.0122	0.0122	0.0157	0.0157	0.0157	0.0122	0.0157	0.0122	0.0157	0.0157	0.0157	0.0157	0.0157	0.0115	0.0157	0.0157	0.0157	0.0157	0.0157	0.0157	0.0122	0.0157	0.0122	0.0157	0.0157	0.0174	0.0157	0.0157	0.0157	0.0122	0.0257	0.0157	0.0157	0.0257	0.0157	0.0157	0.0157	0.0157	0.0157	0.0157	0.0157	0.0122	0.0157	0.0157	0.0157	0.0157	0.0157	0.0115	0.0122	0.0157	0.0157	0.0122	0.0157	0.0157	0.0157	0.0157	0.0157	0.0122	0.0157	0.0122	0.0157	0.0122	0.0157	0.0157	0.0157	0.0157	0.0157	0.0072	0.0157	0.0157	0.0157	0.0115	0.0157	0.0157	0.0157	0.0157	0.0157	0.0122	0.0122	0.0157	0.0157	0.0157	0.0157	0.0157	0.0157	0.0157	0.0157	0.0157	0.0072	0.0157	0.0157	0.0157	0.0157	0.0157	0.0157	0.0157	0.0157	0.0122	0.0157	0.0157	0.0257	0.0115	0.0157	0.0122	0.0157	0.0157	0.0157	0.0122	0.0122	0.0157	0.0157	0.0157	0.0157	0.0157	0.0157	0.0157	0.0157	0.0157	0.0157	0.0157	0.0157	0.0157	0.0157	0.0157	0.0157	0.0157	0.0157	0.0157	0.0157	0.0157	0.0122	0.0157	0.0157	0.0115	0.0174	0.0157	0.0157	0.0157	0.0157	0.0115	0.0157	0.0157	0.0157	0.0122	0.0157	0.0157	0.0157	0.0157	0.0157	0.0257	0.0157	0.0157	0.0157	0.0257	0.0157	0.0157	0.0157	0.0157	0.0115	0.0157	0.0157	0.0157	0.0157	0.0157	0.0157	0.0257	0.0157	0.0157	0.0115	0.0157	0.0157	0.0157	0.0122	0.0157	0.0157	0.0072	0.9001	0.9001	0.9001	0.9001	0.9001	0.9001	0.9001	0.9001	0.9001	0.9001	0.9001	0.9001	0.9001	0.9001	0.9001	0.9001	0.9001	0.9001	0.9001	0.9001	0.9001	0.9001	0.9001	0.9001	0.9001	0.9001	0.9001	0.9001	0.9001	0.9001	0.9001	0.9001	0.9001	0.9001	0.9001	0.9001	0.9001	0.9001	0.9001	0.9001	0.9001	0.9001	0.9001	0.9001	0.9001	0.9001	0.9001	0.9001	0.9001	0.9001	0.9001	0.9001	0.9001	0.9001	0.9001	0.9001	0.9001	0.9001	0.9001	0.9001	0.9001	0.9001	0.9001	0.9001	0.9001	0.9001	0.9001	0.9001	0.9001	0.9001	0.9001	0.9001	0.9001	0.9001	0.9001	0.9001	0.9001	0.9001	0.9001	0.9001	0.9001
54	0.1252	0.1252	0.1252	0.1252	0.1252	0.0305	0.0305	0.0305	0.0305	0.0305	0.0305	0.0305	0.0305	0.0305	0.0305	0.0305	0.0305	0.0305	0.0054	0.0054	0.0054	0.0054	0.0054	0.0054	0.0054	0.0054	0.0054	0.0054	0.0054	0.0054	0.0054	0.0054	0.0054	0.0065	0.0054	0.0054	0.0054	0.0054	0.0029	0.0054	0.0054	0.0054	0.0054	0.0054	0.0054	0.0054	0.0054	0.0054	0.0054	0.0011	0.0054	0.0054	0.0054	0.0011	0.0054	0.0054	0.0054	0.0025	0.0054	0.0054	0.0054	0.0054	0.0054	0.0054	0.0054	0.0054	0.0054	0.0054	0.0054	0.0054	0.0054	0.0054	0.0054	0.0011	0.0054	0.0054	0.0065	0.0011	0.0054	0.0054	0.0054	0.0054	0.0035	0.0054	0.0052	0.0052	0.0054	0.0054	0.0054	0.0054	0.0054	0.0054	0.0054	0.0	0.0054	0.0054	0.0054	0.0054	0.0054	0.0054	0.0054	0.0054	0.0054	0.0035	0.0054	0.0054	0.0054	0.0054	0.0054	0.0054	0.0054	0.0011	0.0054	0.0054	0.0054	0.0025	0.0054	0.0054	0.0054	0.0054	0.0054	0.0054	0.0054	0.0065	0.0029	0.0054	0.0054	0.0054	0.0054	0.0011	0.0054	0.0054	0.0054	0.0029	0.0054	0.0054	0.0054	0.0054	0.0054	0.0054	0.0054	0.0054	0.0054	0.0054	0.0011	0.0054	0.0054	0.0054	0.0054	0.0054	0.0054	0.0054	0.0054	0.0054	0.0035	0.0054	0.0054	0.0029	0.0054	0.0054	0.0054	0.0054	0.0054	0.0054	0.0054	0.0054	0.0054	0.0054	0.0054	0.0011	0.0011	0.0054	0.0035	0.0054	0.0054	0.0054	0.0011	0.0054	0.0054	0.0054	0.0054	0.0054	0.0054	0.0054	0.0054	0.0054	0.0029	0.0011	0.0054	0.0054	0.0054	0.0025	0.0011	0.0054	0.0054	0.0054	0.0054	0.0054	0.0054	0.0054	0.0054	0.0054	0.0054	0.0054	0.0054	0.0011	0.0054	0.0054	0.0054	0.0054	0.0054	0.0054	0.0054	0.0054	0.0054	0.0054	0.0054	0.0054	0.0054	0.0054	0.0054	0.0054	0.0054	0.0025	0.0054	0.0054	0.0054	0.0054	0.0054	0.0065	0.0054	0.0011	0.0029	0.0054	0.0011	0.0054	0.0054	0.0029	0.0011	0.0054	0.0054	0.0054	0.0054	0.0011	0.0025	0.0054	0.0054	0.0054	0.0054	0.0054	0.0025	0.0054	0.0011	0.0054	0.0054	0.0052	0.0054	0.0054	0.0054	0.0054	0.0054	0.0054	0.0011	0.0054	0.0054	0.0054	0.0054	0.0054	0.0054	0.0029	0.0025	0.0054	0.0054	0.0054	0.0054	0.0054	0.0025	0.0011	0.0054	0.0054	0.0054	0.0054	0.0054	0.0054	0.0054	0.0054	0.0054	0.0054	0.0054	0.0054	0.0054	0.0054	0.0054	0.0054	0.0011	0.0011	0.0054	0.0054	0.0054	0.0054	0.0054	0.0054	0.0054	0.0054	0.0011	0.0054	0.0054	0.0054	0.0011	0.0054	0.0054	0.0054	0.0054	0.0054	0.0054	0.0054	0.0054	0.0054	0.0054	0.0025	0.0054	0.0054	0.0054	0.0054	0.0054	0.0054	0.0054	0.0054	0.0054	0.0054	0.0054	0.0054	0.0054	0.0054	0.0054	0.0054	0.0054	0.0054	0.0054	0.0054	0.0054	0.0011	0.0029	0.0011	0.0025	0.0054	0.0054	0.0054	0.0025	0.0054	0.0011	0.0054	0.0054	0.0054	0.0054	0.0054	0.0065	0.0054	0.0054	0.0054	0.0054	0.0054	0.0054	0.0011	0.0054	0.0025	0.0054	0.0054	0.0052	0.0054	0.0054	0.0054	0.0011	0.0029	0.0054	0.0054	0.0029	0.0054	0.0054	0.0054	0.0054	0.0054	0.0054	0.0054	0.0025	0.0054	0.0054	0.0054	0.0054	0.0054	0.0035	0.0025	0.0054	0.0054	0.0025	0.0054	0.0054	0.0054	0.0054	0.0054	0.0011	0.0054	0.0011	0.0054	0.0011	0.0054	0.0054	0.0054	0.0054	0.0054	0.0	0.0054	0.0054	0.0054	0.0065	0.0054	0.0054	0.0054	0.0054	0.0054	0.0025	0.0011	0.0054	0.0054	0.0054	0.0054	0.0054	0.0054	0.0054	0.0054	0.0054	0.0	0.0054	0.0054	0.0054	0.0054	0.0054	0.0054	0.0054	0.0054	0.0025	0.0054	0.0054	0.0029	0.0035	0.0054	0.0011	0.0054	0.0054	0.0054	0.0011	0.0011	0.0054	0.0054	0.0054	0.0054	0.0054	0.0054	0.0054	0.0054	0.0054	0.0054	0.0054	0.0054	0.0054	0.0054	0.0054	0.0054	0.0054	0.0054	0.0054	0.0054	0.0054	0.0011	0.0054	0.0054	0.0065	0.0052	0.0054	0.0054	0.0054	0.0054	0.0065	0.0054	0.0054	0.0054	0.0011	0.0054	0.0054	0.0054	0.0054	0.0054	0.0029	0.0054	0.0054	0.0054	0.0029	0.0054	0.0054	0.0054	0.0054	0.0035	0.0054	0.0054	0.0054	0.0054	0.0054	0.0054	0.0029	0.0054	0.0054	0.0035	0.0054	0.0054	0.0054	0.0011	0.0054	0.0054	0.0	0.984	0.984	0.984	0.984	0.984	0.984	0.984	0.984	0.984	0.984	0.984	0.984	0.984	0.984	0.984	0.984	0.984	0.984	0.984	0.984	0.984	0.984	0.984	0.984	0.984	0.984	0.984	0.984	0.984	0.984	0.984	0.984	0.984	0.984	0.984	0.984	0.984	0.984	0.984	0.984	0.984	0.984	0.984	0.984	0.984	0.984	0.984	0.984	0.984	0.984	0.984	0.984	0.984	0.984	0.984	0.984	0.984	0.984	0.984	0.984	0.984	0.984	0.984	0.984	0.984	0.984	0.984	0.984	0.984	0.984	0.984	0.984	0.984	0.984	0.984	0.984	0.984	0.984	0.984	0.984	0.984
55	0.0621	0.0621	0.0621	0.0621	0.0621	0.0222	0.0222	0.0222	0.0222	0.0222	0.0222	0.0222	0.0222	0.0222	0.0222	0.0222	0.0222	0.0222	0.0179	0.0179	0.0179	0.0179	0.0179	0.0179	0.0179	0.0179	0.0179	0.0179	0.0179	0.0179	0.0179	0.0179	0.0179	0.0148	0.0179	0.0179	0.0179	0.0179	0.0118	0.0179	0.0179	0.0179	0.0179	0.0179	0.0179	0.0179	0.0179	0.0179	0.0179	0.0042	0.0179	0.0179	0.0179	0.0042	0.0179	0.0179	0.0179	0.0201	0.0179	0.0179	0.0179	0.0179	0.0179	0.0179	0.0179	0.0179	0.0179	0.0179	0.0179	0.0179	0.0179	0.0179	0.0179	0.0042	0.0179	0.0179	0.0148	0.0042	0.0179	0.0179	0.0179	0.0179	0.0222	0.0179	0.0149	0.0149	0.0179	0.0179	0.0179	0.0179	0.0179	0.0179	0.0179	0.0003	0.0179	0.0179	0.0179	0.0179	0.0179	0.0179	0.0179	0.0179	0.0179	0.0222	0.0179	0.0179	0.0179	0.0179	0.0179	0.0179	0.0179	0.0042	0.0179	0.0179	0.0179	0.0201	0.0179	0.0179	0.0179	0.0179	0.0179	0.0179	0.0179	0.0148	0.0118	0.0179	0.0179	0.0179	0.0179	0.0042	0.0179	0.0179	0.0179	0.0118	0.0179	0.0179	0.0179	0.0179	0.0179	0.0179	0.0179	0.0179	0.0179	0.0179	0.0042	0.0179	0.0179	0.0179	0.0179	0.0179	0.0179	0.0179	0.0179	0.0179	0.0222	0.0179	0.0179	0.0118	0.0179	0.0179	0.0179	0.0179	0.0179	0.0179	0.0179	0.0179	0.0179	0.0179	0.0179	0.0042	0.0042	0.0179	0.0222	0.0179	0.0179	0.0179	0.0042	0.0179	0.0179	0.0179	0.0179	0.0179	0.0179	0.0179	0.0179	0.0179	0.0118	0.0042	0.0179	0.0179	0.0179	0.0201	0.0042	0.0179	0.0179	0.0179	0.0179	0.0179	0.0179	0.0179	0.0179	0.0179	0.0179	0.0179	0.0179	0.0042	0.0179	0.0179	0.0179	0.0179	0.0179	0.0179	0.0179	0.0179	0.0179	0.0179	0.0179	0.0179	0.0179	0.0179	0.0179	0.0179	0.0179	0.0201	0.0179	0.0179	0.0179	0.0179	0.0179	0.0148	0.0179	0.0042	0.0118	0.0179	0.0042	0.0179	0.0179	0.0118	0.0042	0.0179	0.0179	0.0179	0.0179	0.0042	0.0201	0.0179	0.0179	0.0179	0.0179	0.0179	0.0201	0.0179	0.0042	0.0179	0.0179	0.0149	0.0179	0.0179	0.0179	0.0179	0.0179	0.0179	0.0042	0.0179	0.0179	0.0179	0.0179	0.0179	0.0179	0.0118	0.0201	0.0179	0.0179	0.0179	0.0179	0.0179	0.0201	0.0042	0.0179	0.0179	0.0179	0.0179	0.0179	0.0179	0.0179	0.0179	0.0179	0.0179	0.0179	0.0179	0.0179	0.0179	0.0179	0.0179	0.0042	0.0042	0.0179	0.0179	0.0179	0.0179	0.0179	0.0179	0.0179	0.0179	0.0042	0.0179	0.0179	0.0179	0.0042	0.0179	0.0179	0.0179	0.0179	0.0179	0.0179	0.0179	0.0179	0.0179	0.0179	0.0201	0.0179	0.0179	0.0179	0.0179	0.0179	0.0179	0.0179	0.0179	0.0179	0.0179	0.0179	0.0179	0.0179	0.0179	0.0179	0.0179	0.0179	0.0179	0.0179	0.0179	0.0179	0.0042	0.0118	0.0042	0.0201	0.0179	0.0179	0.0179	0.0201	0.0179	0.0042	0.0179	0.0179	0.0179	0.0179	0.0179	0.0148	0.0179	0.0179	0.0179	0.0179	0.0179	0.0179	0.0042	0.0179	0.0201	0.0179	0.0179	0.0149	0.0179	0.0179	0.0179	0.0042	0.0118	0.0179	0.0179	0.0118	0.0179	0.0179	0.0179	0.0179	0.0179	0.0179	0.0179	0.0201	0.0179	0.0179	0.0179	0.0179	0.0179	0.0222	0.0201	0.0179	0.0179	0.0201	0.0179	0.0179	0.0179	0.0179	0.0179	0.0042	0.0179	0.0042	0.0179	0.0042	0.0179	0.0179	0.0179	0.0179	0.0179	0.0003	0.0179	0.0179	0.0179	0.0148	0.0179	0.0179	0.0179	0.0179	0.0179	0.0201	0.0042	0.0179	0.0179	0.0179	0.0179	0.0179	0.0179	0.0179	0.0179	0.0179	0.0003	0.0179	0.0179	0.0179	0.0179	0.0179	0.0179	0.0179	0.0179	0.0201	0.0179	0.0179	0.0118	0.0222	0.0179	0.0042	0.0179	0.0179	0.0179	0.0042	0.0042	0.0179	0.0179	0.0179	0.0179	0.0179	0.0179	0.0179	0.0179	0.0179	0.0179	0.0179	0.0179	0.0179	0.0179	0.0179	0.0179	0.0179	0.0179	0.0179	0.0179	0.0179	0.0042	0.0179	0.0179	0.0148	0.0149	0.0179	0.0179	0.0179	0.0179	0.0148	0.0179	0.0179	0.0179	0.0042	0.0179	0.0179	0.0179	0.0179	0.0179	0.0118	0.0179	0.0179	0.0179	0.0118	0.0179	0.0179	0.0179	0.0179	0.0222	0.0179	0.0179	0.0179	0.0179	0.0179	0.0179	0.0118	0.0179	0.0179	0.0222	0.0179	0.0179	0.0179	0.0042	0.0179	0.0179	0.0003	0.9531	0.9531	0.9531	0.9531	0.9531	0.9531	0.9531	0.9531	0.9531	0.9531	0.9531	0.9531	0.9531	0.9531	0.9531	0.9531	0.9531	0.9531	0.9531	0.9531	0.9531	0.9531	0.9531	0.9531	0.9531	0.9531	0.9531	0.9531	0.9531	0.9531	0.9531	0.9531	0.9531	0.9531	0.9531	0.9531	0.9531	0.9531	0.9531	0.9531	0.9531	0.9531	0.9531	0.9531	0.9531	0.9531	0.9531	0.9531	0.9531	0.9531	0.9531	0.9531	0.9531	0.9531	0.9531	0.9531	0.9531	0.9531	0.9531	0.9531	0.9531	0.9531	0.9531	0.9531	0.9531	0.9531	0.9531	0.9531	0.9531	0.9531	0.9531	0.9531	0.9531	0.9531	0.9531	0.9531	0.9531	0.9531	0.9531	0.9531	0.9531
56	0.0676	0.0676	0.0676	0.0676	0.0676	0.0323	0.0323	0.0323	0.0323	0.0323	0.0323	0.0323	0.0323	0.0323	0.0323	0.0323	0.0323	0.0323	0.0101	0.0101	0.0101	0.0101	0.0101	0.0101	0.0101	0.0101	0.0101	0.0101	0.0101	0.0101	0.0101	0.0101	0.0101	0.0087	0.0101	0.0101	0.0101	0.0101	0.0074	0.0101	0.0101	0.0101	0.0101	0.0101	0.0101	0.0101	0.0101	0.0101	0.0101	0.0032	0.0101	0.0101	0.0101	0.0032	0.0101	0.0101	0.0101	0.0023	0.0101	0.0101	0.0101	0.0101	0.0101	0.0101	0.0101	0.0101	0.0101	0.0101	0.0101	0.0101	0.0101	0.0101	0.0101	0.0032	0.0101	0.0101	0.0087	0.0032	0.0101	0.0101	0.0101	0.0101	0.0288	0.0101	0.0075	0.0075	0.0101	0.0101	0.0101	0.0101	0.0101	0.0101	0.0101	0.094	0.0101	0.0101	0.0101	0.0101	0.0101	0.0101	0.0101	0.0101	0.0101	0.0288	0.0101	0.0101	0.0101	0.0101	0.0101	0.0101	0.0101	0.0032	0.0101	0.0101	0.0101	0.0023	0.0101	0.0101	0.0101	0.0101	0.0101	0.0101	0.0101	0.0087	0.0074	0.0101	0.0101	0.0101	0.0101	0.0032	0.0101	0.0101	0.0101	0.0074	0.0101	0.0101	0.0101	0.0101	0.0101	0.0101	0.0101	0.0101	0.0101	0.0101	0.0032	0.0101	0.0101	0.0101	0.0101	0.0101	0.0101	0.0101	0.0101	0.0101	0.0288	0.0101	0.0101	0.0074	0.0101	0.0101	0.0101	0.0101	0.0101	0.0101	0.0101	0.0101	0.0101	0.0101	0.0101	0.0032	0.0032	0.0101	0.0288	0.0101	0.0101	0.0101	0.0032	0.0101	0.0101	0.0101	0.0101	0.0101	0.0101	0.0101	0.0101	0.0101	0.0074	0.0032	0.0101	0.0101	0.0101	0.0023	0.0032	0.0101	0.0101	0.0101	0.0101	0.0101	0.0101	0.0101	0.0101	0.0101	0.0101	0.0101	0.0101	0.0032	0.0101	0.0101	0.0101	0.0101	0.0101	0.0101	0.0101	0.0101	0.0101	0.0101	0.0101	0.0101	0.0101	0.0101	0.0101	0.0101	0.0101	0.0023	0.0101	0.0101	0.0101	0.0101	0.0101	0.0087	0.0101	0.0032	0.0074	0.0101	0.0032	0.0101	0.0101	0.0074	0.0032	0.0101	0.0101	0.0101	0.0101	0.0032	0.0023	0.0101	0.0101	0.0101	0.0101	0.0101	0.0023	0.0101	0.0032	0.0101	0.0101	0.0075	0.0101	0.0101	0.0101	0.0101	0.0101	0.0101	0.0032	0.0101	0.0101	0.0101	0.0101	0.0101	0.0101	0.0074	0.0023	0.0101	0.0101	0.0101	0.0101	0.0101	0.0023	0.0032	0.0101	0.0101	0.0101	0.0101	0.0101	0.0101	0.0101	0.0101	0.0101	0.0101	0.0101	0.0101	0.0101	0.0101	0.0101	0.0101	0.0032	0.0032	0.0101	0.0101	0.0101	0.0101	0.0101	0.0101	0.0101	0.0101	0.0032	0.0101	0.0101	0.0101	0.0032	0.0101	0.0101	0.0101	0.0101	0.0101	0.0101	0.0101	0.0101	0.0101	0.0101	0.0023	0.0101	0.0101	0.0101	0.0101	0.0101	0.0101	0.0101	0.0101	0.0101	0.0101	0.0101	0.0101	0.0101	0.0101	0.0101	0.0101	0.0101	0.0101	0.0101	0.0101	0.0101	0.0032	0.0074	0.0032	0.0023	0.0101	0.0101	0.0101	0.0023	0.0101	0.0032	0.0101	0.0101	0.0101	0.0101	0.0101	0.0087	0.0101	0.0101	0.0101	0.0101	0.0101	0.0101	0.0032	0.0101	0.0023	0.0101	0.0101	0.0075	0.0101	0.0101	0.0101	0.0032	0.0074	0.0101	0.0101	0.0074	0.0101	0.0101	0.0101	0.0101	0.0101	0.0101	0.0101	0.0023	0.0101	0.0101	0.0101	0.0101	0.0101	0.0288	0.0023	0.0101	0.0101	0.0023	0.0101	0.0101	0.0101	0.0101	0.0101	0.0032	0.0101	0.0032	0.0101	0.0032	0.0101	0.0101	0.0101	0.0101	0.0101	0.094	0.0101	0.0101	0.0101	0.0087	0.0101	0.0101	0.0101	0.0101	0.0101	0.0023	0.0032	0.0101	0.0101	0.0101	0.0101	0.0101	0.0101	0.0101	0.0101	0.0101	0.094	0.0101	0.0101	0.0101	0.0101	0.0101	0.0101	0.0101	0.0101	0.0023	0.0101	0.0101	0.0074	0.0288	0.0101	0.0032	0.0101	0.0101	0.0101	0.0032	0.0032	0.0101	0.0101	0.0101	0.0101	0.0101	0.0101	0.0101	0.0101	0.0101	0.0101	0.0101	0.0101	0.0101	0.0101	0.0101	0.0101	0.0101	0.0101	0.0101	0.0101	0.0101	0.0032	0.0101	0.0101	0.0087	0.0075	0.0101	0.0101	0.0101	0.0101	0.0087	0.0101	0.0101	0.0101	0.0032	0.0101	0.0101	0.0101	0.0101	0.0101	0.0074	0.0101	0.0101	0.0101	0.0074	0.0101	0.0101	0.0101	0.0101	0.0288	0.0101	0.0101	0.0101	0.0101	0.0101	0.0101	0.0074	0.0101	0.0101	0.0288	0.0101	0.0101	0.0101	0.0032	0.0101	0.0101	0.094	0.8407	0.8407	0.8407	0.8407	0.8407	0.8407	0.8407	0.8407	0.8407	0.8407	0.8407	0.8407	0.8407	0.8407	0.8407	0.8407	0.8407	0.8407	0.8407	0.8407	0.8407	0.8407	0.8407	0.8407	0.8407	0.8407	0.8407	0.8407	0.8407	0.8407	0.8407	0.8407	0.8407	0.8407	0.8407	0.8407	0.8407	0.8407	0.8407	0.8407	0.8407	0.8407	0.8407	0.8407	0.8407	0.8407	0.8407	0.8407	0.8407	0.8407	0.8407	0.8407	0.8407	0.8407	0.8407	0.8407	0.8407	0.8407	0.8407	0.8407	0.8407	0.8407	0.8407	0.8407	0.8407	0.8407	0.8407	0.8407	0.8407	0.8407	0.8407	0.8407	0.8407	0.8407	0.8407	0.8407	0.8407	0.8407	0.8407	0.8407	0.8407
57	0.0606	0.0606	0.0606	0.0606	0.0606	0.0277	0.0277	0.0277	0.0277	0.0277	0.0277	0.0277	0.0277	0.0277	0.0277	0.0277	0.0277	0.0277	0.871	0.871	0.871	0.871	0.871	0.871	0.871	0.871	0.871	0.871	0.871	0.871	0.871	0.871	0.871	0.8439	0.871	0.871	0.871	0.871	0.8908	0.871	0.871	0.871	0.871	0.871	0.871	0.871	0.871	0.871	0.871	0.8821	0.871	0.871	0.871	0.8821	0.871	0.871	0.871	0.8774	0.871	0.871	0.871	0.871	0.871	0.871	0.871	0.871	0.871	0.871	0.871	0.871	0.871	0.871	0.871	0.8821	0.871	0.871	0.8439	0.8821	0.871	0.871	0.871	0.871	0.8103	0.871	0.9025	0.9025	0.871	0.871	0.871	0.871	0.871	0.871	0.871	0.1799	0.871	0.871	0.871	0.871	0.871	0.871	0.871	0.871	0.871	0.8103	0.871	0.871	0.871	0.871	0.871	0.871	0.871	0.8821	0.871	0.871	0.871	0.8774	0.871	0.871	0.871	0.871	0.871	0.871	0.871	0.8439	0.8908	0.871	0.871	0.871	0.871	0.8821	0.871	0.871	0.871	0.8908	0.871	0.871	0.871	0.871	0.871	0.871	0.871	0.871	0.871	0.871	0.8821	0.871	0.871	0.871	0.871	0.871	0.871	0.871	0.871	0.871	0.8103	0.871	0.871	0.8908	0.871	0.871	0.871	0.871	0.871	0.871	0.871	0.871	0.871	0.871	0.871	0.8821	0.8821	0.871	0.8103	0.871	0.871	0.871	0.8821	0.871	0.871	0.871	0.871	0.871	0.871	0.871	0.871	0.871	0.8908	0.8821	0.871	0.871	0.871	0.8774	0.8821	0.871	0.871	0.871	0.871	0.871	0.871	0.871	0.871	0.871	0.871	0.871	0.871	0.8821	0.871	0.871	0.871	0.871	0.871	0.871	0.871	0.871	0.871	0.871	0.871	0.871	0.871	0.871	0.871	0.871	0.871	0.8774	0.871	0.871	0.871	0.871	0.871	0.8439	0.871	0.8821	0.8908	0.871	0.8821	0.871	0.871	0.8908	0.8821	0.871	0.871	0.871	0.871	0.8821	0.8774	0.871	0.871	0.871	0.871	0.871	0.8774	0.871	0.8821	0.871	0.871	0.9025	0.871	0.871	0.871	0.871	0.871	0.871	0.8821	0.871	0.871	0.871	0.871	0.871	0.871	0.8908	0.8774	0.871	0.871	0.871	0.871	0.871	0.8774	0.8821	0.871	0.871	0.871	0.871	0.871	0.871	0.871	0.871	0.871	0.871	0.871	0.871	0.871	0.871	0.871	0.871	0.8821	0.8821	0.871	0.871	0.871	0.871	0.871	0.871	0.871	0.871	0.8821	0.871	0.871	0.871	0.8821	0.871	0.871	0.871	0.871	0.871	0.871	0.871	0.871	0.871	0.871	0.8774	0.871	0.871	0.871	0.871	0.871	0.871	0.871	0.871	0.871	0.871	0.871	0.871	0.871	0.871	0.871	0.871	0.871	0.871	0.871	0.871	0.871	0.8821	0.8908	0.8821	0.8774	0.871	0.871	0.871	0.8774	0.871	0.8821	0.871	0.871	0.871	0.871	0.871	0.8439	0.871	0.871	0.871	0.871	0.871	0.871	0.8821	0.871	0.8774	0.871	0.871	0.9025	0.871	0.871	0.871	0.8821	0.8908	0.871	0.871	0.8908	0.871	0.871	0.871	0.871	0.871	0.871	0.871	0.8774	0.871	0.871	0.871	0.871	0.871	0.8103	0.8774	0.871	0.871	0.8774	0.871	0.871	0.871	0.871	0.871	0.8821	0.871	0.8821	0.871	0.8821	0.871	0.871	0.871	0.871	0.871	0.1799	0.871	0.871	0.871	0.8439	0.871	0.871	0.871	0.871	0.871	0.8774	0.8821	0.871	0.871	0.871	0.871	0.871	0.871	0.871	0.871	0.871	0.1799	0.871	0.871	0.871	0.871	0.871	0.871	0.871	0.871	0.8774	0.871	0.871	0.8908	0.8103	0.871	0.8821	0.871	0.871	0.871	0.8821	0.8821	0.871	0.871	0.871	0.871	0.871	0.871	0.871	0.871	0.871	0.871	0.871	0.871	0.871	0.871	0.871	0.871	0.871	0.871	0.871	0.871	0.871	0.8821	0.871	0.871	0.8439	0.9025	0.871	0.871	0.871	0.871	0.8439	0.871	0.871	0.871	0.8821	0.871	0.871	0.871	0.871	0.871	0.8908	0.871	0.871	0.871	0.8908	0.871	0.871	0.871	0.871	0.8103	0.871	0.871	0.871	0.871	0.871	0.871	0.8908	0.871	0.871	0.8103	0.871	0.871	0.871	0.8821	0.871	0.871	0.1799	0.9824	0.9824	0.9824	0.9824	0.9824	0.9824	0.9824	0.9824	0.9824	0.9824	0.9824	0.9824	0.9824	0.9824	0.9824	0.9824	0.9824	0.9824	0.9824	0.9824	0.9824	0.9824	0.9824	0.9824	0.9824	0.9824	0.9824	0.9824	0.9824	0.9824	0.9824	0.9824	0.9824	0.9824	0.9824	0.9824	0.9824	0.9824	0.9824	0.9824	0.9824	0.9824	0.9824	0.9824	0.9824	0.9824	0.9824	0.9824	0.9824	0.9824	0.9824	0.9824	0.9824	0.9824	0.9824	0.9824	0.9824	0.9824	0.9824	0.9824	0.9824	0.9824	0.9824	0.9824	0.9824	0.9824	0.9824	0.9824	0.9824	0.9824	0.9824	0.9824	0.9824	0.9824	0.9824	0.9824	0.9824	0.9824	0.9824	0.9824	0.9824
58	0.059	0.059	0.059	0.059	0.059	0.9161	0.9161	0.9161	0.9161	0.9161	0.9161	0.9161	0.9161	0.9161	0.9161	0.9161	0.9161	0.9161	0.0033	0.0033	0.0033	0.0033	0.0033	0.0033	0.0033	0.0033	0.0033	0.0033	0.0033	0.0033	0.0033	0.0033	0.0033	0.0017	0.0033	0.0033	0.0033	0.0033	0.0009	0.0033	0.0033	0.0033	0.0033	0.0033	0.0033	0.0033	0.0033	0.0033	0.0033	0.0001	0.0033	0.0033	0.0033	0.0001	0.0033	0.0033	0.0033	0.0009	0.0033	0.0033	0.0033	0.0033	0.0033	0.0033	0.0033	0.0033	0.0033	0.0033	0.0033	0.0033	0.0033	0.0033	0.0033	0.0001	0.0033	0.0033	0.0017	0.0001	0.0033	0.0033	0.0033	0.0033	0.0041	0.0033	0.0048	0.0048	0.0033	0.0033	0.0033	0.0033	0.0033	0.0033	0.0033	0.123	0.0033	0.0033	0.0033	0.0033	0.0033	0.0033	0.0033	0.0033	0.0033	0.0041	0.0033	0.0033	0.0033	0.0033	0.0033	0.0033	0.0033	0.0001	0.0033	0.0033	0.0033	0.0009	0.0033	0.0033	0.0033	0.0033	0.0033	0.0033	0.0033	0.0017	0.0009	0.0033	0.0033	0.0033	0.0033	0.0001	0.0033	0.0033	0.0033	0.0009	0.0033	0.0033	0.0033	0.0033	0.0033	0.0033	0.0033	0.0033	0.0033	0.0033	0.0001	0.0033	0.0033	0.0033	0.0033	0.0033	0.0033	0.0033	0.0033	0.0033	0.0041	0.0033	0.0033	0.0009	0.0033	0.0033	0.0033	0.0033	0.0033	0.0033	0.0033	0.0033	0.0033	0.0033	0.0033	0.0001	0.0001	0.0033	0.0041	0.0033	0.0033	0.0033	0.0001	0.0033	0.0033	0.0033	0.0033	0.0033	0.0033	0.0033	0.0033	0.0033	0.0009	0.0001	0.0033	0.0033	0.0033	0.0009	0.0001	0.0033	0.0033	0.0033	0.0033	0.0033	0.0033	0.0033	0.0033	0.0033	0.0033	0.0033	0.0033	0.0001	0.0033	0.0033	0.0033	0.0033	0.0033	0.0033	0.0033	0.0033	0.0033	0.0033	0.0033	0.0033	0.0033	0.0033	0.0033	0.0033	0.0033	0.0009	0.0033	0.0033	0.0033	0.0033	0.0033	0.0017	0.0033	0.0001	0.0009	0.0033	0.0001	0.0033	0.0033	0.0009	0.0001	0.0033	0.0033	0.0033	0.0033	0.0001	0.0009	0.0033	0.0033	0.0033	0.0033	0.0033	0.0009	0.0033	0.0001	0.0033	0.0033	0.0048	0.0033	0.0033	0.0033	0.0033	0.0033	0.0033	0.0001	0.0033	0.0033	0.0033	0.0033	0.0033	0.0033	0.0009	0.0009	0.0033	0.0033	0.0033	0.0033	0.0033	0.0009	0.0001	0.0033	0.0033	0.0033	0.0033	0.0033	0.0033	0.0033	0.0033	0.0033	0.0033	0.0033	0.0033	0.0033	0.0033	0.0033	0.0033	0.0001	0.0001	0.0033	0.0033	0.0033	0.0033	0.0033	0.0033	0.0033	0.0033	0.0001	0.0033	0.0033	0.0033	0.0001	0.0033	0.0033	0.0033	0.0033	0.0033	0.0033	0.0033	0.0033	0.0033	0.0033	0.0009	0.0033	0.0033	0.0033	0.0033	0.0033	0.0033	0.0033	0.0033	0.0033	0.0033	0.0033	0.0033	0.0033	0.0033	0.0033	0.0033	0.0033	0.0033	0.0033	0.0033	0.0033	0.0001	0.0009	0.0001	0.0009	0.0033	0.0033	0.0033	0.0009	0.0033	0.0001	0.0033	0.0033	0.0033	0.0033	0.0033	0.0017	0.0033	0.0033	0.0033	0.0033	0.0033	0.0033	0.0001	0.0033	0.0009	0.0033	0.0033	0.0048	0.0033	0.0033	0.0033	0.0001	0.0009	0.0033	0.0033	0.0009	0.0033	0.0033	0.0033	0.0033	0.0033	0.0033	0.0033	0.0009	0.0033	0.0033	0.0033	0.0033	0.0033	0.0041	0.0009	0.0033	0.0033	0.0009	0.0033	0.0033	0.0033	0.0033	0.0033	0.0001	0.0033	0.0001	0.0033	0.0001	0.0033	0.0033	0.0033	0.0033	0.0033	0.123	0.0033	0.0033	0.0033	0.0017	0.0033	0.0033	0.0033	0.0033	0.0033	0.0009	0.0001	0.0033	0.0033	0.0033	0.0033	0.0033	0.0033	0.0033	0.0033	0.0033	0.123	0.0033	0.0033	0.0033	0.0033	0.0033	0.0033	0.0033	0.0033	0.0009	0.0033	0.0033	0.0009	0.0041	0.0033	0.0001	0.0033	0.0033	0.0033	0.0001	0.0001	0.0033	0.0033	0.0033	0.0033	0.0033	0.0033	0.0033	0.0033	0.0033	0.0033	0.0033	0.0033	0.0033	0.0033	0.0033	0.0033	0.0033	0.0033	0.0033	0.0033	0.0033	0.0001	0.0033	0.0033	0.0017	0.0048	0.0033	0.0033	0.0033	0.0033	0.0017	0.0033	0.0033	0.0033	0.0001	0.0033	0.0033	0.0033	0.0033	0.0033	0.0009	0.0033	0.0033	0.0033	0.0009	0.0033	0.0033	0.0033	0.0033	0.0041	0.0033	0.0033	0.0033	0.0033	0.0033	0.0033	0.0009	0.0033	0.0033	0.0041	0.0033	0.0033	0.0033	0.0001	0.0033	0.0033	0.123	0.0184	0.0184	0.0184	0.0184	0.0184	0.0184	0.0184	0.0184	0.0184	0.0184	0.0184	0.0184	0.0184	0.0184	0.0184	0.0184	0.0184	0.0184	0.0184	0.0184	0.0184	0.0184	0.0184	0.0184	0.0184	0.0184	0.0184	0.0184	0.0184	0.0184	0.0184	0.0184	0.0184	0.0184	0.0184	0.0184	0.0184	0.0184	0.0184	0.0184	0.0184	0.0184	0.0184	0.0184	0.0184	0.0184	0.0184	0.0184	0.0184	0.0184	0.0184	0.0184	0.0184	0.0184	0.0184	0.0184	0.0184	0.0184	0.0184	0.0184	0.0184	0.0184	0.0184	0.0184	0.0184	0.0184	0.0184	0.0184	0.0184	0.0184	0.0184	0.0184	0.0184	0.0184	0.0184	0.0184	0.0184	0.0184	0.0184	0.0184	0.0184
59	0.8502	0.8502	0.8502	0.8502	0.8502	0.0313	0.0313	0.0313	0.0313	0.0313	0.0313	0.0313	0.0313	0.0313	0.0313	0.0313	0.0313	0.0313	0.9307	0.9307	0.9307	0.9307	0.9307	0.9307	0.9307	0.9307	0.9307	0.9307	0.9307	0.9307	0.9307	0.9307	0.9307	0.9472	0.9307	0.9307	0.9307	0.9307	0.9509	0.9307	0.9307	0.9307	0.9307	0.9307	0.9307	0.9307	0.9307	0.9307	0.9307	0.9392	0.9307	0.9307	0.9307	0.9392	0.9307	0.9307	0.9307	0.939	0.9307	0.9307	0.9307	0.9307	0.9307	0.9307	0.9307	0.9307	0.9307	0.9307	0.9307	0.9307	0.9307	0.9307	0.9307	0.9392	0.9307	0.9307	0.9472	0.9392	0.9307	0.9307	0.9307	0.9307	0.9234	0.9307	0.9423	0.9423	0.9307	0.9307	0.9307	0.9307	0.9307	0.9307	0.9307	0.2493	0.9307	0.9307	0.9307	0.9307	0.9307	0.9307	0.9307	0.9307	0.9307	0.9234	0.9307	0.9307	0.9307	0.9307	0.9307	0.9307	0.9307	0.9392	0.9307	0.9307	0.9307	0.939	0.9307	0.9307	0.9307	0.9307	0.9307	0.9307	0.9307	0.9472	0.9509	0.9307	0.9307	0.9307	0.9307	0.9392	0.9307	0.9307	0.9307	0.9509	0.9307	0.9307	0.9307	0.9307	0.9307	0.9307	0.9307	0.9307	0.9307	0.9307	0.9392	0.9307	0.9307	0.9307	0.9307	0.9307	0.9307	0.9307	0.9307	0.9307	0.9234	0.9307	0.9307	0.9509	0.9307	0.9307	0.9307	0.9307	0.9307	0.9307	0.9307	0.9307	0.9307	0.9307	0.9307	0.9392	0.9392	0.9307	0.9234	0.9307	0.9307	0.9307	0.9392	0.9307	0.9307	0.9307	0.9307	0.9307	0.9307	0.9307	0.9307	0.9307	0.9509	0.9392	0.9307	0.9307	0.9307	0.939	0.9392	0.9307	0.9307	0.9307	0.9307	0.9307	0.9307	0.9307	0.9307	0.9307	0.9307	0.9307	0.9307	0.9392	0.9307	0.9307	0.9307	0.9307	0.9307	0.9307	0.9307	0.9307	0.9307	0.9307	0.9307	0.9307	0.9307	0.9307	0.9307	0.9307	0.9307	0.939	0.9307	0.9307	0.9307	0.9307	0.9307	0.9472	0.9307	0.9392	0.9509	0.9307	0.9392	0.9307	0.9307	0.9509	0.9392	0.9307	0.9307	0.9307	0.9307	0.9392	0.939	0.9307	0.9307	0.9307	0.9307	0.9307	0.939	0.9307	0.9392	0.9307	0.9307	0.9423	0.9307	0.9307	0.9307	0.9307	0.9307	0.9307	0.9392	0.9307	0.9307	0.9307	0.9307	0.9307	0.9307	0.9509	0.939	0.9307	0.9307	0.9307	0.9307	0.9307	0.939	0.9392	0.9307	0.9307	0.9307	0.9307	0.9307	0.9307	0.9307	0.9307	0.9307	0.9307	0.9307	0.9307	0.9307	0.9307	0.9307	0.9307	0.9392	0.9392	0.9307	0.9307	0.9307	0.9307	0.9307	0.9307	0.9307	0.9307	0.9392	0.9307	0.9307	0.9307	0.9392	0.9307	0.9307	0.9307	0.9307	0.9307	0.9307	0.9307	0.9307	0.9307	0.9307	0.939	0.9307	0.9307	0.9307	0.9307	0.9307	0.9307	0.9307	0.9307	0.9307	0.9307	0.9307	0.9307	0.9307	0.9307	0.9307	0.9307	0.9307	0.9307	0.9307	0.9307	0.9307	0.9392	0.9509	0.9392	0.939	0.9307	0.9307	0.9307	0.939	0.9307	0.9392	0.9307	0.9307	0.9307	0.9307	0.9307	0.9472	0.9307	0.9307	0.9307	0.9307	0.9307	0.9307	0.9392	0.9307	0.939	0.9307	0.9307	0.9423	0.9307	0.9307	0.9307	0.9392	0.9509	0.9307	0.9307	0.9509	0.9307	0.9307	0.9307	0.9307	0.9307	0.9307	0.9307	0.939	0.9307	0.9307	0.9307	0.9307	0.9307	0.9234	0.939	0.9307	0.9307	0.939	0.9307	0.9307	0.9307	0.9307	0.9307	0.9392	0.9307	0.9392	0.9307	0.9392	0.9307	0.9307	0.9307	0.9307	0.9307	0.2493	0.9307	0.9307	0.9307	0.9472	0.9307	0.9307	0.9307	0.9307	0.9307	0.939	0.9392	0.9307	0.9307	0.9307	0.9307	0.9307	0.9307	0.9307	0.9307	0.9307	0.2493	0.9307	0.9307	0.9307	0.9307	0.9307	0.9307	0.9307	0.9307	0.939	0.9307	0.9307	0.9509	0.9234	0.9307	0.9392	0.9307	0.9307	0.9307	0.9392	0.9392	0.9307	0.9307	0.9307	0.9307	0.9307	0.9307	0.9307	0.9307	0.9307	0.9307	0.9307	0.9307	0.9307	0.9307	0.9307	0.9307	0.9307	0.9307	0.9307	0.9307	0.9307	0.9392	0.9307	0.9307	0.9472	0.9423	0.9307	0.9307	0.9307	0.9307	0.9472	0.9307	0.9307	0.9307	0.9392	0.9307	0.9307	0.9307	0.9307	0.9307	0.9509	0.9307	0.9307	0.9307	0.9509	0.9307	0.9307	0.9307	0.9307	0.9234	0.9307	0.9307	0.9307	0.9307	0.9307	0.9307	0.9509	0.9307	0.9307	0.9234	0.9307	0.9307	0.9307	0.9392	0.9307	0.9307	0.2493	0.8946	0.8946	0.8946	0.8946	0.8946	0.8946	0.8946	0.8946	0.8946	0.8946	0.8946	0.8946	0.8946	0.8946	0.8946	0.8946	0.8946	0.8946	0.8946	0.8946	0.8946	0.8946	0.8946	0.8946	0.8946	0.8946	0.8946	0.8946	0.8946	0.8946	0.8946	0.8946	0.8946	0.8946	0.8946	0.8946	0.8946	0.8946	0.8946	0.8946	0.8946	0.8946	0.8946	0.8946	0.8946	0.8946	0.8946	0.8946	0.8946	0.8946	0.8946	0.8946	0.8946	0.8946	0.8946	0.8946	0.8946	0.8946	0.8946	0.8946	0.8946	0.8946	0.8946	0.8946	0.8946	0.8946	0.8946	0.8946	0.8946	0.8946	0.8946	0.8946	0.8946	0.8946	0.8946	0.8946	0.8946	0.8946	0.8946	0.8946	0.8946
60	0.0663	0.0663	0.0663	0.0663	0.0663	0.0194	0.0194	0.0194	0.0194	0.0194	0.0194	0.0194	0.0194	0.0194	0.0194	0.0194	0.0194	0.0194	0.9131	0.9131	0.9131	0.9131	0.9131	0.9131	0.9131	0.9131	0.9131	0.9131	0.9131	0.9131	0.9131	0.9131	0.9131	0.9072	0.9131	0.9131	0.9131	0.9131	0.9033	0.9131	0.9131	0.9131	0.9131	0.9131	0.9131	0.9131	0.9131	0.9131	0.9131	0.9067	0.9131	0.9131	0.9131	0.9067	0.9131	0.9131	0.9131	0.9356	0.9131	0.9131	0.9131	0.9131	0.9131	0.9131	0.9131	0.9131	0.9131	0.9131	0.9131	0.9131	0.9131	0.9131	0.9131	0.9067	0.9131	0.9131	0.9072	0.9067	0.9131	0.9131	0.9131	0.9131	0.9474	0.9131	0.9092	0.9092	0.9131	0.9131	0.9131	0.9131	0.9131	0.9131	0.9131	0.9487	0.9131	0.9131	0.9131	0.9131	0.9131	0.9131	0.9131	0.9131	0.9131	0.9474	0.9131	0.9131	0.9131	0.9131	0.9131	0.9131	0.9131	0.9067	0.9131	0.9131	0.9131	0.9356	0.9131	0.9131	0.9131	0.9131	0.9131	0.9131	0.9131	0.9072	0.9033	0.9131	0.9131	0.9131	0.9131	0.9067	0.9131	0.9131	0.9131	0.9033	0.9131	0.9131	0.9131	0.9131	0.9131	0.9131	0.9131	0.9131	0.9131	0.9131	0.9067	0.9131	0.9131	0.9131	0.9131	0.9131	0.9131	0.9131	0.9131	0.9131	0.9474	0.9131	0.9131	0.9033	0.9131	0.9131	0.9131	0.9131	0.9131	0.9131	0.9131	0.9131	0.9131	0.9131	0.9131	0.9067	0.9067	0.9131	0.9474	0.9131	0.9131	0.9131	0.9067	0.9131	0.9131	0.9131	0.9131	0.9131	0.9131	0.9131	0.9131	0.9131	0.9033	0.9067	0.9131	0.9131	0.9131	0.9356	0.9067	0.9131	0.9131	0.9131	0.9131	0.9131	0.9131	0.9131	0.9131	0.9131	0.9131	0.9131	0.9131	0.9067	0.9131	0.9131	0.9131	0.9131	0.9131	0.9131	0.9131	0.9131	0.9131	0.9131	0.9131	0.9131	0.9131	0.9131	0.9131	0.9131	0.9131	0.9356	0.9131	0.9131	0.9131	0.9131	0.9131	0.9072	0.9131	0.9067	0.9033	0.9131	0.9067	0.9131	0.9131	0.9033	0.9067	0.9131	0.9131	0.9131	0.9131	0.9067	0.9356	0.9131	0.9131	0.9131	0.9131	0.9131	0.9356	0.9131	0.9067	0.9131	0.9131	0.9092	0.9131	0.9131	0.9131	0.9131	0.9131	0.9131	0.9067	0.9131	0.9131	0.9131	0.9131	0.9131	0.9131	0.9033	0.9356	0.9131	0.9131	0.9131	0.9131	0.9131	0.9356	0.9067	0.9131	0.9131	0.9131	0.9131	0.9131	0.9131	0.9131	0.9131	0.9131	0.9131	0.9131	0.9131	0.9131	0.9131	0.9131	0.9131	0.9067	0.9067	0.9131	0.9131	0.9131	0.9131	0.9131	0.9131	0.9131	0.9131	0.9067	0.9131	0.9131	0.9131	0.9067	0.9131	0.9131	0.9131	0.9131	0.9131	0.9131	0.9131	0.9131	0.9131	0.9131	0.9356	0.9131	0.9131	0.9131	0.9131	0.9131	0.9131	0.9131	0.9131	0.9131	0.9131	0.9131	0.9131	0.9131	0.9131	0.9131	0.9131	0.9131	0.9131	0.9131	0.9131	0.9131	0.9067	0.9033	0.9067	0.9356	0.9131	0.9131	0.9131	0.9356	0.9131	0.9067	0.9131	0.9131	0.9131	0.9131	0.9131	0.9072	0.9131	0.9131	0.9131	0.9131	0.9131	0.9131	0.9067	0.9131	0.9356	0.9131	0.9131	0.9092	0.9131	0.9131	0.9131	0.9067	0.9033	0.9131	0.9131	0.9033	0.9131	0.9131	0.9131	0.9131	0.9131	0.9131	0.9131	0.9356	0.9131	0.9131	0.9131	0.9131	0.9131	0.9474	0.9356	0.9131	0.9131	0.9356	0.9131	0.9131	0.9131	0.9131	0.9131	0.9067	0.9131	0.9067	0.9131	0.9067	0.9131	0.9131	0.9131	0.9131	0.9131	0.9487	0.9131	0.9131	0.9131	0.9072	0.9131	0.9131	0.9131	0.9131	0.9131	0.9356	0.9067	0.9131	0.9131	0.9131	0.9131	0.9131	0.9131	0.9131	0.9131	0.9131	0.9487	0.9131	0.9131	0.9131	0.9131	0.9131	0.9131	0.9131	0.9131	0.9356	0.9131	0.9131	0.9033	0.9474	0.9131	0.9067	0.9131	0.9131	0.9131	0.9067	0.9067	0.9131	0.9131	0.9131	0.9131	0.9131	0.9131	0.9131	0.9131	0.9131	0.9131	0.9131	0.9131	0.9131	0.9131	0.9131	0.9131	0.9131	0.9131	0.9131	0.9131	0.9131	0.9067	0.9131	0.9131	0.9072	0.9092	0.9131	0.9131	0.9131	0.9131	0.9072	0.9131	0.9131	0.9131	0.9067	0.9131	0.9131	0.9131	0.9131	0.9131	0.9033	0.9131	0.9131	0.9131	0.9033	0.9131	0.9131	0.9131	0.9131	0.9474	0.9131	0.9131	0.9131	0.9131	0.9131	0.9131	0.9033	0.9131	0.9131	0.9474	0.9131	0.9131	0.9131	0.9067	0.9131	0.9131	0.9487	0.9725	0.9725	0.9725	0.9725	0.9725	0.9725	0.9725	0.9725	0.9725	0.9725	0.9725	0.9725	0.9725	0.9725	0.9725	0.9725	0.9725	0.9725	0.9725	0.9725	0.9725	0.9725	0.9725	0.9725	0.9725	0.9725	0.9725	0.9725	0.9725	0.9725	0.9725	0.9725	0.9725	0.9725	0.9725	0.9725	0.9725	0.9725	0.9725	0.9725	0.9725	0.9725	0.9725	0.9725	0.9725	0.9725	0.9725	0.9725	0.9725	0.9725	0.9725	0.9725	0.9725	0.9725	0.9725	0.9725	0.9725	0.9725	0.9725	0.9725	0.9725	0.9725	0.9725	0.9725	0.9725	0.9725	0.9725	0.9725	0.9725	0.9725	0.9725	0.9725	0.9725	0.9725	0.9725	0.9725	0.9725	0.9725	0.9725	0.9725	0.9725
61	0.7298	0.7298	0.7298	0.7298	0.7298	0.1496	0.1496	0.1496	0.1496	0.1496	0.1496	0.1496	0.1496	0.1496	0.1496	0.1496	0.1496	0.1496	0.9222	0.9222	0.9222	0.9222	0.9222	0.9222	0.9222	0.9222	0.9222	0.9222	0.9222	0.9222	0.9222	0.9222	0.9222	0.9285	0.9222	0.9222	0.9222	0.9222	0.9381	0.9222	0.9222	0.9222	0.9222	0.9222	0.9222	0.9222	0.9222	0.9222	0.9222	0.975	0.9222	0.9222	0.9222	0.975	0.9222	0.9222	0.9222	0.9359	0.9222	0.9222	0.9222	0.9222	0.9222	0.9222	0.9222	0.9222	0.9222	0.9222	0.9222	0.9222	0.9222	0.9222	0.9222	0.975	0.9222	0.9222	0.9285	0.975	0.9222	0.9222	0.9222	0.9222	0.9475	0.9222	0.9065	0.9065	0.9222	0.9222	0.9222	0.9222	0.9222	0.9222	0.9222	0.9894	0.9222	0.9222	0.9222	0.9222	0.9222	0.9222	0.9222	0.9222	0.9222	0.9475	0.9222	0.9222	0.9222	0.9222	0.9222	0.9222	0.9222	0.975	0.9222	0.9222	0.9222	0.9359	0.9222	0.9222	0.9222	0.9222	0.9222	0.9222	0.9222	0.9285	0.9381	0.9222	0.9222	0.9222	0.9222	0.975	0.9222	0.9222	0.9222	0.9381	0.9222	0.9222	0.9222	0.9222	0.9222	0.9222	0.9222	0.9222	0.9222	0.9222	0.975	0.9222	0.9222	0.9222	0.9222	0.9222	0.9222	0.9222	0.9222	0.9222	0.9475	0.9222	0.9222	0.9381	0.9222	0.9222	0.9222	0.9222	0.9222	0.9222	0.9222	0.9222	0.9222	0.9222	0.9222	0.975	0.975	0.9222	0.9475	0.9222	0.9222	0.9222	0.975	0.9222	0.9222	0.9222	0.9222	0.9222	0.9222	0.9222	0.9222	0.9222	0.9381	0.975	0.9222	0.9222	0.9222	0.9359	0.975	0.9222	0.9222	0.9222	0.9222	0.9222	0.9222	0.9222	0.9222	0.9222	0.9222	0.9222	0.9222	0.975	0.9222	0.9222	0.9222	0.9222	0.9222	0.9222	0.9222	0.9222	0.9222	0.9222	0.9222	0.9222	0.9222	0.9222	0.9222	0.9222	0.9222	0.9359	0.9222	0.9222	0.9222	0.9222	0.9222	0.9285	0.9222	0.975	0.9381	0.9222	0.975	0.9222	0.9222	0.9381	0.975	0.9222	0.9222	0.9222	0.9222	0.975	0.9359	0.9222	0.9222	0.9222	0.9222	0.9222	0.9359	0.9222	0.975	0.9222	0.9222	0.9065	0.9222	0.9222	0.9222	0.9222	0.9222	0.9222	0.975	0.9222	0.9222	0.9222	0.9222	0.9222	0.9222	0.9381	0.9359	0.9222	0.9222	0.9222	0.9222	0.9222	0.9359	0.975	0.9222	0.9222	0.9222	0.9222	0.9222	0.9222	0.9222	0.9222	0.9222	0.9222	0.9222	0.9222	0.9222	0.9222	0.9222	0.9222	0.975	0.975	0.9222	0.9222	0.9222	0.9222	0.9222	0.9222	0.9222	0.9222	0.975	0.9222	0.9222	0.9222	0.975	0.9222	0.9222	0.9222	0.9222	0.9222	0.9222	0.9222	0.9222	0.9222	0.9222	0.9359	0.9222	0.9222	0.9222	0.9222	0.9222	0.9222	0.9222	0.9222	0.9222	0.9222	0.9222	0.9222	0.9222	0.9222	0.9222	0.9222	0.9222	0.9222	0.9222	0.9222	0.9222	0.975	0.9381	0.975	0.9359	0.9222	0.9222	0.9222	0.9359	0.9222	0.975	0.9222	0.9222	0.9222	0.9222	0.9222	0.9285	0.9222	0.9222	0.9222	0.9222	0.9222	0.9222	0.975	0.9222	0.9359	0.9222	0.9222	0.9065	0.9222	0.9222	0.9222	0.975	0.9381	0.9222	0.9222	0.9381	0.9222	0.9222	0.9222	0.9222	0.9222	0.9222	0.9222	0.9359	0.9222	0.9222	0.9222	0.9222	0.9222	0.9475	0.9359	0.9222	0.9222	0.9359	0.9222	0.9222	0.9222	0.9222	0.9222	0.975	0.9222	0.975	0.9222	0.975	0.9222	0.9222	0.9222	0.9222	0.9222	0.9894	0.9222	0.9222	0.9222	0.9285	0.9222	0.9222	0.9222	0.9222	0.9222	0.9359	0.975	0.9222	0.9222	0.9222	0.9222	0.9222	0.9222	0.9222	0.9222	0.9222	0.9894	0.9222	0.9222	0.9222	0.9222	0.9222	0.9222	0.9222	0.9222	0.9359	0.9222	0.9222	0.9381	0.9475	0.9222	0.975	0.9222	0.9222	0.9222	0.975	0.975	0.9222	0.9222	0.9222	0.9222	0.9222	0.9222	0.9222	0.9222	0.9222	0.9222	0.9222	0.9222	0.9222	0.9222	0.9222	0.9222	0.9222	0.9222	0.9222	0.9222	0.9222	0.975	0.9222	0.9222	0.9285	0.9065	0.9222	0.9222	0.9222	0.9222	0.9285	0.9222	0.9222	0.9222	0.975	0.9222	0.9222	0.9222	0.9222	0.9222	0.9381	0.9222	0.9222	0.9222	0.9381	0.9222	0.9222	0.9222	0.9222	0.9475	0.9222	0.9222	0.9222	0.9222	0.9222	0.9222	0.9381	0.9222	0.9222	0.9475	0.9222	0.9222	0.9222	0.975	0.9222	0.9222	0.9894	0.008	0.008	0.008	0.008	0.008	0.008	0.008	0.008	0.008	0.008	0.008	0.008	0.008	0.008	0.008	0.008	0.008	0.008	0.008	0.008	0.008	0.008	0.008	0.008	0.008	0.008	0.008	0.008	0.008	0.008	0.008	0.008	0.008	0.008	0.008	0.008	0.008	0.008	0.008	0.008	0.008	0.008	0.008	0.008	0.008	0.008	0.008	0.008	0.008	0.008	0.008	0.008	0.008	0.008	0.008	0.008	0.008	0.008	0.008	0.008	0.008	0.008	0.008	0.008	0.008	0.008	0.008	0.008	0.008	0.008	0.008	0.008	0.008	0.008	0.008	0.008	0.008	0.008	0.008	0.008	0.008
62	0.023	0.023	0.023	0.023	0.023	0.1006	0.1006	0.1006	0.1006	0.1006	0.1006	0.1006	0.1006	0.1006	0.1006	0.1006	0.1006	0.1006	0.8991	0.8991	0.8991	0.8991	0.8991	0.8991	0.8991	0.8991	0.8991	0.8991	0.8991	0.8991	0.8991	0.8991	0.8991	0.9175	0.8991	0.8991	0.8991	0.8991	0.9326	0.8991	0.8991	0.8991	0.8991	0.8991	0.8991	0.8991	0.8991	0.8991	0.8991	0.9464	0.8991	0.8991	0.8991	0.9464	0.8991	0.8991	0.8991	0.9237	0.8991	0.8991	0.8991	0.8991	0.8991	0.8991	0.8991	0.8991	0.8991	0.8991	0.8991	0.8991	0.8991	0.8991	0.8991	0.9464	0.8991	0.8991	0.9175	0.9464	0.8991	0.8991	0.8991	0.8991	0.8844	0.8991	0.9331	0.9331	0.8991	0.8991	0.8991	0.8991	0.8991	0.8991	0.8991	0.9715	0.8991	0.8991	0.8991	0.8991	0.8991	0.8991	0.8991	0.8991	0.8991	0.8844	0.8991	0.8991	0.8991	0.8991	0.8991	0.8991	0.8991	0.9464	0.8991	0.8991	0.8991	0.9237	0.8991	0.8991	0.8991	0.8991	0.8991	0.8991	0.8991	0.9175	0.9326	0.8991	0.8991	0.8991	0.8991	0.9464	0.8991	0.8991	0.8991	0.9326	0.8991	0.8991	0.8991	0.8991	0.8991	0.8991	0.8991	0.8991	0.8991	0.8991	0.9464	0.8991	0.8991	0.8991	0.8991	0.8991	0.8991	0.8991	0.8991	0.8991	0.8844	0.8991	0.8991	0.9326	0.8991	0.8991	0.8991	0.8991	0.8991	0.8991	0.8991	0.8991	0.8991	0.8991	0.8991	0.9464	0.9464	0.8991	0.8844	0.8991	0.8991	0.8991	0.9464	0.8991	0.8991	0.8991	0.8991	0.8991	0.8991	0.8991	0.8991	0.8991	0.9326	0.9464	0.8991	0.8991	0.8991	0.9237	0.9464	0.8991	0.8991	0.8991	0.8991	0.8991	0.8991	0.8991	0.8991	0.8991	0.8991	0.8991	0.8991	0.9464	0.8991	0.8991	0.8991	0.8991	0.8991	0.8991	0.8991	0.8991	0.8991	0.8991	0.8991	0.8991	0.8991	0.8991	0.8991	0.8991	0.8991	0.9237	0.8991	0.8991	0.8991	0.8991	0.8991	0.9175	0.8991	0.9464	0.9326	0.8991	0.9464	0.8991	0.8991	0.9326	0.9464	0.8991	0.8991	0.8991	0.8991	0.9464	0.9237	0.8991	0.8991	0.8991	0.8991	0.8991	0.9237	0.8991	0.9464	0.8991	0.8991	0.9331	0.8991	0.8991	0.8991	0.8991	0.8991	0.8991	0.9464	0.8991	0.8991	0.8991	0.8991	0.8991	0.8991	0.9326	0.9237	0.8991	0.8991	0.8991	0.8991	0.8991	0.9237	0.9464	0.8991	0.8991	0.8991	0.8991	0.8991	0.8991	0.8991	0.8991	0.8991	0.8991	0.8991	0.8991	0.8991	0.8991	0.8991	0.8991	0.9464	0.9464	0.8991	0.8991	0.8991	0.8991	0.8991	0.8991	0.8991	0.8991	0.9464	0.8991	0.8991	0.8991	0.9464	0.8991	0.8991	0.8991	0.8991	0.8991	0.8991	0.8991	0.8991	0.8991	0.8991	0.9237	0.8991	0.8991	0.8991	0.8991	0.8991	0.8991	0.8991	0.8991	0.8991	0.8991	0.8991	0.8991	0.8991	0.8991	0.8991	0.8991	0.8991	0.8991	0.8991	0.8991	0.8991	0.9464	0.9326	0.9464	0.9237	0.8991	0.8991	0.8991	0.9237	0.8991	0.9464	0.8991	0.8991	0.8991	0.8991	0.8991	0.9175	0.8991	0.8991	0.8991	0.8991	0.8991	0.8991	0.9464	0.8991	0.9237	0.8991	0.8991	0.9331	0.8991	0.8991	0.8991	0.9464	0.9326	0.8991	0.8991	0.9326	0.8991	0.8991	0.8991	0.8991	0.8991	0.8991	0.8991	0.9237	0.8991	0.8991	0.8991	0.8991	0.8991	0.8844	0.9237	0.8991	0.8991	0.9237	0.8991	0.8991	0.8991	0.8991	0.8991	0.9464	0.8991	0.9464	0.8991	0.9464	0.8991	0.8991	0.8991	0.8991	0.8991	0.9715	0.8991	0.8991	0.8991	0.9175	0.8991	0.8991	0.8991	0.8991	0.8991	0.9237	0.9464	0.8991	0.8991	0.8991	0.8991	0.8991	0.8991	0.8991	0.8991	0.8991	0.9715	0.8991	0.8991	0.8991	0.8991	0.8991	0.8991	0.8991	0.8991	0.9237	0.8991	0.8991	0.9326	0.8844	0.8991	0.9464	0.8991	0.8991	0.8991	0.9464	0.9464	0.8991	0.8991	0.8991	0.8991	0.8991	0.8991	0.8991	0.8991	0.8991	0.8991	0.8991	0.8991	0.8991	0.8991	0.8991	0.8991	0.8991	0.8991	0.8991	0.8991	0.8991	0.9464	0.8991	0.8991	0.9175	0.9331	0.8991	0.8991	0.8991	0.8991	0.9175	0.8991	0.8991	0.8991	0.9464	0.8991	0.8991	0.8991	0.8991	0.8991	0.9326	0.8991	0.8991	0.8991	0.9326	0.8991	0.8991	0.8991	0.8991	0.8844	0.8991	0.8991	0.8991	0.8991	0.8991	0.8991	0.9326	0.8991	0.8991	0.8844	0.8991	0.8991	0.8991	0.9464	0.8991	0.8991	0.9715	0.9379	0.9379	0.9379	0.9379	0.9379	0.9379	0.9379	0.9379	0.9379	0.9379	0.9379	0.9379	0.9379	0.9379	0.9379	0.9379	0.9379	0.9379	0.9379	0.9379	0.9379	0.9379	0.9379	0.9379	0.9379	0.9379	0.9379	0.9379	0.9379	0.9379	0.9379	0.9379	0.9379	0.9379	0.9379	0.9379	0.9379	0.9379	0.9379	0.9379	0.9379	0.9379	0.9379	0.9379	0.9379	0.9379	0.9379	0.9379	0.9379	0.9379	0.9379	0.9379	0.9379	0.9379	0.9379	0.9379	0.9379	0.9379	0.9379	0.9379	0.9379	0.9379	0.9379	0.9379	0.9379	0.9379	0.9379	0.9379	0.9379	0.9379	0.9379	0.9379	0.9379	0.9379	0.9379	0.9379	0.9379	0.9379	0.9379	0.9379	0.9379
63	0.8173	0.8173	0.8173	0.8173	0.8173	0.9365	0.9365	0.9365	0.9365	0.9365	0.9365	0.9365	0.9365	0.9365	0.9365	0.9365	0.9365	0.9365	0.0126	0.0126	0.0126	0.0126	0.0126	0.0126	0.0126	0.0126	0.0126	0.0126	0.0126	0.0126	0.0126	0.0126	0.0126	0.0142	0.0126	0.0126	0.0126	0.0126	0.0088	0.0126	0.0126	0.0126	0.0126	0.0126	0.0126	0.0126	0.0126	0.0126	0.0126	0.0139	0.0126	0.0126	0.0126	0.0139	0.0126	0.0126	0.0126	0.0091	0.0126	0.0126	0.0126	0.0126	0.0126	0.0126	0.0126	0.0126	0.0126	0.0126	0.0126	0.0126	0.0126	0.0126	0.0126	0.0139	0.0126	0.0126	0.0142	0.0139	0.0126	0.0126	0.0126	0.0126	0.0145	0.0126	0.0084	0.0084	0.0126	0.0126	0.0126	0.0126	0.0126	0.0126	0.0126	0.0003	0.0126	0.0126	0.0126	0.0126	0.0126	0.0126	0.0126	0.0126	0.0126	0.0145	0.0126	0.0126	0.0126	0.0126	0.0126	0.0126	0.0126	0.0139	0.0126	0.0126	0.0126	0.0091	0.0126	0.0126	0.0126	0.0126	0.0126	0.0126	0.0126	0.0142	0.0088	0.0126	0.0126	0.0126	0.0126	0.0139	0.0126	0.0126	0.0126	0.0088	0.0126	0.0126	0.0126	0.0126	0.0126	0.0126	0.0126	0.0126	0.0126	0.0126	0.0139	0.0126	0.0126	0.0126	0.0126	0.0126	0.0126	0.0126	0.0126	0.0126	0.0145	0.0126	0.0126	0.0088	0.0126	0.0126	0.0126	0.0126	0.0126	0.0126	0.0126	0.0126	0.0126	0.0126	0.0126	0.0139	0.0139	0.0126	0.0145	0.0126	0.0126	0.0126	0.0139	0.0126	0.0126	0.0126	0.0126	0.0126	0.0126	0.0126	0.0126	0.0126	0.0088	0.0139	0.0126	0.0126	0.0126	0.0091	0.0139	0.0126	0.0126	0.0126	0.0126	0.0126	0.0126	0.0126	0.0126	0.0126	0.0126	0.0126	0.0126	0.0139	0.0126	0.0126	0.0126	0.0126	0.0126	0.0126	0.0126	0.0126	0.0126	0.0126	0.0126	0.0126	0.0126	0.0126	0.0126	0.0126	0.0126	0.0091	0.0126	0.0126	0.0126	0.0126	0.0126	0.0142	0.0126	0.0139	0.0088	0.0126	0.0139	0.0126	0.0126	0.0088	0.0139	0.0126	0.0126	0.0126	0.0126	0.0139	0.0091	0.0126	0.0126	0.0126	0.0126	0.0126	0.0091	0.0126	0.0139	0.0126	0.0126	0.0084	0.0126	0.0126	0.0126	0.0126	0.0126	0.0126	0.0139	0.0126	0.0126	0.0126	0.0126	0.0126	0.0126	0.0088	0.0091	0.0126	0.0126	0.0126	0.0126	0.0126	0.0091	0.0139	0.0126	0.0126	0.0126	0.0126	0.0126	0.0126	0.0126	0.0126	0.0126	0.0126	0.0126	0.0126	0.0126	0.0126	0.0126	0.0126	0.0139	0.0139	0.0126	0.0126	0.0126	0.0126	0.0126	0.0126	0.0126	0.0126	0.0139	0.0126	0.0126	0.0126	0.0139	0.0126	0.0126	0.0126	0.0126	0.0126	0.0126	0.0126	0.0126	0.0126	0.0126	0.0091	0.0126	0.0126	0.0126	0.0126	0.0126	0.0126	0.0126	0.0126	0.0126	0.0126	0.0126	0.0126	0.0126	0.0126	0.0126	0.0126	0.0126	0.0126	0.0126	0.0126	0.0126	0.0139	0.0088	0.0139	0.0091	0.0126	0.0126	0.0126	0.0091	0.0126	0.0139	0.0126	0.0126	0.0126	0.0126	0.0126	0.0142	0.0126	0.0126	0.0126	0.0126	0.0126	0.0126	0.0139	0.0126	0.0091	0.0126	0.0126	0.0084	0.0126	0.0126	0.0126	0.0139	0.0088	0.0126	0.0126	0.0088	0.0126	0.0126	0.0126	0.0126	0.0126	0.0126	0.0126	0.0091	0.0126	0.0126	0.0126	0.0126	0.0126	0.0145	0.0091	0.0126	0.0126	0.0091	0.0126	0.0126	0.0126	0.0126	0.0126	0.0139	0.0126	0.0139	0.0126	0.0139	0.0126	0.0126	0.0126	0.0126	0.0126	0.0003	0.0126	0.0126	0.0126	0.0142	0.0126	0.0126	0.0126	0.0126	0.0126	0.0091	0.0139	0.0126	0.0126	0.0126	0.0126	0.0126	0.0126	0.0126	0.0126	0.0126	0.0003	0.0126	0.0126	0.0126	0.0126	0.0126	0.0126	0.0126	0.0126	0.0091	0.0126	0.0126	0.0088	0.0145	0.0126	0.0139	0.0126	0.0126	0.0126	0.0139	0.0139	0.0126	0.0126	0.0126	0.0126	0.0126	0.0126	0.0126	0.0126	0.0126	0.0126	0.0126	0.0126	0.0126	0.0126	0.0126	0.0126	0.0126	0.0126	0.0126	0.0126	0.0126	0.0139	0.0126	0.0126	0.0142	0.0084	0.0126	0.0126	0.0126	0.0126	0.0142	0.0126	0.0126	0.0126	0.0139	0.0126	0.0126	0.0126	0.0126	0.0126	0.0088	0.0126	0.0126	0.0126	0.0088	0.0126	0.0126	0.0126	0.0126	0.0145	0.0126	0.0126	0.0126	0.0126	0.0126	0.0126	0.0088	0.0126	0.0126	0.0145	0.0126	0.0126	0.0126	0.0139	0.0126	0.0126	0.0003	0.0046	0.0046	0.0046	0.0046	0.0046	0.0046	0.0046	0.0046	0.0046	0.0046	0.0046	0.0046	0.0046	0.0046	0.0046	0.0046	0.0046	0.0046	0.0046	0.0046	0.0046	0.0046	0.0046	0.0046	0.0046	0.0046	0.0046	0.0046	0.0046	0.0046	0.0046	0.0046	0.0046	0.0046	0.0046	0.0046	0.0046	0.0046	0.0046	0.0046	0.0046	0.0046	0.0046	0.0046	0.0046	0.0046	0.0046	0.0046	0.0046	0.0046	0.0046	0.0046	0.0046	0.0046	0.0046	0.0046	0.0046	0.0046	0.0046	0.0046	0.0046	0.0046	0.0046	0.0046	0.0046	0.0046	0.0046	0.0046	0.0046	0.0046	0.0046	0.0046	0.0046	0.0046	0.0046	0.0046	0.0046	0.0046	0.0046	0.0046	0.0046
64	0.0964	0.0964	0.0964	0.0964	0.0964	0.9775	0.9775	0.9775	0.9775	0.9775	0.9775	0.9775	0.9775	0.9775	0.9775	0.9775	0.9775	0.9775	0.9215	0.9215	0.9215	0.9215	0.9215	0.9215	0.9215	0.9215	0.9215	0.9215	0.9215	0.9215	0.9215	0.9215	0.9215	0.9202	0.9215	0.9215	0.9215	0.9215	0.9356	0.9215	0.9215	0.9215	0.9215	0.9215	0.9215	0.9215	0.9215	0.9215	0.9215	0.9361	0.9215	0.9215	0.9215	0.9361	0.9215	0.9215	0.9215	0.9223	0.9215	0.9215	0.9215	0.9215	0.9215	0.9215	0.9215	0.9215	0.9215	0.9215	0.9215	0.9215	0.9215	0.9215	0.9215	0.9361	0.9215	0.9215	0.9202	0.9361	0.9215	0.9215	0.9215	0.9215	0.9255	0.9215	0.8997	0.8997	0.9215	0.9215	0.9215	0.9215	0.9215	0.9215	0.9215	0.9675	0.9215	0.9215	0.9215	0.9215	0.9215	0.9215	0.9215	0.9215	0.9215	0.9255	0.9215	0.9215	0.9215	0.9215	0.9215	0.9215	0.9215	0.9361	0.9215	0.9215	0.9215	0.9223	0.9215	0.9215	0.9215	0.9215	0.9215	0.9215	0.9215	0.9202	0.9356	0.9215	0.9215	0.9215	0.9215	0.9361	0.9215	0.9215	0.9215	0.9356	0.9215	0.9215	0.9215	0.9215	0.9215	0.9215	0.9215	0.9215	0.9215	0.9215	0.9361	0.9215	0.9215	0.9215	0.9215	0.9215	0.9215	0.9215	0.9215	0.9215	0.9255	0.9215	0.9215	0.9356	0.9215	0.9215	0.9215	0.9215	0.9215	0.9215	0.9215	0.9215	0.9215	0.9215	0.9215	0.9361	0.9361	0.9215	0.9255	0.9215	0.9215	0.9215	0.9361	0.9215	0.9215	0.9215	0.9215	0.9215	0.9215	0.9215	0.9215	0.9215	0.9356	0.9361	0.9215	0.9215	0.9215	0.9223	0.9361	0.9215	0.9215	0.9215	0.9215	0.9215	0.9215	0.9215	0.9215	0.9215	0.9215	0.9215	0.9215	0.9361	0.9215	0.9215	0.9215	0.9215	0.9215	0.9215	0.9215	0.9215	0.9215	0.9215	0.9215	0.9215	0.9215	0.9215	0.9215	0.9215	0.9215	0.9223	0.9215	0.9215	0.9215	0.9215	0.9215	0.9202	0.9215	0.9361	0.9356	0.9215	0.9361	0.9215	0.9215	0.9356	0.9361	0.9215	0.9215	0.9215	0.9215	0.9361	0.9223	0.9215	0.9215	0.9215	0.9215	0.9215	0.9223	0.9215	0.9361	0.9215	0.9215	0.8997	0.9215	0.9215	0.9215	0.9215	0.9215	0.9215	0.9361	0.9215	0.9215	0.9215	0.9215	0.9215	0.9215	0.9356	0.9223	0.9215	0.9215	0.9215	0.9215	0.9215	0.9223	0.9361	0.9215	0.9215	0.9215	0.9215	0.9215	0.9215	0.9215	0.9215	0.9215	0.9215	0.9215	0.9215	0.9215	0.9215	0.9215	0.9215	0.9361	0.9361	0.9215	0.9215	0.9215	0.9215	0.9215	0.9215	0.9215	0.9215	0.9361	0.9215	0.9215	0.9215	0.9361	0.9215	0.9215	0.9215	0.9215	0.9215	0.9215	0.9215	0.9215	0.9215	0.9215	0.9223	0.9215	0.9215	0.9215	0.9215	0.9215	0.9215	0.9215	0.9215	0.9215	0.9215	0.9215	0.9215	0.9215	0.9215	0.9215	0.9215	0.9215	0.9215	0.9215	0.9215	0.9215	0.9361	0.9356	0.9361	0.9223	0.9215	0.9215	0.9215	0.9223	0.9215	0.9361	0.9215	0.9215	0.9215	0.9215	0.9215	0.9202	0.9215	0.9215	0.9215	0.9215	0.9215	0.9215	0.9361	0.9215	0.9223	0.9215	0.9215	0.8997	0.9215	0.9215	0.9215	0.9361	0.9356	0.9215	0.9215	0.9356	0.9215	0.9215	0.9215	0.9215	0.9215	0.9215	0.9215	0.9223	0.9215	0.9215	0.9215	0.9215	0.9215	0.9255	0.9223	0.9215	0.9215	0.9223	0.9215	0.9215	0.9215	0.9215	0.9215	0.9361	0.9215	0.9361	0.9215	0.9361	0.9215	0.9215	0.9215	0.9215	0.9215	0.9675	0.9215	0.9215	0.9215	0.9202	0.9215	0.9215	0.9215	0.9215	0.9215	0.9223	0.9361	0.9215	0.9215	0.9215	0.9215	0.9215	0.9215	0.9215	0.9215	0.9215	0.9675	0.9215	0.9215	0.9215	0.9215	0.9215	0.9215	0.9215	0.9215	0.9223	0.9215	0.9215	0.9356	0.9255	0.9215	0.9361	0.9215	0.9215	0.9215	0.9361	0.9361	0.9215	0.9215	0.9215	0.9215	0.9215	0.9215	0.9215	0.9215	0.9215	0.9215	0.9215	0.9215	0.9215	0.9215	0.9215	0.9215	0.9215	0.9215	0.9215	0.9215	0.9215	0.9361	0.9215	0.9215	0.9202	0.8997	0.9215	0.9215	0.9215	0.9215	0.9202	0.9215	0.9215	0.9215	0.9361	0.9215	0.9215	0.9215	0.9215	0.9215	0.9356	0.9215	0.9215	0.9215	0.9356	0.9215	0.9215	0.9215	0.9215	0.9255	0.9215	0.9215	0.9215	0.9215	0.9215	0.9215	0.9356	0.9215	0.9215	0.9255	0.9215	0.9215	0.9215	0.9361	0.9215	0.9215	0.9675	0.0076	0.0076	0.0076	0.0076	0.0076	0.0076	0.0076	0.0076	0.0076	0.0076	0.0076	0.0076	0.0076	0.0076	0.0076	0.0076	0.0076	0.0076	0.0076	0.0076	0.0076	0.0076	0.0076	0.0076	0.0076	0.0076	0.0076	0.0076	0.0076	0.0076	0.0076	0.0076	0.0076	0.0076	0.0076	0.0076	0.0076	0.0076	0.0076	0.0076	0.0076	0.0076	0.0076	0.0076	0.0076	0.0076	0.0076	0.0076	0.0076	0.0076	0.0076	0.0076	0.0076	0.0076	0.0076	0.0076	0.0076	0.0076	0.0076	0.0076	0.0076	0.0076	0.0076	0.0076	0.0076	0.0076	0.0076	0.0076	0.0076	0.0076	0.0076	0.0076	0.0076	0.0076	0.0076	0.0076	0.0076	0.0076	0.0076	0.0076	0.0076
65	0.9352	0.9352	0.9352	0.9352	0.9352	0.8761	0.8761	0.8761	0.8761	0.8761	0.8761	0.8761	0.8761	0.8761	0.8761	0.8761	0.8761	0.8761	0.9396	0.9396	0.9396	0.9396	0.9396	0.9396	0.9396	0.9396	0.9396	0.9396	0.9396	0.9396	0.9396	0.9396	0.9396	0.9495	0.9396	0.9396	0.9396	0.9396	0.9353	0.9396	0.9396	0.9396	0.9396	0.9396	0.9396	0.9396	0.9396	0.9396	0.9396	0.9181	0.9396	0.9396	0.9396	0.9181	0.9396	0.9396	0.9396	0.969	0.9396	0.9396	0.9396	0.9396	0.9396	0.9396	0.9396	0.9396	0.9396	0.9396	0.9396	0.9396	0.9396	0.9396	0.9396	0.9181	0.9396	0.9396	0.9495	0.9181	0.9396	0.9396	0.9396	0.9396	0.9441	0.9396	0.9341	0.9341	0.9396	0.9396	0.9396	0.9396	0.9396	0.9396	0.9396	0.373	0.9396	0.9396	0.9396	0.9396	0.9396	0.9396	0.9396	0.9396	0.9396	0.9441	0.9396	0.9396	0.9396	0.9396	0.9396	0.9396	0.9396	0.9181	0.9396	0.9396	0.9396	0.969	0.9396	0.9396	0.9396	0.9396	0.9396	0.9396	0.9396	0.9495	0.9353	0.9396	0.9396	0.9396	0.9396	0.9181	0.9396	0.9396	0.9396	0.9353	0.9396	0.9396	0.9396	0.9396	0.9396	0.9396	0.9396	0.9396	0.9396	0.9396	0.9181	0.9396	0.9396	0.9396	0.9396	0.9396	0.9396	0.9396	0.9396	0.9396	0.9441	0.9396	0.9396	0.9353	0.9396	0.9396	0.9396	0.9396	0.9396	0.9396	0.9396	0.9396	0.9396	0.9396	0.9396	0.9181	0.9181	0.9396	0.9441	0.9396	0.9396	0.9396	0.9181	0.9396	0.9396	0.9396	0.9396	0.9396	0.9396	0.9396	0.9396	0.9396	0.9353	0.9181	0.9396	0.9396	0.9396	0.969	0.9181	0.9396	0.9396	0.9396	0.9396	0.9396	0.9396	0.9396	0.9396	0.9396	0.9396	0.9396	0.9396	0.9181	0.9396	0.9396	0.9396	0.9396	0.9396	0.9396	0.9396	0.9396	0.9396	0.9396	0.9396	0.9396	0.9396	0.9396	0.9396	0.9396	0.9396	0.969	0.9396	0.9396	0.9396	0.9396	0.9396	0.9495	0.9396	0.9181	0.9353	0.9396	0.9181	0.9396	0.9396	0.9353	0.9181	0.9396	0.9396	0.9396	0.9396	0.9181	0.969	0.9396	0.9396	0.9396	0.9396	0.9396	0.969	0.9396	0.9181	0.9396	0.9396	0.9341	0.9396	0.9396	0.9396	0.9396	0.9396	0.9396	0.9181	0.9396	0.9396	0.9396	0.9396	0.9396	0.9396	0.9353	0.969	0.9396	0.9396	0.9396	0.9396	0.9396	0.969	0.9181	0.9396	0.9396	0.9396	0.9396	0.9396	0.9396	0.9396	0.9396	0.9396	0.9396	0.9396	0.9396	0.9396	0.9396	0.9396	0.9396	0.9181	0.9181	0.9396	0.9396	0.9396	0.9396	0.9396	0.9396	0.9396	0.9396	0.9181	0.9396	0.9396	0.9396	0.9181	0.9396	0.9396	0.9396	0.9396	0.9396	0.9396	0.9396	0.9396	0.9396	0.9396	0.969	0.9396	0.9396	0.9396	0.9396	0.9396	0.9396	0.9396	0.9396	0.9396	0.9396	0.9396	0.9396	0.9396	0.9396	0.9396	0.9396	0.9396	0.9396	0.9396	0.9396	0.9396	0.9181	0.9353	0.9181	0.969	0.9396	0.9396	0.9396	0.969	0.9396	0.9181	0.9396	0.9396	0.9396	0.9396	0.9396	0.9495	0.9396	0.9396	0.9396	0.9396	0.9396	0.9396	0.9181	0.9396	0.969	0.9396	0.9396	0.9341	0.9396	0.9396	0.9396	0.9181	0.9353	0.9396	0.9396	0.9353	0.9396	0.9396	0.9396	0.9396	0.9396	0.9396	0.9396	0.969	0.9396	0.9396	0.9396	0.9396	0.9396	0.9441	0.969	0.9396	0.9396	0.969	0.9396	0.9396	0.9396	0.9396	0.9396	0.9181	0.9396	0.9181	0.9396	0.9181	0.9396	0.9396	0.9396	0.9396	0.9396	0.373	0.9396	0.9396	0.9396	0.9495	0.9396	0.9396	0.9396	0.9396	0.9396	0.969	0.9181	0.9396	0.9396	0.9396	0.9396	0.9396	0.9396	0.9396	0.9396	0.9396	0.373	0.9396	0.9396	0.9396	0.9396	0.9396	0.9396	0.9396	0.9396	0.969	0.9396	0.9396	0.9353	0.9441	0.9396	0.9181	0.9396	0.9396	0.9396	0.9181	0.9181	0.9396	0.9396	0.9396	0.9396	0.9396	0.9396	0.9396	0.9396	0.9396	0.9396	0.9396	0.9396	0.9396	0.9396	0.9396	0.9396	0.9396	0.9396	0.9396	0.9396	0.9396	0.9181	0.9396	0.9396	0.9495	0.9341	0.9396	0.9396	0.9396	0.9396	0.9495	0.9396	0.9396	0.9396	0.9181	0.9396	0.9396	0.9396	0.9396	0.9396	0.9353	0.9396	0.9396	0.9396	0.9353	0.9396	0.9396	0.9396	0.9396	0.9441	0.9396	0.9396	0.9396	0.9396	0.9396	0.9396	0.9353	0.9396	0.9396	0.9441	0.9396	0.9396	0.9396	0.9181	0.9396	0.9396	0.373	0.8822	0.8822	0.8822	0.8822	0.8822	0.8822	0.8822	0.8822	0.8822	0.8822	0.8822	0.8822	0.8822	0.8822	0.8822	0.8822	0.8822	0.8822	0.8822	0.8822	0.8822	0.8822	0.8822	0.8822	0.8822	0.8822	0.8822	0.8822	0.8822	0.8822	0.8822	0.8822	0.8822	0.8822	0.8822	0.8822	0.8822	0.8822	0.8822	0.8822	0.8822	0.8822	0.8822	0.8822	0.8822	0.8822	0.8822	0.8822	0.8822	0.8822	0.8822	0.8822	0.8822	0.8822	0.8822	0.8822	0.8822	0.8822	0.8822	0.8822	0.8822	0.8822	0.8822	0.8822	0.8822	0.8822	0.8822	0.8822	0.8822	0.8822	0.8822	0.8822	0.8822	0.8822	0.8822	0.8822	0.8822	0.8822	0.8822	0.8822	0.8822
66	0.0578	0.0578	0.0578	0.0578	0.0578	0.0131	0.0131	0.0131	0.0131	0.0131	0.0131	0.0131	0.0131	0.0131	0.0131	0.0131	0.0131	0.0131	0.9224	0.9224	0.9224	0.9224	0.9224	0.9224	0.9224	0.9224	0.9224	0.9224	0.9224	0.9224	0.9224	0.9224	0.9224	0.9052	0.9224	0.9224	0.9224	0.9224	0.9329	0.9224	0.9224	0.9224	0.9224	0.9224	0.9224	0.9224	0.9224	0.9224	0.9224	0.9671	0.9224	0.9224	0.9224	0.9671	0.9224	0.9224	0.9224	0.9388	0.9224	0.9224	0.9224	0.9224	0.9224	0.9224	0.9224	0.9224	0.9224	0.9224	0.9224	0.9224	0.9224	0.9224	0.9224	0.9671	0.9224	0.9224	0.9052	0.9671	0.9224	0.9224	0.9224	0.9224	0.9393	0.9224	0.9408	0.9408	0.9224	0.9224	0.9224	0.9224	0.9224	0.9224	0.9224	0.9392	0.9224	0.9224	0.9224	0.9224	0.9224	0.9224	0.9224	0.9224	0.9224	0.9393	0.9224	0.9224	0.9224	0.9224	0.9224	0.9224	0.9224	0.9671	0.9224	0.9224	0.9224	0.9388	0.9224	0.9224	0.9224	0.9224	0.9224	0.9224	0.9224	0.9052	0.9329	0.9224	0.9224	0.9224	0.9224	0.9671	0.9224	0.9224	0.9224	0.9329	0.9224	0.9224	0.9224	0.9224	0.9224	0.9224	0.9224	0.9224	0.9224	0.9224	0.9671	0.9224	0.9224	0.9224	0.9224	0.9224	0.9224	0.9224	0.9224	0.9224	0.9393	0.9224	0.9224	0.9329	0.9224	0.9224	0.9224	0.9224	0.9224	0.9224	0.9224	0.9224	0.9224	0.9224	0.9224	0.9671	0.9671	0.9224	0.9393	0.9224	0.9224	0.9224	0.9671	0.9224	0.9224	0.9224	0.9224	0.9224	0.9224	0.9224	0.9224	0.9224	0.9329	0.9671	0.9224	0.9224	0.9224	0.9388	0.9671	0.9224	0.9224	0.9224	0.9224	0.9224	0.9224	0.9224	0.9224	0.9224	0.9224	0.9224	0.9224	0.9671	0.9224	0.9224	0.9224	0.9224	0.9224	0.9224	0.9224	0.9224	0.9224	0.9224	0.9224	0.9224	0.9224	0.9224	0.9224	0.9224	0.9224	0.9388	0.9224	0.9224	0.9224	0.9224	0.9224	0.9052	0.9224	0.9671	0.9329	0.9224	0.9671	0.9224	0.9224	0.9329	0.9671	0.9224	0.9224	0.9224	0.9224	0.9671	0.9388	0.9224	0.9224	0.9224	0.9224	0.9224	0.9388	0.9224	0.9671	0.9224	0.9224	0.9408	0.9224	0.9224	0.9224	0.9224	0.9224	0.9224	0.9671	0.9224	0.9224	0.9224	0.9224	0.9224	0.9224	0.9329	0.9388	0.9224	0.9224	0.9224	0.9224	0.9224	0.9388	0.9671	0.9224	0.9224	0.9224	0.9224	0.9224	0.9224	0.9224	0.9224	0.9224	0.9224	0.9224	0.9224	0.9224	0.9224	0.9224	0.9224	0.9671	0.9671	0.9224	0.9224	0.9224	0.9224	0.9224	0.9224	0.9224	0.9224	0.9671	0.9224	0.9224	0.9224	0.9671	0.9224	0.9224	0.9224	0.9224	0.9224	0.9224	0.9224	0.9224	0.9224	0.9224	0.9388	0.9224	0.9224	0.9224	0.9224	0.9224	0.9224	0.9224	0.9224	0.9224	0.9224	0.9224	0.9224	0.9224	0.9224	0.9224	0.9224	0.9224	0.9224	0.9224	0.9224	0.9224	0.9671	0.9329	0.9671	0.9388	0.9224	0.9224	0.9224	0.9388	0.9224	0.9671	0.9224	0.9224	0.9224	0.9224	0.9224	0.9052	0.9224	0.9224	0.9224	0.9224	0.9224	0.9224	0.9671	0.9224	0.9388	0.9224	0.9224	0.9408	0.9224	0.9224	0.9224	0.9671	0.9329	0.9224	0.9224	0.9329	0.9224	0.9224	0.9224	0.9224	0.9224	0.9224	0.9224	0.9388	0.9224	0.9224	0.9224	0.9224	0.9224	0.9393	0.9388	0.9224	0.9224	0.9388	0.9224	0.9224	0.9224	0.9224	0.9224	0.9671	0.9224	0.9671	0.9224	0.9671	0.9224	0.9224	0.9224	0.9224	0.9224	0.9392	0.9224	0.9224	0.9224	0.9052	0.9224	0.9224	0.9224	0.9224	0.9224	0.9388	0.9671	0.9224	0.9224	0.9224	0.9224	0.9224	0.9224	0.9224	0.9224	0.9224	0.9392	0.9224	0.9224	0.9224	0.9224	0.9224	0.9224	0.9224	0.9224	0.9388	0.9224	0.9224	0.9329	0.9393	0.9224	0.9671	0.9224	0.9224	0.9224	0.9671	0.9671	0.9224	0.9224	0.9224	0.9224	0.9224	0.9224	0.9224	0.9224	0.9224	0.9224	0.9224	0.9224	0.9224	0.9224	0.9224	0.9224	0.9224	0.9224	0.9224	0.9224	0.9224	0.9671	0.9224	0.9224	0.9052	0.9408	0.9224	0.9224	0.9224	0.9224	0.9052	0.9224	0.9224	0.9224	0.9671	0.9224	0.9224	0.9224	0.9224	0.9224	0.9329	0.9224	0.9224	0.9224	0.9329	0.9224	0.9224	0.9224	0.9224	0.9393	0.9224	0.9224	0.9224	0.9224	0.9224	0.9224	0.9329	0.9224	0.9224	0.9393	0.9224	0.9224	0.9224	0.9671	0.9224	0.9224	0.9392	0.9206	0.9206	0.9206	0.9206	0.9206	0.9206	0.9206	0.9206	0.9206	0.9206	0.9206	0.9206	0.9206	0.9206	0.9206	0.9206	0.9206	0.9206	0.9206	0.9206	0.9206	0.9206	0.9206	0.9206	0.9206	0.9206	0.9206	0.9206	0.9206	0.9206	0.9206	0.9206	0.9206	0.9206	0.9206	0.9206	0.9206	0.9206	0.9206	0.9206	0.9206	0.9206	0.9206	0.9206	0.9206	0.9206	0.9206	0.9206	0.9206	0.9206	0.9206	0.9206	0.9206	0.9206	0.9206	0.9206	0.9206	0.9206	0.9206	0.9206	0.9206	0.9206	0.9206	0.9206	0.9206	0.9206	0.9206	0.9206	0.9206	0.9206	0.9206	0.9206	0.9206	0.9206	0.9206	0.9206	0.9206	0.9206	0.9206	0.9206	0.9206
