TP	ID	PID	EL	Perc	Leaf	Mut
1	0	-1	0	1	0	True
1.5	1	0	3.344895326554455	0.6753628492020544	0	True
1.5	2	0	4.304197597340717	0.32463715079794564	0	True
2.0	3	1	4.655104673445544	0.6753628492020544	0	False
2.0	4	2	3.6958024026592833	0.28895615468943336	0	False
2.0	5	2	3.6958024026592833	0.03568099610851227	0	True
3.0	6	3	7	0.6753628492020544	1	False
3.0	7	5	7	0.03383111189588297	1	False
3.0	8	5	7	0.0018498842126292968	1	True
3.0	9	4	7	0.28895615468943336	1	False
