TP	ID	PID	EL	Perc	Leaf	Mut
1	0	-1	0	1	0	True
1.5	1	0	6.13409612081984	0.6118094545319352	0	True
1.5	2	0	7.549893203042082	0.38819054546806475	-1	True
2.0	3	1	1.86590387918016	0.4093271313336568	0	False
2.0	4	1	1.86590387918016	0.5906728686663433	0	True
3.0	5	4	7	0.5906728686663433	1	False
3.0	6	3	7	0.06439541656392268	1	False
3.0	7	3	7	0.3449317147697341	1	True
