	2	2	2	2	2	2	2	2	2	2	2	2	2	2	2	2	2	2	2	2	2	2	2	2	2	2	2	2	2	2	2	2	2	2	2	2	2	2	2	2	2	2	2	2	2	2	2	2	2	2	2	2	2	2	2	2	2	2	2	2	2	2	2	2	2	2	2	2	2	2	2	2	2	2	2	2	2	2	2	2	2	2	2	2	2	2	2	2	2	2	2	2	2	2	2	2	2	2	2	2	2	2	2	2	2	2	2	1	1	1	1	1	1	1	1	1	1	1	1	1	1	1	1	1	1	1	1	1	1	1	1	1	1	1	1	1	1	1	1	1	1	1	1	1	1	1	1	1	1	1	1	1	0	0	0	0	0	0	0	0	0	0	0	0	0	0	0	0	0	0	0	0	0	0	0	0	0	0	0	0	0	0	0	0	0	0	0	0	0	0	0	0	0	0	0	0	0	0	0	0	0	0	0	0	0	0	0	0	0	0	0	0	0	0	0	0	0	0	0	0	0	0	0	0	0	0	0	0	0	0	0	0	0	0	0	0	0	0	0	0	0	0	0	0	0	0	0	0	0	0	0	0	0	0	0	0	0	0	0	0	0	0	0	0	0	0	0	0	0	0	0	0	0	0	0	0	0	0	0	0	0	0	0	0	0	0	0	0	0	0	0	0	0	0	0	0	3	3	3	3
0	0.9574	0.9574	0.9574	0.9574	0.9574	0.9574	0.9574	0.9574	0.9574	0.9574	0.9574	0.9574	0.9574	0.9574	0.9574	0.9574	0.9574	0.9574	0.9574	0.9574	0.9574	0.9574	0.9574	0.9574	0.9574	0.9574	0.9574	0.9574	0.9574	0.9574	0.9574	0.9574	0.9574	0.9574	0.9574	0.9574	0.9574	0.9574	0.9574	0.9574	0.9574	0.9574	0.9574	0.9574	0.9574	0.9574	0.9574	0.9574	0.9574	0.9574	0.9574	0.9574	0.9574	0.9574	0.9574	0.9574	0.9574	0.9574	0.9574	0.9574	0.9574	0.9574	0.9574	0.9574	0.9574	0.9574	0.9574	0.9574	0.9574	0.9574	0.9574	0.9574	0.9574	0.9574	0.9574	0.9574	0.9574	0.9574	0.9574	0.9574	0.9574	0.9574	0.9574	0.9574	0.9574	0.9574	0.9574	0.9574	0.9574	0.9574	0.9574	0.9574	0.9574	0.9574	0.9574	0.9574	0.9574	0.9574	0.9574	0.9574	0.9574	0.9574	0.9574	0.9574	0.9574	0.9574	0.9574	0.833	0.833	0.833	0.833	0.833	0.833	0.833	0.833	0.833	0.833	0.833	0.833	0.833	0.833	0.833	0.833	0.833	0.833	0.833	0.833	0.833	0.833	0.833	0.833	0.833	0.833	0.833	0.833	0.833	0.833	0.833	0.833	0.833	0.833	0.833	0.833	0.833	0.833	0.833	0.833	0.833	0.833	0.833	0.833	0.833	0.0084	0.0084	0.0084	0.0084	0.0084	0.0084	0.0084	0.0084	0.0084	0.0084	0.0084	0.0084	0.0084	0.0084	0.0084	0.0084	0.0084	0.0084	0.0084	0.0084	0.0084	0.0084	0.0084	0.0084	0.0084	0.0084	0.0084	0.0084	0.0084	0.0084	0.0084	0.0084	0.0084	0.0084	0.0084	0.0084	0.0084	0.0084	0.0084	0.0084	0.0084	0.0084	0.0084	0.0084	0.0084	0.0084	0.0084	0.0084	0.0084	0.0084	0.0084	0.0084	0.0084	0.0084	0.0084	0.0084	0.0084	0.0084	0.0084	0.0084	0.0084	0.0084	0.0084	0.0084	0.0084	0.0084	0.0084	0.0084	0.0084	0.0084	0.0084	0.0084	0.0084	0.0084	0.0084	0.0084	0.0084	0.0084	0.0084	0.0084	0.0084	0.0084	0.0084	0.0084	0.0084	0.0084	0.0084	0.0084	0.0084	0.0084	0.0084	0.0084	0.0084	0.0084	0.0084	0.0084	0.0084	0.0084	0.0084	0.0084	0.0084	0.0084	0.0084	0.0084	0.0084	0.0084	0.0084	0.0084	0.0084	0.0084	0.0084	0.0084	0.0084	0.0084	0.0084	0.0084	0.0084	0.0084	0.0084	0.0084	0.0084	0.0084	0.0084	0.0084	0.0084	0.0084	0.0084	0.0084	0.0084	0.0084	0.0084	0.0084	0.0084	0.0084	0.0084	0.0084	0.0084	0.0084	0.0084	0.0084	0.0084	0.0084	0.0084	0.0084	0.1685	0.1685	0.1685	0.1685
1	0.8988	0.8988	0.8988	0.8988	0.8988	0.8988	0.8988	0.8988	0.8988	0.8988	0.8988	0.8988	0.8988	0.8988	0.8988	0.8988	0.8988	0.8988	0.8988	0.8988	0.8988	0.8988	0.8988	0.8988	0.8988	0.8988	0.8988	0.8988	0.8988	0.8988	0.8988	0.8988	0.8988	0.8988	0.8988	0.8988	0.8988	0.8988	0.8988	0.8988	0.8988	0.8988	0.8988	0.8988	0.8988	0.8988	0.8988	0.8988	0.8988	0.8988	0.8988	0.8988	0.8988	0.8988	0.8988	0.8988	0.8988	0.8988	0.8988	0.8988	0.8988	0.8988	0.8988	0.8988	0.8988	0.8988	0.8988	0.8988	0.8988	0.8988	0.8988	0.8988	0.8988	0.8988	0.8988	0.8988	0.8988	0.8988	0.8988	0.8988	0.8988	0.8988	0.8988	0.8988	0.8988	0.8988	0.8988	0.8988	0.8988	0.8988	0.8988	0.8988	0.8988	0.8988	0.8988	0.8988	0.8988	0.8988	0.8988	0.8988	0.8988	0.8988	0.8988	0.8988	0.8988	0.8988	0.8988	0.9781	0.9781	0.9781	0.9781	0.9781	0.9781	0.9781	0.9781	0.9781	0.9781	0.9781	0.9781	0.9781	0.9781	0.9781	0.9781	0.9781	0.9781	0.9781	0.9781	0.9781	0.9781	0.9781	0.9781	0.9781	0.9781	0.9781	0.9781	0.9781	0.9781	0.9781	0.9781	0.9781	0.9781	0.9781	0.9781	0.9781	0.9781	0.9781	0.9781	0.9781	0.9781	0.9781	0.9781	0.9781	0.0088	0.0088	0.0088	0.0088	0.0088	0.0088	0.0088	0.0088	0.0088	0.0088	0.0088	0.0088	0.0088	0.0088	0.0088	0.0088	0.0088	0.0088	0.0088	0.0088	0.0088	0.0088	0.0088	0.0088	0.0088	0.0088	0.0088	0.0088	0.0088	0.0088	0.0088	0.0088	0.0088	0.0088	0.0088	0.0088	0.0088	0.0088	0.0088	0.0088	0.0088	0.0088	0.0088	0.0088	0.0088	0.0088	0.0088	0.0088	0.0088	0.0088	0.0088	0.0088	0.0088	0.0088	0.0088	0.0088	0.0088	0.0088	0.0088	0.0088	0.0088	0.0088	0.0088	0.0088	0.0088	0.0088	0.0088	0.0088	0.0088	0.0088	0.0088	0.0088	0.0088	0.0088	0.0088	0.0088	0.0088	0.0088	0.0088	0.0088	0.0088	0.0088	0.0088	0.0088	0.0088	0.0088	0.0088	0.0088	0.0088	0.0088	0.0088	0.0088	0.0088	0.0088	0.0088	0.0088	0.0088	0.0088	0.0088	0.0088	0.0088	0.0088	0.0088	0.0088	0.0088	0.0088	0.0088	0.0088	0.0088	0.0088	0.0088	0.0088	0.0088	0.0088	0.0088	0.0088	0.0088	0.0088	0.0088	0.0088	0.0088	0.0088	0.0088	0.0088	0.0088	0.0088	0.0088	0.0088	0.0088	0.0088	0.0088	0.0088	0.0088	0.0088	0.0088	0.0088	0.0088	0.0088	0.0088	0.0088	0.0088	0.0088	0.0088	0.0088	0.1	0.1	0.1	0.1
2	0.0114	0.0114	0.0114	0.0114	0.0114	0.0114	0.0114	0.0114	0.0114	0.0114	0.0114	0.0114	0.0114	0.0114	0.0114	0.0114	0.0114	0.0114	0.0114	0.0114	0.0114	0.0114	0.0114	0.0114	0.0114	0.0114	0.0114	0.0114	0.0114	0.0114	0.0114	0.0114	0.0114	0.0114	0.0114	0.0114	0.0114	0.0114	0.0114	0.0114	0.0114	0.0114	0.0114	0.0114	0.0114	0.0114	0.0114	0.0114	0.0114	0.0114	0.0114	0.0114	0.0114	0.0114	0.0114	0.0114	0.0114	0.0114	0.0114	0.0114	0.0114	0.0114	0.0114	0.0114	0.0114	0.0114	0.0114	0.0114	0.0114	0.0114	0.0114	0.0114	0.0114	0.0114	0.0114	0.0114	0.0114	0.0114	0.0114	0.0114	0.0114	0.0114	0.0114	0.0114	0.0114	0.0114	0.0114	0.0114	0.0114	0.0114	0.0114	0.0114	0.0114	0.0114	0.0114	0.0114	0.0114	0.0114	0.0114	0.0114	0.0114	0.0114	0.0114	0.0114	0.0114	0.0114	0.0114	0.0338	0.0338	0.0338	0.0338	0.0338	0.0338	0.0338	0.0338	0.0338	0.0338	0.0338	0.0338	0.0338	0.0338	0.0338	0.0338	0.0338	0.0338	0.0338	0.0338	0.0338	0.0338	0.0338	0.0338	0.0338	0.0338	0.0338	0.0338	0.0338	0.0338	0.0338	0.0338	0.0338	0.0338	0.0338	0.0338	0.0338	0.0338	0.0338	0.0338	0.0338	0.0338	0.0338	0.0338	0.0338	0.9789	0.9789	0.9789	0.9789	0.9789	0.9789	0.9789	0.9789	0.9789	0.9789	0.9789	0.9789	0.9789	0.9789	0.9789	0.9789	0.9789	0.9789	0.9789	0.9789	0.9789	0.9789	0.9789	0.9789	0.9789	0.9789	0.9789	0.9789	0.9789	0.9789	0.9789	0.9789	0.9789	0.9789	0.9789	0.9789	0.9789	0.9789	0.9789	0.9789	0.9789	0.9789	0.9789	0.9789	0.9789	0.9789	0.9789	0.9789	0.9789	0.9789	0.9789	0.9789	0.9789	0.9789	0.9789	0.9789	0.9789	0.9789	0.9789	0.9789	0.9789	0.9789	0.9789	0.9789	0.9789	0.9789	0.9789	0.9789	0.9789	0.9789	0.9789	0.9789	0.9789	0.9789	0.9789	0.9789	0.9789	0.9789	0.9789	0.9789	0.9789	0.9789	0.9789	0.9789	0.9789	0.9789	0.9789	0.9789	0.9789	0.9789	0.9789	0.9789	0.9789	0.9789	0.9789	0.9789	0.9789	0.9789	0.9789	0.9789	0.9789	0.9789	0.9789	0.9789	0.9789	0.9789	0.9789	0.9789	0.9789	0.9789	0.9789	0.9789	0.9789	0.9789	0.9789	0.9789	0.9789	0.9789	0.9789	0.9789	0.9789	0.9789	0.9789	0.9789	0.9789	0.9789	0.9789	0.9789	0.9789	0.9789	0.9789	0.9789	0.9789	0.9789	0.9789	0.9789	0.9789	0.9789	0.9789	0.9789	0.9789	0.9789	0.9789	0.9789	0.9208	0.9208	0.9208	0.9208
3	0.0035	0.0035	0.0035	0.0035	0.0035	0.0035	0.0035	0.0035	0.0035	0.0035	0.0035	0.0035	0.0035	0.0035	0.0035	0.0035	0.0035	0.0035	0.0035	0.0035	0.0035	0.0035	0.0035	0.0035	0.0035	0.0035	0.0035	0.0035	0.0035	0.0035	0.0035	0.0035	0.0035	0.0035	0.0035	0.0035	0.0035	0.0035	0.0035	0.0035	0.0035	0.0035	0.0035	0.0035	0.0035	0.0035	0.0035	0.0035	0.0035	0.0035	0.0035	0.0035	0.0035	0.0035	0.0035	0.0035	0.0035	0.0035	0.0035	0.0035	0.0035	0.0035	0.0035	0.0035	0.0035	0.0035	0.0035	0.0035	0.0035	0.0035	0.0035	0.0035	0.0035	0.0035	0.0035	0.0035	0.0035	0.0035	0.0035	0.0035	0.0035	0.0035	0.0035	0.0035	0.0035	0.0035	0.0035	0.0035	0.0035	0.0035	0.0035	0.0035	0.0035	0.0035	0.0035	0.0035	0.0035	0.0035	0.0035	0.0035	0.0035	0.0035	0.0035	0.0035	0.0035	0.0035	0.0035	0.0095	0.0095	0.0095	0.0095	0.0095	0.0095	0.0095	0.0095	0.0095	0.0095	0.0095	0.0095	0.0095	0.0095	0.0095	0.0095	0.0095	0.0095	0.0095	0.0095	0.0095	0.0095	0.0095	0.0095	0.0095	0.0095	0.0095	0.0095	0.0095	0.0095	0.0095	0.0095	0.0095	0.0095	0.0095	0.0095	0.0095	0.0095	0.0095	0.0095	0.0095	0.0095	0.0095	0.0095	0.0095	0.9473	0.9473	0.9473	0.9473	0.9473	0.9473	0.9473	0.9473	0.9473	0.9473	0.9473	0.9473	0.9473	0.9473	0.9473	0.9473	0.9473	0.9473	0.9473	0.9473	0.9473	0.9473	0.9473	0.9473	0.9473	0.9473	0.9473	0.9473	0.9473	0.9473	0.9473	0.9473	0.9473	0.9473	0.9473	0.9473	0.9473	0.9473	0.9473	0.9473	0.9473	0.9473	0.9473	0.9473	0.9473	0.9473	0.9473	0.9473	0.9473	0.9473	0.9473	0.9473	0.9473	0.9473	0.9473	0.9473	0.9473	0.9473	0.9473	0.9473	0.9473	0.9473	0.9473	0.9473	0.9473	0.9473	0.9473	0.9473	0.9473	0.9473	0.9473	0.9473	0.9473	0.9473	0.9473	0.9473	0.9473	0.9473	0.9473	0.9473	0.9473	0.9473	0.9473	0.9473	0.9473	0.9473	0.9473	0.9473	0.9473	0.9473	0.9473	0.9473	0.9473	0.9473	0.9473	0.9473	0.9473	0.9473	0.9473	0.9473	0.9473	0.9473	0.9473	0.9473	0.9473	0.9473	0.9473	0.9473	0.9473	0.9473	0.9473	0.9473	0.9473	0.9473	0.9473	0.9473	0.9473	0.9473	0.9473	0.9473	0.9473	0.9473	0.9473	0.9473	0.9473	0.9473	0.9473	0.9473	0.9473	0.9473	0.9473	0.9473	0.9473	0.9473	0.9473	0.9473	0.9473	0.9473	0.9473	0.9473	0.9473	0.9473	0.9473	0.9473	0.8464	0.8464	0.8464	0.8464
4	0.0036	0.0036	0.0036	0.0036	0.0036	0.0036	0.0036	0.0036	0.0036	0.0036	0.0036	0.0036	0.0036	0.0036	0.0036	0.0036	0.0036	0.0036	0.0036	0.0036	0.0036	0.0036	0.0036	0.0036	0.0036	0.0036	0.0036	0.0036	0.0036	0.0036	0.0036	0.0036	0.0036	0.0036	0.0036	0.0036	0.0036	0.0036	0.0036	0.0036	0.0036	0.0036	0.0036	0.0036	0.0036	0.0036	0.0036	0.0036	0.0036	0.0036	0.0036	0.0036	0.0036	0.0036	0.0036	0.0036	0.0036	0.0036	0.0036	0.0036	0.0036	0.0036	0.0036	0.0036	0.0036	0.0036	0.0036	0.0036	0.0036	0.0036	0.0036	0.0036	0.0036	0.0036	0.0036	0.0036	0.0036	0.0036	0.0036	0.0036	0.0036	0.0036	0.0036	0.0036	0.0036	0.0036	0.0036	0.0036	0.0036	0.0036	0.0036	0.0036	0.0036	0.0036	0.0036	0.0036	0.0036	0.0036	0.0036	0.0036	0.0036	0.0036	0.0036	0.0036	0.0036	0.0036	0.0036	0.9001	0.9001	0.9001	0.9001	0.9001	0.9001	0.9001	0.9001	0.9001	0.9001	0.9001	0.9001	0.9001	0.9001	0.9001	0.9001	0.9001	0.9001	0.9001	0.9001	0.9001	0.9001	0.9001	0.9001	0.9001	0.9001	0.9001	0.9001	0.9001	0.9001	0.9001	0.9001	0.9001	0.9001	0.9001	0.9001	0.9001	0.9001	0.9001	0.9001	0.9001	0.9001	0.9001	0.9001	0.9001	0.0032	0.0032	0.0032	0.0032	0.0032	0.0032	0.0032	0.0032	0.0032	0.0032	0.0032	0.0032	0.0032	0.0032	0.0032	0.0032	0.0032	0.0032	0.0032	0.0032	0.0032	0.0032	0.0032	0.0032	0.0032	0.0032	0.0032	0.0032	0.0032	0.0032	0.0032	0.0032	0.0032	0.0032	0.0032	0.0032	0.0032	0.0032	0.0032	0.0032	0.0032	0.0032	0.0032	0.0032	0.0032	0.0032	0.0032	0.0032	0.0032	0.0032	0.0032	0.0032	0.0032	0.0032	0.0032	0.0032	0.0032	0.0032	0.0032	0.0032	0.0032	0.0032	0.0032	0.0032	0.0032	0.0032	0.0032	0.0032	0.0032	0.0032	0.0032	0.0032	0.0032	0.0032	0.0032	0.0032	0.0032	0.0032	0.0032	0.0032	0.0032	0.0032	0.0032	0.0032	0.0032	0.0032	0.0032	0.0032	0.0032	0.0032	0.0032	0.0032	0.0032	0.0032	0.0032	0.0032	0.0032	0.0032	0.0032	0.0032	0.0032	0.0032	0.0032	0.0032	0.0032	0.0032	0.0032	0.0032	0.0032	0.0032	0.0032	0.0032	0.0032	0.0032	0.0032	0.0032	0.0032	0.0032	0.0032	0.0032	0.0032	0.0032	0.0032	0.0032	0.0032	0.0032	0.0032	0.0032	0.0032	0.0032	0.0032	0.0032	0.0032	0.0032	0.0032	0.0032	0.0032	0.0032	0.0032	0.0032	0.0032	0.0032	0.0032	0.0032	0.1012	0.1012	0.1012	0.1012
5	0.0024	0.0024	0.0024	0.0024	0.0024	0.0024	0.0024	0.0024	0.0024	0.0024	0.0024	0.0024	0.0024	0.0024	0.0024	0.0024	0.0024	0.0024	0.0024	0.0024	0.0024	0.0024	0.0024	0.0024	0.0024	0.0024	0.0024	0.0024	0.0024	0.0024	0.0024	0.0024	0.0024	0.0024	0.0024	0.0024	0.0024	0.0024	0.0024	0.0024	0.0024	0.0024	0.0024	0.0024	0.0024	0.0024	0.0024	0.0024	0.0024	0.0024	0.0024	0.0024	0.0024	0.0024	0.0024	0.0024	0.0024	0.0024	0.0024	0.0024	0.0024	0.0024	0.0024	0.0024	0.0024	0.0024	0.0024	0.0024	0.0024	0.0024	0.0024	0.0024	0.0024	0.0024	0.0024	0.0024	0.0024	0.0024	0.0024	0.0024	0.0024	0.0024	0.0024	0.0024	0.0024	0.0024	0.0024	0.0024	0.0024	0.0024	0.0024	0.0024	0.0024	0.0024	0.0024	0.0024	0.0024	0.0024	0.0024	0.0024	0.0024	0.0024	0.0024	0.0024	0.0024	0.0024	0.0024	0.8128	0.8128	0.8128	0.8128	0.8128	0.8128	0.8128	0.8128	0.8128	0.8128	0.8128	0.8128	0.8128	0.8128	0.8128	0.8128	0.8128	0.8128	0.8128	0.8128	0.8128	0.8128	0.8128	0.8128	0.8128	0.8128	0.8128	0.8128	0.8128	0.8128	0.8128	0.8128	0.8128	0.8128	0.8128	0.8128	0.8128	0.8128	0.8128	0.8128	0.8128	0.8128	0.8128	0.8128	0.8128	0.0136	0.0136	0.0136	0.0136	0.0136	0.0136	0.0136	0.0136	0.0136	0.0136	0.0136	0.0136	0.0136	0.0136	0.0136	0.0136	0.0136	0.0136	0.0136	0.0136	0.0136	0.0136	0.0136	0.0136	0.0136	0.0136	0.0136	0.0136	0.0136	0.0136	0.0136	0.0136	0.0136	0.0136	0.0136	0.0136	0.0136	0.0136	0.0136	0.0136	0.0136	0.0136	0.0136	0.0136	0.0136	0.0136	0.0136	0.0136	0.0136	0.0136	0.0136	0.0136	0.0136	0.0136	0.0136	0.0136	0.0136	0.0136	0.0136	0.0136	0.0136	0.0136	0.0136	0.0136	0.0136	0.0136	0.0136	0.0136	0.0136	0.0136	0.0136	0.0136	0.0136	0.0136	0.0136	0.0136	0.0136	0.0136	0.0136	0.0136	0.0136	0.0136	0.0136	0.0136	0.0136	0.0136	0.0136	0.0136	0.0136	0.0136	0.0136	0.0136	0.0136	0.0136	0.0136	0.0136	0.0136	0.0136	0.0136	0.0136	0.0136	0.0136	0.0136	0.0136	0.0136	0.0136	0.0136	0.0136	0.0136	0.0136	0.0136	0.0136	0.0136	0.0136	0.0136	0.0136	0.0136	0.0136	0.0136	0.0136	0.0136	0.0136	0.0136	0.0136	0.0136	0.0136	0.0136	0.0136	0.0136	0.0136	0.0136	0.0136	0.0136	0.0136	0.0136	0.0136	0.0136	0.0136	0.0136	0.0136	0.0136	0.0136	0.0136	0.0136	0.0962	0.0962	0.0962	0.0962
6	0.0278	0.0278	0.0278	0.0278	0.0278	0.0278	0.0278	0.0278	0.0278	0.0278	0.0278	0.0278	0.0278	0.0278	0.0278	0.0278	0.0278	0.0278	0.0278	0.0278	0.0278	0.0278	0.0278	0.0278	0.0278	0.0278	0.0278	0.0278	0.0278	0.0278	0.0278	0.0278	0.0278	0.0278	0.0278	0.0278	0.0278	0.0278	0.0278	0.0278	0.0278	0.0278	0.0278	0.0278	0.0278	0.0278	0.0278	0.0278	0.0278	0.0278	0.0278	0.0278	0.0278	0.0278	0.0278	0.0278	0.0278	0.0278	0.0278	0.0278	0.0278	0.0278	0.0278	0.0278	0.0278	0.0278	0.0278	0.0278	0.0278	0.0278	0.0278	0.0278	0.0278	0.0278	0.0278	0.0278	0.0278	0.0278	0.0278	0.0278	0.0278	0.0278	0.0278	0.0278	0.0278	0.0278	0.0278	0.0278	0.0278	0.0278	0.0278	0.0278	0.0278	0.0278	0.0278	0.0278	0.0278	0.0278	0.0278	0.0278	0.0278	0.0278	0.0278	0.0278	0.0278	0.0278	0.0278	0.9693	0.9693	0.9693	0.9693	0.9693	0.9693	0.9693	0.9693	0.9693	0.9693	0.9693	0.9693	0.9693	0.9693	0.9693	0.9693	0.9693	0.9693	0.9693	0.9693	0.9693	0.9693	0.9693	0.9693	0.9693	0.9693	0.9693	0.9693	0.9693	0.9693	0.9693	0.9693	0.9693	0.9693	0.9693	0.9693	0.9693	0.9693	0.9693	0.9693	0.9693	0.9693	0.9693	0.9693	0.9693	0.0039	0.0039	0.0039	0.0039	0.0039	0.0039	0.0039	0.0039	0.0039	0.0039	0.0039	0.0039	0.0039	0.0039	0.0039	0.0039	0.0039	0.0039	0.0039	0.0039	0.0039	0.0039	0.0039	0.0039	0.0039	0.0039	0.0039	0.0039	0.0039	0.0039	0.0039	0.0039	0.0039	0.0039	0.0039	0.0039	0.0039	0.0039	0.0039	0.0039	0.0039	0.0039	0.0039	0.0039	0.0039	0.0039	0.0039	0.0039	0.0039	0.0039	0.0039	0.0039	0.0039	0.0039	0.0039	0.0039	0.0039	0.0039	0.0039	0.0039	0.0039	0.0039	0.0039	0.0039	0.0039	0.0039	0.0039	0.0039	0.0039	0.0039	0.0039	0.0039	0.0039	0.0039	0.0039	0.0039	0.0039	0.0039	0.0039	0.0039	0.0039	0.0039	0.0039	0.0039	0.0039	0.0039	0.0039	0.0039	0.0039	0.0039	0.0039	0.0039	0.0039	0.0039	0.0039	0.0039	0.0039	0.0039	0.0039	0.0039	0.0039	0.0039	0.0039	0.0039	0.0039	0.0039	0.0039	0.0039	0.0039	0.0039	0.0039	0.0039	0.0039	0.0039	0.0039	0.0039	0.0039	0.0039	0.0039	0.0039	0.0039	0.0039	0.0039	0.0039	0.0039	0.0039	0.0039	0.0039	0.0039	0.0039	0.0039	0.0039	0.0039	0.0039	0.0039	0.0039	0.0039	0.0039	0.0039	0.0039	0.0039	0.0039	0.0039	0.0039	0.0708	0.0708	0.0708	0.0708
7	0.0042	0.0042	0.0042	0.0042	0.0042	0.0042	0.0042	0.0042	0.0042	0.0042	0.0042	0.0042	0.0042	0.0042	0.0042	0.0042	0.0042	0.0042	0.0042	0.0042	0.0042	0.0042	0.0042	0.0042	0.0042	0.0042	0.0042	0.0042	0.0042	0.0042	0.0042	0.0042	0.0042	0.0042	0.0042	0.0042	0.0042	0.0042	0.0042	0.0042	0.0042	0.0042	0.0042	0.0042	0.0042	0.0042	0.0042	0.0042	0.0042	0.0042	0.0042	0.0042	0.0042	0.0042	0.0042	0.0042	0.0042	0.0042	0.0042	0.0042	0.0042	0.0042	0.0042	0.0042	0.0042	0.0042	0.0042	0.0042	0.0042	0.0042	0.0042	0.0042	0.0042	0.0042	0.0042	0.0042	0.0042	0.0042	0.0042	0.0042	0.0042	0.0042	0.0042	0.0042	0.0042	0.0042	0.0042	0.0042	0.0042	0.0042	0.0042	0.0042	0.0042	0.0042	0.0042	0.0042	0.0042	0.0042	0.0042	0.0042	0.0042	0.0042	0.0042	0.0042	0.0042	0.0042	0.0042	0.9211	0.9211	0.9211	0.9211	0.9211	0.9211	0.9211	0.9211	0.9211	0.9211	0.9211	0.9211	0.9211	0.9211	0.9211	0.9211	0.9211	0.9211	0.9211	0.9211	0.9211	0.9211	0.9211	0.9211	0.9211	0.9211	0.9211	0.9211	0.9211	0.9211	0.9211	0.9211	0.9211	0.9211	0.9211	0.9211	0.9211	0.9211	0.9211	0.9211	0.9211	0.9211	0.9211	0.9211	0.9211	0.018	0.018	0.018	0.018	0.018	0.018	0.018	0.018	0.018	0.018	0.018	0.018	0.018	0.018	0.018	0.018	0.018	0.018	0.018	0.018	0.018	0.018	0.018	0.018	0.018	0.018	0.018	0.018	0.018	0.018	0.018	0.018	0.018	0.018	0.018	0.018	0.018	0.018	0.018	0.018	0.018	0.018	0.018	0.018	0.018	0.018	0.018	0.018	0.018	0.018	0.018	0.018	0.018	0.018	0.018	0.018	0.018	0.018	0.018	0.018	0.018	0.018	0.018	0.018	0.018	0.018	0.018	0.018	0.018	0.018	0.018	0.018	0.018	0.018	0.018	0.018	0.018	0.018	0.018	0.018	0.018	0.018	0.018	0.018	0.018	0.018	0.018	0.018	0.018	0.018	0.018	0.018	0.018	0.018	0.018	0.018	0.018	0.018	0.018	0.018	0.018	0.018	0.018	0.018	0.018	0.018	0.018	0.018	0.018	0.018	0.018	0.018	0.018	0.018	0.018	0.018	0.018	0.018	0.018	0.018	0.018	0.018	0.018	0.018	0.018	0.018	0.018	0.018	0.018	0.018	0.018	0.018	0.018	0.018	0.018	0.018	0.018	0.018	0.018	0.018	0.018	0.018	0.018	0.018	0.0949	0.0949	0.0949	0.0949
8	0.0023	0.0023	0.0023	0.0023	0.0023	0.0023	0.0023	0.0023	0.0023	0.0023	0.0023	0.0023	0.0023	0.0023	0.0023	0.0023	0.0023	0.0023	0.0023	0.0023	0.0023	0.0023	0.0023	0.0023	0.0023	0.0023	0.0023	0.0023	0.0023	0.0023	0.0023	0.0023	0.0023	0.0023	0.0023	0.0023	0.0023	0.0023	0.0023	0.0023	0.0023	0.0023	0.0023	0.0023	0.0023	0.0023	0.0023	0.0023	0.0023	0.0023	0.0023	0.0023	0.0023	0.0023	0.0023	0.0023	0.0023	0.0023	0.0023	0.0023	0.0023	0.0023	0.0023	0.0023	0.0023	0.0023	0.0023	0.0023	0.0023	0.0023	0.0023	0.0023	0.0023	0.0023	0.0023	0.0023	0.0023	0.0023	0.0023	0.0023	0.0023	0.0023	0.0023	0.0023	0.0023	0.0023	0.0023	0.0023	0.0023	0.0023	0.0023	0.0023	0.0023	0.0023	0.0023	0.0023	0.0023	0.0023	0.0023	0.0023	0.0023	0.0023	0.0023	0.0023	0.0023	0.0023	0.0023	0.9697	0.9697	0.9697	0.9697	0.9697	0.9697	0.9697	0.9697	0.9697	0.9697	0.9697	0.9697	0.9697	0.9697	0.9697	0.9697	0.9697	0.9697	0.9697	0.9697	0.9697	0.9697	0.9697	0.9697	0.9697	0.9697	0.9697	0.9697	0.9697	0.9697	0.9697	0.9697	0.9697	0.9697	0.9697	0.9697	0.9697	0.9697	0.9697	0.9697	0.9697	0.9697	0.9697	0.9697	0.9697	0.0083	0.0083	0.0083	0.0083	0.0083	0.0083	0.0083	0.0083	0.0083	0.0083	0.0083	0.0083	0.0083	0.0083	0.0083	0.0083	0.0083	0.0083	0.0083	0.0083	0.0083	0.0083	0.0083	0.0083	0.0083	0.0083	0.0083	0.0083	0.0083	0.0083	0.0083	0.0083	0.0083	0.0083	0.0083	0.0083	0.0083	0.0083	0.0083	0.0083	0.0083	0.0083	0.0083	0.0083	0.0083	0.0083	0.0083	0.0083	0.0083	0.0083	0.0083	0.0083	0.0083	0.0083	0.0083	0.0083	0.0083	0.0083	0.0083	0.0083	0.0083	0.0083	0.0083	0.0083	0.0083	0.0083	0.0083	0.0083	0.0083	0.0083	0.0083	0.0083	0.0083	0.0083	0.0083	0.0083	0.0083	0.0083	0.0083	0.0083	0.0083	0.0083	0.0083	0.0083	0.0083	0.0083	0.0083	0.0083	0.0083	0.0083	0.0083	0.0083	0.0083	0.0083	0.0083	0.0083	0.0083	0.0083	0.0083	0.0083	0.0083	0.0083	0.0083	0.0083	0.0083	0.0083	0.0083	0.0083	0.0083	0.0083	0.0083	0.0083	0.0083	0.0083	0.0083	0.0083	0.0083	0.0083	0.0083	0.0083	0.0083	0.0083	0.0083	0.0083	0.0083	0.0083	0.0083	0.0083	0.0083	0.0083	0.0083	0.0083	0.0083	0.0083	0.0083	0.0083	0.0083	0.0083	0.0083	0.0083	0.0083	0.0083	0.0083	0.0083	0.0928	0.0928	0.0928	0.0928
9	0.0139	0.0139	0.0139	0.0139	0.0139	0.0139	0.0139	0.0139	0.0139	0.0139	0.0139	0.0139	0.0139	0.0139	0.0139	0.0139	0.0139	0.0139	0.0139	0.0139	0.0139	0.0139	0.0139	0.0139	0.0139	0.0139	0.0139	0.0139	0.0139	0.0139	0.0139	0.0139	0.0139	0.0139	0.0139	0.0139	0.0139	0.0139	0.0139	0.0139	0.0139	0.0139	0.0139	0.0139	0.0139	0.0139	0.0139	0.0139	0.0139	0.0139	0.0139	0.0139	0.0139	0.0139	0.0139	0.0139	0.0139	0.0139	0.0139	0.0139	0.0139	0.0139	0.0139	0.0139	0.0139	0.0139	0.0139	0.0139	0.0139	0.0139	0.0139	0.0139	0.0139	0.0139	0.0139	0.0139	0.0139	0.0139	0.0139	0.0139	0.0139	0.0139	0.0139	0.0139	0.0139	0.0139	0.0139	0.0139	0.0139	0.0139	0.0139	0.0139	0.0139	0.0139	0.0139	0.0139	0.0139	0.0139	0.0139	0.0139	0.0139	0.0139	0.0139	0.0139	0.0139	0.0139	0.0139	0.8671	0.8671	0.8671	0.8671	0.8671	0.8671	0.8671	0.8671	0.8671	0.8671	0.8671	0.8671	0.8671	0.8671	0.8671	0.8671	0.8671	0.8671	0.8671	0.8671	0.8671	0.8671	0.8671	0.8671	0.8671	0.8671	0.8671	0.8671	0.8671	0.8671	0.8671	0.8671	0.8671	0.8671	0.8671	0.8671	0.8671	0.8671	0.8671	0.8671	0.8671	0.8671	0.8671	0.8671	0.8671	0.0029	0.0029	0.0029	0.0029	0.0029	0.0029	0.0029	0.0029	0.0029	0.0029	0.0029	0.0029	0.0029	0.0029	0.0029	0.0029	0.0029	0.0029	0.0029	0.0029	0.0029	0.0029	0.0029	0.0029	0.0029	0.0029	0.0029	0.0029	0.0029	0.0029	0.0029	0.0029	0.0029	0.0029	0.0029	0.0029	0.0029	0.0029	0.0029	0.0029	0.0029	0.0029	0.0029	0.0029	0.0029	0.0029	0.0029	0.0029	0.0029	0.0029	0.0029	0.0029	0.0029	0.0029	0.0029	0.0029	0.0029	0.0029	0.0029	0.0029	0.0029	0.0029	0.0029	0.0029	0.0029	0.0029	0.0029	0.0029	0.0029	0.0029	0.0029	0.0029	0.0029	0.0029	0.0029	0.0029	0.0029	0.0029	0.0029	0.0029	0.0029	0.0029	0.0029	0.0029	0.0029	0.0029	0.0029	0.0029	0.0029	0.0029	0.0029	0.0029	0.0029	0.0029	0.0029	0.0029	0.0029	0.0029	0.0029	0.0029	0.0029	0.0029	0.0029	0.0029	0.0029	0.0029	0.0029	0.0029	0.0029	0.0029	0.0029	0.0029	0.0029	0.0029	0.0029	0.0029	0.0029	0.0029	0.0029	0.0029	0.0029	0.0029	0.0029	0.0029	0.0029	0.0029	0.0029	0.0029	0.0029	0.0029	0.0029	0.0029	0.0029	0.0029	0.0029	0.0029	0.0029	0.0029	0.0029	0.0029	0.0029	0.0029	0.0029	0.0029	0.0823	0.0823	0.0823	0.0823
10	0.0033	0.0033	0.0033	0.0033	0.0033	0.0033	0.0033	0.0033	0.0033	0.0033	0.0033	0.0033	0.0033	0.0033	0.0033	0.0033	0.0033	0.0033	0.0033	0.0033	0.0033	0.0033	0.0033	0.0033	0.0033	0.0033	0.0033	0.0033	0.0033	0.0033	0.0033	0.0033	0.0033	0.0033	0.0033	0.0033	0.0033	0.0033	0.0033	0.0033	0.0033	0.0033	0.0033	0.0033	0.0033	0.0033	0.0033	0.0033	0.0033	0.0033	0.0033	0.0033	0.0033	0.0033	0.0033	0.0033	0.0033	0.0033	0.0033	0.0033	0.0033	0.0033	0.0033	0.0033	0.0033	0.0033	0.0033	0.0033	0.0033	0.0033	0.0033	0.0033	0.0033	0.0033	0.0033	0.0033	0.0033	0.0033	0.0033	0.0033	0.0033	0.0033	0.0033	0.0033	0.0033	0.0033	0.0033	0.0033	0.0033	0.0033	0.0033	0.0033	0.0033	0.0033	0.0033	0.0033	0.0033	0.0033	0.0033	0.0033	0.0033	0.0033	0.0033	0.0033	0.0033	0.0033	0.0033	0.9556	0.9556	0.9556	0.9556	0.9556	0.9556	0.9556	0.9556	0.9556	0.9556	0.9556	0.9556	0.9556	0.9556	0.9556	0.9556	0.9556	0.9556	0.9556	0.9556	0.9556	0.9556	0.9556	0.9556	0.9556	0.9556	0.9556	0.9556	0.9556	0.9556	0.9556	0.9556	0.9556	0.9556	0.9556	0.9556	0.9556	0.9556	0.9556	0.9556	0.9556	0.9556	0.9556	0.9556	0.9556	0.0016	0.0016	0.0016	0.0016	0.0016	0.0016	0.0016	0.0016	0.0016	0.0016	0.0016	0.0016	0.0016	0.0016	0.0016	0.0016	0.0016	0.0016	0.0016	0.0016	0.0016	0.0016	0.0016	0.0016	0.0016	0.0016	0.0016	0.0016	0.0016	0.0016	0.0016	0.0016	0.0016	0.0016	0.0016	0.0016	0.0016	0.0016	0.0016	0.0016	0.0016	0.0016	0.0016	0.0016	0.0016	0.0016	0.0016	0.0016	0.0016	0.0016	0.0016	0.0016	0.0016	0.0016	0.0016	0.0016	0.0016	0.0016	0.0016	0.0016	0.0016	0.0016	0.0016	0.0016	0.0016	0.0016	0.0016	0.0016	0.0016	0.0016	0.0016	0.0016	0.0016	0.0016	0.0016	0.0016	0.0016	0.0016	0.0016	0.0016	0.0016	0.0016	0.0016	0.0016	0.0016	0.0016	0.0016	0.0016	0.0016	0.0016	0.0016	0.0016	0.0016	0.0016	0.0016	0.0016	0.0016	0.0016	0.0016	0.0016	0.0016	0.0016	0.0016	0.0016	0.0016	0.0016	0.0016	0.0016	0.0016	0.0016	0.0016	0.0016	0.0016	0.0016	0.0016	0.0016	0.0016	0.0016	0.0016	0.0016	0.0016	0.0016	0.0016	0.0016	0.0016	0.0016	0.0016	0.0016	0.0016	0.0016	0.0016	0.0016	0.0016	0.0016	0.0016	0.0016	0.0016	0.0016	0.0016	0.0016	0.0016	0.0016	0.0016	0.0016	0.0784	0.0784	0.0784	0.0784
11	0.0145	0.0145	0.0145	0.0145	0.0145	0.0145	0.0145	0.0145	0.0145	0.0145	0.0145	0.0145	0.0145	0.0145	0.0145	0.0145	0.0145	0.0145	0.0145	0.0145	0.0145	0.0145	0.0145	0.0145	0.0145	0.0145	0.0145	0.0145	0.0145	0.0145	0.0145	0.0145	0.0145	0.0145	0.0145	0.0145	0.0145	0.0145	0.0145	0.0145	0.0145	0.0145	0.0145	0.0145	0.0145	0.0145	0.0145	0.0145	0.0145	0.0145	0.0145	0.0145	0.0145	0.0145	0.0145	0.0145	0.0145	0.0145	0.0145	0.0145	0.0145	0.0145	0.0145	0.0145	0.0145	0.0145	0.0145	0.0145	0.0145	0.0145	0.0145	0.0145	0.0145	0.0145	0.0145	0.0145	0.0145	0.0145	0.0145	0.0145	0.0145	0.0145	0.0145	0.0145	0.0145	0.0145	0.0145	0.0145	0.0145	0.0145	0.0145	0.0145	0.0145	0.0145	0.0145	0.0145	0.0145	0.0145	0.0145	0.0145	0.0145	0.0145	0.0145	0.0145	0.0145	0.0145	0.0145	0.9267	0.9267	0.9267	0.9267	0.9267	0.9267	0.9267	0.9267	0.9267	0.9267	0.9267	0.9267	0.9267	0.9267	0.9267	0.9267	0.9267	0.9267	0.9267	0.9267	0.9267	0.9267	0.9267	0.9267	0.9267	0.9267	0.9267	0.9267	0.9267	0.9267	0.9267	0.9267	0.9267	0.9267	0.9267	0.9267	0.9267	0.9267	0.9267	0.9267	0.9267	0.9267	0.9267	0.9267	0.9267	0.022	0.022	0.022	0.022	0.022	0.022	0.022	0.022	0.022	0.022	0.022	0.022	0.022	0.022	0.022	0.022	0.022	0.022	0.022	0.022	0.022	0.022	0.022	0.022	0.022	0.022	0.022	0.022	0.022	0.022	0.022	0.022	0.022	0.022	0.022	0.022	0.022	0.022	0.022	0.022	0.022	0.022	0.022	0.022	0.022	0.022	0.022	0.022	0.022	0.022	0.022	0.022	0.022	0.022	0.022	0.022	0.022	0.022	0.022	0.022	0.022	0.022	0.022	0.022	0.022	0.022	0.022	0.022	0.022	0.022	0.022	0.022	0.022	0.022	0.022	0.022	0.022	0.022	0.022	0.022	0.022	0.022	0.022	0.022	0.022	0.022	0.022	0.022	0.022	0.022	0.022	0.022	0.022	0.022	0.022	0.022	0.022	0.022	0.022	0.022	0.022	0.022	0.022	0.022	0.022	0.022	0.022	0.022	0.022	0.022	0.022	0.022	0.022	0.022	0.022	0.022	0.022	0.022	0.022	0.022	0.022	0.022	0.022	0.022	0.022	0.022	0.022	0.022	0.022	0.022	0.022	0.022	0.022	0.022	0.022	0.022	0.022	0.022	0.022	0.022	0.022	0.022	0.022	0.022	0.0648	0.0648	0.0648	0.0648
12	0.0145	0.0145	0.0145	0.0145	0.0145	0.0145	0.0145	0.0145	0.0145	0.0145	0.0145	0.0145	0.0145	0.0145	0.0145	0.0145	0.0145	0.0145	0.0145	0.0145	0.0145	0.0145	0.0145	0.0145	0.0145	0.0145	0.0145	0.0145	0.0145	0.0145	0.0145	0.0145	0.0145	0.0145	0.0145	0.0145	0.0145	0.0145	0.0145	0.0145	0.0145	0.0145	0.0145	0.0145	0.0145	0.0145	0.0145	0.0145	0.0145	0.0145	0.0145	0.0145	0.0145	0.0145	0.0145	0.0145	0.0145	0.0145	0.0145	0.0145	0.0145	0.0145	0.0145	0.0145	0.0145	0.0145	0.0145	0.0145	0.0145	0.0145	0.0145	0.0145	0.0145	0.0145	0.0145	0.0145	0.0145	0.0145	0.0145	0.0145	0.0145	0.0145	0.0145	0.0145	0.0145	0.0145	0.0145	0.0145	0.0145	0.0145	0.0145	0.0145	0.0145	0.0145	0.0145	0.0145	0.0145	0.0145	0.0145	0.0145	0.0145	0.0145	0.0145	0.0145	0.0145	0.0145	0.0145	0.036	0.036	0.036	0.036	0.036	0.036	0.036	0.036	0.036	0.036	0.036	0.036	0.036	0.036	0.036	0.036	0.036	0.036	0.036	0.036	0.036	0.036	0.036	0.036	0.036	0.036	0.036	0.036	0.036	0.036	0.036	0.036	0.036	0.036	0.036	0.036	0.036	0.036	0.036	0.036	0.036	0.036	0.036	0.036	0.036	0.0112	0.0112	0.0112	0.0112	0.0112	0.0112	0.0112	0.0112	0.0112	0.0112	0.0112	0.0112	0.0112	0.0112	0.0112	0.0112	0.0112	0.0112	0.0112	0.0112	0.0112	0.0112	0.0112	0.0112	0.0112	0.0112	0.0112	0.0112	0.0112	0.0112	0.0112	0.0112	0.0112	0.0112	0.0112	0.0112	0.0112	0.0112	0.0112	0.0112	0.0112	0.0112	0.0112	0.0112	0.0112	0.0112	0.0112	0.0112	0.0112	0.0112	0.0112	0.0112	0.0112	0.0112	0.0112	0.0112	0.0112	0.0112	0.0112	0.0112	0.0112	0.0112	0.0112	0.0112	0.0112	0.0112	0.0112	0.0112	0.0112	0.0112	0.0112	0.0112	0.0112	0.0112	0.0112	0.0112	0.0112	0.0112	0.0112	0.0112	0.0112	0.0112	0.0112	0.0112	0.0112	0.0112	0.0112	0.0112	0.0112	0.0112	0.0112	0.0112	0.0112	0.0112	0.0112	0.0112	0.0112	0.0112	0.0112	0.0112	0.0112	0.0112	0.0112	0.0112	0.0112	0.0112	0.0112	0.0112	0.0112	0.0112	0.0112	0.0112	0.0112	0.0112	0.0112	0.0112	0.0112	0.0112	0.0112	0.0112	0.0112	0.0112	0.0112	0.0112	0.0112	0.0112	0.0112	0.0112	0.0112	0.0112	0.0112	0.0112	0.0112	0.0112	0.0112	0.0112	0.0112	0.0112	0.0112	0.0112	0.0112	0.0112	0.0112	0.0112	0.2256	0.2256	0.2256	0.2256
13	0.011	0.011	0.011	0.011	0.011	0.011	0.011	0.011	0.011	0.011	0.011	0.011	0.011	0.011	0.011	0.011	0.011	0.011	0.011	0.011	0.011	0.011	0.011	0.011	0.011	0.011	0.011	0.011	0.011	0.011	0.011	0.011	0.011	0.011	0.011	0.011	0.011	0.011	0.011	0.011	0.011	0.011	0.011	0.011	0.011	0.011	0.011	0.011	0.011	0.011	0.011	0.011	0.011	0.011	0.011	0.011	0.011	0.011	0.011	0.011	0.011	0.011	0.011	0.011	0.011	0.011	0.011	0.011	0.011	0.011	0.011	0.011	0.011	0.011	0.011	0.011	0.011	0.011	0.011	0.011	0.011	0.011	0.011	0.011	0.011	0.011	0.011	0.011	0.011	0.011	0.011	0.011	0.011	0.011	0.011	0.011	0.011	0.011	0.011	0.011	0.011	0.011	0.011	0.011	0.011	0.011	0.011	0.0316	0.0316	0.0316	0.0316	0.0316	0.0316	0.0316	0.0316	0.0316	0.0316	0.0316	0.0316	0.0316	0.0316	0.0316	0.0316	0.0316	0.0316	0.0316	0.0316	0.0316	0.0316	0.0316	0.0316	0.0316	0.0316	0.0316	0.0316	0.0316	0.0316	0.0316	0.0316	0.0316	0.0316	0.0316	0.0316	0.0316	0.0316	0.0316	0.0316	0.0316	0.0316	0.0316	0.0316	0.0316	0.0083	0.0083	0.0083	0.0083	0.0083	0.0083	0.0083	0.0083	0.0083	0.0083	0.0083	0.0083	0.0083	0.0083	0.0083	0.0083	0.0083	0.0083	0.0083	0.0083	0.0083	0.0083	0.0083	0.0083	0.0083	0.0083	0.0083	0.0083	0.0083	0.0083	0.0083	0.0083	0.0083	0.0083	0.0083	0.0083	0.0083	0.0083	0.0083	0.0083	0.0083	0.0083	0.0083	0.0083	0.0083	0.0083	0.0083	0.0083	0.0083	0.0083	0.0083	0.0083	0.0083	0.0083	0.0083	0.0083	0.0083	0.0083	0.0083	0.0083	0.0083	0.0083	0.0083	0.0083	0.0083	0.0083	0.0083	0.0083	0.0083	0.0083	0.0083	0.0083	0.0083	0.0083	0.0083	0.0083	0.0083	0.0083	0.0083	0.0083	0.0083	0.0083	0.0083	0.0083	0.0083	0.0083	0.0083	0.0083	0.0083	0.0083	0.0083	0.0083	0.0083	0.0083	0.0083	0.0083	0.0083	0.0083	0.0083	0.0083	0.0083	0.0083	0.0083	0.0083	0.0083	0.0083	0.0083	0.0083	0.0083	0.0083	0.0083	0.0083	0.0083	0.0083	0.0083	0.0083	0.0083	0.0083	0.0083	0.0083	0.0083	0.0083	0.0083	0.0083	0.0083	0.0083	0.0083	0.0083	0.0083	0.0083	0.0083	0.0083	0.0083	0.0083	0.0083	0.0083	0.0083	0.0083	0.0083	0.0083	0.0083	0.0083	0.0083	0.0083	0.8903	0.8903	0.8903	0.8903
14	0.0133	0.0133	0.0133	0.0133	0.0133	0.0133	0.0133	0.0133	0.0133	0.0133	0.0133	0.0133	0.0133	0.0133	0.0133	0.0133	0.0133	0.0133	0.0133	0.0133	0.0133	0.0133	0.0133	0.0133	0.0133	0.0133	0.0133	0.0133	0.0133	0.0133	0.0133	0.0133	0.0133	0.0133	0.0133	0.0133	0.0133	0.0133	0.0133	0.0133	0.0133	0.0133	0.0133	0.0133	0.0133	0.0133	0.0133	0.0133	0.0133	0.0133	0.0133	0.0133	0.0133	0.0133	0.0133	0.0133	0.0133	0.0133	0.0133	0.0133	0.0133	0.0133	0.0133	0.0133	0.0133	0.0133	0.0133	0.0133	0.0133	0.0133	0.0133	0.0133	0.0133	0.0133	0.0133	0.0133	0.0133	0.0133	0.0133	0.0133	0.0133	0.0133	0.0133	0.0133	0.0133	0.0133	0.0133	0.0133	0.0133	0.0133	0.0133	0.0133	0.0133	0.0133	0.0133	0.0133	0.0133	0.0133	0.0133	0.0133	0.0133	0.0133	0.0133	0.0133	0.0133	0.0133	0.0133	0.0076	0.0076	0.0076	0.0076	0.0076	0.0076	0.0076	0.0076	0.0076	0.0076	0.0076	0.0076	0.0076	0.0076	0.0076	0.0076	0.0076	0.0076	0.0076	0.0076	0.0076	0.0076	0.0076	0.0076	0.0076	0.0076	0.0076	0.0076	0.0076	0.0076	0.0076	0.0076	0.0076	0.0076	0.0076	0.0076	0.0076	0.0076	0.0076	0.0076	0.0076	0.0076	0.0076	0.0076	0.0076	0.0056	0.0056	0.0056	0.0056	0.0056	0.0056	0.0056	0.0056	0.0056	0.0056	0.0056	0.0056	0.0056	0.0056	0.0056	0.0056	0.0056	0.0056	0.0056	0.0056	0.0056	0.0056	0.0056	0.0056	0.0056	0.0056	0.0056	0.0056	0.0056	0.0056	0.0056	0.0056	0.0056	0.0056	0.0056	0.0056	0.0056	0.0056	0.0056	0.0056	0.0056	0.0056	0.0056	0.0056	0.0056	0.0056	0.0056	0.0056	0.0056	0.0056	0.0056	0.0056	0.0056	0.0056	0.0056	0.0056	0.0056	0.0056	0.0056	0.0056	0.0056	0.0056	0.0056	0.0056	0.0056	0.0056	0.0056	0.0056	0.0056	0.0056	0.0056	0.0056	0.0056	0.0056	0.0056	0.0056	0.0056	0.0056	0.0056	0.0056	0.0056	0.0056	0.0056	0.0056	0.0056	0.0056	0.0056	0.0056	0.0056	0.0056	0.0056	0.0056	0.0056	0.0056	0.0056	0.0056	0.0056	0.0056	0.0056	0.0056	0.0056	0.0056	0.0056	0.0056	0.0056	0.0056	0.0056	0.0056	0.0056	0.0056	0.0056	0.0056	0.0056	0.0056	0.0056	0.0056	0.0056	0.0056	0.0056	0.0056	0.0056	0.0056	0.0056	0.0056	0.0056	0.0056	0.0056	0.0056	0.0056	0.0056	0.0056	0.0056	0.0056	0.0056	0.0056	0.0056	0.0056	0.0056	0.0056	0.0056	0.0056	0.0056	0.0056	0.0056	0.7607	0.7607	0.7607	0.7607
15	0.0105	0.0105	0.0105	0.0105	0.0105	0.0105	0.0105	0.0105	0.0105	0.0105	0.0105	0.0105	0.0105	0.0105	0.0105	0.0105	0.0105	0.0105	0.0105	0.0105	0.0105	0.0105	0.0105	0.0105	0.0105	0.0105	0.0105	0.0105	0.0105	0.0105	0.0105	0.0105	0.0105	0.0105	0.0105	0.0105	0.0105	0.0105	0.0105	0.0105	0.0105	0.0105	0.0105	0.0105	0.0105	0.0105	0.0105	0.0105	0.0105	0.0105	0.0105	0.0105	0.0105	0.0105	0.0105	0.0105	0.0105	0.0105	0.0105	0.0105	0.0105	0.0105	0.0105	0.0105	0.0105	0.0105	0.0105	0.0105	0.0105	0.0105	0.0105	0.0105	0.0105	0.0105	0.0105	0.0105	0.0105	0.0105	0.0105	0.0105	0.0105	0.0105	0.0105	0.0105	0.0105	0.0105	0.0105	0.0105	0.0105	0.0105	0.0105	0.0105	0.0105	0.0105	0.0105	0.0105	0.0105	0.0105	0.0105	0.0105	0.0105	0.0105	0.0105	0.0105	0.0105	0.0105	0.0105	0.0276	0.0276	0.0276	0.0276	0.0276	0.0276	0.0276	0.0276	0.0276	0.0276	0.0276	0.0276	0.0276	0.0276	0.0276	0.0276	0.0276	0.0276	0.0276	0.0276	0.0276	0.0276	0.0276	0.0276	0.0276	0.0276	0.0276	0.0276	0.0276	0.0276	0.0276	0.0276	0.0276	0.0276	0.0276	0.0276	0.0276	0.0276	0.0276	0.0276	0.0276	0.0276	0.0276	0.0276	0.0276	0.0027	0.0027	0.0027	0.0027	0.0027	0.0027	0.0027	0.0027	0.0027	0.0027	0.0027	0.0027	0.0027	0.0027	0.0027	0.0027	0.0027	0.0027	0.0027	0.0027	0.0027	0.0027	0.0027	0.0027	0.0027	0.0027	0.0027	0.0027	0.0027	0.0027	0.0027	0.0027	0.0027	0.0027	0.0027	0.0027	0.0027	0.0027	0.0027	0.0027	0.0027	0.0027	0.0027	0.0027	0.0027	0.0027	0.0027	0.0027	0.0027	0.0027	0.0027	0.0027	0.0027	0.0027	0.0027	0.0027	0.0027	0.0027	0.0027	0.0027	0.0027	0.0027	0.0027	0.0027	0.0027	0.0027	0.0027	0.0027	0.0027	0.0027	0.0027	0.0027	0.0027	0.0027	0.0027	0.0027	0.0027	0.0027	0.0027	0.0027	0.0027	0.0027	0.0027	0.0027	0.0027	0.0027	0.0027	0.0027	0.0027	0.0027	0.0027	0.0027	0.0027	0.0027	0.0027	0.0027	0.0027	0.0027	0.0027	0.0027	0.0027	0.0027	0.0027	0.0027	0.0027	0.0027	0.0027	0.0027	0.0027	0.0027	0.0027	0.0027	0.0027	0.0027	0.0027	0.0027	0.0027	0.0027	0.0027	0.0027	0.0027	0.0027	0.0027	0.0027	0.0027	0.0027	0.0027	0.0027	0.0027	0.0027	0.0027	0.0027	0.0027	0.0027	0.0027	0.0027	0.0027	0.0027	0.0027	0.0027	0.0027	0.0027	0.0027	0.0027	0.8364	0.8364	0.8364	0.8364
16	0.0043	0.0043	0.0043	0.0043	0.0043	0.0043	0.0043	0.0043	0.0043	0.0043	0.0043	0.0043	0.0043	0.0043	0.0043	0.0043	0.0043	0.0043	0.0043	0.0043	0.0043	0.0043	0.0043	0.0043	0.0043	0.0043	0.0043	0.0043	0.0043	0.0043	0.0043	0.0043	0.0043	0.0043	0.0043	0.0043	0.0043	0.0043	0.0043	0.0043	0.0043	0.0043	0.0043	0.0043	0.0043	0.0043	0.0043	0.0043	0.0043	0.0043	0.0043	0.0043	0.0043	0.0043	0.0043	0.0043	0.0043	0.0043	0.0043	0.0043	0.0043	0.0043	0.0043	0.0043	0.0043	0.0043	0.0043	0.0043	0.0043	0.0043	0.0043	0.0043	0.0043	0.0043	0.0043	0.0043	0.0043	0.0043	0.0043	0.0043	0.0043	0.0043	0.0043	0.0043	0.0043	0.0043	0.0043	0.0043	0.0043	0.0043	0.0043	0.0043	0.0043	0.0043	0.0043	0.0043	0.0043	0.0043	0.0043	0.0043	0.0043	0.0043	0.0043	0.0043	0.0043	0.0043	0.0043	0.0088	0.0088	0.0088	0.0088	0.0088	0.0088	0.0088	0.0088	0.0088	0.0088	0.0088	0.0088	0.0088	0.0088	0.0088	0.0088	0.0088	0.0088	0.0088	0.0088	0.0088	0.0088	0.0088	0.0088	0.0088	0.0088	0.0088	0.0088	0.0088	0.0088	0.0088	0.0088	0.0088	0.0088	0.0088	0.0088	0.0088	0.0088	0.0088	0.0088	0.0088	0.0088	0.0088	0.0088	0.0088	0.0091	0.0091	0.0091	0.0091	0.0091	0.0091	0.0091	0.0091	0.0091	0.0091	0.0091	0.0091	0.0091	0.0091	0.0091	0.0091	0.0091	0.0091	0.0091	0.0091	0.0091	0.0091	0.0091	0.0091	0.0091	0.0091	0.0091	0.0091	0.0091	0.0091	0.0091	0.0091	0.0091	0.0091	0.0091	0.0091	0.0091	0.0091	0.0091	0.0091	0.0091	0.0091	0.0091	0.0091	0.0091	0.0091	0.0091	0.0091	0.0091	0.0091	0.0091	0.0091	0.0091	0.0091	0.0091	0.0091	0.0091	0.0091	0.0091	0.0091	0.0091	0.0091	0.0091	0.0091	0.0091	0.0091	0.0091	0.0091	0.0091	0.0091	0.0091	0.0091	0.0091	0.0091	0.0091	0.0091	0.0091	0.0091	0.0091	0.0091	0.0091	0.0091	0.0091	0.0091	0.0091	0.0091	0.0091	0.0091	0.0091	0.0091	0.0091	0.0091	0.0091	0.0091	0.0091	0.0091	0.0091	0.0091	0.0091	0.0091	0.0091	0.0091	0.0091	0.0091	0.0091	0.0091	0.0091	0.0091	0.0091	0.0091	0.0091	0.0091	0.0091	0.0091	0.0091	0.0091	0.0091	0.0091	0.0091	0.0091	0.0091	0.0091	0.0091	0.0091	0.0091	0.0091	0.0091	0.0091	0.0091	0.0091	0.0091	0.0091	0.0091	0.0091	0.0091	0.0091	0.0091	0.0091	0.0091	0.0091	0.0091	0.0091	0.0091	0.0091	0.8267	0.8267	0.8267	0.8267
17	0.003	0.003	0.003	0.003	0.003	0.003	0.003	0.003	0.003	0.003	0.003	0.003	0.003	0.003	0.003	0.003	0.003	0.003	0.003	0.003	0.003	0.003	0.003	0.003	0.003	0.003	0.003	0.003	0.003	0.003	0.003	0.003	0.003	0.003	0.003	0.003	0.003	0.003	0.003	0.003	0.003	0.003	0.003	0.003	0.003	0.003	0.003	0.003	0.003	0.003	0.003	0.003	0.003	0.003	0.003	0.003	0.003	0.003	0.003	0.003	0.003	0.003	0.003	0.003	0.003	0.003	0.003	0.003	0.003	0.003	0.003	0.003	0.003	0.003	0.003	0.003	0.003	0.003	0.003	0.003	0.003	0.003	0.003	0.003	0.003	0.003	0.003	0.003	0.003	0.003	0.003	0.003	0.003	0.003	0.003	0.003	0.003	0.003	0.003	0.003	0.003	0.003	0.003	0.003	0.003	0.003	0.003	0.0083	0.0083	0.0083	0.0083	0.0083	0.0083	0.0083	0.0083	0.0083	0.0083	0.0083	0.0083	0.0083	0.0083	0.0083	0.0083	0.0083	0.0083	0.0083	0.0083	0.0083	0.0083	0.0083	0.0083	0.0083	0.0083	0.0083	0.0083	0.0083	0.0083	0.0083	0.0083	0.0083	0.0083	0.0083	0.0083	0.0083	0.0083	0.0083	0.0083	0.0083	0.0083	0.0083	0.0083	0.0083	0.0133	0.0133	0.0133	0.0133	0.0133	0.0133	0.0133	0.0133	0.0133	0.0133	0.0133	0.0133	0.0133	0.0133	0.0133	0.0133	0.0133	0.0133	0.0133	0.0133	0.0133	0.0133	0.0133	0.0133	0.0133	0.0133	0.0133	0.0133	0.0133	0.0133	0.0133	0.0133	0.0133	0.0133	0.0133	0.0133	0.0133	0.0133	0.0133	0.0133	0.0133	0.0133	0.0133	0.0133	0.0133	0.0133	0.0133	0.0133	0.0133	0.0133	0.0133	0.0133	0.0133	0.0133	0.0133	0.0133	0.0133	0.0133	0.0133	0.0133	0.0133	0.0133	0.0133	0.0133	0.0133	0.0133	0.0133	0.0133	0.0133	0.0133	0.0133	0.0133	0.0133	0.0133	0.0133	0.0133	0.0133	0.0133	0.0133	0.0133	0.0133	0.0133	0.0133	0.0133	0.0133	0.0133	0.0133	0.0133	0.0133	0.0133	0.0133	0.0133	0.0133	0.0133	0.0133	0.0133	0.0133	0.0133	0.0133	0.0133	0.0133	0.0133	0.0133	0.0133	0.0133	0.0133	0.0133	0.0133	0.0133	0.0133	0.0133	0.0133	0.0133	0.0133	0.0133	0.0133	0.0133	0.0133	0.0133	0.0133	0.0133	0.0133	0.0133	0.0133	0.0133	0.0133	0.0133	0.0133	0.0133	0.0133	0.0133	0.0133	0.0133	0.0133	0.0133	0.0133	0.0133	0.0133	0.0133	0.0133	0.0133	0.0133	0.0133	0.0133	0.3558	0.3558	0.3558	0.3558
18	0.0155	0.0155	0.0155	0.0155	0.0155	0.0155	0.0155	0.0155	0.0155	0.0155	0.0155	0.0155	0.0155	0.0155	0.0155	0.0155	0.0155	0.0155	0.0155	0.0155	0.0155	0.0155	0.0155	0.0155	0.0155	0.0155	0.0155	0.0155	0.0155	0.0155	0.0155	0.0155	0.0155	0.0155	0.0155	0.0155	0.0155	0.0155	0.0155	0.0155	0.0155	0.0155	0.0155	0.0155	0.0155	0.0155	0.0155	0.0155	0.0155	0.0155	0.0155	0.0155	0.0155	0.0155	0.0155	0.0155	0.0155	0.0155	0.0155	0.0155	0.0155	0.0155	0.0155	0.0155	0.0155	0.0155	0.0155	0.0155	0.0155	0.0155	0.0155	0.0155	0.0155	0.0155	0.0155	0.0155	0.0155	0.0155	0.0155	0.0155	0.0155	0.0155	0.0155	0.0155	0.0155	0.0155	0.0155	0.0155	0.0155	0.0155	0.0155	0.0155	0.0155	0.0155	0.0155	0.0155	0.0155	0.0155	0.0155	0.0155	0.0155	0.0155	0.0155	0.0155	0.0155	0.0155	0.0155	0.0077	0.0077	0.0077	0.0077	0.0077	0.0077	0.0077	0.0077	0.0077	0.0077	0.0077	0.0077	0.0077	0.0077	0.0077	0.0077	0.0077	0.0077	0.0077	0.0077	0.0077	0.0077	0.0077	0.0077	0.0077	0.0077	0.0077	0.0077	0.0077	0.0077	0.0077	0.0077	0.0077	0.0077	0.0077	0.0077	0.0077	0.0077	0.0077	0.0077	0.0077	0.0077	0.0077	0.0077	0.0077	0.005	0.005	0.005	0.005	0.005	0.005	0.005	0.005	0.005	0.005	0.005	0.005	0.005	0.005	0.005	0.005	0.005	0.005	0.005	0.005	0.005	0.005	0.005	0.005	0.005	0.005	0.005	0.005	0.005	0.005	0.005	0.005	0.005	0.005	0.005	0.005	0.005	0.005	0.005	0.005	0.005	0.005	0.005	0.005	0.005	0.005	0.005	0.005	0.005	0.005	0.005	0.005	0.005	0.005	0.005	0.005	0.005	0.005	0.005	0.005	0.005	0.005	0.005	0.005	0.005	0.005	0.005	0.005	0.005	0.005	0.005	0.005	0.005	0.005	0.005	0.005	0.005	0.005	0.005	0.005	0.005	0.005	0.005	0.005	0.005	0.005	0.005	0.005	0.005	0.005	0.005	0.005	0.005	0.005	0.005	0.005	0.005	0.005	0.005	0.005	0.005	0.005	0.005	0.005	0.005	0.005	0.005	0.005	0.005	0.005	0.005	0.005	0.005	0.005	0.005	0.005	0.005	0.005	0.005	0.005	0.005	0.005	0.005	0.005	0.005	0.005	0.005	0.005	0.005	0.005	0.005	0.005	0.005	0.005	0.005	0.005	0.005	0.005	0.005	0.005	0.005	0.005	0.005	0.005	0.9468	0.9468	0.9468	0.9468
19	0.0032	0.0032	0.0032	0.0032	0.0032	0.0032	0.0032	0.0032	0.0032	0.0032	0.0032	0.0032	0.0032	0.0032	0.0032	0.0032	0.0032	0.0032	0.0032	0.0032	0.0032	0.0032	0.0032	0.0032	0.0032	0.0032	0.0032	0.0032	0.0032	0.0032	0.0032	0.0032	0.0032	0.0032	0.0032	0.0032	0.0032	0.0032	0.0032	0.0032	0.0032	0.0032	0.0032	0.0032	0.0032	0.0032	0.0032	0.0032	0.0032	0.0032	0.0032	0.0032	0.0032	0.0032	0.0032	0.0032	0.0032	0.0032	0.0032	0.0032	0.0032	0.0032	0.0032	0.0032	0.0032	0.0032	0.0032	0.0032	0.0032	0.0032	0.0032	0.0032	0.0032	0.0032	0.0032	0.0032	0.0032	0.0032	0.0032	0.0032	0.0032	0.0032	0.0032	0.0032	0.0032	0.0032	0.0032	0.0032	0.0032	0.0032	0.0032	0.0032	0.0032	0.0032	0.0032	0.0032	0.0032	0.0032	0.0032	0.0032	0.0032	0.0032	0.0032	0.0032	0.0032	0.0032	0.0032	0.0092	0.0092	0.0092	0.0092	0.0092	0.0092	0.0092	0.0092	0.0092	0.0092	0.0092	0.0092	0.0092	0.0092	0.0092	0.0092	0.0092	0.0092	0.0092	0.0092	0.0092	0.0092	0.0092	0.0092	0.0092	0.0092	0.0092	0.0092	0.0092	0.0092	0.0092	0.0092	0.0092	0.0092	0.0092	0.0092	0.0092	0.0092	0.0092	0.0092	0.0092	0.0092	0.0092	0.0092	0.0092	0.0024	0.0024	0.0024	0.0024	0.0024	0.0024	0.0024	0.0024	0.0024	0.0024	0.0024	0.0024	0.0024	0.0024	0.0024	0.0024	0.0024	0.0024	0.0024	0.0024	0.0024	0.0024	0.0024	0.0024	0.0024	0.0024	0.0024	0.0024	0.0024	0.0024	0.0024	0.0024	0.0024	0.0024	0.0024	0.0024	0.0024	0.0024	0.0024	0.0024	0.0024	0.0024	0.0024	0.0024	0.0024	0.0024	0.0024	0.0024	0.0024	0.0024	0.0024	0.0024	0.0024	0.0024	0.0024	0.0024	0.0024	0.0024	0.0024	0.0024	0.0024	0.0024	0.0024	0.0024	0.0024	0.0024	0.0024	0.0024	0.0024	0.0024	0.0024	0.0024	0.0024	0.0024	0.0024	0.0024	0.0024	0.0024	0.0024	0.0024	0.0024	0.0024	0.0024	0.0024	0.0024	0.0024	0.0024	0.0024	0.0024	0.0024	0.0024	0.0024	0.0024	0.0024	0.0024	0.0024	0.0024	0.0024	0.0024	0.0024	0.0024	0.0024	0.0024	0.0024	0.0024	0.0024	0.0024	0.0024	0.0024	0.0024	0.0024	0.0024	0.0024	0.0024	0.0024	0.0024	0.0024	0.0024	0.0024	0.0024	0.0024	0.0024	0.0024	0.0024	0.0024	0.0024	0.0024	0.0024	0.0024	0.0024	0.0024	0.0024	0.0024	0.0024	0.0024	0.0024	0.0024	0.0024	0.0024	0.0024	0.0024	0.0024	0.0024	0.0024	0.6874	0.6874	0.6874	0.6874
20	0.0532	0.0532	0.0532	0.0532	0.0532	0.0532	0.0532	0.0532	0.0532	0.0532	0.0532	0.0532	0.0532	0.0532	0.0532	0.0532	0.0532	0.0532	0.0532	0.0532	0.0532	0.0532	0.0532	0.0532	0.0532	0.0532	0.0532	0.0532	0.0532	0.0532	0.0532	0.0532	0.0532	0.0532	0.0532	0.0532	0.0532	0.0532	0.0532	0.0532	0.0532	0.0532	0.0532	0.0532	0.0532	0.0532	0.0532	0.0532	0.0532	0.0532	0.0532	0.0532	0.0532	0.0532	0.0532	0.0532	0.0532	0.0532	0.0532	0.0532	0.0532	0.0532	0.0532	0.0532	0.0532	0.0532	0.0532	0.0532	0.0532	0.0532	0.0532	0.0532	0.0532	0.0532	0.0532	0.0532	0.0532	0.0532	0.0532	0.0532	0.0532	0.0532	0.0532	0.0532	0.0532	0.0532	0.0532	0.0532	0.0532	0.0532	0.0532	0.0532	0.0532	0.0532	0.0532	0.0532	0.0532	0.0532	0.0532	0.0532	0.0532	0.0532	0.0532	0.0532	0.0532	0.0532	0.0532	0.0095	0.0095	0.0095	0.0095	0.0095	0.0095	0.0095	0.0095	0.0095	0.0095	0.0095	0.0095	0.0095	0.0095	0.0095	0.0095	0.0095	0.0095	0.0095	0.0095	0.0095	0.0095	0.0095	0.0095	0.0095	0.0095	0.0095	0.0095	0.0095	0.0095	0.0095	0.0095	0.0095	0.0095	0.0095	0.0095	0.0095	0.0095	0.0095	0.0095	0.0095	0.0095	0.0095	0.0095	0.0095	0.0106	0.0106	0.0106	0.0106	0.0106	0.0106	0.0106	0.0106	0.0106	0.0106	0.0106	0.0106	0.0106	0.0106	0.0106	0.0106	0.0106	0.0106	0.0106	0.0106	0.0106	0.0106	0.0106	0.0106	0.0106	0.0106	0.0106	0.0106	0.0106	0.0106	0.0106	0.0106	0.0106	0.0106	0.0106	0.0106	0.0106	0.0106	0.0106	0.0106	0.0106	0.0106	0.0106	0.0106	0.0106	0.0106	0.0106	0.0106	0.0106	0.0106	0.0106	0.0106	0.0106	0.0106	0.0106	0.0106	0.0106	0.0106	0.0106	0.0106	0.0106	0.0106	0.0106	0.0106	0.0106	0.0106	0.0106	0.0106	0.0106	0.0106	0.0106	0.0106	0.0106	0.0106	0.0106	0.0106	0.0106	0.0106	0.0106	0.0106	0.0106	0.0106	0.0106	0.0106	0.0106	0.0106	0.0106	0.0106	0.0106	0.0106	0.0106	0.0106	0.0106	0.0106	0.0106	0.0106	0.0106	0.0106	0.0106	0.0106	0.0106	0.0106	0.0106	0.0106	0.0106	0.0106	0.0106	0.0106	0.0106	0.0106	0.0106	0.0106	0.0106	0.0106	0.0106	0.0106	0.0106	0.0106	0.0106	0.0106	0.0106	0.0106	0.0106	0.0106	0.0106	0.0106	0.0106	0.0106	0.0106	0.0106	0.0106	0.0106	0.0106	0.0106	0.0106	0.0106	0.0106	0.0106	0.0106	0.0106	0.0106	0.0106	0.0106	0.0106	0.9342	0.9342	0.9342	0.9342
21	0.0026	0.0026	0.0026	0.0026	0.0026	0.0026	0.0026	0.0026	0.0026	0.0026	0.0026	0.0026	0.0026	0.0026	0.0026	0.0026	0.0026	0.0026	0.0026	0.0026	0.0026	0.0026	0.0026	0.0026	0.0026	0.0026	0.0026	0.0026	0.0026	0.0026	0.0026	0.0026	0.0026	0.0026	0.0026	0.0026	0.0026	0.0026	0.0026	0.0026	0.0026	0.0026	0.0026	0.0026	0.0026	0.0026	0.0026	0.0026	0.0026	0.0026	0.0026	0.0026	0.0026	0.0026	0.0026	0.0026	0.0026	0.0026	0.0026	0.0026	0.0026	0.0026	0.0026	0.0026	0.0026	0.0026	0.0026	0.0026	0.0026	0.0026	0.0026	0.0026	0.0026	0.0026	0.0026	0.0026	0.0026	0.0026	0.0026	0.0026	0.0026	0.0026	0.0026	0.0026	0.0026	0.0026	0.0026	0.0026	0.0026	0.0026	0.0026	0.0026	0.0026	0.0026	0.0026	0.0026	0.0026	0.0026	0.0026	0.0026	0.0026	0.0026	0.0026	0.0026	0.0026	0.0026	0.0026	0.0067	0.0067	0.0067	0.0067	0.0067	0.0067	0.0067	0.0067	0.0067	0.0067	0.0067	0.0067	0.0067	0.0067	0.0067	0.0067	0.0067	0.0067	0.0067	0.0067	0.0067	0.0067	0.0067	0.0067	0.0067	0.0067	0.0067	0.0067	0.0067	0.0067	0.0067	0.0067	0.0067	0.0067	0.0067	0.0067	0.0067	0.0067	0.0067	0.0067	0.0067	0.0067	0.0067	0.0067	0.0067	0.0106	0.0106	0.0106	0.0106	0.0106	0.0106	0.0106	0.0106	0.0106	0.0106	0.0106	0.0106	0.0106	0.0106	0.0106	0.0106	0.0106	0.0106	0.0106	0.0106	0.0106	0.0106	0.0106	0.0106	0.0106	0.0106	0.0106	0.0106	0.0106	0.0106	0.0106	0.0106	0.0106	0.0106	0.0106	0.0106	0.0106	0.0106	0.0106	0.0106	0.0106	0.0106	0.0106	0.0106	0.0106	0.0106	0.0106	0.0106	0.0106	0.0106	0.0106	0.0106	0.0106	0.0106	0.0106	0.0106	0.0106	0.0106	0.0106	0.0106	0.0106	0.0106	0.0106	0.0106	0.0106	0.0106	0.0106	0.0106	0.0106	0.0106	0.0106	0.0106	0.0106	0.0106	0.0106	0.0106	0.0106	0.0106	0.0106	0.0106	0.0106	0.0106	0.0106	0.0106	0.0106	0.0106	0.0106	0.0106	0.0106	0.0106	0.0106	0.0106	0.0106	0.0106	0.0106	0.0106	0.0106	0.0106	0.0106	0.0106	0.0106	0.0106	0.0106	0.0106	0.0106	0.0106	0.0106	0.0106	0.0106	0.0106	0.0106	0.0106	0.0106	0.0106	0.0106	0.0106	0.0106	0.0106	0.0106	0.0106	0.0106	0.0106	0.0106	0.0106	0.0106	0.0106	0.0106	0.0106	0.0106	0.0106	0.0106	0.0106	0.0106	0.0106	0.0106	0.0106	0.0106	0.0106	0.0106	0.0106	0.0106	0.0106	0.0106	0.0106	0.915	0.915	0.915	0.915
22	0.0042	0.0042	0.0042	0.0042	0.0042	0.0042	0.0042	0.0042	0.0042	0.0042	0.0042	0.0042	0.0042	0.0042	0.0042	0.0042	0.0042	0.0042	0.0042	0.0042	0.0042	0.0042	0.0042	0.0042	0.0042	0.0042	0.0042	0.0042	0.0042	0.0042	0.0042	0.0042	0.0042	0.0042	0.0042	0.0042	0.0042	0.0042	0.0042	0.0042	0.0042	0.0042	0.0042	0.0042	0.0042	0.0042	0.0042	0.0042	0.0042	0.0042	0.0042	0.0042	0.0042	0.0042	0.0042	0.0042	0.0042	0.0042	0.0042	0.0042	0.0042	0.0042	0.0042	0.0042	0.0042	0.0042	0.0042	0.0042	0.0042	0.0042	0.0042	0.0042	0.0042	0.0042	0.0042	0.0042	0.0042	0.0042	0.0042	0.0042	0.0042	0.0042	0.0042	0.0042	0.0042	0.0042	0.0042	0.0042	0.0042	0.0042	0.0042	0.0042	0.0042	0.0042	0.0042	0.0042	0.0042	0.0042	0.0042	0.0042	0.0042	0.0042	0.0042	0.0042	0.0042	0.0042	0.0042	0.01	0.01	0.01	0.01	0.01	0.01	0.01	0.01	0.01	0.01	0.01	0.01	0.01	0.01	0.01	0.01	0.01	0.01	0.01	0.01	0.01	0.01	0.01	0.01	0.01	0.01	0.01	0.01	0.01	0.01	0.01	0.01	0.01	0.01	0.01	0.01	0.01	0.01	0.01	0.01	0.01	0.01	0.01	0.01	0.01	0.0082	0.0082	0.0082	0.0082	0.0082	0.0082	0.0082	0.0082	0.0082	0.0082	0.0082	0.0082	0.0082	0.0082	0.0082	0.0082	0.0082	0.0082	0.0082	0.0082	0.0082	0.0082	0.0082	0.0082	0.0082	0.0082	0.0082	0.0082	0.0082	0.0082	0.0082	0.0082	0.0082	0.0082	0.0082	0.0082	0.0082	0.0082	0.0082	0.0082	0.0082	0.0082	0.0082	0.0082	0.0082	0.0082	0.0082	0.0082	0.0082	0.0082	0.0082	0.0082	0.0082	0.0082	0.0082	0.0082	0.0082	0.0082	0.0082	0.0082	0.0082	0.0082	0.0082	0.0082	0.0082	0.0082	0.0082	0.0082	0.0082	0.0082	0.0082	0.0082	0.0082	0.0082	0.0082	0.0082	0.0082	0.0082	0.0082	0.0082	0.0082	0.0082	0.0082	0.0082	0.0082	0.0082	0.0082	0.0082	0.0082	0.0082	0.0082	0.0082	0.0082	0.0082	0.0082	0.0082	0.0082	0.0082	0.0082	0.0082	0.0082	0.0082	0.0082	0.0082	0.0082	0.0082	0.0082	0.0082	0.0082	0.0082	0.0082	0.0082	0.0082	0.0082	0.0082	0.0082	0.0082	0.0082	0.0082	0.0082	0.0082	0.0082	0.0082	0.0082	0.0082	0.0082	0.0082	0.0082	0.0082	0.0082	0.0082	0.0082	0.0082	0.0082	0.0082	0.0082	0.0082	0.0082	0.0082	0.0082	0.0082	0.0082	0.0082	0.0082	0.8696	0.8696	0.8696	0.8696
23	0.0043	0.0043	0.0043	0.0043	0.0043	0.0043	0.0043	0.0043	0.0043	0.0043	0.0043	0.0043	0.0043	0.0043	0.0043	0.0043	0.0043	0.0043	0.0043	0.0043	0.0043	0.0043	0.0043	0.0043	0.0043	0.0043	0.0043	0.0043	0.0043	0.0043	0.0043	0.0043	0.0043	0.0043	0.0043	0.0043	0.0043	0.0043	0.0043	0.0043	0.0043	0.0043	0.0043	0.0043	0.0043	0.0043	0.0043	0.0043	0.0043	0.0043	0.0043	0.0043	0.0043	0.0043	0.0043	0.0043	0.0043	0.0043	0.0043	0.0043	0.0043	0.0043	0.0043	0.0043	0.0043	0.0043	0.0043	0.0043	0.0043	0.0043	0.0043	0.0043	0.0043	0.0043	0.0043	0.0043	0.0043	0.0043	0.0043	0.0043	0.0043	0.0043	0.0043	0.0043	0.0043	0.0043	0.0043	0.0043	0.0043	0.0043	0.0043	0.0043	0.0043	0.0043	0.0043	0.0043	0.0043	0.0043	0.0043	0.0043	0.0043	0.0043	0.0043	0.0043	0.0043	0.0043	0.0043	0.0114	0.0114	0.0114	0.0114	0.0114	0.0114	0.0114	0.0114	0.0114	0.0114	0.0114	0.0114	0.0114	0.0114	0.0114	0.0114	0.0114	0.0114	0.0114	0.0114	0.0114	0.0114	0.0114	0.0114	0.0114	0.0114	0.0114	0.0114	0.0114	0.0114	0.0114	0.0114	0.0114	0.0114	0.0114	0.0114	0.0114	0.0114	0.0114	0.0114	0.0114	0.0114	0.0114	0.0114	0.0114	0.0257	0.0257	0.0257	0.0257	0.0257	0.0257	0.0257	0.0257	0.0257	0.0257	0.0257	0.0257	0.0257	0.0257	0.0257	0.0257	0.0257	0.0257	0.0257	0.0257	0.0257	0.0257	0.0257	0.0257	0.0257	0.0257	0.0257	0.0257	0.0257	0.0257	0.0257	0.0257	0.0257	0.0257	0.0257	0.0257	0.0257	0.0257	0.0257	0.0257	0.0257	0.0257	0.0257	0.0257	0.0257	0.0257	0.0257	0.0257	0.0257	0.0257	0.0257	0.0257	0.0257	0.0257	0.0257	0.0257	0.0257	0.0257	0.0257	0.0257	0.0257	0.0257	0.0257	0.0257	0.0257	0.0257	0.0257	0.0257	0.0257	0.0257	0.0257	0.0257	0.0257	0.0257	0.0257	0.0257	0.0257	0.0257	0.0257	0.0257	0.0257	0.0257	0.0257	0.0257	0.0257	0.0257	0.0257	0.0257	0.0257	0.0257	0.0257	0.0257	0.0257	0.0257	0.0257	0.0257	0.0257	0.0257	0.0257	0.0257	0.0257	0.0257	0.0257	0.0257	0.0257	0.0257	0.0257	0.0257	0.0257	0.0257	0.0257	0.0257	0.0257	0.0257	0.0257	0.0257	0.0257	0.0257	0.0257	0.0257	0.0257	0.0257	0.0257	0.0257	0.0257	0.0257	0.0257	0.0257	0.0257	0.0257	0.0257	0.0257	0.0257	0.0257	0.0257	0.0257	0.0257	0.0257	0.0257	0.0257	0.0257	0.0257	0.0257	0.0257	0.9597	0.9597	0.9597	0.9597
24	0.004	0.004	0.004	0.004	0.004	0.004	0.004	0.004	0.004	0.004	0.004	0.004	0.004	0.004	0.004	0.004	0.004	0.004	0.004	0.004	0.004	0.004	0.004	0.004	0.004	0.004	0.004	0.004	0.004	0.004	0.004	0.004	0.004	0.004	0.004	0.004	0.004	0.004	0.004	0.004	0.004	0.004	0.004	0.004	0.004	0.004	0.004	0.004	0.004	0.004	0.004	0.004	0.004	0.004	0.004	0.004	0.004	0.004	0.004	0.004	0.004	0.004	0.004	0.004	0.004	0.004	0.004	0.004	0.004	0.004	0.004	0.004	0.004	0.004	0.004	0.004	0.004	0.004	0.004	0.004	0.004	0.004	0.004	0.004	0.004	0.004	0.004	0.004	0.004	0.004	0.004	0.004	0.004	0.004	0.004	0.004	0.004	0.004	0.004	0.004	0.004	0.004	0.004	0.004	0.004	0.004	0.004	0.1039	0.1039	0.1039	0.1039	0.1039	0.1039	0.1039	0.1039	0.1039	0.1039	0.1039	0.1039	0.1039	0.1039	0.1039	0.1039	0.1039	0.1039	0.1039	0.1039	0.1039	0.1039	0.1039	0.1039	0.1039	0.1039	0.1039	0.1039	0.1039	0.1039	0.1039	0.1039	0.1039	0.1039	0.1039	0.1039	0.1039	0.1039	0.1039	0.1039	0.1039	0.1039	0.1039	0.1039	0.1039	0.0085	0.0085	0.0085	0.0085	0.0085	0.0085	0.0085	0.0085	0.0085	0.0085	0.0085	0.0085	0.0085	0.0085	0.0085	0.0085	0.0085	0.0085	0.0085	0.0085	0.0085	0.0085	0.0085	0.0085	0.0085	0.0085	0.0085	0.0085	0.0085	0.0085	0.0085	0.0085	0.0085	0.0085	0.0085	0.0085	0.0085	0.0085	0.0085	0.0085	0.0085	0.0085	0.0085	0.0085	0.0085	0.0085	0.0085	0.0085	0.0085	0.0085	0.0085	0.0085	0.0085	0.0085	0.0085	0.0085	0.0085	0.0085	0.0085	0.0085	0.0085	0.0085	0.0085	0.0085	0.0085	0.0085	0.0085	0.0085	0.0085	0.0085	0.0085	0.0085	0.0085	0.0085	0.0085	0.0085	0.0085	0.0085	0.0085	0.0085	0.0085	0.0085	0.0085	0.0085	0.0085	0.0085	0.0085	0.0085	0.0085	0.0085	0.0085	0.0085	0.0085	0.0085	0.0085	0.0085	0.0085	0.0085	0.0085	0.0085	0.0085	0.0085	0.0085	0.0085	0.0085	0.0085	0.0085	0.0085	0.0085	0.0085	0.0085	0.0085	0.0085	0.0085	0.0085	0.0085	0.0085	0.0085	0.0085	0.0085	0.0085	0.0085	0.0085	0.0085	0.0085	0.0085	0.0085	0.0085	0.0085	0.0085	0.0085	0.0085	0.0085	0.0085	0.0085	0.0085	0.0085	0.0085	0.0085	0.0085	0.0085	0.0085	0.0085	0.0085	0.1067	0.1067	0.1067	0.1067
25	0.0262	0.0262	0.0262	0.0262	0.0262	0.0262	0.0262	0.0262	0.0262	0.0262	0.0262	0.0262	0.0262	0.0262	0.0262	0.0262	0.0262	0.0262	0.0262	0.0262	0.0262	0.0262	0.0262	0.0262	0.0262	0.0262	0.0262	0.0262	0.0262	0.0262	0.0262	0.0262	0.0262	0.0262	0.0262	0.0262	0.0262	0.0262	0.0262	0.0262	0.0262	0.0262	0.0262	0.0262	0.0262	0.0262	0.0262	0.0262	0.0262	0.0262	0.0262	0.0262	0.0262	0.0262	0.0262	0.0262	0.0262	0.0262	0.0262	0.0262	0.0262	0.0262	0.0262	0.0262	0.0262	0.0262	0.0262	0.0262	0.0262	0.0262	0.0262	0.0262	0.0262	0.0262	0.0262	0.0262	0.0262	0.0262	0.0262	0.0262	0.0262	0.0262	0.0262	0.0262	0.0262	0.0262	0.0262	0.0262	0.0262	0.0262	0.0262	0.0262	0.0262	0.0262	0.0262	0.0262	0.0262	0.0262	0.0262	0.0262	0.0262	0.0262	0.0262	0.0262	0.0262	0.0262	0.0262	0.0087	0.0087	0.0087	0.0087	0.0087	0.0087	0.0087	0.0087	0.0087	0.0087	0.0087	0.0087	0.0087	0.0087	0.0087	0.0087	0.0087	0.0087	0.0087	0.0087	0.0087	0.0087	0.0087	0.0087	0.0087	0.0087	0.0087	0.0087	0.0087	0.0087	0.0087	0.0087	0.0087	0.0087	0.0087	0.0087	0.0087	0.0087	0.0087	0.0087	0.0087	0.0087	0.0087	0.0087	0.0087	0.0307	0.0307	0.0307	0.0307	0.0307	0.0307	0.0307	0.0307	0.0307	0.0307	0.0307	0.0307	0.0307	0.0307	0.0307	0.0307	0.0307	0.0307	0.0307	0.0307	0.0307	0.0307	0.0307	0.0307	0.0307	0.0307	0.0307	0.0307	0.0307	0.0307	0.0307	0.0307	0.0307	0.0307	0.0307	0.0307	0.0307	0.0307	0.0307	0.0307	0.0307	0.0307	0.0307	0.0307	0.0307	0.0307	0.0307	0.0307	0.0307	0.0307	0.0307	0.0307	0.0307	0.0307	0.0307	0.0307	0.0307	0.0307	0.0307	0.0307	0.0307	0.0307	0.0307	0.0307	0.0307	0.0307	0.0307	0.0307	0.0307	0.0307	0.0307	0.0307	0.0307	0.0307	0.0307	0.0307	0.0307	0.0307	0.0307	0.0307	0.0307	0.0307	0.0307	0.0307	0.0307	0.0307	0.0307	0.0307	0.0307	0.0307	0.0307	0.0307	0.0307	0.0307	0.0307	0.0307	0.0307	0.0307	0.0307	0.0307	0.0307	0.0307	0.0307	0.0307	0.0307	0.0307	0.0307	0.0307	0.0307	0.0307	0.0307	0.0307	0.0307	0.0307	0.0307	0.0307	0.0307	0.0307	0.0307	0.0307	0.0307	0.0307	0.0307	0.0307	0.0307	0.0307	0.0307	0.0307	0.0307	0.0307	0.0307	0.0307	0.0307	0.0307	0.0307	0.0307	0.0307	0.0307	0.0307	0.0307	0.0307	0.0307	0.0307	0.0307	0.1033	0.1033	0.1033	0.1033
26	0.0249	0.0249	0.0249	0.0249	0.0249	0.0249	0.0249	0.0249	0.0249	0.0249	0.0249	0.0249	0.0249	0.0249	0.0249	0.0249	0.0249	0.0249	0.0249	0.0249	0.0249	0.0249	0.0249	0.0249	0.0249	0.0249	0.0249	0.0249	0.0249	0.0249	0.0249	0.0249	0.0249	0.0249	0.0249	0.0249	0.0249	0.0249	0.0249	0.0249	0.0249	0.0249	0.0249	0.0249	0.0249	0.0249	0.0249	0.0249	0.0249	0.0249	0.0249	0.0249	0.0249	0.0249	0.0249	0.0249	0.0249	0.0249	0.0249	0.0249	0.0249	0.0249	0.0249	0.0249	0.0249	0.0249	0.0249	0.0249	0.0249	0.0249	0.0249	0.0249	0.0249	0.0249	0.0249	0.0249	0.0249	0.0249	0.0249	0.0249	0.0249	0.0249	0.0249	0.0249	0.0249	0.0249	0.0249	0.0249	0.0249	0.0249	0.0249	0.0249	0.0249	0.0249	0.0249	0.0249	0.0249	0.0249	0.0249	0.0249	0.0249	0.0249	0.0249	0.0249	0.0249	0.0249	0.0249	0.0092	0.0092	0.0092	0.0092	0.0092	0.0092	0.0092	0.0092	0.0092	0.0092	0.0092	0.0092	0.0092	0.0092	0.0092	0.0092	0.0092	0.0092	0.0092	0.0092	0.0092	0.0092	0.0092	0.0092	0.0092	0.0092	0.0092	0.0092	0.0092	0.0092	0.0092	0.0092	0.0092	0.0092	0.0092	0.0092	0.0092	0.0092	0.0092	0.0092	0.0092	0.0092	0.0092	0.0092	0.0092	0.0161	0.0161	0.0161	0.0161	0.0161	0.0161	0.0161	0.0161	0.0161	0.0161	0.0161	0.0161	0.0161	0.0161	0.0161	0.0161	0.0161	0.0161	0.0161	0.0161	0.0161	0.0161	0.0161	0.0161	0.0161	0.0161	0.0161	0.0161	0.0161	0.0161	0.0161	0.0161	0.0161	0.0161	0.0161	0.0161	0.0161	0.0161	0.0161	0.0161	0.0161	0.0161	0.0161	0.0161	0.0161	0.0161	0.0161	0.0161	0.0161	0.0161	0.0161	0.0161	0.0161	0.0161	0.0161	0.0161	0.0161	0.0161	0.0161	0.0161	0.0161	0.0161	0.0161	0.0161	0.0161	0.0161	0.0161	0.0161	0.0161	0.0161	0.0161	0.0161	0.0161	0.0161	0.0161	0.0161	0.0161	0.0161	0.0161	0.0161	0.0161	0.0161	0.0161	0.0161	0.0161	0.0161	0.0161	0.0161	0.0161	0.0161	0.0161	0.0161	0.0161	0.0161	0.0161	0.0161	0.0161	0.0161	0.0161	0.0161	0.0161	0.0161	0.0161	0.0161	0.0161	0.0161	0.0161	0.0161	0.0161	0.0161	0.0161	0.0161	0.0161	0.0161	0.0161	0.0161	0.0161	0.0161	0.0161	0.0161	0.0161	0.0161	0.0161	0.0161	0.0161	0.0161	0.0161	0.0161	0.0161	0.0161	0.0161	0.0161	0.0161	0.0161	0.0161	0.0161	0.0161	0.0161	0.0161	0.0161	0.0161	0.0161	0.0161	0.0161	0.0999	0.0999	0.0999	0.0999
27	0.0036	0.0036	0.0036	0.0036	0.0036	0.0036	0.0036	0.0036	0.0036	0.0036	0.0036	0.0036	0.0036	0.0036	0.0036	0.0036	0.0036	0.0036	0.0036	0.0036	0.0036	0.0036	0.0036	0.0036	0.0036	0.0036	0.0036	0.0036	0.0036	0.0036	0.0036	0.0036	0.0036	0.0036	0.0036	0.0036	0.0036	0.0036	0.0036	0.0036	0.0036	0.0036	0.0036	0.0036	0.0036	0.0036	0.0036	0.0036	0.0036	0.0036	0.0036	0.0036	0.0036	0.0036	0.0036	0.0036	0.0036	0.0036	0.0036	0.0036	0.0036	0.0036	0.0036	0.0036	0.0036	0.0036	0.0036	0.0036	0.0036	0.0036	0.0036	0.0036	0.0036	0.0036	0.0036	0.0036	0.0036	0.0036	0.0036	0.0036	0.0036	0.0036	0.0036	0.0036	0.0036	0.0036	0.0036	0.0036	0.0036	0.0036	0.0036	0.0036	0.0036	0.0036	0.0036	0.0036	0.0036	0.0036	0.0036	0.0036	0.0036	0.0036	0.0036	0.0036	0.0036	0.0036	0.0036	0.0102	0.0102	0.0102	0.0102	0.0102	0.0102	0.0102	0.0102	0.0102	0.0102	0.0102	0.0102	0.0102	0.0102	0.0102	0.0102	0.0102	0.0102	0.0102	0.0102	0.0102	0.0102	0.0102	0.0102	0.0102	0.0102	0.0102	0.0102	0.0102	0.0102	0.0102	0.0102	0.0102	0.0102	0.0102	0.0102	0.0102	0.0102	0.0102	0.0102	0.0102	0.0102	0.0102	0.0102	0.0102	0.0068	0.0068	0.0068	0.0068	0.0068	0.0068	0.0068	0.0068	0.0068	0.0068	0.0068	0.0068	0.0068	0.0068	0.0068	0.0068	0.0068	0.0068	0.0068	0.0068	0.0068	0.0068	0.0068	0.0068	0.0068	0.0068	0.0068	0.0068	0.0068	0.0068	0.0068	0.0068	0.0068	0.0068	0.0068	0.0068	0.0068	0.0068	0.0068	0.0068	0.0068	0.0068	0.0068	0.0068	0.0068	0.0068	0.0068	0.0068	0.0068	0.0068	0.0068	0.0068	0.0068	0.0068	0.0068	0.0068	0.0068	0.0068	0.0068	0.0068	0.0068	0.0068	0.0068	0.0068	0.0068	0.0068	0.0068	0.0068	0.0068	0.0068	0.0068	0.0068	0.0068	0.0068	0.0068	0.0068	0.0068	0.0068	0.0068	0.0068	0.0068	0.0068	0.0068	0.0068	0.0068	0.0068	0.0068	0.0068	0.0068	0.0068	0.0068	0.0068	0.0068	0.0068	0.0068	0.0068	0.0068	0.0068	0.0068	0.0068	0.0068	0.0068	0.0068	0.0068	0.0068	0.0068	0.0068	0.0068	0.0068	0.0068	0.0068	0.0068	0.0068	0.0068	0.0068	0.0068	0.0068	0.0068	0.0068	0.0068	0.0068	0.0068	0.0068	0.0068	0.0068	0.0068	0.0068	0.0068	0.0068	0.0068	0.0068	0.0068	0.0068	0.0068	0.0068	0.0068	0.0068	0.0068	0.0068	0.0068	0.0068	0.0068	0.0068	0.0068	0.1088	0.1088	0.1088	0.1088
28	0.0039	0.0039	0.0039	0.0039	0.0039	0.0039	0.0039	0.0039	0.0039	0.0039	0.0039	0.0039	0.0039	0.0039	0.0039	0.0039	0.0039	0.0039	0.0039	0.0039	0.0039	0.0039	0.0039	0.0039	0.0039	0.0039	0.0039	0.0039	0.0039	0.0039	0.0039	0.0039	0.0039	0.0039	0.0039	0.0039	0.0039	0.0039	0.0039	0.0039	0.0039	0.0039	0.0039	0.0039	0.0039	0.0039	0.0039	0.0039	0.0039	0.0039	0.0039	0.0039	0.0039	0.0039	0.0039	0.0039	0.0039	0.0039	0.0039	0.0039	0.0039	0.0039	0.0039	0.0039	0.0039	0.0039	0.0039	0.0039	0.0039	0.0039	0.0039	0.0039	0.0039	0.0039	0.0039	0.0039	0.0039	0.0039	0.0039	0.0039	0.0039	0.0039	0.0039	0.0039	0.0039	0.0039	0.0039	0.0039	0.0039	0.0039	0.0039	0.0039	0.0039	0.0039	0.0039	0.0039	0.0039	0.0039	0.0039	0.0039	0.0039	0.0039	0.0039	0.0039	0.0039	0.0039	0.0039	0.0612	0.0612	0.0612	0.0612	0.0612	0.0612	0.0612	0.0612	0.0612	0.0612	0.0612	0.0612	0.0612	0.0612	0.0612	0.0612	0.0612	0.0612	0.0612	0.0612	0.0612	0.0612	0.0612	0.0612	0.0612	0.0612	0.0612	0.0612	0.0612	0.0612	0.0612	0.0612	0.0612	0.0612	0.0612	0.0612	0.0612	0.0612	0.0612	0.0612	0.0612	0.0612	0.0612	0.0612	0.0612	0.0058	0.0058	0.0058	0.0058	0.0058	0.0058	0.0058	0.0058	0.0058	0.0058	0.0058	0.0058	0.0058	0.0058	0.0058	0.0058	0.0058	0.0058	0.0058	0.0058	0.0058	0.0058	0.0058	0.0058	0.0058	0.0058	0.0058	0.0058	0.0058	0.0058	0.0058	0.0058	0.0058	0.0058	0.0058	0.0058	0.0058	0.0058	0.0058	0.0058	0.0058	0.0058	0.0058	0.0058	0.0058	0.0058	0.0058	0.0058	0.0058	0.0058	0.0058	0.0058	0.0058	0.0058	0.0058	0.0058	0.0058	0.0058	0.0058	0.0058	0.0058	0.0058	0.0058	0.0058	0.0058	0.0058	0.0058	0.0058	0.0058	0.0058	0.0058	0.0058	0.0058	0.0058	0.0058	0.0058	0.0058	0.0058	0.0058	0.0058	0.0058	0.0058	0.0058	0.0058	0.0058	0.0058	0.0058	0.0058	0.0058	0.0058	0.0058	0.0058	0.0058	0.0058	0.0058	0.0058	0.0058	0.0058	0.0058	0.0058	0.0058	0.0058	0.0058	0.0058	0.0058	0.0058	0.0058	0.0058	0.0058	0.0058	0.0058	0.0058	0.0058	0.0058	0.0058	0.0058	0.0058	0.0058	0.0058	0.0058	0.0058	0.0058	0.0058	0.0058	0.0058	0.0058	0.0058	0.0058	0.0058	0.0058	0.0058	0.0058	0.0058	0.0058	0.0058	0.0058	0.0058	0.0058	0.0058	0.0058	0.0058	0.0058	0.0058	0.0058	0.1177	0.1177	0.1177	0.1177
29	0.0264	0.0264	0.0264	0.0264	0.0264	0.0264	0.0264	0.0264	0.0264	0.0264	0.0264	0.0264	0.0264	0.0264	0.0264	0.0264	0.0264	0.0264	0.0264	0.0264	0.0264	0.0264	0.0264	0.0264	0.0264	0.0264	0.0264	0.0264	0.0264	0.0264	0.0264	0.0264	0.0264	0.0264	0.0264	0.0264	0.0264	0.0264	0.0264	0.0264	0.0264	0.0264	0.0264	0.0264	0.0264	0.0264	0.0264	0.0264	0.0264	0.0264	0.0264	0.0264	0.0264	0.0264	0.0264	0.0264	0.0264	0.0264	0.0264	0.0264	0.0264	0.0264	0.0264	0.0264	0.0264	0.0264	0.0264	0.0264	0.0264	0.0264	0.0264	0.0264	0.0264	0.0264	0.0264	0.0264	0.0264	0.0264	0.0264	0.0264	0.0264	0.0264	0.0264	0.0264	0.0264	0.0264	0.0264	0.0264	0.0264	0.0264	0.0264	0.0264	0.0264	0.0264	0.0264	0.0264	0.0264	0.0264	0.0264	0.0264	0.0264	0.0264	0.0264	0.0264	0.0264	0.0264	0.0264	0.0048	0.0048	0.0048	0.0048	0.0048	0.0048	0.0048	0.0048	0.0048	0.0048	0.0048	0.0048	0.0048	0.0048	0.0048	0.0048	0.0048	0.0048	0.0048	0.0048	0.0048	0.0048	0.0048	0.0048	0.0048	0.0048	0.0048	0.0048	0.0048	0.0048	0.0048	0.0048	0.0048	0.0048	0.0048	0.0048	0.0048	0.0048	0.0048	0.0048	0.0048	0.0048	0.0048	0.0048	0.0048	0.0091	0.0091	0.0091	0.0091	0.0091	0.0091	0.0091	0.0091	0.0091	0.0091	0.0091	0.0091	0.0091	0.0091	0.0091	0.0091	0.0091	0.0091	0.0091	0.0091	0.0091	0.0091	0.0091	0.0091	0.0091	0.0091	0.0091	0.0091	0.0091	0.0091	0.0091	0.0091	0.0091	0.0091	0.0091	0.0091	0.0091	0.0091	0.0091	0.0091	0.0091	0.0091	0.0091	0.0091	0.0091	0.0091	0.0091	0.0091	0.0091	0.0091	0.0091	0.0091	0.0091	0.0091	0.0091	0.0091	0.0091	0.0091	0.0091	0.0091	0.0091	0.0091	0.0091	0.0091	0.0091	0.0091	0.0091	0.0091	0.0091	0.0091	0.0091	0.0091	0.0091	0.0091	0.0091	0.0091	0.0091	0.0091	0.0091	0.0091	0.0091	0.0091	0.0091	0.0091	0.0091	0.0091	0.0091	0.0091	0.0091	0.0091	0.0091	0.0091	0.0091	0.0091	0.0091	0.0091	0.0091	0.0091	0.0091	0.0091	0.0091	0.0091	0.0091	0.0091	0.0091	0.0091	0.0091	0.0091	0.0091	0.0091	0.0091	0.0091	0.0091	0.0091	0.0091	0.0091	0.0091	0.0091	0.0091	0.0091	0.0091	0.0091	0.0091	0.0091	0.0091	0.0091	0.0091	0.0091	0.0091	0.0091	0.0091	0.0091	0.0091	0.0091	0.0091	0.0091	0.0091	0.0091	0.0091	0.0091	0.0091	0.0091	0.0091	0.0091	0.0739	0.0739	0.0739	0.0739
30	0.0371	0.0371	0.0371	0.0371	0.0371	0.0371	0.0371	0.0371	0.0371	0.0371	0.0371	0.0371	0.0371	0.0371	0.0371	0.0371	0.0371	0.0371	0.0371	0.0371	0.0371	0.0371	0.0371	0.0371	0.0371	0.0371	0.0371	0.0371	0.0371	0.0371	0.0371	0.0371	0.0371	0.0371	0.0371	0.0371	0.0371	0.0371	0.0371	0.0371	0.0371	0.0371	0.0371	0.0371	0.0371	0.0371	0.0371	0.0371	0.0371	0.0371	0.0371	0.0371	0.0371	0.0371	0.0371	0.0371	0.0371	0.0371	0.0371	0.0371	0.0371	0.0371	0.0371	0.0371	0.0371	0.0371	0.0371	0.0371	0.0371	0.0371	0.0371	0.0371	0.0371	0.0371	0.0371	0.0371	0.0371	0.0371	0.0371	0.0371	0.0371	0.0371	0.0371	0.0371	0.0371	0.0371	0.0371	0.0371	0.0371	0.0371	0.0371	0.0371	0.0371	0.0371	0.0371	0.0371	0.0371	0.0371	0.0371	0.0371	0.0371	0.0371	0.0371	0.0371	0.0371	0.0371	0.0371	0.0066	0.0066	0.0066	0.0066	0.0066	0.0066	0.0066	0.0066	0.0066	0.0066	0.0066	0.0066	0.0066	0.0066	0.0066	0.0066	0.0066	0.0066	0.0066	0.0066	0.0066	0.0066	0.0066	0.0066	0.0066	0.0066	0.0066	0.0066	0.0066	0.0066	0.0066	0.0066	0.0066	0.0066	0.0066	0.0066	0.0066	0.0066	0.0066	0.0066	0.0066	0.0066	0.0066	0.0066	0.0066	0.0331	0.0331	0.0331	0.0331	0.0331	0.0331	0.0331	0.0331	0.0331	0.0331	0.0331	0.0331	0.0331	0.0331	0.0331	0.0331	0.0331	0.0331	0.0331	0.0331	0.0331	0.0331	0.0331	0.0331	0.0331	0.0331	0.0331	0.0331	0.0331	0.0331	0.0331	0.0331	0.0331	0.0331	0.0331	0.0331	0.0331	0.0331	0.0331	0.0331	0.0331	0.0331	0.0331	0.0331	0.0331	0.0331	0.0331	0.0331	0.0331	0.0331	0.0331	0.0331	0.0331	0.0331	0.0331	0.0331	0.0331	0.0331	0.0331	0.0331	0.0331	0.0331	0.0331	0.0331	0.0331	0.0331	0.0331	0.0331	0.0331	0.0331	0.0331	0.0331	0.0331	0.0331	0.0331	0.0331	0.0331	0.0331	0.0331	0.0331	0.0331	0.0331	0.0331	0.0331	0.0331	0.0331	0.0331	0.0331	0.0331	0.0331	0.0331	0.0331	0.0331	0.0331	0.0331	0.0331	0.0331	0.0331	0.0331	0.0331	0.0331	0.0331	0.0331	0.0331	0.0331	0.0331	0.0331	0.0331	0.0331	0.0331	0.0331	0.0331	0.0331	0.0331	0.0331	0.0331	0.0331	0.0331	0.0331	0.0331	0.0331	0.0331	0.0331	0.0331	0.0331	0.0331	0.0331	0.0331	0.0331	0.0331	0.0331	0.0331	0.0331	0.0331	0.0331	0.0331	0.0331	0.0331	0.0331	0.0331	0.0331	0.0331	0.0331	0.0331	0.1651	0.1651	0.1651	0.1651
31	0.0138	0.0138	0.0138	0.0138	0.0138	0.0138	0.0138	0.0138	0.0138	0.0138	0.0138	0.0138	0.0138	0.0138	0.0138	0.0138	0.0138	0.0138	0.0138	0.0138	0.0138	0.0138	0.0138	0.0138	0.0138	0.0138	0.0138	0.0138	0.0138	0.0138	0.0138	0.0138	0.0138	0.0138	0.0138	0.0138	0.0138	0.0138	0.0138	0.0138	0.0138	0.0138	0.0138	0.0138	0.0138	0.0138	0.0138	0.0138	0.0138	0.0138	0.0138	0.0138	0.0138	0.0138	0.0138	0.0138	0.0138	0.0138	0.0138	0.0138	0.0138	0.0138	0.0138	0.0138	0.0138	0.0138	0.0138	0.0138	0.0138	0.0138	0.0138	0.0138	0.0138	0.0138	0.0138	0.0138	0.0138	0.0138	0.0138	0.0138	0.0138	0.0138	0.0138	0.0138	0.0138	0.0138	0.0138	0.0138	0.0138	0.0138	0.0138	0.0138	0.0138	0.0138	0.0138	0.0138	0.0138	0.0138	0.0138	0.0138	0.0138	0.0138	0.0138	0.0138	0.0138	0.0138	0.0138	0.0128	0.0128	0.0128	0.0128	0.0128	0.0128	0.0128	0.0128	0.0128	0.0128	0.0128	0.0128	0.0128	0.0128	0.0128	0.0128	0.0128	0.0128	0.0128	0.0128	0.0128	0.0128	0.0128	0.0128	0.0128	0.0128	0.0128	0.0128	0.0128	0.0128	0.0128	0.0128	0.0128	0.0128	0.0128	0.0128	0.0128	0.0128	0.0128	0.0128	0.0128	0.0128	0.0128	0.0128	0.0128	0.0291	0.0291	0.0291	0.0291	0.0291	0.0291	0.0291	0.0291	0.0291	0.0291	0.0291	0.0291	0.0291	0.0291	0.0291	0.0291	0.0291	0.0291	0.0291	0.0291	0.0291	0.0291	0.0291	0.0291	0.0291	0.0291	0.0291	0.0291	0.0291	0.0291	0.0291	0.0291	0.0291	0.0291	0.0291	0.0291	0.0291	0.0291	0.0291	0.0291	0.0291	0.0291	0.0291	0.0291	0.0291	0.0291	0.0291	0.0291	0.0291	0.0291	0.0291	0.0291	0.0291	0.0291	0.0291	0.0291	0.0291	0.0291	0.0291	0.0291	0.0291	0.0291	0.0291	0.0291	0.0291	0.0291	0.0291	0.0291	0.0291	0.0291	0.0291	0.0291	0.0291	0.0291	0.0291	0.0291	0.0291	0.0291	0.0291	0.0291	0.0291	0.0291	0.0291	0.0291	0.0291	0.0291	0.0291	0.0291	0.0291	0.0291	0.0291	0.0291	0.0291	0.0291	0.0291	0.0291	0.0291	0.0291	0.0291	0.0291	0.0291	0.0291	0.0291	0.0291	0.0291	0.0291	0.0291	0.0291	0.0291	0.0291	0.0291	0.0291	0.0291	0.0291	0.0291	0.0291	0.0291	0.0291	0.0291	0.0291	0.0291	0.0291	0.0291	0.0291	0.0291	0.0291	0.0291	0.0291	0.0291	0.0291	0.0291	0.0291	0.0291	0.0291	0.0291	0.0291	0.0291	0.0291	0.0291	0.0291	0.0291	0.0291	0.0291	0.0291	0.0654	0.0654	0.0654	0.0654
32	0.0217	0.0217	0.0217	0.0217	0.0217	0.0217	0.0217	0.0217	0.0217	0.0217	0.0217	0.0217	0.0217	0.0217	0.0217	0.0217	0.0217	0.0217	0.0217	0.0217	0.0217	0.0217	0.0217	0.0217	0.0217	0.0217	0.0217	0.0217	0.0217	0.0217	0.0217	0.0217	0.0217	0.0217	0.0217	0.0217	0.0217	0.0217	0.0217	0.0217	0.0217	0.0217	0.0217	0.0217	0.0217	0.0217	0.0217	0.0217	0.0217	0.0217	0.0217	0.0217	0.0217	0.0217	0.0217	0.0217	0.0217	0.0217	0.0217	0.0217	0.0217	0.0217	0.0217	0.0217	0.0217	0.0217	0.0217	0.0217	0.0217	0.0217	0.0217	0.0217	0.0217	0.0217	0.0217	0.0217	0.0217	0.0217	0.0217	0.0217	0.0217	0.0217	0.0217	0.0217	0.0217	0.0217	0.0217	0.0217	0.0217	0.0217	0.0217	0.0217	0.0217	0.0217	0.0217	0.0217	0.0217	0.0217	0.0217	0.0217	0.0217	0.0217	0.0217	0.0217	0.0217	0.0217	0.0217	0.0084	0.0084	0.0084	0.0084	0.0084	0.0084	0.0084	0.0084	0.0084	0.0084	0.0084	0.0084	0.0084	0.0084	0.0084	0.0084	0.0084	0.0084	0.0084	0.0084	0.0084	0.0084	0.0084	0.0084	0.0084	0.0084	0.0084	0.0084	0.0084	0.0084	0.0084	0.0084	0.0084	0.0084	0.0084	0.0084	0.0084	0.0084	0.0084	0.0084	0.0084	0.0084	0.0084	0.0084	0.0084	0.0124	0.0124	0.0124	0.0124	0.0124	0.0124	0.0124	0.0124	0.0124	0.0124	0.0124	0.0124	0.0124	0.0124	0.0124	0.0124	0.0124	0.0124	0.0124	0.0124	0.0124	0.0124	0.0124	0.0124	0.0124	0.0124	0.0124	0.0124	0.0124	0.0124	0.0124	0.0124	0.0124	0.0124	0.0124	0.0124	0.0124	0.0124	0.0124	0.0124	0.0124	0.0124	0.0124	0.0124	0.0124	0.0124	0.0124	0.0124	0.0124	0.0124	0.0124	0.0124	0.0124	0.0124	0.0124	0.0124	0.0124	0.0124	0.0124	0.0124	0.0124	0.0124	0.0124	0.0124	0.0124	0.0124	0.0124	0.0124	0.0124	0.0124	0.0124	0.0124	0.0124	0.0124	0.0124	0.0124	0.0124	0.0124	0.0124	0.0124	0.0124	0.0124	0.0124	0.0124	0.0124	0.0124	0.0124	0.0124	0.0124	0.0124	0.0124	0.0124	0.0124	0.0124	0.0124	0.0124	0.0124	0.0124	0.0124	0.0124	0.0124	0.0124	0.0124	0.0124	0.0124	0.0124	0.0124	0.0124	0.0124	0.0124	0.0124	0.0124	0.0124	0.0124	0.0124	0.0124	0.0124	0.0124	0.0124	0.0124	0.0124	0.0124	0.0124	0.0124	0.0124	0.0124	0.0124	0.0124	0.0124	0.0124	0.0124	0.0124	0.0124	0.0124	0.0124	0.0124	0.0124	0.0124	0.0124	0.0124	0.0124	0.0124	0.0124	0.0124	0.1486	0.1486	0.1486	0.1486
33	0.0095	0.0095	0.0095	0.0095	0.0095	0.0095	0.0095	0.0095	0.0095	0.0095	0.0095	0.0095	0.0095	0.0095	0.0095	0.0095	0.0095	0.0095	0.0095	0.0095	0.0095	0.0095	0.0095	0.0095	0.0095	0.0095	0.0095	0.0095	0.0095	0.0095	0.0095	0.0095	0.0095	0.0095	0.0095	0.0095	0.0095	0.0095	0.0095	0.0095	0.0095	0.0095	0.0095	0.0095	0.0095	0.0095	0.0095	0.0095	0.0095	0.0095	0.0095	0.0095	0.0095	0.0095	0.0095	0.0095	0.0095	0.0095	0.0095	0.0095	0.0095	0.0095	0.0095	0.0095	0.0095	0.0095	0.0095	0.0095	0.0095	0.0095	0.0095	0.0095	0.0095	0.0095	0.0095	0.0095	0.0095	0.0095	0.0095	0.0095	0.0095	0.0095	0.0095	0.0095	0.0095	0.0095	0.0095	0.0095	0.0095	0.0095	0.0095	0.0095	0.0095	0.0095	0.0095	0.0095	0.0095	0.0095	0.0095	0.0095	0.0095	0.0095	0.0095	0.0095	0.0095	0.0095	0.0095	0.0091	0.0091	0.0091	0.0091	0.0091	0.0091	0.0091	0.0091	0.0091	0.0091	0.0091	0.0091	0.0091	0.0091	0.0091	0.0091	0.0091	0.0091	0.0091	0.0091	0.0091	0.0091	0.0091	0.0091	0.0091	0.0091	0.0091	0.0091	0.0091	0.0091	0.0091	0.0091	0.0091	0.0091	0.0091	0.0091	0.0091	0.0091	0.0091	0.0091	0.0091	0.0091	0.0091	0.0091	0.0091	0.0077	0.0077	0.0077	0.0077	0.0077	0.0077	0.0077	0.0077	0.0077	0.0077	0.0077	0.0077	0.0077	0.0077	0.0077	0.0077	0.0077	0.0077	0.0077	0.0077	0.0077	0.0077	0.0077	0.0077	0.0077	0.0077	0.0077	0.0077	0.0077	0.0077	0.0077	0.0077	0.0077	0.0077	0.0077	0.0077	0.0077	0.0077	0.0077	0.0077	0.0077	0.0077	0.0077	0.0077	0.0077	0.0077	0.0077	0.0077	0.0077	0.0077	0.0077	0.0077	0.0077	0.0077	0.0077	0.0077	0.0077	0.0077	0.0077	0.0077	0.0077	0.0077	0.0077	0.0077	0.0077	0.0077	0.0077	0.0077	0.0077	0.0077	0.0077	0.0077	0.0077	0.0077	0.0077	0.0077	0.0077	0.0077	0.0077	0.0077	0.0077	0.0077	0.0077	0.0077	0.0077	0.0077	0.0077	0.0077	0.0077	0.0077	0.0077	0.0077	0.0077	0.0077	0.0077	0.0077	0.0077	0.0077	0.0077	0.0077	0.0077	0.0077	0.0077	0.0077	0.0077	0.0077	0.0077	0.0077	0.0077	0.0077	0.0077	0.0077	0.0077	0.0077	0.0077	0.0077	0.0077	0.0077	0.0077	0.0077	0.0077	0.0077	0.0077	0.0077	0.0077	0.0077	0.0077	0.0077	0.0077	0.0077	0.0077	0.0077	0.0077	0.0077	0.0077	0.0077	0.0077	0.0077	0.0077	0.0077	0.0077	0.0077	0.0077	0.0077	0.1258	0.1258	0.1258	0.1258
34	0.0042	0.0042	0.0042	0.0042	0.0042	0.0042	0.0042	0.0042	0.0042	0.0042	0.0042	0.0042	0.0042	0.0042	0.0042	0.0042	0.0042	0.0042	0.0042	0.0042	0.0042	0.0042	0.0042	0.0042	0.0042	0.0042	0.0042	0.0042	0.0042	0.0042	0.0042	0.0042	0.0042	0.0042	0.0042	0.0042	0.0042	0.0042	0.0042	0.0042	0.0042	0.0042	0.0042	0.0042	0.0042	0.0042	0.0042	0.0042	0.0042	0.0042	0.0042	0.0042	0.0042	0.0042	0.0042	0.0042	0.0042	0.0042	0.0042	0.0042	0.0042	0.0042	0.0042	0.0042	0.0042	0.0042	0.0042	0.0042	0.0042	0.0042	0.0042	0.0042	0.0042	0.0042	0.0042	0.0042	0.0042	0.0042	0.0042	0.0042	0.0042	0.0042	0.0042	0.0042	0.0042	0.0042	0.0042	0.0042	0.0042	0.0042	0.0042	0.0042	0.0042	0.0042	0.0042	0.0042	0.0042	0.0042	0.0042	0.0042	0.0042	0.0042	0.0042	0.0042	0.0042	0.0042	0.0042	0.011	0.011	0.011	0.011	0.011	0.011	0.011	0.011	0.011	0.011	0.011	0.011	0.011	0.011	0.011	0.011	0.011	0.011	0.011	0.011	0.011	0.011	0.011	0.011	0.011	0.011	0.011	0.011	0.011	0.011	0.011	0.011	0.011	0.011	0.011	0.011	0.011	0.011	0.011	0.011	0.011	0.011	0.011	0.011	0.011	0.0247	0.0247	0.0247	0.0247	0.0247	0.0247	0.0247	0.0247	0.0247	0.0247	0.0247	0.0247	0.0247	0.0247	0.0247	0.0247	0.0247	0.0247	0.0247	0.0247	0.0247	0.0247	0.0247	0.0247	0.0247	0.0247	0.0247	0.0247	0.0247	0.0247	0.0247	0.0247	0.0247	0.0247	0.0247	0.0247	0.0247	0.0247	0.0247	0.0247	0.0247	0.0247	0.0247	0.0247	0.0247	0.0247	0.0247	0.0247	0.0247	0.0247	0.0247	0.0247	0.0247	0.0247	0.0247	0.0247	0.0247	0.0247	0.0247	0.0247	0.0247	0.0247	0.0247	0.0247	0.0247	0.0247	0.0247	0.0247	0.0247	0.0247	0.0247	0.0247	0.0247	0.0247	0.0247	0.0247	0.0247	0.0247	0.0247	0.0247	0.0247	0.0247	0.0247	0.0247	0.0247	0.0247	0.0247	0.0247	0.0247	0.0247	0.0247	0.0247	0.0247	0.0247	0.0247	0.0247	0.0247	0.0247	0.0247	0.0247	0.0247	0.0247	0.0247	0.0247	0.0247	0.0247	0.0247	0.0247	0.0247	0.0247	0.0247	0.0247	0.0247	0.0247	0.0247	0.0247	0.0247	0.0247	0.0247	0.0247	0.0247	0.0247	0.0247	0.0247	0.0247	0.0247	0.0247	0.0247	0.0247	0.0247	0.0247	0.0247	0.0247	0.0247	0.0247	0.0247	0.0247	0.0247	0.0247	0.0247	0.0247	0.0247	0.0247	0.0247	0.0591	0.0591	0.0591	0.0591
35	0.0026	0.0026	0.0026	0.0026	0.0026	0.0026	0.0026	0.0026	0.0026	0.0026	0.0026	0.0026	0.0026	0.0026	0.0026	0.0026	0.0026	0.0026	0.0026	0.0026	0.0026	0.0026	0.0026	0.0026	0.0026	0.0026	0.0026	0.0026	0.0026	0.0026	0.0026	0.0026	0.0026	0.0026	0.0026	0.0026	0.0026	0.0026	0.0026	0.0026	0.0026	0.0026	0.0026	0.0026	0.0026	0.0026	0.0026	0.0026	0.0026	0.0026	0.0026	0.0026	0.0026	0.0026	0.0026	0.0026	0.0026	0.0026	0.0026	0.0026	0.0026	0.0026	0.0026	0.0026	0.0026	0.0026	0.0026	0.0026	0.0026	0.0026	0.0026	0.0026	0.0026	0.0026	0.0026	0.0026	0.0026	0.0026	0.0026	0.0026	0.0026	0.0026	0.0026	0.0026	0.0026	0.0026	0.0026	0.0026	0.0026	0.0026	0.0026	0.0026	0.0026	0.0026	0.0026	0.0026	0.0026	0.0026	0.0026	0.0026	0.0026	0.0026	0.0026	0.0026	0.0026	0.0026	0.0026	0.0265	0.0265	0.0265	0.0265	0.0265	0.0265	0.0265	0.0265	0.0265	0.0265	0.0265	0.0265	0.0265	0.0265	0.0265	0.0265	0.0265	0.0265	0.0265	0.0265	0.0265	0.0265	0.0265	0.0265	0.0265	0.0265	0.0265	0.0265	0.0265	0.0265	0.0265	0.0265	0.0265	0.0265	0.0265	0.0265	0.0265	0.0265	0.0265	0.0265	0.0265	0.0265	0.0265	0.0265	0.0265	0.003	0.003	0.003	0.003	0.003	0.003	0.003	0.003	0.003	0.003	0.003	0.003	0.003	0.003	0.003	0.003	0.003	0.003	0.003	0.003	0.003	0.003	0.003	0.003	0.003	0.003	0.003	0.003	0.003	0.003	0.003	0.003	0.003	0.003	0.003	0.003	0.003	0.003	0.003	0.003	0.003	0.003	0.003	0.003	0.003	0.003	0.003	0.003	0.003	0.003	0.003	0.003	0.003	0.003	0.003	0.003	0.003	0.003	0.003	0.003	0.003	0.003	0.003	0.003	0.003	0.003	0.003	0.003	0.003	0.003	0.003	0.003	0.003	0.003	0.003	0.003	0.003	0.003	0.003	0.003	0.003	0.003	0.003	0.003	0.003	0.003	0.003	0.003	0.003	0.003	0.003	0.003	0.003	0.003	0.003	0.003	0.003	0.003	0.003	0.003	0.003	0.003	0.003	0.003	0.003	0.003	0.003	0.003	0.003	0.003	0.003	0.003	0.003	0.003	0.003	0.003	0.003	0.003	0.003	0.003	0.003	0.003	0.003	0.003	0.003	0.003	0.003	0.003	0.003	0.003	0.003	0.003	0.003	0.003	0.003	0.003	0.003	0.003	0.003	0.003	0.003	0.003	0.003	0.003	0.4664	0.4664	0.4664	0.4664
36	0.0035	0.0035	0.0035	0.0035	0.0035	0.0035	0.0035	0.0035	0.0035	0.0035	0.0035	0.0035	0.0035	0.0035	0.0035	0.0035	0.0035	0.0035	0.0035	0.0035	0.0035	0.0035	0.0035	0.0035	0.0035	0.0035	0.0035	0.0035	0.0035	0.0035	0.0035	0.0035	0.0035	0.0035	0.0035	0.0035	0.0035	0.0035	0.0035	0.0035	0.0035	0.0035	0.0035	0.0035	0.0035	0.0035	0.0035	0.0035	0.0035	0.0035	0.0035	0.0035	0.0035	0.0035	0.0035	0.0035	0.0035	0.0035	0.0035	0.0035	0.0035	0.0035	0.0035	0.0035	0.0035	0.0035	0.0035	0.0035	0.0035	0.0035	0.0035	0.0035	0.0035	0.0035	0.0035	0.0035	0.0035	0.0035	0.0035	0.0035	0.0035	0.0035	0.0035	0.0035	0.0035	0.0035	0.0035	0.0035	0.0035	0.0035	0.0035	0.0035	0.0035	0.0035	0.0035	0.0035	0.0035	0.0035	0.0035	0.0035	0.0035	0.0035	0.0035	0.0035	0.0035	0.0035	0.0035	0.0639	0.0639	0.0639	0.0639	0.0639	0.0639	0.0639	0.0639	0.0639	0.0639	0.0639	0.0639	0.0639	0.0639	0.0639	0.0639	0.0639	0.0639	0.0639	0.0639	0.0639	0.0639	0.0639	0.0639	0.0639	0.0639	0.0639	0.0639	0.0639	0.0639	0.0639	0.0639	0.0639	0.0639	0.0639	0.0639	0.0639	0.0639	0.0639	0.0639	0.0639	0.0639	0.0639	0.0639	0.0639	0.0162	0.0162	0.0162	0.0162	0.0162	0.0162	0.0162	0.0162	0.0162	0.0162	0.0162	0.0162	0.0162	0.0162	0.0162	0.0162	0.0162	0.0162	0.0162	0.0162	0.0162	0.0162	0.0162	0.0162	0.0162	0.0162	0.0162	0.0162	0.0162	0.0162	0.0162	0.0162	0.0162	0.0162	0.0162	0.0162	0.0162	0.0162	0.0162	0.0162	0.0162	0.0162	0.0162	0.0162	0.0162	0.0162	0.0162	0.0162	0.0162	0.0162	0.0162	0.0162	0.0162	0.0162	0.0162	0.0162	0.0162	0.0162	0.0162	0.0162	0.0162	0.0162	0.0162	0.0162	0.0162	0.0162	0.0162	0.0162	0.0162	0.0162	0.0162	0.0162	0.0162	0.0162	0.0162	0.0162	0.0162	0.0162	0.0162	0.0162	0.0162	0.0162	0.0162	0.0162	0.0162	0.0162	0.0162	0.0162	0.0162	0.0162	0.0162	0.0162	0.0162	0.0162	0.0162	0.0162	0.0162	0.0162	0.0162	0.0162	0.0162	0.0162	0.0162	0.0162	0.0162	0.0162	0.0162	0.0162	0.0162	0.0162	0.0162	0.0162	0.0162	0.0162	0.0162	0.0162	0.0162	0.0162	0.0162	0.0162	0.0162	0.0162	0.0162	0.0162	0.0162	0.0162	0.0162	0.0162	0.0162	0.0162	0.0162	0.0162	0.0162	0.0162	0.0162	0.0162	0.0162	0.0162	0.0162	0.0162	0.0162	0.0162	0.0162	0.0162	0.0898	0.0898	0.0898	0.0898
37	0.0044	0.0044	0.0044	0.0044	0.0044	0.0044	0.0044	0.0044	0.0044	0.0044	0.0044	0.0044	0.0044	0.0044	0.0044	0.0044	0.0044	0.0044	0.0044	0.0044	0.0044	0.0044	0.0044	0.0044	0.0044	0.0044	0.0044	0.0044	0.0044	0.0044	0.0044	0.0044	0.0044	0.0044	0.0044	0.0044	0.0044	0.0044	0.0044	0.0044	0.0044	0.0044	0.0044	0.0044	0.0044	0.0044	0.0044	0.0044	0.0044	0.0044	0.0044	0.0044	0.0044	0.0044	0.0044	0.0044	0.0044	0.0044	0.0044	0.0044	0.0044	0.0044	0.0044	0.0044	0.0044	0.0044	0.0044	0.0044	0.0044	0.0044	0.0044	0.0044	0.0044	0.0044	0.0044	0.0044	0.0044	0.0044	0.0044	0.0044	0.0044	0.0044	0.0044	0.0044	0.0044	0.0044	0.0044	0.0044	0.0044	0.0044	0.0044	0.0044	0.0044	0.0044	0.0044	0.0044	0.0044	0.0044	0.0044	0.0044	0.0044	0.0044	0.0044	0.0044	0.0044	0.0044	0.0044	0.0063	0.0063	0.0063	0.0063	0.0063	0.0063	0.0063	0.0063	0.0063	0.0063	0.0063	0.0063	0.0063	0.0063	0.0063	0.0063	0.0063	0.0063	0.0063	0.0063	0.0063	0.0063	0.0063	0.0063	0.0063	0.0063	0.0063	0.0063	0.0063	0.0063	0.0063	0.0063	0.0063	0.0063	0.0063	0.0063	0.0063	0.0063	0.0063	0.0063	0.0063	0.0063	0.0063	0.0063	0.0063	0.0187	0.0187	0.0187	0.0187	0.0187	0.0187	0.0187	0.0187	0.0187	0.0187	0.0187	0.0187	0.0187	0.0187	0.0187	0.0187	0.0187	0.0187	0.0187	0.0187	0.0187	0.0187	0.0187	0.0187	0.0187	0.0187	0.0187	0.0187	0.0187	0.0187	0.0187	0.0187	0.0187	0.0187	0.0187	0.0187	0.0187	0.0187	0.0187	0.0187	0.0187	0.0187	0.0187	0.0187	0.0187	0.0187	0.0187	0.0187	0.0187	0.0187	0.0187	0.0187	0.0187	0.0187	0.0187	0.0187	0.0187	0.0187	0.0187	0.0187	0.0187	0.0187	0.0187	0.0187	0.0187	0.0187	0.0187	0.0187	0.0187	0.0187	0.0187	0.0187	0.0187	0.0187	0.0187	0.0187	0.0187	0.0187	0.0187	0.0187	0.0187	0.0187	0.0187	0.0187	0.0187	0.0187	0.0187	0.0187	0.0187	0.0187	0.0187	0.0187	0.0187	0.0187	0.0187	0.0187	0.0187	0.0187	0.0187	0.0187	0.0187	0.0187	0.0187	0.0187	0.0187	0.0187	0.0187	0.0187	0.0187	0.0187	0.0187	0.0187	0.0187	0.0187	0.0187	0.0187	0.0187	0.0187	0.0187	0.0187	0.0187	0.0187	0.0187	0.0187	0.0187	0.0187	0.0187	0.0187	0.0187	0.0187	0.0187	0.0187	0.0187	0.0187	0.0187	0.0187	0.0187	0.0187	0.0187	0.0187	0.0187	0.0187	0.0187	0.0187	0.0939	0.0939	0.0939	0.0939
38	0.0111	0.0111	0.0111	0.0111	0.0111	0.0111	0.0111	0.0111	0.0111	0.0111	0.0111	0.0111	0.0111	0.0111	0.0111	0.0111	0.0111	0.0111	0.0111	0.0111	0.0111	0.0111	0.0111	0.0111	0.0111	0.0111	0.0111	0.0111	0.0111	0.0111	0.0111	0.0111	0.0111	0.0111	0.0111	0.0111	0.0111	0.0111	0.0111	0.0111	0.0111	0.0111	0.0111	0.0111	0.0111	0.0111	0.0111	0.0111	0.0111	0.0111	0.0111	0.0111	0.0111	0.0111	0.0111	0.0111	0.0111	0.0111	0.0111	0.0111	0.0111	0.0111	0.0111	0.0111	0.0111	0.0111	0.0111	0.0111	0.0111	0.0111	0.0111	0.0111	0.0111	0.0111	0.0111	0.0111	0.0111	0.0111	0.0111	0.0111	0.0111	0.0111	0.0111	0.0111	0.0111	0.0111	0.0111	0.0111	0.0111	0.0111	0.0111	0.0111	0.0111	0.0111	0.0111	0.0111	0.0111	0.0111	0.0111	0.0111	0.0111	0.0111	0.0111	0.0111	0.0111	0.0111	0.0111	0.007	0.007	0.007	0.007	0.007	0.007	0.007	0.007	0.007	0.007	0.007	0.007	0.007	0.007	0.007	0.007	0.007	0.007	0.007	0.007	0.007	0.007	0.007	0.007	0.007	0.007	0.007	0.007	0.007	0.007	0.007	0.007	0.007	0.007	0.007	0.007	0.007	0.007	0.007	0.007	0.007	0.007	0.007	0.007	0.007	0.0076	0.0076	0.0076	0.0076	0.0076	0.0076	0.0076	0.0076	0.0076	0.0076	0.0076	0.0076	0.0076	0.0076	0.0076	0.0076	0.0076	0.0076	0.0076	0.0076	0.0076	0.0076	0.0076	0.0076	0.0076	0.0076	0.0076	0.0076	0.0076	0.0076	0.0076	0.0076	0.0076	0.0076	0.0076	0.0076	0.0076	0.0076	0.0076	0.0076	0.0076	0.0076	0.0076	0.0076	0.0076	0.0076	0.0076	0.0076	0.0076	0.0076	0.0076	0.0076	0.0076	0.0076	0.0076	0.0076	0.0076	0.0076	0.0076	0.0076	0.0076	0.0076	0.0076	0.0076	0.0076	0.0076	0.0076	0.0076	0.0076	0.0076	0.0076	0.0076	0.0076	0.0076	0.0076	0.0076	0.0076	0.0076	0.0076	0.0076	0.0076	0.0076	0.0076	0.0076	0.0076	0.0076	0.0076	0.0076	0.0076	0.0076	0.0076	0.0076	0.0076	0.0076	0.0076	0.0076	0.0076	0.0076	0.0076	0.0076	0.0076	0.0076	0.0076	0.0076	0.0076	0.0076	0.0076	0.0076	0.0076	0.0076	0.0076	0.0076	0.0076	0.0076	0.0076	0.0076	0.0076	0.0076	0.0076	0.0076	0.0076	0.0076	0.0076	0.0076	0.0076	0.0076	0.0076	0.0076	0.0076	0.0076	0.0076	0.0076	0.0076	0.0076	0.0076	0.0076	0.0076	0.0076	0.0076	0.0076	0.0076	0.0076	0.0076	0.0076	0.1041	0.1041	0.1041	0.1041
39	0.053	0.053	0.053	0.053	0.053	0.053	0.053	0.053	0.053	0.053	0.053	0.053	0.053	0.053	0.053	0.053	0.053	0.053	0.053	0.053	0.053	0.053	0.053	0.053	0.053	0.053	0.053	0.053	0.053	0.053	0.053	0.053	0.053	0.053	0.053	0.053	0.053	0.053	0.053	0.053	0.053	0.053	0.053	0.053	0.053	0.053	0.053	0.053	0.053	0.053	0.053	0.053	0.053	0.053	0.053	0.053	0.053	0.053	0.053	0.053	0.053	0.053	0.053	0.053	0.053	0.053	0.053	0.053	0.053	0.053	0.053	0.053	0.053	0.053	0.053	0.053	0.053	0.053	0.053	0.053	0.053	0.053	0.053	0.053	0.053	0.053	0.053	0.053	0.053	0.053	0.053	0.053	0.053	0.053	0.053	0.053	0.053	0.053	0.053	0.053	0.053	0.053	0.053	0.053	0.053	0.053	0.053	0.0096	0.0096	0.0096	0.0096	0.0096	0.0096	0.0096	0.0096	0.0096	0.0096	0.0096	0.0096	0.0096	0.0096	0.0096	0.0096	0.0096	0.0096	0.0096	0.0096	0.0096	0.0096	0.0096	0.0096	0.0096	0.0096	0.0096	0.0096	0.0096	0.0096	0.0096	0.0096	0.0096	0.0096	0.0096	0.0096	0.0096	0.0096	0.0096	0.0096	0.0096	0.0096	0.0096	0.0096	0.0096	0.0127	0.0127	0.0127	0.0127	0.0127	0.0127	0.0127	0.0127	0.0127	0.0127	0.0127	0.0127	0.0127	0.0127	0.0127	0.0127	0.0127	0.0127	0.0127	0.0127	0.0127	0.0127	0.0127	0.0127	0.0127	0.0127	0.0127	0.0127	0.0127	0.0127	0.0127	0.0127	0.0127	0.0127	0.0127	0.0127	0.0127	0.0127	0.0127	0.0127	0.0127	0.0127	0.0127	0.0127	0.0127	0.0127	0.0127	0.0127	0.0127	0.0127	0.0127	0.0127	0.0127	0.0127	0.0127	0.0127	0.0127	0.0127	0.0127	0.0127	0.0127	0.0127	0.0127	0.0127	0.0127	0.0127	0.0127	0.0127	0.0127	0.0127	0.0127	0.0127	0.0127	0.0127	0.0127	0.0127	0.0127	0.0127	0.0127	0.0127	0.0127	0.0127	0.0127	0.0127	0.0127	0.0127	0.0127	0.0127	0.0127	0.0127	0.0127	0.0127	0.0127	0.0127	0.0127	0.0127	0.0127	0.0127	0.0127	0.0127	0.0127	0.0127	0.0127	0.0127	0.0127	0.0127	0.0127	0.0127	0.0127	0.0127	0.0127	0.0127	0.0127	0.0127	0.0127	0.0127	0.0127	0.0127	0.0127	0.0127	0.0127	0.0127	0.0127	0.0127	0.0127	0.0127	0.0127	0.0127	0.0127	0.0127	0.0127	0.0127	0.0127	0.0127	0.0127	0.0127	0.0127	0.0127	0.0127	0.0127	0.0127	0.0127	0.0127	0.0127	0.0703	0.0703	0.0703	0.0703
40	0.0123	0.0123	0.0123	0.0123	0.0123	0.0123	0.0123	0.0123	0.0123	0.0123	0.0123	0.0123	0.0123	0.0123	0.0123	0.0123	0.0123	0.0123	0.0123	0.0123	0.0123	0.0123	0.0123	0.0123	0.0123	0.0123	0.0123	0.0123	0.0123	0.0123	0.0123	0.0123	0.0123	0.0123	0.0123	0.0123	0.0123	0.0123	0.0123	0.0123	0.0123	0.0123	0.0123	0.0123	0.0123	0.0123	0.0123	0.0123	0.0123	0.0123	0.0123	0.0123	0.0123	0.0123	0.0123	0.0123	0.0123	0.0123	0.0123	0.0123	0.0123	0.0123	0.0123	0.0123	0.0123	0.0123	0.0123	0.0123	0.0123	0.0123	0.0123	0.0123	0.0123	0.0123	0.0123	0.0123	0.0123	0.0123	0.0123	0.0123	0.0123	0.0123	0.0123	0.0123	0.0123	0.0123	0.0123	0.0123	0.0123	0.0123	0.0123	0.0123	0.0123	0.0123	0.0123	0.0123	0.0123	0.0123	0.0123	0.0123	0.0123	0.0123	0.0123	0.0123	0.0123	0.0123	0.0123	0.0073	0.0073	0.0073	0.0073	0.0073	0.0073	0.0073	0.0073	0.0073	0.0073	0.0073	0.0073	0.0073	0.0073	0.0073	0.0073	0.0073	0.0073	0.0073	0.0073	0.0073	0.0073	0.0073	0.0073	0.0073	0.0073	0.0073	0.0073	0.0073	0.0073	0.0073	0.0073	0.0073	0.0073	0.0073	0.0073	0.0073	0.0073	0.0073	0.0073	0.0073	0.0073	0.0073	0.0073	0.0073	0.0154	0.0154	0.0154	0.0154	0.0154	0.0154	0.0154	0.0154	0.0154	0.0154	0.0154	0.0154	0.0154	0.0154	0.0154	0.0154	0.0154	0.0154	0.0154	0.0154	0.0154	0.0154	0.0154	0.0154	0.0154	0.0154	0.0154	0.0154	0.0154	0.0154	0.0154	0.0154	0.0154	0.0154	0.0154	0.0154	0.0154	0.0154	0.0154	0.0154	0.0154	0.0154	0.0154	0.0154	0.0154	0.0154	0.0154	0.0154	0.0154	0.0154	0.0154	0.0154	0.0154	0.0154	0.0154	0.0154	0.0154	0.0154	0.0154	0.0154	0.0154	0.0154	0.0154	0.0154	0.0154	0.0154	0.0154	0.0154	0.0154	0.0154	0.0154	0.0154	0.0154	0.0154	0.0154	0.0154	0.0154	0.0154	0.0154	0.0154	0.0154	0.0154	0.0154	0.0154	0.0154	0.0154	0.0154	0.0154	0.0154	0.0154	0.0154	0.0154	0.0154	0.0154	0.0154	0.0154	0.0154	0.0154	0.0154	0.0154	0.0154	0.0154	0.0154	0.0154	0.0154	0.0154	0.0154	0.0154	0.0154	0.0154	0.0154	0.0154	0.0154	0.0154	0.0154	0.0154	0.0154	0.0154	0.0154	0.0154	0.0154	0.0154	0.0154	0.0154	0.0154	0.0154	0.0154	0.0154	0.0154	0.0154	0.0154	0.0154	0.0154	0.0154	0.0154	0.0154	0.0154	0.0154	0.0154	0.0154	0.0154	0.0154	0.0154	0.0154	0.0936	0.0936	0.0936	0.0936
41	0.0036	0.0036	0.0036	0.0036	0.0036	0.0036	0.0036	0.0036	0.0036	0.0036	0.0036	0.0036	0.0036	0.0036	0.0036	0.0036	0.0036	0.0036	0.0036	0.0036	0.0036	0.0036	0.0036	0.0036	0.0036	0.0036	0.0036	0.0036	0.0036	0.0036	0.0036	0.0036	0.0036	0.0036	0.0036	0.0036	0.0036	0.0036	0.0036	0.0036	0.0036	0.0036	0.0036	0.0036	0.0036	0.0036	0.0036	0.0036	0.0036	0.0036	0.0036	0.0036	0.0036	0.0036	0.0036	0.0036	0.0036	0.0036	0.0036	0.0036	0.0036	0.0036	0.0036	0.0036	0.0036	0.0036	0.0036	0.0036	0.0036	0.0036	0.0036	0.0036	0.0036	0.0036	0.0036	0.0036	0.0036	0.0036	0.0036	0.0036	0.0036	0.0036	0.0036	0.0036	0.0036	0.0036	0.0036	0.0036	0.0036	0.0036	0.0036	0.0036	0.0036	0.0036	0.0036	0.0036	0.0036	0.0036	0.0036	0.0036	0.0036	0.0036	0.0036	0.0036	0.0036	0.0036	0.0036	0.0075	0.0075	0.0075	0.0075	0.0075	0.0075	0.0075	0.0075	0.0075	0.0075	0.0075	0.0075	0.0075	0.0075	0.0075	0.0075	0.0075	0.0075	0.0075	0.0075	0.0075	0.0075	0.0075	0.0075	0.0075	0.0075	0.0075	0.0075	0.0075	0.0075	0.0075	0.0075	0.0075	0.0075	0.0075	0.0075	0.0075	0.0075	0.0075	0.0075	0.0075	0.0075	0.0075	0.0075	0.0075	0.0411	0.0411	0.0411	0.0411	0.0411	0.0411	0.0411	0.0411	0.0411	0.0411	0.0411	0.0411	0.0411	0.0411	0.0411	0.0411	0.0411	0.0411	0.0411	0.0411	0.0411	0.0411	0.0411	0.0411	0.0411	0.0411	0.0411	0.0411	0.0411	0.0411	0.0411	0.0411	0.0411	0.0411	0.0411	0.0411	0.0411	0.0411	0.0411	0.0411	0.0411	0.0411	0.0411	0.0411	0.0411	0.0411	0.0411	0.0411	0.0411	0.0411	0.0411	0.0411	0.0411	0.0411	0.0411	0.0411	0.0411	0.0411	0.0411	0.0411	0.0411	0.0411	0.0411	0.0411	0.0411	0.0411	0.0411	0.0411	0.0411	0.0411	0.0411	0.0411	0.0411	0.0411	0.0411	0.0411	0.0411	0.0411	0.0411	0.0411	0.0411	0.0411	0.0411	0.0411	0.0411	0.0411	0.0411	0.0411	0.0411	0.0411	0.0411	0.0411	0.0411	0.0411	0.0411	0.0411	0.0411	0.0411	0.0411	0.0411	0.0411	0.0411	0.0411	0.0411	0.0411	0.0411	0.0411	0.0411	0.0411	0.0411	0.0411	0.0411	0.0411	0.0411	0.0411	0.0411	0.0411	0.0411	0.0411	0.0411	0.0411	0.0411	0.0411	0.0411	0.0411	0.0411	0.0411	0.0411	0.0411	0.0411	0.0411	0.0411	0.0411	0.0411	0.0411	0.0411	0.0411	0.0411	0.0411	0.0411	0.0411	0.0411	0.0411	0.0411	0.1199	0.1199	0.1199	0.1199
42	0.0124	0.0124	0.0124	0.0124	0.0124	0.0124	0.0124	0.0124	0.0124	0.0124	0.0124	0.0124	0.0124	0.0124	0.0124	0.0124	0.0124	0.0124	0.0124	0.0124	0.0124	0.0124	0.0124	0.0124	0.0124	0.0124	0.0124	0.0124	0.0124	0.0124	0.0124	0.0124	0.0124	0.0124	0.0124	0.0124	0.0124	0.0124	0.0124	0.0124	0.0124	0.0124	0.0124	0.0124	0.0124	0.0124	0.0124	0.0124	0.0124	0.0124	0.0124	0.0124	0.0124	0.0124	0.0124	0.0124	0.0124	0.0124	0.0124	0.0124	0.0124	0.0124	0.0124	0.0124	0.0124	0.0124	0.0124	0.0124	0.0124	0.0124	0.0124	0.0124	0.0124	0.0124	0.0124	0.0124	0.0124	0.0124	0.0124	0.0124	0.0124	0.0124	0.0124	0.0124	0.0124	0.0124	0.0124	0.0124	0.0124	0.0124	0.0124	0.0124	0.0124	0.0124	0.0124	0.0124	0.0124	0.0124	0.0124	0.0124	0.0124	0.0124	0.0124	0.0124	0.0124	0.0124	0.0124	0.0079	0.0079	0.0079	0.0079	0.0079	0.0079	0.0079	0.0079	0.0079	0.0079	0.0079	0.0079	0.0079	0.0079	0.0079	0.0079	0.0079	0.0079	0.0079	0.0079	0.0079	0.0079	0.0079	0.0079	0.0079	0.0079	0.0079	0.0079	0.0079	0.0079	0.0079	0.0079	0.0079	0.0079	0.0079	0.0079	0.0079	0.0079	0.0079	0.0079	0.0079	0.0079	0.0079	0.0079	0.0079	0.0272	0.0272	0.0272	0.0272	0.0272	0.0272	0.0272	0.0272	0.0272	0.0272	0.0272	0.0272	0.0272	0.0272	0.0272	0.0272	0.0272	0.0272	0.0272	0.0272	0.0272	0.0272	0.0272	0.0272	0.0272	0.0272	0.0272	0.0272	0.0272	0.0272	0.0272	0.0272	0.0272	0.0272	0.0272	0.0272	0.0272	0.0272	0.0272	0.0272	0.0272	0.0272	0.0272	0.0272	0.0272	0.0272	0.0272	0.0272	0.0272	0.0272	0.0272	0.0272	0.0272	0.0272	0.0272	0.0272	0.0272	0.0272	0.0272	0.0272	0.0272	0.0272	0.0272	0.0272	0.0272	0.0272	0.0272	0.0272	0.0272	0.0272	0.0272	0.0272	0.0272	0.0272	0.0272	0.0272	0.0272	0.0272	0.0272	0.0272	0.0272	0.0272	0.0272	0.0272	0.0272	0.0272	0.0272	0.0272	0.0272	0.0272	0.0272	0.0272	0.0272	0.0272	0.0272	0.0272	0.0272	0.0272	0.0272	0.0272	0.0272	0.0272	0.0272	0.0272	0.0272	0.0272	0.0272	0.0272	0.0272	0.0272	0.0272	0.0272	0.0272	0.0272	0.0272	0.0272	0.0272	0.0272	0.0272	0.0272	0.0272	0.0272	0.0272	0.0272	0.0272	0.0272	0.0272	0.0272	0.0272	0.0272	0.0272	0.0272	0.0272	0.0272	0.0272	0.0272	0.0272	0.0272	0.0272	0.0272	0.0272	0.0272	0.0272	0.0272	0.0858	0.0858	0.0858	0.0858
43	0.0155	0.0155	0.0155	0.0155	0.0155	0.0155	0.0155	0.0155	0.0155	0.0155	0.0155	0.0155	0.0155	0.0155	0.0155	0.0155	0.0155	0.0155	0.0155	0.0155	0.0155	0.0155	0.0155	0.0155	0.0155	0.0155	0.0155	0.0155	0.0155	0.0155	0.0155	0.0155	0.0155	0.0155	0.0155	0.0155	0.0155	0.0155	0.0155	0.0155	0.0155	0.0155	0.0155	0.0155	0.0155	0.0155	0.0155	0.0155	0.0155	0.0155	0.0155	0.0155	0.0155	0.0155	0.0155	0.0155	0.0155	0.0155	0.0155	0.0155	0.0155	0.0155	0.0155	0.0155	0.0155	0.0155	0.0155	0.0155	0.0155	0.0155	0.0155	0.0155	0.0155	0.0155	0.0155	0.0155	0.0155	0.0155	0.0155	0.0155	0.0155	0.0155	0.0155	0.0155	0.0155	0.0155	0.0155	0.0155	0.0155	0.0155	0.0155	0.0155	0.0155	0.0155	0.0155	0.0155	0.0155	0.0155	0.0155	0.0155	0.0155	0.0155	0.0155	0.0155	0.0155	0.0155	0.0155	0.0334	0.0334	0.0334	0.0334	0.0334	0.0334	0.0334	0.0334	0.0334	0.0334	0.0334	0.0334	0.0334	0.0334	0.0334	0.0334	0.0334	0.0334	0.0334	0.0334	0.0334	0.0334	0.0334	0.0334	0.0334	0.0334	0.0334	0.0334	0.0334	0.0334	0.0334	0.0334	0.0334	0.0334	0.0334	0.0334	0.0334	0.0334	0.0334	0.0334	0.0334	0.0334	0.0334	0.0334	0.0334	0.0097	0.0097	0.0097	0.0097	0.0097	0.0097	0.0097	0.0097	0.0097	0.0097	0.0097	0.0097	0.0097	0.0097	0.0097	0.0097	0.0097	0.0097	0.0097	0.0097	0.0097	0.0097	0.0097	0.0097	0.0097	0.0097	0.0097	0.0097	0.0097	0.0097	0.0097	0.0097	0.0097	0.0097	0.0097	0.0097	0.0097	0.0097	0.0097	0.0097	0.0097	0.0097	0.0097	0.0097	0.0097	0.0097	0.0097	0.0097	0.0097	0.0097	0.0097	0.0097	0.0097	0.0097	0.0097	0.0097	0.0097	0.0097	0.0097	0.0097	0.0097	0.0097	0.0097	0.0097	0.0097	0.0097	0.0097	0.0097	0.0097	0.0097	0.0097	0.0097	0.0097	0.0097	0.0097	0.0097	0.0097	0.0097	0.0097	0.0097	0.0097	0.0097	0.0097	0.0097	0.0097	0.0097	0.0097	0.0097	0.0097	0.0097	0.0097	0.0097	0.0097	0.0097	0.0097	0.0097	0.0097	0.0097	0.0097	0.0097	0.0097	0.0097	0.0097	0.0097	0.0097	0.0097	0.0097	0.0097	0.0097	0.0097	0.0097	0.0097	0.0097	0.0097	0.0097	0.0097	0.0097	0.0097	0.0097	0.0097	0.0097	0.0097	0.0097	0.0097	0.0097	0.0097	0.0097	0.0097	0.0097	0.0097	0.0097	0.0097	0.0097	0.0097	0.0097	0.0097	0.0097	0.0097	0.0097	0.0097	0.0097	0.0097	0.0097	0.0097	0.365	0.365	0.365	0.365
44	0.0034	0.0034	0.0034	0.0034	0.0034	0.0034	0.0034	0.0034	0.0034	0.0034	0.0034	0.0034	0.0034	0.0034	0.0034	0.0034	0.0034	0.0034	0.0034	0.0034	0.0034	0.0034	0.0034	0.0034	0.0034	0.0034	0.0034	0.0034	0.0034	0.0034	0.0034	0.0034	0.0034	0.0034	0.0034	0.0034	0.0034	0.0034	0.0034	0.0034	0.0034	0.0034	0.0034	0.0034	0.0034	0.0034	0.0034	0.0034	0.0034	0.0034	0.0034	0.0034	0.0034	0.0034	0.0034	0.0034	0.0034	0.0034	0.0034	0.0034	0.0034	0.0034	0.0034	0.0034	0.0034	0.0034	0.0034	0.0034	0.0034	0.0034	0.0034	0.0034	0.0034	0.0034	0.0034	0.0034	0.0034	0.0034	0.0034	0.0034	0.0034	0.0034	0.0034	0.0034	0.0034	0.0034	0.0034	0.0034	0.0034	0.0034	0.0034	0.0034	0.0034	0.0034	0.0034	0.0034	0.0034	0.0034	0.0034	0.0034	0.0034	0.0034	0.0034	0.0034	0.0034	0.0034	0.0034	0.0361	0.0361	0.0361	0.0361	0.0361	0.0361	0.0361	0.0361	0.0361	0.0361	0.0361	0.0361	0.0361	0.0361	0.0361	0.0361	0.0361	0.0361	0.0361	0.0361	0.0361	0.0361	0.0361	0.0361	0.0361	0.0361	0.0361	0.0361	0.0361	0.0361	0.0361	0.0361	0.0361	0.0361	0.0361	0.0361	0.0361	0.0361	0.0361	0.0361	0.0361	0.0361	0.0361	0.0361	0.0361	0.0021	0.0021	0.0021	0.0021	0.0021	0.0021	0.0021	0.0021	0.0021	0.0021	0.0021	0.0021	0.0021	0.0021	0.0021	0.0021	0.0021	0.0021	0.0021	0.0021	0.0021	0.0021	0.0021	0.0021	0.0021	0.0021	0.0021	0.0021	0.0021	0.0021	0.0021	0.0021	0.0021	0.0021	0.0021	0.0021	0.0021	0.0021	0.0021	0.0021	0.0021	0.0021	0.0021	0.0021	0.0021	0.0021	0.0021	0.0021	0.0021	0.0021	0.0021	0.0021	0.0021	0.0021	0.0021	0.0021	0.0021	0.0021	0.0021	0.0021	0.0021	0.0021	0.0021	0.0021	0.0021	0.0021	0.0021	0.0021	0.0021	0.0021	0.0021	0.0021	0.0021	0.0021	0.0021	0.0021	0.0021	0.0021	0.0021	0.0021	0.0021	0.0021	0.0021	0.0021	0.0021	0.0021	0.0021	0.0021	0.0021	0.0021	0.0021	0.0021	0.0021	0.0021	0.0021	0.0021	0.0021	0.0021	0.0021	0.0021	0.0021	0.0021	0.0021	0.0021	0.0021	0.0021	0.0021	0.0021	0.0021	0.0021	0.0021	0.0021	0.0021	0.0021	0.0021	0.0021	0.0021	0.0021	0.0021	0.0021	0.0021	0.0021	0.0021	0.0021	0.0021	0.0021	0.0021	0.0021	0.0021	0.0021	0.0021	0.0021	0.0021	0.0021	0.0021	0.0021	0.0021	0.0021	0.0021	0.0021	0.0021	0.0021	0.0021	0.0021	0.1168	0.1168	0.1168	0.1168
45	0.0182	0.0182	0.0182	0.0182	0.0182	0.0182	0.0182	0.0182	0.0182	0.0182	0.0182	0.0182	0.0182	0.0182	0.0182	0.0182	0.0182	0.0182	0.0182	0.0182	0.0182	0.0182	0.0182	0.0182	0.0182	0.0182	0.0182	0.0182	0.0182	0.0182	0.0182	0.0182	0.0182	0.0182	0.0182	0.0182	0.0182	0.0182	0.0182	0.0182	0.0182	0.0182	0.0182	0.0182	0.0182	0.0182	0.0182	0.0182	0.0182	0.0182	0.0182	0.0182	0.0182	0.0182	0.0182	0.0182	0.0182	0.0182	0.0182	0.0182	0.0182	0.0182	0.0182	0.0182	0.0182	0.0182	0.0182	0.0182	0.0182	0.0182	0.0182	0.0182	0.0182	0.0182	0.0182	0.0182	0.0182	0.0182	0.0182	0.0182	0.0182	0.0182	0.0182	0.0182	0.0182	0.0182	0.0182	0.0182	0.0182	0.0182	0.0182	0.0182	0.0182	0.0182	0.0182	0.0182	0.0182	0.0182	0.0182	0.0182	0.0182	0.0182	0.0182	0.0182	0.0182	0.0182	0.0182	0.0101	0.0101	0.0101	0.0101	0.0101	0.0101	0.0101	0.0101	0.0101	0.0101	0.0101	0.0101	0.0101	0.0101	0.0101	0.0101	0.0101	0.0101	0.0101	0.0101	0.0101	0.0101	0.0101	0.0101	0.0101	0.0101	0.0101	0.0101	0.0101	0.0101	0.0101	0.0101	0.0101	0.0101	0.0101	0.0101	0.0101	0.0101	0.0101	0.0101	0.0101	0.0101	0.0101	0.0101	0.0101	0.0141	0.0141	0.0141	0.0141	0.0141	0.0141	0.0141	0.0141	0.0141	0.0141	0.0141	0.0141	0.0141	0.0141	0.0141	0.0141	0.0141	0.0141	0.0141	0.0141	0.0141	0.0141	0.0141	0.0141	0.0141	0.0141	0.0141	0.0141	0.0141	0.0141	0.0141	0.0141	0.0141	0.0141	0.0141	0.0141	0.0141	0.0141	0.0141	0.0141	0.0141	0.0141	0.0141	0.0141	0.0141	0.0141	0.0141	0.0141	0.0141	0.0141	0.0141	0.0141	0.0141	0.0141	0.0141	0.0141	0.0141	0.0141	0.0141	0.0141	0.0141	0.0141	0.0141	0.0141	0.0141	0.0141	0.0141	0.0141	0.0141	0.0141	0.0141	0.0141	0.0141	0.0141	0.0141	0.0141	0.0141	0.0141	0.0141	0.0141	0.0141	0.0141	0.0141	0.0141	0.0141	0.0141	0.0141	0.0141	0.0141	0.0141	0.0141	0.0141	0.0141	0.0141	0.0141	0.0141	0.0141	0.0141	0.0141	0.0141	0.0141	0.0141	0.0141	0.0141	0.0141	0.0141	0.0141	0.0141	0.0141	0.0141	0.0141	0.0141	0.0141	0.0141	0.0141	0.0141	0.0141	0.0141	0.0141	0.0141	0.0141	0.0141	0.0141	0.0141	0.0141	0.0141	0.0141	0.0141	0.0141	0.0141	0.0141	0.0141	0.0141	0.0141	0.0141	0.0141	0.0141	0.0141	0.0141	0.0141	0.0141	0.0141	0.0141	0.0141	0.1263	0.1263	0.1263	0.1263
46	0.0256	0.0256	0.0256	0.0256	0.0256	0.0256	0.0256	0.0256	0.0256	0.0256	0.0256	0.0256	0.0256	0.0256	0.0256	0.0256	0.0256	0.0256	0.0256	0.0256	0.0256	0.0256	0.0256	0.0256	0.0256	0.0256	0.0256	0.0256	0.0256	0.0256	0.0256	0.0256	0.0256	0.0256	0.0256	0.0256	0.0256	0.0256	0.0256	0.0256	0.0256	0.0256	0.0256	0.0256	0.0256	0.0256	0.0256	0.0256	0.0256	0.0256	0.0256	0.0256	0.0256	0.0256	0.0256	0.0256	0.0256	0.0256	0.0256	0.0256	0.0256	0.0256	0.0256	0.0256	0.0256	0.0256	0.0256	0.0256	0.0256	0.0256	0.0256	0.0256	0.0256	0.0256	0.0256	0.0256	0.0256	0.0256	0.0256	0.0256	0.0256	0.0256	0.0256	0.0256	0.0256	0.0256	0.0256	0.0256	0.0256	0.0256	0.0256	0.0256	0.0256	0.0256	0.0256	0.0256	0.0256	0.0256	0.0256	0.0256	0.0256	0.0256	0.0256	0.0256	0.0256	0.0256	0.0256	0.0322	0.0322	0.0322	0.0322	0.0322	0.0322	0.0322	0.0322	0.0322	0.0322	0.0322	0.0322	0.0322	0.0322	0.0322	0.0322	0.0322	0.0322	0.0322	0.0322	0.0322	0.0322	0.0322	0.0322	0.0322	0.0322	0.0322	0.0322	0.0322	0.0322	0.0322	0.0322	0.0322	0.0322	0.0322	0.0322	0.0322	0.0322	0.0322	0.0322	0.0322	0.0322	0.0322	0.0322	0.0322	0.0097	0.0097	0.0097	0.0097	0.0097	0.0097	0.0097	0.0097	0.0097	0.0097	0.0097	0.0097	0.0097	0.0097	0.0097	0.0097	0.0097	0.0097	0.0097	0.0097	0.0097	0.0097	0.0097	0.0097	0.0097	0.0097	0.0097	0.0097	0.0097	0.0097	0.0097	0.0097	0.0097	0.0097	0.0097	0.0097	0.0097	0.0097	0.0097	0.0097	0.0097	0.0097	0.0097	0.0097	0.0097	0.0097	0.0097	0.0097	0.0097	0.0097	0.0097	0.0097	0.0097	0.0097	0.0097	0.0097	0.0097	0.0097	0.0097	0.0097	0.0097	0.0097	0.0097	0.0097	0.0097	0.0097	0.0097	0.0097	0.0097	0.0097	0.0097	0.0097	0.0097	0.0097	0.0097	0.0097	0.0097	0.0097	0.0097	0.0097	0.0097	0.0097	0.0097	0.0097	0.0097	0.0097	0.0097	0.0097	0.0097	0.0097	0.0097	0.0097	0.0097	0.0097	0.0097	0.0097	0.0097	0.0097	0.0097	0.0097	0.0097	0.0097	0.0097	0.0097	0.0097	0.0097	0.0097	0.0097	0.0097	0.0097	0.0097	0.0097	0.0097	0.0097	0.0097	0.0097	0.0097	0.0097	0.0097	0.0097	0.0097	0.0097	0.0097	0.0097	0.0097	0.0097	0.0097	0.0097	0.0097	0.0097	0.0097	0.0097	0.0097	0.0097	0.0097	0.0097	0.0097	0.0097	0.0097	0.0097	0.0097	0.0097	0.0097	0.0097	0.0721	0.0721	0.0721	0.0721
47	0.004	0.004	0.004	0.004	0.004	0.004	0.004	0.004	0.004	0.004	0.004	0.004	0.004	0.004	0.004	0.004	0.004	0.004	0.004	0.004	0.004	0.004	0.004	0.004	0.004	0.004	0.004	0.004	0.004	0.004	0.004	0.004	0.004	0.004	0.004	0.004	0.004	0.004	0.004	0.004	0.004	0.004	0.004	0.004	0.004	0.004	0.004	0.004	0.004	0.004	0.004	0.004	0.004	0.004	0.004	0.004	0.004	0.004	0.004	0.004	0.004	0.004	0.004	0.004	0.004	0.004	0.004	0.004	0.004	0.004	0.004	0.004	0.004	0.004	0.004	0.004	0.004	0.004	0.004	0.004	0.004	0.004	0.004	0.004	0.004	0.004	0.004	0.004	0.004	0.004	0.004	0.004	0.004	0.004	0.004	0.004	0.004	0.004	0.004	0.004	0.004	0.004	0.004	0.004	0.004	0.004	0.004	0.0328	0.0328	0.0328	0.0328	0.0328	0.0328	0.0328	0.0328	0.0328	0.0328	0.0328	0.0328	0.0328	0.0328	0.0328	0.0328	0.0328	0.0328	0.0328	0.0328	0.0328	0.0328	0.0328	0.0328	0.0328	0.0328	0.0328	0.0328	0.0328	0.0328	0.0328	0.0328	0.0328	0.0328	0.0328	0.0328	0.0328	0.0328	0.0328	0.0328	0.0328	0.0328	0.0328	0.0328	0.0328	0.0081	0.0081	0.0081	0.0081	0.0081	0.0081	0.0081	0.0081	0.0081	0.0081	0.0081	0.0081	0.0081	0.0081	0.0081	0.0081	0.0081	0.0081	0.0081	0.0081	0.0081	0.0081	0.0081	0.0081	0.0081	0.0081	0.0081	0.0081	0.0081	0.0081	0.0081	0.0081	0.0081	0.0081	0.0081	0.0081	0.0081	0.0081	0.0081	0.0081	0.0081	0.0081	0.0081	0.0081	0.0081	0.0081	0.0081	0.0081	0.0081	0.0081	0.0081	0.0081	0.0081	0.0081	0.0081	0.0081	0.0081	0.0081	0.0081	0.0081	0.0081	0.0081	0.0081	0.0081	0.0081	0.0081	0.0081	0.0081	0.0081	0.0081	0.0081	0.0081	0.0081	0.0081	0.0081	0.0081	0.0081	0.0081	0.0081	0.0081	0.0081	0.0081	0.0081	0.0081	0.0081	0.0081	0.0081	0.0081	0.0081	0.0081	0.0081	0.0081	0.0081	0.0081	0.0081	0.0081	0.0081	0.0081	0.0081	0.0081	0.0081	0.0081	0.0081	0.0081	0.0081	0.0081	0.0081	0.0081	0.0081	0.0081	0.0081	0.0081	0.0081	0.0081	0.0081	0.0081	0.0081	0.0081	0.0081	0.0081	0.0081	0.0081	0.0081	0.0081	0.0081	0.0081	0.0081	0.0081	0.0081	0.0081	0.0081	0.0081	0.0081	0.0081	0.0081	0.0081	0.0081	0.0081	0.0081	0.0081	0.0081	0.0081	0.0081	0.0081	0.1069	0.1069	0.1069	0.1069
48	0.0034	0.0034	0.0034	0.0034	0.0034	0.0034	0.0034	0.0034	0.0034	0.0034	0.0034	0.0034	0.0034	0.0034	0.0034	0.0034	0.0034	0.0034	0.0034	0.0034	0.0034	0.0034	0.0034	0.0034	0.0034	0.0034	0.0034	0.0034	0.0034	0.0034	0.0034	0.0034	0.0034	0.0034	0.0034	0.0034	0.0034	0.0034	0.0034	0.0034	0.0034	0.0034	0.0034	0.0034	0.0034	0.0034	0.0034	0.0034	0.0034	0.0034	0.0034	0.0034	0.0034	0.0034	0.0034	0.0034	0.0034	0.0034	0.0034	0.0034	0.0034	0.0034	0.0034	0.0034	0.0034	0.0034	0.0034	0.0034	0.0034	0.0034	0.0034	0.0034	0.0034	0.0034	0.0034	0.0034	0.0034	0.0034	0.0034	0.0034	0.0034	0.0034	0.0034	0.0034	0.0034	0.0034	0.0034	0.0034	0.0034	0.0034	0.0034	0.0034	0.0034	0.0034	0.0034	0.0034	0.0034	0.0034	0.0034	0.0034	0.0034	0.0034	0.0034	0.0034	0.0034	0.0034	0.0034	0.0082	0.0082	0.0082	0.0082	0.0082	0.0082	0.0082	0.0082	0.0082	0.0082	0.0082	0.0082	0.0082	0.0082	0.0082	0.0082	0.0082	0.0082	0.0082	0.0082	0.0082	0.0082	0.0082	0.0082	0.0082	0.0082	0.0082	0.0082	0.0082	0.0082	0.0082	0.0082	0.0082	0.0082	0.0082	0.0082	0.0082	0.0082	0.0082	0.0082	0.0082	0.0082	0.0082	0.0082	0.0082	0.0273	0.0273	0.0273	0.0273	0.0273	0.0273	0.0273	0.0273	0.0273	0.0273	0.0273	0.0273	0.0273	0.0273	0.0273	0.0273	0.0273	0.0273	0.0273	0.0273	0.0273	0.0273	0.0273	0.0273	0.0273	0.0273	0.0273	0.0273	0.0273	0.0273	0.0273	0.0273	0.0273	0.0273	0.0273	0.0273	0.0273	0.0273	0.0273	0.0273	0.0273	0.0273	0.0273	0.0273	0.0273	0.0273	0.0273	0.0273	0.0273	0.0273	0.0273	0.0273	0.0273	0.0273	0.0273	0.0273	0.0273	0.0273	0.0273	0.0273	0.0273	0.0273	0.0273	0.0273	0.0273	0.0273	0.0273	0.0273	0.0273	0.0273	0.0273	0.0273	0.0273	0.0273	0.0273	0.0273	0.0273	0.0273	0.0273	0.0273	0.0273	0.0273	0.0273	0.0273	0.0273	0.0273	0.0273	0.0273	0.0273	0.0273	0.0273	0.0273	0.0273	0.0273	0.0273	0.0273	0.0273	0.0273	0.0273	0.0273	0.0273	0.0273	0.0273	0.0273	0.0273	0.0273	0.0273	0.0273	0.0273	0.0273	0.0273	0.0273	0.0273	0.0273	0.0273	0.0273	0.0273	0.0273	0.0273	0.0273	0.0273	0.0273	0.0273	0.0273	0.0273	0.0273	0.0273	0.0273	0.0273	0.0273	0.0273	0.0273	0.0273	0.0273	0.0273	0.0273	0.0273	0.0273	0.0273	0.0273	0.0273	0.0273	0.0273	0.0273	0.3295	0.3295	0.3295	0.3295
49	0.0067	0.0067	0.0067	0.0067	0.0067	0.0067	0.0067	0.0067	0.0067	0.0067	0.0067	0.0067	0.0067	0.0067	0.0067	0.0067	0.0067	0.0067	0.0067	0.0067	0.0067	0.0067	0.0067	0.0067	0.0067	0.0067	0.0067	0.0067	0.0067	0.0067	0.0067	0.0067	0.0067	0.0067	0.0067	0.0067	0.0067	0.0067	0.0067	0.0067	0.0067	0.0067	0.0067	0.0067	0.0067	0.0067	0.0067	0.0067	0.0067	0.0067	0.0067	0.0067	0.0067	0.0067	0.0067	0.0067	0.0067	0.0067	0.0067	0.0067	0.0067	0.0067	0.0067	0.0067	0.0067	0.0067	0.0067	0.0067	0.0067	0.0067	0.0067	0.0067	0.0067	0.0067	0.0067	0.0067	0.0067	0.0067	0.0067	0.0067	0.0067	0.0067	0.0067	0.0067	0.0067	0.0067	0.0067	0.0067	0.0067	0.0067	0.0067	0.0067	0.0067	0.0067	0.0067	0.0067	0.0067	0.0067	0.0067	0.0067	0.0067	0.0067	0.0067	0.0067	0.0067	0.0067	0.0067	0.0092	0.0092	0.0092	0.0092	0.0092	0.0092	0.0092	0.0092	0.0092	0.0092	0.0092	0.0092	0.0092	0.0092	0.0092	0.0092	0.0092	0.0092	0.0092	0.0092	0.0092	0.0092	0.0092	0.0092	0.0092	0.0092	0.0092	0.0092	0.0092	0.0092	0.0092	0.0092	0.0092	0.0092	0.0092	0.0092	0.0092	0.0092	0.0092	0.0092	0.0092	0.0092	0.0092	0.0092	0.0092	0.0155	0.0155	0.0155	0.0155	0.0155	0.0155	0.0155	0.0155	0.0155	0.0155	0.0155	0.0155	0.0155	0.0155	0.0155	0.0155	0.0155	0.0155	0.0155	0.0155	0.0155	0.0155	0.0155	0.0155	0.0155	0.0155	0.0155	0.0155	0.0155	0.0155	0.0155	0.0155	0.0155	0.0155	0.0155	0.0155	0.0155	0.0155	0.0155	0.0155	0.0155	0.0155	0.0155	0.0155	0.0155	0.0155	0.0155	0.0155	0.0155	0.0155	0.0155	0.0155	0.0155	0.0155	0.0155	0.0155	0.0155	0.0155	0.0155	0.0155	0.0155	0.0155	0.0155	0.0155	0.0155	0.0155	0.0155	0.0155	0.0155	0.0155	0.0155	0.0155	0.0155	0.0155	0.0155	0.0155	0.0155	0.0155	0.0155	0.0155	0.0155	0.0155	0.0155	0.0155	0.0155	0.0155	0.0155	0.0155	0.0155	0.0155	0.0155	0.0155	0.0155	0.0155	0.0155	0.0155	0.0155	0.0155	0.0155	0.0155	0.0155	0.0155	0.0155	0.0155	0.0155	0.0155	0.0155	0.0155	0.0155	0.0155	0.0155	0.0155	0.0155	0.0155	0.0155	0.0155	0.0155	0.0155	0.0155	0.0155	0.0155	0.0155	0.0155	0.0155	0.0155	0.0155	0.0155	0.0155	0.0155	0.0155	0.0155	0.0155	0.0155	0.0155	0.0155	0.0155	0.0155	0.0155	0.0155	0.0155	0.0155	0.0155	0.0155	0.0155	0.116	0.116	0.116	0.116
50	0.0395	0.0395	0.0395	0.0395	0.0395	0.0395	0.0395	0.0395	0.0395	0.0395	0.0395	0.0395	0.0395	0.0395	0.0395	0.0395	0.0395	0.0395	0.0395	0.0395	0.0395	0.0395	0.0395	0.0395	0.0395	0.0395	0.0395	0.0395	0.0395	0.0395	0.0395	0.0395	0.0395	0.0395	0.0395	0.0395	0.0395	0.0395	0.0395	0.0395	0.0395	0.0395	0.0395	0.0395	0.0395	0.0395	0.0395	0.0395	0.0395	0.0395	0.0395	0.0395	0.0395	0.0395	0.0395	0.0395	0.0395	0.0395	0.0395	0.0395	0.0395	0.0395	0.0395	0.0395	0.0395	0.0395	0.0395	0.0395	0.0395	0.0395	0.0395	0.0395	0.0395	0.0395	0.0395	0.0395	0.0395	0.0395	0.0395	0.0395	0.0395	0.0395	0.0395	0.0395	0.0395	0.0395	0.0395	0.0395	0.0395	0.0395	0.0395	0.0395	0.0395	0.0395	0.0395	0.0395	0.0395	0.0395	0.0395	0.0395	0.0395	0.0395	0.0395	0.0395	0.0395	0.0395	0.0395	0.0344	0.0344	0.0344	0.0344	0.0344	0.0344	0.0344	0.0344	0.0344	0.0344	0.0344	0.0344	0.0344	0.0344	0.0344	0.0344	0.0344	0.0344	0.0344	0.0344	0.0344	0.0344	0.0344	0.0344	0.0344	0.0344	0.0344	0.0344	0.0344	0.0344	0.0344	0.0344	0.0344	0.0344	0.0344	0.0344	0.0344	0.0344	0.0344	0.0344	0.0344	0.0344	0.0344	0.0344	0.0344	0.0094	0.0094	0.0094	0.0094	0.0094	0.0094	0.0094	0.0094	0.0094	0.0094	0.0094	0.0094	0.0094	0.0094	0.0094	0.0094	0.0094	0.0094	0.0094	0.0094	0.0094	0.0094	0.0094	0.0094	0.0094	0.0094	0.0094	0.0094	0.0094	0.0094	0.0094	0.0094	0.0094	0.0094	0.0094	0.0094	0.0094	0.0094	0.0094	0.0094	0.0094	0.0094	0.0094	0.0094	0.0094	0.0094	0.0094	0.0094	0.0094	0.0094	0.0094	0.0094	0.0094	0.0094	0.0094	0.0094	0.0094	0.0094	0.0094	0.0094	0.0094	0.0094	0.0094	0.0094	0.0094	0.0094	0.0094	0.0094	0.0094	0.0094	0.0094	0.0094	0.0094	0.0094	0.0094	0.0094	0.0094	0.0094	0.0094	0.0094	0.0094	0.0094	0.0094	0.0094	0.0094	0.0094	0.0094	0.0094	0.0094	0.0094	0.0094	0.0094	0.0094	0.0094	0.0094	0.0094	0.0094	0.0094	0.0094	0.0094	0.0094	0.0094	0.0094	0.0094	0.0094	0.0094	0.0094	0.0094	0.0094	0.0094	0.0094	0.0094	0.0094	0.0094	0.0094	0.0094	0.0094	0.0094	0.0094	0.0094	0.0094	0.0094	0.0094	0.0094	0.0094	0.0094	0.0094	0.0094	0.0094	0.0094	0.0094	0.0094	0.0094	0.0094	0.0094	0.0094	0.0094	0.0094	0.0094	0.0094	0.0094	0.0094	0.0094	0.0094	0.0593	0.0593	0.0593	0.0593
51	0.0023	0.0023	0.0023	0.0023	0.0023	0.0023	0.0023	0.0023	0.0023	0.0023	0.0023	0.0023	0.0023	0.0023	0.0023	0.0023	0.0023	0.0023	0.0023	0.0023	0.0023	0.0023	0.0023	0.0023	0.0023	0.0023	0.0023	0.0023	0.0023	0.0023	0.0023	0.0023	0.0023	0.0023	0.0023	0.0023	0.0023	0.0023	0.0023	0.0023	0.0023	0.0023	0.0023	0.0023	0.0023	0.0023	0.0023	0.0023	0.0023	0.0023	0.0023	0.0023	0.0023	0.0023	0.0023	0.0023	0.0023	0.0023	0.0023	0.0023	0.0023	0.0023	0.0023	0.0023	0.0023	0.0023	0.0023	0.0023	0.0023	0.0023	0.0023	0.0023	0.0023	0.0023	0.0023	0.0023	0.0023	0.0023	0.0023	0.0023	0.0023	0.0023	0.0023	0.0023	0.0023	0.0023	0.0023	0.0023	0.0023	0.0023	0.0023	0.0023	0.0023	0.0023	0.0023	0.0023	0.0023	0.0023	0.0023	0.0023	0.0023	0.0023	0.0023	0.0023	0.0023	0.0023	0.0023	0.0107	0.0107	0.0107	0.0107	0.0107	0.0107	0.0107	0.0107	0.0107	0.0107	0.0107	0.0107	0.0107	0.0107	0.0107	0.0107	0.0107	0.0107	0.0107	0.0107	0.0107	0.0107	0.0107	0.0107	0.0107	0.0107	0.0107	0.0107	0.0107	0.0107	0.0107	0.0107	0.0107	0.0107	0.0107	0.0107	0.0107	0.0107	0.0107	0.0107	0.0107	0.0107	0.0107	0.0107	0.0107	0.0277	0.0277	0.0277	0.0277	0.0277	0.0277	0.0277	0.0277	0.0277	0.0277	0.0277	0.0277	0.0277	0.0277	0.0277	0.0277	0.0277	0.0277	0.0277	0.0277	0.0277	0.0277	0.0277	0.0277	0.0277	0.0277	0.0277	0.0277	0.0277	0.0277	0.0277	0.0277	0.0277	0.0277	0.0277	0.0277	0.0277	0.0277	0.0277	0.0277	0.0277	0.0277	0.0277	0.0277	0.0277	0.0277	0.0277	0.0277	0.0277	0.0277	0.0277	0.0277	0.0277	0.0277	0.0277	0.0277	0.0277	0.0277	0.0277	0.0277	0.0277	0.0277	0.0277	0.0277	0.0277	0.0277	0.0277	0.0277	0.0277	0.0277	0.0277	0.0277	0.0277	0.0277	0.0277	0.0277	0.0277	0.0277	0.0277	0.0277	0.0277	0.0277	0.0277	0.0277	0.0277	0.0277	0.0277	0.0277	0.0277	0.0277	0.0277	0.0277	0.0277	0.0277	0.0277	0.0277	0.0277	0.0277	0.0277	0.0277	0.0277	0.0277	0.0277	0.0277	0.0277	0.0277	0.0277	0.0277	0.0277	0.0277	0.0277	0.0277	0.0277	0.0277	0.0277	0.0277	0.0277	0.0277	0.0277	0.0277	0.0277	0.0277	0.0277	0.0277	0.0277	0.0277	0.0277	0.0277	0.0277	0.0277	0.0277	0.0277	0.0277	0.0277	0.0277	0.0277	0.0277	0.0277	0.0277	0.0277	0.0277	0.0277	0.0277	0.0277	0.0995	0.0995	0.0995	0.0995
52	0.0396	0.0396	0.0396	0.0396	0.0396	0.0396	0.0396	0.0396	0.0396	0.0396	0.0396	0.0396	0.0396	0.0396	0.0396	0.0396	0.0396	0.0396	0.0396	0.0396	0.0396	0.0396	0.0396	0.0396	0.0396	0.0396	0.0396	0.0396	0.0396	0.0396	0.0396	0.0396	0.0396	0.0396	0.0396	0.0396	0.0396	0.0396	0.0396	0.0396	0.0396	0.0396	0.0396	0.0396	0.0396	0.0396	0.0396	0.0396	0.0396	0.0396	0.0396	0.0396	0.0396	0.0396	0.0396	0.0396	0.0396	0.0396	0.0396	0.0396	0.0396	0.0396	0.0396	0.0396	0.0396	0.0396	0.0396	0.0396	0.0396	0.0396	0.0396	0.0396	0.0396	0.0396	0.0396	0.0396	0.0396	0.0396	0.0396	0.0396	0.0396	0.0396	0.0396	0.0396	0.0396	0.0396	0.0396	0.0396	0.0396	0.0396	0.0396	0.0396	0.0396	0.0396	0.0396	0.0396	0.0396	0.0396	0.0396	0.0396	0.0396	0.0396	0.0396	0.0396	0.0396	0.0396	0.0396	0.0104	0.0104	0.0104	0.0104	0.0104	0.0104	0.0104	0.0104	0.0104	0.0104	0.0104	0.0104	0.0104	0.0104	0.0104	0.0104	0.0104	0.0104	0.0104	0.0104	0.0104	0.0104	0.0104	0.0104	0.0104	0.0104	0.0104	0.0104	0.0104	0.0104	0.0104	0.0104	0.0104	0.0104	0.0104	0.0104	0.0104	0.0104	0.0104	0.0104	0.0104	0.0104	0.0104	0.0104	0.0104	0.0011	0.0011	0.0011	0.0011	0.0011	0.0011	0.0011	0.0011	0.0011	0.0011	0.0011	0.0011	0.0011	0.0011	0.0011	0.0011	0.0011	0.0011	0.0011	0.0011	0.0011	0.0011	0.0011	0.0011	0.0011	0.0011	0.0011	0.0011	0.0011	0.0011	0.0011	0.0011	0.0011	0.0011	0.0011	0.0011	0.0011	0.0011	0.0011	0.0011	0.0011	0.0011	0.0011	0.0011	0.0011	0.0011	0.0011	0.0011	0.0011	0.0011	0.0011	0.0011	0.0011	0.0011	0.0011	0.0011	0.0011	0.0011	0.0011	0.0011	0.0011	0.0011	0.0011	0.0011	0.0011	0.0011	0.0011	0.0011	0.0011	0.0011	0.0011	0.0011	0.0011	0.0011	0.0011	0.0011	0.0011	0.0011	0.0011	0.0011	0.0011	0.0011	0.0011	0.0011	0.0011	0.0011	0.0011	0.0011	0.0011	0.0011	0.0011	0.0011	0.0011	0.0011	0.0011	0.0011	0.0011	0.0011	0.0011	0.0011	0.0011	0.0011	0.0011	0.0011	0.0011	0.0011	0.0011	0.0011	0.0011	0.0011	0.0011	0.0011	0.0011	0.0011	0.0011	0.0011	0.0011	0.0011	0.0011	0.0011	0.0011	0.0011	0.0011	0.0011	0.0011	0.0011	0.0011	0.0011	0.0011	0.0011	0.0011	0.0011	0.0011	0.0011	0.0011	0.0011	0.0011	0.0011	0.0011	0.0011	0.0011	0.0011	0.0011	0.0011	0.11	0.11	0.11	0.11
53	0.0023	0.0023	0.0023	0.0023	0.0023	0.0023	0.0023	0.0023	0.0023	0.0023	0.0023	0.0023	0.0023	0.0023	0.0023	0.0023	0.0023	0.0023	0.0023	0.0023	0.0023	0.0023	0.0023	0.0023	0.0023	0.0023	0.0023	0.0023	0.0023	0.0023	0.0023	0.0023	0.0023	0.0023	0.0023	0.0023	0.0023	0.0023	0.0023	0.0023	0.0023	0.0023	0.0023	0.0023	0.0023	0.0023	0.0023	0.0023	0.0023	0.0023	0.0023	0.0023	0.0023	0.0023	0.0023	0.0023	0.0023	0.0023	0.0023	0.0023	0.0023	0.0023	0.0023	0.0023	0.0023	0.0023	0.0023	0.0023	0.0023	0.0023	0.0023	0.0023	0.0023	0.0023	0.0023	0.0023	0.0023	0.0023	0.0023	0.0023	0.0023	0.0023	0.0023	0.0023	0.0023	0.0023	0.0023	0.0023	0.0023	0.0023	0.0023	0.0023	0.0023	0.0023	0.0023	0.0023	0.0023	0.0023	0.0023	0.0023	0.0023	0.0023	0.0023	0.0023	0.0023	0.0023	0.0023	0.0074	0.0074	0.0074	0.0074	0.0074	0.0074	0.0074	0.0074	0.0074	0.0074	0.0074	0.0074	0.0074	0.0074	0.0074	0.0074	0.0074	0.0074	0.0074	0.0074	0.0074	0.0074	0.0074	0.0074	0.0074	0.0074	0.0074	0.0074	0.0074	0.0074	0.0074	0.0074	0.0074	0.0074	0.0074	0.0074	0.0074	0.0074	0.0074	0.0074	0.0074	0.0074	0.0074	0.0074	0.0074	0.0034	0.0034	0.0034	0.0034	0.0034	0.0034	0.0034	0.0034	0.0034	0.0034	0.0034	0.0034	0.0034	0.0034	0.0034	0.0034	0.0034	0.0034	0.0034	0.0034	0.0034	0.0034	0.0034	0.0034	0.0034	0.0034	0.0034	0.0034	0.0034	0.0034	0.0034	0.0034	0.0034	0.0034	0.0034	0.0034	0.0034	0.0034	0.0034	0.0034	0.0034	0.0034	0.0034	0.0034	0.0034	0.0034	0.0034	0.0034	0.0034	0.0034	0.0034	0.0034	0.0034	0.0034	0.0034	0.0034	0.0034	0.0034	0.0034	0.0034	0.0034	0.0034	0.0034	0.0034	0.0034	0.0034	0.0034	0.0034	0.0034	0.0034	0.0034	0.0034	0.0034	0.0034	0.0034	0.0034	0.0034	0.0034	0.0034	0.0034	0.0034	0.0034	0.0034	0.0034	0.0034	0.0034	0.0034	0.0034	0.0034	0.0034	0.0034	0.0034	0.0034	0.0034	0.0034	0.0034	0.0034	0.0034	0.0034	0.0034	0.0034	0.0034	0.0034	0.0034	0.0034	0.0034	0.0034	0.0034	0.0034	0.0034	0.0034	0.0034	0.0034	0.0034	0.0034	0.0034	0.0034	0.0034	0.0034	0.0034	0.0034	0.0034	0.0034	0.0034	0.0034	0.0034	0.0034	0.0034	0.0034	0.0034	0.0034	0.0034	0.0034	0.0034	0.0034	0.0034	0.0034	0.0034	0.0034	0.0034	0.0034	0.0034	0.0034	0.0034	0.1012	0.1012	0.1012	0.1012
54	0.0139	0.0139	0.0139	0.0139	0.0139	0.0139	0.0139	0.0139	0.0139	0.0139	0.0139	0.0139	0.0139	0.0139	0.0139	0.0139	0.0139	0.0139	0.0139	0.0139	0.0139	0.0139	0.0139	0.0139	0.0139	0.0139	0.0139	0.0139	0.0139	0.0139	0.0139	0.0139	0.0139	0.0139	0.0139	0.0139	0.0139	0.0139	0.0139	0.0139	0.0139	0.0139	0.0139	0.0139	0.0139	0.0139	0.0139	0.0139	0.0139	0.0139	0.0139	0.0139	0.0139	0.0139	0.0139	0.0139	0.0139	0.0139	0.0139	0.0139	0.0139	0.0139	0.0139	0.0139	0.0139	0.0139	0.0139	0.0139	0.0139	0.0139	0.0139	0.0139	0.0139	0.0139	0.0139	0.0139	0.0139	0.0139	0.0139	0.0139	0.0139	0.0139	0.0139	0.0139	0.0139	0.0139	0.0139	0.0139	0.0139	0.0139	0.0139	0.0139	0.0139	0.0139	0.0139	0.0139	0.0139	0.0139	0.0139	0.0139	0.0139	0.0139	0.0139	0.0139	0.0139	0.0139	0.0139	0.0103	0.0103	0.0103	0.0103	0.0103	0.0103	0.0103	0.0103	0.0103	0.0103	0.0103	0.0103	0.0103	0.0103	0.0103	0.0103	0.0103	0.0103	0.0103	0.0103	0.0103	0.0103	0.0103	0.0103	0.0103	0.0103	0.0103	0.0103	0.0103	0.0103	0.0103	0.0103	0.0103	0.0103	0.0103	0.0103	0.0103	0.0103	0.0103	0.0103	0.0103	0.0103	0.0103	0.0103	0.0103	0.0041	0.0041	0.0041	0.0041	0.0041	0.0041	0.0041	0.0041	0.0041	0.0041	0.0041	0.0041	0.0041	0.0041	0.0041	0.0041	0.0041	0.0041	0.0041	0.0041	0.0041	0.0041	0.0041	0.0041	0.0041	0.0041	0.0041	0.0041	0.0041	0.0041	0.0041	0.0041	0.0041	0.0041	0.0041	0.0041	0.0041	0.0041	0.0041	0.0041	0.0041	0.0041	0.0041	0.0041	0.0041	0.0041	0.0041	0.0041	0.0041	0.0041	0.0041	0.0041	0.0041	0.0041	0.0041	0.0041	0.0041	0.0041	0.0041	0.0041	0.0041	0.0041	0.0041	0.0041	0.0041	0.0041	0.0041	0.0041	0.0041	0.0041	0.0041	0.0041	0.0041	0.0041	0.0041	0.0041	0.0041	0.0041	0.0041	0.0041	0.0041	0.0041	0.0041	0.0041	0.0041	0.0041	0.0041	0.0041	0.0041	0.0041	0.0041	0.0041	0.0041	0.0041	0.0041	0.0041	0.0041	0.0041	0.0041	0.0041	0.0041	0.0041	0.0041	0.0041	0.0041	0.0041	0.0041	0.0041	0.0041	0.0041	0.0041	0.0041	0.0041	0.0041	0.0041	0.0041	0.0041	0.0041	0.0041	0.0041	0.0041	0.0041	0.0041	0.0041	0.0041	0.0041	0.0041	0.0041	0.0041	0.0041	0.0041	0.0041	0.0041	0.0041	0.0041	0.0041	0.0041	0.0041	0.0041	0.0041	0.0041	0.0041	0.0041	0.0041	0.0714	0.0714	0.0714	0.0714
55	0.0139	0.0139	0.0139	0.0139	0.0139	0.0139	0.0139	0.0139	0.0139	0.0139	0.0139	0.0139	0.0139	0.0139	0.0139	0.0139	0.0139	0.0139	0.0139	0.0139	0.0139	0.0139	0.0139	0.0139	0.0139	0.0139	0.0139	0.0139	0.0139	0.0139	0.0139	0.0139	0.0139	0.0139	0.0139	0.0139	0.0139	0.0139	0.0139	0.0139	0.0139	0.0139	0.0139	0.0139	0.0139	0.0139	0.0139	0.0139	0.0139	0.0139	0.0139	0.0139	0.0139	0.0139	0.0139	0.0139	0.0139	0.0139	0.0139	0.0139	0.0139	0.0139	0.0139	0.0139	0.0139	0.0139	0.0139	0.0139	0.0139	0.0139	0.0139	0.0139	0.0139	0.0139	0.0139	0.0139	0.0139	0.0139	0.0139	0.0139	0.0139	0.0139	0.0139	0.0139	0.0139	0.0139	0.0139	0.0139	0.0139	0.0139	0.0139	0.0139	0.0139	0.0139	0.0139	0.0139	0.0139	0.0139	0.0139	0.0139	0.0139	0.0139	0.0139	0.0139	0.0139	0.0139	0.0139	0.008	0.008	0.008	0.008	0.008	0.008	0.008	0.008	0.008	0.008	0.008	0.008	0.008	0.008	0.008	0.008	0.008	0.008	0.008	0.008	0.008	0.008	0.008	0.008	0.008	0.008	0.008	0.008	0.008	0.008	0.008	0.008	0.008	0.008	0.008	0.008	0.008	0.008	0.008	0.008	0.008	0.008	0.008	0.008	0.008	0.0017	0.0017	0.0017	0.0017	0.0017	0.0017	0.0017	0.0017	0.0017	0.0017	0.0017	0.0017	0.0017	0.0017	0.0017	0.0017	0.0017	0.0017	0.0017	0.0017	0.0017	0.0017	0.0017	0.0017	0.0017	0.0017	0.0017	0.0017	0.0017	0.0017	0.0017	0.0017	0.0017	0.0017	0.0017	0.0017	0.0017	0.0017	0.0017	0.0017	0.0017	0.0017	0.0017	0.0017	0.0017	0.0017	0.0017	0.0017	0.0017	0.0017	0.0017	0.0017	0.0017	0.0017	0.0017	0.0017	0.0017	0.0017	0.0017	0.0017	0.0017	0.0017	0.0017	0.0017	0.0017	0.0017	0.0017	0.0017	0.0017	0.0017	0.0017	0.0017	0.0017	0.0017	0.0017	0.0017	0.0017	0.0017	0.0017	0.0017	0.0017	0.0017	0.0017	0.0017	0.0017	0.0017	0.0017	0.0017	0.0017	0.0017	0.0017	0.0017	0.0017	0.0017	0.0017	0.0017	0.0017	0.0017	0.0017	0.0017	0.0017	0.0017	0.0017	0.0017	0.0017	0.0017	0.0017	0.0017	0.0017	0.0017	0.0017	0.0017	0.0017	0.0017	0.0017	0.0017	0.0017	0.0017	0.0017	0.0017	0.0017	0.0017	0.0017	0.0017	0.0017	0.0017	0.0017	0.0017	0.0017	0.0017	0.0017	0.0017	0.0017	0.0017	0.0017	0.0017	0.0017	0.0017	0.0017	0.0017	0.0017	0.0017	0.0017	0.0017	0.0563	0.0563	0.0563	0.0563
56	0.0026	0.0026	0.0026	0.0026	0.0026	0.0026	0.0026	0.0026	0.0026	0.0026	0.0026	0.0026	0.0026	0.0026	0.0026	0.0026	0.0026	0.0026	0.0026	0.0026	0.0026	0.0026	0.0026	0.0026	0.0026	0.0026	0.0026	0.0026	0.0026	0.0026	0.0026	0.0026	0.0026	0.0026	0.0026	0.0026	0.0026	0.0026	0.0026	0.0026	0.0026	0.0026	0.0026	0.0026	0.0026	0.0026	0.0026	0.0026	0.0026	0.0026	0.0026	0.0026	0.0026	0.0026	0.0026	0.0026	0.0026	0.0026	0.0026	0.0026	0.0026	0.0026	0.0026	0.0026	0.0026	0.0026	0.0026	0.0026	0.0026	0.0026	0.0026	0.0026	0.0026	0.0026	0.0026	0.0026	0.0026	0.0026	0.0026	0.0026	0.0026	0.0026	0.0026	0.0026	0.0026	0.0026	0.0026	0.0026	0.0026	0.0026	0.0026	0.0026	0.0026	0.0026	0.0026	0.0026	0.0026	0.0026	0.0026	0.0026	0.0026	0.0026	0.0026	0.0026	0.0026	0.0026	0.0026	0.0098	0.0098	0.0098	0.0098	0.0098	0.0098	0.0098	0.0098	0.0098	0.0098	0.0098	0.0098	0.0098	0.0098	0.0098	0.0098	0.0098	0.0098	0.0098	0.0098	0.0098	0.0098	0.0098	0.0098	0.0098	0.0098	0.0098	0.0098	0.0098	0.0098	0.0098	0.0098	0.0098	0.0098	0.0098	0.0098	0.0098	0.0098	0.0098	0.0098	0.0098	0.0098	0.0098	0.0098	0.0098	0.0018	0.0018	0.0018	0.0018	0.0018	0.0018	0.0018	0.0018	0.0018	0.0018	0.0018	0.0018	0.0018	0.0018	0.0018	0.0018	0.0018	0.0018	0.0018	0.0018	0.0018	0.0018	0.0018	0.0018	0.0018	0.0018	0.0018	0.0018	0.0018	0.0018	0.0018	0.0018	0.0018	0.0018	0.0018	0.0018	0.0018	0.0018	0.0018	0.0018	0.0018	0.0018	0.0018	0.0018	0.0018	0.0018	0.0018	0.0018	0.0018	0.0018	0.0018	0.0018	0.0018	0.0018	0.0018	0.0018	0.0018	0.0018	0.0018	0.0018	0.0018	0.0018	0.0018	0.0018	0.0018	0.0018	0.0018	0.0018	0.0018	0.0018	0.0018	0.0018	0.0018	0.0018	0.0018	0.0018	0.0018	0.0018	0.0018	0.0018	0.0018	0.0018	0.0018	0.0018	0.0018	0.0018	0.0018	0.0018	0.0018	0.0018	0.0018	0.0018	0.0018	0.0018	0.0018	0.0018	0.0018	0.0018	0.0018	0.0018	0.0018	0.0018	0.0018	0.0018	0.0018	0.0018	0.0018	0.0018	0.0018	0.0018	0.0018	0.0018	0.0018	0.0018	0.0018	0.0018	0.0018	0.0018	0.0018	0.0018	0.0018	0.0018	0.0018	0.0018	0.0018	0.0018	0.0018	0.0018	0.0018	0.0018	0.0018	0.0018	0.0018	0.0018	0.0018	0.0018	0.0018	0.0018	0.0018	0.0018	0.0018	0.0018	0.0018	0.0018	0.1029	0.1029	0.1029	0.1029
57	0.0392	0.0392	0.0392	0.0392	0.0392	0.0392	0.0392	0.0392	0.0392	0.0392	0.0392	0.0392	0.0392	0.0392	0.0392	0.0392	0.0392	0.0392	0.0392	0.0392	0.0392	0.0392	0.0392	0.0392	0.0392	0.0392	0.0392	0.0392	0.0392	0.0392	0.0392	0.0392	0.0392	0.0392	0.0392	0.0392	0.0392	0.0392	0.0392	0.0392	0.0392	0.0392	0.0392	0.0392	0.0392	0.0392	0.0392	0.0392	0.0392	0.0392	0.0392	0.0392	0.0392	0.0392	0.0392	0.0392	0.0392	0.0392	0.0392	0.0392	0.0392	0.0392	0.0392	0.0392	0.0392	0.0392	0.0392	0.0392	0.0392	0.0392	0.0392	0.0392	0.0392	0.0392	0.0392	0.0392	0.0392	0.0392	0.0392	0.0392	0.0392	0.0392	0.0392	0.0392	0.0392	0.0392	0.0392	0.0392	0.0392	0.0392	0.0392	0.0392	0.0392	0.0392	0.0392	0.0392	0.0392	0.0392	0.0392	0.0392	0.0392	0.0392	0.0392	0.0392	0.0392	0.0392	0.0392	0.0075	0.0075	0.0075	0.0075	0.0075	0.0075	0.0075	0.0075	0.0075	0.0075	0.0075	0.0075	0.0075	0.0075	0.0075	0.0075	0.0075	0.0075	0.0075	0.0075	0.0075	0.0075	0.0075	0.0075	0.0075	0.0075	0.0075	0.0075	0.0075	0.0075	0.0075	0.0075	0.0075	0.0075	0.0075	0.0075	0.0075	0.0075	0.0075	0.0075	0.0075	0.0075	0.0075	0.0075	0.0075	0.0294	0.0294	0.0294	0.0294	0.0294	0.0294	0.0294	0.0294	0.0294	0.0294	0.0294	0.0294	0.0294	0.0294	0.0294	0.0294	0.0294	0.0294	0.0294	0.0294	0.0294	0.0294	0.0294	0.0294	0.0294	0.0294	0.0294	0.0294	0.0294	0.0294	0.0294	0.0294	0.0294	0.0294	0.0294	0.0294	0.0294	0.0294	0.0294	0.0294	0.0294	0.0294	0.0294	0.0294	0.0294	0.0294	0.0294	0.0294	0.0294	0.0294	0.0294	0.0294	0.0294	0.0294	0.0294	0.0294	0.0294	0.0294	0.0294	0.0294	0.0294	0.0294	0.0294	0.0294	0.0294	0.0294	0.0294	0.0294	0.0294	0.0294	0.0294	0.0294	0.0294	0.0294	0.0294	0.0294	0.0294	0.0294	0.0294	0.0294	0.0294	0.0294	0.0294	0.0294	0.0294	0.0294	0.0294	0.0294	0.0294	0.0294	0.0294	0.0294	0.0294	0.0294	0.0294	0.0294	0.0294	0.0294	0.0294	0.0294	0.0294	0.0294	0.0294	0.0294	0.0294	0.0294	0.0294	0.0294	0.0294	0.0294	0.0294	0.0294	0.0294	0.0294	0.0294	0.0294	0.0294	0.0294	0.0294	0.0294	0.0294	0.0294	0.0294	0.0294	0.0294	0.0294	0.0294	0.0294	0.0294	0.0294	0.0294	0.0294	0.0294	0.0294	0.0294	0.0294	0.0294	0.0294	0.0294	0.0294	0.0294	0.0294	0.0294	0.0294	0.0702	0.0702	0.0702	0.0702
58	0.0039	0.0039	0.0039	0.0039	0.0039	0.0039	0.0039	0.0039	0.0039	0.0039	0.0039	0.0039	0.0039	0.0039	0.0039	0.0039	0.0039	0.0039	0.0039	0.0039	0.0039	0.0039	0.0039	0.0039	0.0039	0.0039	0.0039	0.0039	0.0039	0.0039	0.0039	0.0039	0.0039	0.0039	0.0039	0.0039	0.0039	0.0039	0.0039	0.0039	0.0039	0.0039	0.0039	0.0039	0.0039	0.0039	0.0039	0.0039	0.0039	0.0039	0.0039	0.0039	0.0039	0.0039	0.0039	0.0039	0.0039	0.0039	0.0039	0.0039	0.0039	0.0039	0.0039	0.0039	0.0039	0.0039	0.0039	0.0039	0.0039	0.0039	0.0039	0.0039	0.0039	0.0039	0.0039	0.0039	0.0039	0.0039	0.0039	0.0039	0.0039	0.0039	0.0039	0.0039	0.0039	0.0039	0.0039	0.0039	0.0039	0.0039	0.0039	0.0039	0.0039	0.0039	0.0039	0.0039	0.0039	0.0039	0.0039	0.0039	0.0039	0.0039	0.0039	0.0039	0.0039	0.0039	0.0039	0.0065	0.0065	0.0065	0.0065	0.0065	0.0065	0.0065	0.0065	0.0065	0.0065	0.0065	0.0065	0.0065	0.0065	0.0065	0.0065	0.0065	0.0065	0.0065	0.0065	0.0065	0.0065	0.0065	0.0065	0.0065	0.0065	0.0065	0.0065	0.0065	0.0065	0.0065	0.0065	0.0065	0.0065	0.0065	0.0065	0.0065	0.0065	0.0065	0.0065	0.0065	0.0065	0.0065	0.0065	0.0065	0.0286	0.0286	0.0286	0.0286	0.0286	0.0286	0.0286	0.0286	0.0286	0.0286	0.0286	0.0286	0.0286	0.0286	0.0286	0.0286	0.0286	0.0286	0.0286	0.0286	0.0286	0.0286	0.0286	0.0286	0.0286	0.0286	0.0286	0.0286	0.0286	0.0286	0.0286	0.0286	0.0286	0.0286	0.0286	0.0286	0.0286	0.0286	0.0286	0.0286	0.0286	0.0286	0.0286	0.0286	0.0286	0.0286	0.0286	0.0286	0.0286	0.0286	0.0286	0.0286	0.0286	0.0286	0.0286	0.0286	0.0286	0.0286	0.0286	0.0286	0.0286	0.0286	0.0286	0.0286	0.0286	0.0286	0.0286	0.0286	0.0286	0.0286	0.0286	0.0286	0.0286	0.0286	0.0286	0.0286	0.0286	0.0286	0.0286	0.0286	0.0286	0.0286	0.0286	0.0286	0.0286	0.0286	0.0286	0.0286	0.0286	0.0286	0.0286	0.0286	0.0286	0.0286	0.0286	0.0286	0.0286	0.0286	0.0286	0.0286	0.0286	0.0286	0.0286	0.0286	0.0286	0.0286	0.0286	0.0286	0.0286	0.0286	0.0286	0.0286	0.0286	0.0286	0.0286	0.0286	0.0286	0.0286	0.0286	0.0286	0.0286	0.0286	0.0286	0.0286	0.0286	0.0286	0.0286	0.0286	0.0286	0.0286	0.0286	0.0286	0.0286	0.0286	0.0286	0.0286	0.0286	0.0286	0.0286	0.0286	0.0286	0.0286	0.0286	0.0286	0.0483	0.0483	0.0483	0.0483
59	0.0139	0.0139	0.0139	0.0139	0.0139	0.0139	0.0139	0.0139	0.0139	0.0139	0.0139	0.0139	0.0139	0.0139	0.0139	0.0139	0.0139	0.0139	0.0139	0.0139	0.0139	0.0139	0.0139	0.0139	0.0139	0.0139	0.0139	0.0139	0.0139	0.0139	0.0139	0.0139	0.0139	0.0139	0.0139	0.0139	0.0139	0.0139	0.0139	0.0139	0.0139	0.0139	0.0139	0.0139	0.0139	0.0139	0.0139	0.0139	0.0139	0.0139	0.0139	0.0139	0.0139	0.0139	0.0139	0.0139	0.0139	0.0139	0.0139	0.0139	0.0139	0.0139	0.0139	0.0139	0.0139	0.0139	0.0139	0.0139	0.0139	0.0139	0.0139	0.0139	0.0139	0.0139	0.0139	0.0139	0.0139	0.0139	0.0139	0.0139	0.0139	0.0139	0.0139	0.0139	0.0139	0.0139	0.0139	0.0139	0.0139	0.0139	0.0139	0.0139	0.0139	0.0139	0.0139	0.0139	0.0139	0.0139	0.0139	0.0139	0.0139	0.0139	0.0139	0.0139	0.0139	0.0139	0.0139	0.0076	0.0076	0.0076	0.0076	0.0076	0.0076	0.0076	0.0076	0.0076	0.0076	0.0076	0.0076	0.0076	0.0076	0.0076	0.0076	0.0076	0.0076	0.0076	0.0076	0.0076	0.0076	0.0076	0.0076	0.0076	0.0076	0.0076	0.0076	0.0076	0.0076	0.0076	0.0076	0.0076	0.0076	0.0076	0.0076	0.0076	0.0076	0.0076	0.0076	0.0076	0.0076	0.0076	0.0076	0.0076	0.0307	0.0307	0.0307	0.0307	0.0307	0.0307	0.0307	0.0307	0.0307	0.0307	0.0307	0.0307	0.0307	0.0307	0.0307	0.0307	0.0307	0.0307	0.0307	0.0307	0.0307	0.0307	0.0307	0.0307	0.0307	0.0307	0.0307	0.0307	0.0307	0.0307	0.0307	0.0307	0.0307	0.0307	0.0307	0.0307	0.0307	0.0307	0.0307	0.0307	0.0307	0.0307	0.0307	0.0307	0.0307	0.0307	0.0307	0.0307	0.0307	0.0307	0.0307	0.0307	0.0307	0.0307	0.0307	0.0307	0.0307	0.0307	0.0307	0.0307	0.0307	0.0307	0.0307	0.0307	0.0307	0.0307	0.0307	0.0307	0.0307	0.0307	0.0307	0.0307	0.0307	0.0307	0.0307	0.0307	0.0307	0.0307	0.0307	0.0307	0.0307	0.0307	0.0307	0.0307	0.0307	0.0307	0.0307	0.0307	0.0307	0.0307	0.0307	0.0307	0.0307	0.0307	0.0307	0.0307	0.0307	0.0307	0.0307	0.0307	0.0307	0.0307	0.0307	0.0307	0.0307	0.0307	0.0307	0.0307	0.0307	0.0307	0.0307	0.0307	0.0307	0.0307	0.0307	0.0307	0.0307	0.0307	0.0307	0.0307	0.0307	0.0307	0.0307	0.0307	0.0307	0.0307	0.0307	0.0307	0.0307	0.0307	0.0307	0.0307	0.0307	0.0307	0.0307	0.0307	0.0307	0.0307	0.0307	0.0307	0.0307	0.0307	0.0307	0.0307	0.0698	0.0698	0.0698	0.0698
60	0.0414	0.0414	0.0414	0.0414	0.0414	0.0414	0.0414	0.0414	0.0414	0.0414	0.0414	0.0414	0.0414	0.0414	0.0414	0.0414	0.0414	0.0414	0.0414	0.0414	0.0414	0.0414	0.0414	0.0414	0.0414	0.0414	0.0414	0.0414	0.0414	0.0414	0.0414	0.0414	0.0414	0.0414	0.0414	0.0414	0.0414	0.0414	0.0414	0.0414	0.0414	0.0414	0.0414	0.0414	0.0414	0.0414	0.0414	0.0414	0.0414	0.0414	0.0414	0.0414	0.0414	0.0414	0.0414	0.0414	0.0414	0.0414	0.0414	0.0414	0.0414	0.0414	0.0414	0.0414	0.0414	0.0414	0.0414	0.0414	0.0414	0.0414	0.0414	0.0414	0.0414	0.0414	0.0414	0.0414	0.0414	0.0414	0.0414	0.0414	0.0414	0.0414	0.0414	0.0414	0.0414	0.0414	0.0414	0.0414	0.0414	0.0414	0.0414	0.0414	0.0414	0.0414	0.0414	0.0414	0.0414	0.0414	0.0414	0.0414	0.0414	0.0414	0.0414	0.0414	0.0414	0.0414	0.0414	0.0269	0.0269	0.0269	0.0269	0.0269	0.0269	0.0269	0.0269	0.0269	0.0269	0.0269	0.0269	0.0269	0.0269	0.0269	0.0269	0.0269	0.0269	0.0269	0.0269	0.0269	0.0269	0.0269	0.0269	0.0269	0.0269	0.0269	0.0269	0.0269	0.0269	0.0269	0.0269	0.0269	0.0269	0.0269	0.0269	0.0269	0.0269	0.0269	0.0269	0.0269	0.0269	0.0269	0.0269	0.0269	0.003	0.003	0.003	0.003	0.003	0.003	0.003	0.003	0.003	0.003	0.003	0.003	0.003	0.003	0.003	0.003	0.003	0.003	0.003	0.003	0.003	0.003	0.003	0.003	0.003	0.003	0.003	0.003	0.003	0.003	0.003	0.003	0.003	0.003	0.003	0.003	0.003	0.003	0.003	0.003	0.003	0.003	0.003	0.003	0.003	0.003	0.003	0.003	0.003	0.003	0.003	0.003	0.003	0.003	0.003	0.003	0.003	0.003	0.003	0.003	0.003	0.003	0.003	0.003	0.003	0.003	0.003	0.003	0.003	0.003	0.003	0.003	0.003	0.003	0.003	0.003	0.003	0.003	0.003	0.003	0.003	0.003	0.003	0.003	0.003	0.003	0.003	0.003	0.003	0.003	0.003	0.003	0.003	0.003	0.003	0.003	0.003	0.003	0.003	0.003	0.003	0.003	0.003	0.003	0.003	0.003	0.003	0.003	0.003	0.003	0.003	0.003	0.003	0.003	0.003	0.003	0.003	0.003	0.003	0.003	0.003	0.003	0.003	0.003	0.003	0.003	0.003	0.003	0.003	0.003	0.003	0.003	0.003	0.003	0.003	0.003	0.003	0.003	0.003	0.003	0.003	0.003	0.003	0.003	0.096	0.096	0.096	0.096
61	0.013	0.013	0.013	0.013	0.013	0.013	0.013	0.013	0.013	0.013	0.013	0.013	0.013	0.013	0.013	0.013	0.013	0.013	0.013	0.013	0.013	0.013	0.013	0.013	0.013	0.013	0.013	0.013	0.013	0.013	0.013	0.013	0.013	0.013	0.013	0.013	0.013	0.013	0.013	0.013	0.013	0.013	0.013	0.013	0.013	0.013	0.013	0.013	0.013	0.013	0.013	0.013	0.013	0.013	0.013	0.013	0.013	0.013	0.013	0.013	0.013	0.013	0.013	0.013	0.013	0.013	0.013	0.013	0.013	0.013	0.013	0.013	0.013	0.013	0.013	0.013	0.013	0.013	0.013	0.013	0.013	0.013	0.013	0.013	0.013	0.013	0.013	0.013	0.013	0.013	0.013	0.013	0.013	0.013	0.013	0.013	0.013	0.013	0.013	0.013	0.013	0.013	0.013	0.013	0.013	0.013	0.013	0.0067	0.0067	0.0067	0.0067	0.0067	0.0067	0.0067	0.0067	0.0067	0.0067	0.0067	0.0067	0.0067	0.0067	0.0067	0.0067	0.0067	0.0067	0.0067	0.0067	0.0067	0.0067	0.0067	0.0067	0.0067	0.0067	0.0067	0.0067	0.0067	0.0067	0.0067	0.0067	0.0067	0.0067	0.0067	0.0067	0.0067	0.0067	0.0067	0.0067	0.0067	0.0067	0.0067	0.0067	0.0067	0.0172	0.0172	0.0172	0.0172	0.0172	0.0172	0.0172	0.0172	0.0172	0.0172	0.0172	0.0172	0.0172	0.0172	0.0172	0.0172	0.0172	0.0172	0.0172	0.0172	0.0172	0.0172	0.0172	0.0172	0.0172	0.0172	0.0172	0.0172	0.0172	0.0172	0.0172	0.0172	0.0172	0.0172	0.0172	0.0172	0.0172	0.0172	0.0172	0.0172	0.0172	0.0172	0.0172	0.0172	0.0172	0.0172	0.0172	0.0172	0.0172	0.0172	0.0172	0.0172	0.0172	0.0172	0.0172	0.0172	0.0172	0.0172	0.0172	0.0172	0.0172	0.0172	0.0172	0.0172	0.0172	0.0172	0.0172	0.0172	0.0172	0.0172	0.0172	0.0172	0.0172	0.0172	0.0172	0.0172	0.0172	0.0172	0.0172	0.0172	0.0172	0.0172	0.0172	0.0172	0.0172	0.0172	0.0172	0.0172	0.0172	0.0172	0.0172	0.0172	0.0172	0.0172	0.0172	0.0172	0.0172	0.0172	0.0172	0.0172	0.0172	0.0172	0.0172	0.0172	0.0172	0.0172	0.0172	0.0172	0.0172	0.0172	0.0172	0.0172	0.0172	0.0172	0.0172	0.0172	0.0172	0.0172	0.0172	0.0172	0.0172	0.0172	0.0172	0.0172	0.0172	0.0172	0.0172	0.0172	0.0172	0.0172	0.0172	0.0172	0.0172	0.0172	0.0172	0.0172	0.0172	0.0172	0.0172	0.0172	0.0172	0.0172	0.0172	0.0172	0.0735	0.0735	0.0735	0.0735
62	0.0024	0.0024	0.0024	0.0024	0.0024	0.0024	0.0024	0.0024	0.0024	0.0024	0.0024	0.0024	0.0024	0.0024	0.0024	0.0024	0.0024	0.0024	0.0024	0.0024	0.0024	0.0024	0.0024	0.0024	0.0024	0.0024	0.0024	0.0024	0.0024	0.0024	0.0024	0.0024	0.0024	0.0024	0.0024	0.0024	0.0024	0.0024	0.0024	0.0024	0.0024	0.0024	0.0024	0.0024	0.0024	0.0024	0.0024	0.0024	0.0024	0.0024	0.0024	0.0024	0.0024	0.0024	0.0024	0.0024	0.0024	0.0024	0.0024	0.0024	0.0024	0.0024	0.0024	0.0024	0.0024	0.0024	0.0024	0.0024	0.0024	0.0024	0.0024	0.0024	0.0024	0.0024	0.0024	0.0024	0.0024	0.0024	0.0024	0.0024	0.0024	0.0024	0.0024	0.0024	0.0024	0.0024	0.0024	0.0024	0.0024	0.0024	0.0024	0.0024	0.0024	0.0024	0.0024	0.0024	0.0024	0.0024	0.0024	0.0024	0.0024	0.0024	0.0024	0.0024	0.0024	0.0024	0.0024	0.0068	0.0068	0.0068	0.0068	0.0068	0.0068	0.0068	0.0068	0.0068	0.0068	0.0068	0.0068	0.0068	0.0068	0.0068	0.0068	0.0068	0.0068	0.0068	0.0068	0.0068	0.0068	0.0068	0.0068	0.0068	0.0068	0.0068	0.0068	0.0068	0.0068	0.0068	0.0068	0.0068	0.0068	0.0068	0.0068	0.0068	0.0068	0.0068	0.0068	0.0068	0.0068	0.0068	0.0068	0.0068	0.0029	0.0029	0.0029	0.0029	0.0029	0.0029	0.0029	0.0029	0.0029	0.0029	0.0029	0.0029	0.0029	0.0029	0.0029	0.0029	0.0029	0.0029	0.0029	0.0029	0.0029	0.0029	0.0029	0.0029	0.0029	0.0029	0.0029	0.0029	0.0029	0.0029	0.0029	0.0029	0.0029	0.0029	0.0029	0.0029	0.0029	0.0029	0.0029	0.0029	0.0029	0.0029	0.0029	0.0029	0.0029	0.0029	0.0029	0.0029	0.0029	0.0029	0.0029	0.0029	0.0029	0.0029	0.0029	0.0029	0.0029	0.0029	0.0029	0.0029	0.0029	0.0029	0.0029	0.0029	0.0029	0.0029	0.0029	0.0029	0.0029	0.0029	0.0029	0.0029	0.0029	0.0029	0.0029	0.0029	0.0029	0.0029	0.0029	0.0029	0.0029	0.0029	0.0029	0.0029	0.0029	0.0029	0.0029	0.0029	0.0029	0.0029	0.0029	0.0029	0.0029	0.0029	0.0029	0.0029	0.0029	0.0029	0.0029	0.0029	0.0029	0.0029	0.0029	0.0029	0.0029	0.0029	0.0029	0.0029	0.0029	0.0029	0.0029	0.0029	0.0029	0.0029	0.0029	0.0029	0.0029	0.0029	0.0029	0.0029	0.0029	0.0029	0.0029	0.0029	0.0029	0.0029	0.0029	0.0029	0.0029	0.0029	0.0029	0.0029	0.0029	0.0029	0.0029	0.0029	0.0029	0.0029	0.0029	0.0029	0.0029	0.0029	0.0029	0.0029	0.1007	0.1007	0.1007	0.1007
63	0.0166	0.0166	0.0166	0.0166	0.0166	0.0166	0.0166	0.0166	0.0166	0.0166	0.0166	0.0166	0.0166	0.0166	0.0166	0.0166	0.0166	0.0166	0.0166	0.0166	0.0166	0.0166	0.0166	0.0166	0.0166	0.0166	0.0166	0.0166	0.0166	0.0166	0.0166	0.0166	0.0166	0.0166	0.0166	0.0166	0.0166	0.0166	0.0166	0.0166	0.0166	0.0166	0.0166	0.0166	0.0166	0.0166	0.0166	0.0166	0.0166	0.0166	0.0166	0.0166	0.0166	0.0166	0.0166	0.0166	0.0166	0.0166	0.0166	0.0166	0.0166	0.0166	0.0166	0.0166	0.0166	0.0166	0.0166	0.0166	0.0166	0.0166	0.0166	0.0166	0.0166	0.0166	0.0166	0.0166	0.0166	0.0166	0.0166	0.0166	0.0166	0.0166	0.0166	0.0166	0.0166	0.0166	0.0166	0.0166	0.0166	0.0166	0.0166	0.0166	0.0166	0.0166	0.0166	0.0166	0.0166	0.0166	0.0166	0.0166	0.0166	0.0166	0.0166	0.0166	0.0166	0.0166	0.0166	0.0303	0.0303	0.0303	0.0303	0.0303	0.0303	0.0303	0.0303	0.0303	0.0303	0.0303	0.0303	0.0303	0.0303	0.0303	0.0303	0.0303	0.0303	0.0303	0.0303	0.0303	0.0303	0.0303	0.0303	0.0303	0.0303	0.0303	0.0303	0.0303	0.0303	0.0303	0.0303	0.0303	0.0303	0.0303	0.0303	0.0303	0.0303	0.0303	0.0303	0.0303	0.0303	0.0303	0.0303	0.0303	0.0032	0.0032	0.0032	0.0032	0.0032	0.0032	0.0032	0.0032	0.0032	0.0032	0.0032	0.0032	0.0032	0.0032	0.0032	0.0032	0.0032	0.0032	0.0032	0.0032	0.0032	0.0032	0.0032	0.0032	0.0032	0.0032	0.0032	0.0032	0.0032	0.0032	0.0032	0.0032	0.0032	0.0032	0.0032	0.0032	0.0032	0.0032	0.0032	0.0032	0.0032	0.0032	0.0032	0.0032	0.0032	0.0032	0.0032	0.0032	0.0032	0.0032	0.0032	0.0032	0.0032	0.0032	0.0032	0.0032	0.0032	0.0032	0.0032	0.0032	0.0032	0.0032	0.0032	0.0032	0.0032	0.0032	0.0032	0.0032	0.0032	0.0032	0.0032	0.0032	0.0032	0.0032	0.0032	0.0032	0.0032	0.0032	0.0032	0.0032	0.0032	0.0032	0.0032	0.0032	0.0032	0.0032	0.0032	0.0032	0.0032	0.0032	0.0032	0.0032	0.0032	0.0032	0.0032	0.0032	0.0032	0.0032	0.0032	0.0032	0.0032	0.0032	0.0032	0.0032	0.0032	0.0032	0.0032	0.0032	0.0032	0.0032	0.0032	0.0032	0.0032	0.0032	0.0032	0.0032	0.0032	0.0032	0.0032	0.0032	0.0032	0.0032	0.0032	0.0032	0.0032	0.0032	0.0032	0.0032	0.0032	0.0032	0.0032	0.0032	0.0032	0.0032	0.0032	0.0032	0.0032	0.0032	0.0032	0.0032	0.0032	0.0032	0.0032	0.0032	0.1157	0.1157	0.1157	0.1157
64	0.0033	0.0033	0.0033	0.0033	0.0033	0.0033	0.0033	0.0033	0.0033	0.0033	0.0033	0.0033	0.0033	0.0033	0.0033	0.0033	0.0033	0.0033	0.0033	0.0033	0.0033	0.0033	0.0033	0.0033	0.0033	0.0033	0.0033	0.0033	0.0033	0.0033	0.0033	0.0033	0.0033	0.0033	0.0033	0.0033	0.0033	0.0033	0.0033	0.0033	0.0033	0.0033	0.0033	0.0033	0.0033	0.0033	0.0033	0.0033	0.0033	0.0033	0.0033	0.0033	0.0033	0.0033	0.0033	0.0033	0.0033	0.0033	0.0033	0.0033	0.0033	0.0033	0.0033	0.0033	0.0033	0.0033	0.0033	0.0033	0.0033	0.0033	0.0033	0.0033	0.0033	0.0033	0.0033	0.0033	0.0033	0.0033	0.0033	0.0033	0.0033	0.0033	0.0033	0.0033	0.0033	0.0033	0.0033	0.0033	0.0033	0.0033	0.0033	0.0033	0.0033	0.0033	0.0033	0.0033	0.0033	0.0033	0.0033	0.0033	0.0033	0.0033	0.0033	0.0033	0.0033	0.0033	0.0033	0.0094	0.0094	0.0094	0.0094	0.0094	0.0094	0.0094	0.0094	0.0094	0.0094	0.0094	0.0094	0.0094	0.0094	0.0094	0.0094	0.0094	0.0094	0.0094	0.0094	0.0094	0.0094	0.0094	0.0094	0.0094	0.0094	0.0094	0.0094	0.0094	0.0094	0.0094	0.0094	0.0094	0.0094	0.0094	0.0094	0.0094	0.0094	0.0094	0.0094	0.0094	0.0094	0.0094	0.0094	0.0094	0.008	0.008	0.008	0.008	0.008	0.008	0.008	0.008	0.008	0.008	0.008	0.008	0.008	0.008	0.008	0.008	0.008	0.008	0.008	0.008	0.008	0.008	0.008	0.008	0.008	0.008	0.008	0.008	0.008	0.008	0.008	0.008	0.008	0.008	0.008	0.008	0.008	0.008	0.008	0.008	0.008	0.008	0.008	0.008	0.008	0.008	0.008	0.008	0.008	0.008	0.008	0.008	0.008	0.008	0.008	0.008	0.008	0.008	0.008	0.008	0.008	0.008	0.008	0.008	0.008	0.008	0.008	0.008	0.008	0.008	0.008	0.008	0.008	0.008	0.008	0.008	0.008	0.008	0.008	0.008	0.008	0.008	0.008	0.008	0.008	0.008	0.008	0.008	0.008	0.008	0.008	0.008	0.008	0.008	0.008	0.008	0.008	0.008	0.008	0.008	0.008	0.008	0.008	0.008	0.008	0.008	0.008	0.008	0.008	0.008	0.008	0.008	0.008	0.008	0.008	0.008	0.008	0.008	0.008	0.008	0.008	0.008	0.008	0.008	0.008	0.008	0.008	0.008	0.008	0.008	0.008	0.008	0.008	0.008	0.008	0.008	0.008	0.008	0.008	0.008	0.008	0.008	0.008	0.008	0.9485	0.9485	0.9485	0.9485
65	0.9556	0.9556	0.9556	0.9556	0.9556	0.9556	0.9556	0.9556	0.9556	0.9556	0.9556	0.9556	0.9556	0.9556	0.9556	0.9556	0.9556	0.9556	0.9556	0.9556	0.9556	0.9556	0.9556	0.9556	0.9556	0.9556	0.9556	0.9556	0.9556	0.9556	0.9556	0.9556	0.9556	0.9556	0.9556	0.9556	0.9556	0.9556	0.9556	0.9556	0.9556	0.9556	0.9556	0.9556	0.9556	0.9556	0.9556	0.9556	0.9556	0.9556	0.9556	0.9556	0.9556	0.9556	0.9556	0.9556	0.9556	0.9556	0.9556	0.9556	0.9556	0.9556	0.9556	0.9556	0.9556	0.9556	0.9556	0.9556	0.9556	0.9556	0.9556	0.9556	0.9556	0.9556	0.9556	0.9556	0.9556	0.9556	0.9556	0.9556	0.9556	0.9556	0.9556	0.9556	0.9556	0.9556	0.9556	0.9556	0.9556	0.9556	0.9556	0.9556	0.9556	0.9556	0.9556	0.9556	0.9556	0.9556	0.9556	0.9556	0.9556	0.9556	0.9556	0.9556	0.9556	0.9556	0.9556	0.9007	0.9007	0.9007	0.9007	0.9007	0.9007	0.9007	0.9007	0.9007	0.9007	0.9007	0.9007	0.9007	0.9007	0.9007	0.9007	0.9007	0.9007	0.9007	0.9007	0.9007	0.9007	0.9007	0.9007	0.9007	0.9007	0.9007	0.9007	0.9007	0.9007	0.9007	0.9007	0.9007	0.9007	0.9007	0.9007	0.9007	0.9007	0.9007	0.9007	0.9007	0.9007	0.9007	0.9007	0.9007	0.0034	0.0034	0.0034	0.0034	0.0034	0.0034	0.0034	0.0034	0.0034	0.0034	0.0034	0.0034	0.0034	0.0034	0.0034	0.0034	0.0034	0.0034	0.0034	0.0034	0.0034	0.0034	0.0034	0.0034	0.0034	0.0034	0.0034	0.0034	0.0034	0.0034	0.0034	0.0034	0.0034	0.0034	0.0034	0.0034	0.0034	0.0034	0.0034	0.0034	0.0034	0.0034	0.0034	0.0034	0.0034	0.0034	0.0034	0.0034	0.0034	0.0034	0.0034	0.0034	0.0034	0.0034	0.0034	0.0034	0.0034	0.0034	0.0034	0.0034	0.0034	0.0034	0.0034	0.0034	0.0034	0.0034	0.0034	0.0034	0.0034	0.0034	0.0034	0.0034	0.0034	0.0034	0.0034	0.0034	0.0034	0.0034	0.0034	0.0034	0.0034	0.0034	0.0034	0.0034	0.0034	0.0034	0.0034	0.0034	0.0034	0.0034	0.0034	0.0034	0.0034	0.0034	0.0034	0.0034	0.0034	0.0034	0.0034	0.0034	0.0034	0.0034	0.0034	0.0034	0.0034	0.0034	0.0034	0.0034	0.0034	0.0034	0.0034	0.0034	0.0034	0.0034	0.0034	0.0034	0.0034	0.0034	0.0034	0.0034	0.0034	0.0034	0.0034	0.0034	0.0034	0.0034	0.0034	0.0034	0.0034	0.0034	0.0034	0.0034	0.0034	0.0034	0.0034	0.0034	0.0034	0.0034	0.0034	0.0034	0.0034	0.0034	0.0034	0.0034	0.0597	0.0597	0.0597	0.0597
66	0.01	0.01	0.01	0.01	0.01	0.01	0.01	0.01	0.01	0.01	0.01	0.01	0.01	0.01	0.01	0.01	0.01	0.01	0.01	0.01	0.01	0.01	0.01	0.01	0.01	0.01	0.01	0.01	0.01	0.01	0.01	0.01	0.01	0.01	0.01	0.01	0.01	0.01	0.01	0.01	0.01	0.01	0.01	0.01	0.01	0.01	0.01	0.01	0.01	0.01	0.01	0.01	0.01	0.01	0.01	0.01	0.01	0.01	0.01	0.01	0.01	0.01	0.01	0.01	0.01	0.01	0.01	0.01	0.01	0.01	0.01	0.01	0.01	0.01	0.01	0.01	0.01	0.01	0.01	0.01	0.01	0.01	0.01	0.01	0.01	0.01	0.01	0.01	0.01	0.01	0.01	0.01	0.01	0.01	0.01	0.01	0.01	0.01	0.01	0.01	0.01	0.01	0.01	0.01	0.01	0.01	0.01	0.0096	0.0096	0.0096	0.0096	0.0096	0.0096	0.0096	0.0096	0.0096	0.0096	0.0096	0.0096	0.0096	0.0096	0.0096	0.0096	0.0096	0.0096	0.0096	0.0096	0.0096	0.0096	0.0096	0.0096	0.0096	0.0096	0.0096	0.0096	0.0096	0.0096	0.0096	0.0096	0.0096	0.0096	0.0096	0.0096	0.0096	0.0096	0.0096	0.0096	0.0096	0.0096	0.0096	0.0096	0.0096	0.0552	0.0552	0.0552	0.0552	0.0552	0.0552	0.0552	0.0552	0.0552	0.0552	0.0552	0.0552	0.0552	0.0552	0.0552	0.0552	0.0552	0.0552	0.0552	0.0552	0.0552	0.0552	0.0552	0.0552	0.0552	0.0552	0.0552	0.0552	0.0552	0.0552	0.0552	0.0552	0.0552	0.0552	0.0552	0.0552	0.0552	0.0552	0.0552	0.0552	0.0552	0.0552	0.0552	0.0552	0.0552	0.0552	0.0552	0.0552	0.0552	0.0552	0.0552	0.0552	0.0552	0.0552	0.0552	0.0552	0.0552	0.0552	0.0552	0.0552	0.0552	0.0552	0.0552	0.0552	0.0552	0.0552	0.0552	0.0552	0.0552	0.0552	0.0552	0.0552	0.0552	0.0552	0.0552	0.0552	0.0552	0.0552	0.0552	0.0552	0.0552	0.0552	0.0552	0.0552	0.0552	0.0552	0.0552	0.0552	0.0552	0.0552	0.0552	0.0552	0.0552	0.0552	0.0552	0.0552	0.0552	0.0552	0.0552	0.0552	0.0552	0.0552	0.0552	0.0552	0.0552	0.0552	0.0552	0.0552	0.0552	0.0552	0.0552	0.0552	0.0552	0.0552	0.0552	0.0552	0.0552	0.0552	0.0552	0.0552	0.0552	0.0552	0.0552	0.0552	0.0552	0.0552	0.0552	0.0552	0.0552	0.0552	0.0552	0.0552	0.0552	0.0552	0.0552	0.0552	0.0552	0.0552	0.0552	0.0552	0.0552	0.0552	0.0552	0.0552	0.1509	0.1509	0.1509	0.1509
67	0.9686	0.9686	0.9686	0.9686	0.9686	0.9686	0.9686	0.9686	0.9686	0.9686	0.9686	0.9686	0.9686	0.9686	0.9686	0.9686	0.9686	0.9686	0.9686	0.9686	0.9686	0.9686	0.9686	0.9686	0.9686	0.9686	0.9686	0.9686	0.9686	0.9686	0.9686	0.9686	0.9686	0.9686	0.9686	0.9686	0.9686	0.9686	0.9686	0.9686	0.9686	0.9686	0.9686	0.9686	0.9686	0.9686	0.9686	0.9686	0.9686	0.9686	0.9686	0.9686	0.9686	0.9686	0.9686	0.9686	0.9686	0.9686	0.9686	0.9686	0.9686	0.9686	0.9686	0.9686	0.9686	0.9686	0.9686	0.9686	0.9686	0.9686	0.9686	0.9686	0.9686	0.9686	0.9686	0.9686	0.9686	0.9686	0.9686	0.9686	0.9686	0.9686	0.9686	0.9686	0.9686	0.9686	0.9686	0.9686	0.9686	0.9686	0.9686	0.9686	0.9686	0.9686	0.9686	0.9686	0.9686	0.9686	0.9686	0.9686	0.9686	0.9686	0.9686	0.9686	0.9686	0.9686	0.9686	0.0063	0.0063	0.0063	0.0063	0.0063	0.0063	0.0063	0.0063	0.0063	0.0063	0.0063	0.0063	0.0063	0.0063	0.0063	0.0063	0.0063	0.0063	0.0063	0.0063	0.0063	0.0063	0.0063	0.0063	0.0063	0.0063	0.0063	0.0063	0.0063	0.0063	0.0063	0.0063	0.0063	0.0063	0.0063	0.0063	0.0063	0.0063	0.0063	0.0063	0.0063	0.0063	0.0063	0.0063	0.0063	0.0085	0.0085	0.0085	0.0085	0.0085	0.0085	0.0085	0.0085	0.0085	0.0085	0.0085	0.0085	0.0085	0.0085	0.0085	0.0085	0.0085	0.0085	0.0085	0.0085	0.0085	0.0085	0.0085	0.0085	0.0085	0.0085	0.0085	0.0085	0.0085	0.0085	0.0085	0.0085	0.0085	0.0085	0.0085	0.0085	0.0085	0.0085	0.0085	0.0085	0.0085	0.0085	0.0085	0.0085	0.0085	0.0085	0.0085	0.0085	0.0085	0.0085	0.0085	0.0085	0.0085	0.0085	0.0085	0.0085	0.0085	0.0085	0.0085	0.0085	0.0085	0.0085	0.0085	0.0085	0.0085	0.0085	0.0085	0.0085	0.0085	0.0085	0.0085	0.0085	0.0085	0.0085	0.0085	0.0085	0.0085	0.0085	0.0085	0.0085	0.0085	0.0085	0.0085	0.0085	0.0085	0.0085	0.0085	0.0085	0.0085	0.0085	0.0085	0.0085	0.0085	0.0085	0.0085	0.0085	0.0085	0.0085	0.0085	0.0085	0.0085	0.0085	0.0085	0.0085	0.0085	0.0085	0.0085	0.0085	0.0085	0.0085	0.0085	0.0085	0.0085	0.0085	0.0085	0.0085	0.0085	0.0085	0.0085	0.0085	0.0085	0.0085	0.0085	0.0085	0.0085	0.0085	0.0085	0.0085	0.0085	0.0085	0.0085	0.0085	0.0085	0.0085	0.0085	0.0085	0.0085	0.0085	0.0085	0.0085	0.0085	0.0085	0.0085	0.0085	0.0571	0.0571	0.0571	0.0571
68	0.0053	0.0053	0.0053	0.0053	0.0053	0.0053	0.0053	0.0053	0.0053	0.0053	0.0053	0.0053	0.0053	0.0053	0.0053	0.0053	0.0053	0.0053	0.0053	0.0053	0.0053	0.0053	0.0053	0.0053	0.0053	0.0053	0.0053	0.0053	0.0053	0.0053	0.0053	0.0053	0.0053	0.0053	0.0053	0.0053	0.0053	0.0053	0.0053	0.0053	0.0053	0.0053	0.0053	0.0053	0.0053	0.0053	0.0053	0.0053	0.0053	0.0053	0.0053	0.0053	0.0053	0.0053	0.0053	0.0053	0.0053	0.0053	0.0053	0.0053	0.0053	0.0053	0.0053	0.0053	0.0053	0.0053	0.0053	0.0053	0.0053	0.0053	0.0053	0.0053	0.0053	0.0053	0.0053	0.0053	0.0053	0.0053	0.0053	0.0053	0.0053	0.0053	0.0053	0.0053	0.0053	0.0053	0.0053	0.0053	0.0053	0.0053	0.0053	0.0053	0.0053	0.0053	0.0053	0.0053	0.0053	0.0053	0.0053	0.0053	0.0053	0.0053	0.0053	0.0053	0.0053	0.0053	0.0053	0.0079	0.0079	0.0079	0.0079	0.0079	0.0079	0.0079	0.0079	0.0079	0.0079	0.0079	0.0079	0.0079	0.0079	0.0079	0.0079	0.0079	0.0079	0.0079	0.0079	0.0079	0.0079	0.0079	0.0079	0.0079	0.0079	0.0079	0.0079	0.0079	0.0079	0.0079	0.0079	0.0079	0.0079	0.0079	0.0079	0.0079	0.0079	0.0079	0.0079	0.0079	0.0079	0.0079	0.0079	0.0079	0.9814	0.9814	0.9814	0.9814	0.9814	0.9814	0.9814	0.9814	0.9814	0.9814	0.9814	0.9814	0.9814	0.9814	0.9814	0.9814	0.9814	0.9814	0.9814	0.9814	0.9814	0.9814	0.9814	0.9814	0.9814	0.9814	0.9814	0.9814	0.9814	0.9814	0.9814	0.9814	0.9814	0.9814	0.9814	0.9814	0.9814	0.9814	0.9814	0.9814	0.9814	0.9814	0.9814	0.9814	0.9814	0.9814	0.9814	0.9814	0.9814	0.9814	0.9814	0.9814	0.9814	0.9814	0.9814	0.9814	0.9814	0.9814	0.9814	0.9814	0.9814	0.9814	0.9814	0.9814	0.9814	0.9814	0.9814	0.9814	0.9814	0.9814	0.9814	0.9814	0.9814	0.9814	0.9814	0.9814	0.9814	0.9814	0.9814	0.9814	0.9814	0.9814	0.9814	0.9814	0.9814	0.9814	0.9814	0.9814	0.9814	0.9814	0.9814	0.9814	0.9814	0.9814	0.9814	0.9814	0.9814	0.9814	0.9814	0.9814	0.9814	0.9814	0.9814	0.9814	0.9814	0.9814	0.9814	0.9814	0.9814	0.9814	0.9814	0.9814	0.9814	0.9814	0.9814	0.9814	0.9814	0.9814	0.9814	0.9814	0.9814	0.9814	0.9814	0.9814	0.9814	0.9814	0.9814	0.9814	0.9814	0.9814	0.9814	0.9814	0.9814	0.9814	0.9814	0.9814	0.9814	0.9814	0.9814	0.9814	0.9814	0.9814	0.9814	0.9814	0.8517	0.8517	0.8517	0.8517
69	0.9494	0.9494	0.9494	0.9494	0.9494	0.9494	0.9494	0.9494	0.9494	0.9494	0.9494	0.9494	0.9494	0.9494	0.9494	0.9494	0.9494	0.9494	0.9494	0.9494	0.9494	0.9494	0.9494	0.9494	0.9494	0.9494	0.9494	0.9494	0.9494	0.9494	0.9494	0.9494	0.9494	0.9494	0.9494	0.9494	0.9494	0.9494	0.9494	0.9494	0.9494	0.9494	0.9494	0.9494	0.9494	0.9494	0.9494	0.9494	0.9494	0.9494	0.9494	0.9494	0.9494	0.9494	0.9494	0.9494	0.9494	0.9494	0.9494	0.9494	0.9494	0.9494	0.9494	0.9494	0.9494	0.9494	0.9494	0.9494	0.9494	0.9494	0.9494	0.9494	0.9494	0.9494	0.9494	0.9494	0.9494	0.9494	0.9494	0.9494	0.9494	0.9494	0.9494	0.9494	0.9494	0.9494	0.9494	0.9494	0.9494	0.9494	0.9494	0.9494	0.9494	0.9494	0.9494	0.9494	0.9494	0.9494	0.9494	0.9494	0.9494	0.9494	0.9494	0.9494	0.9494	0.9494	0.9494	0.007	0.007	0.007	0.007	0.007	0.007	0.007	0.007	0.007	0.007	0.007	0.007	0.007	0.007	0.007	0.007	0.007	0.007	0.007	0.007	0.007	0.007	0.007	0.007	0.007	0.007	0.007	0.007	0.007	0.007	0.007	0.007	0.007	0.007	0.007	0.007	0.007	0.007	0.007	0.007	0.007	0.007	0.007	0.007	0.007	0.0082	0.0082	0.0082	0.0082	0.0082	0.0082	0.0082	0.0082	0.0082	0.0082	0.0082	0.0082	0.0082	0.0082	0.0082	0.0082	0.0082	0.0082	0.0082	0.0082	0.0082	0.0082	0.0082	0.0082	0.0082	0.0082	0.0082	0.0082	0.0082	0.0082	0.0082	0.0082	0.0082	0.0082	0.0082	0.0082	0.0082	0.0082	0.0082	0.0082	0.0082	0.0082	0.0082	0.0082	0.0082	0.0082	0.0082	0.0082	0.0082	0.0082	0.0082	0.0082	0.0082	0.0082	0.0082	0.0082	0.0082	0.0082	0.0082	0.0082	0.0082	0.0082	0.0082	0.0082	0.0082	0.0082	0.0082	0.0082	0.0082	0.0082	0.0082	0.0082	0.0082	0.0082	0.0082	0.0082	0.0082	0.0082	0.0082	0.0082	0.0082	0.0082	0.0082	0.0082	0.0082	0.0082	0.0082	0.0082	0.0082	0.0082	0.0082	0.0082	0.0082	0.0082	0.0082	0.0082	0.0082	0.0082	0.0082	0.0082	0.0082	0.0082	0.0082	0.0082	0.0082	0.0082	0.0082	0.0082	0.0082	0.0082	0.0082	0.0082	0.0082	0.0082	0.0082	0.0082	0.0082	0.0082	0.0082	0.0082	0.0082	0.0082	0.0082	0.0082	0.0082	0.0082	0.0082	0.0082	0.0082	0.0082	0.0082	0.0082	0.0082	0.0082	0.0082	0.0082	0.0082	0.0082	0.0082	0.0082	0.0082	0.0082	0.0082	0.0082	0.0552	0.0552	0.0552	0.0552
70	0.0042	0.0042	0.0042	0.0042	0.0042	0.0042	0.0042	0.0042	0.0042	0.0042	0.0042	0.0042	0.0042	0.0042	0.0042	0.0042	0.0042	0.0042	0.0042	0.0042	0.0042	0.0042	0.0042	0.0042	0.0042	0.0042	0.0042	0.0042	0.0042	0.0042	0.0042	0.0042	0.0042	0.0042	0.0042	0.0042	0.0042	0.0042	0.0042	0.0042	0.0042	0.0042	0.0042	0.0042	0.0042	0.0042	0.0042	0.0042	0.0042	0.0042	0.0042	0.0042	0.0042	0.0042	0.0042	0.0042	0.0042	0.0042	0.0042	0.0042	0.0042	0.0042	0.0042	0.0042	0.0042	0.0042	0.0042	0.0042	0.0042	0.0042	0.0042	0.0042	0.0042	0.0042	0.0042	0.0042	0.0042	0.0042	0.0042	0.0042	0.0042	0.0042	0.0042	0.0042	0.0042	0.0042	0.0042	0.0042	0.0042	0.0042	0.0042	0.0042	0.0042	0.0042	0.0042	0.0042	0.0042	0.0042	0.0042	0.0042	0.0042	0.0042	0.0042	0.0042	0.0042	0.0042	0.0042	0.0086	0.0086	0.0086	0.0086	0.0086	0.0086	0.0086	0.0086	0.0086	0.0086	0.0086	0.0086	0.0086	0.0086	0.0086	0.0086	0.0086	0.0086	0.0086	0.0086	0.0086	0.0086	0.0086	0.0086	0.0086	0.0086	0.0086	0.0086	0.0086	0.0086	0.0086	0.0086	0.0086	0.0086	0.0086	0.0086	0.0086	0.0086	0.0086	0.0086	0.0086	0.0086	0.0086	0.0086	0.0086	0.0128	0.0128	0.0128	0.0128	0.0128	0.0128	0.0128	0.0128	0.0128	0.0128	0.0128	0.0128	0.0128	0.0128	0.0128	0.0128	0.0128	0.0128	0.0128	0.0128	0.0128	0.0128	0.0128	0.0128	0.0128	0.0128	0.0128	0.0128	0.0128	0.0128	0.0128	0.0128	0.0128	0.0128	0.0128	0.0128	0.0128	0.0128	0.0128	0.0128	0.0128	0.0128	0.0128	0.0128	0.0128	0.0128	0.0128	0.0128	0.0128	0.0128	0.0128	0.0128	0.0128	0.0128	0.0128	0.0128	0.0128	0.0128	0.0128	0.0128	0.0128	0.0128	0.0128	0.0128	0.0128	0.0128	0.0128	0.0128	0.0128	0.0128	0.0128	0.0128	0.0128	0.0128	0.0128	0.0128	0.0128	0.0128	0.0128	0.0128	0.0128	0.0128	0.0128	0.0128	0.0128	0.0128	0.0128	0.0128	0.0128	0.0128	0.0128	0.0128	0.0128	0.0128	0.0128	0.0128	0.0128	0.0128	0.0128	0.0128	0.0128	0.0128	0.0128	0.0128	0.0128	0.0128	0.0128	0.0128	0.0128	0.0128	0.0128	0.0128	0.0128	0.0128	0.0128	0.0128	0.0128	0.0128	0.0128	0.0128	0.0128	0.0128	0.0128	0.0128	0.0128	0.0128	0.0128	0.0128	0.0128	0.0128	0.0128	0.0128	0.0128	0.0128	0.0128	0.0128	0.0128	0.0128	0.0128	0.0128	0.0128	0.0128	0.0128	0.0128	0.9164	0.9164	0.9164	0.9164
71	0.0265	0.0265	0.0265	0.0265	0.0265	0.0265	0.0265	0.0265	0.0265	0.0265	0.0265	0.0265	0.0265	0.0265	0.0265	0.0265	0.0265	0.0265	0.0265	0.0265	0.0265	0.0265	0.0265	0.0265	0.0265	0.0265	0.0265	0.0265	0.0265	0.0265	0.0265	0.0265	0.0265	0.0265	0.0265	0.0265	0.0265	0.0265	0.0265	0.0265	0.0265	0.0265	0.0265	0.0265	0.0265	0.0265	0.0265	0.0265	0.0265	0.0265	0.0265	0.0265	0.0265	0.0265	0.0265	0.0265	0.0265	0.0265	0.0265	0.0265	0.0265	0.0265	0.0265	0.0265	0.0265	0.0265	0.0265	0.0265	0.0265	0.0265	0.0265	0.0265	0.0265	0.0265	0.0265	0.0265	0.0265	0.0265	0.0265	0.0265	0.0265	0.0265	0.0265	0.0265	0.0265	0.0265	0.0265	0.0265	0.0265	0.0265	0.0265	0.0265	0.0265	0.0265	0.0265	0.0265	0.0265	0.0265	0.0265	0.0265	0.0265	0.0265	0.0265	0.0265	0.0265	0.0265	0.0265	0.0068	0.0068	0.0068	0.0068	0.0068	0.0068	0.0068	0.0068	0.0068	0.0068	0.0068	0.0068	0.0068	0.0068	0.0068	0.0068	0.0068	0.0068	0.0068	0.0068	0.0068	0.0068	0.0068	0.0068	0.0068	0.0068	0.0068	0.0068	0.0068	0.0068	0.0068	0.0068	0.0068	0.0068	0.0068	0.0068	0.0068	0.0068	0.0068	0.0068	0.0068	0.0068	0.0068	0.0068	0.0068	0.0282	0.0282	0.0282	0.0282	0.0282	0.0282	0.0282	0.0282	0.0282	0.0282	0.0282	0.0282	0.0282	0.0282	0.0282	0.0282	0.0282	0.0282	0.0282	0.0282	0.0282	0.0282	0.0282	0.0282	0.0282	0.0282	0.0282	0.0282	0.0282	0.0282	0.0282	0.0282	0.0282	0.0282	0.0282	0.0282	0.0282	0.0282	0.0282	0.0282	0.0282	0.0282	0.0282	0.0282	0.0282	0.0282	0.0282	0.0282	0.0282	0.0282	0.0282	0.0282	0.0282	0.0282	0.0282	0.0282	0.0282	0.0282	0.0282	0.0282	0.0282	0.0282	0.0282	0.0282	0.0282	0.0282	0.0282	0.0282	0.0282	0.0282	0.0282	0.0282	0.0282	0.0282	0.0282	0.0282	0.0282	0.0282	0.0282	0.0282	0.0282	0.0282	0.0282	0.0282	0.0282	0.0282	0.0282	0.0282	0.0282	0.0282	0.0282	0.0282	0.0282	0.0282	0.0282	0.0282	0.0282	0.0282	0.0282	0.0282	0.0282	0.0282	0.0282	0.0282	0.0282	0.0282	0.0282	0.0282	0.0282	0.0282	0.0282	0.0282	0.0282	0.0282	0.0282	0.0282	0.0282	0.0282	0.0282	0.0282	0.0282	0.0282	0.0282	0.0282	0.0282	0.0282	0.0282	0.0282	0.0282	0.0282	0.0282	0.0282	0.0282	0.0282	0.0282	0.0282	0.0282	0.0282	0.0282	0.0282	0.0282	0.0282	0.0282	0.0282	0.0753	0.0753	0.0753	0.0753
72	0.0037	0.0037	0.0037	0.0037	0.0037	0.0037	0.0037	0.0037	0.0037	0.0037	0.0037	0.0037	0.0037	0.0037	0.0037	0.0037	0.0037	0.0037	0.0037	0.0037	0.0037	0.0037	0.0037	0.0037	0.0037	0.0037	0.0037	0.0037	0.0037	0.0037	0.0037	0.0037	0.0037	0.0037	0.0037	0.0037	0.0037	0.0037	0.0037	0.0037	0.0037	0.0037	0.0037	0.0037	0.0037	0.0037	0.0037	0.0037	0.0037	0.0037	0.0037	0.0037	0.0037	0.0037	0.0037	0.0037	0.0037	0.0037	0.0037	0.0037	0.0037	0.0037	0.0037	0.0037	0.0037	0.0037	0.0037	0.0037	0.0037	0.0037	0.0037	0.0037	0.0037	0.0037	0.0037	0.0037	0.0037	0.0037	0.0037	0.0037	0.0037	0.0037	0.0037	0.0037	0.0037	0.0037	0.0037	0.0037	0.0037	0.0037	0.0037	0.0037	0.0037	0.0037	0.0037	0.0037	0.0037	0.0037	0.0037	0.0037	0.0037	0.0037	0.0037	0.0037	0.0037	0.0037	0.0037	0.8763	0.8763	0.8763	0.8763	0.8763	0.8763	0.8763	0.8763	0.8763	0.8763	0.8763	0.8763	0.8763	0.8763	0.8763	0.8763	0.8763	0.8763	0.8763	0.8763	0.8763	0.8763	0.8763	0.8763	0.8763	0.8763	0.8763	0.8763	0.8763	0.8763	0.8763	0.8763	0.8763	0.8763	0.8763	0.8763	0.8763	0.8763	0.8763	0.8763	0.8763	0.8763	0.8763	0.8763	0.8763	0.9759	0.9759	0.9759	0.9759	0.9759	0.9759	0.9759	0.9759	0.9759	0.9759	0.9759	0.9759	0.9759	0.9759	0.9759	0.9759	0.9759	0.9759	0.9759	0.9759	0.9759	0.9759	0.9759	0.9759	0.9759	0.9759	0.9759	0.9759	0.9759	0.9759	0.9759	0.9759	0.9759	0.9759	0.9759	0.9759	0.9759	0.9759	0.9759	0.9759	0.9759	0.9759	0.9759	0.9759	0.9759	0.9759	0.9759	0.9759	0.9759	0.9759	0.9759	0.9759	0.9759	0.9759	0.9759	0.9759	0.9759	0.9759	0.9759	0.9759	0.9759	0.9759	0.9759	0.9759	0.9759	0.9759	0.9759	0.9759	0.9759	0.9759	0.9759	0.9759	0.9759	0.9759	0.9759	0.9759	0.9759	0.9759	0.9759	0.9759	0.9759	0.9759	0.9759	0.9759	0.9759	0.9759	0.9759	0.9759	0.9759	0.9759	0.9759	0.9759	0.9759	0.9759	0.9759	0.9759	0.9759	0.9759	0.9759	0.9759	0.9759	0.9759	0.9759	0.9759	0.9759	0.9759	0.9759	0.9759	0.9759	0.9759	0.9759	0.9759	0.9759	0.9759	0.9759	0.9759	0.9759	0.9759	0.9759	0.9759	0.9759	0.9759	0.9759	0.9759	0.9759	0.9759	0.9759	0.9759	0.9759	0.9759	0.9759	0.9759	0.9759	0.9759	0.9759	0.9759	0.9759	0.9759	0.9759	0.9759	0.9759	0.9759	0.9759	0.9759	0.0897	0.0897	0.0897	0.0897
73	0.011	0.011	0.011	0.011	0.011	0.011	0.011	0.011	0.011	0.011	0.011	0.011	0.011	0.011	0.011	0.011	0.011	0.011	0.011	0.011	0.011	0.011	0.011	0.011	0.011	0.011	0.011	0.011	0.011	0.011	0.011	0.011	0.011	0.011	0.011	0.011	0.011	0.011	0.011	0.011	0.011	0.011	0.011	0.011	0.011	0.011	0.011	0.011	0.011	0.011	0.011	0.011	0.011	0.011	0.011	0.011	0.011	0.011	0.011	0.011	0.011	0.011	0.011	0.011	0.011	0.011	0.011	0.011	0.011	0.011	0.011	0.011	0.011	0.011	0.011	0.011	0.011	0.011	0.011	0.011	0.011	0.011	0.011	0.011	0.011	0.011	0.011	0.011	0.011	0.011	0.011	0.011	0.011	0.011	0.011	0.011	0.011	0.011	0.011	0.011	0.011	0.011	0.011	0.011	0.011	0.011	0.011	0.8496	0.8496	0.8496	0.8496	0.8496	0.8496	0.8496	0.8496	0.8496	0.8496	0.8496	0.8496	0.8496	0.8496	0.8496	0.8496	0.8496	0.8496	0.8496	0.8496	0.8496	0.8496	0.8496	0.8496	0.8496	0.8496	0.8496	0.8496	0.8496	0.8496	0.8496	0.8496	0.8496	0.8496	0.8496	0.8496	0.8496	0.8496	0.8496	0.8496	0.8496	0.8496	0.8496	0.8496	0.8496	0.0018	0.0018	0.0018	0.0018	0.0018	0.0018	0.0018	0.0018	0.0018	0.0018	0.0018	0.0018	0.0018	0.0018	0.0018	0.0018	0.0018	0.0018	0.0018	0.0018	0.0018	0.0018	0.0018	0.0018	0.0018	0.0018	0.0018	0.0018	0.0018	0.0018	0.0018	0.0018	0.0018	0.0018	0.0018	0.0018	0.0018	0.0018	0.0018	0.0018	0.0018	0.0018	0.0018	0.0018	0.0018	0.0018	0.0018	0.0018	0.0018	0.0018	0.0018	0.0018	0.0018	0.0018	0.0018	0.0018	0.0018	0.0018	0.0018	0.0018	0.0018	0.0018	0.0018	0.0018	0.0018	0.0018	0.0018	0.0018	0.0018	0.0018	0.0018	0.0018	0.0018	0.0018	0.0018	0.0018	0.0018	0.0018	0.0018	0.0018	0.0018	0.0018	0.0018	0.0018	0.0018	0.0018	0.0018	0.0018	0.0018	0.0018	0.0018	0.0018	0.0018	0.0018	0.0018	0.0018	0.0018	0.0018	0.0018	0.0018	0.0018	0.0018	0.0018	0.0018	0.0018	0.0018	0.0018	0.0018	0.0018	0.0018	0.0018	0.0018	0.0018	0.0018	0.0018	0.0018	0.0018	0.0018	0.0018	0.0018	0.0018	0.0018	0.0018	0.0018	0.0018	0.0018	0.0018	0.0018	0.0018	0.0018	0.0018	0.0018	0.0018	0.0018	0.0018	0.0018	0.0018	0.0018	0.0018	0.0018	0.0018	0.0018	0.0018	0.0018	0.1084	0.1084	0.1084	0.1084
