TP	ID	PID	EL	Perc	Leaf	Mut
1	0	-1	0	1	0	True
1.5	1	0	3.500261376479416	0.21371213392363608	0	True
1.5	2	0	5.4706982451617545	0.7862878660763639	0	True
2.0	3	1	4.499738623520583	0.1382959492689022	0	False
2.0	4	1	4.499738623520583	0.10130020594634583	-1	True
2.0	5	2	2.5293017548382455	0.6591036388384062	-1	True
2.0	6	2	2.5293017548382455	0.10130020594634583	0	True
3.0	7	3	7	0.17343368535862763	1	False
3.0	8	6	7	0.8265663146413723	1	False
