	0	0	0	3	0	0	0	0	0	0	0	0	0	0	0	0	0	0	0	0	0	0	0	0	0	6	0	0	0	0	8	0	0	0	0	0	0	0	10	0	6	0	0	0	3	0	0	0	0	0	0	0	0	0	0	0	0	0	0	0	0	0	1	4	0	0	0	10	0	0	1	0	0	0	3	0	0	0	0	0	0	10	0	0	0	0	0	0	8	0	0	0	0	0	0	0	0	3	4	0	0	0	0	1	8	1	0	0	0	0	0	2	0	0	0	0	0	0	0	0	0	0	0	0	0	0	0	0	0	0	3	0	0	0	0	0	0	0	0	0	3	0	0	0	0	0	0	1	0	0	0	0	1	0	0	0	8	10	0	0	0	0	0	10	0	0	0	0	0	4	0	0	0	0	0	2	0	2	0	0	1	0	0	0	0	0	0	0	0	0	2	0	1	0	0	0	10	0	0	0	10	0	0	0	0	0	0	0	0	0	0	0	0	0	2	0	0	0	0	0	0	8	0	0	0	0	0	0	0	0	0	0	0	0	0	10	2	1	0	0	0	0	0	0	0	0	0	0	0	0	0	3	0	0	0	0	0	0	0	0	0	4	0	0	0	3	0	0	3	9	9	9	9	5	5	5	5	5	5	5	5	5	5	5	5	5	5	5	5	5	7	7	7	7	7	7	7	7	7	7
0	0.9724	0.9724	0.9724	0.9628	0.9724	0.9724	0.9724	0.9724	0.9724	0.9724	0.9724	0.9724	0.9724	0.9724	0.9724	0.9724	0.9724	0.9724	0.9724	0.9724	0.9724	0.9724	0.9724	0.9724	0.9724	0.9999	0.9724	0.9724	0.9724	0.9724	0.9975	0.9724	0.9724	0.9724	0.9724	0.9724	0.9724	0.9724	0.9574	0.9724	0.9999	0.9724	0.9724	0.9724	0.9628	0.9724	0.9724	0.9724	0.9724	0.9724	0.9724	0.9724	0.9724	0.9724	0.9724	0.9724	0.9724	0.9724	0.9724	0.9724	0.9724	0.9724	0.8958	0.9095	0.9724	0.9724	0.9724	0.9574	0.9724	0.9724	0.8958	0.9724	0.9724	0.9724	0.9628	0.9724	0.9724	0.9724	0.9724	0.9724	0.9724	0.9574	0.9724	0.9724	0.9724	0.9724	0.9724	0.9724	0.9975	0.9724	0.9724	0.9724	0.9724	0.9724	0.9724	0.9724	0.9724	0.9628	0.9095	0.9724	0.9724	0.9724	0.9724	0.8958	0.9975	0.8958	0.9724	0.9724	0.9724	0.9724	0.9724	0.9275	0.9724	0.9724	0.9724	0.9724	0.9724	0.9724	0.9724	0.9724	0.9724	0.9724	0.9724	0.9724	0.9724	0.9724	0.9724	0.9724	0.9724	0.9724	0.9628	0.9724	0.9724	0.9724	0.9724	0.9724	0.9724	0.9724	0.9724	0.9724	0.9628	0.9724	0.9724	0.9724	0.9724	0.9724	0.9724	0.8958	0.9724	0.9724	0.9724	0.9724	0.8958	0.9724	0.9724	0.9724	0.9975	0.9574	0.9724	0.9724	0.9724	0.9724	0.9724	0.9574	0.9724	0.9724	0.9724	0.9724	0.9724	0.9095	0.9724	0.9724	0.9724	0.9724	0.9724	0.9275	0.9724	0.9275	0.9724	0.9724	0.8958	0.9724	0.9724	0.9724	0.9724	0.9724	0.9724	0.9724	0.9724	0.9724	0.9275	0.9724	0.8958	0.9724	0.9724	0.9724	0.9574	0.9724	0.9724	0.9724	0.9574	0.9724	0.9724	0.9724	0.9724	0.9724	0.9724	0.9724	0.9724	0.9724	0.9724	0.9724	0.9724	0.9724	0.9275	0.9724	0.9724	0.9724	0.9724	0.9724	0.9724	0.9975	0.9724	0.9724	0.9724	0.9724	0.9724	0.9724	0.9724	0.9724	0.9724	0.9724	0.9724	0.9724	0.9724	0.9574	0.9275	0.8958	0.9724	0.9724	0.9724	0.9724	0.9724	0.9724	0.9724	0.9724	0.9724	0.9724	0.9724	0.9724	0.9724	0.9628	0.9724	0.9724	0.9724	0.9724	0.9724	0.9724	0.9724	0.9724	0.9724	0.9095	0.9724	0.9724	0.9724	0.9628	0.9724	0.9724	0.9628	0.7958	0.7958	0.7958	0.7958	0.0196	0.0196	0.0196	0.0196	0.0196	0.0196	0.0196	0.0196	0.0196	0.0196	0.0196	0.0196	0.0196	0.0196	0.0196	0.0196	0.0196	0.0432	0.0432	0.0432	0.0432	0.0432	0.0432	0.0432	0.0432	0.0432	0.0432
1	0.9799	0.9799	0.9799	0.946	0.9799	0.9799	0.9799	0.9799	0.9799	0.9799	0.9799	0.9799	0.9799	0.9799	0.9799	0.9799	0.9799	0.9799	0.9799	0.9799	0.9799	0.9799	0.9799	0.9799	0.9799	0.5002	0.9799	0.9799	0.9799	0.9799	0.9356	0.9799	0.9799	0.9799	0.9799	0.9799	0.9799	0.9799	0.9114	0.9799	0.5002	0.9799	0.9799	0.9799	0.946	0.9799	0.9799	0.9799	0.9799	0.9799	0.9799	0.9799	0.9799	0.9799	0.9799	0.9799	0.9799	0.9799	0.9799	0.9799	0.9799	0.9799	0.9145	0.8055	0.9799	0.9799	0.9799	0.9114	0.9799	0.9799	0.9145	0.9799	0.9799	0.9799	0.946	0.9799	0.9799	0.9799	0.9799	0.9799	0.9799	0.9114	0.9799	0.9799	0.9799	0.9799	0.9799	0.9799	0.9356	0.9799	0.9799	0.9799	0.9799	0.9799	0.9799	0.9799	0.9799	0.946	0.8055	0.9799	0.9799	0.9799	0.9799	0.9145	0.9356	0.9145	0.9799	0.9799	0.9799	0.9799	0.9799	0.9342	0.9799	0.9799	0.9799	0.9799	0.9799	0.9799	0.9799	0.9799	0.9799	0.9799	0.9799	0.9799	0.9799	0.9799	0.9799	0.9799	0.9799	0.9799	0.946	0.9799	0.9799	0.9799	0.9799	0.9799	0.9799	0.9799	0.9799	0.9799	0.946	0.9799	0.9799	0.9799	0.9799	0.9799	0.9799	0.9145	0.9799	0.9799	0.9799	0.9799	0.9145	0.9799	0.9799	0.9799	0.9356	0.9114	0.9799	0.9799	0.9799	0.9799	0.9799	0.9114	0.9799	0.9799	0.9799	0.9799	0.9799	0.8055	0.9799	0.9799	0.9799	0.9799	0.9799	0.9342	0.9799	0.9342	0.9799	0.9799	0.9145	0.9799	0.9799	0.9799	0.9799	0.9799	0.9799	0.9799	0.9799	0.9799	0.9342	0.9799	0.9145	0.9799	0.9799	0.9799	0.9114	0.9799	0.9799	0.9799	0.9114	0.9799	0.9799	0.9799	0.9799	0.9799	0.9799	0.9799	0.9799	0.9799	0.9799	0.9799	0.9799	0.9799	0.9342	0.9799	0.9799	0.9799	0.9799	0.9799	0.9799	0.9356	0.9799	0.9799	0.9799	0.9799	0.9799	0.9799	0.9799	0.9799	0.9799	0.9799	0.9799	0.9799	0.9799	0.9114	0.9342	0.9145	0.9799	0.9799	0.9799	0.9799	0.9799	0.9799	0.9799	0.9799	0.9799	0.9799	0.9799	0.9799	0.9799	0.946	0.9799	0.9799	0.9799	0.9799	0.9799	0.9799	0.9799	0.9799	0.9799	0.8055	0.9799	0.9799	0.9799	0.946	0.9799	0.9799	0.946	0.1471	0.1471	0.1471	0.1471	0.0209	0.0209	0.0209	0.0209	0.0209	0.0209	0.0209	0.0209	0.0209	0.0209	0.0209	0.0209	0.0209	0.0209	0.0209	0.0209	0.0209	0.0388	0.0388	0.0388	0.0388	0.0388	0.0388	0.0388	0.0388	0.0388	0.0388
2	0.9216	0.9216	0.9216	0.8954	0.9216	0.9216	0.9216	0.9216	0.9216	0.9216	0.9216	0.9216	0.9216	0.9216	0.9216	0.9216	0.9216	0.9216	0.9216	0.9216	0.9216	0.9216	0.9216	0.9216	0.9216	0.9558	0.9216	0.9216	0.9216	0.9216	0.9964	0.9216	0.9216	0.9216	0.9216	0.9216	0.9216	0.9216	0.9075	0.9216	0.9558	0.9216	0.9216	0.9216	0.8954	0.9216	0.9216	0.9216	0.9216	0.9216	0.9216	0.9216	0.9216	0.9216	0.9216	0.9216	0.9216	0.9216	0.9216	0.9216	0.9216	0.9216	0.921	0.9154	0.9216	0.9216	0.9216	0.9075	0.9216	0.9216	0.921	0.9216	0.9216	0.9216	0.8954	0.9216	0.9216	0.9216	0.9216	0.9216	0.9216	0.9075	0.9216	0.9216	0.9216	0.9216	0.9216	0.9216	0.9964	0.9216	0.9216	0.9216	0.9216	0.9216	0.9216	0.9216	0.9216	0.8954	0.9154	0.9216	0.9216	0.9216	0.9216	0.921	0.9964	0.921	0.9216	0.9216	0.9216	0.9216	0.9216	0.9045	0.9216	0.9216	0.9216	0.9216	0.9216	0.9216	0.9216	0.9216	0.9216	0.9216	0.9216	0.9216	0.9216	0.9216	0.9216	0.9216	0.9216	0.9216	0.8954	0.9216	0.9216	0.9216	0.9216	0.9216	0.9216	0.9216	0.9216	0.9216	0.8954	0.9216	0.9216	0.9216	0.9216	0.9216	0.9216	0.921	0.9216	0.9216	0.9216	0.9216	0.921	0.9216	0.9216	0.9216	0.9964	0.9075	0.9216	0.9216	0.9216	0.9216	0.9216	0.9075	0.9216	0.9216	0.9216	0.9216	0.9216	0.9154	0.9216	0.9216	0.9216	0.9216	0.9216	0.9045	0.9216	0.9045	0.9216	0.9216	0.921	0.9216	0.9216	0.9216	0.9216	0.9216	0.9216	0.9216	0.9216	0.9216	0.9045	0.9216	0.921	0.9216	0.9216	0.9216	0.9075	0.9216	0.9216	0.9216	0.9075	0.9216	0.9216	0.9216	0.9216	0.9216	0.9216	0.9216	0.9216	0.9216	0.9216	0.9216	0.9216	0.9216	0.9045	0.9216	0.9216	0.9216	0.9216	0.9216	0.9216	0.9964	0.9216	0.9216	0.9216	0.9216	0.9216	0.9216	0.9216	0.9216	0.9216	0.9216	0.9216	0.9216	0.9216	0.9075	0.9045	0.921	0.9216	0.9216	0.9216	0.9216	0.9216	0.9216	0.9216	0.9216	0.9216	0.9216	0.9216	0.9216	0.9216	0.8954	0.9216	0.9216	0.9216	0.9216	0.9216	0.9216	0.9216	0.9216	0.9216	0.9154	0.9216	0.9216	0.9216	0.8954	0.9216	0.9216	0.8954	0.7723	0.7723	0.7723	0.7723	0.0275	0.0275	0.0275	0.0275	0.0275	0.0275	0.0275	0.0275	0.0275	0.0275	0.0275	0.0275	0.0275	0.0275	0.0275	0.0275	0.0275	0.0341	0.0341	0.0341	0.0341	0.0341	0.0341	0.0341	0.0341	0.0341	0.0341
3	0.9737	0.9737	0.9737	0.8843	0.9737	0.9737	0.9737	0.9737	0.9737	0.9737	0.9737	0.9737	0.9737	0.9737	0.9737	0.9737	0.9737	0.9737	0.9737	0.9737	0.9737	0.9737	0.9737	0.9737	0.9737	0.3902	0.9737	0.9737	0.9737	0.9737	0.974	0.9737	0.9737	0.9737	0.9737	0.9737	0.9737	0.9737	0.8947	0.9737	0.3902	0.9737	0.9737	0.9737	0.8843	0.9737	0.9737	0.9737	0.9737	0.9737	0.9737	0.9737	0.9737	0.9737	0.9737	0.9737	0.9737	0.9737	0.9737	0.9737	0.9737	0.9737	0.9262	0.9034	0.9737	0.9737	0.9737	0.8947	0.9737	0.9737	0.9262	0.9737	0.9737	0.9737	0.8843	0.9737	0.9737	0.9737	0.9737	0.9737	0.9737	0.8947	0.9737	0.9737	0.9737	0.9737	0.9737	0.9737	0.974	0.9737	0.9737	0.9737	0.9737	0.9737	0.9737	0.9737	0.9737	0.8843	0.9034	0.9737	0.9737	0.9737	0.9737	0.9262	0.974	0.9262	0.9737	0.9737	0.9737	0.9737	0.9737	0.9299	0.9737	0.9737	0.9737	0.9737	0.9737	0.9737	0.9737	0.9737	0.9737	0.9737	0.9737	0.9737	0.9737	0.9737	0.9737	0.9737	0.9737	0.9737	0.8843	0.9737	0.9737	0.9737	0.9737	0.9737	0.9737	0.9737	0.9737	0.9737	0.8843	0.9737	0.9737	0.9737	0.9737	0.9737	0.9737	0.9262	0.9737	0.9737	0.9737	0.9737	0.9262	0.9737	0.9737	0.9737	0.974	0.8947	0.9737	0.9737	0.9737	0.9737	0.9737	0.8947	0.9737	0.9737	0.9737	0.9737	0.9737	0.9034	0.9737	0.9737	0.9737	0.9737	0.9737	0.9299	0.9737	0.9299	0.9737	0.9737	0.9262	0.9737	0.9737	0.9737	0.9737	0.9737	0.9737	0.9737	0.9737	0.9737	0.9299	0.9737	0.9262	0.9737	0.9737	0.9737	0.8947	0.9737	0.9737	0.9737	0.8947	0.9737	0.9737	0.9737	0.9737	0.9737	0.9737	0.9737	0.9737	0.9737	0.9737	0.9737	0.9737	0.9737	0.9299	0.9737	0.9737	0.9737	0.9737	0.9737	0.9737	0.974	0.9737	0.9737	0.9737	0.9737	0.9737	0.9737	0.9737	0.9737	0.9737	0.9737	0.9737	0.9737	0.9737	0.8947	0.9299	0.9262	0.9737	0.9737	0.9737	0.9737	0.9737	0.9737	0.9737	0.9737	0.9737	0.9737	0.9737	0.9737	0.9737	0.8843	0.9737	0.9737	0.9737	0.9737	0.9737	0.9737	0.9737	0.9737	0.9737	0.9034	0.9737	0.9737	0.9737	0.8843	0.9737	0.9737	0.8843	0.7696	0.7696	0.7696	0.7696	0.0227	0.0227	0.0227	0.0227	0.0227	0.0227	0.0227	0.0227	0.0227	0.0227	0.0227	0.0227	0.0227	0.0227	0.0227	0.0227	0.0227	0.0467	0.0467	0.0467	0.0467	0.0467	0.0467	0.0467	0.0467	0.0467	0.0467
4	0.9183	0.9183	0.9183	0.935	0.9183	0.9183	0.9183	0.9183	0.9183	0.9183	0.9183	0.9183	0.9183	0.9183	0.9183	0.9183	0.9183	0.9183	0.9183	0.9183	0.9183	0.9183	0.9183	0.9183	0.9183	0.9902	0.9183	0.9183	0.9183	0.9183	0.4118	0.9183	0.9183	0.9183	0.9183	0.9183	0.9183	0.9183	0.8516	0.9183	0.9902	0.9183	0.9183	0.9183	0.935	0.9183	0.9183	0.9183	0.9183	0.9183	0.9183	0.9183	0.9183	0.9183	0.9183	0.9183	0.9183	0.9183	0.9183	0.9183	0.9183	0.9183	0.9168	0.8934	0.9183	0.9183	0.9183	0.8516	0.9183	0.9183	0.9168	0.9183	0.9183	0.9183	0.935	0.9183	0.9183	0.9183	0.9183	0.9183	0.9183	0.8516	0.9183	0.9183	0.9183	0.9183	0.9183	0.9183	0.4118	0.9183	0.9183	0.9183	0.9183	0.9183	0.9183	0.9183	0.9183	0.935	0.8934	0.9183	0.9183	0.9183	0.9183	0.9168	0.4118	0.9168	0.9183	0.9183	0.9183	0.9183	0.9183	0.8733	0.9183	0.9183	0.9183	0.9183	0.9183	0.9183	0.9183	0.9183	0.9183	0.9183	0.9183	0.9183	0.9183	0.9183	0.9183	0.9183	0.9183	0.9183	0.935	0.9183	0.9183	0.9183	0.9183	0.9183	0.9183	0.9183	0.9183	0.9183	0.935	0.9183	0.9183	0.9183	0.9183	0.9183	0.9183	0.9168	0.9183	0.9183	0.9183	0.9183	0.9168	0.9183	0.9183	0.9183	0.4118	0.8516	0.9183	0.9183	0.9183	0.9183	0.9183	0.8516	0.9183	0.9183	0.9183	0.9183	0.9183	0.8934	0.9183	0.9183	0.9183	0.9183	0.9183	0.8733	0.9183	0.8733	0.9183	0.9183	0.9168	0.9183	0.9183	0.9183	0.9183	0.9183	0.9183	0.9183	0.9183	0.9183	0.8733	0.9183	0.9168	0.9183	0.9183	0.9183	0.8516	0.9183	0.9183	0.9183	0.8516	0.9183	0.9183	0.9183	0.9183	0.9183	0.9183	0.9183	0.9183	0.9183	0.9183	0.9183	0.9183	0.9183	0.8733	0.9183	0.9183	0.9183	0.9183	0.9183	0.9183	0.4118	0.9183	0.9183	0.9183	0.9183	0.9183	0.9183	0.9183	0.9183	0.9183	0.9183	0.9183	0.9183	0.9183	0.8516	0.8733	0.9168	0.9183	0.9183	0.9183	0.9183	0.9183	0.9183	0.9183	0.9183	0.9183	0.9183	0.9183	0.9183	0.9183	0.935	0.9183	0.9183	0.9183	0.9183	0.9183	0.9183	0.9183	0.9183	0.9183	0.8934	0.9183	0.9183	0.9183	0.935	0.9183	0.9183	0.935	0.935	0.935	0.935	0.935	0.0259	0.0259	0.0259	0.0259	0.0259	0.0259	0.0259	0.0259	0.0259	0.0259	0.0259	0.0259	0.0259	0.0259	0.0259	0.0259	0.0259	0.0349	0.0349	0.0349	0.0349	0.0349	0.0349	0.0349	0.0349	0.0349	0.0349
5	0.9296	0.9296	0.9296	0.9467	0.9296	0.9296	0.9296	0.9296	0.9296	0.9296	0.9296	0.9296	0.9296	0.9296	0.9296	0.9296	0.9296	0.9296	0.9296	0.9296	0.9296	0.9296	0.9296	0.9296	0.9296	0.9968	0.9296	0.9296	0.9296	0.9296	0.755	0.9296	0.9296	0.9296	0.9296	0.9296	0.9296	0.9296	0.9625	0.9296	0.9968	0.9296	0.9296	0.9296	0.9467	0.9296	0.9296	0.9296	0.9296	0.9296	0.9296	0.9296	0.9296	0.9296	0.9296	0.9296	0.9296	0.9296	0.9296	0.9296	0.9296	0.9296	0.9193	0.9426	0.9296	0.9296	0.9296	0.9625	0.9296	0.9296	0.9193	0.9296	0.9296	0.9296	0.9467	0.9296	0.9296	0.9296	0.9296	0.9296	0.9296	0.9625	0.9296	0.9296	0.9296	0.9296	0.9296	0.9296	0.755	0.9296	0.9296	0.9296	0.9296	0.9296	0.9296	0.9296	0.9296	0.9467	0.9426	0.9296	0.9296	0.9296	0.9296	0.9193	0.755	0.9193	0.9296	0.9296	0.9296	0.9296	0.9296	0.9453	0.9296	0.9296	0.9296	0.9296	0.9296	0.9296	0.9296	0.9296	0.9296	0.9296	0.9296	0.9296	0.9296	0.9296	0.9296	0.9296	0.9296	0.9296	0.9467	0.9296	0.9296	0.9296	0.9296	0.9296	0.9296	0.9296	0.9296	0.9296	0.9467	0.9296	0.9296	0.9296	0.9296	0.9296	0.9296	0.9193	0.9296	0.9296	0.9296	0.9296	0.9193	0.9296	0.9296	0.9296	0.755	0.9625	0.9296	0.9296	0.9296	0.9296	0.9296	0.9625	0.9296	0.9296	0.9296	0.9296	0.9296	0.9426	0.9296	0.9296	0.9296	0.9296	0.9296	0.9453	0.9296	0.9453	0.9296	0.9296	0.9193	0.9296	0.9296	0.9296	0.9296	0.9296	0.9296	0.9296	0.9296	0.9296	0.9453	0.9296	0.9193	0.9296	0.9296	0.9296	0.9625	0.9296	0.9296	0.9296	0.9625	0.9296	0.9296	0.9296	0.9296	0.9296	0.9296	0.9296	0.9296	0.9296	0.9296	0.9296	0.9296	0.9296	0.9453	0.9296	0.9296	0.9296	0.9296	0.9296	0.9296	0.755	0.9296	0.9296	0.9296	0.9296	0.9296	0.9296	0.9296	0.9296	0.9296	0.9296	0.9296	0.9296	0.9296	0.9625	0.9453	0.9193	0.9296	0.9296	0.9296	0.9296	0.9296	0.9296	0.9296	0.9296	0.9296	0.9296	0.9296	0.9296	0.9296	0.9467	0.9296	0.9296	0.9296	0.9296	0.9296	0.9296	0.9296	0.9296	0.9296	0.9426	0.9296	0.9296	0.9296	0.9467	0.9296	0.9296	0.9467	0.7553	0.7553	0.7553	0.7553	0.0174	0.0174	0.0174	0.0174	0.0174	0.0174	0.0174	0.0174	0.0174	0.0174	0.0174	0.0174	0.0174	0.0174	0.0174	0.0174	0.0174	0.0346	0.0346	0.0346	0.0346	0.0346	0.0346	0.0346	0.0346	0.0346	0.0346
6	0.963	0.963	0.963	0.9462	0.963	0.963	0.963	0.963	0.963	0.963	0.963	0.963	0.963	0.963	0.963	0.963	0.963	0.963	0.963	0.963	0.963	0.963	0.963	0.963	0.963	0.3628	0.963	0.963	0.963	0.963	0.6287	0.963	0.963	0.963	0.963	0.963	0.963	0.963	0.9367	0.963	0.3628	0.963	0.963	0.963	0.9462	0.963	0.963	0.963	0.963	0.963	0.963	0.963	0.963	0.963	0.963	0.963	0.963	0.963	0.963	0.963	0.963	0.963	0.9589	0.9322	0.963	0.963	0.963	0.9367	0.963	0.963	0.9589	0.963	0.963	0.963	0.9462	0.963	0.963	0.963	0.963	0.963	0.963	0.9367	0.963	0.963	0.963	0.963	0.963	0.963	0.6287	0.963	0.963	0.963	0.963	0.963	0.963	0.963	0.963	0.9462	0.9322	0.963	0.963	0.963	0.963	0.9589	0.6287	0.9589	0.963	0.963	0.963	0.963	0.963	0.9047	0.963	0.963	0.963	0.963	0.963	0.963	0.963	0.963	0.963	0.963	0.963	0.963	0.963	0.963	0.963	0.963	0.963	0.963	0.9462	0.963	0.963	0.963	0.963	0.963	0.963	0.963	0.963	0.963	0.9462	0.963	0.963	0.963	0.963	0.963	0.963	0.9589	0.963	0.963	0.963	0.963	0.9589	0.963	0.963	0.963	0.6287	0.9367	0.963	0.963	0.963	0.963	0.963	0.9367	0.963	0.963	0.963	0.963	0.963	0.9322	0.963	0.963	0.963	0.963	0.963	0.9047	0.963	0.9047	0.963	0.963	0.9589	0.963	0.963	0.963	0.963	0.963	0.963	0.963	0.963	0.963	0.9047	0.963	0.9589	0.963	0.963	0.963	0.9367	0.963	0.963	0.963	0.9367	0.963	0.963	0.963	0.963	0.963	0.963	0.963	0.963	0.963	0.963	0.963	0.963	0.963	0.9047	0.963	0.963	0.963	0.963	0.963	0.963	0.6287	0.963	0.963	0.963	0.963	0.963	0.963	0.963	0.963	0.963	0.963	0.963	0.963	0.963	0.9367	0.9047	0.9589	0.963	0.963	0.963	0.963	0.963	0.963	0.963	0.963	0.963	0.963	0.963	0.963	0.963	0.9462	0.963	0.963	0.963	0.963	0.963	0.963	0.963	0.963	0.963	0.9322	0.963	0.963	0.963	0.9462	0.963	0.963	0.9462	0.6325	0.6325	0.6325	0.6325	0.0201	0.0201	0.0201	0.0201	0.0201	0.0201	0.0201	0.0201	0.0201	0.0201	0.0201	0.0201	0.0201	0.0201	0.0201	0.0201	0.0201	0.0161	0.0161	0.0161	0.0161	0.0161	0.0161	0.0161	0.0161	0.0161	0.0161
7	0.0009	0.0009	0.0009	0.0047	0.0009	0.0009	0.0009	0.0009	0.0009	0.0009	0.0009	0.0009	0.0009	0.0009	0.0009	0.0009	0.0009	0.0009	0.0009	0.0009	0.0009	0.0009	0.0009	0.0009	0.0009	0.0002	0.0009	0.0009	0.0009	0.0009	0.0048	0.0009	0.0009	0.0009	0.0009	0.0009	0.0009	0.0009	0.0115	0.0009	0.0002	0.0009	0.0009	0.0009	0.0047	0.0009	0.0009	0.0009	0.0009	0.0009	0.0009	0.0009	0.0009	0.0009	0.0009	0.0009	0.0009	0.0009	0.0009	0.0009	0.0009	0.0009	0.0091	0.0178	0.0009	0.0009	0.0009	0.0115	0.0009	0.0009	0.0091	0.0009	0.0009	0.0009	0.0047	0.0009	0.0009	0.0009	0.0009	0.0009	0.0009	0.0115	0.0009	0.0009	0.0009	0.0009	0.0009	0.0009	0.0048	0.0009	0.0009	0.0009	0.0009	0.0009	0.0009	0.0009	0.0009	0.0047	0.0178	0.0009	0.0009	0.0009	0.0009	0.0091	0.0048	0.0091	0.0009	0.0009	0.0009	0.0009	0.0009	0.0074	0.0009	0.0009	0.0009	0.0009	0.0009	0.0009	0.0009	0.0009	0.0009	0.0009	0.0009	0.0009	0.0009	0.0009	0.0009	0.0009	0.0009	0.0009	0.0047	0.0009	0.0009	0.0009	0.0009	0.0009	0.0009	0.0009	0.0009	0.0009	0.0047	0.0009	0.0009	0.0009	0.0009	0.0009	0.0009	0.0091	0.0009	0.0009	0.0009	0.0009	0.0091	0.0009	0.0009	0.0009	0.0048	0.0115	0.0009	0.0009	0.0009	0.0009	0.0009	0.0115	0.0009	0.0009	0.0009	0.0009	0.0009	0.0178	0.0009	0.0009	0.0009	0.0009	0.0009	0.0074	0.0009	0.0074	0.0009	0.0009	0.0091	0.0009	0.0009	0.0009	0.0009	0.0009	0.0009	0.0009	0.0009	0.0009	0.0074	0.0009	0.0091	0.0009	0.0009	0.0009	0.0115	0.0009	0.0009	0.0009	0.0115	0.0009	0.0009	0.0009	0.0009	0.0009	0.0009	0.0009	0.0009	0.0009	0.0009	0.0009	0.0009	0.0009	0.0074	0.0009	0.0009	0.0009	0.0009	0.0009	0.0009	0.0048	0.0009	0.0009	0.0009	0.0009	0.0009	0.0009	0.0009	0.0009	0.0009	0.0009	0.0009	0.0009	0.0009	0.0115	0.0074	0.0091	0.0009	0.0009	0.0009	0.0009	0.0009	0.0009	0.0009	0.0009	0.0009	0.0009	0.0009	0.0009	0.0009	0.0047	0.0009	0.0009	0.0009	0.0009	0.0009	0.0009	0.0009	0.0009	0.0009	0.0178	0.0009	0.0009	0.0009	0.0047	0.0009	0.0009	0.0047	0.1066	0.1066	0.1066	0.1066	0.9723	0.9723	0.9723	0.9723	0.9723	0.9723	0.9723	0.9723	0.9723	0.9723	0.9723	0.9723	0.9723	0.9723	0.9723	0.9723	0.9723	0.6123	0.6123	0.6123	0.6123	0.6123	0.6123	0.6123	0.6123	0.6123	0.6123
8	0.01	0.01	0.01	0.011	0.01	0.01	0.01	0.01	0.01	0.01	0.01	0.01	0.01	0.01	0.01	0.01	0.01	0.01	0.01	0.01	0.01	0.01	0.01	0.01	0.01	0.0932	0.01	0.01	0.01	0.01	0.0653	0.01	0.01	0.01	0.01	0.01	0.01	0.01	0.0248	0.01	0.0932	0.01	0.01	0.01	0.011	0.01	0.01	0.01	0.01	0.01	0.01	0.01	0.01	0.01	0.01	0.01	0.01	0.01	0.01	0.01	0.01	0.01	0.0095	0.0213	0.01	0.01	0.01	0.0248	0.01	0.01	0.0095	0.01	0.01	0.01	0.011	0.01	0.01	0.01	0.01	0.01	0.01	0.0248	0.01	0.01	0.01	0.01	0.01	0.01	0.0653	0.01	0.01	0.01	0.01	0.01	0.01	0.01	0.01	0.011	0.0213	0.01	0.01	0.01	0.01	0.0095	0.0653	0.0095	0.01	0.01	0.01	0.01	0.01	0.0411	0.01	0.01	0.01	0.01	0.01	0.01	0.01	0.01	0.01	0.01	0.01	0.01	0.01	0.01	0.01	0.01	0.01	0.01	0.011	0.01	0.01	0.01	0.01	0.01	0.01	0.01	0.01	0.01	0.011	0.01	0.01	0.01	0.01	0.01	0.01	0.0095	0.01	0.01	0.01	0.01	0.0095	0.01	0.01	0.01	0.0653	0.0248	0.01	0.01	0.01	0.01	0.01	0.0248	0.01	0.01	0.01	0.01	0.01	0.0213	0.01	0.01	0.01	0.01	0.01	0.0411	0.01	0.0411	0.01	0.01	0.0095	0.01	0.01	0.01	0.01	0.01	0.01	0.01	0.01	0.01	0.0411	0.01	0.0095	0.01	0.01	0.01	0.0248	0.01	0.01	0.01	0.0248	0.01	0.01	0.01	0.01	0.01	0.01	0.01	0.01	0.01	0.01	0.01	0.01	0.01	0.0411	0.01	0.01	0.01	0.01	0.01	0.01	0.0653	0.01	0.01	0.01	0.01	0.01	0.01	0.01	0.01	0.01	0.01	0.01	0.01	0.01	0.0248	0.0411	0.0095	0.01	0.01	0.01	0.01	0.01	0.01	0.01	0.01	0.01	0.01	0.01	0.01	0.01	0.011	0.01	0.01	0.01	0.01	0.01	0.01	0.01	0.01	0.01	0.0213	0.01	0.01	0.01	0.011	0.01	0.01	0.011	0.3367	0.3367	0.3367	0.3367	0.9578	0.9578	0.9578	0.9578	0.9578	0.9578	0.9578	0.9578	0.9578	0.9578	0.9578	0.9578	0.9578	0.9578	0.9578	0.9578	0.9578	0.9301	0.9301	0.9301	0.9301	0.9301	0.9301	0.9301	0.9301	0.9301	0.9301
9	0.0147	0.0147	0.0147	0.0194	0.0147	0.0147	0.0147	0.0147	0.0147	0.0147	0.0147	0.0147	0.0147	0.0147	0.0147	0.0147	0.0147	0.0147	0.0147	0.0147	0.0147	0.0147	0.0147	0.0147	0.0147	0.1634	0.0147	0.0147	0.0147	0.0147	0.0047	0.0147	0.0147	0.0147	0.0147	0.0147	0.0147	0.0147	0.0153	0.0147	0.1634	0.0147	0.0147	0.0147	0.0194	0.0147	0.0147	0.0147	0.0147	0.0147	0.0147	0.0147	0.0147	0.0147	0.0147	0.0147	0.0147	0.0147	0.0147	0.0147	0.0147	0.0147	0.0242	0.0298	0.0147	0.0147	0.0147	0.0153	0.0147	0.0147	0.0242	0.0147	0.0147	0.0147	0.0194	0.0147	0.0147	0.0147	0.0147	0.0147	0.0147	0.0153	0.0147	0.0147	0.0147	0.0147	0.0147	0.0147	0.0047	0.0147	0.0147	0.0147	0.0147	0.0147	0.0147	0.0147	0.0147	0.0194	0.0298	0.0147	0.0147	0.0147	0.0147	0.0242	0.0047	0.0242	0.0147	0.0147	0.0147	0.0147	0.0147	0.0201	0.0147	0.0147	0.0147	0.0147	0.0147	0.0147	0.0147	0.0147	0.0147	0.0147	0.0147	0.0147	0.0147	0.0147	0.0147	0.0147	0.0147	0.0147	0.0194	0.0147	0.0147	0.0147	0.0147	0.0147	0.0147	0.0147	0.0147	0.0147	0.0194	0.0147	0.0147	0.0147	0.0147	0.0147	0.0147	0.0242	0.0147	0.0147	0.0147	0.0147	0.0242	0.0147	0.0147	0.0147	0.0047	0.0153	0.0147	0.0147	0.0147	0.0147	0.0147	0.0153	0.0147	0.0147	0.0147	0.0147	0.0147	0.0298	0.0147	0.0147	0.0147	0.0147	0.0147	0.0201	0.0147	0.0201	0.0147	0.0147	0.0242	0.0147	0.0147	0.0147	0.0147	0.0147	0.0147	0.0147	0.0147	0.0147	0.0201	0.0147	0.0242	0.0147	0.0147	0.0147	0.0153	0.0147	0.0147	0.0147	0.0153	0.0147	0.0147	0.0147	0.0147	0.0147	0.0147	0.0147	0.0147	0.0147	0.0147	0.0147	0.0147	0.0147	0.0201	0.0147	0.0147	0.0147	0.0147	0.0147	0.0147	0.0047	0.0147	0.0147	0.0147	0.0147	0.0147	0.0147	0.0147	0.0147	0.0147	0.0147	0.0147	0.0147	0.0147	0.0153	0.0201	0.0242	0.0147	0.0147	0.0147	0.0147	0.0147	0.0147	0.0147	0.0147	0.0147	0.0147	0.0147	0.0147	0.0147	0.0194	0.0147	0.0147	0.0147	0.0147	0.0147	0.0147	0.0147	0.0147	0.0147	0.0298	0.0147	0.0147	0.0147	0.0194	0.0147	0.0147	0.0194	0.0728	0.0728	0.0728	0.0728	0.8273	0.8273	0.8273	0.8273	0.8273	0.8273	0.8273	0.8273	0.8273	0.8273	0.8273	0.8273	0.8273	0.8273	0.8273	0.8273	0.8273	0.7101	0.7101	0.7101	0.7101	0.7101	0.7101	0.7101	0.7101	0.7101	0.7101
10	0.0002	0.0002	0.0002	0.003	0.0002	0.0002	0.0002	0.0002	0.0002	0.0002	0.0002	0.0002	0.0002	0.0002	0.0002	0.0002	0.0002	0.0002	0.0002	0.0002	0.0002	0.0002	0.0002	0.0002	0.0002	0.0	0.0002	0.0002	0.0002	0.0002	0.0254	0.0002	0.0002	0.0002	0.0002	0.0002	0.0002	0.0002	0.0036	0.0002	0.0	0.0002	0.0002	0.0002	0.003	0.0002	0.0002	0.0002	0.0002	0.0002	0.0002	0.0002	0.0002	0.0002	0.0002	0.0002	0.0002	0.0002	0.0002	0.0002	0.0002	0.0002	0.0034	0.0045	0.0002	0.0002	0.0002	0.0036	0.0002	0.0002	0.0034	0.0002	0.0002	0.0002	0.003	0.0002	0.0002	0.0002	0.0002	0.0002	0.0002	0.0036	0.0002	0.0002	0.0002	0.0002	0.0002	0.0002	0.0254	0.0002	0.0002	0.0002	0.0002	0.0002	0.0002	0.0002	0.0002	0.003	0.0045	0.0002	0.0002	0.0002	0.0002	0.0034	0.0254	0.0034	0.0002	0.0002	0.0002	0.0002	0.0002	0.0077	0.0002	0.0002	0.0002	0.0002	0.0002	0.0002	0.0002	0.0002	0.0002	0.0002	0.0002	0.0002	0.0002	0.0002	0.0002	0.0002	0.0002	0.0002	0.003	0.0002	0.0002	0.0002	0.0002	0.0002	0.0002	0.0002	0.0002	0.0002	0.003	0.0002	0.0002	0.0002	0.0002	0.0002	0.0002	0.0034	0.0002	0.0002	0.0002	0.0002	0.0034	0.0002	0.0002	0.0002	0.0254	0.0036	0.0002	0.0002	0.0002	0.0002	0.0002	0.0036	0.0002	0.0002	0.0002	0.0002	0.0002	0.0045	0.0002	0.0002	0.0002	0.0002	0.0002	0.0077	0.0002	0.0077	0.0002	0.0002	0.0034	0.0002	0.0002	0.0002	0.0002	0.0002	0.0002	0.0002	0.0002	0.0002	0.0077	0.0002	0.0034	0.0002	0.0002	0.0002	0.0036	0.0002	0.0002	0.0002	0.0036	0.0002	0.0002	0.0002	0.0002	0.0002	0.0002	0.0002	0.0002	0.0002	0.0002	0.0002	0.0002	0.0002	0.0077	0.0002	0.0002	0.0002	0.0002	0.0002	0.0002	0.0254	0.0002	0.0002	0.0002	0.0002	0.0002	0.0002	0.0002	0.0002	0.0002	0.0002	0.0002	0.0002	0.0002	0.0036	0.0077	0.0034	0.0002	0.0002	0.0002	0.0002	0.0002	0.0002	0.0002	0.0002	0.0002	0.0002	0.0002	0.0002	0.0002	0.003	0.0002	0.0002	0.0002	0.0002	0.0002	0.0002	0.0002	0.0002	0.0002	0.0045	0.0002	0.0002	0.0002	0.003	0.0002	0.0002	0.003	0.0655	0.0655	0.0655	0.0655	0.829	0.829	0.829	0.829	0.829	0.829	0.829	0.829	0.829	0.829	0.829	0.829	0.829	0.829	0.829	0.829	0.829	0.9301	0.9301	0.9301	0.9301	0.9301	0.9301	0.9301	0.9301	0.9301	0.9301
11	0.0063	0.0063	0.0063	0.0137	0.0063	0.0063	0.0063	0.0063	0.0063	0.0063	0.0063	0.0063	0.0063	0.0063	0.0063	0.0063	0.0063	0.0063	0.0063	0.0063	0.0063	0.0063	0.0063	0.0063	0.0063	0.0059	0.0063	0.0063	0.0063	0.0063	0.0	0.0063	0.0063	0.0063	0.0063	0.0063	0.0063	0.0063	0.0109	0.0063	0.0059	0.0063	0.0063	0.0063	0.0137	0.0063	0.0063	0.0063	0.0063	0.0063	0.0063	0.0063	0.0063	0.0063	0.0063	0.0063	0.0063	0.0063	0.0063	0.0063	0.0063	0.0063	0.017	0.0117	0.0063	0.0063	0.0063	0.0109	0.0063	0.0063	0.017	0.0063	0.0063	0.0063	0.0137	0.0063	0.0063	0.0063	0.0063	0.0063	0.0063	0.0109	0.0063	0.0063	0.0063	0.0063	0.0063	0.0063	0.0	0.0063	0.0063	0.0063	0.0063	0.0063	0.0063	0.0063	0.0063	0.0137	0.0117	0.0063	0.0063	0.0063	0.0063	0.017	0.0	0.017	0.0063	0.0063	0.0063	0.0063	0.0063	0.0121	0.0063	0.0063	0.0063	0.0063	0.0063	0.0063	0.0063	0.0063	0.0063	0.0063	0.0063	0.0063	0.0063	0.0063	0.0063	0.0063	0.0063	0.0063	0.0137	0.0063	0.0063	0.0063	0.0063	0.0063	0.0063	0.0063	0.0063	0.0063	0.0137	0.0063	0.0063	0.0063	0.0063	0.0063	0.0063	0.017	0.0063	0.0063	0.0063	0.0063	0.017	0.0063	0.0063	0.0063	0.0	0.0109	0.0063	0.0063	0.0063	0.0063	0.0063	0.0109	0.0063	0.0063	0.0063	0.0063	0.0063	0.0117	0.0063	0.0063	0.0063	0.0063	0.0063	0.0121	0.0063	0.0121	0.0063	0.0063	0.017	0.0063	0.0063	0.0063	0.0063	0.0063	0.0063	0.0063	0.0063	0.0063	0.0121	0.0063	0.017	0.0063	0.0063	0.0063	0.0109	0.0063	0.0063	0.0063	0.0109	0.0063	0.0063	0.0063	0.0063	0.0063	0.0063	0.0063	0.0063	0.0063	0.0063	0.0063	0.0063	0.0063	0.0121	0.0063	0.0063	0.0063	0.0063	0.0063	0.0063	0.0	0.0063	0.0063	0.0063	0.0063	0.0063	0.0063	0.0063	0.0063	0.0063	0.0063	0.0063	0.0063	0.0063	0.0109	0.0121	0.017	0.0063	0.0063	0.0063	0.0063	0.0063	0.0063	0.0063	0.0063	0.0063	0.0063	0.0063	0.0063	0.0063	0.0137	0.0063	0.0063	0.0063	0.0063	0.0063	0.0063	0.0063	0.0063	0.0063	0.0117	0.0063	0.0063	0.0063	0.0137	0.0063	0.0063	0.0137	0.0875	0.0875	0.0875	0.0875	0.9845	0.9845	0.9845	0.9845	0.9845	0.9845	0.9845	0.9845	0.9845	0.9845	0.9845	0.9845	0.9845	0.9845	0.9845	0.9845	0.9845	0.92	0.92	0.92	0.92	0.92	0.92	0.92	0.92	0.92	0.92
12	0.0151	0.0151	0.0151	0.0104	0.0151	0.0151	0.0151	0.0151	0.0151	0.0151	0.0151	0.0151	0.0151	0.0151	0.0151	0.0151	0.0151	0.0151	0.0151	0.0151	0.0151	0.0151	0.0151	0.0151	0.0151	0.2048	0.0151	0.0151	0.0151	0.0151	0.0071	0.0151	0.0151	0.0151	0.0151	0.0151	0.0151	0.0151	0.0076	0.0151	0.2048	0.0151	0.0151	0.0151	0.0104	0.0151	0.0151	0.0151	0.0151	0.0151	0.0151	0.0151	0.0151	0.0151	0.0151	0.0151	0.0151	0.0151	0.0151	0.0151	0.0151	0.0151	0.0158	0.0178	0.0151	0.0151	0.0151	0.0076	0.0151	0.0151	0.0158	0.0151	0.0151	0.0151	0.0104	0.0151	0.0151	0.0151	0.0151	0.0151	0.0151	0.0076	0.0151	0.0151	0.0151	0.0151	0.0151	0.0151	0.0071	0.0151	0.0151	0.0151	0.0151	0.0151	0.0151	0.0151	0.0151	0.0104	0.0178	0.0151	0.0151	0.0151	0.0151	0.0158	0.0071	0.0158	0.0151	0.0151	0.0151	0.0151	0.0151	0.0134	0.0151	0.0151	0.0151	0.0151	0.0151	0.0151	0.0151	0.0151	0.0151	0.0151	0.0151	0.0151	0.0151	0.0151	0.0151	0.0151	0.0151	0.0151	0.0104	0.0151	0.0151	0.0151	0.0151	0.0151	0.0151	0.0151	0.0151	0.0151	0.0104	0.0151	0.0151	0.0151	0.0151	0.0151	0.0151	0.0158	0.0151	0.0151	0.0151	0.0151	0.0158	0.0151	0.0151	0.0151	0.0071	0.0076	0.0151	0.0151	0.0151	0.0151	0.0151	0.0076	0.0151	0.0151	0.0151	0.0151	0.0151	0.0178	0.0151	0.0151	0.0151	0.0151	0.0151	0.0134	0.0151	0.0134	0.0151	0.0151	0.0158	0.0151	0.0151	0.0151	0.0151	0.0151	0.0151	0.0151	0.0151	0.0151	0.0134	0.0151	0.0158	0.0151	0.0151	0.0151	0.0076	0.0151	0.0151	0.0151	0.0076	0.0151	0.0151	0.0151	0.0151	0.0151	0.0151	0.0151	0.0151	0.0151	0.0151	0.0151	0.0151	0.0151	0.0134	0.0151	0.0151	0.0151	0.0151	0.0151	0.0151	0.0071	0.0151	0.0151	0.0151	0.0151	0.0151	0.0151	0.0151	0.0151	0.0151	0.0151	0.0151	0.0151	0.0151	0.0076	0.0134	0.0158	0.0151	0.0151	0.0151	0.0151	0.0151	0.0151	0.0151	0.0151	0.0151	0.0151	0.0151	0.0151	0.0151	0.0104	0.0151	0.0151	0.0151	0.0151	0.0151	0.0151	0.0151	0.0151	0.0151	0.0178	0.0151	0.0151	0.0151	0.0104	0.0151	0.0151	0.0104	0.0412	0.0412	0.0412	0.0412	0.8967	0.8967	0.8967	0.8967	0.8967	0.8967	0.8967	0.8967	0.8967	0.8967	0.8967	0.8967	0.8967	0.8967	0.8967	0.8967	0.8967	0.9567	0.9567	0.9567	0.9567	0.9567	0.9567	0.9567	0.9567	0.9567	0.9567
13	0.0022	0.0022	0.0022	0.0012	0.0022	0.0022	0.0022	0.0022	0.0022	0.0022	0.0022	0.0022	0.0022	0.0022	0.0022	0.0022	0.0022	0.0022	0.0022	0.0022	0.0022	0.0022	0.0022	0.0022	0.0022	0.1457	0.0022	0.0022	0.0022	0.0022	0.0815	0.0022	0.0022	0.0022	0.0022	0.0022	0.0022	0.0022	0.0045	0.0022	0.1457	0.0022	0.0022	0.0022	0.0012	0.0022	0.0022	0.0022	0.0022	0.0022	0.0022	0.0022	0.0022	0.0022	0.0022	0.0022	0.0022	0.0022	0.0022	0.0022	0.0022	0.0022	0.003	0.004	0.0022	0.0022	0.0022	0.0045	0.0022	0.0022	0.003	0.0022	0.0022	0.0022	0.0012	0.0022	0.0022	0.0022	0.0022	0.0022	0.0022	0.0045	0.0022	0.0022	0.0022	0.0022	0.0022	0.0022	0.0815	0.0022	0.0022	0.0022	0.0022	0.0022	0.0022	0.0022	0.0022	0.0012	0.004	0.0022	0.0022	0.0022	0.0022	0.003	0.0815	0.003	0.0022	0.0022	0.0022	0.0022	0.0022	0.0023	0.0022	0.0022	0.0022	0.0022	0.0022	0.0022	0.0022	0.0022	0.0022	0.0022	0.0022	0.0022	0.0022	0.0022	0.0022	0.0022	0.0022	0.0022	0.0012	0.0022	0.0022	0.0022	0.0022	0.0022	0.0022	0.0022	0.0022	0.0022	0.0012	0.0022	0.0022	0.0022	0.0022	0.0022	0.0022	0.003	0.0022	0.0022	0.0022	0.0022	0.003	0.0022	0.0022	0.0022	0.0815	0.0045	0.0022	0.0022	0.0022	0.0022	0.0022	0.0045	0.0022	0.0022	0.0022	0.0022	0.0022	0.004	0.0022	0.0022	0.0022	0.0022	0.0022	0.0023	0.0022	0.0023	0.0022	0.0022	0.003	0.0022	0.0022	0.0022	0.0022	0.0022	0.0022	0.0022	0.0022	0.0022	0.0023	0.0022	0.003	0.0022	0.0022	0.0022	0.0045	0.0022	0.0022	0.0022	0.0045	0.0022	0.0022	0.0022	0.0022	0.0022	0.0022	0.0022	0.0022	0.0022	0.0022	0.0022	0.0022	0.0022	0.0023	0.0022	0.0022	0.0022	0.0022	0.0022	0.0022	0.0815	0.0022	0.0022	0.0022	0.0022	0.0022	0.0022	0.0022	0.0022	0.0022	0.0022	0.0022	0.0022	0.0022	0.0045	0.0023	0.003	0.0022	0.0022	0.0022	0.0022	0.0022	0.0022	0.0022	0.0022	0.0022	0.0022	0.0022	0.0022	0.0022	0.0012	0.0022	0.0022	0.0022	0.0022	0.0022	0.0022	0.0022	0.0022	0.0022	0.004	0.0022	0.0022	0.0022	0.0012	0.0022	0.0022	0.0012	0.0839	0.0839	0.0839	0.0839	0.9762	0.9762	0.9762	0.9762	0.9762	0.9762	0.9762	0.9762	0.9762	0.9762	0.9762	0.9762	0.9762	0.9762	0.9762	0.9762	0.9762	0.9729	0.9729	0.9729	0.9729	0.9729	0.9729	0.9729	0.9729	0.9729	0.9729
14	0.0233	0.0233	0.0233	0.0262	0.0233	0.0233	0.0233	0.0233	0.0233	0.0233	0.0233	0.0233	0.0233	0.0233	0.0233	0.0233	0.0233	0.0233	0.0233	0.0233	0.0233	0.0233	0.0233	0.0233	0.0233	0.0	0.0233	0.0233	0.0233	0.0233	0.0371	0.0233	0.0233	0.0233	0.0233	0.0233	0.0233	0.0233	0.0288	0.0233	0.0	0.0233	0.0233	0.0233	0.0262	0.0233	0.0233	0.0233	0.0233	0.0233	0.0233	0.0233	0.0233	0.0233	0.0233	0.0233	0.0233	0.0233	0.0233	0.0233	0.0233	0.0233	0.0292	0.0348	0.0233	0.0233	0.0233	0.0288	0.0233	0.0233	0.0292	0.0233	0.0233	0.0233	0.0262	0.0233	0.0233	0.0233	0.0233	0.0233	0.0233	0.0288	0.0233	0.0233	0.0233	0.0233	0.0233	0.0233	0.0371	0.0233	0.0233	0.0233	0.0233	0.0233	0.0233	0.0233	0.0233	0.0262	0.0348	0.0233	0.0233	0.0233	0.0233	0.0292	0.0371	0.0292	0.0233	0.0233	0.0233	0.0233	0.0233	0.0311	0.0233	0.0233	0.0233	0.0233	0.0233	0.0233	0.0233	0.0233	0.0233	0.0233	0.0233	0.0233	0.0233	0.0233	0.0233	0.0233	0.0233	0.0233	0.0262	0.0233	0.0233	0.0233	0.0233	0.0233	0.0233	0.0233	0.0233	0.0233	0.0262	0.0233	0.0233	0.0233	0.0233	0.0233	0.0233	0.0292	0.0233	0.0233	0.0233	0.0233	0.0292	0.0233	0.0233	0.0233	0.0371	0.0288	0.0233	0.0233	0.0233	0.0233	0.0233	0.0288	0.0233	0.0233	0.0233	0.0233	0.0233	0.0348	0.0233	0.0233	0.0233	0.0233	0.0233	0.0311	0.0233	0.0311	0.0233	0.0233	0.0292	0.0233	0.0233	0.0233	0.0233	0.0233	0.0233	0.0233	0.0233	0.0233	0.0311	0.0233	0.0292	0.0233	0.0233	0.0233	0.0288	0.0233	0.0233	0.0233	0.0288	0.0233	0.0233	0.0233	0.0233	0.0233	0.0233	0.0233	0.0233	0.0233	0.0233	0.0233	0.0233	0.0233	0.0311	0.0233	0.0233	0.0233	0.0233	0.0233	0.0233	0.0371	0.0233	0.0233	0.0233	0.0233	0.0233	0.0233	0.0233	0.0233	0.0233	0.0233	0.0233	0.0233	0.0233	0.0288	0.0311	0.0292	0.0233	0.0233	0.0233	0.0233	0.0233	0.0233	0.0233	0.0233	0.0233	0.0233	0.0233	0.0233	0.0233	0.0262	0.0233	0.0233	0.0233	0.0233	0.0233	0.0233	0.0233	0.0233	0.0233	0.0348	0.0233	0.0233	0.0233	0.0262	0.0233	0.0233	0.0262	0.3367	0.3367	0.3367	0.3367	0.9452	0.9452	0.9452	0.9452	0.9452	0.9452	0.9452	0.9452	0.9452	0.9452	0.9452	0.9452	0.9452	0.9452	0.9452	0.9452	0.9452	0.9155	0.9155	0.9155	0.9155	0.9155	0.9155	0.9155	0.9155	0.9155	0.9155
15	0.0117	0.0117	0.0117	0.0103	0.0117	0.0117	0.0117	0.0117	0.0117	0.0117	0.0117	0.0117	0.0117	0.0117	0.0117	0.0117	0.0117	0.0117	0.0117	0.0117	0.0117	0.0117	0.0117	0.0117	0.0117	0.0007	0.0117	0.0117	0.0117	0.0117	0.1403	0.0117	0.0117	0.0117	0.0117	0.0117	0.0117	0.0117	0.0198	0.0117	0.0007	0.0117	0.0117	0.0117	0.0103	0.0117	0.0117	0.0117	0.0117	0.0117	0.0117	0.0117	0.0117	0.0117	0.0117	0.0117	0.0117	0.0117	0.0117	0.0117	0.0117	0.0117	0.0139	0.012	0.0117	0.0117	0.0117	0.0198	0.0117	0.0117	0.0139	0.0117	0.0117	0.0117	0.0103	0.0117	0.0117	0.0117	0.0117	0.0117	0.0117	0.0198	0.0117	0.0117	0.0117	0.0117	0.0117	0.0117	0.1403	0.0117	0.0117	0.0117	0.0117	0.0117	0.0117	0.0117	0.0117	0.0103	0.012	0.0117	0.0117	0.0117	0.0117	0.0139	0.1403	0.0139	0.0117	0.0117	0.0117	0.0117	0.0117	0.0393	0.0117	0.0117	0.0117	0.0117	0.0117	0.0117	0.0117	0.0117	0.0117	0.0117	0.0117	0.0117	0.0117	0.0117	0.0117	0.0117	0.0117	0.0117	0.0103	0.0117	0.0117	0.0117	0.0117	0.0117	0.0117	0.0117	0.0117	0.0117	0.0103	0.0117	0.0117	0.0117	0.0117	0.0117	0.0117	0.0139	0.0117	0.0117	0.0117	0.0117	0.0139	0.0117	0.0117	0.0117	0.1403	0.0198	0.0117	0.0117	0.0117	0.0117	0.0117	0.0198	0.0117	0.0117	0.0117	0.0117	0.0117	0.012	0.0117	0.0117	0.0117	0.0117	0.0117	0.0393	0.0117	0.0393	0.0117	0.0117	0.0139	0.0117	0.0117	0.0117	0.0117	0.0117	0.0117	0.0117	0.0117	0.0117	0.0393	0.0117	0.0139	0.0117	0.0117	0.0117	0.0198	0.0117	0.0117	0.0117	0.0198	0.0117	0.0117	0.0117	0.0117	0.0117	0.0117	0.0117	0.0117	0.0117	0.0117	0.0117	0.0117	0.0117	0.0393	0.0117	0.0117	0.0117	0.0117	0.0117	0.0117	0.1403	0.0117	0.0117	0.0117	0.0117	0.0117	0.0117	0.0117	0.0117	0.0117	0.0117	0.0117	0.0117	0.0117	0.0198	0.0393	0.0139	0.0117	0.0117	0.0117	0.0117	0.0117	0.0117	0.0117	0.0117	0.0117	0.0117	0.0117	0.0117	0.0117	0.0103	0.0117	0.0117	0.0117	0.0117	0.0117	0.0117	0.0117	0.0117	0.0117	0.012	0.0117	0.0117	0.0117	0.0103	0.0117	0.0117	0.0103	0.9195	0.9195	0.9195	0.9195	0.0234	0.0234	0.0234	0.0234	0.0234	0.0234	0.0234	0.0234	0.0234	0.0234	0.0234	0.0234	0.0234	0.0234	0.0234	0.0234	0.0234	0.0522	0.0522	0.0522	0.0522	0.0522	0.0522	0.0522	0.0522	0.0522	0.0522
16	0.018	0.018	0.018	0.0145	0.018	0.018	0.018	0.018	0.018	0.018	0.018	0.018	0.018	0.018	0.018	0.018	0.018	0.018	0.018	0.018	0.018	0.018	0.018	0.018	0.018	0.0	0.018	0.018	0.018	0.018	0.0	0.018	0.018	0.018	0.018	0.018	0.018	0.018	0.0186	0.018	0.0	0.018	0.018	0.018	0.0145	0.018	0.018	0.018	0.018	0.018	0.018	0.018	0.018	0.018	0.018	0.018	0.018	0.018	0.018	0.018	0.018	0.018	0.0195	0.0265	0.018	0.018	0.018	0.0186	0.018	0.018	0.0195	0.018	0.018	0.018	0.0145	0.018	0.018	0.018	0.018	0.018	0.018	0.0186	0.018	0.018	0.018	0.018	0.018	0.018	0.0	0.018	0.018	0.018	0.018	0.018	0.018	0.018	0.018	0.0145	0.0265	0.018	0.018	0.018	0.018	0.0195	0.0	0.0195	0.018	0.018	0.018	0.018	0.018	0.0158	0.018	0.018	0.018	0.018	0.018	0.018	0.018	0.018	0.018	0.018	0.018	0.018	0.018	0.018	0.018	0.018	0.018	0.018	0.0145	0.018	0.018	0.018	0.018	0.018	0.018	0.018	0.018	0.018	0.0145	0.018	0.018	0.018	0.018	0.018	0.018	0.0195	0.018	0.018	0.018	0.018	0.0195	0.018	0.018	0.018	0.0	0.0186	0.018	0.018	0.018	0.018	0.018	0.0186	0.018	0.018	0.018	0.018	0.018	0.0265	0.018	0.018	0.018	0.018	0.018	0.0158	0.018	0.0158	0.018	0.018	0.0195	0.018	0.018	0.018	0.018	0.018	0.018	0.018	0.018	0.018	0.0158	0.018	0.0195	0.018	0.018	0.018	0.0186	0.018	0.018	0.018	0.0186	0.018	0.018	0.018	0.018	0.018	0.018	0.018	0.018	0.018	0.018	0.018	0.018	0.018	0.0158	0.018	0.018	0.018	0.018	0.018	0.018	0.0	0.018	0.018	0.018	0.018	0.018	0.018	0.018	0.018	0.018	0.018	0.018	0.018	0.018	0.0186	0.0158	0.0195	0.018	0.018	0.018	0.018	0.018	0.018	0.018	0.018	0.018	0.018	0.018	0.018	0.018	0.0145	0.018	0.018	0.018	0.018	0.018	0.018	0.018	0.018	0.018	0.0265	0.018	0.018	0.018	0.0145	0.018	0.018	0.0145	0.9014	0.9014	0.9014	0.9014	0.0193	0.0193	0.0193	0.0193	0.0193	0.0193	0.0193	0.0193	0.0193	0.0193	0.0193	0.0193	0.0193	0.0193	0.0193	0.0193	0.0193	0.064	0.064	0.064	0.064	0.064	0.064	0.064	0.064	0.064	0.064
17	0.0009	0.0009	0.0009	0.0054	0.0009	0.0009	0.0009	0.0009	0.0009	0.0009	0.0009	0.0009	0.0009	0.0009	0.0009	0.0009	0.0009	0.0009	0.0009	0.0009	0.0009	0.0009	0.0009	0.0009	0.0009	0.0027	0.0009	0.0009	0.0009	0.0009	0.0001	0.0009	0.0009	0.0009	0.0009	0.0009	0.0009	0.0009	0.0048	0.0009	0.0027	0.0009	0.0009	0.0009	0.0054	0.0009	0.0009	0.0009	0.0009	0.0009	0.0009	0.0009	0.0009	0.0009	0.0009	0.0009	0.0009	0.0009	0.0009	0.0009	0.0009	0.0009	0.007	0.0056	0.0009	0.0009	0.0009	0.0048	0.0009	0.0009	0.007	0.0009	0.0009	0.0009	0.0054	0.0009	0.0009	0.0009	0.0009	0.0009	0.0009	0.0048	0.0009	0.0009	0.0009	0.0009	0.0009	0.0009	0.0001	0.0009	0.0009	0.0009	0.0009	0.0009	0.0009	0.0009	0.0009	0.0054	0.0056	0.0009	0.0009	0.0009	0.0009	0.007	0.0001	0.007	0.0009	0.0009	0.0009	0.0009	0.0009	0.0059	0.0009	0.0009	0.0009	0.0009	0.0009	0.0009	0.0009	0.0009	0.0009	0.0009	0.0009	0.0009	0.0009	0.0009	0.0009	0.0009	0.0009	0.0009	0.0054	0.0009	0.0009	0.0009	0.0009	0.0009	0.0009	0.0009	0.0009	0.0009	0.0054	0.0009	0.0009	0.0009	0.0009	0.0009	0.0009	0.007	0.0009	0.0009	0.0009	0.0009	0.007	0.0009	0.0009	0.0009	0.0001	0.0048	0.0009	0.0009	0.0009	0.0009	0.0009	0.0048	0.0009	0.0009	0.0009	0.0009	0.0009	0.0056	0.0009	0.0009	0.0009	0.0009	0.0009	0.0059	0.0009	0.0059	0.0009	0.0009	0.007	0.0009	0.0009	0.0009	0.0009	0.0009	0.0009	0.0009	0.0009	0.0009	0.0059	0.0009	0.007	0.0009	0.0009	0.0009	0.0048	0.0009	0.0009	0.0009	0.0048	0.0009	0.0009	0.0009	0.0009	0.0009	0.0009	0.0009	0.0009	0.0009	0.0009	0.0009	0.0009	0.0009	0.0059	0.0009	0.0009	0.0009	0.0009	0.0009	0.0009	0.0001	0.0009	0.0009	0.0009	0.0009	0.0009	0.0009	0.0009	0.0009	0.0009	0.0009	0.0009	0.0009	0.0009	0.0048	0.0059	0.007	0.0009	0.0009	0.0009	0.0009	0.0009	0.0009	0.0009	0.0009	0.0009	0.0009	0.0009	0.0009	0.0009	0.0054	0.0009	0.0009	0.0009	0.0009	0.0009	0.0009	0.0009	0.0009	0.0009	0.0056	0.0009	0.0009	0.0009	0.0054	0.0009	0.0009	0.0054	0.7732	0.7732	0.7732	0.7732	0.024	0.024	0.024	0.024	0.024	0.024	0.024	0.024	0.024	0.024	0.024	0.024	0.024	0.024	0.024	0.024	0.024	0.0233	0.0233	0.0233	0.0233	0.0233	0.0233	0.0233	0.0233	0.0233	0.0233
18	0.0014	0.0014	0.0014	0.0064	0.0014	0.0014	0.0014	0.0014	0.0014	0.0014	0.0014	0.0014	0.0014	0.0014	0.0014	0.0014	0.0014	0.0014	0.0014	0.0014	0.0014	0.0014	0.0014	0.0014	0.0014	0.0034	0.0014	0.0014	0.0014	0.0014	0.0	0.0014	0.0014	0.0014	0.0014	0.0014	0.0014	0.0014	0.0134	0.0014	0.0034	0.0014	0.0014	0.0014	0.0064	0.0014	0.0014	0.0014	0.0014	0.0014	0.0014	0.0014	0.0014	0.0014	0.0014	0.0014	0.0014	0.0014	0.0014	0.0014	0.0014	0.0014	0.0093	0.0191	0.0014	0.0014	0.0014	0.0134	0.0014	0.0014	0.0093	0.0014	0.0014	0.0014	0.0064	0.0014	0.0014	0.0014	0.0014	0.0014	0.0014	0.0134	0.0014	0.0014	0.0014	0.0014	0.0014	0.0014	0.0	0.0014	0.0014	0.0014	0.0014	0.0014	0.0014	0.0014	0.0014	0.0064	0.0191	0.0014	0.0014	0.0014	0.0014	0.0093	0.0	0.0093	0.0014	0.0014	0.0014	0.0014	0.0014	0.0085	0.0014	0.0014	0.0014	0.0014	0.0014	0.0014	0.0014	0.0014	0.0014	0.0014	0.0014	0.0014	0.0014	0.0014	0.0014	0.0014	0.0014	0.0014	0.0064	0.0014	0.0014	0.0014	0.0014	0.0014	0.0014	0.0014	0.0014	0.0014	0.0064	0.0014	0.0014	0.0014	0.0014	0.0014	0.0014	0.0093	0.0014	0.0014	0.0014	0.0014	0.0093	0.0014	0.0014	0.0014	0.0	0.0134	0.0014	0.0014	0.0014	0.0014	0.0014	0.0134	0.0014	0.0014	0.0014	0.0014	0.0014	0.0191	0.0014	0.0014	0.0014	0.0014	0.0014	0.0085	0.0014	0.0085	0.0014	0.0014	0.0093	0.0014	0.0014	0.0014	0.0014	0.0014	0.0014	0.0014	0.0014	0.0014	0.0085	0.0014	0.0093	0.0014	0.0014	0.0014	0.0134	0.0014	0.0014	0.0014	0.0134	0.0014	0.0014	0.0014	0.0014	0.0014	0.0014	0.0014	0.0014	0.0014	0.0014	0.0014	0.0014	0.0014	0.0085	0.0014	0.0014	0.0014	0.0014	0.0014	0.0014	0.0	0.0014	0.0014	0.0014	0.0014	0.0014	0.0014	0.0014	0.0014	0.0014	0.0014	0.0014	0.0014	0.0014	0.0134	0.0085	0.0093	0.0014	0.0014	0.0014	0.0014	0.0014	0.0014	0.0014	0.0014	0.0014	0.0014	0.0014	0.0014	0.0014	0.0064	0.0014	0.0014	0.0014	0.0014	0.0014	0.0014	0.0014	0.0014	0.0014	0.0191	0.0014	0.0014	0.0014	0.0064	0.0014	0.0014	0.0064	0.9168	0.9168	0.9168	0.9168	0.0187	0.0187	0.0187	0.0187	0.0187	0.0187	0.0187	0.0187	0.0187	0.0187	0.0187	0.0187	0.0187	0.0187	0.0187	0.0187	0.0187	0.0379	0.0379	0.0379	0.0379	0.0379	0.0379	0.0379	0.0379	0.0379	0.0379
19	0.0018	0.0018	0.0018	0.0034	0.0018	0.0018	0.0018	0.0018	0.0018	0.0018	0.0018	0.0018	0.0018	0.0018	0.0018	0.0018	0.0018	0.0018	0.0018	0.0018	0.0018	0.0018	0.0018	0.0018	0.0018	0.0209	0.0018	0.0018	0.0018	0.0018	0.0107	0.0018	0.0018	0.0018	0.0018	0.0018	0.0018	0.0018	0.0059	0.0018	0.0209	0.0018	0.0018	0.0018	0.0034	0.0018	0.0018	0.0018	0.0018	0.0018	0.0018	0.0018	0.0018	0.0018	0.0018	0.0018	0.0018	0.0018	0.0018	0.0018	0.0018	0.0018	0.0014	0.0056	0.0018	0.0018	0.0018	0.0059	0.0018	0.0018	0.0014	0.0018	0.0018	0.0018	0.0034	0.0018	0.0018	0.0018	0.0018	0.0018	0.0018	0.0059	0.0018	0.0018	0.0018	0.0018	0.0018	0.0018	0.0107	0.0018	0.0018	0.0018	0.0018	0.0018	0.0018	0.0018	0.0018	0.0034	0.0056	0.0018	0.0018	0.0018	0.0018	0.0014	0.0107	0.0014	0.0018	0.0018	0.0018	0.0018	0.0018	0.0027	0.0018	0.0018	0.0018	0.0018	0.0018	0.0018	0.0018	0.0018	0.0018	0.0018	0.0018	0.0018	0.0018	0.0018	0.0018	0.0018	0.0018	0.0018	0.0034	0.0018	0.0018	0.0018	0.0018	0.0018	0.0018	0.0018	0.0018	0.0018	0.0034	0.0018	0.0018	0.0018	0.0018	0.0018	0.0018	0.0014	0.0018	0.0018	0.0018	0.0018	0.0014	0.0018	0.0018	0.0018	0.0107	0.0059	0.0018	0.0018	0.0018	0.0018	0.0018	0.0059	0.0018	0.0018	0.0018	0.0018	0.0018	0.0056	0.0018	0.0018	0.0018	0.0018	0.0018	0.0027	0.0018	0.0027	0.0018	0.0018	0.0014	0.0018	0.0018	0.0018	0.0018	0.0018	0.0018	0.0018	0.0018	0.0018	0.0027	0.0018	0.0014	0.0018	0.0018	0.0018	0.0059	0.0018	0.0018	0.0018	0.0059	0.0018	0.0018	0.0018	0.0018	0.0018	0.0018	0.0018	0.0018	0.0018	0.0018	0.0018	0.0018	0.0018	0.0027	0.0018	0.0018	0.0018	0.0018	0.0018	0.0018	0.0107	0.0018	0.0018	0.0018	0.0018	0.0018	0.0018	0.0018	0.0018	0.0018	0.0018	0.0018	0.0018	0.0018	0.0059	0.0027	0.0014	0.0018	0.0018	0.0018	0.0018	0.0018	0.0018	0.0018	0.0018	0.0018	0.0018	0.0018	0.0018	0.0018	0.0034	0.0018	0.0018	0.0018	0.0018	0.0018	0.0018	0.0018	0.0018	0.0018	0.0056	0.0018	0.0018	0.0018	0.0034	0.0018	0.0018	0.0034	0.962	0.962	0.962	0.962	0.0265	0.0265	0.0265	0.0265	0.0265	0.0265	0.0265	0.0265	0.0265	0.0265	0.0265	0.0265	0.0265	0.0265	0.0265	0.0265	0.0265	0.0429	0.0429	0.0429	0.0429	0.0429	0.0429	0.0429	0.0429	0.0429	0.0429
20	0.0018	0.0018	0.0018	0.0023	0.0018	0.0018	0.0018	0.0018	0.0018	0.0018	0.0018	0.0018	0.0018	0.0018	0.0018	0.0018	0.0018	0.0018	0.0018	0.0018	0.0018	0.0018	0.0018	0.0018	0.0018	0.0226	0.0018	0.0018	0.0018	0.0018	0.0	0.0018	0.0018	0.0018	0.0018	0.0018	0.0018	0.0018	0.0044	0.0018	0.0226	0.0018	0.0018	0.0018	0.0023	0.0018	0.0018	0.0018	0.0018	0.0018	0.0018	0.0018	0.0018	0.0018	0.0018	0.0018	0.0018	0.0018	0.0018	0.0018	0.0018	0.0018	0.0038	0.0081	0.0018	0.0018	0.0018	0.0044	0.0018	0.0018	0.0038	0.0018	0.0018	0.0018	0.0023	0.0018	0.0018	0.0018	0.0018	0.0018	0.0018	0.0044	0.0018	0.0018	0.0018	0.0018	0.0018	0.0018	0.0	0.0018	0.0018	0.0018	0.0018	0.0018	0.0018	0.0018	0.0018	0.0023	0.0081	0.0018	0.0018	0.0018	0.0018	0.0038	0.0	0.0038	0.0018	0.0018	0.0018	0.0018	0.0018	0.003	0.0018	0.0018	0.0018	0.0018	0.0018	0.0018	0.0018	0.0018	0.0018	0.0018	0.0018	0.0018	0.0018	0.0018	0.0018	0.0018	0.0018	0.0018	0.0023	0.0018	0.0018	0.0018	0.0018	0.0018	0.0018	0.0018	0.0018	0.0018	0.0023	0.0018	0.0018	0.0018	0.0018	0.0018	0.0018	0.0038	0.0018	0.0018	0.0018	0.0018	0.0038	0.0018	0.0018	0.0018	0.0	0.0044	0.0018	0.0018	0.0018	0.0018	0.0018	0.0044	0.0018	0.0018	0.0018	0.0018	0.0018	0.0081	0.0018	0.0018	0.0018	0.0018	0.0018	0.003	0.0018	0.003	0.0018	0.0018	0.0038	0.0018	0.0018	0.0018	0.0018	0.0018	0.0018	0.0018	0.0018	0.0018	0.003	0.0018	0.0038	0.0018	0.0018	0.0018	0.0044	0.0018	0.0018	0.0018	0.0044	0.0018	0.0018	0.0018	0.0018	0.0018	0.0018	0.0018	0.0018	0.0018	0.0018	0.0018	0.0018	0.0018	0.003	0.0018	0.0018	0.0018	0.0018	0.0018	0.0018	0.0	0.0018	0.0018	0.0018	0.0018	0.0018	0.0018	0.0018	0.0018	0.0018	0.0018	0.0018	0.0018	0.0018	0.0044	0.003	0.0038	0.0018	0.0018	0.0018	0.0018	0.0018	0.0018	0.0018	0.0018	0.0018	0.0018	0.0018	0.0018	0.0018	0.0023	0.0018	0.0018	0.0018	0.0018	0.0018	0.0018	0.0018	0.0018	0.0018	0.0081	0.0018	0.0018	0.0018	0.0023	0.0018	0.0018	0.0023	0.7896	0.7896	0.7896	0.7896	0.1117	0.1117	0.1117	0.1117	0.1117	0.1117	0.1117	0.1117	0.1117	0.1117	0.1117	0.1117	0.1117	0.1117	0.1117	0.1117	0.1117	0.0401	0.0401	0.0401	0.0401	0.0401	0.0401	0.0401	0.0401	0.0401	0.0401
21	0.0099	0.0099	0.0099	0.0117	0.0099	0.0099	0.0099	0.0099	0.0099	0.0099	0.0099	0.0099	0.0099	0.0099	0.0099	0.0099	0.0099	0.0099	0.0099	0.0099	0.0099	0.0099	0.0099	0.0099	0.0099	0.0818	0.0099	0.0099	0.0099	0.0099	0.0001	0.0099	0.0099	0.0099	0.0099	0.0099	0.0099	0.0099	0.012	0.0099	0.0818	0.0099	0.0099	0.0099	0.0117	0.0099	0.0099	0.0099	0.0099	0.0099	0.0099	0.0099	0.0099	0.0099	0.0099	0.0099	0.0099	0.0099	0.0099	0.0099	0.0099	0.0099	0.0083	0.0503	0.0099	0.0099	0.0099	0.012	0.0099	0.0099	0.0083	0.0099	0.0099	0.0099	0.0117	0.0099	0.0099	0.0099	0.0099	0.0099	0.0099	0.012	0.0099	0.0099	0.0099	0.0099	0.0099	0.0099	0.0001	0.0099	0.0099	0.0099	0.0099	0.0099	0.0099	0.0099	0.0099	0.0117	0.0503	0.0099	0.0099	0.0099	0.0099	0.0083	0.0001	0.0083	0.0099	0.0099	0.0099	0.0099	0.0099	0.0119	0.0099	0.0099	0.0099	0.0099	0.0099	0.0099	0.0099	0.0099	0.0099	0.0099	0.0099	0.0099	0.0099	0.0099	0.0099	0.0099	0.0099	0.0099	0.0117	0.0099	0.0099	0.0099	0.0099	0.0099	0.0099	0.0099	0.0099	0.0099	0.0117	0.0099	0.0099	0.0099	0.0099	0.0099	0.0099	0.0083	0.0099	0.0099	0.0099	0.0099	0.0083	0.0099	0.0099	0.0099	0.0001	0.012	0.0099	0.0099	0.0099	0.0099	0.0099	0.012	0.0099	0.0099	0.0099	0.0099	0.0099	0.0503	0.0099	0.0099	0.0099	0.0099	0.0099	0.0119	0.0099	0.0119	0.0099	0.0099	0.0083	0.0099	0.0099	0.0099	0.0099	0.0099	0.0099	0.0099	0.0099	0.0099	0.0119	0.0099	0.0083	0.0099	0.0099	0.0099	0.012	0.0099	0.0099	0.0099	0.012	0.0099	0.0099	0.0099	0.0099	0.0099	0.0099	0.0099	0.0099	0.0099	0.0099	0.0099	0.0099	0.0099	0.0119	0.0099	0.0099	0.0099	0.0099	0.0099	0.0099	0.0001	0.0099	0.0099	0.0099	0.0099	0.0099	0.0099	0.0099	0.0099	0.0099	0.0099	0.0099	0.0099	0.0099	0.012	0.0119	0.0083	0.0099	0.0099	0.0099	0.0099	0.0099	0.0099	0.0099	0.0099	0.0099	0.0099	0.0099	0.0099	0.0099	0.0117	0.0099	0.0099	0.0099	0.0099	0.0099	0.0099	0.0099	0.0099	0.0099	0.0503	0.0099	0.0099	0.0099	0.0117	0.0099	0.0099	0.0117	0.9419	0.9419	0.9419	0.9419	0.0253	0.0253	0.0253	0.0253	0.0253	0.0253	0.0253	0.0253	0.0253	0.0253	0.0253	0.0253	0.0253	0.0253	0.0253	0.0253	0.0253	0.0248	0.0248	0.0248	0.0248	0.0248	0.0248	0.0248	0.0248	0.0248	0.0248
22	0.0008	0.0008	0.0008	0.0021	0.0008	0.0008	0.0008	0.0008	0.0008	0.0008	0.0008	0.0008	0.0008	0.0008	0.0008	0.0008	0.0008	0.0008	0.0008	0.0008	0.0008	0.0008	0.0008	0.0008	0.0008	0.0117	0.0008	0.0008	0.0008	0.0008	0.0	0.0008	0.0008	0.0008	0.0008	0.0008	0.0008	0.0008	0.0046	0.0008	0.0117	0.0008	0.0008	0.0008	0.0021	0.0008	0.0008	0.0008	0.0008	0.0008	0.0008	0.0008	0.0008	0.0008	0.0008	0.0008	0.0008	0.0008	0.0008	0.0008	0.0008	0.0008	0.003	0.0033	0.0008	0.0008	0.0008	0.0046	0.0008	0.0008	0.003	0.0008	0.0008	0.0008	0.0021	0.0008	0.0008	0.0008	0.0008	0.0008	0.0008	0.0046	0.0008	0.0008	0.0008	0.0008	0.0008	0.0008	0.0	0.0008	0.0008	0.0008	0.0008	0.0008	0.0008	0.0008	0.0008	0.0021	0.0033	0.0008	0.0008	0.0008	0.0008	0.003	0.0	0.003	0.0008	0.0008	0.0008	0.0008	0.0008	0.0024	0.0008	0.0008	0.0008	0.0008	0.0008	0.0008	0.0008	0.0008	0.0008	0.0008	0.0008	0.0008	0.0008	0.0008	0.0008	0.0008	0.0008	0.0008	0.0021	0.0008	0.0008	0.0008	0.0008	0.0008	0.0008	0.0008	0.0008	0.0008	0.0021	0.0008	0.0008	0.0008	0.0008	0.0008	0.0008	0.003	0.0008	0.0008	0.0008	0.0008	0.003	0.0008	0.0008	0.0008	0.0	0.0046	0.0008	0.0008	0.0008	0.0008	0.0008	0.0046	0.0008	0.0008	0.0008	0.0008	0.0008	0.0033	0.0008	0.0008	0.0008	0.0008	0.0008	0.0024	0.0008	0.0024	0.0008	0.0008	0.003	0.0008	0.0008	0.0008	0.0008	0.0008	0.0008	0.0008	0.0008	0.0008	0.0024	0.0008	0.003	0.0008	0.0008	0.0008	0.0046	0.0008	0.0008	0.0008	0.0046	0.0008	0.0008	0.0008	0.0008	0.0008	0.0008	0.0008	0.0008	0.0008	0.0008	0.0008	0.0008	0.0008	0.0024	0.0008	0.0008	0.0008	0.0008	0.0008	0.0008	0.0	0.0008	0.0008	0.0008	0.0008	0.0008	0.0008	0.0008	0.0008	0.0008	0.0008	0.0008	0.0008	0.0008	0.0046	0.0024	0.003	0.0008	0.0008	0.0008	0.0008	0.0008	0.0008	0.0008	0.0008	0.0008	0.0008	0.0008	0.0008	0.0008	0.0021	0.0008	0.0008	0.0008	0.0008	0.0008	0.0008	0.0008	0.0008	0.0008	0.0033	0.0008	0.0008	0.0008	0.0021	0.0008	0.0008	0.0021	0.3314	0.3314	0.3314	0.3314	0.0238	0.0238	0.0238	0.0238	0.0238	0.0238	0.0238	0.0238	0.0238	0.0238	0.0238	0.0238	0.0238	0.0238	0.0238	0.0238	0.0238	0.0335	0.0335	0.0335	0.0335	0.0335	0.0335	0.0335	0.0335	0.0335	0.0335
23	0.0146	0.0146	0.0146	0.0284	0.0146	0.0146	0.0146	0.0146	0.0146	0.0146	0.0146	0.0146	0.0146	0.0146	0.0146	0.0146	0.0146	0.0146	0.0146	0.0146	0.0146	0.0146	0.0146	0.0146	0.0146	0.2943	0.0146	0.0146	0.0146	0.0146	0.0757	0.0146	0.0146	0.0146	0.0146	0.0146	0.0146	0.0146	0.0286	0.0146	0.2943	0.0146	0.0146	0.0146	0.0284	0.0146	0.0146	0.0146	0.0146	0.0146	0.0146	0.0146	0.0146	0.0146	0.0146	0.0146	0.0146	0.0146	0.0146	0.0146	0.0146	0.0146	0.0092	0.0145	0.0146	0.0146	0.0146	0.0286	0.0146	0.0146	0.0092	0.0146	0.0146	0.0146	0.0284	0.0146	0.0146	0.0146	0.0146	0.0146	0.0146	0.0286	0.0146	0.0146	0.0146	0.0146	0.0146	0.0146	0.0757	0.0146	0.0146	0.0146	0.0146	0.0146	0.0146	0.0146	0.0146	0.0284	0.0145	0.0146	0.0146	0.0146	0.0146	0.0092	0.0757	0.0092	0.0146	0.0146	0.0146	0.0146	0.0146	0.0202	0.0146	0.0146	0.0146	0.0146	0.0146	0.0146	0.0146	0.0146	0.0146	0.0146	0.0146	0.0146	0.0146	0.0146	0.0146	0.0146	0.0146	0.0146	0.0284	0.0146	0.0146	0.0146	0.0146	0.0146	0.0146	0.0146	0.0146	0.0146	0.0284	0.0146	0.0146	0.0146	0.0146	0.0146	0.0146	0.0092	0.0146	0.0146	0.0146	0.0146	0.0092	0.0146	0.0146	0.0146	0.0757	0.0286	0.0146	0.0146	0.0146	0.0146	0.0146	0.0286	0.0146	0.0146	0.0146	0.0146	0.0146	0.0145	0.0146	0.0146	0.0146	0.0146	0.0146	0.0202	0.0146	0.0202	0.0146	0.0146	0.0092	0.0146	0.0146	0.0146	0.0146	0.0146	0.0146	0.0146	0.0146	0.0146	0.0202	0.0146	0.0092	0.0146	0.0146	0.0146	0.0286	0.0146	0.0146	0.0146	0.0286	0.0146	0.0146	0.0146	0.0146	0.0146	0.0146	0.0146	0.0146	0.0146	0.0146	0.0146	0.0146	0.0146	0.0202	0.0146	0.0146	0.0146	0.0146	0.0146	0.0146	0.0757	0.0146	0.0146	0.0146	0.0146	0.0146	0.0146	0.0146	0.0146	0.0146	0.0146	0.0146	0.0146	0.0146	0.0286	0.0202	0.0092	0.0146	0.0146	0.0146	0.0146	0.0146	0.0146	0.0146	0.0146	0.0146	0.0146	0.0146	0.0146	0.0146	0.0284	0.0146	0.0146	0.0146	0.0146	0.0146	0.0146	0.0146	0.0146	0.0146	0.0145	0.0146	0.0146	0.0146	0.0284	0.0146	0.0146	0.0284	0.1022	0.1022	0.1022	0.1022	0.9121	0.9121	0.9121	0.9121	0.9121	0.9121	0.9121	0.9121	0.9121	0.9121	0.9121	0.9121	0.9121	0.9121	0.9121	0.9121	0.9121	0.0648	0.0648	0.0648	0.0648	0.0648	0.0648	0.0648	0.0648	0.0648	0.0648
24	0.0018	0.0018	0.0018	0.0022	0.0018	0.0018	0.0018	0.0018	0.0018	0.0018	0.0018	0.0018	0.0018	0.0018	0.0018	0.0018	0.0018	0.0018	0.0018	0.0018	0.0018	0.0018	0.0018	0.0018	0.0018	0.0001	0.0018	0.0018	0.0018	0.0018	0.0071	0.0018	0.0018	0.0018	0.0018	0.0018	0.0018	0.0018	0.0035	0.0018	0.0001	0.0018	0.0018	0.0018	0.0022	0.0018	0.0018	0.0018	0.0018	0.0018	0.0018	0.0018	0.0018	0.0018	0.0018	0.0018	0.0018	0.0018	0.0018	0.0018	0.0018	0.0018	0.0048	0.0032	0.0018	0.0018	0.0018	0.0035	0.0018	0.0018	0.0048	0.0018	0.0018	0.0018	0.0022	0.0018	0.0018	0.0018	0.0018	0.0018	0.0018	0.0035	0.0018	0.0018	0.0018	0.0018	0.0018	0.0018	0.0071	0.0018	0.0018	0.0018	0.0018	0.0018	0.0018	0.0018	0.0018	0.0022	0.0032	0.0018	0.0018	0.0018	0.0018	0.0048	0.0071	0.0048	0.0018	0.0018	0.0018	0.0018	0.0018	0.0061	0.0018	0.0018	0.0018	0.0018	0.0018	0.0018	0.0018	0.0018	0.0018	0.0018	0.0018	0.0018	0.0018	0.0018	0.0018	0.0018	0.0018	0.0018	0.0022	0.0018	0.0018	0.0018	0.0018	0.0018	0.0018	0.0018	0.0018	0.0018	0.0022	0.0018	0.0018	0.0018	0.0018	0.0018	0.0018	0.0048	0.0018	0.0018	0.0018	0.0018	0.0048	0.0018	0.0018	0.0018	0.0071	0.0035	0.0018	0.0018	0.0018	0.0018	0.0018	0.0035	0.0018	0.0018	0.0018	0.0018	0.0018	0.0032	0.0018	0.0018	0.0018	0.0018	0.0018	0.0061	0.0018	0.0061	0.0018	0.0018	0.0048	0.0018	0.0018	0.0018	0.0018	0.0018	0.0018	0.0018	0.0018	0.0018	0.0061	0.0018	0.0048	0.0018	0.0018	0.0018	0.0035	0.0018	0.0018	0.0018	0.0035	0.0018	0.0018	0.0018	0.0018	0.0018	0.0018	0.0018	0.0018	0.0018	0.0018	0.0018	0.0018	0.0018	0.0061	0.0018	0.0018	0.0018	0.0018	0.0018	0.0018	0.0071	0.0018	0.0018	0.0018	0.0018	0.0018	0.0018	0.0018	0.0018	0.0018	0.0018	0.0018	0.0018	0.0018	0.0035	0.0061	0.0048	0.0018	0.0018	0.0018	0.0018	0.0018	0.0018	0.0018	0.0018	0.0018	0.0018	0.0018	0.0018	0.0018	0.0022	0.0018	0.0018	0.0018	0.0018	0.0018	0.0018	0.0018	0.0018	0.0018	0.0032	0.0018	0.0018	0.0018	0.0022	0.0018	0.0018	0.0022	0.0873	0.0873	0.0873	0.0873	0.8496	0.8496	0.8496	0.8496	0.8496	0.8496	0.8496	0.8496	0.8496	0.8496	0.8496	0.8496	0.8496	0.8496	0.8496	0.8496	0.8496	0.0314	0.0314	0.0314	0.0314	0.0314	0.0314	0.0314	0.0314	0.0314	0.0314
25	0.0007	0.0007	0.0007	0.0007	0.0007	0.0007	0.0007	0.0007	0.0007	0.0007	0.0007	0.0007	0.0007	0.0007	0.0007	0.0007	0.0007	0.0007	0.0007	0.0007	0.0007	0.0007	0.0007	0.0007	0.0007	0.0377	0.0007	0.0007	0.0007	0.0007	0.0003	0.0007	0.0007	0.0007	0.0007	0.0007	0.0007	0.0007	0.003	0.0007	0.0377	0.0007	0.0007	0.0007	0.0007	0.0007	0.0007	0.0007	0.0007	0.0007	0.0007	0.0007	0.0007	0.0007	0.0007	0.0007	0.0007	0.0007	0.0007	0.0007	0.0007	0.0007	0.0017	0.0033	0.0007	0.0007	0.0007	0.003	0.0007	0.0007	0.0017	0.0007	0.0007	0.0007	0.0007	0.0007	0.0007	0.0007	0.0007	0.0007	0.0007	0.003	0.0007	0.0007	0.0007	0.0007	0.0007	0.0007	0.0003	0.0007	0.0007	0.0007	0.0007	0.0007	0.0007	0.0007	0.0007	0.0007	0.0033	0.0007	0.0007	0.0007	0.0007	0.0017	0.0003	0.0017	0.0007	0.0007	0.0007	0.0007	0.0007	0.0031	0.0007	0.0007	0.0007	0.0007	0.0007	0.0007	0.0007	0.0007	0.0007	0.0007	0.0007	0.0007	0.0007	0.0007	0.0007	0.0007	0.0007	0.0007	0.0007	0.0007	0.0007	0.0007	0.0007	0.0007	0.0007	0.0007	0.0007	0.0007	0.0007	0.0007	0.0007	0.0007	0.0007	0.0007	0.0007	0.0017	0.0007	0.0007	0.0007	0.0007	0.0017	0.0007	0.0007	0.0007	0.0003	0.003	0.0007	0.0007	0.0007	0.0007	0.0007	0.003	0.0007	0.0007	0.0007	0.0007	0.0007	0.0033	0.0007	0.0007	0.0007	0.0007	0.0007	0.0031	0.0007	0.0031	0.0007	0.0007	0.0017	0.0007	0.0007	0.0007	0.0007	0.0007	0.0007	0.0007	0.0007	0.0007	0.0031	0.0007	0.0017	0.0007	0.0007	0.0007	0.003	0.0007	0.0007	0.0007	0.003	0.0007	0.0007	0.0007	0.0007	0.0007	0.0007	0.0007	0.0007	0.0007	0.0007	0.0007	0.0007	0.0007	0.0031	0.0007	0.0007	0.0007	0.0007	0.0007	0.0007	0.0003	0.0007	0.0007	0.0007	0.0007	0.0007	0.0007	0.0007	0.0007	0.0007	0.0007	0.0007	0.0007	0.0007	0.003	0.0031	0.0017	0.0007	0.0007	0.0007	0.0007	0.0007	0.0007	0.0007	0.0007	0.0007	0.0007	0.0007	0.0007	0.0007	0.0007	0.0007	0.0007	0.0007	0.0007	0.0007	0.0007	0.0007	0.0007	0.0007	0.0033	0.0007	0.0007	0.0007	0.0007	0.0007	0.0007	0.0007	0.2857	0.2857	0.2857	0.2857	0.9746	0.9746	0.9746	0.9746	0.9746	0.9746	0.9746	0.9746	0.9746	0.9746	0.9746	0.9746	0.9746	0.9746	0.9746	0.9746	0.9746	0.0469	0.0469	0.0469	0.0469	0.0469	0.0469	0.0469	0.0469	0.0469	0.0469
26	0.0243	0.0243	0.0243	0.0142	0.0243	0.0243	0.0243	0.0243	0.0243	0.0243	0.0243	0.0243	0.0243	0.0243	0.0243	0.0243	0.0243	0.0243	0.0243	0.0243	0.0243	0.0243	0.0243	0.0243	0.0243	0.084	0.0243	0.0243	0.0243	0.0243	0.0005	0.0243	0.0243	0.0243	0.0243	0.0243	0.0243	0.0243	0.0151	0.0243	0.084	0.0243	0.0243	0.0243	0.0142	0.0243	0.0243	0.0243	0.0243	0.0243	0.0243	0.0243	0.0243	0.0243	0.0243	0.0243	0.0243	0.0243	0.0243	0.0243	0.0243	0.0243	0.0149	0.0175	0.0243	0.0243	0.0243	0.0151	0.0243	0.0243	0.0149	0.0243	0.0243	0.0243	0.0142	0.0243	0.0243	0.0243	0.0243	0.0243	0.0243	0.0151	0.0243	0.0243	0.0243	0.0243	0.0243	0.0243	0.0005	0.0243	0.0243	0.0243	0.0243	0.0243	0.0243	0.0243	0.0243	0.0142	0.0175	0.0243	0.0243	0.0243	0.0243	0.0149	0.0005	0.0149	0.0243	0.0243	0.0243	0.0243	0.0243	0.0148	0.0243	0.0243	0.0243	0.0243	0.0243	0.0243	0.0243	0.0243	0.0243	0.0243	0.0243	0.0243	0.0243	0.0243	0.0243	0.0243	0.0243	0.0243	0.0142	0.0243	0.0243	0.0243	0.0243	0.0243	0.0243	0.0243	0.0243	0.0243	0.0142	0.0243	0.0243	0.0243	0.0243	0.0243	0.0243	0.0149	0.0243	0.0243	0.0243	0.0243	0.0149	0.0243	0.0243	0.0243	0.0005	0.0151	0.0243	0.0243	0.0243	0.0243	0.0243	0.0151	0.0243	0.0243	0.0243	0.0243	0.0243	0.0175	0.0243	0.0243	0.0243	0.0243	0.0243	0.0148	0.0243	0.0148	0.0243	0.0243	0.0149	0.0243	0.0243	0.0243	0.0243	0.0243	0.0243	0.0243	0.0243	0.0243	0.0148	0.0243	0.0149	0.0243	0.0243	0.0243	0.0151	0.0243	0.0243	0.0243	0.0151	0.0243	0.0243	0.0243	0.0243	0.0243	0.0243	0.0243	0.0243	0.0243	0.0243	0.0243	0.0243	0.0243	0.0148	0.0243	0.0243	0.0243	0.0243	0.0243	0.0243	0.0005	0.0243	0.0243	0.0243	0.0243	0.0243	0.0243	0.0243	0.0243	0.0243	0.0243	0.0243	0.0243	0.0243	0.0151	0.0148	0.0149	0.0243	0.0243	0.0243	0.0243	0.0243	0.0243	0.0243	0.0243	0.0243	0.0243	0.0243	0.0243	0.0243	0.0142	0.0243	0.0243	0.0243	0.0243	0.0243	0.0243	0.0243	0.0243	0.0243	0.0175	0.0243	0.0243	0.0243	0.0142	0.0243	0.0243	0.0142	0.1009	0.1009	0.1009	0.1009	0.9217	0.9217	0.9217	0.9217	0.9217	0.9217	0.9217	0.9217	0.9217	0.9217	0.9217	0.9217	0.9217	0.9217	0.9217	0.9217	0.9217	0.0416	0.0416	0.0416	0.0416	0.0416	0.0416	0.0416	0.0416	0.0416	0.0416
27	0.0163	0.0163	0.0163	0.0242	0.0163	0.0163	0.0163	0.0163	0.0163	0.0163	0.0163	0.0163	0.0163	0.0163	0.0163	0.0163	0.0163	0.0163	0.0163	0.0163	0.0163	0.0163	0.0163	0.0163	0.0163	0.018	0.0163	0.0163	0.0163	0.0163	0.0042	0.0163	0.0163	0.0163	0.0163	0.0163	0.0163	0.0163	0.0383	0.0163	0.018	0.0163	0.0163	0.0163	0.0242	0.0163	0.0163	0.0163	0.0163	0.0163	0.0163	0.0163	0.0163	0.0163	0.0163	0.0163	0.0163	0.0163	0.0163	0.0163	0.0163	0.0163	0.0064	0.0152	0.0163	0.0163	0.0163	0.0383	0.0163	0.0163	0.0064	0.0163	0.0163	0.0163	0.0242	0.0163	0.0163	0.0163	0.0163	0.0163	0.0163	0.0383	0.0163	0.0163	0.0163	0.0163	0.0163	0.0163	0.0042	0.0163	0.0163	0.0163	0.0163	0.0163	0.0163	0.0163	0.0163	0.0242	0.0152	0.0163	0.0163	0.0163	0.0163	0.0064	0.0042	0.0064	0.0163	0.0163	0.0163	0.0163	0.0163	0.0287	0.0163	0.0163	0.0163	0.0163	0.0163	0.0163	0.0163	0.0163	0.0163	0.0163	0.0163	0.0163	0.0163	0.0163	0.0163	0.0163	0.0163	0.0163	0.0242	0.0163	0.0163	0.0163	0.0163	0.0163	0.0163	0.0163	0.0163	0.0163	0.0242	0.0163	0.0163	0.0163	0.0163	0.0163	0.0163	0.0064	0.0163	0.0163	0.0163	0.0163	0.0064	0.0163	0.0163	0.0163	0.0042	0.0383	0.0163	0.0163	0.0163	0.0163	0.0163	0.0383	0.0163	0.0163	0.0163	0.0163	0.0163	0.0152	0.0163	0.0163	0.0163	0.0163	0.0163	0.0287	0.0163	0.0287	0.0163	0.0163	0.0064	0.0163	0.0163	0.0163	0.0163	0.0163	0.0163	0.0163	0.0163	0.0163	0.0287	0.0163	0.0064	0.0163	0.0163	0.0163	0.0383	0.0163	0.0163	0.0163	0.0383	0.0163	0.0163	0.0163	0.0163	0.0163	0.0163	0.0163	0.0163	0.0163	0.0163	0.0163	0.0163	0.0163	0.0287	0.0163	0.0163	0.0163	0.0163	0.0163	0.0163	0.0042	0.0163	0.0163	0.0163	0.0163	0.0163	0.0163	0.0163	0.0163	0.0163	0.0163	0.0163	0.0163	0.0163	0.0383	0.0287	0.0064	0.0163	0.0163	0.0163	0.0163	0.0163	0.0163	0.0163	0.0163	0.0163	0.0163	0.0163	0.0163	0.0163	0.0242	0.0163	0.0163	0.0163	0.0163	0.0163	0.0163	0.0163	0.0163	0.0163	0.0152	0.0163	0.0163	0.0163	0.0242	0.0163	0.0163	0.0242	0.1533	0.1533	0.1533	0.1533	0.6193	0.6193	0.6193	0.6193	0.6193	0.6193	0.6193	0.6193	0.6193	0.6193	0.6193	0.6193	0.6193	0.6193	0.6193	0.6193	0.6193	0.032	0.032	0.032	0.032	0.032	0.032	0.032	0.032	0.032	0.032
28	0.0398	0.0398	0.0398	0.0423	0.0398	0.0398	0.0398	0.0398	0.0398	0.0398	0.0398	0.0398	0.0398	0.0398	0.0398	0.0398	0.0398	0.0398	0.0398	0.0398	0.0398	0.0398	0.0398	0.0398	0.0398	0.029	0.0398	0.0398	0.0398	0.0398	0.0034	0.0398	0.0398	0.0398	0.0398	0.0398	0.0398	0.0398	0.1248	0.0398	0.029	0.0398	0.0398	0.0398	0.0423	0.0398	0.0398	0.0398	0.0398	0.0398	0.0398	0.0398	0.0398	0.0398	0.0398	0.0398	0.0398	0.0398	0.0398	0.0398	0.0398	0.0398	0.0225	0.0335	0.0398	0.0398	0.0398	0.1248	0.0398	0.0398	0.0225	0.0398	0.0398	0.0398	0.0423	0.0398	0.0398	0.0398	0.0398	0.0398	0.0398	0.1248	0.0398	0.0398	0.0398	0.0398	0.0398	0.0398	0.0034	0.0398	0.0398	0.0398	0.0398	0.0398	0.0398	0.0398	0.0398	0.0423	0.0335	0.0398	0.0398	0.0398	0.0398	0.0225	0.0034	0.0225	0.0398	0.0398	0.0398	0.0398	0.0398	0.0343	0.0398	0.0398	0.0398	0.0398	0.0398	0.0398	0.0398	0.0398	0.0398	0.0398	0.0398	0.0398	0.0398	0.0398	0.0398	0.0398	0.0398	0.0398	0.0423	0.0398	0.0398	0.0398	0.0398	0.0398	0.0398	0.0398	0.0398	0.0398	0.0423	0.0398	0.0398	0.0398	0.0398	0.0398	0.0398	0.0225	0.0398	0.0398	0.0398	0.0398	0.0225	0.0398	0.0398	0.0398	0.0034	0.1248	0.0398	0.0398	0.0398	0.0398	0.0398	0.1248	0.0398	0.0398	0.0398	0.0398	0.0398	0.0335	0.0398	0.0398	0.0398	0.0398	0.0398	0.0343	0.0398	0.0343	0.0398	0.0398	0.0225	0.0398	0.0398	0.0398	0.0398	0.0398	0.0398	0.0398	0.0398	0.0398	0.0343	0.0398	0.0225	0.0398	0.0398	0.0398	0.1248	0.0398	0.0398	0.0398	0.1248	0.0398	0.0398	0.0398	0.0398	0.0398	0.0398	0.0398	0.0398	0.0398	0.0398	0.0398	0.0398	0.0398	0.0343	0.0398	0.0398	0.0398	0.0398	0.0398	0.0398	0.0034	0.0398	0.0398	0.0398	0.0398	0.0398	0.0398	0.0398	0.0398	0.0398	0.0398	0.0398	0.0398	0.0398	0.1248	0.0343	0.0225	0.0398	0.0398	0.0398	0.0398	0.0398	0.0398	0.0398	0.0398	0.0398	0.0398	0.0398	0.0398	0.0398	0.0423	0.0398	0.0398	0.0398	0.0398	0.0398	0.0398	0.0398	0.0398	0.0398	0.0335	0.0398	0.0398	0.0398	0.0423	0.0398	0.0398	0.0423	0.0664	0.0664	0.0664	0.0664	0.8926	0.8926	0.8926	0.8926	0.8926	0.8926	0.8926	0.8926	0.8926	0.8926	0.8926	0.8926	0.8926	0.8926	0.8926	0.8926	0.8926	0.0292	0.0292	0.0292	0.0292	0.0292	0.0292	0.0292	0.0292	0.0292	0.0292
29	0.0124	0.0124	0.0124	0.0067	0.0124	0.0124	0.0124	0.0124	0.0124	0.0124	0.0124	0.0124	0.0124	0.0124	0.0124	0.0124	0.0124	0.0124	0.0124	0.0124	0.0124	0.0124	0.0124	0.0124	0.0124	0.0026	0.0124	0.0124	0.0124	0.0124	0.026	0.0124	0.0124	0.0124	0.0124	0.0124	0.0124	0.0124	0.012	0.0124	0.0026	0.0124	0.0124	0.0124	0.0067	0.0124	0.0124	0.0124	0.0124	0.0124	0.0124	0.0124	0.0124	0.0124	0.0124	0.0124	0.0124	0.0124	0.0124	0.0124	0.0124	0.0124	0.0043	0.0071	0.0124	0.0124	0.0124	0.012	0.0124	0.0124	0.0043	0.0124	0.0124	0.0124	0.0067	0.0124	0.0124	0.0124	0.0124	0.0124	0.0124	0.012	0.0124	0.0124	0.0124	0.0124	0.0124	0.0124	0.026	0.0124	0.0124	0.0124	0.0124	0.0124	0.0124	0.0124	0.0124	0.0067	0.0071	0.0124	0.0124	0.0124	0.0124	0.0043	0.026	0.0043	0.0124	0.0124	0.0124	0.0124	0.0124	0.0059	0.0124	0.0124	0.0124	0.0124	0.0124	0.0124	0.0124	0.0124	0.0124	0.0124	0.0124	0.0124	0.0124	0.0124	0.0124	0.0124	0.0124	0.0124	0.0067	0.0124	0.0124	0.0124	0.0124	0.0124	0.0124	0.0124	0.0124	0.0124	0.0067	0.0124	0.0124	0.0124	0.0124	0.0124	0.0124	0.0043	0.0124	0.0124	0.0124	0.0124	0.0043	0.0124	0.0124	0.0124	0.026	0.012	0.0124	0.0124	0.0124	0.0124	0.0124	0.012	0.0124	0.0124	0.0124	0.0124	0.0124	0.0071	0.0124	0.0124	0.0124	0.0124	0.0124	0.0059	0.0124	0.0059	0.0124	0.0124	0.0043	0.0124	0.0124	0.0124	0.0124	0.0124	0.0124	0.0124	0.0124	0.0124	0.0059	0.0124	0.0043	0.0124	0.0124	0.0124	0.012	0.0124	0.0124	0.0124	0.012	0.0124	0.0124	0.0124	0.0124	0.0124	0.0124	0.0124	0.0124	0.0124	0.0124	0.0124	0.0124	0.0124	0.0059	0.0124	0.0124	0.0124	0.0124	0.0124	0.0124	0.026	0.0124	0.0124	0.0124	0.0124	0.0124	0.0124	0.0124	0.0124	0.0124	0.0124	0.0124	0.0124	0.0124	0.012	0.0059	0.0043	0.0124	0.0124	0.0124	0.0124	0.0124	0.0124	0.0124	0.0124	0.0124	0.0124	0.0124	0.0124	0.0124	0.0067	0.0124	0.0124	0.0124	0.0124	0.0124	0.0124	0.0124	0.0124	0.0124	0.0071	0.0124	0.0124	0.0124	0.0067	0.0124	0.0124	0.0067	0.0748	0.0748	0.0748	0.0748	0.9809	0.9809	0.9809	0.9809	0.9809	0.9809	0.9809	0.9809	0.9809	0.9809	0.9809	0.9809	0.9809	0.9809	0.9809	0.9809	0.9809	0.2183	0.2183	0.2183	0.2183	0.2183	0.2183	0.2183	0.2183	0.2183	0.2183
30	0.0166	0.0166	0.0166	0.0139	0.0166	0.0166	0.0166	0.0166	0.0166	0.0166	0.0166	0.0166	0.0166	0.0166	0.0166	0.0166	0.0166	0.0166	0.0166	0.0166	0.0166	0.0166	0.0166	0.0166	0.0166	0.1027	0.0166	0.0166	0.0166	0.0166	0.0001	0.0166	0.0166	0.0166	0.0166	0.0166	0.0166	0.0166	0.0361	0.0166	0.1027	0.0166	0.0166	0.0166	0.0139	0.0166	0.0166	0.0166	0.0166	0.0166	0.0166	0.0166	0.0166	0.0166	0.0166	0.0166	0.0166	0.0166	0.0166	0.0166	0.0166	0.0166	0.0064	0.0094	0.0166	0.0166	0.0166	0.0361	0.0166	0.0166	0.0064	0.0166	0.0166	0.0166	0.0139	0.0166	0.0166	0.0166	0.0166	0.0166	0.0166	0.0361	0.0166	0.0166	0.0166	0.0166	0.0166	0.0166	0.0001	0.0166	0.0166	0.0166	0.0166	0.0166	0.0166	0.0166	0.0166	0.0139	0.0094	0.0166	0.0166	0.0166	0.0166	0.0064	0.0001	0.0064	0.0166	0.0166	0.0166	0.0166	0.0166	0.0127	0.0166	0.0166	0.0166	0.0166	0.0166	0.0166	0.0166	0.0166	0.0166	0.0166	0.0166	0.0166	0.0166	0.0166	0.0166	0.0166	0.0166	0.0166	0.0139	0.0166	0.0166	0.0166	0.0166	0.0166	0.0166	0.0166	0.0166	0.0166	0.0139	0.0166	0.0166	0.0166	0.0166	0.0166	0.0166	0.0064	0.0166	0.0166	0.0166	0.0166	0.0064	0.0166	0.0166	0.0166	0.0001	0.0361	0.0166	0.0166	0.0166	0.0166	0.0166	0.0361	0.0166	0.0166	0.0166	0.0166	0.0166	0.0094	0.0166	0.0166	0.0166	0.0166	0.0166	0.0127	0.0166	0.0127	0.0166	0.0166	0.0064	0.0166	0.0166	0.0166	0.0166	0.0166	0.0166	0.0166	0.0166	0.0166	0.0127	0.0166	0.0064	0.0166	0.0166	0.0166	0.0361	0.0166	0.0166	0.0166	0.0361	0.0166	0.0166	0.0166	0.0166	0.0166	0.0166	0.0166	0.0166	0.0166	0.0166	0.0166	0.0166	0.0166	0.0127	0.0166	0.0166	0.0166	0.0166	0.0166	0.0166	0.0001	0.0166	0.0166	0.0166	0.0166	0.0166	0.0166	0.0166	0.0166	0.0166	0.0166	0.0166	0.0166	0.0166	0.0361	0.0127	0.0064	0.0166	0.0166	0.0166	0.0166	0.0166	0.0166	0.0166	0.0166	0.0166	0.0166	0.0166	0.0166	0.0166	0.0139	0.0166	0.0166	0.0166	0.0166	0.0166	0.0166	0.0166	0.0166	0.0166	0.0094	0.0166	0.0166	0.0166	0.0139	0.0166	0.0166	0.0139	0.0908	0.0908	0.0908	0.0908	0.0128	0.0128	0.0128	0.0128	0.0128	0.0128	0.0128	0.0128	0.0128	0.0128	0.0128	0.0128	0.0128	0.0128	0.0128	0.0128	0.0128	0.9169	0.9169	0.9169	0.9169	0.9169	0.9169	0.9169	0.9169	0.9169	0.9169
31	0.0026	0.0026	0.0026	0.0033	0.0026	0.0026	0.0026	0.0026	0.0026	0.0026	0.0026	0.0026	0.0026	0.0026	0.0026	0.0026	0.0026	0.0026	0.0026	0.0026	0.0026	0.0026	0.0026	0.0026	0.0026	0.0001	0.0026	0.0026	0.0026	0.0026	0.0049	0.0026	0.0026	0.0026	0.0026	0.0026	0.0026	0.0026	0.0085	0.0026	0.0001	0.0026	0.0026	0.0026	0.0033	0.0026	0.0026	0.0026	0.0026	0.0026	0.0026	0.0026	0.0026	0.0026	0.0026	0.0026	0.0026	0.0026	0.0026	0.0026	0.0026	0.0026	0.0069	0.0079	0.0026	0.0026	0.0026	0.0085	0.0026	0.0026	0.0069	0.0026	0.0026	0.0026	0.0033	0.0026	0.0026	0.0026	0.0026	0.0026	0.0026	0.0085	0.0026	0.0026	0.0026	0.0026	0.0026	0.0026	0.0049	0.0026	0.0026	0.0026	0.0026	0.0026	0.0026	0.0026	0.0026	0.0033	0.0079	0.0026	0.0026	0.0026	0.0026	0.0069	0.0049	0.0069	0.0026	0.0026	0.0026	0.0026	0.0026	0.0088	0.0026	0.0026	0.0026	0.0026	0.0026	0.0026	0.0026	0.0026	0.0026	0.0026	0.0026	0.0026	0.0026	0.0026	0.0026	0.0026	0.0026	0.0026	0.0033	0.0026	0.0026	0.0026	0.0026	0.0026	0.0026	0.0026	0.0026	0.0026	0.0033	0.0026	0.0026	0.0026	0.0026	0.0026	0.0026	0.0069	0.0026	0.0026	0.0026	0.0026	0.0069	0.0026	0.0026	0.0026	0.0049	0.0085	0.0026	0.0026	0.0026	0.0026	0.0026	0.0085	0.0026	0.0026	0.0026	0.0026	0.0026	0.0079	0.0026	0.0026	0.0026	0.0026	0.0026	0.0088	0.0026	0.0088	0.0026	0.0026	0.0069	0.0026	0.0026	0.0026	0.0026	0.0026	0.0026	0.0026	0.0026	0.0026	0.0088	0.0026	0.0069	0.0026	0.0026	0.0026	0.0085	0.0026	0.0026	0.0026	0.0085	0.0026	0.0026	0.0026	0.0026	0.0026	0.0026	0.0026	0.0026	0.0026	0.0026	0.0026	0.0026	0.0026	0.0088	0.0026	0.0026	0.0026	0.0026	0.0026	0.0026	0.0049	0.0026	0.0026	0.0026	0.0026	0.0026	0.0026	0.0026	0.0026	0.0026	0.0026	0.0026	0.0026	0.0026	0.0085	0.0088	0.0069	0.0026	0.0026	0.0026	0.0026	0.0026	0.0026	0.0026	0.0026	0.0026	0.0026	0.0026	0.0026	0.0026	0.0033	0.0026	0.0026	0.0026	0.0026	0.0026	0.0026	0.0026	0.0026	0.0026	0.0079	0.0026	0.0026	0.0026	0.0033	0.0026	0.0026	0.0033	0.0674	0.0674	0.0674	0.0674	0.0885	0.0885	0.0885	0.0885	0.0885	0.0885	0.0885	0.0885	0.0885	0.0885	0.0885	0.0885	0.0885	0.0885	0.0885	0.0885	0.0885	0.6266	0.6266	0.6266	0.6266	0.6266	0.6266	0.6266	0.6266	0.6266	0.6266
32	0.0044	0.0044	0.0044	0.013	0.0044	0.0044	0.0044	0.0044	0.0044	0.0044	0.0044	0.0044	0.0044	0.0044	0.0044	0.0044	0.0044	0.0044	0.0044	0.0044	0.0044	0.0044	0.0044	0.0044	0.0044	0.2486	0.0044	0.0044	0.0044	0.0044	0.0093	0.0044	0.0044	0.0044	0.0044	0.0044	0.0044	0.0044	0.0099	0.0044	0.2486	0.0044	0.0044	0.0044	0.013	0.0044	0.0044	0.0044	0.0044	0.0044	0.0044	0.0044	0.0044	0.0044	0.0044	0.0044	0.0044	0.0044	0.0044	0.0044	0.0044	0.0044	0.0158	0.0124	0.0044	0.0044	0.0044	0.0099	0.0044	0.0044	0.0158	0.0044	0.0044	0.0044	0.013	0.0044	0.0044	0.0044	0.0044	0.0044	0.0044	0.0099	0.0044	0.0044	0.0044	0.0044	0.0044	0.0044	0.0093	0.0044	0.0044	0.0044	0.0044	0.0044	0.0044	0.0044	0.0044	0.013	0.0124	0.0044	0.0044	0.0044	0.0044	0.0158	0.0093	0.0158	0.0044	0.0044	0.0044	0.0044	0.0044	0.0114	0.0044	0.0044	0.0044	0.0044	0.0044	0.0044	0.0044	0.0044	0.0044	0.0044	0.0044	0.0044	0.0044	0.0044	0.0044	0.0044	0.0044	0.0044	0.013	0.0044	0.0044	0.0044	0.0044	0.0044	0.0044	0.0044	0.0044	0.0044	0.013	0.0044	0.0044	0.0044	0.0044	0.0044	0.0044	0.0158	0.0044	0.0044	0.0044	0.0044	0.0158	0.0044	0.0044	0.0044	0.0093	0.0099	0.0044	0.0044	0.0044	0.0044	0.0044	0.0099	0.0044	0.0044	0.0044	0.0044	0.0044	0.0124	0.0044	0.0044	0.0044	0.0044	0.0044	0.0114	0.0044	0.0114	0.0044	0.0044	0.0158	0.0044	0.0044	0.0044	0.0044	0.0044	0.0044	0.0044	0.0044	0.0044	0.0114	0.0044	0.0158	0.0044	0.0044	0.0044	0.0099	0.0044	0.0044	0.0044	0.0099	0.0044	0.0044	0.0044	0.0044	0.0044	0.0044	0.0044	0.0044	0.0044	0.0044	0.0044	0.0044	0.0044	0.0114	0.0044	0.0044	0.0044	0.0044	0.0044	0.0044	0.0093	0.0044	0.0044	0.0044	0.0044	0.0044	0.0044	0.0044	0.0044	0.0044	0.0044	0.0044	0.0044	0.0044	0.0099	0.0114	0.0158	0.0044	0.0044	0.0044	0.0044	0.0044	0.0044	0.0044	0.0044	0.0044	0.0044	0.0044	0.0044	0.0044	0.013	0.0044	0.0044	0.0044	0.0044	0.0044	0.0044	0.0044	0.0044	0.0044	0.0124	0.0044	0.0044	0.0044	0.013	0.0044	0.0044	0.013	0.0919	0.0919	0.0919	0.0919	0.0178	0.0178	0.0178	0.0178	0.0178	0.0178	0.0178	0.0178	0.0178	0.0178	0.0178	0.0178	0.0178	0.0178	0.0178	0.0178	0.0178	0.833	0.833	0.833	0.833	0.833	0.833	0.833	0.833	0.833	0.833
33	0.009	0.009	0.009	0.0077	0.009	0.009	0.009	0.009	0.009	0.009	0.009	0.009	0.009	0.009	0.009	0.009	0.009	0.009	0.009	0.009	0.009	0.009	0.009	0.009	0.009	0.1471	0.009	0.009	0.009	0.009	0.0975	0.009	0.009	0.009	0.009	0.009	0.009	0.009	0.0098	0.009	0.1471	0.009	0.009	0.009	0.0077	0.009	0.009	0.009	0.009	0.009	0.009	0.009	0.009	0.009	0.009	0.009	0.009	0.009	0.009	0.009	0.009	0.009	0.0105	0.0122	0.009	0.009	0.009	0.0098	0.009	0.009	0.0105	0.009	0.009	0.009	0.0077	0.009	0.009	0.009	0.009	0.009	0.009	0.0098	0.009	0.009	0.009	0.009	0.009	0.009	0.0975	0.009	0.009	0.009	0.009	0.009	0.009	0.009	0.009	0.0077	0.0122	0.009	0.009	0.009	0.009	0.0105	0.0975	0.0105	0.009	0.009	0.009	0.009	0.009	0.0089	0.009	0.009	0.009	0.009	0.009	0.009	0.009	0.009	0.009	0.009	0.009	0.009	0.009	0.009	0.009	0.009	0.009	0.009	0.0077	0.009	0.009	0.009	0.009	0.009	0.009	0.009	0.009	0.009	0.0077	0.009	0.009	0.009	0.009	0.009	0.009	0.0105	0.009	0.009	0.009	0.009	0.0105	0.009	0.009	0.009	0.0975	0.0098	0.009	0.009	0.009	0.009	0.009	0.0098	0.009	0.009	0.009	0.009	0.009	0.0122	0.009	0.009	0.009	0.009	0.009	0.0089	0.009	0.0089	0.009	0.009	0.0105	0.009	0.009	0.009	0.009	0.009	0.009	0.009	0.009	0.009	0.0089	0.009	0.0105	0.009	0.009	0.009	0.0098	0.009	0.009	0.009	0.0098	0.009	0.009	0.009	0.009	0.009	0.009	0.009	0.009	0.009	0.009	0.009	0.009	0.009	0.0089	0.009	0.009	0.009	0.009	0.009	0.009	0.0975	0.009	0.009	0.009	0.009	0.009	0.009	0.009	0.009	0.009	0.009	0.009	0.009	0.009	0.0098	0.0089	0.0105	0.009	0.009	0.009	0.009	0.009	0.009	0.009	0.009	0.009	0.009	0.009	0.009	0.009	0.0077	0.009	0.009	0.009	0.009	0.009	0.009	0.009	0.009	0.009	0.0122	0.009	0.009	0.009	0.0077	0.009	0.009	0.0077	0.0583	0.0583	0.0583	0.0583	0.0284	0.0284	0.0284	0.0284	0.0284	0.0284	0.0284	0.0284	0.0284	0.0284	0.0284	0.0284	0.0284	0.0284	0.0284	0.0284	0.0284	0.9642	0.9642	0.9642	0.9642	0.9642	0.9642	0.9642	0.9642	0.9642	0.9642
34	0.0011	0.0011	0.0011	0.0047	0.0011	0.0011	0.0011	0.0011	0.0011	0.0011	0.0011	0.0011	0.0011	0.0011	0.0011	0.0011	0.0011	0.0011	0.0011	0.0011	0.0011	0.0011	0.0011	0.0011	0.0011	0.0002	0.0011	0.0011	0.0011	0.0011	0.001	0.0011	0.0011	0.0011	0.0011	0.0011	0.0011	0.0011	0.0083	0.0011	0.0002	0.0011	0.0011	0.0011	0.0047	0.0011	0.0011	0.0011	0.0011	0.0011	0.0011	0.0011	0.0011	0.0011	0.0011	0.0011	0.0011	0.0011	0.0011	0.0011	0.0011	0.0011	0.0058	0.0088	0.0011	0.0011	0.0011	0.0083	0.0011	0.0011	0.0058	0.0011	0.0011	0.0011	0.0047	0.0011	0.0011	0.0011	0.0011	0.0011	0.0011	0.0083	0.0011	0.0011	0.0011	0.0011	0.0011	0.0011	0.001	0.0011	0.0011	0.0011	0.0011	0.0011	0.0011	0.0011	0.0011	0.0047	0.0088	0.0011	0.0011	0.0011	0.0011	0.0058	0.001	0.0058	0.0011	0.0011	0.0011	0.0011	0.0011	0.0071	0.0011	0.0011	0.0011	0.0011	0.0011	0.0011	0.0011	0.0011	0.0011	0.0011	0.0011	0.0011	0.0011	0.0011	0.0011	0.0011	0.0011	0.0011	0.0047	0.0011	0.0011	0.0011	0.0011	0.0011	0.0011	0.0011	0.0011	0.0011	0.0047	0.0011	0.0011	0.0011	0.0011	0.0011	0.0011	0.0058	0.0011	0.0011	0.0011	0.0011	0.0058	0.0011	0.0011	0.0011	0.001	0.0083	0.0011	0.0011	0.0011	0.0011	0.0011	0.0083	0.0011	0.0011	0.0011	0.0011	0.0011	0.0088	0.0011	0.0011	0.0011	0.0011	0.0011	0.0071	0.0011	0.0071	0.0011	0.0011	0.0058	0.0011	0.0011	0.0011	0.0011	0.0011	0.0011	0.0011	0.0011	0.0011	0.0071	0.0011	0.0058	0.0011	0.0011	0.0011	0.0083	0.0011	0.0011	0.0011	0.0083	0.0011	0.0011	0.0011	0.0011	0.0011	0.0011	0.0011	0.0011	0.0011	0.0011	0.0011	0.0011	0.0011	0.0071	0.0011	0.0011	0.0011	0.0011	0.0011	0.0011	0.001	0.0011	0.0011	0.0011	0.0011	0.0011	0.0011	0.0011	0.0011	0.0011	0.0011	0.0011	0.0011	0.0011	0.0083	0.0071	0.0058	0.0011	0.0011	0.0011	0.0011	0.0011	0.0011	0.0011	0.0011	0.0011	0.0011	0.0011	0.0011	0.0011	0.0047	0.0011	0.0011	0.0011	0.0011	0.0011	0.0011	0.0011	0.0011	0.0011	0.0088	0.0011	0.0011	0.0011	0.0047	0.0011	0.0011	0.0047	0.0954	0.0954	0.0954	0.0954	0.0208	0.0208	0.0208	0.0208	0.0208	0.0208	0.0208	0.0208	0.0208	0.0208	0.0208	0.0208	0.0208	0.0208	0.0208	0.0208	0.0208	0.8941	0.8941	0.8941	0.8941	0.8941	0.8941	0.8941	0.8941	0.8941	0.8941
35	0.0009	0.0009	0.0009	0.0037	0.0009	0.0009	0.0009	0.0009	0.0009	0.0009	0.0009	0.0009	0.0009	0.0009	0.0009	0.0009	0.0009	0.0009	0.0009	0.0009	0.0009	0.0009	0.0009	0.0009	0.0009	0.0099	0.0009	0.0009	0.0009	0.0009	0.0	0.0009	0.0009	0.0009	0.0009	0.0009	0.0009	0.0009	0.0052	0.0009	0.0099	0.0009	0.0009	0.0009	0.0037	0.0009	0.0009	0.0009	0.0009	0.0009	0.0009	0.0009	0.0009	0.0009	0.0009	0.0009	0.0009	0.0009	0.0009	0.0009	0.0009	0.0009	0.0026	0.0048	0.0009	0.0009	0.0009	0.0052	0.0009	0.0009	0.0026	0.0009	0.0009	0.0009	0.0037	0.0009	0.0009	0.0009	0.0009	0.0009	0.0009	0.0052	0.0009	0.0009	0.0009	0.0009	0.0009	0.0009	0.0	0.0009	0.0009	0.0009	0.0009	0.0009	0.0009	0.0009	0.0009	0.0037	0.0048	0.0009	0.0009	0.0009	0.0009	0.0026	0.0	0.0026	0.0009	0.0009	0.0009	0.0009	0.0009	0.0029	0.0009	0.0009	0.0009	0.0009	0.0009	0.0009	0.0009	0.0009	0.0009	0.0009	0.0009	0.0009	0.0009	0.0009	0.0009	0.0009	0.0009	0.0009	0.0037	0.0009	0.0009	0.0009	0.0009	0.0009	0.0009	0.0009	0.0009	0.0009	0.0037	0.0009	0.0009	0.0009	0.0009	0.0009	0.0009	0.0026	0.0009	0.0009	0.0009	0.0009	0.0026	0.0009	0.0009	0.0009	0.0	0.0052	0.0009	0.0009	0.0009	0.0009	0.0009	0.0052	0.0009	0.0009	0.0009	0.0009	0.0009	0.0048	0.0009	0.0009	0.0009	0.0009	0.0009	0.0029	0.0009	0.0029	0.0009	0.0009	0.0026	0.0009	0.0009	0.0009	0.0009	0.0009	0.0009	0.0009	0.0009	0.0009	0.0029	0.0009	0.0026	0.0009	0.0009	0.0009	0.0052	0.0009	0.0009	0.0009	0.0052	0.0009	0.0009	0.0009	0.0009	0.0009	0.0009	0.0009	0.0009	0.0009	0.0009	0.0009	0.0009	0.0009	0.0029	0.0009	0.0009	0.0009	0.0009	0.0009	0.0009	0.0	0.0009	0.0009	0.0009	0.0009	0.0009	0.0009	0.0009	0.0009	0.0009	0.0009	0.0009	0.0009	0.0009	0.0052	0.0029	0.0026	0.0009	0.0009	0.0009	0.0009	0.0009	0.0009	0.0009	0.0009	0.0009	0.0009	0.0009	0.0009	0.0009	0.0037	0.0009	0.0009	0.0009	0.0009	0.0009	0.0009	0.0009	0.0009	0.0009	0.0048	0.0009	0.0009	0.0009	0.0037	0.0009	0.0009	0.0037	0.3266	0.3266	0.3266	0.3266	0.0226	0.0226	0.0226	0.0226	0.0226	0.0226	0.0226	0.0226	0.0226	0.0226	0.0226	0.0226	0.0226	0.0226	0.0226	0.0226	0.0226	0.9505	0.9505	0.9505	0.9505	0.9505	0.9505	0.9505	0.9505	0.9505	0.9505
36	0.0	0.0	0.0	0.001	0.0	0.0	0.0	0.0	0.0	0.0	0.0	0.0	0.0	0.0	0.0	0.0	0.0	0.0	0.0	0.0	0.0	0.0	0.0	0.0	0.0	0.0116	0.0	0.0	0.0	0.0	0.0118	0.0	0.0	0.0	0.0	0.0	0.0	0.0	0.0047	0.0	0.0116	0.0	0.0	0.0	0.001	0.0	0.0	0.0	0.0	0.0	0.0	0.0	0.0	0.0	0.0	0.0	0.0	0.0	0.0	0.0	0.0	0.0	0.0016	0.0037	0.0	0.0	0.0	0.0047	0.0	0.0	0.0016	0.0	0.0	0.0	0.001	0.0	0.0	0.0	0.0	0.0	0.0	0.0047	0.0	0.0	0.0	0.0	0.0	0.0	0.0118	0.0	0.0	0.0	0.0	0.0	0.0	0.0	0.0	0.001	0.0037	0.0	0.0	0.0	0.0	0.0016	0.0118	0.0016	0.0	0.0	0.0	0.0	0.0	0.0023	0.0	0.0	0.0	0.0	0.0	0.0	0.0	0.0	0.0	0.0	0.0	0.0	0.0	0.0	0.0	0.0	0.0	0.0	0.001	0.0	0.0	0.0	0.0	0.0	0.0	0.0	0.0	0.0	0.001	0.0	0.0	0.0	0.0	0.0	0.0	0.0016	0.0	0.0	0.0	0.0	0.0016	0.0	0.0	0.0	0.0118	0.0047	0.0	0.0	0.0	0.0	0.0	0.0047	0.0	0.0	0.0	0.0	0.0	0.0037	0.0	0.0	0.0	0.0	0.0	0.0023	0.0	0.0023	0.0	0.0	0.0016	0.0	0.0	0.0	0.0	0.0	0.0	0.0	0.0	0.0	0.0023	0.0	0.0016	0.0	0.0	0.0	0.0047	0.0	0.0	0.0	0.0047	0.0	0.0	0.0	0.0	0.0	0.0	0.0	0.0	0.0	0.0	0.0	0.0	0.0	0.0023	0.0	0.0	0.0	0.0	0.0	0.0	0.0118	0.0	0.0	0.0	0.0	0.0	0.0	0.0	0.0	0.0	0.0	0.0	0.0	0.0	0.0047	0.0023	0.0016	0.0	0.0	0.0	0.0	0.0	0.0	0.0	0.0	0.0	0.0	0.0	0.0	0.0	0.001	0.0	0.0	0.0	0.0	0.0	0.0	0.0	0.0	0.0	0.0037	0.0	0.0	0.0	0.001	0.0	0.0	0.001	0.0868	0.0868	0.0868	0.0868	0.011	0.011	0.011	0.011	0.011	0.011	0.011	0.011	0.011	0.011	0.011	0.011	0.011	0.011	0.011	0.011	0.011	0.0474	0.0474	0.0474	0.0474	0.0474	0.0474	0.0474	0.0474	0.0474	0.0474
37	0.0072	0.0072	0.0072	0.0056	0.0072	0.0072	0.0072	0.0072	0.0072	0.0072	0.0072	0.0072	0.0072	0.0072	0.0072	0.0072	0.0072	0.0072	0.0072	0.0072	0.0072	0.0072	0.0072	0.0072	0.0072	0.015	0.0072	0.0072	0.0072	0.0072	0.0	0.0072	0.0072	0.0072	0.0072	0.0072	0.0072	0.0072	0.0069	0.0072	0.015	0.0072	0.0072	0.0072	0.0056	0.0072	0.0072	0.0072	0.0072	0.0072	0.0072	0.0072	0.0072	0.0072	0.0072	0.0072	0.0072	0.0072	0.0072	0.0072	0.0072	0.0072	0.0035	0.0072	0.0072	0.0072	0.0072	0.0069	0.0072	0.0072	0.0035	0.0072	0.0072	0.0072	0.0056	0.0072	0.0072	0.0072	0.0072	0.0072	0.0072	0.0069	0.0072	0.0072	0.0072	0.0072	0.0072	0.0072	0.0	0.0072	0.0072	0.0072	0.0072	0.0072	0.0072	0.0072	0.0072	0.0056	0.0072	0.0072	0.0072	0.0072	0.0072	0.0035	0.0	0.0035	0.0072	0.0072	0.0072	0.0072	0.0072	0.0111	0.0072	0.0072	0.0072	0.0072	0.0072	0.0072	0.0072	0.0072	0.0072	0.0072	0.0072	0.0072	0.0072	0.0072	0.0072	0.0072	0.0072	0.0072	0.0056	0.0072	0.0072	0.0072	0.0072	0.0072	0.0072	0.0072	0.0072	0.0072	0.0056	0.0072	0.0072	0.0072	0.0072	0.0072	0.0072	0.0035	0.0072	0.0072	0.0072	0.0072	0.0035	0.0072	0.0072	0.0072	0.0	0.0069	0.0072	0.0072	0.0072	0.0072	0.0072	0.0069	0.0072	0.0072	0.0072	0.0072	0.0072	0.0072	0.0072	0.0072	0.0072	0.0072	0.0072	0.0111	0.0072	0.0111	0.0072	0.0072	0.0035	0.0072	0.0072	0.0072	0.0072	0.0072	0.0072	0.0072	0.0072	0.0072	0.0111	0.0072	0.0035	0.0072	0.0072	0.0072	0.0069	0.0072	0.0072	0.0072	0.0069	0.0072	0.0072	0.0072	0.0072	0.0072	0.0072	0.0072	0.0072	0.0072	0.0072	0.0072	0.0072	0.0072	0.0111	0.0072	0.0072	0.0072	0.0072	0.0072	0.0072	0.0	0.0072	0.0072	0.0072	0.0072	0.0072	0.0072	0.0072	0.0072	0.0072	0.0072	0.0072	0.0072	0.0072	0.0069	0.0111	0.0035	0.0072	0.0072	0.0072	0.0072	0.0072	0.0072	0.0072	0.0072	0.0072	0.0072	0.0072	0.0072	0.0072	0.0056	0.0072	0.0072	0.0072	0.0072	0.0072	0.0072	0.0072	0.0072	0.0072	0.0072	0.0072	0.0072	0.0072	0.0056	0.0072	0.0072	0.0056	0.0635	0.0635	0.0635	0.0635	0.0254	0.0254	0.0254	0.0254	0.0254	0.0254	0.0254	0.0254	0.0254	0.0254	0.0254	0.0254	0.0254	0.0254	0.0254	0.0254	0.0254	0.0463	0.0463	0.0463	0.0463	0.0463	0.0463	0.0463	0.0463	0.0463	0.0463
38	0.0271	0.0271	0.0271	0.0141	0.0271	0.0271	0.0271	0.0271	0.0271	0.0271	0.0271	0.0271	0.0271	0.0271	0.0271	0.0271	0.0271	0.0271	0.0271	0.0271	0.0271	0.0271	0.0271	0.0271	0.0271	0.1979	0.0271	0.0271	0.0271	0.0271	0.3064	0.0271	0.0271	0.0271	0.0271	0.0271	0.0271	0.0271	0.0245	0.0271	0.1979	0.0271	0.0271	0.0271	0.0141	0.0271	0.0271	0.0271	0.0271	0.0271	0.0271	0.0271	0.0271	0.0271	0.0271	0.0271	0.0271	0.0271	0.0271	0.0271	0.0271	0.0271	0.0155	0.0255	0.0271	0.0271	0.0271	0.0245	0.0271	0.0271	0.0155	0.0271	0.0271	0.0271	0.0141	0.0271	0.0271	0.0271	0.0271	0.0271	0.0271	0.0245	0.0271	0.0271	0.0271	0.0271	0.0271	0.0271	0.3064	0.0271	0.0271	0.0271	0.0271	0.0271	0.0271	0.0271	0.0271	0.0141	0.0255	0.0271	0.0271	0.0271	0.0271	0.0155	0.3064	0.0155	0.0271	0.0271	0.0271	0.0271	0.0271	0.0171	0.0271	0.0271	0.0271	0.0271	0.0271	0.0271	0.0271	0.0271	0.0271	0.0271	0.0271	0.0271	0.0271	0.0271	0.0271	0.0271	0.0271	0.0271	0.0141	0.0271	0.0271	0.0271	0.0271	0.0271	0.0271	0.0271	0.0271	0.0271	0.0141	0.0271	0.0271	0.0271	0.0271	0.0271	0.0271	0.0155	0.0271	0.0271	0.0271	0.0271	0.0155	0.0271	0.0271	0.0271	0.3064	0.0245	0.0271	0.0271	0.0271	0.0271	0.0271	0.0245	0.0271	0.0271	0.0271	0.0271	0.0271	0.0255	0.0271	0.0271	0.0271	0.0271	0.0271	0.0171	0.0271	0.0171	0.0271	0.0271	0.0155	0.0271	0.0271	0.0271	0.0271	0.0271	0.0271	0.0271	0.0271	0.0271	0.0171	0.0271	0.0155	0.0271	0.0271	0.0271	0.0245	0.0271	0.0271	0.0271	0.0245	0.0271	0.0271	0.0271	0.0271	0.0271	0.0271	0.0271	0.0271	0.0271	0.0271	0.0271	0.0271	0.0271	0.0171	0.0271	0.0271	0.0271	0.0271	0.0271	0.0271	0.3064	0.0271	0.0271	0.0271	0.0271	0.0271	0.0271	0.0271	0.0271	0.0271	0.0271	0.0271	0.0271	0.0271	0.0245	0.0171	0.0155	0.0271	0.0271	0.0271	0.0271	0.0271	0.0271	0.0271	0.0271	0.0271	0.0271	0.0271	0.0271	0.0271	0.0141	0.0271	0.0271	0.0271	0.0271	0.0271	0.0271	0.0271	0.0271	0.0271	0.0255	0.0271	0.0271	0.0271	0.0141	0.0271	0.0271	0.0141	0.0677	0.0677	0.0677	0.0677	0.0864	0.0864	0.0864	0.0864	0.0864	0.0864	0.0864	0.0864	0.0864	0.0864	0.0864	0.0864	0.0864	0.0864	0.0864	0.0864	0.0864	0.0346	0.0346	0.0346	0.0346	0.0346	0.0346	0.0346	0.0346	0.0346	0.0346
39	0.0169	0.0169	0.0169	0.0162	0.0169	0.0169	0.0169	0.0169	0.0169	0.0169	0.0169	0.0169	0.0169	0.0169	0.0169	0.0169	0.0169	0.0169	0.0169	0.0169	0.0169	0.0169	0.0169	0.0169	0.0169	0.0001	0.0169	0.0169	0.0169	0.0169	0.05	0.0169	0.0169	0.0169	0.0169	0.0169	0.0169	0.0169	0.0127	0.0169	0.0001	0.0169	0.0169	0.0169	0.0162	0.0169	0.0169	0.0169	0.0169	0.0169	0.0169	0.0169	0.0169	0.0169	0.0169	0.0169	0.0169	0.0169	0.0169	0.0169	0.0169	0.0169	0.0134	0.0173	0.0169	0.0169	0.0169	0.0127	0.0169	0.0169	0.0134	0.0169	0.0169	0.0169	0.0162	0.0169	0.0169	0.0169	0.0169	0.0169	0.0169	0.0127	0.0169	0.0169	0.0169	0.0169	0.0169	0.0169	0.05	0.0169	0.0169	0.0169	0.0169	0.0169	0.0169	0.0169	0.0169	0.0162	0.0173	0.0169	0.0169	0.0169	0.0169	0.0134	0.05	0.0134	0.0169	0.0169	0.0169	0.0169	0.0169	0.0163	0.0169	0.0169	0.0169	0.0169	0.0169	0.0169	0.0169	0.0169	0.0169	0.0169	0.0169	0.0169	0.0169	0.0169	0.0169	0.0169	0.0169	0.0169	0.0162	0.0169	0.0169	0.0169	0.0169	0.0169	0.0169	0.0169	0.0169	0.0169	0.0162	0.0169	0.0169	0.0169	0.0169	0.0169	0.0169	0.0134	0.0169	0.0169	0.0169	0.0169	0.0134	0.0169	0.0169	0.0169	0.05	0.0127	0.0169	0.0169	0.0169	0.0169	0.0169	0.0127	0.0169	0.0169	0.0169	0.0169	0.0169	0.0173	0.0169	0.0169	0.0169	0.0169	0.0169	0.0163	0.0169	0.0163	0.0169	0.0169	0.0134	0.0169	0.0169	0.0169	0.0169	0.0169	0.0169	0.0169	0.0169	0.0169	0.0163	0.0169	0.0134	0.0169	0.0169	0.0169	0.0127	0.0169	0.0169	0.0169	0.0127	0.0169	0.0169	0.0169	0.0169	0.0169	0.0169	0.0169	0.0169	0.0169	0.0169	0.0169	0.0169	0.0169	0.0163	0.0169	0.0169	0.0169	0.0169	0.0169	0.0169	0.05	0.0169	0.0169	0.0169	0.0169	0.0169	0.0169	0.0169	0.0169	0.0169	0.0169	0.0169	0.0169	0.0169	0.0127	0.0163	0.0134	0.0169	0.0169	0.0169	0.0169	0.0169	0.0169	0.0169	0.0169	0.0169	0.0169	0.0169	0.0169	0.0169	0.0162	0.0169	0.0169	0.0169	0.0169	0.0169	0.0169	0.0169	0.0169	0.0169	0.0173	0.0169	0.0169	0.0169	0.0162	0.0169	0.0169	0.0162	0.0705	0.0705	0.0705	0.0705	0.0222	0.0222	0.0222	0.0222	0.0222	0.0222	0.0222	0.0222	0.0222	0.0222	0.0222	0.0222	0.0222	0.0222	0.0222	0.0222	0.0222	0.0256	0.0256	0.0256	0.0256	0.0256	0.0256	0.0256	0.0256	0.0256	0.0256
40	0.0007	0.0007	0.0007	0.0023	0.0007	0.0007	0.0007	0.0007	0.0007	0.0007	0.0007	0.0007	0.0007	0.0007	0.0007	0.0007	0.0007	0.0007	0.0007	0.0007	0.0007	0.0007	0.0007	0.0007	0.0007	0.0542	0.0007	0.0007	0.0007	0.0007	0.1352	0.0007	0.0007	0.0007	0.0007	0.0007	0.0007	0.0007	0.005	0.0007	0.0542	0.0007	0.0007	0.0007	0.0023	0.0007	0.0007	0.0007	0.0007	0.0007	0.0007	0.0007	0.0007	0.0007	0.0007	0.0007	0.0007	0.0007	0.0007	0.0007	0.0007	0.0007	0.0026	0.0039	0.0007	0.0007	0.0007	0.005	0.0007	0.0007	0.0026	0.0007	0.0007	0.0007	0.0023	0.0007	0.0007	0.0007	0.0007	0.0007	0.0007	0.005	0.0007	0.0007	0.0007	0.0007	0.0007	0.0007	0.1352	0.0007	0.0007	0.0007	0.0007	0.0007	0.0007	0.0007	0.0007	0.0023	0.0039	0.0007	0.0007	0.0007	0.0007	0.0026	0.1352	0.0026	0.0007	0.0007	0.0007	0.0007	0.0007	0.0135	0.0007	0.0007	0.0007	0.0007	0.0007	0.0007	0.0007	0.0007	0.0007	0.0007	0.0007	0.0007	0.0007	0.0007	0.0007	0.0007	0.0007	0.0007	0.0023	0.0007	0.0007	0.0007	0.0007	0.0007	0.0007	0.0007	0.0007	0.0007	0.0023	0.0007	0.0007	0.0007	0.0007	0.0007	0.0007	0.0026	0.0007	0.0007	0.0007	0.0007	0.0026	0.0007	0.0007	0.0007	0.1352	0.005	0.0007	0.0007	0.0007	0.0007	0.0007	0.005	0.0007	0.0007	0.0007	0.0007	0.0007	0.0039	0.0007	0.0007	0.0007	0.0007	0.0007	0.0135	0.0007	0.0135	0.0007	0.0007	0.0026	0.0007	0.0007	0.0007	0.0007	0.0007	0.0007	0.0007	0.0007	0.0007	0.0135	0.0007	0.0026	0.0007	0.0007	0.0007	0.005	0.0007	0.0007	0.0007	0.005	0.0007	0.0007	0.0007	0.0007	0.0007	0.0007	0.0007	0.0007	0.0007	0.0007	0.0007	0.0007	0.0007	0.0135	0.0007	0.0007	0.0007	0.0007	0.0007	0.0007	0.1352	0.0007	0.0007	0.0007	0.0007	0.0007	0.0007	0.0007	0.0007	0.0007	0.0007	0.0007	0.0007	0.0007	0.005	0.0135	0.0026	0.0007	0.0007	0.0007	0.0007	0.0007	0.0007	0.0007	0.0007	0.0007	0.0007	0.0007	0.0007	0.0007	0.0023	0.0007	0.0007	0.0007	0.0007	0.0007	0.0007	0.0007	0.0007	0.0007	0.0039	0.0007	0.0007	0.0007	0.0023	0.0007	0.0007	0.0023	0.0791	0.0791	0.0791	0.0791	0.0179	0.0179	0.0179	0.0179	0.0179	0.0179	0.0179	0.0179	0.0179	0.0179	0.0179	0.0179	0.0179	0.0179	0.0179	0.0179	0.0179	0.0467	0.0467	0.0467	0.0467	0.0467	0.0467	0.0467	0.0467	0.0467	0.0467
41	0.014	0.014	0.014	0.0164	0.014	0.014	0.014	0.014	0.014	0.014	0.014	0.014	0.014	0.014	0.014	0.014	0.014	0.014	0.014	0.014	0.014	0.014	0.014	0.014	0.014	0.4467	0.014	0.014	0.014	0.014	0.411	0.014	0.014	0.014	0.014	0.014	0.014	0.014	0.0512	0.014	0.4467	0.014	0.014	0.014	0.0164	0.014	0.014	0.014	0.014	0.014	0.014	0.014	0.014	0.014	0.014	0.014	0.014	0.014	0.014	0.014	0.014	0.014	0.011	0.0191	0.014	0.014	0.014	0.0512	0.014	0.014	0.011	0.014	0.014	0.014	0.0164	0.014	0.014	0.014	0.014	0.014	0.014	0.0512	0.014	0.014	0.014	0.014	0.014	0.014	0.411	0.014	0.014	0.014	0.014	0.014	0.014	0.014	0.014	0.0164	0.0191	0.014	0.014	0.014	0.014	0.011	0.411	0.011	0.014	0.014	0.014	0.014	0.014	0.019	0.014	0.014	0.014	0.014	0.014	0.014	0.014	0.014	0.014	0.014	0.014	0.014	0.014	0.014	0.014	0.014	0.014	0.014	0.0164	0.014	0.014	0.014	0.014	0.014	0.014	0.014	0.014	0.014	0.0164	0.014	0.014	0.014	0.014	0.014	0.014	0.011	0.014	0.014	0.014	0.014	0.011	0.014	0.014	0.014	0.411	0.0512	0.014	0.014	0.014	0.014	0.014	0.0512	0.014	0.014	0.014	0.014	0.014	0.0191	0.014	0.014	0.014	0.014	0.014	0.019	0.014	0.019	0.014	0.014	0.011	0.014	0.014	0.014	0.014	0.014	0.014	0.014	0.014	0.014	0.019	0.014	0.011	0.014	0.014	0.014	0.0512	0.014	0.014	0.014	0.0512	0.014	0.014	0.014	0.014	0.014	0.014	0.014	0.014	0.014	0.014	0.014	0.014	0.014	0.019	0.014	0.014	0.014	0.014	0.014	0.014	0.411	0.014	0.014	0.014	0.014	0.014	0.014	0.014	0.014	0.014	0.014	0.014	0.014	0.014	0.0512	0.019	0.011	0.014	0.014	0.014	0.014	0.014	0.014	0.014	0.014	0.014	0.014	0.014	0.014	0.014	0.0164	0.014	0.014	0.014	0.014	0.014	0.014	0.014	0.014	0.014	0.0191	0.014	0.014	0.014	0.0164	0.014	0.014	0.0164	0.4499	0.4499	0.4499	0.4499	0.1017	0.1017	0.1017	0.1017	0.1017	0.1017	0.1017	0.1017	0.1017	0.1017	0.1017	0.1017	0.1017	0.1017	0.1017	0.1017	0.1017	0.0466	0.0466	0.0466	0.0466	0.0466	0.0466	0.0466	0.0466	0.0466	0.0466
42	0.0143	0.0143	0.0143	0.0063	0.0143	0.0143	0.0143	0.0143	0.0143	0.0143	0.0143	0.0143	0.0143	0.0143	0.0143	0.0143	0.0143	0.0143	0.0143	0.0143	0.0143	0.0143	0.0143	0.0143	0.0143	0.002	0.0143	0.0143	0.0143	0.0143	0.0007	0.0143	0.0143	0.0143	0.0143	0.0143	0.0143	0.0143	0.0093	0.0143	0.002	0.0143	0.0143	0.0143	0.0063	0.0143	0.0143	0.0143	0.0143	0.0143	0.0143	0.0143	0.0143	0.0143	0.0143	0.0143	0.0143	0.0143	0.0143	0.0143	0.0143	0.0143	0.0145	0.0097	0.0143	0.0143	0.0143	0.0093	0.0143	0.0143	0.0145	0.0143	0.0143	0.0143	0.0063	0.0143	0.0143	0.0143	0.0143	0.0143	0.0143	0.0093	0.0143	0.0143	0.0143	0.0143	0.0143	0.0143	0.0007	0.0143	0.0143	0.0143	0.0143	0.0143	0.0143	0.0143	0.0143	0.0063	0.0097	0.0143	0.0143	0.0143	0.0143	0.0145	0.0007	0.0145	0.0143	0.0143	0.0143	0.0143	0.0143	0.0134	0.0143	0.0143	0.0143	0.0143	0.0143	0.0143	0.0143	0.0143	0.0143	0.0143	0.0143	0.0143	0.0143	0.0143	0.0143	0.0143	0.0143	0.0143	0.0063	0.0143	0.0143	0.0143	0.0143	0.0143	0.0143	0.0143	0.0143	0.0143	0.0063	0.0143	0.0143	0.0143	0.0143	0.0143	0.0143	0.0145	0.0143	0.0143	0.0143	0.0143	0.0145	0.0143	0.0143	0.0143	0.0007	0.0093	0.0143	0.0143	0.0143	0.0143	0.0143	0.0093	0.0143	0.0143	0.0143	0.0143	0.0143	0.0097	0.0143	0.0143	0.0143	0.0143	0.0143	0.0134	0.0143	0.0134	0.0143	0.0143	0.0145	0.0143	0.0143	0.0143	0.0143	0.0143	0.0143	0.0143	0.0143	0.0143	0.0134	0.0143	0.0145	0.0143	0.0143	0.0143	0.0093	0.0143	0.0143	0.0143	0.0093	0.0143	0.0143	0.0143	0.0143	0.0143	0.0143	0.0143	0.0143	0.0143	0.0143	0.0143	0.0143	0.0143	0.0134	0.0143	0.0143	0.0143	0.0143	0.0143	0.0143	0.0007	0.0143	0.0143	0.0143	0.0143	0.0143	0.0143	0.0143	0.0143	0.0143	0.0143	0.0143	0.0143	0.0143	0.0093	0.0134	0.0145	0.0143	0.0143	0.0143	0.0143	0.0143	0.0143	0.0143	0.0143	0.0143	0.0143	0.0143	0.0143	0.0143	0.0063	0.0143	0.0143	0.0143	0.0143	0.0143	0.0143	0.0143	0.0143	0.0143	0.0097	0.0143	0.0143	0.0143	0.0063	0.0143	0.0143	0.0063	0.0792	0.0792	0.0792	0.0792	0.0151	0.0151	0.0151	0.0151	0.0151	0.0151	0.0151	0.0151	0.0151	0.0151	0.0151	0.0151	0.0151	0.0151	0.0151	0.0151	0.0151	0.0331	0.0331	0.0331	0.0331	0.0331	0.0331	0.0331	0.0331	0.0331	0.0331
43	0.0208	0.0208	0.0208	0.013	0.0208	0.0208	0.0208	0.0208	0.0208	0.0208	0.0208	0.0208	0.0208	0.0208	0.0208	0.0208	0.0208	0.0208	0.0208	0.0208	0.0208	0.0208	0.0208	0.0208	0.0208	0.2009	0.0208	0.0208	0.0208	0.0208	0.0003	0.0208	0.0208	0.0208	0.0208	0.0208	0.0208	0.0208	0.0147	0.0208	0.2009	0.0208	0.0208	0.0208	0.013	0.0208	0.0208	0.0208	0.0208	0.0208	0.0208	0.0208	0.0208	0.0208	0.0208	0.0208	0.0208	0.0208	0.0208	0.0208	0.0208	0.0208	0.0223	0.0264	0.0208	0.0208	0.0208	0.0147	0.0208	0.0208	0.0223	0.0208	0.0208	0.0208	0.013	0.0208	0.0208	0.0208	0.0208	0.0208	0.0208	0.0147	0.0208	0.0208	0.0208	0.0208	0.0208	0.0208	0.0003	0.0208	0.0208	0.0208	0.0208	0.0208	0.0208	0.0208	0.0208	0.013	0.0264	0.0208	0.0208	0.0208	0.0208	0.0223	0.0003	0.0223	0.0208	0.0208	0.0208	0.0208	0.0208	0.0131	0.0208	0.0208	0.0208	0.0208	0.0208	0.0208	0.0208	0.0208	0.0208	0.0208	0.0208	0.0208	0.0208	0.0208	0.0208	0.0208	0.0208	0.0208	0.013	0.0208	0.0208	0.0208	0.0208	0.0208	0.0208	0.0208	0.0208	0.0208	0.013	0.0208	0.0208	0.0208	0.0208	0.0208	0.0208	0.0223	0.0208	0.0208	0.0208	0.0208	0.0223	0.0208	0.0208	0.0208	0.0003	0.0147	0.0208	0.0208	0.0208	0.0208	0.0208	0.0147	0.0208	0.0208	0.0208	0.0208	0.0208	0.0264	0.0208	0.0208	0.0208	0.0208	0.0208	0.0131	0.0208	0.0131	0.0208	0.0208	0.0223	0.0208	0.0208	0.0208	0.0208	0.0208	0.0208	0.0208	0.0208	0.0208	0.0131	0.0208	0.0223	0.0208	0.0208	0.0208	0.0147	0.0208	0.0208	0.0208	0.0147	0.0208	0.0208	0.0208	0.0208	0.0208	0.0208	0.0208	0.0208	0.0208	0.0208	0.0208	0.0208	0.0208	0.0131	0.0208	0.0208	0.0208	0.0208	0.0208	0.0208	0.0003	0.0208	0.0208	0.0208	0.0208	0.0208	0.0208	0.0208	0.0208	0.0208	0.0208	0.0208	0.0208	0.0208	0.0147	0.0131	0.0223	0.0208	0.0208	0.0208	0.0208	0.0208	0.0208	0.0208	0.0208	0.0208	0.0208	0.0208	0.0208	0.0208	0.013	0.0208	0.0208	0.0208	0.0208	0.0208	0.0208	0.0208	0.0208	0.0208	0.0264	0.0208	0.0208	0.0208	0.013	0.0208	0.0208	0.013	0.0515	0.0515	0.0515	0.0515	0.0928	0.0928	0.0928	0.0928	0.0928	0.0928	0.0928	0.0928	0.0928	0.0928	0.0928	0.0928	0.0928	0.0928	0.0928	0.0928	0.0928	0.0339	0.0339	0.0339	0.0339	0.0339	0.0339	0.0339	0.0339	0.0339	0.0339
44	0.0013	0.0013	0.0013	0.0061	0.0013	0.0013	0.0013	0.0013	0.0013	0.0013	0.0013	0.0013	0.0013	0.0013	0.0013	0.0013	0.0013	0.0013	0.0013	0.0013	0.0013	0.0013	0.0013	0.0013	0.0013	0.0049	0.0013	0.0013	0.0013	0.0013	0.0745	0.0013	0.0013	0.0013	0.0013	0.0013	0.0013	0.0013	0.0068	0.0013	0.0049	0.0013	0.0013	0.0013	0.0061	0.0013	0.0013	0.0013	0.0013	0.0013	0.0013	0.0013	0.0013	0.0013	0.0013	0.0013	0.0013	0.0013	0.0013	0.0013	0.0013	0.0013	0.005	0.0067	0.0013	0.0013	0.0013	0.0068	0.0013	0.0013	0.005	0.0013	0.0013	0.0013	0.0061	0.0013	0.0013	0.0013	0.0013	0.0013	0.0013	0.0068	0.0013	0.0013	0.0013	0.0013	0.0013	0.0013	0.0745	0.0013	0.0013	0.0013	0.0013	0.0013	0.0013	0.0013	0.0013	0.0061	0.0067	0.0013	0.0013	0.0013	0.0013	0.005	0.0745	0.005	0.0013	0.0013	0.0013	0.0013	0.0013	0.0073	0.0013	0.0013	0.0013	0.0013	0.0013	0.0013	0.0013	0.0013	0.0013	0.0013	0.0013	0.0013	0.0013	0.0013	0.0013	0.0013	0.0013	0.0013	0.0061	0.0013	0.0013	0.0013	0.0013	0.0013	0.0013	0.0013	0.0013	0.0013	0.0061	0.0013	0.0013	0.0013	0.0013	0.0013	0.0013	0.005	0.0013	0.0013	0.0013	0.0013	0.005	0.0013	0.0013	0.0013	0.0745	0.0068	0.0013	0.0013	0.0013	0.0013	0.0013	0.0068	0.0013	0.0013	0.0013	0.0013	0.0013	0.0067	0.0013	0.0013	0.0013	0.0013	0.0013	0.0073	0.0013	0.0073	0.0013	0.0013	0.005	0.0013	0.0013	0.0013	0.0013	0.0013	0.0013	0.0013	0.0013	0.0013	0.0073	0.0013	0.005	0.0013	0.0013	0.0013	0.0068	0.0013	0.0013	0.0013	0.0068	0.0013	0.0013	0.0013	0.0013	0.0013	0.0013	0.0013	0.0013	0.0013	0.0013	0.0013	0.0013	0.0013	0.0073	0.0013	0.0013	0.0013	0.0013	0.0013	0.0013	0.0745	0.0013	0.0013	0.0013	0.0013	0.0013	0.0013	0.0013	0.0013	0.0013	0.0013	0.0013	0.0013	0.0013	0.0068	0.0073	0.005	0.0013	0.0013	0.0013	0.0013	0.0013	0.0013	0.0013	0.0013	0.0013	0.0013	0.0013	0.0013	0.0013	0.0061	0.0013	0.0013	0.0013	0.0013	0.0013	0.0013	0.0013	0.0013	0.0013	0.0067	0.0013	0.0013	0.0013	0.0061	0.0013	0.0013	0.0061	0.1045	0.1045	0.1045	0.1045	0.0195	0.0195	0.0195	0.0195	0.0195	0.0195	0.0195	0.0195	0.0195	0.0195	0.0195	0.0195	0.0195	0.0195	0.0195	0.0195	0.0195	0.0426	0.0426	0.0426	0.0426	0.0426	0.0426	0.0426	0.0426	0.0426	0.0426
45	0.0024	0.0024	0.0024	0.0039	0.0024	0.0024	0.0024	0.0024	0.0024	0.0024	0.0024	0.0024	0.0024	0.0024	0.0024	0.0024	0.0024	0.0024	0.0024	0.0024	0.0024	0.0024	0.0024	0.0024	0.0024	0.0055	0.0024	0.0024	0.0024	0.0024	0.0012	0.0024	0.0024	0.0024	0.0024	0.0024	0.0024	0.0024	0.0066	0.0024	0.0055	0.0024	0.0024	0.0024	0.0039	0.0024	0.0024	0.0024	0.0024	0.0024	0.0024	0.0024	0.0024	0.0024	0.0024	0.0024	0.0024	0.0024	0.0024	0.0024	0.0024	0.0024	0.0031	0.0048	0.0024	0.0024	0.0024	0.0066	0.0024	0.0024	0.0031	0.0024	0.0024	0.0024	0.0039	0.0024	0.0024	0.0024	0.0024	0.0024	0.0024	0.0066	0.0024	0.0024	0.0024	0.0024	0.0024	0.0024	0.0012	0.0024	0.0024	0.0024	0.0024	0.0024	0.0024	0.0024	0.0024	0.0039	0.0048	0.0024	0.0024	0.0024	0.0024	0.0031	0.0012	0.0031	0.0024	0.0024	0.0024	0.0024	0.0024	0.003	0.0024	0.0024	0.0024	0.0024	0.0024	0.0024	0.0024	0.0024	0.0024	0.0024	0.0024	0.0024	0.0024	0.0024	0.0024	0.0024	0.0024	0.0024	0.0039	0.0024	0.0024	0.0024	0.0024	0.0024	0.0024	0.0024	0.0024	0.0024	0.0039	0.0024	0.0024	0.0024	0.0024	0.0024	0.0024	0.0031	0.0024	0.0024	0.0024	0.0024	0.0031	0.0024	0.0024	0.0024	0.0012	0.0066	0.0024	0.0024	0.0024	0.0024	0.0024	0.0066	0.0024	0.0024	0.0024	0.0024	0.0024	0.0048	0.0024	0.0024	0.0024	0.0024	0.0024	0.003	0.0024	0.003	0.0024	0.0024	0.0031	0.0024	0.0024	0.0024	0.0024	0.0024	0.0024	0.0024	0.0024	0.0024	0.003	0.0024	0.0031	0.0024	0.0024	0.0024	0.0066	0.0024	0.0024	0.0024	0.0066	0.0024	0.0024	0.0024	0.0024	0.0024	0.0024	0.0024	0.0024	0.0024	0.0024	0.0024	0.0024	0.0024	0.003	0.0024	0.0024	0.0024	0.0024	0.0024	0.0024	0.0012	0.0024	0.0024	0.0024	0.0024	0.0024	0.0024	0.0024	0.0024	0.0024	0.0024	0.0024	0.0024	0.0024	0.0066	0.003	0.0031	0.0024	0.0024	0.0024	0.0024	0.0024	0.0024	0.0024	0.0024	0.0024	0.0024	0.0024	0.0024	0.0024	0.0039	0.0024	0.0024	0.0024	0.0024	0.0024	0.0024	0.0024	0.0024	0.0024	0.0048	0.0024	0.0024	0.0024	0.0039	0.0024	0.0024	0.0039	0.0819	0.0819	0.0819	0.0819	0.0248	0.0248	0.0248	0.0248	0.0248	0.0248	0.0248	0.0248	0.0248	0.0248	0.0248	0.0248	0.0248	0.0248	0.0248	0.0248	0.0248	0.0493	0.0493	0.0493	0.0493	0.0493	0.0493	0.0493	0.0493	0.0493	0.0493
46	0.0107	0.0107	0.0107	0.0092	0.0107	0.0107	0.0107	0.0107	0.0107	0.0107	0.0107	0.0107	0.0107	0.0107	0.0107	0.0107	0.0107	0.0107	0.0107	0.0107	0.0107	0.0107	0.0107	0.0107	0.0107	0.2002	0.0107	0.0107	0.0107	0.0107	0.1912	0.0107	0.0107	0.0107	0.0107	0.0107	0.0107	0.0107	0.016	0.0107	0.2002	0.0107	0.0107	0.0107	0.0092	0.0107	0.0107	0.0107	0.0107	0.0107	0.0107	0.0107	0.0107	0.0107	0.0107	0.0107	0.0107	0.0107	0.0107	0.0107	0.0107	0.0107	0.008	0.0196	0.0107	0.0107	0.0107	0.016	0.0107	0.0107	0.008	0.0107	0.0107	0.0107	0.0092	0.0107	0.0107	0.0107	0.0107	0.0107	0.0107	0.016	0.0107	0.0107	0.0107	0.0107	0.0107	0.0107	0.1912	0.0107	0.0107	0.0107	0.0107	0.0107	0.0107	0.0107	0.0107	0.0092	0.0196	0.0107	0.0107	0.0107	0.0107	0.008	0.1912	0.008	0.0107	0.0107	0.0107	0.0107	0.0107	0.0114	0.0107	0.0107	0.0107	0.0107	0.0107	0.0107	0.0107	0.0107	0.0107	0.0107	0.0107	0.0107	0.0107	0.0107	0.0107	0.0107	0.0107	0.0107	0.0092	0.0107	0.0107	0.0107	0.0107	0.0107	0.0107	0.0107	0.0107	0.0107	0.0092	0.0107	0.0107	0.0107	0.0107	0.0107	0.0107	0.008	0.0107	0.0107	0.0107	0.0107	0.008	0.0107	0.0107	0.0107	0.1912	0.016	0.0107	0.0107	0.0107	0.0107	0.0107	0.016	0.0107	0.0107	0.0107	0.0107	0.0107	0.0196	0.0107	0.0107	0.0107	0.0107	0.0107	0.0114	0.0107	0.0114	0.0107	0.0107	0.008	0.0107	0.0107	0.0107	0.0107	0.0107	0.0107	0.0107	0.0107	0.0107	0.0114	0.0107	0.008	0.0107	0.0107	0.0107	0.016	0.0107	0.0107	0.0107	0.016	0.0107	0.0107	0.0107	0.0107	0.0107	0.0107	0.0107	0.0107	0.0107	0.0107	0.0107	0.0107	0.0107	0.0114	0.0107	0.0107	0.0107	0.0107	0.0107	0.0107	0.1912	0.0107	0.0107	0.0107	0.0107	0.0107	0.0107	0.0107	0.0107	0.0107	0.0107	0.0107	0.0107	0.0107	0.016	0.0114	0.008	0.0107	0.0107	0.0107	0.0107	0.0107	0.0107	0.0107	0.0107	0.0107	0.0107	0.0107	0.0107	0.0107	0.0092	0.0107	0.0107	0.0107	0.0107	0.0107	0.0107	0.0107	0.0107	0.0107	0.0196	0.0107	0.0107	0.0107	0.0092	0.0107	0.0107	0.0092	0.069	0.069	0.069	0.069	0.0243	0.0243	0.0243	0.0243	0.0243	0.0243	0.0243	0.0243	0.0243	0.0243	0.0243	0.0243	0.0243	0.0243	0.0243	0.0243	0.0243	0.0245	0.0245	0.0245	0.0245	0.0245	0.0245	0.0245	0.0245	0.0245	0.0245
47	0.0139	0.0139	0.0139	0.0173	0.0139	0.0139	0.0139	0.0139	0.0139	0.0139	0.0139	0.0139	0.0139	0.0139	0.0139	0.0139	0.0139	0.0139	0.0139	0.0139	0.0139	0.0139	0.0139	0.0139	0.0139	0.0048	0.0139	0.0139	0.0139	0.0139	0.0195	0.0139	0.0139	0.0139	0.0139	0.0139	0.0139	0.0139	0.0125	0.0139	0.0048	0.0139	0.0139	0.0139	0.0173	0.0139	0.0139	0.0139	0.0139	0.0139	0.0139	0.0139	0.0139	0.0139	0.0139	0.0139	0.0139	0.0139	0.0139	0.0139	0.0139	0.0139	0.0069	0.0094	0.0139	0.0139	0.0139	0.0125	0.0139	0.0139	0.0069	0.0139	0.0139	0.0139	0.0173	0.0139	0.0139	0.0139	0.0139	0.0139	0.0139	0.0125	0.0139	0.0139	0.0139	0.0139	0.0139	0.0139	0.0195	0.0139	0.0139	0.0139	0.0139	0.0139	0.0139	0.0139	0.0139	0.0173	0.0094	0.0139	0.0139	0.0139	0.0139	0.0069	0.0195	0.0069	0.0139	0.0139	0.0139	0.0139	0.0139	0.0106	0.0139	0.0139	0.0139	0.0139	0.0139	0.0139	0.0139	0.0139	0.0139	0.0139	0.0139	0.0139	0.0139	0.0139	0.0139	0.0139	0.0139	0.0139	0.0173	0.0139	0.0139	0.0139	0.0139	0.0139	0.0139	0.0139	0.0139	0.0139	0.0173	0.0139	0.0139	0.0139	0.0139	0.0139	0.0139	0.0069	0.0139	0.0139	0.0139	0.0139	0.0069	0.0139	0.0139	0.0139	0.0195	0.0125	0.0139	0.0139	0.0139	0.0139	0.0139	0.0125	0.0139	0.0139	0.0139	0.0139	0.0139	0.0094	0.0139	0.0139	0.0139	0.0139	0.0139	0.0106	0.0139	0.0106	0.0139	0.0139	0.0069	0.0139	0.0139	0.0139	0.0139	0.0139	0.0139	0.0139	0.0139	0.0139	0.0106	0.0139	0.0069	0.0139	0.0139	0.0139	0.0125	0.0139	0.0139	0.0139	0.0125	0.0139	0.0139	0.0139	0.0139	0.0139	0.0139	0.0139	0.0139	0.0139	0.0139	0.0139	0.0139	0.0139	0.0106	0.0139	0.0139	0.0139	0.0139	0.0139	0.0139	0.0195	0.0139	0.0139	0.0139	0.0139	0.0139	0.0139	0.0139	0.0139	0.0139	0.0139	0.0139	0.0139	0.0139	0.0125	0.0106	0.0069	0.0139	0.0139	0.0139	0.0139	0.0139	0.0139	0.0139	0.0139	0.0139	0.0139	0.0139	0.0139	0.0139	0.0173	0.0139	0.0139	0.0139	0.0139	0.0139	0.0139	0.0139	0.0139	0.0139	0.0094	0.0139	0.0139	0.0139	0.0173	0.0139	0.0139	0.0173	0.1123	0.1123	0.1123	0.1123	0.0185	0.0185	0.0185	0.0185	0.0185	0.0185	0.0185	0.0185	0.0185	0.0185	0.0185	0.0185	0.0185	0.0185	0.0185	0.0185	0.0185	0.0318	0.0318	0.0318	0.0318	0.0318	0.0318	0.0318	0.0318	0.0318	0.0318
48	0.0082	0.0082	0.0082	0.0099	0.0082	0.0082	0.0082	0.0082	0.0082	0.0082	0.0082	0.0082	0.0082	0.0082	0.0082	0.0082	0.0082	0.0082	0.0082	0.0082	0.0082	0.0082	0.0082	0.0082	0.0082	0.3409	0.0082	0.0082	0.0082	0.0082	0.0152	0.0082	0.0082	0.0082	0.0082	0.0082	0.0082	0.0082	0.0134	0.0082	0.3409	0.0082	0.0082	0.0082	0.0099	0.0082	0.0082	0.0082	0.0082	0.0082	0.0082	0.0082	0.0082	0.0082	0.0082	0.0082	0.0082	0.0082	0.0082	0.0082	0.0082	0.0082	0.0087	0.0402	0.0082	0.0082	0.0082	0.0134	0.0082	0.0082	0.0087	0.0082	0.0082	0.0082	0.0099	0.0082	0.0082	0.0082	0.0082	0.0082	0.0082	0.0134	0.0082	0.0082	0.0082	0.0082	0.0082	0.0082	0.0152	0.0082	0.0082	0.0082	0.0082	0.0082	0.0082	0.0082	0.0082	0.0099	0.0402	0.0082	0.0082	0.0082	0.0082	0.0087	0.0152	0.0087	0.0082	0.0082	0.0082	0.0082	0.0082	0.009	0.0082	0.0082	0.0082	0.0082	0.0082	0.0082	0.0082	0.0082	0.0082	0.0082	0.0082	0.0082	0.0082	0.0082	0.0082	0.0082	0.0082	0.0082	0.0099	0.0082	0.0082	0.0082	0.0082	0.0082	0.0082	0.0082	0.0082	0.0082	0.0099	0.0082	0.0082	0.0082	0.0082	0.0082	0.0082	0.0087	0.0082	0.0082	0.0082	0.0082	0.0087	0.0082	0.0082	0.0082	0.0152	0.0134	0.0082	0.0082	0.0082	0.0082	0.0082	0.0134	0.0082	0.0082	0.0082	0.0082	0.0082	0.0402	0.0082	0.0082	0.0082	0.0082	0.0082	0.009	0.0082	0.009	0.0082	0.0082	0.0087	0.0082	0.0082	0.0082	0.0082	0.0082	0.0082	0.0082	0.0082	0.0082	0.009	0.0082	0.0087	0.0082	0.0082	0.0082	0.0134	0.0082	0.0082	0.0082	0.0134	0.0082	0.0082	0.0082	0.0082	0.0082	0.0082	0.0082	0.0082	0.0082	0.0082	0.0082	0.0082	0.0082	0.009	0.0082	0.0082	0.0082	0.0082	0.0082	0.0082	0.0152	0.0082	0.0082	0.0082	0.0082	0.0082	0.0082	0.0082	0.0082	0.0082	0.0082	0.0082	0.0082	0.0082	0.0134	0.009	0.0087	0.0082	0.0082	0.0082	0.0082	0.0082	0.0082	0.0082	0.0082	0.0082	0.0082	0.0082	0.0082	0.0082	0.0099	0.0082	0.0082	0.0082	0.0082	0.0082	0.0082	0.0082	0.0082	0.0082	0.0402	0.0082	0.0082	0.0082	0.0099	0.0082	0.0082	0.0099	0.1557	0.1557	0.1557	0.1557	0.022	0.022	0.022	0.022	0.022	0.022	0.022	0.022	0.022	0.022	0.022	0.022	0.022	0.022	0.022	0.022	0.022	0.0337	0.0337	0.0337	0.0337	0.0337	0.0337	0.0337	0.0337	0.0337	0.0337
49	0.0087	0.0087	0.0087	0.0098	0.0087	0.0087	0.0087	0.0087	0.0087	0.0087	0.0087	0.0087	0.0087	0.0087	0.0087	0.0087	0.0087	0.0087	0.0087	0.0087	0.0087	0.0087	0.0087	0.0087	0.0087	0.0	0.0087	0.0087	0.0087	0.0087	0.0155	0.0087	0.0087	0.0087	0.0087	0.0087	0.0087	0.0087	0.0152	0.0087	0.0	0.0087	0.0087	0.0087	0.0098	0.0087	0.0087	0.0087	0.0087	0.0087	0.0087	0.0087	0.0087	0.0087	0.0087	0.0087	0.0087	0.0087	0.0087	0.0087	0.0087	0.0087	0.0094	0.0194	0.0087	0.0087	0.0087	0.0152	0.0087	0.0087	0.0094	0.0087	0.0087	0.0087	0.0098	0.0087	0.0087	0.0087	0.0087	0.0087	0.0087	0.0152	0.0087	0.0087	0.0087	0.0087	0.0087	0.0087	0.0155	0.0087	0.0087	0.0087	0.0087	0.0087	0.0087	0.0087	0.0087	0.0098	0.0194	0.0087	0.0087	0.0087	0.0087	0.0094	0.0155	0.0094	0.0087	0.0087	0.0087	0.0087	0.0087	0.0129	0.0087	0.0087	0.0087	0.0087	0.0087	0.0087	0.0087	0.0087	0.0087	0.0087	0.0087	0.0087	0.0087	0.0087	0.0087	0.0087	0.0087	0.0087	0.0098	0.0087	0.0087	0.0087	0.0087	0.0087	0.0087	0.0087	0.0087	0.0087	0.0098	0.0087	0.0087	0.0087	0.0087	0.0087	0.0087	0.0094	0.0087	0.0087	0.0087	0.0087	0.0094	0.0087	0.0087	0.0087	0.0155	0.0152	0.0087	0.0087	0.0087	0.0087	0.0087	0.0152	0.0087	0.0087	0.0087	0.0087	0.0087	0.0194	0.0087	0.0087	0.0087	0.0087	0.0087	0.0129	0.0087	0.0129	0.0087	0.0087	0.0094	0.0087	0.0087	0.0087	0.0087	0.0087	0.0087	0.0087	0.0087	0.0087	0.0129	0.0087	0.0094	0.0087	0.0087	0.0087	0.0152	0.0087	0.0087	0.0087	0.0152	0.0087	0.0087	0.0087	0.0087	0.0087	0.0087	0.0087	0.0087	0.0087	0.0087	0.0087	0.0087	0.0087	0.0129	0.0087	0.0087	0.0087	0.0087	0.0087	0.0087	0.0155	0.0087	0.0087	0.0087	0.0087	0.0087	0.0087	0.0087	0.0087	0.0087	0.0087	0.0087	0.0087	0.0087	0.0152	0.0129	0.0094	0.0087	0.0087	0.0087	0.0087	0.0087	0.0087	0.0087	0.0087	0.0087	0.0087	0.0087	0.0087	0.0087	0.0098	0.0087	0.0087	0.0087	0.0087	0.0087	0.0087	0.0087	0.0087	0.0087	0.0194	0.0087	0.0087	0.0087	0.0098	0.0087	0.0087	0.0098	0.1181	0.1181	0.1181	0.1181	0.015	0.015	0.015	0.015	0.015	0.015	0.015	0.015	0.015	0.015	0.015	0.015	0.015	0.015	0.015	0.015	0.015	0.0376	0.0376	0.0376	0.0376	0.0376	0.0376	0.0376	0.0376	0.0376	0.0376
50	0.002	0.002	0.002	0.0077	0.002	0.002	0.002	0.002	0.002	0.002	0.002	0.002	0.002	0.002	0.002	0.002	0.002	0.002	0.002	0.002	0.002	0.002	0.002	0.002	0.002	0.016	0.002	0.002	0.002	0.002	0.0	0.002	0.002	0.002	0.002	0.002	0.002	0.002	0.0085	0.002	0.016	0.002	0.002	0.002	0.0077	0.002	0.002	0.002	0.002	0.002	0.002	0.002	0.002	0.002	0.002	0.002	0.002	0.002	0.002	0.002	0.002	0.002	0.0056	0.0121	0.002	0.002	0.002	0.0085	0.002	0.002	0.0056	0.002	0.002	0.002	0.0077	0.002	0.002	0.002	0.002	0.002	0.002	0.0085	0.002	0.002	0.002	0.002	0.002	0.002	0.0	0.002	0.002	0.002	0.002	0.002	0.002	0.002	0.002	0.0077	0.0121	0.002	0.002	0.002	0.002	0.0056	0.0	0.0056	0.002	0.002	0.002	0.002	0.002	0.0045	0.002	0.002	0.002	0.002	0.002	0.002	0.002	0.002	0.002	0.002	0.002	0.002	0.002	0.002	0.002	0.002	0.002	0.002	0.0077	0.002	0.002	0.002	0.002	0.002	0.002	0.002	0.002	0.002	0.0077	0.002	0.002	0.002	0.002	0.002	0.002	0.0056	0.002	0.002	0.002	0.002	0.0056	0.002	0.002	0.002	0.0	0.0085	0.002	0.002	0.002	0.002	0.002	0.0085	0.002	0.002	0.002	0.002	0.002	0.0121	0.002	0.002	0.002	0.002	0.002	0.0045	0.002	0.0045	0.002	0.002	0.0056	0.002	0.002	0.002	0.002	0.002	0.002	0.002	0.002	0.002	0.0045	0.002	0.0056	0.002	0.002	0.002	0.0085	0.002	0.002	0.002	0.0085	0.002	0.002	0.002	0.002	0.002	0.002	0.002	0.002	0.002	0.002	0.002	0.002	0.002	0.0045	0.002	0.002	0.002	0.002	0.002	0.002	0.0	0.002	0.002	0.002	0.002	0.002	0.002	0.002	0.002	0.002	0.002	0.002	0.002	0.002	0.0085	0.0045	0.0056	0.002	0.002	0.002	0.002	0.002	0.002	0.002	0.002	0.002	0.002	0.002	0.002	0.002	0.0077	0.002	0.002	0.002	0.002	0.002	0.002	0.002	0.002	0.002	0.0121	0.002	0.002	0.002	0.0077	0.002	0.002	0.0077	0.1737	0.1737	0.1737	0.1737	0.0187	0.0187	0.0187	0.0187	0.0187	0.0187	0.0187	0.0187	0.0187	0.0187	0.0187	0.0187	0.0187	0.0187	0.0187	0.0187	0.0187	0.052	0.052	0.052	0.052	0.052	0.052	0.052	0.052	0.052	0.052
51	0.0089	0.0089	0.0089	0.0068	0.0089	0.0089	0.0089	0.0089	0.0089	0.0089	0.0089	0.0089	0.0089	0.0089	0.0089	0.0089	0.0089	0.0089	0.0089	0.0089	0.0089	0.0089	0.0089	0.0089	0.0089	0.353	0.0089	0.0089	0.0089	0.0089	0.0025	0.0089	0.0089	0.0089	0.0089	0.0089	0.0089	0.0089	0.028	0.0089	0.353	0.0089	0.0089	0.0089	0.0068	0.0089	0.0089	0.0089	0.0089	0.0089	0.0089	0.0089	0.0089	0.0089	0.0089	0.0089	0.0089	0.0089	0.0089	0.0089	0.0089	0.0089	0.0055	0.0105	0.0089	0.0089	0.0089	0.028	0.0089	0.0089	0.0055	0.0089	0.0089	0.0089	0.0068	0.0089	0.0089	0.0089	0.0089	0.0089	0.0089	0.028	0.0089	0.0089	0.0089	0.0089	0.0089	0.0089	0.0025	0.0089	0.0089	0.0089	0.0089	0.0089	0.0089	0.0089	0.0089	0.0068	0.0105	0.0089	0.0089	0.0089	0.0089	0.0055	0.0025	0.0055	0.0089	0.0089	0.0089	0.0089	0.0089	0.0122	0.0089	0.0089	0.0089	0.0089	0.0089	0.0089	0.0089	0.0089	0.0089	0.0089	0.0089	0.0089	0.0089	0.0089	0.0089	0.0089	0.0089	0.0089	0.0068	0.0089	0.0089	0.0089	0.0089	0.0089	0.0089	0.0089	0.0089	0.0089	0.0068	0.0089	0.0089	0.0089	0.0089	0.0089	0.0089	0.0055	0.0089	0.0089	0.0089	0.0089	0.0055	0.0089	0.0089	0.0089	0.0025	0.028	0.0089	0.0089	0.0089	0.0089	0.0089	0.028	0.0089	0.0089	0.0089	0.0089	0.0089	0.0105	0.0089	0.0089	0.0089	0.0089	0.0089	0.0122	0.0089	0.0122	0.0089	0.0089	0.0055	0.0089	0.0089	0.0089	0.0089	0.0089	0.0089	0.0089	0.0089	0.0089	0.0122	0.0089	0.0055	0.0089	0.0089	0.0089	0.028	0.0089	0.0089	0.0089	0.028	0.0089	0.0089	0.0089	0.0089	0.0089	0.0089	0.0089	0.0089	0.0089	0.0089	0.0089	0.0089	0.0089	0.0122	0.0089	0.0089	0.0089	0.0089	0.0089	0.0089	0.0025	0.0089	0.0089	0.0089	0.0089	0.0089	0.0089	0.0089	0.0089	0.0089	0.0089	0.0089	0.0089	0.0089	0.028	0.0122	0.0055	0.0089	0.0089	0.0089	0.0089	0.0089	0.0089	0.0089	0.0089	0.0089	0.0089	0.0089	0.0089	0.0089	0.0068	0.0089	0.0089	0.0089	0.0089	0.0089	0.0089	0.0089	0.0089	0.0089	0.0105	0.0089	0.0089	0.0089	0.0068	0.0089	0.0089	0.0068	0.0552	0.0552	0.0552	0.0552	0.0161	0.0161	0.0161	0.0161	0.0161	0.0161	0.0161	0.0161	0.0161	0.0161	0.0161	0.0161	0.0161	0.0161	0.0161	0.0161	0.0161	0.0651	0.0651	0.0651	0.0651	0.0651	0.0651	0.0651	0.0651	0.0651	0.0651
52	0.0055	0.0055	0.0055	0.0051	0.0055	0.0055	0.0055	0.0055	0.0055	0.0055	0.0055	0.0055	0.0055	0.0055	0.0055	0.0055	0.0055	0.0055	0.0055	0.0055	0.0055	0.0055	0.0055	0.0055	0.0055	0.0	0.0055	0.0055	0.0055	0.0055	0.0638	0.0055	0.0055	0.0055	0.0055	0.0055	0.0055	0.0055	0.0113	0.0055	0.0	0.0055	0.0055	0.0055	0.0051	0.0055	0.0055	0.0055	0.0055	0.0055	0.0055	0.0055	0.0055	0.0055	0.0055	0.0055	0.0055	0.0055	0.0055	0.0055	0.0055	0.0055	0.0069	0.0108	0.0055	0.0055	0.0055	0.0113	0.0055	0.0055	0.0069	0.0055	0.0055	0.0055	0.0051	0.0055	0.0055	0.0055	0.0055	0.0055	0.0055	0.0113	0.0055	0.0055	0.0055	0.0055	0.0055	0.0055	0.0638	0.0055	0.0055	0.0055	0.0055	0.0055	0.0055	0.0055	0.0055	0.0051	0.0108	0.0055	0.0055	0.0055	0.0055	0.0069	0.0638	0.0069	0.0055	0.0055	0.0055	0.0055	0.0055	0.0061	0.0055	0.0055	0.0055	0.0055	0.0055	0.0055	0.0055	0.0055	0.0055	0.0055	0.0055	0.0055	0.0055	0.0055	0.0055	0.0055	0.0055	0.0055	0.0051	0.0055	0.0055	0.0055	0.0055	0.0055	0.0055	0.0055	0.0055	0.0055	0.0051	0.0055	0.0055	0.0055	0.0055	0.0055	0.0055	0.0069	0.0055	0.0055	0.0055	0.0055	0.0069	0.0055	0.0055	0.0055	0.0638	0.0113	0.0055	0.0055	0.0055	0.0055	0.0055	0.0113	0.0055	0.0055	0.0055	0.0055	0.0055	0.0108	0.0055	0.0055	0.0055	0.0055	0.0055	0.0061	0.0055	0.0061	0.0055	0.0055	0.0069	0.0055	0.0055	0.0055	0.0055	0.0055	0.0055	0.0055	0.0055	0.0055	0.0061	0.0055	0.0069	0.0055	0.0055	0.0055	0.0113	0.0055	0.0055	0.0055	0.0113	0.0055	0.0055	0.0055	0.0055	0.0055	0.0055	0.0055	0.0055	0.0055	0.0055	0.0055	0.0055	0.0055	0.0061	0.0055	0.0055	0.0055	0.0055	0.0055	0.0055	0.0638	0.0055	0.0055	0.0055	0.0055	0.0055	0.0055	0.0055	0.0055	0.0055	0.0055	0.0055	0.0055	0.0055	0.0113	0.0061	0.0069	0.0055	0.0055	0.0055	0.0055	0.0055	0.0055	0.0055	0.0055	0.0055	0.0055	0.0055	0.0055	0.0055	0.0051	0.0055	0.0055	0.0055	0.0055	0.0055	0.0055	0.0055	0.0055	0.0055	0.0108	0.0055	0.0055	0.0055	0.0051	0.0055	0.0055	0.0051	0.0734	0.0734	0.0734	0.0734	0.0148	0.0148	0.0148	0.0148	0.0148	0.0148	0.0148	0.0148	0.0148	0.0148	0.0148	0.0148	0.0148	0.0148	0.0148	0.0148	0.0148	0.0283	0.0283	0.0283	0.0283	0.0283	0.0283	0.0283	0.0283	0.0283	0.0283
53	0.015	0.015	0.015	0.0249	0.015	0.015	0.015	0.015	0.015	0.015	0.015	0.015	0.015	0.015	0.015	0.015	0.015	0.015	0.015	0.015	0.015	0.015	0.015	0.015	0.015	0.0015	0.015	0.015	0.015	0.015	0.0753	0.015	0.015	0.015	0.015	0.015	0.015	0.015	0.0233	0.015	0.0015	0.015	0.015	0.015	0.0249	0.015	0.015	0.015	0.015	0.015	0.015	0.015	0.015	0.015	0.015	0.015	0.015	0.015	0.015	0.015	0.015	0.015	0.012	0.0147	0.015	0.015	0.015	0.0233	0.015	0.015	0.012	0.015	0.015	0.015	0.0249	0.015	0.015	0.015	0.015	0.015	0.015	0.0233	0.015	0.015	0.015	0.015	0.015	0.015	0.0753	0.015	0.015	0.015	0.015	0.015	0.015	0.015	0.015	0.0249	0.0147	0.015	0.015	0.015	0.015	0.012	0.0753	0.012	0.015	0.015	0.015	0.015	0.015	0.0142	0.015	0.015	0.015	0.015	0.015	0.015	0.015	0.015	0.015	0.015	0.015	0.015	0.015	0.015	0.015	0.015	0.015	0.015	0.0249	0.015	0.015	0.015	0.015	0.015	0.015	0.015	0.015	0.015	0.0249	0.015	0.015	0.015	0.015	0.015	0.015	0.012	0.015	0.015	0.015	0.015	0.012	0.015	0.015	0.015	0.0753	0.0233	0.015	0.015	0.015	0.015	0.015	0.0233	0.015	0.015	0.015	0.015	0.015	0.0147	0.015	0.015	0.015	0.015	0.015	0.0142	0.015	0.0142	0.015	0.015	0.012	0.015	0.015	0.015	0.015	0.015	0.015	0.015	0.015	0.015	0.0142	0.015	0.012	0.015	0.015	0.015	0.0233	0.015	0.015	0.015	0.0233	0.015	0.015	0.015	0.015	0.015	0.015	0.015	0.015	0.015	0.015	0.015	0.015	0.015	0.0142	0.015	0.015	0.015	0.015	0.015	0.015	0.0753	0.015	0.015	0.015	0.015	0.015	0.015	0.015	0.015	0.015	0.015	0.015	0.015	0.015	0.0233	0.0142	0.012	0.015	0.015	0.015	0.015	0.015	0.015	0.015	0.015	0.015	0.015	0.015	0.015	0.015	0.0249	0.015	0.015	0.015	0.015	0.015	0.015	0.015	0.015	0.015	0.0147	0.015	0.015	0.015	0.0249	0.015	0.015	0.0249	0.0812	0.0812	0.0812	0.0812	0.0225	0.0225	0.0225	0.0225	0.0225	0.0225	0.0225	0.0225	0.0225	0.0225	0.0225	0.0225	0.0225	0.0225	0.0225	0.0225	0.0225	0.037	0.037	0.037	0.037	0.037	0.037	0.037	0.037	0.037	0.037
54	0.0032	0.0032	0.0032	0.0058	0.0032	0.0032	0.0032	0.0032	0.0032	0.0032	0.0032	0.0032	0.0032	0.0032	0.0032	0.0032	0.0032	0.0032	0.0032	0.0032	0.0032	0.0032	0.0032	0.0032	0.0032	0.0633	0.0032	0.0032	0.0032	0.0032	0.0016	0.0032	0.0032	0.0032	0.0032	0.0032	0.0032	0.0032	0.0092	0.0032	0.0633	0.0032	0.0032	0.0032	0.0058	0.0032	0.0032	0.0032	0.0032	0.0032	0.0032	0.0032	0.0032	0.0032	0.0032	0.0032	0.0032	0.0032	0.0032	0.0032	0.0032	0.0032	0.0044	0.0105	0.0032	0.0032	0.0032	0.0092	0.0032	0.0032	0.0044	0.0032	0.0032	0.0032	0.0058	0.0032	0.0032	0.0032	0.0032	0.0032	0.0032	0.0092	0.0032	0.0032	0.0032	0.0032	0.0032	0.0032	0.0016	0.0032	0.0032	0.0032	0.0032	0.0032	0.0032	0.0032	0.0032	0.0058	0.0105	0.0032	0.0032	0.0032	0.0032	0.0044	0.0016	0.0044	0.0032	0.0032	0.0032	0.0032	0.0032	0.0043	0.0032	0.0032	0.0032	0.0032	0.0032	0.0032	0.0032	0.0032	0.0032	0.0032	0.0032	0.0032	0.0032	0.0032	0.0032	0.0032	0.0032	0.0032	0.0058	0.0032	0.0032	0.0032	0.0032	0.0032	0.0032	0.0032	0.0032	0.0032	0.0058	0.0032	0.0032	0.0032	0.0032	0.0032	0.0032	0.0044	0.0032	0.0032	0.0032	0.0032	0.0044	0.0032	0.0032	0.0032	0.0016	0.0092	0.0032	0.0032	0.0032	0.0032	0.0032	0.0092	0.0032	0.0032	0.0032	0.0032	0.0032	0.0105	0.0032	0.0032	0.0032	0.0032	0.0032	0.0043	0.0032	0.0043	0.0032	0.0032	0.0044	0.0032	0.0032	0.0032	0.0032	0.0032	0.0032	0.0032	0.0032	0.0032	0.0043	0.0032	0.0044	0.0032	0.0032	0.0032	0.0092	0.0032	0.0032	0.0032	0.0092	0.0032	0.0032	0.0032	0.0032	0.0032	0.0032	0.0032	0.0032	0.0032	0.0032	0.0032	0.0032	0.0032	0.0043	0.0032	0.0032	0.0032	0.0032	0.0032	0.0032	0.0016	0.0032	0.0032	0.0032	0.0032	0.0032	0.0032	0.0032	0.0032	0.0032	0.0032	0.0032	0.0032	0.0032	0.0092	0.0043	0.0044	0.0032	0.0032	0.0032	0.0032	0.0032	0.0032	0.0032	0.0032	0.0032	0.0032	0.0032	0.0032	0.0032	0.0058	0.0032	0.0032	0.0032	0.0032	0.0032	0.0032	0.0032	0.0032	0.0032	0.0105	0.0032	0.0032	0.0032	0.0058	0.0032	0.0032	0.0058	0.0909	0.0909	0.0909	0.0909	0.0175	0.0175	0.0175	0.0175	0.0175	0.0175	0.0175	0.0175	0.0175	0.0175	0.0175	0.0175	0.0175	0.0175	0.0175	0.0175	0.0175	0.0214	0.0214	0.0214	0.0214	0.0214	0.0214	0.0214	0.0214	0.0214	0.0214
55	0.0029	0.0029	0.0029	0.0055	0.0029	0.0029	0.0029	0.0029	0.0029	0.0029	0.0029	0.0029	0.0029	0.0029	0.0029	0.0029	0.0029	0.0029	0.0029	0.0029	0.0029	0.0029	0.0029	0.0029	0.0029	0.0644	0.0029	0.0029	0.0029	0.0029	0.0103	0.0029	0.0029	0.0029	0.0029	0.0029	0.0029	0.0029	0.0092	0.0029	0.0644	0.0029	0.0029	0.0029	0.0055	0.0029	0.0029	0.0029	0.0029	0.0029	0.0029	0.0029	0.0029	0.0029	0.0029	0.0029	0.0029	0.0029	0.0029	0.0029	0.0029	0.0029	0.0078	0.0352	0.0029	0.0029	0.0029	0.0092	0.0029	0.0029	0.0078	0.0029	0.0029	0.0029	0.0055	0.0029	0.0029	0.0029	0.0029	0.0029	0.0029	0.0092	0.0029	0.0029	0.0029	0.0029	0.0029	0.0029	0.0103	0.0029	0.0029	0.0029	0.0029	0.0029	0.0029	0.0029	0.0029	0.0055	0.0352	0.0029	0.0029	0.0029	0.0029	0.0078	0.0103	0.0078	0.0029	0.0029	0.0029	0.0029	0.0029	0.0081	0.0029	0.0029	0.0029	0.0029	0.0029	0.0029	0.0029	0.0029	0.0029	0.0029	0.0029	0.0029	0.0029	0.0029	0.0029	0.0029	0.0029	0.0029	0.0055	0.0029	0.0029	0.0029	0.0029	0.0029	0.0029	0.0029	0.0029	0.0029	0.0055	0.0029	0.0029	0.0029	0.0029	0.0029	0.0029	0.0078	0.0029	0.0029	0.0029	0.0029	0.0078	0.0029	0.0029	0.0029	0.0103	0.0092	0.0029	0.0029	0.0029	0.0029	0.0029	0.0092	0.0029	0.0029	0.0029	0.0029	0.0029	0.0352	0.0029	0.0029	0.0029	0.0029	0.0029	0.0081	0.0029	0.0081	0.0029	0.0029	0.0078	0.0029	0.0029	0.0029	0.0029	0.0029	0.0029	0.0029	0.0029	0.0029	0.0081	0.0029	0.0078	0.0029	0.0029	0.0029	0.0092	0.0029	0.0029	0.0029	0.0092	0.0029	0.0029	0.0029	0.0029	0.0029	0.0029	0.0029	0.0029	0.0029	0.0029	0.0029	0.0029	0.0029	0.0081	0.0029	0.0029	0.0029	0.0029	0.0029	0.0029	0.0103	0.0029	0.0029	0.0029	0.0029	0.0029	0.0029	0.0029	0.0029	0.0029	0.0029	0.0029	0.0029	0.0029	0.0092	0.0081	0.0078	0.0029	0.0029	0.0029	0.0029	0.0029	0.0029	0.0029	0.0029	0.0029	0.0029	0.0029	0.0029	0.0029	0.0055	0.0029	0.0029	0.0029	0.0029	0.0029	0.0029	0.0029	0.0029	0.0029	0.0352	0.0029	0.0029	0.0029	0.0055	0.0029	0.0029	0.0055	0.1892	0.1892	0.1892	0.1892	0.0197	0.0197	0.0197	0.0197	0.0197	0.0197	0.0197	0.0197	0.0197	0.0197	0.0197	0.0197	0.0197	0.0197	0.0197	0.0197	0.0197	0.03	0.03	0.03	0.03	0.03	0.03	0.03	0.03	0.03	0.03
56	0.0003	0.0003	0.0003	0.0051	0.0003	0.0003	0.0003	0.0003	0.0003	0.0003	0.0003	0.0003	0.0003	0.0003	0.0003	0.0003	0.0003	0.0003	0.0003	0.0003	0.0003	0.0003	0.0003	0.0003	0.0003	0.0057	0.0003	0.0003	0.0003	0.0003	0.0639	0.0003	0.0003	0.0003	0.0003	0.0003	0.0003	0.0003	0.009	0.0003	0.0057	0.0003	0.0003	0.0003	0.0051	0.0003	0.0003	0.0003	0.0003	0.0003	0.0003	0.0003	0.0003	0.0003	0.0003	0.0003	0.0003	0.0003	0.0003	0.0003	0.0003	0.0003	0.0056	0.0066	0.0003	0.0003	0.0003	0.009	0.0003	0.0003	0.0056	0.0003	0.0003	0.0003	0.0051	0.0003	0.0003	0.0003	0.0003	0.0003	0.0003	0.009	0.0003	0.0003	0.0003	0.0003	0.0003	0.0003	0.0639	0.0003	0.0003	0.0003	0.0003	0.0003	0.0003	0.0003	0.0003	0.0051	0.0066	0.0003	0.0003	0.0003	0.0003	0.0056	0.0639	0.0056	0.0003	0.0003	0.0003	0.0003	0.0003	0.0055	0.0003	0.0003	0.0003	0.0003	0.0003	0.0003	0.0003	0.0003	0.0003	0.0003	0.0003	0.0003	0.0003	0.0003	0.0003	0.0003	0.0003	0.0003	0.0051	0.0003	0.0003	0.0003	0.0003	0.0003	0.0003	0.0003	0.0003	0.0003	0.0051	0.0003	0.0003	0.0003	0.0003	0.0003	0.0003	0.0056	0.0003	0.0003	0.0003	0.0003	0.0056	0.0003	0.0003	0.0003	0.0639	0.009	0.0003	0.0003	0.0003	0.0003	0.0003	0.009	0.0003	0.0003	0.0003	0.0003	0.0003	0.0066	0.0003	0.0003	0.0003	0.0003	0.0003	0.0055	0.0003	0.0055	0.0003	0.0003	0.0056	0.0003	0.0003	0.0003	0.0003	0.0003	0.0003	0.0003	0.0003	0.0003	0.0055	0.0003	0.0056	0.0003	0.0003	0.0003	0.009	0.0003	0.0003	0.0003	0.009	0.0003	0.0003	0.0003	0.0003	0.0003	0.0003	0.0003	0.0003	0.0003	0.0003	0.0003	0.0003	0.0003	0.0055	0.0003	0.0003	0.0003	0.0003	0.0003	0.0003	0.0639	0.0003	0.0003	0.0003	0.0003	0.0003	0.0003	0.0003	0.0003	0.0003	0.0003	0.0003	0.0003	0.0003	0.009	0.0055	0.0056	0.0003	0.0003	0.0003	0.0003	0.0003	0.0003	0.0003	0.0003	0.0003	0.0003	0.0003	0.0003	0.0003	0.0051	0.0003	0.0003	0.0003	0.0003	0.0003	0.0003	0.0003	0.0003	0.0003	0.0066	0.0003	0.0003	0.0003	0.0051	0.0003	0.0003	0.0051	0.0739	0.0739	0.0739	0.0739	0.0134	0.0134	0.0134	0.0134	0.0134	0.0134	0.0134	0.0134	0.0134	0.0134	0.0134	0.0134	0.0134	0.0134	0.0134	0.0134	0.0134	0.1756	0.1756	0.1756	0.1756	0.1756	0.1756	0.1756	0.1756	0.1756	0.1756
57	0.9417	0.9417	0.9417	0.9376	0.9417	0.9417	0.9417	0.9417	0.9417	0.9417	0.9417	0.9417	0.9417	0.9417	0.9417	0.9417	0.9417	0.9417	0.9417	0.9417	0.9417	0.9417	0.9417	0.9417	0.9417	0.9918	0.9417	0.9417	0.9417	0.9417	0.5073	0.9417	0.9417	0.9417	0.9417	0.9417	0.9417	0.9417	0.9289	0.9417	0.9918	0.9417	0.9417	0.9417	0.9376	0.9417	0.9417	0.9417	0.9417	0.9417	0.9417	0.9417	0.9417	0.9417	0.9417	0.9417	0.9417	0.9417	0.9417	0.9417	0.9417	0.9417	0.9613	0.9513	0.9417	0.9417	0.9417	0.9289	0.9417	0.9417	0.9613	0.9417	0.9417	0.9417	0.9376	0.9417	0.9417	0.9417	0.9417	0.9417	0.9417	0.9289	0.9417	0.9417	0.9417	0.9417	0.9417	0.9417	0.5073	0.9417	0.9417	0.9417	0.9417	0.9417	0.9417	0.9417	0.9417	0.9376	0.9513	0.9417	0.9417	0.9417	0.9417	0.9613	0.5073	0.9613	0.9417	0.9417	0.9417	0.9417	0.9417	0.9529	0.9417	0.9417	0.9417	0.9417	0.9417	0.9417	0.9417	0.9417	0.9417	0.9417	0.9417	0.9417	0.9417	0.9417	0.9417	0.9417	0.9417	0.9417	0.9376	0.9417	0.9417	0.9417	0.9417	0.9417	0.9417	0.9417	0.9417	0.9417	0.9376	0.9417	0.9417	0.9417	0.9417	0.9417	0.9417	0.9613	0.9417	0.9417	0.9417	0.9417	0.9613	0.9417	0.9417	0.9417	0.5073	0.9289	0.9417	0.9417	0.9417	0.9417	0.9417	0.9289	0.9417	0.9417	0.9417	0.9417	0.9417	0.9513	0.9417	0.9417	0.9417	0.9417	0.9417	0.9529	0.9417	0.9529	0.9417	0.9417	0.9613	0.9417	0.9417	0.9417	0.9417	0.9417	0.9417	0.9417	0.9417	0.9417	0.9529	0.9417	0.9613	0.9417	0.9417	0.9417	0.9289	0.9417	0.9417	0.9417	0.9289	0.9417	0.9417	0.9417	0.9417	0.9417	0.9417	0.9417	0.9417	0.9417	0.9417	0.9417	0.9417	0.9417	0.9529	0.9417	0.9417	0.9417	0.9417	0.9417	0.9417	0.5073	0.9417	0.9417	0.9417	0.9417	0.9417	0.9417	0.9417	0.9417	0.9417	0.9417	0.9417	0.9417	0.9417	0.9289	0.9529	0.9613	0.9417	0.9417	0.9417	0.9417	0.9417	0.9417	0.9417	0.9417	0.9417	0.9417	0.9417	0.9417	0.9417	0.9376	0.9417	0.9417	0.9417	0.9417	0.9417	0.9417	0.9417	0.9417	0.9417	0.9513	0.9417	0.9417	0.9417	0.9376	0.9417	0.9417	0.9376	0.2669	0.2669	0.2669	0.2669	0.9102	0.9102	0.9102	0.9102	0.9102	0.9102	0.9102	0.9102	0.9102	0.9102	0.9102	0.9102	0.9102	0.9102	0.9102	0.9102	0.9102	0.7591	0.7591	0.7591	0.7591	0.7591	0.7591	0.7591	0.7591	0.7591	0.7591
58	0.0074	0.0074	0.0074	0.0093	0.0074	0.0074	0.0074	0.0074	0.0074	0.0074	0.0074	0.0074	0.0074	0.0074	0.0074	0.0074	0.0074	0.0074	0.0074	0.0074	0.0074	0.0074	0.0074	0.0074	0.0074	0.9178	0.0074	0.0074	0.0074	0.0074	0.2713	0.0074	0.0074	0.0074	0.0074	0.0074	0.0074	0.0074	0.0092	0.0074	0.9178	0.0074	0.0074	0.0074	0.0093	0.0074	0.0074	0.0074	0.0074	0.0074	0.0074	0.0074	0.0074	0.0074	0.0074	0.0074	0.0074	0.0074	0.0074	0.0074	0.0074	0.0074	0.0119	0.0104	0.0074	0.0074	0.0074	0.0092	0.0074	0.0074	0.0119	0.0074	0.0074	0.0074	0.0093	0.0074	0.0074	0.0074	0.0074	0.0074	0.0074	0.0092	0.0074	0.0074	0.0074	0.0074	0.0074	0.0074	0.2713	0.0074	0.0074	0.0074	0.0074	0.0074	0.0074	0.0074	0.0074	0.0093	0.0104	0.0074	0.0074	0.0074	0.0074	0.0119	0.2713	0.0119	0.0074	0.0074	0.0074	0.0074	0.0074	0.0113	0.0074	0.0074	0.0074	0.0074	0.0074	0.0074	0.0074	0.0074	0.0074	0.0074	0.0074	0.0074	0.0074	0.0074	0.0074	0.0074	0.0074	0.0074	0.0093	0.0074	0.0074	0.0074	0.0074	0.0074	0.0074	0.0074	0.0074	0.0074	0.0093	0.0074	0.0074	0.0074	0.0074	0.0074	0.0074	0.0119	0.0074	0.0074	0.0074	0.0074	0.0119	0.0074	0.0074	0.0074	0.2713	0.0092	0.0074	0.0074	0.0074	0.0074	0.0074	0.0092	0.0074	0.0074	0.0074	0.0074	0.0074	0.0104	0.0074	0.0074	0.0074	0.0074	0.0074	0.0113	0.0074	0.0113	0.0074	0.0074	0.0119	0.0074	0.0074	0.0074	0.0074	0.0074	0.0074	0.0074	0.0074	0.0074	0.0113	0.0074	0.0119	0.0074	0.0074	0.0074	0.0092	0.0074	0.0074	0.0074	0.0092	0.0074	0.0074	0.0074	0.0074	0.0074	0.0074	0.0074	0.0074	0.0074	0.0074	0.0074	0.0074	0.0074	0.0113	0.0074	0.0074	0.0074	0.0074	0.0074	0.0074	0.2713	0.0074	0.0074	0.0074	0.0074	0.0074	0.0074	0.0074	0.0074	0.0074	0.0074	0.0074	0.0074	0.0074	0.0092	0.0113	0.0119	0.0074	0.0074	0.0074	0.0074	0.0074	0.0074	0.0074	0.0074	0.0074	0.0074	0.0074	0.0074	0.0074	0.0093	0.0074	0.0074	0.0074	0.0074	0.0074	0.0074	0.0074	0.0074	0.0074	0.0104	0.0074	0.0074	0.0074	0.0093	0.0074	0.0074	0.0093	0.1027	0.1027	0.1027	0.1027	0.8602	0.8602	0.8602	0.8602	0.8602	0.8602	0.8602	0.8602	0.8602	0.8602	0.8602	0.8602	0.8602	0.8602	0.8602	0.8602	0.8602	0.9471	0.9471	0.9471	0.9471	0.9471	0.9471	0.9471	0.9471	0.9471	0.9471
59	0.9632	0.9632	0.9632	0.9448	0.9632	0.9632	0.9632	0.9632	0.9632	0.9632	0.9632	0.9632	0.9632	0.9632	0.9632	0.9632	0.9632	0.9632	0.9632	0.9632	0.9632	0.9632	0.9632	0.9632	0.9632	0.8263	0.9632	0.9632	0.9632	0.9632	0.8938	0.9632	0.9632	0.9632	0.9632	0.9632	0.9632	0.9632	0.9427	0.9632	0.8263	0.9632	0.9632	0.9632	0.9448	0.9632	0.9632	0.9632	0.9632	0.9632	0.9632	0.9632	0.9632	0.9632	0.9632	0.9632	0.9632	0.9632	0.9632	0.9632	0.9632	0.9632	0.9389	0.9297	0.9632	0.9632	0.9632	0.9427	0.9632	0.9632	0.9389	0.9632	0.9632	0.9632	0.9448	0.9632	0.9632	0.9632	0.9632	0.9632	0.9632	0.9427	0.9632	0.9632	0.9632	0.9632	0.9632	0.9632	0.8938	0.9632	0.9632	0.9632	0.9632	0.9632	0.9632	0.9632	0.9632	0.9448	0.9297	0.9632	0.9632	0.9632	0.9632	0.9389	0.8938	0.9389	0.9632	0.9632	0.9632	0.9632	0.9632	0.9425	0.9632	0.9632	0.9632	0.9632	0.9632	0.9632	0.9632	0.9632	0.9632	0.9632	0.9632	0.9632	0.9632	0.9632	0.9632	0.9632	0.9632	0.9632	0.9448	0.9632	0.9632	0.9632	0.9632	0.9632	0.9632	0.9632	0.9632	0.9632	0.9448	0.9632	0.9632	0.9632	0.9632	0.9632	0.9632	0.9389	0.9632	0.9632	0.9632	0.9632	0.9389	0.9632	0.9632	0.9632	0.8938	0.9427	0.9632	0.9632	0.9632	0.9632	0.9632	0.9427	0.9632	0.9632	0.9632	0.9632	0.9632	0.9297	0.9632	0.9632	0.9632	0.9632	0.9632	0.9425	0.9632	0.9425	0.9632	0.9632	0.9389	0.9632	0.9632	0.9632	0.9632	0.9632	0.9632	0.9632	0.9632	0.9632	0.9425	0.9632	0.9389	0.9632	0.9632	0.9632	0.9427	0.9632	0.9632	0.9632	0.9427	0.9632	0.9632	0.9632	0.9632	0.9632	0.9632	0.9632	0.9632	0.9632	0.9632	0.9632	0.9632	0.9632	0.9425	0.9632	0.9632	0.9632	0.9632	0.9632	0.9632	0.8938	0.9632	0.9632	0.9632	0.9632	0.9632	0.9632	0.9632	0.9632	0.9632	0.9632	0.9632	0.9632	0.9632	0.9427	0.9425	0.9389	0.9632	0.9632	0.9632	0.9632	0.9632	0.9632	0.9632	0.9632	0.9632	0.9632	0.9632	0.9632	0.9632	0.9448	0.9632	0.9632	0.9632	0.9632	0.9632	0.9632	0.9632	0.9632	0.9632	0.9297	0.9632	0.9632	0.9632	0.9448	0.9632	0.9632	0.9448	0.0879	0.0879	0.0879	0.0879	0.0215	0.0215	0.0215	0.0215	0.0215	0.0215	0.0215	0.0215	0.0215	0.0215	0.0215	0.0215	0.0215	0.0215	0.0215	0.0215	0.0215	0.0352	0.0352	0.0352	0.0352	0.0352	0.0352	0.0352	0.0352	0.0352	0.0352
60	0.0321	0.0321	0.0321	0.0144	0.0321	0.0321	0.0321	0.0321	0.0321	0.0321	0.0321	0.0321	0.0321	0.0321	0.0321	0.0321	0.0321	0.0321	0.0321	0.0321	0.0321	0.0321	0.0321	0.0321	0.0321	0.0002	0.0321	0.0321	0.0321	0.0321	0.0023	0.0321	0.0321	0.0321	0.0321	0.0321	0.0321	0.0321	0.0116	0.0321	0.0002	0.0321	0.0321	0.0321	0.0144	0.0321	0.0321	0.0321	0.0321	0.0321	0.0321	0.0321	0.0321	0.0321	0.0321	0.0321	0.0321	0.0321	0.0321	0.0321	0.0321	0.0321	0.0493	0.0234	0.0321	0.0321	0.0321	0.0116	0.0321	0.0321	0.0493	0.0321	0.0321	0.0321	0.0144	0.0321	0.0321	0.0321	0.0321	0.0321	0.0321	0.0116	0.0321	0.0321	0.0321	0.0321	0.0321	0.0321	0.0023	0.0321	0.0321	0.0321	0.0321	0.0321	0.0321	0.0321	0.0321	0.0144	0.0234	0.0321	0.0321	0.0321	0.0321	0.0493	0.0023	0.0493	0.0321	0.0321	0.0321	0.0321	0.0321	0.0206	0.0321	0.0321	0.0321	0.0321	0.0321	0.0321	0.0321	0.0321	0.0321	0.0321	0.0321	0.0321	0.0321	0.0321	0.0321	0.0321	0.0321	0.0321	0.0144	0.0321	0.0321	0.0321	0.0321	0.0321	0.0321	0.0321	0.0321	0.0321	0.0144	0.0321	0.0321	0.0321	0.0321	0.0321	0.0321	0.0493	0.0321	0.0321	0.0321	0.0321	0.0493	0.0321	0.0321	0.0321	0.0023	0.0116	0.0321	0.0321	0.0321	0.0321	0.0321	0.0116	0.0321	0.0321	0.0321	0.0321	0.0321	0.0234	0.0321	0.0321	0.0321	0.0321	0.0321	0.0206	0.0321	0.0206	0.0321	0.0321	0.0493	0.0321	0.0321	0.0321	0.0321	0.0321	0.0321	0.0321	0.0321	0.0321	0.0206	0.0321	0.0493	0.0321	0.0321	0.0321	0.0116	0.0321	0.0321	0.0321	0.0116	0.0321	0.0321	0.0321	0.0321	0.0321	0.0321	0.0321	0.0321	0.0321	0.0321	0.0321	0.0321	0.0321	0.0206	0.0321	0.0321	0.0321	0.0321	0.0321	0.0321	0.0023	0.0321	0.0321	0.0321	0.0321	0.0321	0.0321	0.0321	0.0321	0.0321	0.0321	0.0321	0.0321	0.0321	0.0116	0.0206	0.0493	0.0321	0.0321	0.0321	0.0321	0.0321	0.0321	0.0321	0.0321	0.0321	0.0321	0.0321	0.0321	0.0321	0.0144	0.0321	0.0321	0.0321	0.0321	0.0321	0.0321	0.0321	0.0321	0.0321	0.0234	0.0321	0.0321	0.0321	0.0144	0.0321	0.0321	0.0144	0.1509	0.1509	0.1509	0.1509	0.0145	0.0145	0.0145	0.0145	0.0145	0.0145	0.0145	0.0145	0.0145	0.0145	0.0145	0.0145	0.0145	0.0145	0.0145	0.0145	0.0145	0.0399	0.0399	0.0399	0.0399	0.0399	0.0399	0.0399	0.0399	0.0399	0.0399
61	0.0062	0.0062	0.0062	0.0044	0.0062	0.0062	0.0062	0.0062	0.0062	0.0062	0.0062	0.0062	0.0062	0.0062	0.0062	0.0062	0.0062	0.0062	0.0062	0.0062	0.0062	0.0062	0.0062	0.0062	0.0062	0.0156	0.0062	0.0062	0.0062	0.0062	0.0078	0.0062	0.0062	0.0062	0.0062	0.0062	0.0062	0.0062	0.0051	0.0062	0.0156	0.0062	0.0062	0.0062	0.0044	0.0062	0.0062	0.0062	0.0062	0.0062	0.0062	0.0062	0.0062	0.0062	0.0062	0.0062	0.0062	0.0062	0.0062	0.0062	0.0062	0.0062	0.0072	0.0057	0.0062	0.0062	0.0062	0.0051	0.0062	0.0062	0.0072	0.0062	0.0062	0.0062	0.0044	0.0062	0.0062	0.0062	0.0062	0.0062	0.0062	0.0051	0.0062	0.0062	0.0062	0.0062	0.0062	0.0062	0.0078	0.0062	0.0062	0.0062	0.0062	0.0062	0.0062	0.0062	0.0062	0.0044	0.0057	0.0062	0.0062	0.0062	0.0062	0.0072	0.0078	0.0072	0.0062	0.0062	0.0062	0.0062	0.0062	0.0054	0.0062	0.0062	0.0062	0.0062	0.0062	0.0062	0.0062	0.0062	0.0062	0.0062	0.0062	0.0062	0.0062	0.0062	0.0062	0.0062	0.0062	0.0062	0.0044	0.0062	0.0062	0.0062	0.0062	0.0062	0.0062	0.0062	0.0062	0.0062	0.0044	0.0062	0.0062	0.0062	0.0062	0.0062	0.0062	0.0072	0.0062	0.0062	0.0062	0.0062	0.0072	0.0062	0.0062	0.0062	0.0078	0.0051	0.0062	0.0062	0.0062	0.0062	0.0062	0.0051	0.0062	0.0062	0.0062	0.0062	0.0062	0.0057	0.0062	0.0062	0.0062	0.0062	0.0062	0.0054	0.0062	0.0054	0.0062	0.0062	0.0072	0.0062	0.0062	0.0062	0.0062	0.0062	0.0062	0.0062	0.0062	0.0062	0.0054	0.0062	0.0072	0.0062	0.0062	0.0062	0.0051	0.0062	0.0062	0.0062	0.0051	0.0062	0.0062	0.0062	0.0062	0.0062	0.0062	0.0062	0.0062	0.0062	0.0062	0.0062	0.0062	0.0062	0.0054	0.0062	0.0062	0.0062	0.0062	0.0062	0.0062	0.0078	0.0062	0.0062	0.0062	0.0062	0.0062	0.0062	0.0062	0.0062	0.0062	0.0062	0.0062	0.0062	0.0062	0.0051	0.0054	0.0072	0.0062	0.0062	0.0062	0.0062	0.0062	0.0062	0.0062	0.0062	0.0062	0.0062	0.0062	0.0062	0.0062	0.0044	0.0062	0.0062	0.0062	0.0062	0.0062	0.0062	0.0062	0.0062	0.0062	0.0057	0.0062	0.0062	0.0062	0.0044	0.0062	0.0062	0.0044	0.127	0.127	0.127	0.127	0.0173	0.0173	0.0173	0.0173	0.0173	0.0173	0.0173	0.0173	0.0173	0.0173	0.0173	0.0173	0.0173	0.0173	0.0173	0.0173	0.0173	0.0409	0.0409	0.0409	0.0409	0.0409	0.0409	0.0409	0.0409	0.0409	0.0409
62	0.9567	0.9567	0.9567	0.9417	0.9567	0.9567	0.9567	0.9567	0.9567	0.9567	0.9567	0.9567	0.9567	0.9567	0.9567	0.9567	0.9567	0.9567	0.9567	0.9567	0.9567	0.9567	0.9567	0.9567	0.9567	0.9656	0.9567	0.9567	0.9567	0.9567	0.9944	0.9567	0.9567	0.9567	0.9567	0.9567	0.9567	0.9567	0.9287	0.9567	0.9656	0.9567	0.9567	0.9567	0.9417	0.9567	0.9567	0.9567	0.9567	0.9567	0.9567	0.9567	0.9567	0.9567	0.9567	0.9567	0.9567	0.9567	0.9567	0.9567	0.9567	0.9567	0.9404	0.9305	0.9567	0.9567	0.9567	0.9287	0.9567	0.9567	0.9404	0.9567	0.9567	0.9567	0.9417	0.9567	0.9567	0.9567	0.9567	0.9567	0.9567	0.9287	0.9567	0.9567	0.9567	0.9567	0.9567	0.9567	0.9944	0.9567	0.9567	0.9567	0.9567	0.9567	0.9567	0.9567	0.9567	0.9417	0.9305	0.9567	0.9567	0.9567	0.9567	0.9404	0.9944	0.9404	0.9567	0.9567	0.9567	0.9567	0.9567	0.9425	0.9567	0.9567	0.9567	0.9567	0.9567	0.9567	0.9567	0.9567	0.9567	0.9567	0.9567	0.9567	0.9567	0.9567	0.9567	0.9567	0.9567	0.9567	0.9417	0.9567	0.9567	0.9567	0.9567	0.9567	0.9567	0.9567	0.9567	0.9567	0.9417	0.9567	0.9567	0.9567	0.9567	0.9567	0.9567	0.9404	0.9567	0.9567	0.9567	0.9567	0.9404	0.9567	0.9567	0.9567	0.9944	0.9287	0.9567	0.9567	0.9567	0.9567	0.9567	0.9287	0.9567	0.9567	0.9567	0.9567	0.9567	0.9305	0.9567	0.9567	0.9567	0.9567	0.9567	0.9425	0.9567	0.9425	0.9567	0.9567	0.9404	0.9567	0.9567	0.9567	0.9567	0.9567	0.9567	0.9567	0.9567	0.9567	0.9425	0.9567	0.9404	0.9567	0.9567	0.9567	0.9287	0.9567	0.9567	0.9567	0.9287	0.9567	0.9567	0.9567	0.9567	0.9567	0.9567	0.9567	0.9567	0.9567	0.9567	0.9567	0.9567	0.9567	0.9425	0.9567	0.9567	0.9567	0.9567	0.9567	0.9567	0.9944	0.9567	0.9567	0.9567	0.9567	0.9567	0.9567	0.9567	0.9567	0.9567	0.9567	0.9567	0.9567	0.9567	0.9287	0.9425	0.9404	0.9567	0.9567	0.9567	0.9567	0.9567	0.9567	0.9567	0.9567	0.9567	0.9567	0.9567	0.9567	0.9567	0.9417	0.9567	0.9567	0.9567	0.9567	0.9567	0.9567	0.9567	0.9567	0.9567	0.9305	0.9567	0.9567	0.9567	0.9417	0.9567	0.9567	0.9417	0.1367	0.1367	0.1367	0.1367	0.7322	0.7322	0.7322	0.7322	0.7322	0.7322	0.7322	0.7322	0.7322	0.7322	0.7322	0.7322	0.7322	0.7322	0.7322	0.7322	0.7322	0.9084	0.9084	0.9084	0.9084	0.9084	0.9084	0.9084	0.9084	0.9084	0.9084
63	0.0133	0.0133	0.0133	0.0098	0.0133	0.0133	0.0133	0.0133	0.0133	0.0133	0.0133	0.0133	0.0133	0.0133	0.0133	0.0133	0.0133	0.0133	0.0133	0.0133	0.0133	0.0133	0.0133	0.0133	0.0133	0.0153	0.0133	0.0133	0.0133	0.0133	0.0042	0.0133	0.0133	0.0133	0.0133	0.0133	0.0133	0.0133	0.0075	0.0133	0.0153	0.0133	0.0133	0.0133	0.0098	0.0133	0.0133	0.0133	0.0133	0.0133	0.0133	0.0133	0.0133	0.0133	0.0133	0.0133	0.0133	0.0133	0.0133	0.0133	0.0133	0.0133	0.0118	0.0118	0.0133	0.0133	0.0133	0.0075	0.0133	0.0133	0.0118	0.0133	0.0133	0.0133	0.0098	0.0133	0.0133	0.0133	0.0133	0.0133	0.0133	0.0075	0.0133	0.0133	0.0133	0.0133	0.0133	0.0133	0.0042	0.0133	0.0133	0.0133	0.0133	0.0133	0.0133	0.0133	0.0133	0.0098	0.0118	0.0133	0.0133	0.0133	0.0133	0.0118	0.0042	0.0118	0.0133	0.0133	0.0133	0.0133	0.0133	0.0079	0.0133	0.0133	0.0133	0.0133	0.0133	0.0133	0.0133	0.0133	0.0133	0.0133	0.0133	0.0133	0.0133	0.0133	0.0133	0.0133	0.0133	0.0133	0.0098	0.0133	0.0133	0.0133	0.0133	0.0133	0.0133	0.0133	0.0133	0.0133	0.0098	0.0133	0.0133	0.0133	0.0133	0.0133	0.0133	0.0118	0.0133	0.0133	0.0133	0.0133	0.0118	0.0133	0.0133	0.0133	0.0042	0.0075	0.0133	0.0133	0.0133	0.0133	0.0133	0.0075	0.0133	0.0133	0.0133	0.0133	0.0133	0.0118	0.0133	0.0133	0.0133	0.0133	0.0133	0.0079	0.0133	0.0079	0.0133	0.0133	0.0118	0.0133	0.0133	0.0133	0.0133	0.0133	0.0133	0.0133	0.0133	0.0133	0.0079	0.0133	0.0118	0.0133	0.0133	0.0133	0.0075	0.0133	0.0133	0.0133	0.0075	0.0133	0.0133	0.0133	0.0133	0.0133	0.0133	0.0133	0.0133	0.0133	0.0133	0.0133	0.0133	0.0133	0.0079	0.0133	0.0133	0.0133	0.0133	0.0133	0.0133	0.0042	0.0133	0.0133	0.0133	0.0133	0.0133	0.0133	0.0133	0.0133	0.0133	0.0133	0.0133	0.0133	0.0133	0.0075	0.0079	0.0118	0.0133	0.0133	0.0133	0.0133	0.0133	0.0133	0.0133	0.0133	0.0133	0.0133	0.0133	0.0133	0.0133	0.0098	0.0133	0.0133	0.0133	0.0133	0.0133	0.0133	0.0133	0.0133	0.0133	0.0118	0.0133	0.0133	0.0133	0.0098	0.0133	0.0133	0.0098	0.9066	0.9066	0.9066	0.9066	0.0211	0.0211	0.0211	0.0211	0.0211	0.0211	0.0211	0.0211	0.0211	0.0211	0.0211	0.0211	0.0211	0.0211	0.0211	0.0211	0.0211	0.7201	0.7201	0.7201	0.7201	0.7201	0.7201	0.7201	0.7201	0.7201	0.7201
64	0.003	0.003	0.003	0.0054	0.003	0.003	0.003	0.003	0.003	0.003	0.003	0.003	0.003	0.003	0.003	0.003	0.003	0.003	0.003	0.003	0.003	0.003	0.003	0.003	0.003	0.0165	0.003	0.003	0.003	0.003	0.1557	0.003	0.003	0.003	0.003	0.003	0.003	0.003	0.0067	0.003	0.0165	0.003	0.003	0.003	0.0054	0.003	0.003	0.003	0.003	0.003	0.003	0.003	0.003	0.003	0.003	0.003	0.003	0.003	0.003	0.003	0.003	0.003	0.0148	0.0095	0.003	0.003	0.003	0.0067	0.003	0.003	0.0148	0.003	0.003	0.003	0.0054	0.003	0.003	0.003	0.003	0.003	0.003	0.0067	0.003	0.003	0.003	0.003	0.003	0.003	0.1557	0.003	0.003	0.003	0.003	0.003	0.003	0.003	0.003	0.0054	0.0095	0.003	0.003	0.003	0.003	0.0148	0.1557	0.0148	0.003	0.003	0.003	0.003	0.003	0.0068	0.003	0.003	0.003	0.003	0.003	0.003	0.003	0.003	0.003	0.003	0.003	0.003	0.003	0.003	0.003	0.003	0.003	0.003	0.0054	0.003	0.003	0.003	0.003	0.003	0.003	0.003	0.003	0.003	0.0054	0.003	0.003	0.003	0.003	0.003	0.003	0.0148	0.003	0.003	0.003	0.003	0.0148	0.003	0.003	0.003	0.1557	0.0067	0.003	0.003	0.003	0.003	0.003	0.0067	0.003	0.003	0.003	0.003	0.003	0.0095	0.003	0.003	0.003	0.003	0.003	0.0068	0.003	0.0068	0.003	0.003	0.0148	0.003	0.003	0.003	0.003	0.003	0.003	0.003	0.003	0.003	0.0068	0.003	0.0148	0.003	0.003	0.003	0.0067	0.003	0.003	0.003	0.0067	0.003	0.003	0.003	0.003	0.003	0.003	0.003	0.003	0.003	0.003	0.003	0.003	0.003	0.0068	0.003	0.003	0.003	0.003	0.003	0.003	0.1557	0.003	0.003	0.003	0.003	0.003	0.003	0.003	0.003	0.003	0.003	0.003	0.003	0.003	0.0067	0.0068	0.0148	0.003	0.003	0.003	0.003	0.003	0.003	0.003	0.003	0.003	0.003	0.003	0.003	0.003	0.0054	0.003	0.003	0.003	0.003	0.003	0.003	0.003	0.003	0.003	0.0095	0.003	0.003	0.003	0.0054	0.003	0.003	0.0054	0.0573	0.0573	0.0573	0.0573	0.0238	0.0238	0.0238	0.0238	0.0238	0.0238	0.0238	0.0238	0.0238	0.0238	0.0238	0.0238	0.0238	0.0238	0.0238	0.0238	0.0238	0.0276	0.0276	0.0276	0.0276	0.0276	0.0276	0.0276	0.0276	0.0276	0.0276
65	0.9452	0.9452	0.9452	0.876	0.9452	0.9452	0.9452	0.9452	0.9452	0.9452	0.9452	0.9452	0.9452	0.9452	0.9452	0.9452	0.9452	0.9452	0.9452	0.9452	0.9452	0.9452	0.9452	0.9452	0.9452	0.953	0.9452	0.9452	0.9452	0.9452	0.1478	0.9452	0.9452	0.9452	0.9452	0.9452	0.9452	0.9452	0.8009	0.9452	0.953	0.9452	0.9452	0.9452	0.876	0.9452	0.9452	0.9452	0.9452	0.9452	0.9452	0.9452	0.9452	0.9452	0.9452	0.9452	0.9452	0.9452	0.9452	0.9452	0.9452	0.9452	0.9236	0.9117	0.9452	0.9452	0.9452	0.8009	0.9452	0.9452	0.9236	0.9452	0.9452	0.9452	0.876	0.9452	0.9452	0.9452	0.9452	0.9452	0.9452	0.8009	0.9452	0.9452	0.9452	0.9452	0.9452	0.9452	0.1478	0.9452	0.9452	0.9452	0.9452	0.9452	0.9452	0.9452	0.9452	0.876	0.9117	0.9452	0.9452	0.9452	0.9452	0.9236	0.1478	0.9236	0.9452	0.9452	0.9452	0.9452	0.9452	0.898	0.9452	0.9452	0.9452	0.9452	0.9452	0.9452	0.9452	0.9452	0.9452	0.9452	0.9452	0.9452	0.9452	0.9452	0.9452	0.9452	0.9452	0.9452	0.876	0.9452	0.9452	0.9452	0.9452	0.9452	0.9452	0.9452	0.9452	0.9452	0.876	0.9452	0.9452	0.9452	0.9452	0.9452	0.9452	0.9236	0.9452	0.9452	0.9452	0.9452	0.9236	0.9452	0.9452	0.9452	0.1478	0.8009	0.9452	0.9452	0.9452	0.9452	0.9452	0.8009	0.9452	0.9452	0.9452	0.9452	0.9452	0.9117	0.9452	0.9452	0.9452	0.9452	0.9452	0.898	0.9452	0.898	0.9452	0.9452	0.9236	0.9452	0.9452	0.9452	0.9452	0.9452	0.9452	0.9452	0.9452	0.9452	0.898	0.9452	0.9236	0.9452	0.9452	0.9452	0.8009	0.9452	0.9452	0.9452	0.8009	0.9452	0.9452	0.9452	0.9452	0.9452	0.9452	0.9452	0.9452	0.9452	0.9452	0.9452	0.9452	0.9452	0.898	0.9452	0.9452	0.9452	0.9452	0.9452	0.9452	0.1478	0.9452	0.9452	0.9452	0.9452	0.9452	0.9452	0.9452	0.9452	0.9452	0.9452	0.9452	0.9452	0.9452	0.8009	0.898	0.9236	0.9452	0.9452	0.9452	0.9452	0.9452	0.9452	0.9452	0.9452	0.9452	0.9452	0.9452	0.9452	0.9452	0.876	0.9452	0.9452	0.9452	0.9452	0.9452	0.9452	0.9452	0.9452	0.9452	0.9117	0.9452	0.9452	0.9452	0.876	0.9452	0.9452	0.876	0.7484	0.7484	0.7484	0.7484	0.0191	0.0191	0.0191	0.0191	0.0191	0.0191	0.0191	0.0191	0.0191	0.0191	0.0191	0.0191	0.0191	0.0191	0.0191	0.0191	0.0191	0.8951	0.8951	0.8951	0.8951	0.8951	0.8951	0.8951	0.8951	0.8951	0.8951
66	0.9359	0.9359	0.9359	0.9275	0.9359	0.9359	0.9359	0.9359	0.9359	0.9359	0.9359	0.9359	0.9359	0.9359	0.9359	0.9359	0.9359	0.9359	0.9359	0.9359	0.9359	0.9359	0.9359	0.9359	0.9359	0.9751	0.9359	0.9359	0.9359	0.9359	0.9988	0.9359	0.9359	0.9359	0.9359	0.9359	0.9359	0.9359	0.9222	0.9359	0.9751	0.9359	0.9359	0.9359	0.9275	0.9359	0.9359	0.9359	0.9359	0.9359	0.9359	0.9359	0.9359	0.9359	0.9359	0.9359	0.9359	0.9359	0.9359	0.9359	0.9359	0.9359	0.8859	0.9162	0.9359	0.9359	0.9359	0.9222	0.9359	0.9359	0.8859	0.9359	0.9359	0.9359	0.9275	0.9359	0.9359	0.9359	0.9359	0.9359	0.9359	0.9222	0.9359	0.9359	0.9359	0.9359	0.9359	0.9359	0.9988	0.9359	0.9359	0.9359	0.9359	0.9359	0.9359	0.9359	0.9359	0.9275	0.9162	0.9359	0.9359	0.9359	0.9359	0.8859	0.9988	0.8859	0.9359	0.9359	0.9359	0.9359	0.9359	0.869	0.9359	0.9359	0.9359	0.9359	0.9359	0.9359	0.9359	0.9359	0.9359	0.9359	0.9359	0.9359	0.9359	0.9359	0.9359	0.9359	0.9359	0.9359	0.9275	0.9359	0.9359	0.9359	0.9359	0.9359	0.9359	0.9359	0.9359	0.9359	0.9275	0.9359	0.9359	0.9359	0.9359	0.9359	0.9359	0.8859	0.9359	0.9359	0.9359	0.9359	0.8859	0.9359	0.9359	0.9359	0.9988	0.9222	0.9359	0.9359	0.9359	0.9359	0.9359	0.9222	0.9359	0.9359	0.9359	0.9359	0.9359	0.9162	0.9359	0.9359	0.9359	0.9359	0.9359	0.869	0.9359	0.869	0.9359	0.9359	0.8859	0.9359	0.9359	0.9359	0.9359	0.9359	0.9359	0.9359	0.9359	0.9359	0.869	0.9359	0.8859	0.9359	0.9359	0.9359	0.9222	0.9359	0.9359	0.9359	0.9222	0.9359	0.9359	0.9359	0.9359	0.9359	0.9359	0.9359	0.9359	0.9359	0.9359	0.9359	0.9359	0.9359	0.869	0.9359	0.9359	0.9359	0.9359	0.9359	0.9359	0.9988	0.9359	0.9359	0.9359	0.9359	0.9359	0.9359	0.9359	0.9359	0.9359	0.9359	0.9359	0.9359	0.9359	0.9222	0.869	0.8859	0.9359	0.9359	0.9359	0.9359	0.9359	0.9359	0.9359	0.9359	0.9359	0.9359	0.9359	0.9359	0.9359	0.9275	0.9359	0.9359	0.9359	0.9359	0.9359	0.9359	0.9359	0.9359	0.9359	0.9162	0.9359	0.9359	0.9359	0.9275	0.9359	0.9359	0.9275	0.0713	0.0713	0.0713	0.0713	0.0242	0.0242	0.0242	0.0242	0.0242	0.0242	0.0242	0.0242	0.0242	0.0242	0.0242	0.0242	0.0242	0.0242	0.0242	0.0242	0.0242	0.9648	0.9648	0.9648	0.9648	0.9648	0.9648	0.9648	0.9648	0.9648	0.9648
