TP	ID	PID	EL	Perc	Leaf	Mut
1	0	-1	0	1	0	True
1.5	1	0	6.0361111843362	0.9273090719116892	0	True
1.5	2	0	3.8853882809642406	0.07269092808831079	0	True
2.0	3	1	1.9638888156638004	0.2953107278845782	-1	True
2.0	4	1	1.9638888156638004	0.37642580202854914	-1	True
2.0	5	2	4.114611719035759	0.03295274220229449	-1	True
2.0	6	2	4.114611719035759	0.2953107278845782	0	True
3.0	7	6	7	1.0	1	False
