	2	2	2	2	2	2	2	2	2	2	2	2	2	2	2	2	2	2	4	2	2	2	2	2	2	2	2	2	2	2	2	2	2	2	2	2	2	2	2	2	2	2	2	2	2	2	2	2	2	2	2	2	2	2	2	2	2	2	2	2	2	2	2	2	2	2	2	2	2	2	2	2	2	2	2	2	2	2	2	2	2	2	2	2	2	2	2	2	2	2	2	2	2	2	2	2	2	2	2	2	2	2	2	2	2	2	2	1	1	1	1	1	1	1	1	1	1	1	1	1	1	1	1	1	1	1	1	1	1	1	1	1	1	1	1	1	1	1	1	1	1	1	1	1	1	1	1	1	1	1	1	1	0	0	0	0	0	0	0	0	0	0	0	0	0	0	0	0	0	0	0	0	0	0	0	0	0	0	0	0	0	0	0	0	0	0	0	0	0	0	0	0	0	0	0	0	0	0	0	0	0	0	0	0	0	0	0	0	0	0	0	0	0	0	0	0	0	0	0	0	0	0	0	0	0	0	0	0	0	0	0	0	0	0	0	0	0	0	0	0	0	0	0	0	0	0	0	0	0	0	0	0	0	0	0	0	0	0	0	0	0	0	0	0	0	0	0	0	0	0	0	0	0	0	0	0	0	0	0	0	0	0	0	0	0	0	0	0	0	0	0	0	0	0	0	0	3	3	3	3
0	0.948	0.948	0.948	0.948	0.948	0.948	0.948	0.948	0.948	0.948	0.948	0.948	0.948	0.948	0.948	0.948	0.948	0.948	0.8315	0.948	0.948	0.948	0.948	0.948	0.948	0.948	0.948	0.948	0.948	0.948	0.948	0.948	0.948	0.948	0.948	0.948	0.948	0.948	0.948	0.948	0.948	0.948	0.948	0.948	0.948	0.948	0.948	0.948	0.948	0.948	0.948	0.948	0.948	0.948	0.948	0.948	0.948	0.948	0.948	0.948	0.948	0.948	0.948	0.948	0.948	0.948	0.948	0.948	0.948	0.948	0.948	0.948	0.948	0.948	0.948	0.948	0.948	0.948	0.948	0.948	0.948	0.948	0.948	0.948	0.948	0.948	0.948	0.948	0.948	0.948	0.948	0.948	0.948	0.948	0.948	0.948	0.948	0.948	0.948	0.948	0.948	0.948	0.948	0.948	0.948	0.948	0.948	0.8517	0.8517	0.8517	0.8517	0.8517	0.8517	0.8517	0.8517	0.8517	0.8517	0.8517	0.8517	0.8517	0.8517	0.8517	0.8517	0.8517	0.8517	0.8517	0.8517	0.8517	0.8517	0.8517	0.8517	0.8517	0.8517	0.8517	0.8517	0.8517	0.8517	0.8517	0.8517	0.8517	0.8517	0.8517	0.8517	0.8517	0.8517	0.8517	0.8517	0.8517	0.8517	0.8517	0.8517	0.8517	0.0045	0.0045	0.0045	0.0045	0.0045	0.0045	0.0045	0.0045	0.0045	0.0045	0.0045	0.0045	0.0045	0.0045	0.0045	0.0045	0.0045	0.0045	0.0045	0.0045	0.0045	0.0045	0.0045	0.0045	0.0045	0.0045	0.0045	0.0045	0.0045	0.0045	0.0045	0.0045	0.0045	0.0045	0.0045	0.0045	0.0045	0.0045	0.0045	0.0045	0.0045	0.0045	0.0045	0.0045	0.0045	0.0045	0.0045	0.0045	0.0045	0.0045	0.0045	0.0045	0.0045	0.0045	0.0045	0.0045	0.0045	0.0045	0.0045	0.0045	0.0045	0.0045	0.0045	0.0045	0.0045	0.0045	0.0045	0.0045	0.0045	0.0045	0.0045	0.0045	0.0045	0.0045	0.0045	0.0045	0.0045	0.0045	0.0045	0.0045	0.0045	0.0045	0.0045	0.0045	0.0045	0.0045	0.0045	0.0045	0.0045	0.0045	0.0045	0.0045	0.0045	0.0045	0.0045	0.0045	0.0045	0.0045	0.0045	0.0045	0.0045	0.0045	0.0045	0.0045	0.0045	0.0045	0.0045	0.0045	0.0045	0.0045	0.0045	0.0045	0.0045	0.0045	0.0045	0.0045	0.0045	0.0045	0.0045	0.0045	0.0045	0.0045	0.0045	0.0045	0.0045	0.0045	0.0045	0.0045	0.0045	0.0045	0.0045	0.0045	0.0045	0.0045	0.0045	0.0045	0.0045	0.0045	0.0045	0.0045	0.0045	0.0045	0.0045	0.0045	0.1416	0.1416	0.1416	0.1416
1	0.8962	0.8962	0.8962	0.8962	0.8962	0.8962	0.8962	0.8962	0.8962	0.8962	0.8962	0.8962	0.8962	0.8962	0.8962	0.8962	0.8962	0.8962	0.5742	0.8962	0.8962	0.8962	0.8962	0.8962	0.8962	0.8962	0.8962	0.8962	0.8962	0.8962	0.8962	0.8962	0.8962	0.8962	0.8962	0.8962	0.8962	0.8962	0.8962	0.8962	0.8962	0.8962	0.8962	0.8962	0.8962	0.8962	0.8962	0.8962	0.8962	0.8962	0.8962	0.8962	0.8962	0.8962	0.8962	0.8962	0.8962	0.8962	0.8962	0.8962	0.8962	0.8962	0.8962	0.8962	0.8962	0.8962	0.8962	0.8962	0.8962	0.8962	0.8962	0.8962	0.8962	0.8962	0.8962	0.8962	0.8962	0.8962	0.8962	0.8962	0.8962	0.8962	0.8962	0.8962	0.8962	0.8962	0.8962	0.8962	0.8962	0.8962	0.8962	0.8962	0.8962	0.8962	0.8962	0.8962	0.8962	0.8962	0.8962	0.8962	0.8962	0.8962	0.8962	0.8962	0.8962	0.8962	0.8962	0.9801	0.9801	0.9801	0.9801	0.9801	0.9801	0.9801	0.9801	0.9801	0.9801	0.9801	0.9801	0.9801	0.9801	0.9801	0.9801	0.9801	0.9801	0.9801	0.9801	0.9801	0.9801	0.9801	0.9801	0.9801	0.9801	0.9801	0.9801	0.9801	0.9801	0.9801	0.9801	0.9801	0.9801	0.9801	0.9801	0.9801	0.9801	0.9801	0.9801	0.9801	0.9801	0.9801	0.9801	0.9801	0.0108	0.0108	0.0108	0.0108	0.0108	0.0108	0.0108	0.0108	0.0108	0.0108	0.0108	0.0108	0.0108	0.0108	0.0108	0.0108	0.0108	0.0108	0.0108	0.0108	0.0108	0.0108	0.0108	0.0108	0.0108	0.0108	0.0108	0.0108	0.0108	0.0108	0.0108	0.0108	0.0108	0.0108	0.0108	0.0108	0.0108	0.0108	0.0108	0.0108	0.0108	0.0108	0.0108	0.0108	0.0108	0.0108	0.0108	0.0108	0.0108	0.0108	0.0108	0.0108	0.0108	0.0108	0.0108	0.0108	0.0108	0.0108	0.0108	0.0108	0.0108	0.0108	0.0108	0.0108	0.0108	0.0108	0.0108	0.0108	0.0108	0.0108	0.0108	0.0108	0.0108	0.0108	0.0108	0.0108	0.0108	0.0108	0.0108	0.0108	0.0108	0.0108	0.0108	0.0108	0.0108	0.0108	0.0108	0.0108	0.0108	0.0108	0.0108	0.0108	0.0108	0.0108	0.0108	0.0108	0.0108	0.0108	0.0108	0.0108	0.0108	0.0108	0.0108	0.0108	0.0108	0.0108	0.0108	0.0108	0.0108	0.0108	0.0108	0.0108	0.0108	0.0108	0.0108	0.0108	0.0108	0.0108	0.0108	0.0108	0.0108	0.0108	0.0108	0.0108	0.0108	0.0108	0.0108	0.0108	0.0108	0.0108	0.0108	0.0108	0.0108	0.0108	0.0108	0.0108	0.0108	0.0108	0.0108	0.0108	0.0108	0.0108	0.0108	0.0108	0.1	0.1	0.1	0.1
2	0.0022	0.0022	0.0022	0.0022	0.0022	0.0022	0.0022	0.0022	0.0022	0.0022	0.0022	0.0022	0.0022	0.0022	0.0022	0.0022	0.0022	0.0022	0.6216	0.0022	0.0022	0.0022	0.0022	0.0022	0.0022	0.0022	0.0022	0.0022	0.0022	0.0022	0.0022	0.0022	0.0022	0.0022	0.0022	0.0022	0.0022	0.0022	0.0022	0.0022	0.0022	0.0022	0.0022	0.0022	0.0022	0.0022	0.0022	0.0022	0.0022	0.0022	0.0022	0.0022	0.0022	0.0022	0.0022	0.0022	0.0022	0.0022	0.0022	0.0022	0.0022	0.0022	0.0022	0.0022	0.0022	0.0022	0.0022	0.0022	0.0022	0.0022	0.0022	0.0022	0.0022	0.0022	0.0022	0.0022	0.0022	0.0022	0.0022	0.0022	0.0022	0.0022	0.0022	0.0022	0.0022	0.0022	0.0022	0.0022	0.0022	0.0022	0.0022	0.0022	0.0022	0.0022	0.0022	0.0022	0.0022	0.0022	0.0022	0.0022	0.0022	0.0022	0.0022	0.0022	0.0022	0.0022	0.0022	0.0345	0.0345	0.0345	0.0345	0.0345	0.0345	0.0345	0.0345	0.0345	0.0345	0.0345	0.0345	0.0345	0.0345	0.0345	0.0345	0.0345	0.0345	0.0345	0.0345	0.0345	0.0345	0.0345	0.0345	0.0345	0.0345	0.0345	0.0345	0.0345	0.0345	0.0345	0.0345	0.0345	0.0345	0.0345	0.0345	0.0345	0.0345	0.0345	0.0345	0.0345	0.0345	0.0345	0.0345	0.0345	0.9798	0.9798	0.9798	0.9798	0.9798	0.9798	0.9798	0.9798	0.9798	0.9798	0.9798	0.9798	0.9798	0.9798	0.9798	0.9798	0.9798	0.9798	0.9798	0.9798	0.9798	0.9798	0.9798	0.9798	0.9798	0.9798	0.9798	0.9798	0.9798	0.9798	0.9798	0.9798	0.9798	0.9798	0.9798	0.9798	0.9798	0.9798	0.9798	0.9798	0.9798	0.9798	0.9798	0.9798	0.9798	0.9798	0.9798	0.9798	0.9798	0.9798	0.9798	0.9798	0.9798	0.9798	0.9798	0.9798	0.9798	0.9798	0.9798	0.9798	0.9798	0.9798	0.9798	0.9798	0.9798	0.9798	0.9798	0.9798	0.9798	0.9798	0.9798	0.9798	0.9798	0.9798	0.9798	0.9798	0.9798	0.9798	0.9798	0.9798	0.9798	0.9798	0.9798	0.9798	0.9798	0.9798	0.9798	0.9798	0.9798	0.9798	0.9798	0.9798	0.9798	0.9798	0.9798	0.9798	0.9798	0.9798	0.9798	0.9798	0.9798	0.9798	0.9798	0.9798	0.9798	0.9798	0.9798	0.9798	0.9798	0.9798	0.9798	0.9798	0.9798	0.9798	0.9798	0.9798	0.9798	0.9798	0.9798	0.9798	0.9798	0.9798	0.9798	0.9798	0.9798	0.9798	0.9798	0.9798	0.9798	0.9798	0.9798	0.9798	0.9798	0.9798	0.9798	0.9798	0.9798	0.9798	0.9798	0.9798	0.9798	0.9798	0.9798	0.9798	0.9242	0.9242	0.9242	0.9242
3	0.0053	0.0053	0.0053	0.0053	0.0053	0.0053	0.0053	0.0053	0.0053	0.0053	0.0053	0.0053	0.0053	0.0053	0.0053	0.0053	0.0053	0.0053	0.1715	0.0053	0.0053	0.0053	0.0053	0.0053	0.0053	0.0053	0.0053	0.0053	0.0053	0.0053	0.0053	0.0053	0.0053	0.0053	0.0053	0.0053	0.0053	0.0053	0.0053	0.0053	0.0053	0.0053	0.0053	0.0053	0.0053	0.0053	0.0053	0.0053	0.0053	0.0053	0.0053	0.0053	0.0053	0.0053	0.0053	0.0053	0.0053	0.0053	0.0053	0.0053	0.0053	0.0053	0.0053	0.0053	0.0053	0.0053	0.0053	0.0053	0.0053	0.0053	0.0053	0.0053	0.0053	0.0053	0.0053	0.0053	0.0053	0.0053	0.0053	0.0053	0.0053	0.0053	0.0053	0.0053	0.0053	0.0053	0.0053	0.0053	0.0053	0.0053	0.0053	0.0053	0.0053	0.0053	0.0053	0.0053	0.0053	0.0053	0.0053	0.0053	0.0053	0.0053	0.0053	0.0053	0.0053	0.0053	0.0053	0.0084	0.0084	0.0084	0.0084	0.0084	0.0084	0.0084	0.0084	0.0084	0.0084	0.0084	0.0084	0.0084	0.0084	0.0084	0.0084	0.0084	0.0084	0.0084	0.0084	0.0084	0.0084	0.0084	0.0084	0.0084	0.0084	0.0084	0.0084	0.0084	0.0084	0.0084	0.0084	0.0084	0.0084	0.0084	0.0084	0.0084	0.0084	0.0084	0.0084	0.0084	0.0084	0.0084	0.0084	0.0084	0.9527	0.9527	0.9527	0.9527	0.9527	0.9527	0.9527	0.9527	0.9527	0.9527	0.9527	0.9527	0.9527	0.9527	0.9527	0.9527	0.9527	0.9527	0.9527	0.9527	0.9527	0.9527	0.9527	0.9527	0.9527	0.9527	0.9527	0.9527	0.9527	0.9527	0.9527	0.9527	0.9527	0.9527	0.9527	0.9527	0.9527	0.9527	0.9527	0.9527	0.9527	0.9527	0.9527	0.9527	0.9527	0.9527	0.9527	0.9527	0.9527	0.9527	0.9527	0.9527	0.9527	0.9527	0.9527	0.9527	0.9527	0.9527	0.9527	0.9527	0.9527	0.9527	0.9527	0.9527	0.9527	0.9527	0.9527	0.9527	0.9527	0.9527	0.9527	0.9527	0.9527	0.9527	0.9527	0.9527	0.9527	0.9527	0.9527	0.9527	0.9527	0.9527	0.9527	0.9527	0.9527	0.9527	0.9527	0.9527	0.9527	0.9527	0.9527	0.9527	0.9527	0.9527	0.9527	0.9527	0.9527	0.9527	0.9527	0.9527	0.9527	0.9527	0.9527	0.9527	0.9527	0.9527	0.9527	0.9527	0.9527	0.9527	0.9527	0.9527	0.9527	0.9527	0.9527	0.9527	0.9527	0.9527	0.9527	0.9527	0.9527	0.9527	0.9527	0.9527	0.9527	0.9527	0.9527	0.9527	0.9527	0.9527	0.9527	0.9527	0.9527	0.9527	0.9527	0.9527	0.9527	0.9527	0.9527	0.9527	0.9527	0.9527	0.9527	0.9527	0.8585	0.8585	0.8585	0.8585
4	0.0026	0.0026	0.0026	0.0026	0.0026	0.0026	0.0026	0.0026	0.0026	0.0026	0.0026	0.0026	0.0026	0.0026	0.0026	0.0026	0.0026	0.0026	0.0974	0.0026	0.0026	0.0026	0.0026	0.0026	0.0026	0.0026	0.0026	0.0026	0.0026	0.0026	0.0026	0.0026	0.0026	0.0026	0.0026	0.0026	0.0026	0.0026	0.0026	0.0026	0.0026	0.0026	0.0026	0.0026	0.0026	0.0026	0.0026	0.0026	0.0026	0.0026	0.0026	0.0026	0.0026	0.0026	0.0026	0.0026	0.0026	0.0026	0.0026	0.0026	0.0026	0.0026	0.0026	0.0026	0.0026	0.0026	0.0026	0.0026	0.0026	0.0026	0.0026	0.0026	0.0026	0.0026	0.0026	0.0026	0.0026	0.0026	0.0026	0.0026	0.0026	0.0026	0.0026	0.0026	0.0026	0.0026	0.0026	0.0026	0.0026	0.0026	0.0026	0.0026	0.0026	0.0026	0.0026	0.0026	0.0026	0.0026	0.0026	0.0026	0.0026	0.0026	0.0026	0.0026	0.0026	0.0026	0.0026	0.8852	0.8852	0.8852	0.8852	0.8852	0.8852	0.8852	0.8852	0.8852	0.8852	0.8852	0.8852	0.8852	0.8852	0.8852	0.8852	0.8852	0.8852	0.8852	0.8852	0.8852	0.8852	0.8852	0.8852	0.8852	0.8852	0.8852	0.8852	0.8852	0.8852	0.8852	0.8852	0.8852	0.8852	0.8852	0.8852	0.8852	0.8852	0.8852	0.8852	0.8852	0.8852	0.8852	0.8852	0.8852	0.0012	0.0012	0.0012	0.0012	0.0012	0.0012	0.0012	0.0012	0.0012	0.0012	0.0012	0.0012	0.0012	0.0012	0.0012	0.0012	0.0012	0.0012	0.0012	0.0012	0.0012	0.0012	0.0012	0.0012	0.0012	0.0012	0.0012	0.0012	0.0012	0.0012	0.0012	0.0012	0.0012	0.0012	0.0012	0.0012	0.0012	0.0012	0.0012	0.0012	0.0012	0.0012	0.0012	0.0012	0.0012	0.0012	0.0012	0.0012	0.0012	0.0012	0.0012	0.0012	0.0012	0.0012	0.0012	0.0012	0.0012	0.0012	0.0012	0.0012	0.0012	0.0012	0.0012	0.0012	0.0012	0.0012	0.0012	0.0012	0.0012	0.0012	0.0012	0.0012	0.0012	0.0012	0.0012	0.0012	0.0012	0.0012	0.0012	0.0012	0.0012	0.0012	0.0012	0.0012	0.0012	0.0012	0.0012	0.0012	0.0012	0.0012	0.0012	0.0012	0.0012	0.0012	0.0012	0.0012	0.0012	0.0012	0.0012	0.0012	0.0012	0.0012	0.0012	0.0012	0.0012	0.0012	0.0012	0.0012	0.0012	0.0012	0.0012	0.0012	0.0012	0.0012	0.0012	0.0012	0.0012	0.0012	0.0012	0.0012	0.0012	0.0012	0.0012	0.0012	0.0012	0.0012	0.0012	0.0012	0.0012	0.0012	0.0012	0.0012	0.0012	0.0012	0.0012	0.0012	0.0012	0.0012	0.0012	0.0012	0.0012	0.0012	0.0012	0.0012	0.1101	0.1101	0.1101	0.1101
5	0.0019	0.0019	0.0019	0.0019	0.0019	0.0019	0.0019	0.0019	0.0019	0.0019	0.0019	0.0019	0.0019	0.0019	0.0019	0.0019	0.0019	0.0019	0.0474	0.0019	0.0019	0.0019	0.0019	0.0019	0.0019	0.0019	0.0019	0.0019	0.0019	0.0019	0.0019	0.0019	0.0019	0.0019	0.0019	0.0019	0.0019	0.0019	0.0019	0.0019	0.0019	0.0019	0.0019	0.0019	0.0019	0.0019	0.0019	0.0019	0.0019	0.0019	0.0019	0.0019	0.0019	0.0019	0.0019	0.0019	0.0019	0.0019	0.0019	0.0019	0.0019	0.0019	0.0019	0.0019	0.0019	0.0019	0.0019	0.0019	0.0019	0.0019	0.0019	0.0019	0.0019	0.0019	0.0019	0.0019	0.0019	0.0019	0.0019	0.0019	0.0019	0.0019	0.0019	0.0019	0.0019	0.0019	0.0019	0.0019	0.0019	0.0019	0.0019	0.0019	0.0019	0.0019	0.0019	0.0019	0.0019	0.0019	0.0019	0.0019	0.0019	0.0019	0.0019	0.0019	0.0019	0.0019	0.0019	0.8217	0.8217	0.8217	0.8217	0.8217	0.8217	0.8217	0.8217	0.8217	0.8217	0.8217	0.8217	0.8217	0.8217	0.8217	0.8217	0.8217	0.8217	0.8217	0.8217	0.8217	0.8217	0.8217	0.8217	0.8217	0.8217	0.8217	0.8217	0.8217	0.8217	0.8217	0.8217	0.8217	0.8217	0.8217	0.8217	0.8217	0.8217	0.8217	0.8217	0.8217	0.8217	0.8217	0.8217	0.8217	0.0082	0.0082	0.0082	0.0082	0.0082	0.0082	0.0082	0.0082	0.0082	0.0082	0.0082	0.0082	0.0082	0.0082	0.0082	0.0082	0.0082	0.0082	0.0082	0.0082	0.0082	0.0082	0.0082	0.0082	0.0082	0.0082	0.0082	0.0082	0.0082	0.0082	0.0082	0.0082	0.0082	0.0082	0.0082	0.0082	0.0082	0.0082	0.0082	0.0082	0.0082	0.0082	0.0082	0.0082	0.0082	0.0082	0.0082	0.0082	0.0082	0.0082	0.0082	0.0082	0.0082	0.0082	0.0082	0.0082	0.0082	0.0082	0.0082	0.0082	0.0082	0.0082	0.0082	0.0082	0.0082	0.0082	0.0082	0.0082	0.0082	0.0082	0.0082	0.0082	0.0082	0.0082	0.0082	0.0082	0.0082	0.0082	0.0082	0.0082	0.0082	0.0082	0.0082	0.0082	0.0082	0.0082	0.0082	0.0082	0.0082	0.0082	0.0082	0.0082	0.0082	0.0082	0.0082	0.0082	0.0082	0.0082	0.0082	0.0082	0.0082	0.0082	0.0082	0.0082	0.0082	0.0082	0.0082	0.0082	0.0082	0.0082	0.0082	0.0082	0.0082	0.0082	0.0082	0.0082	0.0082	0.0082	0.0082	0.0082	0.0082	0.0082	0.0082	0.0082	0.0082	0.0082	0.0082	0.0082	0.0082	0.0082	0.0082	0.0082	0.0082	0.0082	0.0082	0.0082	0.0082	0.0082	0.0082	0.0082	0.0082	0.0082	0.0082	0.0082	0.0944	0.0944	0.0944	0.0944
6	0.0265	0.0265	0.0265	0.0265	0.0265	0.0265	0.0265	0.0265	0.0265	0.0265	0.0265	0.0265	0.0265	0.0265	0.0265	0.0265	0.0265	0.0265	0.1691	0.0265	0.0265	0.0265	0.0265	0.0265	0.0265	0.0265	0.0265	0.0265	0.0265	0.0265	0.0265	0.0265	0.0265	0.0265	0.0265	0.0265	0.0265	0.0265	0.0265	0.0265	0.0265	0.0265	0.0265	0.0265	0.0265	0.0265	0.0265	0.0265	0.0265	0.0265	0.0265	0.0265	0.0265	0.0265	0.0265	0.0265	0.0265	0.0265	0.0265	0.0265	0.0265	0.0265	0.0265	0.0265	0.0265	0.0265	0.0265	0.0265	0.0265	0.0265	0.0265	0.0265	0.0265	0.0265	0.0265	0.0265	0.0265	0.0265	0.0265	0.0265	0.0265	0.0265	0.0265	0.0265	0.0265	0.0265	0.0265	0.0265	0.0265	0.0265	0.0265	0.0265	0.0265	0.0265	0.0265	0.0265	0.0265	0.0265	0.0265	0.0265	0.0265	0.0265	0.0265	0.0265	0.0265	0.0265	0.0265	0.9722	0.9722	0.9722	0.9722	0.9722	0.9722	0.9722	0.9722	0.9722	0.9722	0.9722	0.9722	0.9722	0.9722	0.9722	0.9722	0.9722	0.9722	0.9722	0.9722	0.9722	0.9722	0.9722	0.9722	0.9722	0.9722	0.9722	0.9722	0.9722	0.9722	0.9722	0.9722	0.9722	0.9722	0.9722	0.9722	0.9722	0.9722	0.9722	0.9722	0.9722	0.9722	0.9722	0.9722	0.9722	0.0015	0.0015	0.0015	0.0015	0.0015	0.0015	0.0015	0.0015	0.0015	0.0015	0.0015	0.0015	0.0015	0.0015	0.0015	0.0015	0.0015	0.0015	0.0015	0.0015	0.0015	0.0015	0.0015	0.0015	0.0015	0.0015	0.0015	0.0015	0.0015	0.0015	0.0015	0.0015	0.0015	0.0015	0.0015	0.0015	0.0015	0.0015	0.0015	0.0015	0.0015	0.0015	0.0015	0.0015	0.0015	0.0015	0.0015	0.0015	0.0015	0.0015	0.0015	0.0015	0.0015	0.0015	0.0015	0.0015	0.0015	0.0015	0.0015	0.0015	0.0015	0.0015	0.0015	0.0015	0.0015	0.0015	0.0015	0.0015	0.0015	0.0015	0.0015	0.0015	0.0015	0.0015	0.0015	0.0015	0.0015	0.0015	0.0015	0.0015	0.0015	0.0015	0.0015	0.0015	0.0015	0.0015	0.0015	0.0015	0.0015	0.0015	0.0015	0.0015	0.0015	0.0015	0.0015	0.0015	0.0015	0.0015	0.0015	0.0015	0.0015	0.0015	0.0015	0.0015	0.0015	0.0015	0.0015	0.0015	0.0015	0.0015	0.0015	0.0015	0.0015	0.0015	0.0015	0.0015	0.0015	0.0015	0.0015	0.0015	0.0015	0.0015	0.0015	0.0015	0.0015	0.0015	0.0015	0.0015	0.0015	0.0015	0.0015	0.0015	0.0015	0.0015	0.0015	0.0015	0.0015	0.0015	0.0015	0.0015	0.0015	0.0015	0.0015	0.0015	0.0696	0.0696	0.0696	0.0696
7	0.0025	0.0025	0.0025	0.0025	0.0025	0.0025	0.0025	0.0025	0.0025	0.0025	0.0025	0.0025	0.0025	0.0025	0.0025	0.0025	0.0025	0.0025	0.0658	0.0025	0.0025	0.0025	0.0025	0.0025	0.0025	0.0025	0.0025	0.0025	0.0025	0.0025	0.0025	0.0025	0.0025	0.0025	0.0025	0.0025	0.0025	0.0025	0.0025	0.0025	0.0025	0.0025	0.0025	0.0025	0.0025	0.0025	0.0025	0.0025	0.0025	0.0025	0.0025	0.0025	0.0025	0.0025	0.0025	0.0025	0.0025	0.0025	0.0025	0.0025	0.0025	0.0025	0.0025	0.0025	0.0025	0.0025	0.0025	0.0025	0.0025	0.0025	0.0025	0.0025	0.0025	0.0025	0.0025	0.0025	0.0025	0.0025	0.0025	0.0025	0.0025	0.0025	0.0025	0.0025	0.0025	0.0025	0.0025	0.0025	0.0025	0.0025	0.0025	0.0025	0.0025	0.0025	0.0025	0.0025	0.0025	0.0025	0.0025	0.0025	0.0025	0.0025	0.0025	0.0025	0.0025	0.0025	0.0025	0.9286	0.9286	0.9286	0.9286	0.9286	0.9286	0.9286	0.9286	0.9286	0.9286	0.9286	0.9286	0.9286	0.9286	0.9286	0.9286	0.9286	0.9286	0.9286	0.9286	0.9286	0.9286	0.9286	0.9286	0.9286	0.9286	0.9286	0.9286	0.9286	0.9286	0.9286	0.9286	0.9286	0.9286	0.9286	0.9286	0.9286	0.9286	0.9286	0.9286	0.9286	0.9286	0.9286	0.9286	0.9286	0.0167	0.0167	0.0167	0.0167	0.0167	0.0167	0.0167	0.0167	0.0167	0.0167	0.0167	0.0167	0.0167	0.0167	0.0167	0.0167	0.0167	0.0167	0.0167	0.0167	0.0167	0.0167	0.0167	0.0167	0.0167	0.0167	0.0167	0.0167	0.0167	0.0167	0.0167	0.0167	0.0167	0.0167	0.0167	0.0167	0.0167	0.0167	0.0167	0.0167	0.0167	0.0167	0.0167	0.0167	0.0167	0.0167	0.0167	0.0167	0.0167	0.0167	0.0167	0.0167	0.0167	0.0167	0.0167	0.0167	0.0167	0.0167	0.0167	0.0167	0.0167	0.0167	0.0167	0.0167	0.0167	0.0167	0.0167	0.0167	0.0167	0.0167	0.0167	0.0167	0.0167	0.0167	0.0167	0.0167	0.0167	0.0167	0.0167	0.0167	0.0167	0.0167	0.0167	0.0167	0.0167	0.0167	0.0167	0.0167	0.0167	0.0167	0.0167	0.0167	0.0167	0.0167	0.0167	0.0167	0.0167	0.0167	0.0167	0.0167	0.0167	0.0167	0.0167	0.0167	0.0167	0.0167	0.0167	0.0167	0.0167	0.0167	0.0167	0.0167	0.0167	0.0167	0.0167	0.0167	0.0167	0.0167	0.0167	0.0167	0.0167	0.0167	0.0167	0.0167	0.0167	0.0167	0.0167	0.0167	0.0167	0.0167	0.0167	0.0167	0.0167	0.0167	0.0167	0.0167	0.0167	0.0167	0.0167	0.0167	0.0167	0.0167	0.0167	0.0167	0.1079	0.1079	0.1079	0.1079
8	0.0022	0.0022	0.0022	0.0022	0.0022	0.0022	0.0022	0.0022	0.0022	0.0022	0.0022	0.0022	0.0022	0.0022	0.0022	0.0022	0.0022	0.0022	0.1334	0.0022	0.0022	0.0022	0.0022	0.0022	0.0022	0.0022	0.0022	0.0022	0.0022	0.0022	0.0022	0.0022	0.0022	0.0022	0.0022	0.0022	0.0022	0.0022	0.0022	0.0022	0.0022	0.0022	0.0022	0.0022	0.0022	0.0022	0.0022	0.0022	0.0022	0.0022	0.0022	0.0022	0.0022	0.0022	0.0022	0.0022	0.0022	0.0022	0.0022	0.0022	0.0022	0.0022	0.0022	0.0022	0.0022	0.0022	0.0022	0.0022	0.0022	0.0022	0.0022	0.0022	0.0022	0.0022	0.0022	0.0022	0.0022	0.0022	0.0022	0.0022	0.0022	0.0022	0.0022	0.0022	0.0022	0.0022	0.0022	0.0022	0.0022	0.0022	0.0022	0.0022	0.0022	0.0022	0.0022	0.0022	0.0022	0.0022	0.0022	0.0022	0.0022	0.0022	0.0022	0.0022	0.0022	0.0022	0.0022	0.9679	0.9679	0.9679	0.9679	0.9679	0.9679	0.9679	0.9679	0.9679	0.9679	0.9679	0.9679	0.9679	0.9679	0.9679	0.9679	0.9679	0.9679	0.9679	0.9679	0.9679	0.9679	0.9679	0.9679	0.9679	0.9679	0.9679	0.9679	0.9679	0.9679	0.9679	0.9679	0.9679	0.9679	0.9679	0.9679	0.9679	0.9679	0.9679	0.9679	0.9679	0.9679	0.9679	0.9679	0.9679	0.0105	0.0105	0.0105	0.0105	0.0105	0.0105	0.0105	0.0105	0.0105	0.0105	0.0105	0.0105	0.0105	0.0105	0.0105	0.0105	0.0105	0.0105	0.0105	0.0105	0.0105	0.0105	0.0105	0.0105	0.0105	0.0105	0.0105	0.0105	0.0105	0.0105	0.0105	0.0105	0.0105	0.0105	0.0105	0.0105	0.0105	0.0105	0.0105	0.0105	0.0105	0.0105	0.0105	0.0105	0.0105	0.0105	0.0105	0.0105	0.0105	0.0105	0.0105	0.0105	0.0105	0.0105	0.0105	0.0105	0.0105	0.0105	0.0105	0.0105	0.0105	0.0105	0.0105	0.0105	0.0105	0.0105	0.0105	0.0105	0.0105	0.0105	0.0105	0.0105	0.0105	0.0105	0.0105	0.0105	0.0105	0.0105	0.0105	0.0105	0.0105	0.0105	0.0105	0.0105	0.0105	0.0105	0.0105	0.0105	0.0105	0.0105	0.0105	0.0105	0.0105	0.0105	0.0105	0.0105	0.0105	0.0105	0.0105	0.0105	0.0105	0.0105	0.0105	0.0105	0.0105	0.0105	0.0105	0.0105	0.0105	0.0105	0.0105	0.0105	0.0105	0.0105	0.0105	0.0105	0.0105	0.0105	0.0105	0.0105	0.0105	0.0105	0.0105	0.0105	0.0105	0.0105	0.0105	0.0105	0.0105	0.0105	0.0105	0.0105	0.0105	0.0105	0.0105	0.0105	0.0105	0.0105	0.0105	0.0105	0.0105	0.0105	0.0105	0.0105	0.1045	0.1045	0.1045	0.1045
9	0.0092	0.0092	0.0092	0.0092	0.0092	0.0092	0.0092	0.0092	0.0092	0.0092	0.0092	0.0092	0.0092	0.0092	0.0092	0.0092	0.0092	0.0092	0.1538	0.0092	0.0092	0.0092	0.0092	0.0092	0.0092	0.0092	0.0092	0.0092	0.0092	0.0092	0.0092	0.0092	0.0092	0.0092	0.0092	0.0092	0.0092	0.0092	0.0092	0.0092	0.0092	0.0092	0.0092	0.0092	0.0092	0.0092	0.0092	0.0092	0.0092	0.0092	0.0092	0.0092	0.0092	0.0092	0.0092	0.0092	0.0092	0.0092	0.0092	0.0092	0.0092	0.0092	0.0092	0.0092	0.0092	0.0092	0.0092	0.0092	0.0092	0.0092	0.0092	0.0092	0.0092	0.0092	0.0092	0.0092	0.0092	0.0092	0.0092	0.0092	0.0092	0.0092	0.0092	0.0092	0.0092	0.0092	0.0092	0.0092	0.0092	0.0092	0.0092	0.0092	0.0092	0.0092	0.0092	0.0092	0.0092	0.0092	0.0092	0.0092	0.0092	0.0092	0.0092	0.0092	0.0092	0.0092	0.0092	0.8611	0.8611	0.8611	0.8611	0.8611	0.8611	0.8611	0.8611	0.8611	0.8611	0.8611	0.8611	0.8611	0.8611	0.8611	0.8611	0.8611	0.8611	0.8611	0.8611	0.8611	0.8611	0.8611	0.8611	0.8611	0.8611	0.8611	0.8611	0.8611	0.8611	0.8611	0.8611	0.8611	0.8611	0.8611	0.8611	0.8611	0.8611	0.8611	0.8611	0.8611	0.8611	0.8611	0.8611	0.8611	0.0018	0.0018	0.0018	0.0018	0.0018	0.0018	0.0018	0.0018	0.0018	0.0018	0.0018	0.0018	0.0018	0.0018	0.0018	0.0018	0.0018	0.0018	0.0018	0.0018	0.0018	0.0018	0.0018	0.0018	0.0018	0.0018	0.0018	0.0018	0.0018	0.0018	0.0018	0.0018	0.0018	0.0018	0.0018	0.0018	0.0018	0.0018	0.0018	0.0018	0.0018	0.0018	0.0018	0.0018	0.0018	0.0018	0.0018	0.0018	0.0018	0.0018	0.0018	0.0018	0.0018	0.0018	0.0018	0.0018	0.0018	0.0018	0.0018	0.0018	0.0018	0.0018	0.0018	0.0018	0.0018	0.0018	0.0018	0.0018	0.0018	0.0018	0.0018	0.0018	0.0018	0.0018	0.0018	0.0018	0.0018	0.0018	0.0018	0.0018	0.0018	0.0018	0.0018	0.0018	0.0018	0.0018	0.0018	0.0018	0.0018	0.0018	0.0018	0.0018	0.0018	0.0018	0.0018	0.0018	0.0018	0.0018	0.0018	0.0018	0.0018	0.0018	0.0018	0.0018	0.0018	0.0018	0.0018	0.0018	0.0018	0.0018	0.0018	0.0018	0.0018	0.0018	0.0018	0.0018	0.0018	0.0018	0.0018	0.0018	0.0018	0.0018	0.0018	0.0018	0.0018	0.0018	0.0018	0.0018	0.0018	0.0018	0.0018	0.0018	0.0018	0.0018	0.0018	0.0018	0.0018	0.0018	0.0018	0.0018	0.0018	0.0018	0.0018	0.0018	0.0897	0.0897	0.0897	0.0897
10	0.0029	0.0029	0.0029	0.0029	0.0029	0.0029	0.0029	0.0029	0.0029	0.0029	0.0029	0.0029	0.0029	0.0029	0.0029	0.0029	0.0029	0.0029	0.0098	0.0029	0.0029	0.0029	0.0029	0.0029	0.0029	0.0029	0.0029	0.0029	0.0029	0.0029	0.0029	0.0029	0.0029	0.0029	0.0029	0.0029	0.0029	0.0029	0.0029	0.0029	0.0029	0.0029	0.0029	0.0029	0.0029	0.0029	0.0029	0.0029	0.0029	0.0029	0.0029	0.0029	0.0029	0.0029	0.0029	0.0029	0.0029	0.0029	0.0029	0.0029	0.0029	0.0029	0.0029	0.0029	0.0029	0.0029	0.0029	0.0029	0.0029	0.0029	0.0029	0.0029	0.0029	0.0029	0.0029	0.0029	0.0029	0.0029	0.0029	0.0029	0.0029	0.0029	0.0029	0.0029	0.0029	0.0029	0.0029	0.0029	0.0029	0.0029	0.0029	0.0029	0.0029	0.0029	0.0029	0.0029	0.0029	0.0029	0.0029	0.0029	0.0029	0.0029	0.0029	0.0029	0.0029	0.0029	0.0029	0.9578	0.9578	0.9578	0.9578	0.9578	0.9578	0.9578	0.9578	0.9578	0.9578	0.9578	0.9578	0.9578	0.9578	0.9578	0.9578	0.9578	0.9578	0.9578	0.9578	0.9578	0.9578	0.9578	0.9578	0.9578	0.9578	0.9578	0.9578	0.9578	0.9578	0.9578	0.9578	0.9578	0.9578	0.9578	0.9578	0.9578	0.9578	0.9578	0.9578	0.9578	0.9578	0.9578	0.9578	0.9578	0.0011	0.0011	0.0011	0.0011	0.0011	0.0011	0.0011	0.0011	0.0011	0.0011	0.0011	0.0011	0.0011	0.0011	0.0011	0.0011	0.0011	0.0011	0.0011	0.0011	0.0011	0.0011	0.0011	0.0011	0.0011	0.0011	0.0011	0.0011	0.0011	0.0011	0.0011	0.0011	0.0011	0.0011	0.0011	0.0011	0.0011	0.0011	0.0011	0.0011	0.0011	0.0011	0.0011	0.0011	0.0011	0.0011	0.0011	0.0011	0.0011	0.0011	0.0011	0.0011	0.0011	0.0011	0.0011	0.0011	0.0011	0.0011	0.0011	0.0011	0.0011	0.0011	0.0011	0.0011	0.0011	0.0011	0.0011	0.0011	0.0011	0.0011	0.0011	0.0011	0.0011	0.0011	0.0011	0.0011	0.0011	0.0011	0.0011	0.0011	0.0011	0.0011	0.0011	0.0011	0.0011	0.0011	0.0011	0.0011	0.0011	0.0011	0.0011	0.0011	0.0011	0.0011	0.0011	0.0011	0.0011	0.0011	0.0011	0.0011	0.0011	0.0011	0.0011	0.0011	0.0011	0.0011	0.0011	0.0011	0.0011	0.0011	0.0011	0.0011	0.0011	0.0011	0.0011	0.0011	0.0011	0.0011	0.0011	0.0011	0.0011	0.0011	0.0011	0.0011	0.0011	0.0011	0.0011	0.0011	0.0011	0.0011	0.0011	0.0011	0.0011	0.0011	0.0011	0.0011	0.0011	0.0011	0.0011	0.0011	0.0011	0.0011	0.0011	0.0011	0.0501	0.0501	0.0501	0.0501
11	0.0172	0.0172	0.0172	0.0172	0.0172	0.0172	0.0172	0.0172	0.0172	0.0172	0.0172	0.0172	0.0172	0.0172	0.0172	0.0172	0.0172	0.0172	0.0956	0.0172	0.0172	0.0172	0.0172	0.0172	0.0172	0.0172	0.0172	0.0172	0.0172	0.0172	0.0172	0.0172	0.0172	0.0172	0.0172	0.0172	0.0172	0.0172	0.0172	0.0172	0.0172	0.0172	0.0172	0.0172	0.0172	0.0172	0.0172	0.0172	0.0172	0.0172	0.0172	0.0172	0.0172	0.0172	0.0172	0.0172	0.0172	0.0172	0.0172	0.0172	0.0172	0.0172	0.0172	0.0172	0.0172	0.0172	0.0172	0.0172	0.0172	0.0172	0.0172	0.0172	0.0172	0.0172	0.0172	0.0172	0.0172	0.0172	0.0172	0.0172	0.0172	0.0172	0.0172	0.0172	0.0172	0.0172	0.0172	0.0172	0.0172	0.0172	0.0172	0.0172	0.0172	0.0172	0.0172	0.0172	0.0172	0.0172	0.0172	0.0172	0.0172	0.0172	0.0172	0.0172	0.0172	0.0172	0.0172	0.9304	0.9304	0.9304	0.9304	0.9304	0.9304	0.9304	0.9304	0.9304	0.9304	0.9304	0.9304	0.9304	0.9304	0.9304	0.9304	0.9304	0.9304	0.9304	0.9304	0.9304	0.9304	0.9304	0.9304	0.9304	0.9304	0.9304	0.9304	0.9304	0.9304	0.9304	0.9304	0.9304	0.9304	0.9304	0.9304	0.9304	0.9304	0.9304	0.9304	0.9304	0.9304	0.9304	0.9304	0.9304	0.018	0.018	0.018	0.018	0.018	0.018	0.018	0.018	0.018	0.018	0.018	0.018	0.018	0.018	0.018	0.018	0.018	0.018	0.018	0.018	0.018	0.018	0.018	0.018	0.018	0.018	0.018	0.018	0.018	0.018	0.018	0.018	0.018	0.018	0.018	0.018	0.018	0.018	0.018	0.018	0.018	0.018	0.018	0.018	0.018	0.018	0.018	0.018	0.018	0.018	0.018	0.018	0.018	0.018	0.018	0.018	0.018	0.018	0.018	0.018	0.018	0.018	0.018	0.018	0.018	0.018	0.018	0.018	0.018	0.018	0.018	0.018	0.018	0.018	0.018	0.018	0.018	0.018	0.018	0.018	0.018	0.018	0.018	0.018	0.018	0.018	0.018	0.018	0.018	0.018	0.018	0.018	0.018	0.018	0.018	0.018	0.018	0.018	0.018	0.018	0.018	0.018	0.018	0.018	0.018	0.018	0.018	0.018	0.018	0.018	0.018	0.018	0.018	0.018	0.018	0.018	0.018	0.018	0.018	0.018	0.018	0.018	0.018	0.018	0.018	0.018	0.018	0.018	0.018	0.018	0.018	0.018	0.018	0.018	0.018	0.018	0.018	0.018	0.018	0.018	0.018	0.018	0.018	0.018	0.0673	0.0673	0.0673	0.0673
12	0.0159	0.0159	0.0159	0.0159	0.0159	0.0159	0.0159	0.0159	0.0159	0.0159	0.0159	0.0159	0.0159	0.0159	0.0159	0.0159	0.0159	0.0159	0.1188	0.0159	0.0159	0.0159	0.0159	0.0159	0.0159	0.0159	0.0159	0.0159	0.0159	0.0159	0.0159	0.0159	0.0159	0.0159	0.0159	0.0159	0.0159	0.0159	0.0159	0.0159	0.0159	0.0159	0.0159	0.0159	0.0159	0.0159	0.0159	0.0159	0.0159	0.0159	0.0159	0.0159	0.0159	0.0159	0.0159	0.0159	0.0159	0.0159	0.0159	0.0159	0.0159	0.0159	0.0159	0.0159	0.0159	0.0159	0.0159	0.0159	0.0159	0.0159	0.0159	0.0159	0.0159	0.0159	0.0159	0.0159	0.0159	0.0159	0.0159	0.0159	0.0159	0.0159	0.0159	0.0159	0.0159	0.0159	0.0159	0.0159	0.0159	0.0159	0.0159	0.0159	0.0159	0.0159	0.0159	0.0159	0.0159	0.0159	0.0159	0.0159	0.0159	0.0159	0.0159	0.0159	0.0159	0.0159	0.0159	0.0347	0.0347	0.0347	0.0347	0.0347	0.0347	0.0347	0.0347	0.0347	0.0347	0.0347	0.0347	0.0347	0.0347	0.0347	0.0347	0.0347	0.0347	0.0347	0.0347	0.0347	0.0347	0.0347	0.0347	0.0347	0.0347	0.0347	0.0347	0.0347	0.0347	0.0347	0.0347	0.0347	0.0347	0.0347	0.0347	0.0347	0.0347	0.0347	0.0347	0.0347	0.0347	0.0347	0.0347	0.0347	0.0076	0.0076	0.0076	0.0076	0.0076	0.0076	0.0076	0.0076	0.0076	0.0076	0.0076	0.0076	0.0076	0.0076	0.0076	0.0076	0.0076	0.0076	0.0076	0.0076	0.0076	0.0076	0.0076	0.0076	0.0076	0.0076	0.0076	0.0076	0.0076	0.0076	0.0076	0.0076	0.0076	0.0076	0.0076	0.0076	0.0076	0.0076	0.0076	0.0076	0.0076	0.0076	0.0076	0.0076	0.0076	0.0076	0.0076	0.0076	0.0076	0.0076	0.0076	0.0076	0.0076	0.0076	0.0076	0.0076	0.0076	0.0076	0.0076	0.0076	0.0076	0.0076	0.0076	0.0076	0.0076	0.0076	0.0076	0.0076	0.0076	0.0076	0.0076	0.0076	0.0076	0.0076	0.0076	0.0076	0.0076	0.0076	0.0076	0.0076	0.0076	0.0076	0.0076	0.0076	0.0076	0.0076	0.0076	0.0076	0.0076	0.0076	0.0076	0.0076	0.0076	0.0076	0.0076	0.0076	0.0076	0.0076	0.0076	0.0076	0.0076	0.0076	0.0076	0.0076	0.0076	0.0076	0.0076	0.0076	0.0076	0.0076	0.0076	0.0076	0.0076	0.0076	0.0076	0.0076	0.0076	0.0076	0.0076	0.0076	0.0076	0.0076	0.0076	0.0076	0.0076	0.0076	0.0076	0.0076	0.0076	0.0076	0.0076	0.0076	0.0076	0.0076	0.0076	0.0076	0.0076	0.0076	0.0076	0.0076	0.0076	0.0076	0.0076	0.0076	0.2783	0.2783	0.2783	0.2783
13	0.0144	0.0144	0.0144	0.0144	0.0144	0.0144	0.0144	0.0144	0.0144	0.0144	0.0144	0.0144	0.0144	0.0144	0.0144	0.0144	0.0144	0.0144	0.221	0.0144	0.0144	0.0144	0.0144	0.0144	0.0144	0.0144	0.0144	0.0144	0.0144	0.0144	0.0144	0.0144	0.0144	0.0144	0.0144	0.0144	0.0144	0.0144	0.0144	0.0144	0.0144	0.0144	0.0144	0.0144	0.0144	0.0144	0.0144	0.0144	0.0144	0.0144	0.0144	0.0144	0.0144	0.0144	0.0144	0.0144	0.0144	0.0144	0.0144	0.0144	0.0144	0.0144	0.0144	0.0144	0.0144	0.0144	0.0144	0.0144	0.0144	0.0144	0.0144	0.0144	0.0144	0.0144	0.0144	0.0144	0.0144	0.0144	0.0144	0.0144	0.0144	0.0144	0.0144	0.0144	0.0144	0.0144	0.0144	0.0144	0.0144	0.0144	0.0144	0.0144	0.0144	0.0144	0.0144	0.0144	0.0144	0.0144	0.0144	0.0144	0.0144	0.0144	0.0144	0.0144	0.0144	0.0144	0.0144	0.0337	0.0337	0.0337	0.0337	0.0337	0.0337	0.0337	0.0337	0.0337	0.0337	0.0337	0.0337	0.0337	0.0337	0.0337	0.0337	0.0337	0.0337	0.0337	0.0337	0.0337	0.0337	0.0337	0.0337	0.0337	0.0337	0.0337	0.0337	0.0337	0.0337	0.0337	0.0337	0.0337	0.0337	0.0337	0.0337	0.0337	0.0337	0.0337	0.0337	0.0337	0.0337	0.0337	0.0337	0.0337	0.0096	0.0096	0.0096	0.0096	0.0096	0.0096	0.0096	0.0096	0.0096	0.0096	0.0096	0.0096	0.0096	0.0096	0.0096	0.0096	0.0096	0.0096	0.0096	0.0096	0.0096	0.0096	0.0096	0.0096	0.0096	0.0096	0.0096	0.0096	0.0096	0.0096	0.0096	0.0096	0.0096	0.0096	0.0096	0.0096	0.0096	0.0096	0.0096	0.0096	0.0096	0.0096	0.0096	0.0096	0.0096	0.0096	0.0096	0.0096	0.0096	0.0096	0.0096	0.0096	0.0096	0.0096	0.0096	0.0096	0.0096	0.0096	0.0096	0.0096	0.0096	0.0096	0.0096	0.0096	0.0096	0.0096	0.0096	0.0096	0.0096	0.0096	0.0096	0.0096	0.0096	0.0096	0.0096	0.0096	0.0096	0.0096	0.0096	0.0096	0.0096	0.0096	0.0096	0.0096	0.0096	0.0096	0.0096	0.0096	0.0096	0.0096	0.0096	0.0096	0.0096	0.0096	0.0096	0.0096	0.0096	0.0096	0.0096	0.0096	0.0096	0.0096	0.0096	0.0096	0.0096	0.0096	0.0096	0.0096	0.0096	0.0096	0.0096	0.0096	0.0096	0.0096	0.0096	0.0096	0.0096	0.0096	0.0096	0.0096	0.0096	0.0096	0.0096	0.0096	0.0096	0.0096	0.0096	0.0096	0.0096	0.0096	0.0096	0.0096	0.0096	0.0096	0.0096	0.0096	0.0096	0.0096	0.0096	0.0096	0.0096	0.0096	0.0096	0.0096	0.8627	0.8627	0.8627	0.8627
14	0.0128	0.0128	0.0128	0.0128	0.0128	0.0128	0.0128	0.0128	0.0128	0.0128	0.0128	0.0128	0.0128	0.0128	0.0128	0.0128	0.0128	0.0128	0.1267	0.0128	0.0128	0.0128	0.0128	0.0128	0.0128	0.0128	0.0128	0.0128	0.0128	0.0128	0.0128	0.0128	0.0128	0.0128	0.0128	0.0128	0.0128	0.0128	0.0128	0.0128	0.0128	0.0128	0.0128	0.0128	0.0128	0.0128	0.0128	0.0128	0.0128	0.0128	0.0128	0.0128	0.0128	0.0128	0.0128	0.0128	0.0128	0.0128	0.0128	0.0128	0.0128	0.0128	0.0128	0.0128	0.0128	0.0128	0.0128	0.0128	0.0128	0.0128	0.0128	0.0128	0.0128	0.0128	0.0128	0.0128	0.0128	0.0128	0.0128	0.0128	0.0128	0.0128	0.0128	0.0128	0.0128	0.0128	0.0128	0.0128	0.0128	0.0128	0.0128	0.0128	0.0128	0.0128	0.0128	0.0128	0.0128	0.0128	0.0128	0.0128	0.0128	0.0128	0.0128	0.0128	0.0128	0.0128	0.0128	0.0117	0.0117	0.0117	0.0117	0.0117	0.0117	0.0117	0.0117	0.0117	0.0117	0.0117	0.0117	0.0117	0.0117	0.0117	0.0117	0.0117	0.0117	0.0117	0.0117	0.0117	0.0117	0.0117	0.0117	0.0117	0.0117	0.0117	0.0117	0.0117	0.0117	0.0117	0.0117	0.0117	0.0117	0.0117	0.0117	0.0117	0.0117	0.0117	0.0117	0.0117	0.0117	0.0117	0.0117	0.0117	0.0088	0.0088	0.0088	0.0088	0.0088	0.0088	0.0088	0.0088	0.0088	0.0088	0.0088	0.0088	0.0088	0.0088	0.0088	0.0088	0.0088	0.0088	0.0088	0.0088	0.0088	0.0088	0.0088	0.0088	0.0088	0.0088	0.0088	0.0088	0.0088	0.0088	0.0088	0.0088	0.0088	0.0088	0.0088	0.0088	0.0088	0.0088	0.0088	0.0088	0.0088	0.0088	0.0088	0.0088	0.0088	0.0088	0.0088	0.0088	0.0088	0.0088	0.0088	0.0088	0.0088	0.0088	0.0088	0.0088	0.0088	0.0088	0.0088	0.0088	0.0088	0.0088	0.0088	0.0088	0.0088	0.0088	0.0088	0.0088	0.0088	0.0088	0.0088	0.0088	0.0088	0.0088	0.0088	0.0088	0.0088	0.0088	0.0088	0.0088	0.0088	0.0088	0.0088	0.0088	0.0088	0.0088	0.0088	0.0088	0.0088	0.0088	0.0088	0.0088	0.0088	0.0088	0.0088	0.0088	0.0088	0.0088	0.0088	0.0088	0.0088	0.0088	0.0088	0.0088	0.0088	0.0088	0.0088	0.0088	0.0088	0.0088	0.0088	0.0088	0.0088	0.0088	0.0088	0.0088	0.0088	0.0088	0.0088	0.0088	0.0088	0.0088	0.0088	0.0088	0.0088	0.0088	0.0088	0.0088	0.0088	0.0088	0.0088	0.0088	0.0088	0.0088	0.0088	0.0088	0.0088	0.0088	0.0088	0.0088	0.0088	0.0088	0.0088	0.0088	0.7883	0.7883	0.7883	0.7883
15	0.0109	0.0109	0.0109	0.0109	0.0109	0.0109	0.0109	0.0109	0.0109	0.0109	0.0109	0.0109	0.0109	0.0109	0.0109	0.0109	0.0109	0.0109	0.0965	0.0109	0.0109	0.0109	0.0109	0.0109	0.0109	0.0109	0.0109	0.0109	0.0109	0.0109	0.0109	0.0109	0.0109	0.0109	0.0109	0.0109	0.0109	0.0109	0.0109	0.0109	0.0109	0.0109	0.0109	0.0109	0.0109	0.0109	0.0109	0.0109	0.0109	0.0109	0.0109	0.0109	0.0109	0.0109	0.0109	0.0109	0.0109	0.0109	0.0109	0.0109	0.0109	0.0109	0.0109	0.0109	0.0109	0.0109	0.0109	0.0109	0.0109	0.0109	0.0109	0.0109	0.0109	0.0109	0.0109	0.0109	0.0109	0.0109	0.0109	0.0109	0.0109	0.0109	0.0109	0.0109	0.0109	0.0109	0.0109	0.0109	0.0109	0.0109	0.0109	0.0109	0.0109	0.0109	0.0109	0.0109	0.0109	0.0109	0.0109	0.0109	0.0109	0.0109	0.0109	0.0109	0.0109	0.0109	0.0109	0.0304	0.0304	0.0304	0.0304	0.0304	0.0304	0.0304	0.0304	0.0304	0.0304	0.0304	0.0304	0.0304	0.0304	0.0304	0.0304	0.0304	0.0304	0.0304	0.0304	0.0304	0.0304	0.0304	0.0304	0.0304	0.0304	0.0304	0.0304	0.0304	0.0304	0.0304	0.0304	0.0304	0.0304	0.0304	0.0304	0.0304	0.0304	0.0304	0.0304	0.0304	0.0304	0.0304	0.0304	0.0304	0.0022	0.0022	0.0022	0.0022	0.0022	0.0022	0.0022	0.0022	0.0022	0.0022	0.0022	0.0022	0.0022	0.0022	0.0022	0.0022	0.0022	0.0022	0.0022	0.0022	0.0022	0.0022	0.0022	0.0022	0.0022	0.0022	0.0022	0.0022	0.0022	0.0022	0.0022	0.0022	0.0022	0.0022	0.0022	0.0022	0.0022	0.0022	0.0022	0.0022	0.0022	0.0022	0.0022	0.0022	0.0022	0.0022	0.0022	0.0022	0.0022	0.0022	0.0022	0.0022	0.0022	0.0022	0.0022	0.0022	0.0022	0.0022	0.0022	0.0022	0.0022	0.0022	0.0022	0.0022	0.0022	0.0022	0.0022	0.0022	0.0022	0.0022	0.0022	0.0022	0.0022	0.0022	0.0022	0.0022	0.0022	0.0022	0.0022	0.0022	0.0022	0.0022	0.0022	0.0022	0.0022	0.0022	0.0022	0.0022	0.0022	0.0022	0.0022	0.0022	0.0022	0.0022	0.0022	0.0022	0.0022	0.0022	0.0022	0.0022	0.0022	0.0022	0.0022	0.0022	0.0022	0.0022	0.0022	0.0022	0.0022	0.0022	0.0022	0.0022	0.0022	0.0022	0.0022	0.0022	0.0022	0.0022	0.0022	0.0022	0.0022	0.0022	0.0022	0.0022	0.0022	0.0022	0.0022	0.0022	0.0022	0.0022	0.0022	0.0022	0.0022	0.0022	0.0022	0.0022	0.0022	0.0022	0.0022	0.0022	0.0022	0.0022	0.0022	0.0022	0.8495	0.8495	0.8495	0.8495
16	0.0037	0.0037	0.0037	0.0037	0.0037	0.0037	0.0037	0.0037	0.0037	0.0037	0.0037	0.0037	0.0037	0.0037	0.0037	0.0037	0.0037	0.0037	0.0592	0.0037	0.0037	0.0037	0.0037	0.0037	0.0037	0.0037	0.0037	0.0037	0.0037	0.0037	0.0037	0.0037	0.0037	0.0037	0.0037	0.0037	0.0037	0.0037	0.0037	0.0037	0.0037	0.0037	0.0037	0.0037	0.0037	0.0037	0.0037	0.0037	0.0037	0.0037	0.0037	0.0037	0.0037	0.0037	0.0037	0.0037	0.0037	0.0037	0.0037	0.0037	0.0037	0.0037	0.0037	0.0037	0.0037	0.0037	0.0037	0.0037	0.0037	0.0037	0.0037	0.0037	0.0037	0.0037	0.0037	0.0037	0.0037	0.0037	0.0037	0.0037	0.0037	0.0037	0.0037	0.0037	0.0037	0.0037	0.0037	0.0037	0.0037	0.0037	0.0037	0.0037	0.0037	0.0037	0.0037	0.0037	0.0037	0.0037	0.0037	0.0037	0.0037	0.0037	0.0037	0.0037	0.0037	0.0037	0.0037	0.0107	0.0107	0.0107	0.0107	0.0107	0.0107	0.0107	0.0107	0.0107	0.0107	0.0107	0.0107	0.0107	0.0107	0.0107	0.0107	0.0107	0.0107	0.0107	0.0107	0.0107	0.0107	0.0107	0.0107	0.0107	0.0107	0.0107	0.0107	0.0107	0.0107	0.0107	0.0107	0.0107	0.0107	0.0107	0.0107	0.0107	0.0107	0.0107	0.0107	0.0107	0.0107	0.0107	0.0107	0.0107	0.0148	0.0148	0.0148	0.0148	0.0148	0.0148	0.0148	0.0148	0.0148	0.0148	0.0148	0.0148	0.0148	0.0148	0.0148	0.0148	0.0148	0.0148	0.0148	0.0148	0.0148	0.0148	0.0148	0.0148	0.0148	0.0148	0.0148	0.0148	0.0148	0.0148	0.0148	0.0148	0.0148	0.0148	0.0148	0.0148	0.0148	0.0148	0.0148	0.0148	0.0148	0.0148	0.0148	0.0148	0.0148	0.0148	0.0148	0.0148	0.0148	0.0148	0.0148	0.0148	0.0148	0.0148	0.0148	0.0148	0.0148	0.0148	0.0148	0.0148	0.0148	0.0148	0.0148	0.0148	0.0148	0.0148	0.0148	0.0148	0.0148	0.0148	0.0148	0.0148	0.0148	0.0148	0.0148	0.0148	0.0148	0.0148	0.0148	0.0148	0.0148	0.0148	0.0148	0.0148	0.0148	0.0148	0.0148	0.0148	0.0148	0.0148	0.0148	0.0148	0.0148	0.0148	0.0148	0.0148	0.0148	0.0148	0.0148	0.0148	0.0148	0.0148	0.0148	0.0148	0.0148	0.0148	0.0148	0.0148	0.0148	0.0148	0.0148	0.0148	0.0148	0.0148	0.0148	0.0148	0.0148	0.0148	0.0148	0.0148	0.0148	0.0148	0.0148	0.0148	0.0148	0.0148	0.0148	0.0148	0.0148	0.0148	0.0148	0.0148	0.0148	0.0148	0.0148	0.0148	0.0148	0.0148	0.0148	0.0148	0.0148	0.0148	0.0148	0.0148	0.8228	0.8228	0.8228	0.8228
17	0.0034	0.0034	0.0034	0.0034	0.0034	0.0034	0.0034	0.0034	0.0034	0.0034	0.0034	0.0034	0.0034	0.0034	0.0034	0.0034	0.0034	0.0034	0.0382	0.0034	0.0034	0.0034	0.0034	0.0034	0.0034	0.0034	0.0034	0.0034	0.0034	0.0034	0.0034	0.0034	0.0034	0.0034	0.0034	0.0034	0.0034	0.0034	0.0034	0.0034	0.0034	0.0034	0.0034	0.0034	0.0034	0.0034	0.0034	0.0034	0.0034	0.0034	0.0034	0.0034	0.0034	0.0034	0.0034	0.0034	0.0034	0.0034	0.0034	0.0034	0.0034	0.0034	0.0034	0.0034	0.0034	0.0034	0.0034	0.0034	0.0034	0.0034	0.0034	0.0034	0.0034	0.0034	0.0034	0.0034	0.0034	0.0034	0.0034	0.0034	0.0034	0.0034	0.0034	0.0034	0.0034	0.0034	0.0034	0.0034	0.0034	0.0034	0.0034	0.0034	0.0034	0.0034	0.0034	0.0034	0.0034	0.0034	0.0034	0.0034	0.0034	0.0034	0.0034	0.0034	0.0034	0.0034	0.0034	0.0101	0.0101	0.0101	0.0101	0.0101	0.0101	0.0101	0.0101	0.0101	0.0101	0.0101	0.0101	0.0101	0.0101	0.0101	0.0101	0.0101	0.0101	0.0101	0.0101	0.0101	0.0101	0.0101	0.0101	0.0101	0.0101	0.0101	0.0101	0.0101	0.0101	0.0101	0.0101	0.0101	0.0101	0.0101	0.0101	0.0101	0.0101	0.0101	0.0101	0.0101	0.0101	0.0101	0.0101	0.0101	0.0158	0.0158	0.0158	0.0158	0.0158	0.0158	0.0158	0.0158	0.0158	0.0158	0.0158	0.0158	0.0158	0.0158	0.0158	0.0158	0.0158	0.0158	0.0158	0.0158	0.0158	0.0158	0.0158	0.0158	0.0158	0.0158	0.0158	0.0158	0.0158	0.0158	0.0158	0.0158	0.0158	0.0158	0.0158	0.0158	0.0158	0.0158	0.0158	0.0158	0.0158	0.0158	0.0158	0.0158	0.0158	0.0158	0.0158	0.0158	0.0158	0.0158	0.0158	0.0158	0.0158	0.0158	0.0158	0.0158	0.0158	0.0158	0.0158	0.0158	0.0158	0.0158	0.0158	0.0158	0.0158	0.0158	0.0158	0.0158	0.0158	0.0158	0.0158	0.0158	0.0158	0.0158	0.0158	0.0158	0.0158	0.0158	0.0158	0.0158	0.0158	0.0158	0.0158	0.0158	0.0158	0.0158	0.0158	0.0158	0.0158	0.0158	0.0158	0.0158	0.0158	0.0158	0.0158	0.0158	0.0158	0.0158	0.0158	0.0158	0.0158	0.0158	0.0158	0.0158	0.0158	0.0158	0.0158	0.0158	0.0158	0.0158	0.0158	0.0158	0.0158	0.0158	0.0158	0.0158	0.0158	0.0158	0.0158	0.0158	0.0158	0.0158	0.0158	0.0158	0.0158	0.0158	0.0158	0.0158	0.0158	0.0158	0.0158	0.0158	0.0158	0.0158	0.0158	0.0158	0.0158	0.0158	0.0158	0.0158	0.0158	0.0158	0.0158	0.0158	0.3413	0.3413	0.3413	0.3413
18	0.0113	0.0113	0.0113	0.0113	0.0113	0.0113	0.0113	0.0113	0.0113	0.0113	0.0113	0.0113	0.0113	0.0113	0.0113	0.0113	0.0113	0.0113	0.1892	0.0113	0.0113	0.0113	0.0113	0.0113	0.0113	0.0113	0.0113	0.0113	0.0113	0.0113	0.0113	0.0113	0.0113	0.0113	0.0113	0.0113	0.0113	0.0113	0.0113	0.0113	0.0113	0.0113	0.0113	0.0113	0.0113	0.0113	0.0113	0.0113	0.0113	0.0113	0.0113	0.0113	0.0113	0.0113	0.0113	0.0113	0.0113	0.0113	0.0113	0.0113	0.0113	0.0113	0.0113	0.0113	0.0113	0.0113	0.0113	0.0113	0.0113	0.0113	0.0113	0.0113	0.0113	0.0113	0.0113	0.0113	0.0113	0.0113	0.0113	0.0113	0.0113	0.0113	0.0113	0.0113	0.0113	0.0113	0.0113	0.0113	0.0113	0.0113	0.0113	0.0113	0.0113	0.0113	0.0113	0.0113	0.0113	0.0113	0.0113	0.0113	0.0113	0.0113	0.0113	0.0113	0.0113	0.0113	0.0113	0.0103	0.0103	0.0103	0.0103	0.0103	0.0103	0.0103	0.0103	0.0103	0.0103	0.0103	0.0103	0.0103	0.0103	0.0103	0.0103	0.0103	0.0103	0.0103	0.0103	0.0103	0.0103	0.0103	0.0103	0.0103	0.0103	0.0103	0.0103	0.0103	0.0103	0.0103	0.0103	0.0103	0.0103	0.0103	0.0103	0.0103	0.0103	0.0103	0.0103	0.0103	0.0103	0.0103	0.0103	0.0103	0.0109	0.0109	0.0109	0.0109	0.0109	0.0109	0.0109	0.0109	0.0109	0.0109	0.0109	0.0109	0.0109	0.0109	0.0109	0.0109	0.0109	0.0109	0.0109	0.0109	0.0109	0.0109	0.0109	0.0109	0.0109	0.0109	0.0109	0.0109	0.0109	0.0109	0.0109	0.0109	0.0109	0.0109	0.0109	0.0109	0.0109	0.0109	0.0109	0.0109	0.0109	0.0109	0.0109	0.0109	0.0109	0.0109	0.0109	0.0109	0.0109	0.0109	0.0109	0.0109	0.0109	0.0109	0.0109	0.0109	0.0109	0.0109	0.0109	0.0109	0.0109	0.0109	0.0109	0.0109	0.0109	0.0109	0.0109	0.0109	0.0109	0.0109	0.0109	0.0109	0.0109	0.0109	0.0109	0.0109	0.0109	0.0109	0.0109	0.0109	0.0109	0.0109	0.0109	0.0109	0.0109	0.0109	0.0109	0.0109	0.0109	0.0109	0.0109	0.0109	0.0109	0.0109	0.0109	0.0109	0.0109	0.0109	0.0109	0.0109	0.0109	0.0109	0.0109	0.0109	0.0109	0.0109	0.0109	0.0109	0.0109	0.0109	0.0109	0.0109	0.0109	0.0109	0.0109	0.0109	0.0109	0.0109	0.0109	0.0109	0.0109	0.0109	0.0109	0.0109	0.0109	0.0109	0.0109	0.0109	0.0109	0.0109	0.0109	0.0109	0.0109	0.0109	0.0109	0.0109	0.0109	0.0109	0.0109	0.0109	0.0109	0.0109	0.0109	0.0109	0.9074	0.9074	0.9074	0.9074
19	0.0029	0.0029	0.0029	0.0029	0.0029	0.0029	0.0029	0.0029	0.0029	0.0029	0.0029	0.0029	0.0029	0.0029	0.0029	0.0029	0.0029	0.0029	0.0652	0.0029	0.0029	0.0029	0.0029	0.0029	0.0029	0.0029	0.0029	0.0029	0.0029	0.0029	0.0029	0.0029	0.0029	0.0029	0.0029	0.0029	0.0029	0.0029	0.0029	0.0029	0.0029	0.0029	0.0029	0.0029	0.0029	0.0029	0.0029	0.0029	0.0029	0.0029	0.0029	0.0029	0.0029	0.0029	0.0029	0.0029	0.0029	0.0029	0.0029	0.0029	0.0029	0.0029	0.0029	0.0029	0.0029	0.0029	0.0029	0.0029	0.0029	0.0029	0.0029	0.0029	0.0029	0.0029	0.0029	0.0029	0.0029	0.0029	0.0029	0.0029	0.0029	0.0029	0.0029	0.0029	0.0029	0.0029	0.0029	0.0029	0.0029	0.0029	0.0029	0.0029	0.0029	0.0029	0.0029	0.0029	0.0029	0.0029	0.0029	0.0029	0.0029	0.0029	0.0029	0.0029	0.0029	0.0029	0.0029	0.0106	0.0106	0.0106	0.0106	0.0106	0.0106	0.0106	0.0106	0.0106	0.0106	0.0106	0.0106	0.0106	0.0106	0.0106	0.0106	0.0106	0.0106	0.0106	0.0106	0.0106	0.0106	0.0106	0.0106	0.0106	0.0106	0.0106	0.0106	0.0106	0.0106	0.0106	0.0106	0.0106	0.0106	0.0106	0.0106	0.0106	0.0106	0.0106	0.0106	0.0106	0.0106	0.0106	0.0106	0.0106	0.0022	0.0022	0.0022	0.0022	0.0022	0.0022	0.0022	0.0022	0.0022	0.0022	0.0022	0.0022	0.0022	0.0022	0.0022	0.0022	0.0022	0.0022	0.0022	0.0022	0.0022	0.0022	0.0022	0.0022	0.0022	0.0022	0.0022	0.0022	0.0022	0.0022	0.0022	0.0022	0.0022	0.0022	0.0022	0.0022	0.0022	0.0022	0.0022	0.0022	0.0022	0.0022	0.0022	0.0022	0.0022	0.0022	0.0022	0.0022	0.0022	0.0022	0.0022	0.0022	0.0022	0.0022	0.0022	0.0022	0.0022	0.0022	0.0022	0.0022	0.0022	0.0022	0.0022	0.0022	0.0022	0.0022	0.0022	0.0022	0.0022	0.0022	0.0022	0.0022	0.0022	0.0022	0.0022	0.0022	0.0022	0.0022	0.0022	0.0022	0.0022	0.0022	0.0022	0.0022	0.0022	0.0022	0.0022	0.0022	0.0022	0.0022	0.0022	0.0022	0.0022	0.0022	0.0022	0.0022	0.0022	0.0022	0.0022	0.0022	0.0022	0.0022	0.0022	0.0022	0.0022	0.0022	0.0022	0.0022	0.0022	0.0022	0.0022	0.0022	0.0022	0.0022	0.0022	0.0022	0.0022	0.0022	0.0022	0.0022	0.0022	0.0022	0.0022	0.0022	0.0022	0.0022	0.0022	0.0022	0.0022	0.0022	0.0022	0.0022	0.0022	0.0022	0.0022	0.0022	0.0022	0.0022	0.0022	0.0022	0.0022	0.0022	0.0022	0.0022	0.646	0.646	0.646	0.646
20	0.0568	0.0568	0.0568	0.0568	0.0568	0.0568	0.0568	0.0568	0.0568	0.0568	0.0568	0.0568	0.0568	0.0568	0.0568	0.0568	0.0568	0.0568	0.1253	0.0568	0.0568	0.0568	0.0568	0.0568	0.0568	0.0568	0.0568	0.0568	0.0568	0.0568	0.0568	0.0568	0.0568	0.0568	0.0568	0.0568	0.0568	0.0568	0.0568	0.0568	0.0568	0.0568	0.0568	0.0568	0.0568	0.0568	0.0568	0.0568	0.0568	0.0568	0.0568	0.0568	0.0568	0.0568	0.0568	0.0568	0.0568	0.0568	0.0568	0.0568	0.0568	0.0568	0.0568	0.0568	0.0568	0.0568	0.0568	0.0568	0.0568	0.0568	0.0568	0.0568	0.0568	0.0568	0.0568	0.0568	0.0568	0.0568	0.0568	0.0568	0.0568	0.0568	0.0568	0.0568	0.0568	0.0568	0.0568	0.0568	0.0568	0.0568	0.0568	0.0568	0.0568	0.0568	0.0568	0.0568	0.0568	0.0568	0.0568	0.0568	0.0568	0.0568	0.0568	0.0568	0.0568	0.0568	0.0568	0.0097	0.0097	0.0097	0.0097	0.0097	0.0097	0.0097	0.0097	0.0097	0.0097	0.0097	0.0097	0.0097	0.0097	0.0097	0.0097	0.0097	0.0097	0.0097	0.0097	0.0097	0.0097	0.0097	0.0097	0.0097	0.0097	0.0097	0.0097	0.0097	0.0097	0.0097	0.0097	0.0097	0.0097	0.0097	0.0097	0.0097	0.0097	0.0097	0.0097	0.0097	0.0097	0.0097	0.0097	0.0097	0.0093	0.0093	0.0093	0.0093	0.0093	0.0093	0.0093	0.0093	0.0093	0.0093	0.0093	0.0093	0.0093	0.0093	0.0093	0.0093	0.0093	0.0093	0.0093	0.0093	0.0093	0.0093	0.0093	0.0093	0.0093	0.0093	0.0093	0.0093	0.0093	0.0093	0.0093	0.0093	0.0093	0.0093	0.0093	0.0093	0.0093	0.0093	0.0093	0.0093	0.0093	0.0093	0.0093	0.0093	0.0093	0.0093	0.0093	0.0093	0.0093	0.0093	0.0093	0.0093	0.0093	0.0093	0.0093	0.0093	0.0093	0.0093	0.0093	0.0093	0.0093	0.0093	0.0093	0.0093	0.0093	0.0093	0.0093	0.0093	0.0093	0.0093	0.0093	0.0093	0.0093	0.0093	0.0093	0.0093	0.0093	0.0093	0.0093	0.0093	0.0093	0.0093	0.0093	0.0093	0.0093	0.0093	0.0093	0.0093	0.0093	0.0093	0.0093	0.0093	0.0093	0.0093	0.0093	0.0093	0.0093	0.0093	0.0093	0.0093	0.0093	0.0093	0.0093	0.0093	0.0093	0.0093	0.0093	0.0093	0.0093	0.0093	0.0093	0.0093	0.0093	0.0093	0.0093	0.0093	0.0093	0.0093	0.0093	0.0093	0.0093	0.0093	0.0093	0.0093	0.0093	0.0093	0.0093	0.0093	0.0093	0.0093	0.0093	0.0093	0.0093	0.0093	0.0093	0.0093	0.0093	0.0093	0.0093	0.0093	0.0093	0.0093	0.0093	0.0093	0.9101	0.9101	0.9101	0.9101
21	0.0043	0.0043	0.0043	0.0043	0.0043	0.0043	0.0043	0.0043	0.0043	0.0043	0.0043	0.0043	0.0043	0.0043	0.0043	0.0043	0.0043	0.0043	0.0798	0.0043	0.0043	0.0043	0.0043	0.0043	0.0043	0.0043	0.0043	0.0043	0.0043	0.0043	0.0043	0.0043	0.0043	0.0043	0.0043	0.0043	0.0043	0.0043	0.0043	0.0043	0.0043	0.0043	0.0043	0.0043	0.0043	0.0043	0.0043	0.0043	0.0043	0.0043	0.0043	0.0043	0.0043	0.0043	0.0043	0.0043	0.0043	0.0043	0.0043	0.0043	0.0043	0.0043	0.0043	0.0043	0.0043	0.0043	0.0043	0.0043	0.0043	0.0043	0.0043	0.0043	0.0043	0.0043	0.0043	0.0043	0.0043	0.0043	0.0043	0.0043	0.0043	0.0043	0.0043	0.0043	0.0043	0.0043	0.0043	0.0043	0.0043	0.0043	0.0043	0.0043	0.0043	0.0043	0.0043	0.0043	0.0043	0.0043	0.0043	0.0043	0.0043	0.0043	0.0043	0.0043	0.0043	0.0043	0.0043	0.0103	0.0103	0.0103	0.0103	0.0103	0.0103	0.0103	0.0103	0.0103	0.0103	0.0103	0.0103	0.0103	0.0103	0.0103	0.0103	0.0103	0.0103	0.0103	0.0103	0.0103	0.0103	0.0103	0.0103	0.0103	0.0103	0.0103	0.0103	0.0103	0.0103	0.0103	0.0103	0.0103	0.0103	0.0103	0.0103	0.0103	0.0103	0.0103	0.0103	0.0103	0.0103	0.0103	0.0103	0.0103	0.0075	0.0075	0.0075	0.0075	0.0075	0.0075	0.0075	0.0075	0.0075	0.0075	0.0075	0.0075	0.0075	0.0075	0.0075	0.0075	0.0075	0.0075	0.0075	0.0075	0.0075	0.0075	0.0075	0.0075	0.0075	0.0075	0.0075	0.0075	0.0075	0.0075	0.0075	0.0075	0.0075	0.0075	0.0075	0.0075	0.0075	0.0075	0.0075	0.0075	0.0075	0.0075	0.0075	0.0075	0.0075	0.0075	0.0075	0.0075	0.0075	0.0075	0.0075	0.0075	0.0075	0.0075	0.0075	0.0075	0.0075	0.0075	0.0075	0.0075	0.0075	0.0075	0.0075	0.0075	0.0075	0.0075	0.0075	0.0075	0.0075	0.0075	0.0075	0.0075	0.0075	0.0075	0.0075	0.0075	0.0075	0.0075	0.0075	0.0075	0.0075	0.0075	0.0075	0.0075	0.0075	0.0075	0.0075	0.0075	0.0075	0.0075	0.0075	0.0075	0.0075	0.0075	0.0075	0.0075	0.0075	0.0075	0.0075	0.0075	0.0075	0.0075	0.0075	0.0075	0.0075	0.0075	0.0075	0.0075	0.0075	0.0075	0.0075	0.0075	0.0075	0.0075	0.0075	0.0075	0.0075	0.0075	0.0075	0.0075	0.0075	0.0075	0.0075	0.0075	0.0075	0.0075	0.0075	0.0075	0.0075	0.0075	0.0075	0.0075	0.0075	0.0075	0.0075	0.0075	0.0075	0.0075	0.0075	0.0075	0.0075	0.0075	0.0075	0.0075	0.88	0.88	0.88	0.88
22	0.0041	0.0041	0.0041	0.0041	0.0041	0.0041	0.0041	0.0041	0.0041	0.0041	0.0041	0.0041	0.0041	0.0041	0.0041	0.0041	0.0041	0.0041	0.0814	0.0041	0.0041	0.0041	0.0041	0.0041	0.0041	0.0041	0.0041	0.0041	0.0041	0.0041	0.0041	0.0041	0.0041	0.0041	0.0041	0.0041	0.0041	0.0041	0.0041	0.0041	0.0041	0.0041	0.0041	0.0041	0.0041	0.0041	0.0041	0.0041	0.0041	0.0041	0.0041	0.0041	0.0041	0.0041	0.0041	0.0041	0.0041	0.0041	0.0041	0.0041	0.0041	0.0041	0.0041	0.0041	0.0041	0.0041	0.0041	0.0041	0.0041	0.0041	0.0041	0.0041	0.0041	0.0041	0.0041	0.0041	0.0041	0.0041	0.0041	0.0041	0.0041	0.0041	0.0041	0.0041	0.0041	0.0041	0.0041	0.0041	0.0041	0.0041	0.0041	0.0041	0.0041	0.0041	0.0041	0.0041	0.0041	0.0041	0.0041	0.0041	0.0041	0.0041	0.0041	0.0041	0.0041	0.0041	0.0041	0.0073	0.0073	0.0073	0.0073	0.0073	0.0073	0.0073	0.0073	0.0073	0.0073	0.0073	0.0073	0.0073	0.0073	0.0073	0.0073	0.0073	0.0073	0.0073	0.0073	0.0073	0.0073	0.0073	0.0073	0.0073	0.0073	0.0073	0.0073	0.0073	0.0073	0.0073	0.0073	0.0073	0.0073	0.0073	0.0073	0.0073	0.0073	0.0073	0.0073	0.0073	0.0073	0.0073	0.0073	0.0073	0.0116	0.0116	0.0116	0.0116	0.0116	0.0116	0.0116	0.0116	0.0116	0.0116	0.0116	0.0116	0.0116	0.0116	0.0116	0.0116	0.0116	0.0116	0.0116	0.0116	0.0116	0.0116	0.0116	0.0116	0.0116	0.0116	0.0116	0.0116	0.0116	0.0116	0.0116	0.0116	0.0116	0.0116	0.0116	0.0116	0.0116	0.0116	0.0116	0.0116	0.0116	0.0116	0.0116	0.0116	0.0116	0.0116	0.0116	0.0116	0.0116	0.0116	0.0116	0.0116	0.0116	0.0116	0.0116	0.0116	0.0116	0.0116	0.0116	0.0116	0.0116	0.0116	0.0116	0.0116	0.0116	0.0116	0.0116	0.0116	0.0116	0.0116	0.0116	0.0116	0.0116	0.0116	0.0116	0.0116	0.0116	0.0116	0.0116	0.0116	0.0116	0.0116	0.0116	0.0116	0.0116	0.0116	0.0116	0.0116	0.0116	0.0116	0.0116	0.0116	0.0116	0.0116	0.0116	0.0116	0.0116	0.0116	0.0116	0.0116	0.0116	0.0116	0.0116	0.0116	0.0116	0.0116	0.0116	0.0116	0.0116	0.0116	0.0116	0.0116	0.0116	0.0116	0.0116	0.0116	0.0116	0.0116	0.0116	0.0116	0.0116	0.0116	0.0116	0.0116	0.0116	0.0116	0.0116	0.0116	0.0116	0.0116	0.0116	0.0116	0.0116	0.0116	0.0116	0.0116	0.0116	0.0116	0.0116	0.0116	0.0116	0.0116	0.0116	0.0116	0.8563	0.8563	0.8563	0.8563
23	0.0033	0.0033	0.0033	0.0033	0.0033	0.0033	0.0033	0.0033	0.0033	0.0033	0.0033	0.0033	0.0033	0.0033	0.0033	0.0033	0.0033	0.0033	0.1113	0.0033	0.0033	0.0033	0.0033	0.0033	0.0033	0.0033	0.0033	0.0033	0.0033	0.0033	0.0033	0.0033	0.0033	0.0033	0.0033	0.0033	0.0033	0.0033	0.0033	0.0033	0.0033	0.0033	0.0033	0.0033	0.0033	0.0033	0.0033	0.0033	0.0033	0.0033	0.0033	0.0033	0.0033	0.0033	0.0033	0.0033	0.0033	0.0033	0.0033	0.0033	0.0033	0.0033	0.0033	0.0033	0.0033	0.0033	0.0033	0.0033	0.0033	0.0033	0.0033	0.0033	0.0033	0.0033	0.0033	0.0033	0.0033	0.0033	0.0033	0.0033	0.0033	0.0033	0.0033	0.0033	0.0033	0.0033	0.0033	0.0033	0.0033	0.0033	0.0033	0.0033	0.0033	0.0033	0.0033	0.0033	0.0033	0.0033	0.0033	0.0033	0.0033	0.0033	0.0033	0.0033	0.0033	0.0033	0.0033	0.0064	0.0064	0.0064	0.0064	0.0064	0.0064	0.0064	0.0064	0.0064	0.0064	0.0064	0.0064	0.0064	0.0064	0.0064	0.0064	0.0064	0.0064	0.0064	0.0064	0.0064	0.0064	0.0064	0.0064	0.0064	0.0064	0.0064	0.0064	0.0064	0.0064	0.0064	0.0064	0.0064	0.0064	0.0064	0.0064	0.0064	0.0064	0.0064	0.0064	0.0064	0.0064	0.0064	0.0064	0.0064	0.0262	0.0262	0.0262	0.0262	0.0262	0.0262	0.0262	0.0262	0.0262	0.0262	0.0262	0.0262	0.0262	0.0262	0.0262	0.0262	0.0262	0.0262	0.0262	0.0262	0.0262	0.0262	0.0262	0.0262	0.0262	0.0262	0.0262	0.0262	0.0262	0.0262	0.0262	0.0262	0.0262	0.0262	0.0262	0.0262	0.0262	0.0262	0.0262	0.0262	0.0262	0.0262	0.0262	0.0262	0.0262	0.0262	0.0262	0.0262	0.0262	0.0262	0.0262	0.0262	0.0262	0.0262	0.0262	0.0262	0.0262	0.0262	0.0262	0.0262	0.0262	0.0262	0.0262	0.0262	0.0262	0.0262	0.0262	0.0262	0.0262	0.0262	0.0262	0.0262	0.0262	0.0262	0.0262	0.0262	0.0262	0.0262	0.0262	0.0262	0.0262	0.0262	0.0262	0.0262	0.0262	0.0262	0.0262	0.0262	0.0262	0.0262	0.0262	0.0262	0.0262	0.0262	0.0262	0.0262	0.0262	0.0262	0.0262	0.0262	0.0262	0.0262	0.0262	0.0262	0.0262	0.0262	0.0262	0.0262	0.0262	0.0262	0.0262	0.0262	0.0262	0.0262	0.0262	0.0262	0.0262	0.0262	0.0262	0.0262	0.0262	0.0262	0.0262	0.0262	0.0262	0.0262	0.0262	0.0262	0.0262	0.0262	0.0262	0.0262	0.0262	0.0262	0.0262	0.0262	0.0262	0.0262	0.0262	0.0262	0.0262	0.0262	0.0262	0.0262	0.9648	0.9648	0.9648	0.9648
24	0.0035	0.0035	0.0035	0.0035	0.0035	0.0035	0.0035	0.0035	0.0035	0.0035	0.0035	0.0035	0.0035	0.0035	0.0035	0.0035	0.0035	0.0035	0.0449	0.0035	0.0035	0.0035	0.0035	0.0035	0.0035	0.0035	0.0035	0.0035	0.0035	0.0035	0.0035	0.0035	0.0035	0.0035	0.0035	0.0035	0.0035	0.0035	0.0035	0.0035	0.0035	0.0035	0.0035	0.0035	0.0035	0.0035	0.0035	0.0035	0.0035	0.0035	0.0035	0.0035	0.0035	0.0035	0.0035	0.0035	0.0035	0.0035	0.0035	0.0035	0.0035	0.0035	0.0035	0.0035	0.0035	0.0035	0.0035	0.0035	0.0035	0.0035	0.0035	0.0035	0.0035	0.0035	0.0035	0.0035	0.0035	0.0035	0.0035	0.0035	0.0035	0.0035	0.0035	0.0035	0.0035	0.0035	0.0035	0.0035	0.0035	0.0035	0.0035	0.0035	0.0035	0.0035	0.0035	0.0035	0.0035	0.0035	0.0035	0.0035	0.0035	0.0035	0.0035	0.0035	0.0035	0.0035	0.0035	0.1042	0.1042	0.1042	0.1042	0.1042	0.1042	0.1042	0.1042	0.1042	0.1042	0.1042	0.1042	0.1042	0.1042	0.1042	0.1042	0.1042	0.1042	0.1042	0.1042	0.1042	0.1042	0.1042	0.1042	0.1042	0.1042	0.1042	0.1042	0.1042	0.1042	0.1042	0.1042	0.1042	0.1042	0.1042	0.1042	0.1042	0.1042	0.1042	0.1042	0.1042	0.1042	0.1042	0.1042	0.1042	0.0073	0.0073	0.0073	0.0073	0.0073	0.0073	0.0073	0.0073	0.0073	0.0073	0.0073	0.0073	0.0073	0.0073	0.0073	0.0073	0.0073	0.0073	0.0073	0.0073	0.0073	0.0073	0.0073	0.0073	0.0073	0.0073	0.0073	0.0073	0.0073	0.0073	0.0073	0.0073	0.0073	0.0073	0.0073	0.0073	0.0073	0.0073	0.0073	0.0073	0.0073	0.0073	0.0073	0.0073	0.0073	0.0073	0.0073	0.0073	0.0073	0.0073	0.0073	0.0073	0.0073	0.0073	0.0073	0.0073	0.0073	0.0073	0.0073	0.0073	0.0073	0.0073	0.0073	0.0073	0.0073	0.0073	0.0073	0.0073	0.0073	0.0073	0.0073	0.0073	0.0073	0.0073	0.0073	0.0073	0.0073	0.0073	0.0073	0.0073	0.0073	0.0073	0.0073	0.0073	0.0073	0.0073	0.0073	0.0073	0.0073	0.0073	0.0073	0.0073	0.0073	0.0073	0.0073	0.0073	0.0073	0.0073	0.0073	0.0073	0.0073	0.0073	0.0073	0.0073	0.0073	0.0073	0.0073	0.0073	0.0073	0.0073	0.0073	0.0073	0.0073	0.0073	0.0073	0.0073	0.0073	0.0073	0.0073	0.0073	0.0073	0.0073	0.0073	0.0073	0.0073	0.0073	0.0073	0.0073	0.0073	0.0073	0.0073	0.0073	0.0073	0.0073	0.0073	0.0073	0.0073	0.0073	0.0073	0.0073	0.0073	0.0073	0.0073	0.0073	0.0692	0.0692	0.0692	0.0692
25	0.0268	0.0268	0.0268	0.0268	0.0268	0.0268	0.0268	0.0268	0.0268	0.0268	0.0268	0.0268	0.0268	0.0268	0.0268	0.0268	0.0268	0.0268	0.1534	0.0268	0.0268	0.0268	0.0268	0.0268	0.0268	0.0268	0.0268	0.0268	0.0268	0.0268	0.0268	0.0268	0.0268	0.0268	0.0268	0.0268	0.0268	0.0268	0.0268	0.0268	0.0268	0.0268	0.0268	0.0268	0.0268	0.0268	0.0268	0.0268	0.0268	0.0268	0.0268	0.0268	0.0268	0.0268	0.0268	0.0268	0.0268	0.0268	0.0268	0.0268	0.0268	0.0268	0.0268	0.0268	0.0268	0.0268	0.0268	0.0268	0.0268	0.0268	0.0268	0.0268	0.0268	0.0268	0.0268	0.0268	0.0268	0.0268	0.0268	0.0268	0.0268	0.0268	0.0268	0.0268	0.0268	0.0268	0.0268	0.0268	0.0268	0.0268	0.0268	0.0268	0.0268	0.0268	0.0268	0.0268	0.0268	0.0268	0.0268	0.0268	0.0268	0.0268	0.0268	0.0268	0.0268	0.0268	0.0268	0.0059	0.0059	0.0059	0.0059	0.0059	0.0059	0.0059	0.0059	0.0059	0.0059	0.0059	0.0059	0.0059	0.0059	0.0059	0.0059	0.0059	0.0059	0.0059	0.0059	0.0059	0.0059	0.0059	0.0059	0.0059	0.0059	0.0059	0.0059	0.0059	0.0059	0.0059	0.0059	0.0059	0.0059	0.0059	0.0059	0.0059	0.0059	0.0059	0.0059	0.0059	0.0059	0.0059	0.0059	0.0059	0.0261	0.0261	0.0261	0.0261	0.0261	0.0261	0.0261	0.0261	0.0261	0.0261	0.0261	0.0261	0.0261	0.0261	0.0261	0.0261	0.0261	0.0261	0.0261	0.0261	0.0261	0.0261	0.0261	0.0261	0.0261	0.0261	0.0261	0.0261	0.0261	0.0261	0.0261	0.0261	0.0261	0.0261	0.0261	0.0261	0.0261	0.0261	0.0261	0.0261	0.0261	0.0261	0.0261	0.0261	0.0261	0.0261	0.0261	0.0261	0.0261	0.0261	0.0261	0.0261	0.0261	0.0261	0.0261	0.0261	0.0261	0.0261	0.0261	0.0261	0.0261	0.0261	0.0261	0.0261	0.0261	0.0261	0.0261	0.0261	0.0261	0.0261	0.0261	0.0261	0.0261	0.0261	0.0261	0.0261	0.0261	0.0261	0.0261	0.0261	0.0261	0.0261	0.0261	0.0261	0.0261	0.0261	0.0261	0.0261	0.0261	0.0261	0.0261	0.0261	0.0261	0.0261	0.0261	0.0261	0.0261	0.0261	0.0261	0.0261	0.0261	0.0261	0.0261	0.0261	0.0261	0.0261	0.0261	0.0261	0.0261	0.0261	0.0261	0.0261	0.0261	0.0261	0.0261	0.0261	0.0261	0.0261	0.0261	0.0261	0.0261	0.0261	0.0261	0.0261	0.0261	0.0261	0.0261	0.0261	0.0261	0.0261	0.0261	0.0261	0.0261	0.0261	0.0261	0.0261	0.0261	0.0261	0.0261	0.0261	0.0261	0.0261	0.0261	0.0261	0.0917	0.0917	0.0917	0.0917
26	0.0287	0.0287	0.0287	0.0287	0.0287	0.0287	0.0287	0.0287	0.0287	0.0287	0.0287	0.0287	0.0287	0.0287	0.0287	0.0287	0.0287	0.0287	0.07	0.0287	0.0287	0.0287	0.0287	0.0287	0.0287	0.0287	0.0287	0.0287	0.0287	0.0287	0.0287	0.0287	0.0287	0.0287	0.0287	0.0287	0.0287	0.0287	0.0287	0.0287	0.0287	0.0287	0.0287	0.0287	0.0287	0.0287	0.0287	0.0287	0.0287	0.0287	0.0287	0.0287	0.0287	0.0287	0.0287	0.0287	0.0287	0.0287	0.0287	0.0287	0.0287	0.0287	0.0287	0.0287	0.0287	0.0287	0.0287	0.0287	0.0287	0.0287	0.0287	0.0287	0.0287	0.0287	0.0287	0.0287	0.0287	0.0287	0.0287	0.0287	0.0287	0.0287	0.0287	0.0287	0.0287	0.0287	0.0287	0.0287	0.0287	0.0287	0.0287	0.0287	0.0287	0.0287	0.0287	0.0287	0.0287	0.0287	0.0287	0.0287	0.0287	0.0287	0.0287	0.0287	0.0287	0.0287	0.0287	0.0068	0.0068	0.0068	0.0068	0.0068	0.0068	0.0068	0.0068	0.0068	0.0068	0.0068	0.0068	0.0068	0.0068	0.0068	0.0068	0.0068	0.0068	0.0068	0.0068	0.0068	0.0068	0.0068	0.0068	0.0068	0.0068	0.0068	0.0068	0.0068	0.0068	0.0068	0.0068	0.0068	0.0068	0.0068	0.0068	0.0068	0.0068	0.0068	0.0068	0.0068	0.0068	0.0068	0.0068	0.0068	0.0151	0.0151	0.0151	0.0151	0.0151	0.0151	0.0151	0.0151	0.0151	0.0151	0.0151	0.0151	0.0151	0.0151	0.0151	0.0151	0.0151	0.0151	0.0151	0.0151	0.0151	0.0151	0.0151	0.0151	0.0151	0.0151	0.0151	0.0151	0.0151	0.0151	0.0151	0.0151	0.0151	0.0151	0.0151	0.0151	0.0151	0.0151	0.0151	0.0151	0.0151	0.0151	0.0151	0.0151	0.0151	0.0151	0.0151	0.0151	0.0151	0.0151	0.0151	0.0151	0.0151	0.0151	0.0151	0.0151	0.0151	0.0151	0.0151	0.0151	0.0151	0.0151	0.0151	0.0151	0.0151	0.0151	0.0151	0.0151	0.0151	0.0151	0.0151	0.0151	0.0151	0.0151	0.0151	0.0151	0.0151	0.0151	0.0151	0.0151	0.0151	0.0151	0.0151	0.0151	0.0151	0.0151	0.0151	0.0151	0.0151	0.0151	0.0151	0.0151	0.0151	0.0151	0.0151	0.0151	0.0151	0.0151	0.0151	0.0151	0.0151	0.0151	0.0151	0.0151	0.0151	0.0151	0.0151	0.0151	0.0151	0.0151	0.0151	0.0151	0.0151	0.0151	0.0151	0.0151	0.0151	0.0151	0.0151	0.0151	0.0151	0.0151	0.0151	0.0151	0.0151	0.0151	0.0151	0.0151	0.0151	0.0151	0.0151	0.0151	0.0151	0.0151	0.0151	0.0151	0.0151	0.0151	0.0151	0.0151	0.0151	0.0151	0.0151	0.0151	0.0679	0.0679	0.0679	0.0679
27	0.0028	0.0028	0.0028	0.0028	0.0028	0.0028	0.0028	0.0028	0.0028	0.0028	0.0028	0.0028	0.0028	0.0028	0.0028	0.0028	0.0028	0.0028	0.0634	0.0028	0.0028	0.0028	0.0028	0.0028	0.0028	0.0028	0.0028	0.0028	0.0028	0.0028	0.0028	0.0028	0.0028	0.0028	0.0028	0.0028	0.0028	0.0028	0.0028	0.0028	0.0028	0.0028	0.0028	0.0028	0.0028	0.0028	0.0028	0.0028	0.0028	0.0028	0.0028	0.0028	0.0028	0.0028	0.0028	0.0028	0.0028	0.0028	0.0028	0.0028	0.0028	0.0028	0.0028	0.0028	0.0028	0.0028	0.0028	0.0028	0.0028	0.0028	0.0028	0.0028	0.0028	0.0028	0.0028	0.0028	0.0028	0.0028	0.0028	0.0028	0.0028	0.0028	0.0028	0.0028	0.0028	0.0028	0.0028	0.0028	0.0028	0.0028	0.0028	0.0028	0.0028	0.0028	0.0028	0.0028	0.0028	0.0028	0.0028	0.0028	0.0028	0.0028	0.0028	0.0028	0.0028	0.0028	0.0028	0.0074	0.0074	0.0074	0.0074	0.0074	0.0074	0.0074	0.0074	0.0074	0.0074	0.0074	0.0074	0.0074	0.0074	0.0074	0.0074	0.0074	0.0074	0.0074	0.0074	0.0074	0.0074	0.0074	0.0074	0.0074	0.0074	0.0074	0.0074	0.0074	0.0074	0.0074	0.0074	0.0074	0.0074	0.0074	0.0074	0.0074	0.0074	0.0074	0.0074	0.0074	0.0074	0.0074	0.0074	0.0074	0.0054	0.0054	0.0054	0.0054	0.0054	0.0054	0.0054	0.0054	0.0054	0.0054	0.0054	0.0054	0.0054	0.0054	0.0054	0.0054	0.0054	0.0054	0.0054	0.0054	0.0054	0.0054	0.0054	0.0054	0.0054	0.0054	0.0054	0.0054	0.0054	0.0054	0.0054	0.0054	0.0054	0.0054	0.0054	0.0054	0.0054	0.0054	0.0054	0.0054	0.0054	0.0054	0.0054	0.0054	0.0054	0.0054	0.0054	0.0054	0.0054	0.0054	0.0054	0.0054	0.0054	0.0054	0.0054	0.0054	0.0054	0.0054	0.0054	0.0054	0.0054	0.0054	0.0054	0.0054	0.0054	0.0054	0.0054	0.0054	0.0054	0.0054	0.0054	0.0054	0.0054	0.0054	0.0054	0.0054	0.0054	0.0054	0.0054	0.0054	0.0054	0.0054	0.0054	0.0054	0.0054	0.0054	0.0054	0.0054	0.0054	0.0054	0.0054	0.0054	0.0054	0.0054	0.0054	0.0054	0.0054	0.0054	0.0054	0.0054	0.0054	0.0054	0.0054	0.0054	0.0054	0.0054	0.0054	0.0054	0.0054	0.0054	0.0054	0.0054	0.0054	0.0054	0.0054	0.0054	0.0054	0.0054	0.0054	0.0054	0.0054	0.0054	0.0054	0.0054	0.0054	0.0054	0.0054	0.0054	0.0054	0.0054	0.0054	0.0054	0.0054	0.0054	0.0054	0.0054	0.0054	0.0054	0.0054	0.0054	0.0054	0.0054	0.0054	0.0054	0.1116	0.1116	0.1116	0.1116
28	0.0026	0.0026	0.0026	0.0026	0.0026	0.0026	0.0026	0.0026	0.0026	0.0026	0.0026	0.0026	0.0026	0.0026	0.0026	0.0026	0.0026	0.0026	0.1475	0.0026	0.0026	0.0026	0.0026	0.0026	0.0026	0.0026	0.0026	0.0026	0.0026	0.0026	0.0026	0.0026	0.0026	0.0026	0.0026	0.0026	0.0026	0.0026	0.0026	0.0026	0.0026	0.0026	0.0026	0.0026	0.0026	0.0026	0.0026	0.0026	0.0026	0.0026	0.0026	0.0026	0.0026	0.0026	0.0026	0.0026	0.0026	0.0026	0.0026	0.0026	0.0026	0.0026	0.0026	0.0026	0.0026	0.0026	0.0026	0.0026	0.0026	0.0026	0.0026	0.0026	0.0026	0.0026	0.0026	0.0026	0.0026	0.0026	0.0026	0.0026	0.0026	0.0026	0.0026	0.0026	0.0026	0.0026	0.0026	0.0026	0.0026	0.0026	0.0026	0.0026	0.0026	0.0026	0.0026	0.0026	0.0026	0.0026	0.0026	0.0026	0.0026	0.0026	0.0026	0.0026	0.0026	0.0026	0.0026	0.0617	0.0617	0.0617	0.0617	0.0617	0.0617	0.0617	0.0617	0.0617	0.0617	0.0617	0.0617	0.0617	0.0617	0.0617	0.0617	0.0617	0.0617	0.0617	0.0617	0.0617	0.0617	0.0617	0.0617	0.0617	0.0617	0.0617	0.0617	0.0617	0.0617	0.0617	0.0617	0.0617	0.0617	0.0617	0.0617	0.0617	0.0617	0.0617	0.0617	0.0617	0.0617	0.0617	0.0617	0.0617	0.0074	0.0074	0.0074	0.0074	0.0074	0.0074	0.0074	0.0074	0.0074	0.0074	0.0074	0.0074	0.0074	0.0074	0.0074	0.0074	0.0074	0.0074	0.0074	0.0074	0.0074	0.0074	0.0074	0.0074	0.0074	0.0074	0.0074	0.0074	0.0074	0.0074	0.0074	0.0074	0.0074	0.0074	0.0074	0.0074	0.0074	0.0074	0.0074	0.0074	0.0074	0.0074	0.0074	0.0074	0.0074	0.0074	0.0074	0.0074	0.0074	0.0074	0.0074	0.0074	0.0074	0.0074	0.0074	0.0074	0.0074	0.0074	0.0074	0.0074	0.0074	0.0074	0.0074	0.0074	0.0074	0.0074	0.0074	0.0074	0.0074	0.0074	0.0074	0.0074	0.0074	0.0074	0.0074	0.0074	0.0074	0.0074	0.0074	0.0074	0.0074	0.0074	0.0074	0.0074	0.0074	0.0074	0.0074	0.0074	0.0074	0.0074	0.0074	0.0074	0.0074	0.0074	0.0074	0.0074	0.0074	0.0074	0.0074	0.0074	0.0074	0.0074	0.0074	0.0074	0.0074	0.0074	0.0074	0.0074	0.0074	0.0074	0.0074	0.0074	0.0074	0.0074	0.0074	0.0074	0.0074	0.0074	0.0074	0.0074	0.0074	0.0074	0.0074	0.0074	0.0074	0.0074	0.0074	0.0074	0.0074	0.0074	0.0074	0.0074	0.0074	0.0074	0.0074	0.0074	0.0074	0.0074	0.0074	0.0074	0.0074	0.0074	0.0074	0.0074	0.0956	0.0956	0.0956	0.0956
29	0.0352	0.0352	0.0352	0.0352	0.0352	0.0352	0.0352	0.0352	0.0352	0.0352	0.0352	0.0352	0.0352	0.0352	0.0352	0.0352	0.0352	0.0352	0.1681	0.0352	0.0352	0.0352	0.0352	0.0352	0.0352	0.0352	0.0352	0.0352	0.0352	0.0352	0.0352	0.0352	0.0352	0.0352	0.0352	0.0352	0.0352	0.0352	0.0352	0.0352	0.0352	0.0352	0.0352	0.0352	0.0352	0.0352	0.0352	0.0352	0.0352	0.0352	0.0352	0.0352	0.0352	0.0352	0.0352	0.0352	0.0352	0.0352	0.0352	0.0352	0.0352	0.0352	0.0352	0.0352	0.0352	0.0352	0.0352	0.0352	0.0352	0.0352	0.0352	0.0352	0.0352	0.0352	0.0352	0.0352	0.0352	0.0352	0.0352	0.0352	0.0352	0.0352	0.0352	0.0352	0.0352	0.0352	0.0352	0.0352	0.0352	0.0352	0.0352	0.0352	0.0352	0.0352	0.0352	0.0352	0.0352	0.0352	0.0352	0.0352	0.0352	0.0352	0.0352	0.0352	0.0352	0.0352	0.0352	0.0095	0.0095	0.0095	0.0095	0.0095	0.0095	0.0095	0.0095	0.0095	0.0095	0.0095	0.0095	0.0095	0.0095	0.0095	0.0095	0.0095	0.0095	0.0095	0.0095	0.0095	0.0095	0.0095	0.0095	0.0095	0.0095	0.0095	0.0095	0.0095	0.0095	0.0095	0.0095	0.0095	0.0095	0.0095	0.0095	0.0095	0.0095	0.0095	0.0095	0.0095	0.0095	0.0095	0.0095	0.0095	0.0105	0.0105	0.0105	0.0105	0.0105	0.0105	0.0105	0.0105	0.0105	0.0105	0.0105	0.0105	0.0105	0.0105	0.0105	0.0105	0.0105	0.0105	0.0105	0.0105	0.0105	0.0105	0.0105	0.0105	0.0105	0.0105	0.0105	0.0105	0.0105	0.0105	0.0105	0.0105	0.0105	0.0105	0.0105	0.0105	0.0105	0.0105	0.0105	0.0105	0.0105	0.0105	0.0105	0.0105	0.0105	0.0105	0.0105	0.0105	0.0105	0.0105	0.0105	0.0105	0.0105	0.0105	0.0105	0.0105	0.0105	0.0105	0.0105	0.0105	0.0105	0.0105	0.0105	0.0105	0.0105	0.0105	0.0105	0.0105	0.0105	0.0105	0.0105	0.0105	0.0105	0.0105	0.0105	0.0105	0.0105	0.0105	0.0105	0.0105	0.0105	0.0105	0.0105	0.0105	0.0105	0.0105	0.0105	0.0105	0.0105	0.0105	0.0105	0.0105	0.0105	0.0105	0.0105	0.0105	0.0105	0.0105	0.0105	0.0105	0.0105	0.0105	0.0105	0.0105	0.0105	0.0105	0.0105	0.0105	0.0105	0.0105	0.0105	0.0105	0.0105	0.0105	0.0105	0.0105	0.0105	0.0105	0.0105	0.0105	0.0105	0.0105	0.0105	0.0105	0.0105	0.0105	0.0105	0.0105	0.0105	0.0105	0.0105	0.0105	0.0105	0.0105	0.0105	0.0105	0.0105	0.0105	0.0105	0.0105	0.0105	0.0105	0.0105	0.0105	0.0645	0.0645	0.0645	0.0645
30	0.0236	0.0236	0.0236	0.0236	0.0236	0.0236	0.0236	0.0236	0.0236	0.0236	0.0236	0.0236	0.0236	0.0236	0.0236	0.0236	0.0236	0.0236	0.5975	0.0236	0.0236	0.0236	0.0236	0.0236	0.0236	0.0236	0.0236	0.0236	0.0236	0.0236	0.0236	0.0236	0.0236	0.0236	0.0236	0.0236	0.0236	0.0236	0.0236	0.0236	0.0236	0.0236	0.0236	0.0236	0.0236	0.0236	0.0236	0.0236	0.0236	0.0236	0.0236	0.0236	0.0236	0.0236	0.0236	0.0236	0.0236	0.0236	0.0236	0.0236	0.0236	0.0236	0.0236	0.0236	0.0236	0.0236	0.0236	0.0236	0.0236	0.0236	0.0236	0.0236	0.0236	0.0236	0.0236	0.0236	0.0236	0.0236	0.0236	0.0236	0.0236	0.0236	0.0236	0.0236	0.0236	0.0236	0.0236	0.0236	0.0236	0.0236	0.0236	0.0236	0.0236	0.0236	0.0236	0.0236	0.0236	0.0236	0.0236	0.0236	0.0236	0.0236	0.0236	0.0236	0.0236	0.0236	0.0236	0.0067	0.0067	0.0067	0.0067	0.0067	0.0067	0.0067	0.0067	0.0067	0.0067	0.0067	0.0067	0.0067	0.0067	0.0067	0.0067	0.0067	0.0067	0.0067	0.0067	0.0067	0.0067	0.0067	0.0067	0.0067	0.0067	0.0067	0.0067	0.0067	0.0067	0.0067	0.0067	0.0067	0.0067	0.0067	0.0067	0.0067	0.0067	0.0067	0.0067	0.0067	0.0067	0.0067	0.0067	0.0067	0.0341	0.0341	0.0341	0.0341	0.0341	0.0341	0.0341	0.0341	0.0341	0.0341	0.0341	0.0341	0.0341	0.0341	0.0341	0.0341	0.0341	0.0341	0.0341	0.0341	0.0341	0.0341	0.0341	0.0341	0.0341	0.0341	0.0341	0.0341	0.0341	0.0341	0.0341	0.0341	0.0341	0.0341	0.0341	0.0341	0.0341	0.0341	0.0341	0.0341	0.0341	0.0341	0.0341	0.0341	0.0341	0.0341	0.0341	0.0341	0.0341	0.0341	0.0341	0.0341	0.0341	0.0341	0.0341	0.0341	0.0341	0.0341	0.0341	0.0341	0.0341	0.0341	0.0341	0.0341	0.0341	0.0341	0.0341	0.0341	0.0341	0.0341	0.0341	0.0341	0.0341	0.0341	0.0341	0.0341	0.0341	0.0341	0.0341	0.0341	0.0341	0.0341	0.0341	0.0341	0.0341	0.0341	0.0341	0.0341	0.0341	0.0341	0.0341	0.0341	0.0341	0.0341	0.0341	0.0341	0.0341	0.0341	0.0341	0.0341	0.0341	0.0341	0.0341	0.0341	0.0341	0.0341	0.0341	0.0341	0.0341	0.0341	0.0341	0.0341	0.0341	0.0341	0.0341	0.0341	0.0341	0.0341	0.0341	0.0341	0.0341	0.0341	0.0341	0.0341	0.0341	0.0341	0.0341	0.0341	0.0341	0.0341	0.0341	0.0341	0.0341	0.0341	0.0341	0.0341	0.0341	0.0341	0.0341	0.0341	0.0341	0.0341	0.0341	0.0341	0.1329	0.1329	0.1329	0.1329
31	0.0107	0.0107	0.0107	0.0107	0.0107	0.0107	0.0107	0.0107	0.0107	0.0107	0.0107	0.0107	0.0107	0.0107	0.0107	0.0107	0.0107	0.0107	0.0862	0.0107	0.0107	0.0107	0.0107	0.0107	0.0107	0.0107	0.0107	0.0107	0.0107	0.0107	0.0107	0.0107	0.0107	0.0107	0.0107	0.0107	0.0107	0.0107	0.0107	0.0107	0.0107	0.0107	0.0107	0.0107	0.0107	0.0107	0.0107	0.0107	0.0107	0.0107	0.0107	0.0107	0.0107	0.0107	0.0107	0.0107	0.0107	0.0107	0.0107	0.0107	0.0107	0.0107	0.0107	0.0107	0.0107	0.0107	0.0107	0.0107	0.0107	0.0107	0.0107	0.0107	0.0107	0.0107	0.0107	0.0107	0.0107	0.0107	0.0107	0.0107	0.0107	0.0107	0.0107	0.0107	0.0107	0.0107	0.0107	0.0107	0.0107	0.0107	0.0107	0.0107	0.0107	0.0107	0.0107	0.0107	0.0107	0.0107	0.0107	0.0107	0.0107	0.0107	0.0107	0.0107	0.0107	0.0107	0.0107	0.0099	0.0099	0.0099	0.0099	0.0099	0.0099	0.0099	0.0099	0.0099	0.0099	0.0099	0.0099	0.0099	0.0099	0.0099	0.0099	0.0099	0.0099	0.0099	0.0099	0.0099	0.0099	0.0099	0.0099	0.0099	0.0099	0.0099	0.0099	0.0099	0.0099	0.0099	0.0099	0.0099	0.0099	0.0099	0.0099	0.0099	0.0099	0.0099	0.0099	0.0099	0.0099	0.0099	0.0099	0.0099	0.0315	0.0315	0.0315	0.0315	0.0315	0.0315	0.0315	0.0315	0.0315	0.0315	0.0315	0.0315	0.0315	0.0315	0.0315	0.0315	0.0315	0.0315	0.0315	0.0315	0.0315	0.0315	0.0315	0.0315	0.0315	0.0315	0.0315	0.0315	0.0315	0.0315	0.0315	0.0315	0.0315	0.0315	0.0315	0.0315	0.0315	0.0315	0.0315	0.0315	0.0315	0.0315	0.0315	0.0315	0.0315	0.0315	0.0315	0.0315	0.0315	0.0315	0.0315	0.0315	0.0315	0.0315	0.0315	0.0315	0.0315	0.0315	0.0315	0.0315	0.0315	0.0315	0.0315	0.0315	0.0315	0.0315	0.0315	0.0315	0.0315	0.0315	0.0315	0.0315	0.0315	0.0315	0.0315	0.0315	0.0315	0.0315	0.0315	0.0315	0.0315	0.0315	0.0315	0.0315	0.0315	0.0315	0.0315	0.0315	0.0315	0.0315	0.0315	0.0315	0.0315	0.0315	0.0315	0.0315	0.0315	0.0315	0.0315	0.0315	0.0315	0.0315	0.0315	0.0315	0.0315	0.0315	0.0315	0.0315	0.0315	0.0315	0.0315	0.0315	0.0315	0.0315	0.0315	0.0315	0.0315	0.0315	0.0315	0.0315	0.0315	0.0315	0.0315	0.0315	0.0315	0.0315	0.0315	0.0315	0.0315	0.0315	0.0315	0.0315	0.0315	0.0315	0.0315	0.0315	0.0315	0.0315	0.0315	0.0315	0.0315	0.0315	0.0315	0.0315	0.0958	0.0958	0.0958	0.0958
32	0.0264	0.0264	0.0264	0.0264	0.0264	0.0264	0.0264	0.0264	0.0264	0.0264	0.0264	0.0264	0.0264	0.0264	0.0264	0.0264	0.0264	0.0264	0.1748	0.0264	0.0264	0.0264	0.0264	0.0264	0.0264	0.0264	0.0264	0.0264	0.0264	0.0264	0.0264	0.0264	0.0264	0.0264	0.0264	0.0264	0.0264	0.0264	0.0264	0.0264	0.0264	0.0264	0.0264	0.0264	0.0264	0.0264	0.0264	0.0264	0.0264	0.0264	0.0264	0.0264	0.0264	0.0264	0.0264	0.0264	0.0264	0.0264	0.0264	0.0264	0.0264	0.0264	0.0264	0.0264	0.0264	0.0264	0.0264	0.0264	0.0264	0.0264	0.0264	0.0264	0.0264	0.0264	0.0264	0.0264	0.0264	0.0264	0.0264	0.0264	0.0264	0.0264	0.0264	0.0264	0.0264	0.0264	0.0264	0.0264	0.0264	0.0264	0.0264	0.0264	0.0264	0.0264	0.0264	0.0264	0.0264	0.0264	0.0264	0.0264	0.0264	0.0264	0.0264	0.0264	0.0264	0.0264	0.0264	0.0087	0.0087	0.0087	0.0087	0.0087	0.0087	0.0087	0.0087	0.0087	0.0087	0.0087	0.0087	0.0087	0.0087	0.0087	0.0087	0.0087	0.0087	0.0087	0.0087	0.0087	0.0087	0.0087	0.0087	0.0087	0.0087	0.0087	0.0087	0.0087	0.0087	0.0087	0.0087	0.0087	0.0087	0.0087	0.0087	0.0087	0.0087	0.0087	0.0087	0.0087	0.0087	0.0087	0.0087	0.0087	0.0067	0.0067	0.0067	0.0067	0.0067	0.0067	0.0067	0.0067	0.0067	0.0067	0.0067	0.0067	0.0067	0.0067	0.0067	0.0067	0.0067	0.0067	0.0067	0.0067	0.0067	0.0067	0.0067	0.0067	0.0067	0.0067	0.0067	0.0067	0.0067	0.0067	0.0067	0.0067	0.0067	0.0067	0.0067	0.0067	0.0067	0.0067	0.0067	0.0067	0.0067	0.0067	0.0067	0.0067	0.0067	0.0067	0.0067	0.0067	0.0067	0.0067	0.0067	0.0067	0.0067	0.0067	0.0067	0.0067	0.0067	0.0067	0.0067	0.0067	0.0067	0.0067	0.0067	0.0067	0.0067	0.0067	0.0067	0.0067	0.0067	0.0067	0.0067	0.0067	0.0067	0.0067	0.0067	0.0067	0.0067	0.0067	0.0067	0.0067	0.0067	0.0067	0.0067	0.0067	0.0067	0.0067	0.0067	0.0067	0.0067	0.0067	0.0067	0.0067	0.0067	0.0067	0.0067	0.0067	0.0067	0.0067	0.0067	0.0067	0.0067	0.0067	0.0067	0.0067	0.0067	0.0067	0.0067	0.0067	0.0067	0.0067	0.0067	0.0067	0.0067	0.0067	0.0067	0.0067	0.0067	0.0067	0.0067	0.0067	0.0067	0.0067	0.0067	0.0067	0.0067	0.0067	0.0067	0.0067	0.0067	0.0067	0.0067	0.0067	0.0067	0.0067	0.0067	0.0067	0.0067	0.0067	0.0067	0.0067	0.0067	0.0067	0.0067	0.0067	0.1349	0.1349	0.1349	0.1349
33	0.0073	0.0073	0.0073	0.0073	0.0073	0.0073	0.0073	0.0073	0.0073	0.0073	0.0073	0.0073	0.0073	0.0073	0.0073	0.0073	0.0073	0.0073	0.0815	0.0073	0.0073	0.0073	0.0073	0.0073	0.0073	0.0073	0.0073	0.0073	0.0073	0.0073	0.0073	0.0073	0.0073	0.0073	0.0073	0.0073	0.0073	0.0073	0.0073	0.0073	0.0073	0.0073	0.0073	0.0073	0.0073	0.0073	0.0073	0.0073	0.0073	0.0073	0.0073	0.0073	0.0073	0.0073	0.0073	0.0073	0.0073	0.0073	0.0073	0.0073	0.0073	0.0073	0.0073	0.0073	0.0073	0.0073	0.0073	0.0073	0.0073	0.0073	0.0073	0.0073	0.0073	0.0073	0.0073	0.0073	0.0073	0.0073	0.0073	0.0073	0.0073	0.0073	0.0073	0.0073	0.0073	0.0073	0.0073	0.0073	0.0073	0.0073	0.0073	0.0073	0.0073	0.0073	0.0073	0.0073	0.0073	0.0073	0.0073	0.0073	0.0073	0.0073	0.0073	0.0073	0.0073	0.0073	0.0073	0.0107	0.0107	0.0107	0.0107	0.0107	0.0107	0.0107	0.0107	0.0107	0.0107	0.0107	0.0107	0.0107	0.0107	0.0107	0.0107	0.0107	0.0107	0.0107	0.0107	0.0107	0.0107	0.0107	0.0107	0.0107	0.0107	0.0107	0.0107	0.0107	0.0107	0.0107	0.0107	0.0107	0.0107	0.0107	0.0107	0.0107	0.0107	0.0107	0.0107	0.0107	0.0107	0.0107	0.0107	0.0107	0.0116	0.0116	0.0116	0.0116	0.0116	0.0116	0.0116	0.0116	0.0116	0.0116	0.0116	0.0116	0.0116	0.0116	0.0116	0.0116	0.0116	0.0116	0.0116	0.0116	0.0116	0.0116	0.0116	0.0116	0.0116	0.0116	0.0116	0.0116	0.0116	0.0116	0.0116	0.0116	0.0116	0.0116	0.0116	0.0116	0.0116	0.0116	0.0116	0.0116	0.0116	0.0116	0.0116	0.0116	0.0116	0.0116	0.0116	0.0116	0.0116	0.0116	0.0116	0.0116	0.0116	0.0116	0.0116	0.0116	0.0116	0.0116	0.0116	0.0116	0.0116	0.0116	0.0116	0.0116	0.0116	0.0116	0.0116	0.0116	0.0116	0.0116	0.0116	0.0116	0.0116	0.0116	0.0116	0.0116	0.0116	0.0116	0.0116	0.0116	0.0116	0.0116	0.0116	0.0116	0.0116	0.0116	0.0116	0.0116	0.0116	0.0116	0.0116	0.0116	0.0116	0.0116	0.0116	0.0116	0.0116	0.0116	0.0116	0.0116	0.0116	0.0116	0.0116	0.0116	0.0116	0.0116	0.0116	0.0116	0.0116	0.0116	0.0116	0.0116	0.0116	0.0116	0.0116	0.0116	0.0116	0.0116	0.0116	0.0116	0.0116	0.0116	0.0116	0.0116	0.0116	0.0116	0.0116	0.0116	0.0116	0.0116	0.0116	0.0116	0.0116	0.0116	0.0116	0.0116	0.0116	0.0116	0.0116	0.0116	0.0116	0.0116	0.0116	0.0116	0.0865	0.0865	0.0865	0.0865
34	0.0028	0.0028	0.0028	0.0028	0.0028	0.0028	0.0028	0.0028	0.0028	0.0028	0.0028	0.0028	0.0028	0.0028	0.0028	0.0028	0.0028	0.0028	0.0653	0.0028	0.0028	0.0028	0.0028	0.0028	0.0028	0.0028	0.0028	0.0028	0.0028	0.0028	0.0028	0.0028	0.0028	0.0028	0.0028	0.0028	0.0028	0.0028	0.0028	0.0028	0.0028	0.0028	0.0028	0.0028	0.0028	0.0028	0.0028	0.0028	0.0028	0.0028	0.0028	0.0028	0.0028	0.0028	0.0028	0.0028	0.0028	0.0028	0.0028	0.0028	0.0028	0.0028	0.0028	0.0028	0.0028	0.0028	0.0028	0.0028	0.0028	0.0028	0.0028	0.0028	0.0028	0.0028	0.0028	0.0028	0.0028	0.0028	0.0028	0.0028	0.0028	0.0028	0.0028	0.0028	0.0028	0.0028	0.0028	0.0028	0.0028	0.0028	0.0028	0.0028	0.0028	0.0028	0.0028	0.0028	0.0028	0.0028	0.0028	0.0028	0.0028	0.0028	0.0028	0.0028	0.0028	0.0028	0.0028	0.0062	0.0062	0.0062	0.0062	0.0062	0.0062	0.0062	0.0062	0.0062	0.0062	0.0062	0.0062	0.0062	0.0062	0.0062	0.0062	0.0062	0.0062	0.0062	0.0062	0.0062	0.0062	0.0062	0.0062	0.0062	0.0062	0.0062	0.0062	0.0062	0.0062	0.0062	0.0062	0.0062	0.0062	0.0062	0.0062	0.0062	0.0062	0.0062	0.0062	0.0062	0.0062	0.0062	0.0062	0.0062	0.0246	0.0246	0.0246	0.0246	0.0246	0.0246	0.0246	0.0246	0.0246	0.0246	0.0246	0.0246	0.0246	0.0246	0.0246	0.0246	0.0246	0.0246	0.0246	0.0246	0.0246	0.0246	0.0246	0.0246	0.0246	0.0246	0.0246	0.0246	0.0246	0.0246	0.0246	0.0246	0.0246	0.0246	0.0246	0.0246	0.0246	0.0246	0.0246	0.0246	0.0246	0.0246	0.0246	0.0246	0.0246	0.0246	0.0246	0.0246	0.0246	0.0246	0.0246	0.0246	0.0246	0.0246	0.0246	0.0246	0.0246	0.0246	0.0246	0.0246	0.0246	0.0246	0.0246	0.0246	0.0246	0.0246	0.0246	0.0246	0.0246	0.0246	0.0246	0.0246	0.0246	0.0246	0.0246	0.0246	0.0246	0.0246	0.0246	0.0246	0.0246	0.0246	0.0246	0.0246	0.0246	0.0246	0.0246	0.0246	0.0246	0.0246	0.0246	0.0246	0.0246	0.0246	0.0246	0.0246	0.0246	0.0246	0.0246	0.0246	0.0246	0.0246	0.0246	0.0246	0.0246	0.0246	0.0246	0.0246	0.0246	0.0246	0.0246	0.0246	0.0246	0.0246	0.0246	0.0246	0.0246	0.0246	0.0246	0.0246	0.0246	0.0246	0.0246	0.0246	0.0246	0.0246	0.0246	0.0246	0.0246	0.0246	0.0246	0.0246	0.0246	0.0246	0.0246	0.0246	0.0246	0.0246	0.0246	0.0246	0.0246	0.0246	0.0246	0.0246	0.1011	0.1011	0.1011	0.1011
35	0.005	0.005	0.005	0.005	0.005	0.005	0.005	0.005	0.005	0.005	0.005	0.005	0.005	0.005	0.005	0.005	0.005	0.005	0.0618	0.005	0.005	0.005	0.005	0.005	0.005	0.005	0.005	0.005	0.005	0.005	0.005	0.005	0.005	0.005	0.005	0.005	0.005	0.005	0.005	0.005	0.005	0.005	0.005	0.005	0.005	0.005	0.005	0.005	0.005	0.005	0.005	0.005	0.005	0.005	0.005	0.005	0.005	0.005	0.005	0.005	0.005	0.005	0.005	0.005	0.005	0.005	0.005	0.005	0.005	0.005	0.005	0.005	0.005	0.005	0.005	0.005	0.005	0.005	0.005	0.005	0.005	0.005	0.005	0.005	0.005	0.005	0.005	0.005	0.005	0.005	0.005	0.005	0.005	0.005	0.005	0.005	0.005	0.005	0.005	0.005	0.005	0.005	0.005	0.005	0.005	0.005	0.005	0.0324	0.0324	0.0324	0.0324	0.0324	0.0324	0.0324	0.0324	0.0324	0.0324	0.0324	0.0324	0.0324	0.0324	0.0324	0.0324	0.0324	0.0324	0.0324	0.0324	0.0324	0.0324	0.0324	0.0324	0.0324	0.0324	0.0324	0.0324	0.0324	0.0324	0.0324	0.0324	0.0324	0.0324	0.0324	0.0324	0.0324	0.0324	0.0324	0.0324	0.0324	0.0324	0.0324	0.0324	0.0324	0.0028	0.0028	0.0028	0.0028	0.0028	0.0028	0.0028	0.0028	0.0028	0.0028	0.0028	0.0028	0.0028	0.0028	0.0028	0.0028	0.0028	0.0028	0.0028	0.0028	0.0028	0.0028	0.0028	0.0028	0.0028	0.0028	0.0028	0.0028	0.0028	0.0028	0.0028	0.0028	0.0028	0.0028	0.0028	0.0028	0.0028	0.0028	0.0028	0.0028	0.0028	0.0028	0.0028	0.0028	0.0028	0.0028	0.0028	0.0028	0.0028	0.0028	0.0028	0.0028	0.0028	0.0028	0.0028	0.0028	0.0028	0.0028	0.0028	0.0028	0.0028	0.0028	0.0028	0.0028	0.0028	0.0028	0.0028	0.0028	0.0028	0.0028	0.0028	0.0028	0.0028	0.0028	0.0028	0.0028	0.0028	0.0028	0.0028	0.0028	0.0028	0.0028	0.0028	0.0028	0.0028	0.0028	0.0028	0.0028	0.0028	0.0028	0.0028	0.0028	0.0028	0.0028	0.0028	0.0028	0.0028	0.0028	0.0028	0.0028	0.0028	0.0028	0.0028	0.0028	0.0028	0.0028	0.0028	0.0028	0.0028	0.0028	0.0028	0.0028	0.0028	0.0028	0.0028	0.0028	0.0028	0.0028	0.0028	0.0028	0.0028	0.0028	0.0028	0.0028	0.0028	0.0028	0.0028	0.0028	0.0028	0.0028	0.0028	0.0028	0.0028	0.0028	0.0028	0.0028	0.0028	0.0028	0.0028	0.0028	0.0028	0.0028	0.0028	0.0028	0.4331	0.4331	0.4331	0.4331
36	0.0031	0.0031	0.0031	0.0031	0.0031	0.0031	0.0031	0.0031	0.0031	0.0031	0.0031	0.0031	0.0031	0.0031	0.0031	0.0031	0.0031	0.0031	0.1193	0.0031	0.0031	0.0031	0.0031	0.0031	0.0031	0.0031	0.0031	0.0031	0.0031	0.0031	0.0031	0.0031	0.0031	0.0031	0.0031	0.0031	0.0031	0.0031	0.0031	0.0031	0.0031	0.0031	0.0031	0.0031	0.0031	0.0031	0.0031	0.0031	0.0031	0.0031	0.0031	0.0031	0.0031	0.0031	0.0031	0.0031	0.0031	0.0031	0.0031	0.0031	0.0031	0.0031	0.0031	0.0031	0.0031	0.0031	0.0031	0.0031	0.0031	0.0031	0.0031	0.0031	0.0031	0.0031	0.0031	0.0031	0.0031	0.0031	0.0031	0.0031	0.0031	0.0031	0.0031	0.0031	0.0031	0.0031	0.0031	0.0031	0.0031	0.0031	0.0031	0.0031	0.0031	0.0031	0.0031	0.0031	0.0031	0.0031	0.0031	0.0031	0.0031	0.0031	0.0031	0.0031	0.0031	0.0031	0.0031	0.0656	0.0656	0.0656	0.0656	0.0656	0.0656	0.0656	0.0656	0.0656	0.0656	0.0656	0.0656	0.0656	0.0656	0.0656	0.0656	0.0656	0.0656	0.0656	0.0656	0.0656	0.0656	0.0656	0.0656	0.0656	0.0656	0.0656	0.0656	0.0656	0.0656	0.0656	0.0656	0.0656	0.0656	0.0656	0.0656	0.0656	0.0656	0.0656	0.0656	0.0656	0.0656	0.0656	0.0656	0.0656	0.0219	0.0219	0.0219	0.0219	0.0219	0.0219	0.0219	0.0219	0.0219	0.0219	0.0219	0.0219	0.0219	0.0219	0.0219	0.0219	0.0219	0.0219	0.0219	0.0219	0.0219	0.0219	0.0219	0.0219	0.0219	0.0219	0.0219	0.0219	0.0219	0.0219	0.0219	0.0219	0.0219	0.0219	0.0219	0.0219	0.0219	0.0219	0.0219	0.0219	0.0219	0.0219	0.0219	0.0219	0.0219	0.0219	0.0219	0.0219	0.0219	0.0219	0.0219	0.0219	0.0219	0.0219	0.0219	0.0219	0.0219	0.0219	0.0219	0.0219	0.0219	0.0219	0.0219	0.0219	0.0219	0.0219	0.0219	0.0219	0.0219	0.0219	0.0219	0.0219	0.0219	0.0219	0.0219	0.0219	0.0219	0.0219	0.0219	0.0219	0.0219	0.0219	0.0219	0.0219	0.0219	0.0219	0.0219	0.0219	0.0219	0.0219	0.0219	0.0219	0.0219	0.0219	0.0219	0.0219	0.0219	0.0219	0.0219	0.0219	0.0219	0.0219	0.0219	0.0219	0.0219	0.0219	0.0219	0.0219	0.0219	0.0219	0.0219	0.0219	0.0219	0.0219	0.0219	0.0219	0.0219	0.0219	0.0219	0.0219	0.0219	0.0219	0.0219	0.0219	0.0219	0.0219	0.0219	0.0219	0.0219	0.0219	0.0219	0.0219	0.0219	0.0219	0.0219	0.0219	0.0219	0.0219	0.0219	0.0219	0.0219	0.0219	0.0219	0.0219	0.0989	0.0989	0.0989	0.0989
37	0.0065	0.0065	0.0065	0.0065	0.0065	0.0065	0.0065	0.0065	0.0065	0.0065	0.0065	0.0065	0.0065	0.0065	0.0065	0.0065	0.0065	0.0065	0.154	0.0065	0.0065	0.0065	0.0065	0.0065	0.0065	0.0065	0.0065	0.0065	0.0065	0.0065	0.0065	0.0065	0.0065	0.0065	0.0065	0.0065	0.0065	0.0065	0.0065	0.0065	0.0065	0.0065	0.0065	0.0065	0.0065	0.0065	0.0065	0.0065	0.0065	0.0065	0.0065	0.0065	0.0065	0.0065	0.0065	0.0065	0.0065	0.0065	0.0065	0.0065	0.0065	0.0065	0.0065	0.0065	0.0065	0.0065	0.0065	0.0065	0.0065	0.0065	0.0065	0.0065	0.0065	0.0065	0.0065	0.0065	0.0065	0.0065	0.0065	0.0065	0.0065	0.0065	0.0065	0.0065	0.0065	0.0065	0.0065	0.0065	0.0065	0.0065	0.0065	0.0065	0.0065	0.0065	0.0065	0.0065	0.0065	0.0065	0.0065	0.0065	0.0065	0.0065	0.0065	0.0065	0.0065	0.0065	0.0065	0.0112	0.0112	0.0112	0.0112	0.0112	0.0112	0.0112	0.0112	0.0112	0.0112	0.0112	0.0112	0.0112	0.0112	0.0112	0.0112	0.0112	0.0112	0.0112	0.0112	0.0112	0.0112	0.0112	0.0112	0.0112	0.0112	0.0112	0.0112	0.0112	0.0112	0.0112	0.0112	0.0112	0.0112	0.0112	0.0112	0.0112	0.0112	0.0112	0.0112	0.0112	0.0112	0.0112	0.0112	0.0112	0.0213	0.0213	0.0213	0.0213	0.0213	0.0213	0.0213	0.0213	0.0213	0.0213	0.0213	0.0213	0.0213	0.0213	0.0213	0.0213	0.0213	0.0213	0.0213	0.0213	0.0213	0.0213	0.0213	0.0213	0.0213	0.0213	0.0213	0.0213	0.0213	0.0213	0.0213	0.0213	0.0213	0.0213	0.0213	0.0213	0.0213	0.0213	0.0213	0.0213	0.0213	0.0213	0.0213	0.0213	0.0213	0.0213	0.0213	0.0213	0.0213	0.0213	0.0213	0.0213	0.0213	0.0213	0.0213	0.0213	0.0213	0.0213	0.0213	0.0213	0.0213	0.0213	0.0213	0.0213	0.0213	0.0213	0.0213	0.0213	0.0213	0.0213	0.0213	0.0213	0.0213	0.0213	0.0213	0.0213	0.0213	0.0213	0.0213	0.0213	0.0213	0.0213	0.0213	0.0213	0.0213	0.0213	0.0213	0.0213	0.0213	0.0213	0.0213	0.0213	0.0213	0.0213	0.0213	0.0213	0.0213	0.0213	0.0213	0.0213	0.0213	0.0213	0.0213	0.0213	0.0213	0.0213	0.0213	0.0213	0.0213	0.0213	0.0213	0.0213	0.0213	0.0213	0.0213	0.0213	0.0213	0.0213	0.0213	0.0213	0.0213	0.0213	0.0213	0.0213	0.0213	0.0213	0.0213	0.0213	0.0213	0.0213	0.0213	0.0213	0.0213	0.0213	0.0213	0.0213	0.0213	0.0213	0.0213	0.0213	0.0213	0.0213	0.0213	0.0213	0.0631	0.0631	0.0631	0.0631
38	0.0176	0.0176	0.0176	0.0176	0.0176	0.0176	0.0176	0.0176	0.0176	0.0176	0.0176	0.0176	0.0176	0.0176	0.0176	0.0176	0.0176	0.0176	0.0753	0.0176	0.0176	0.0176	0.0176	0.0176	0.0176	0.0176	0.0176	0.0176	0.0176	0.0176	0.0176	0.0176	0.0176	0.0176	0.0176	0.0176	0.0176	0.0176	0.0176	0.0176	0.0176	0.0176	0.0176	0.0176	0.0176	0.0176	0.0176	0.0176	0.0176	0.0176	0.0176	0.0176	0.0176	0.0176	0.0176	0.0176	0.0176	0.0176	0.0176	0.0176	0.0176	0.0176	0.0176	0.0176	0.0176	0.0176	0.0176	0.0176	0.0176	0.0176	0.0176	0.0176	0.0176	0.0176	0.0176	0.0176	0.0176	0.0176	0.0176	0.0176	0.0176	0.0176	0.0176	0.0176	0.0176	0.0176	0.0176	0.0176	0.0176	0.0176	0.0176	0.0176	0.0176	0.0176	0.0176	0.0176	0.0176	0.0176	0.0176	0.0176	0.0176	0.0176	0.0176	0.0176	0.0176	0.0176	0.0176	0.0078	0.0078	0.0078	0.0078	0.0078	0.0078	0.0078	0.0078	0.0078	0.0078	0.0078	0.0078	0.0078	0.0078	0.0078	0.0078	0.0078	0.0078	0.0078	0.0078	0.0078	0.0078	0.0078	0.0078	0.0078	0.0078	0.0078	0.0078	0.0078	0.0078	0.0078	0.0078	0.0078	0.0078	0.0078	0.0078	0.0078	0.0078	0.0078	0.0078	0.0078	0.0078	0.0078	0.0078	0.0078	0.0045	0.0045	0.0045	0.0045	0.0045	0.0045	0.0045	0.0045	0.0045	0.0045	0.0045	0.0045	0.0045	0.0045	0.0045	0.0045	0.0045	0.0045	0.0045	0.0045	0.0045	0.0045	0.0045	0.0045	0.0045	0.0045	0.0045	0.0045	0.0045	0.0045	0.0045	0.0045	0.0045	0.0045	0.0045	0.0045	0.0045	0.0045	0.0045	0.0045	0.0045	0.0045	0.0045	0.0045	0.0045	0.0045	0.0045	0.0045	0.0045	0.0045	0.0045	0.0045	0.0045	0.0045	0.0045	0.0045	0.0045	0.0045	0.0045	0.0045	0.0045	0.0045	0.0045	0.0045	0.0045	0.0045	0.0045	0.0045	0.0045	0.0045	0.0045	0.0045	0.0045	0.0045	0.0045	0.0045	0.0045	0.0045	0.0045	0.0045	0.0045	0.0045	0.0045	0.0045	0.0045	0.0045	0.0045	0.0045	0.0045	0.0045	0.0045	0.0045	0.0045	0.0045	0.0045	0.0045	0.0045	0.0045	0.0045	0.0045	0.0045	0.0045	0.0045	0.0045	0.0045	0.0045	0.0045	0.0045	0.0045	0.0045	0.0045	0.0045	0.0045	0.0045	0.0045	0.0045	0.0045	0.0045	0.0045	0.0045	0.0045	0.0045	0.0045	0.0045	0.0045	0.0045	0.0045	0.0045	0.0045	0.0045	0.0045	0.0045	0.0045	0.0045	0.0045	0.0045	0.0045	0.0045	0.0045	0.0045	0.0045	0.0045	0.0045	0.0045	0.0993	0.0993	0.0993	0.0993
39	0.052	0.052	0.052	0.052	0.052	0.052	0.052	0.052	0.052	0.052	0.052	0.052	0.052	0.052	0.052	0.052	0.052	0.052	0.1163	0.052	0.052	0.052	0.052	0.052	0.052	0.052	0.052	0.052	0.052	0.052	0.052	0.052	0.052	0.052	0.052	0.052	0.052	0.052	0.052	0.052	0.052	0.052	0.052	0.052	0.052	0.052	0.052	0.052	0.052	0.052	0.052	0.052	0.052	0.052	0.052	0.052	0.052	0.052	0.052	0.052	0.052	0.052	0.052	0.052	0.052	0.052	0.052	0.052	0.052	0.052	0.052	0.052	0.052	0.052	0.052	0.052	0.052	0.052	0.052	0.052	0.052	0.052	0.052	0.052	0.052	0.052	0.052	0.052	0.052	0.052	0.052	0.052	0.052	0.052	0.052	0.052	0.052	0.052	0.052	0.052	0.052	0.052	0.052	0.052	0.052	0.052	0.052	0.0065	0.0065	0.0065	0.0065	0.0065	0.0065	0.0065	0.0065	0.0065	0.0065	0.0065	0.0065	0.0065	0.0065	0.0065	0.0065	0.0065	0.0065	0.0065	0.0065	0.0065	0.0065	0.0065	0.0065	0.0065	0.0065	0.0065	0.0065	0.0065	0.0065	0.0065	0.0065	0.0065	0.0065	0.0065	0.0065	0.0065	0.0065	0.0065	0.0065	0.0065	0.0065	0.0065	0.0065	0.0065	0.0087	0.0087	0.0087	0.0087	0.0087	0.0087	0.0087	0.0087	0.0087	0.0087	0.0087	0.0087	0.0087	0.0087	0.0087	0.0087	0.0087	0.0087	0.0087	0.0087	0.0087	0.0087	0.0087	0.0087	0.0087	0.0087	0.0087	0.0087	0.0087	0.0087	0.0087	0.0087	0.0087	0.0087	0.0087	0.0087	0.0087	0.0087	0.0087	0.0087	0.0087	0.0087	0.0087	0.0087	0.0087	0.0087	0.0087	0.0087	0.0087	0.0087	0.0087	0.0087	0.0087	0.0087	0.0087	0.0087	0.0087	0.0087	0.0087	0.0087	0.0087	0.0087	0.0087	0.0087	0.0087	0.0087	0.0087	0.0087	0.0087	0.0087	0.0087	0.0087	0.0087	0.0087	0.0087	0.0087	0.0087	0.0087	0.0087	0.0087	0.0087	0.0087	0.0087	0.0087	0.0087	0.0087	0.0087	0.0087	0.0087	0.0087	0.0087	0.0087	0.0087	0.0087	0.0087	0.0087	0.0087	0.0087	0.0087	0.0087	0.0087	0.0087	0.0087	0.0087	0.0087	0.0087	0.0087	0.0087	0.0087	0.0087	0.0087	0.0087	0.0087	0.0087	0.0087	0.0087	0.0087	0.0087	0.0087	0.0087	0.0087	0.0087	0.0087	0.0087	0.0087	0.0087	0.0087	0.0087	0.0087	0.0087	0.0087	0.0087	0.0087	0.0087	0.0087	0.0087	0.0087	0.0087	0.0087	0.0087	0.0087	0.0087	0.0087	0.0087	0.1031	0.1031	0.1031	0.1031
40	0.015	0.015	0.015	0.015	0.015	0.015	0.015	0.015	0.015	0.015	0.015	0.015	0.015	0.015	0.015	0.015	0.015	0.015	0.0794	0.015	0.015	0.015	0.015	0.015	0.015	0.015	0.015	0.015	0.015	0.015	0.015	0.015	0.015	0.015	0.015	0.015	0.015	0.015	0.015	0.015	0.015	0.015	0.015	0.015	0.015	0.015	0.015	0.015	0.015	0.015	0.015	0.015	0.015	0.015	0.015	0.015	0.015	0.015	0.015	0.015	0.015	0.015	0.015	0.015	0.015	0.015	0.015	0.015	0.015	0.015	0.015	0.015	0.015	0.015	0.015	0.015	0.015	0.015	0.015	0.015	0.015	0.015	0.015	0.015	0.015	0.015	0.015	0.015	0.015	0.015	0.015	0.015	0.015	0.015	0.015	0.015	0.015	0.015	0.015	0.015	0.015	0.015	0.015	0.015	0.015	0.015	0.015	0.0089	0.0089	0.0089	0.0089	0.0089	0.0089	0.0089	0.0089	0.0089	0.0089	0.0089	0.0089	0.0089	0.0089	0.0089	0.0089	0.0089	0.0089	0.0089	0.0089	0.0089	0.0089	0.0089	0.0089	0.0089	0.0089	0.0089	0.0089	0.0089	0.0089	0.0089	0.0089	0.0089	0.0089	0.0089	0.0089	0.0089	0.0089	0.0089	0.0089	0.0089	0.0089	0.0089	0.0089	0.0089	0.0212	0.0212	0.0212	0.0212	0.0212	0.0212	0.0212	0.0212	0.0212	0.0212	0.0212	0.0212	0.0212	0.0212	0.0212	0.0212	0.0212	0.0212	0.0212	0.0212	0.0212	0.0212	0.0212	0.0212	0.0212	0.0212	0.0212	0.0212	0.0212	0.0212	0.0212	0.0212	0.0212	0.0212	0.0212	0.0212	0.0212	0.0212	0.0212	0.0212	0.0212	0.0212	0.0212	0.0212	0.0212	0.0212	0.0212	0.0212	0.0212	0.0212	0.0212	0.0212	0.0212	0.0212	0.0212	0.0212	0.0212	0.0212	0.0212	0.0212	0.0212	0.0212	0.0212	0.0212	0.0212	0.0212	0.0212	0.0212	0.0212	0.0212	0.0212	0.0212	0.0212	0.0212	0.0212	0.0212	0.0212	0.0212	0.0212	0.0212	0.0212	0.0212	0.0212	0.0212	0.0212	0.0212	0.0212	0.0212	0.0212	0.0212	0.0212	0.0212	0.0212	0.0212	0.0212	0.0212	0.0212	0.0212	0.0212	0.0212	0.0212	0.0212	0.0212	0.0212	0.0212	0.0212	0.0212	0.0212	0.0212	0.0212	0.0212	0.0212	0.0212	0.0212	0.0212	0.0212	0.0212	0.0212	0.0212	0.0212	0.0212	0.0212	0.0212	0.0212	0.0212	0.0212	0.0212	0.0212	0.0212	0.0212	0.0212	0.0212	0.0212	0.0212	0.0212	0.0212	0.0212	0.0212	0.0212	0.0212	0.0212	0.0212	0.0212	0.0212	0.0768	0.0768	0.0768	0.0768
41	0.0044	0.0044	0.0044	0.0044	0.0044	0.0044	0.0044	0.0044	0.0044	0.0044	0.0044	0.0044	0.0044	0.0044	0.0044	0.0044	0.0044	0.0044	0.0872	0.0044	0.0044	0.0044	0.0044	0.0044	0.0044	0.0044	0.0044	0.0044	0.0044	0.0044	0.0044	0.0044	0.0044	0.0044	0.0044	0.0044	0.0044	0.0044	0.0044	0.0044	0.0044	0.0044	0.0044	0.0044	0.0044	0.0044	0.0044	0.0044	0.0044	0.0044	0.0044	0.0044	0.0044	0.0044	0.0044	0.0044	0.0044	0.0044	0.0044	0.0044	0.0044	0.0044	0.0044	0.0044	0.0044	0.0044	0.0044	0.0044	0.0044	0.0044	0.0044	0.0044	0.0044	0.0044	0.0044	0.0044	0.0044	0.0044	0.0044	0.0044	0.0044	0.0044	0.0044	0.0044	0.0044	0.0044	0.0044	0.0044	0.0044	0.0044	0.0044	0.0044	0.0044	0.0044	0.0044	0.0044	0.0044	0.0044	0.0044	0.0044	0.0044	0.0044	0.0044	0.0044	0.0044	0.0044	0.0044	0.0075	0.0075	0.0075	0.0075	0.0075	0.0075	0.0075	0.0075	0.0075	0.0075	0.0075	0.0075	0.0075	0.0075	0.0075	0.0075	0.0075	0.0075	0.0075	0.0075	0.0075	0.0075	0.0075	0.0075	0.0075	0.0075	0.0075	0.0075	0.0075	0.0075	0.0075	0.0075	0.0075	0.0075	0.0075	0.0075	0.0075	0.0075	0.0075	0.0075	0.0075	0.0075	0.0075	0.0075	0.0075	0.0428	0.0428	0.0428	0.0428	0.0428	0.0428	0.0428	0.0428	0.0428	0.0428	0.0428	0.0428	0.0428	0.0428	0.0428	0.0428	0.0428	0.0428	0.0428	0.0428	0.0428	0.0428	0.0428	0.0428	0.0428	0.0428	0.0428	0.0428	0.0428	0.0428	0.0428	0.0428	0.0428	0.0428	0.0428	0.0428	0.0428	0.0428	0.0428	0.0428	0.0428	0.0428	0.0428	0.0428	0.0428	0.0428	0.0428	0.0428	0.0428	0.0428	0.0428	0.0428	0.0428	0.0428	0.0428	0.0428	0.0428	0.0428	0.0428	0.0428	0.0428	0.0428	0.0428	0.0428	0.0428	0.0428	0.0428	0.0428	0.0428	0.0428	0.0428	0.0428	0.0428	0.0428	0.0428	0.0428	0.0428	0.0428	0.0428	0.0428	0.0428	0.0428	0.0428	0.0428	0.0428	0.0428	0.0428	0.0428	0.0428	0.0428	0.0428	0.0428	0.0428	0.0428	0.0428	0.0428	0.0428	0.0428	0.0428	0.0428	0.0428	0.0428	0.0428	0.0428	0.0428	0.0428	0.0428	0.0428	0.0428	0.0428	0.0428	0.0428	0.0428	0.0428	0.0428	0.0428	0.0428	0.0428	0.0428	0.0428	0.0428	0.0428	0.0428	0.0428	0.0428	0.0428	0.0428	0.0428	0.0428	0.0428	0.0428	0.0428	0.0428	0.0428	0.0428	0.0428	0.0428	0.0428	0.0428	0.0428	0.0428	0.0428	0.0428	0.0428	0.1431	0.1431	0.1431	0.1431
42	0.0061	0.0061	0.0061	0.0061	0.0061	0.0061	0.0061	0.0061	0.0061	0.0061	0.0061	0.0061	0.0061	0.0061	0.0061	0.0061	0.0061	0.0061	0.1562	0.0061	0.0061	0.0061	0.0061	0.0061	0.0061	0.0061	0.0061	0.0061	0.0061	0.0061	0.0061	0.0061	0.0061	0.0061	0.0061	0.0061	0.0061	0.0061	0.0061	0.0061	0.0061	0.0061	0.0061	0.0061	0.0061	0.0061	0.0061	0.0061	0.0061	0.0061	0.0061	0.0061	0.0061	0.0061	0.0061	0.0061	0.0061	0.0061	0.0061	0.0061	0.0061	0.0061	0.0061	0.0061	0.0061	0.0061	0.0061	0.0061	0.0061	0.0061	0.0061	0.0061	0.0061	0.0061	0.0061	0.0061	0.0061	0.0061	0.0061	0.0061	0.0061	0.0061	0.0061	0.0061	0.0061	0.0061	0.0061	0.0061	0.0061	0.0061	0.0061	0.0061	0.0061	0.0061	0.0061	0.0061	0.0061	0.0061	0.0061	0.0061	0.0061	0.0061	0.0061	0.0061	0.0061	0.0061	0.0061	0.0071	0.0071	0.0071	0.0071	0.0071	0.0071	0.0071	0.0071	0.0071	0.0071	0.0071	0.0071	0.0071	0.0071	0.0071	0.0071	0.0071	0.0071	0.0071	0.0071	0.0071	0.0071	0.0071	0.0071	0.0071	0.0071	0.0071	0.0071	0.0071	0.0071	0.0071	0.0071	0.0071	0.0071	0.0071	0.0071	0.0071	0.0071	0.0071	0.0071	0.0071	0.0071	0.0071	0.0071	0.0071	0.0322	0.0322	0.0322	0.0322	0.0322	0.0322	0.0322	0.0322	0.0322	0.0322	0.0322	0.0322	0.0322	0.0322	0.0322	0.0322	0.0322	0.0322	0.0322	0.0322	0.0322	0.0322	0.0322	0.0322	0.0322	0.0322	0.0322	0.0322	0.0322	0.0322	0.0322	0.0322	0.0322	0.0322	0.0322	0.0322	0.0322	0.0322	0.0322	0.0322	0.0322	0.0322	0.0322	0.0322	0.0322	0.0322	0.0322	0.0322	0.0322	0.0322	0.0322	0.0322	0.0322	0.0322	0.0322	0.0322	0.0322	0.0322	0.0322	0.0322	0.0322	0.0322	0.0322	0.0322	0.0322	0.0322	0.0322	0.0322	0.0322	0.0322	0.0322	0.0322	0.0322	0.0322	0.0322	0.0322	0.0322	0.0322	0.0322	0.0322	0.0322	0.0322	0.0322	0.0322	0.0322	0.0322	0.0322	0.0322	0.0322	0.0322	0.0322	0.0322	0.0322	0.0322	0.0322	0.0322	0.0322	0.0322	0.0322	0.0322	0.0322	0.0322	0.0322	0.0322	0.0322	0.0322	0.0322	0.0322	0.0322	0.0322	0.0322	0.0322	0.0322	0.0322	0.0322	0.0322	0.0322	0.0322	0.0322	0.0322	0.0322	0.0322	0.0322	0.0322	0.0322	0.0322	0.0322	0.0322	0.0322	0.0322	0.0322	0.0322	0.0322	0.0322	0.0322	0.0322	0.0322	0.0322	0.0322	0.0322	0.0322	0.0322	0.0322	0.0322	0.0373	0.0373	0.0373	0.0373
43	0.0109	0.0109	0.0109	0.0109	0.0109	0.0109	0.0109	0.0109	0.0109	0.0109	0.0109	0.0109	0.0109	0.0109	0.0109	0.0109	0.0109	0.0109	0.1348	0.0109	0.0109	0.0109	0.0109	0.0109	0.0109	0.0109	0.0109	0.0109	0.0109	0.0109	0.0109	0.0109	0.0109	0.0109	0.0109	0.0109	0.0109	0.0109	0.0109	0.0109	0.0109	0.0109	0.0109	0.0109	0.0109	0.0109	0.0109	0.0109	0.0109	0.0109	0.0109	0.0109	0.0109	0.0109	0.0109	0.0109	0.0109	0.0109	0.0109	0.0109	0.0109	0.0109	0.0109	0.0109	0.0109	0.0109	0.0109	0.0109	0.0109	0.0109	0.0109	0.0109	0.0109	0.0109	0.0109	0.0109	0.0109	0.0109	0.0109	0.0109	0.0109	0.0109	0.0109	0.0109	0.0109	0.0109	0.0109	0.0109	0.0109	0.0109	0.0109	0.0109	0.0109	0.0109	0.0109	0.0109	0.0109	0.0109	0.0109	0.0109	0.0109	0.0109	0.0109	0.0109	0.0109	0.0109	0.0109	0.0387	0.0387	0.0387	0.0387	0.0387	0.0387	0.0387	0.0387	0.0387	0.0387	0.0387	0.0387	0.0387	0.0387	0.0387	0.0387	0.0387	0.0387	0.0387	0.0387	0.0387	0.0387	0.0387	0.0387	0.0387	0.0387	0.0387	0.0387	0.0387	0.0387	0.0387	0.0387	0.0387	0.0387	0.0387	0.0387	0.0387	0.0387	0.0387	0.0387	0.0387	0.0387	0.0387	0.0387	0.0387	0.0117	0.0117	0.0117	0.0117	0.0117	0.0117	0.0117	0.0117	0.0117	0.0117	0.0117	0.0117	0.0117	0.0117	0.0117	0.0117	0.0117	0.0117	0.0117	0.0117	0.0117	0.0117	0.0117	0.0117	0.0117	0.0117	0.0117	0.0117	0.0117	0.0117	0.0117	0.0117	0.0117	0.0117	0.0117	0.0117	0.0117	0.0117	0.0117	0.0117	0.0117	0.0117	0.0117	0.0117	0.0117	0.0117	0.0117	0.0117	0.0117	0.0117	0.0117	0.0117	0.0117	0.0117	0.0117	0.0117	0.0117	0.0117	0.0117	0.0117	0.0117	0.0117	0.0117	0.0117	0.0117	0.0117	0.0117	0.0117	0.0117	0.0117	0.0117	0.0117	0.0117	0.0117	0.0117	0.0117	0.0117	0.0117	0.0117	0.0117	0.0117	0.0117	0.0117	0.0117	0.0117	0.0117	0.0117	0.0117	0.0117	0.0117	0.0117	0.0117	0.0117	0.0117	0.0117	0.0117	0.0117	0.0117	0.0117	0.0117	0.0117	0.0117	0.0117	0.0117	0.0117	0.0117	0.0117	0.0117	0.0117	0.0117	0.0117	0.0117	0.0117	0.0117	0.0117	0.0117	0.0117	0.0117	0.0117	0.0117	0.0117	0.0117	0.0117	0.0117	0.0117	0.0117	0.0117	0.0117	0.0117	0.0117	0.0117	0.0117	0.0117	0.0117	0.0117	0.0117	0.0117	0.0117	0.0117	0.0117	0.0117	0.0117	0.0117	0.0117	0.3592	0.3592	0.3592	0.3592
44	0.0029	0.0029	0.0029	0.0029	0.0029	0.0029	0.0029	0.0029	0.0029	0.0029	0.0029	0.0029	0.0029	0.0029	0.0029	0.0029	0.0029	0.0029	0.0853	0.0029	0.0029	0.0029	0.0029	0.0029	0.0029	0.0029	0.0029	0.0029	0.0029	0.0029	0.0029	0.0029	0.0029	0.0029	0.0029	0.0029	0.0029	0.0029	0.0029	0.0029	0.0029	0.0029	0.0029	0.0029	0.0029	0.0029	0.0029	0.0029	0.0029	0.0029	0.0029	0.0029	0.0029	0.0029	0.0029	0.0029	0.0029	0.0029	0.0029	0.0029	0.0029	0.0029	0.0029	0.0029	0.0029	0.0029	0.0029	0.0029	0.0029	0.0029	0.0029	0.0029	0.0029	0.0029	0.0029	0.0029	0.0029	0.0029	0.0029	0.0029	0.0029	0.0029	0.0029	0.0029	0.0029	0.0029	0.0029	0.0029	0.0029	0.0029	0.0029	0.0029	0.0029	0.0029	0.0029	0.0029	0.0029	0.0029	0.0029	0.0029	0.0029	0.0029	0.0029	0.0029	0.0029	0.0029	0.0029	0.0363	0.0363	0.0363	0.0363	0.0363	0.0363	0.0363	0.0363	0.0363	0.0363	0.0363	0.0363	0.0363	0.0363	0.0363	0.0363	0.0363	0.0363	0.0363	0.0363	0.0363	0.0363	0.0363	0.0363	0.0363	0.0363	0.0363	0.0363	0.0363	0.0363	0.0363	0.0363	0.0363	0.0363	0.0363	0.0363	0.0363	0.0363	0.0363	0.0363	0.0363	0.0363	0.0363	0.0363	0.0363	0.0025	0.0025	0.0025	0.0025	0.0025	0.0025	0.0025	0.0025	0.0025	0.0025	0.0025	0.0025	0.0025	0.0025	0.0025	0.0025	0.0025	0.0025	0.0025	0.0025	0.0025	0.0025	0.0025	0.0025	0.0025	0.0025	0.0025	0.0025	0.0025	0.0025	0.0025	0.0025	0.0025	0.0025	0.0025	0.0025	0.0025	0.0025	0.0025	0.0025	0.0025	0.0025	0.0025	0.0025	0.0025	0.0025	0.0025	0.0025	0.0025	0.0025	0.0025	0.0025	0.0025	0.0025	0.0025	0.0025	0.0025	0.0025	0.0025	0.0025	0.0025	0.0025	0.0025	0.0025	0.0025	0.0025	0.0025	0.0025	0.0025	0.0025	0.0025	0.0025	0.0025	0.0025	0.0025	0.0025	0.0025	0.0025	0.0025	0.0025	0.0025	0.0025	0.0025	0.0025	0.0025	0.0025	0.0025	0.0025	0.0025	0.0025	0.0025	0.0025	0.0025	0.0025	0.0025	0.0025	0.0025	0.0025	0.0025	0.0025	0.0025	0.0025	0.0025	0.0025	0.0025	0.0025	0.0025	0.0025	0.0025	0.0025	0.0025	0.0025	0.0025	0.0025	0.0025	0.0025	0.0025	0.0025	0.0025	0.0025	0.0025	0.0025	0.0025	0.0025	0.0025	0.0025	0.0025	0.0025	0.0025	0.0025	0.0025	0.0025	0.0025	0.0025	0.0025	0.0025	0.0025	0.0025	0.0025	0.0025	0.0025	0.0025	0.0025	0.0025	0.1089	0.1089	0.1089	0.1089
45	0.0184	0.0184	0.0184	0.0184	0.0184	0.0184	0.0184	0.0184	0.0184	0.0184	0.0184	0.0184	0.0184	0.0184	0.0184	0.0184	0.0184	0.0184	0.1344	0.0184	0.0184	0.0184	0.0184	0.0184	0.0184	0.0184	0.0184	0.0184	0.0184	0.0184	0.0184	0.0184	0.0184	0.0184	0.0184	0.0184	0.0184	0.0184	0.0184	0.0184	0.0184	0.0184	0.0184	0.0184	0.0184	0.0184	0.0184	0.0184	0.0184	0.0184	0.0184	0.0184	0.0184	0.0184	0.0184	0.0184	0.0184	0.0184	0.0184	0.0184	0.0184	0.0184	0.0184	0.0184	0.0184	0.0184	0.0184	0.0184	0.0184	0.0184	0.0184	0.0184	0.0184	0.0184	0.0184	0.0184	0.0184	0.0184	0.0184	0.0184	0.0184	0.0184	0.0184	0.0184	0.0184	0.0184	0.0184	0.0184	0.0184	0.0184	0.0184	0.0184	0.0184	0.0184	0.0184	0.0184	0.0184	0.0184	0.0184	0.0184	0.0184	0.0184	0.0184	0.0184	0.0184	0.0184	0.0184	0.0082	0.0082	0.0082	0.0082	0.0082	0.0082	0.0082	0.0082	0.0082	0.0082	0.0082	0.0082	0.0082	0.0082	0.0082	0.0082	0.0082	0.0082	0.0082	0.0082	0.0082	0.0082	0.0082	0.0082	0.0082	0.0082	0.0082	0.0082	0.0082	0.0082	0.0082	0.0082	0.0082	0.0082	0.0082	0.0082	0.0082	0.0082	0.0082	0.0082	0.0082	0.0082	0.0082	0.0082	0.0082	0.0098	0.0098	0.0098	0.0098	0.0098	0.0098	0.0098	0.0098	0.0098	0.0098	0.0098	0.0098	0.0098	0.0098	0.0098	0.0098	0.0098	0.0098	0.0098	0.0098	0.0098	0.0098	0.0098	0.0098	0.0098	0.0098	0.0098	0.0098	0.0098	0.0098	0.0098	0.0098	0.0098	0.0098	0.0098	0.0098	0.0098	0.0098	0.0098	0.0098	0.0098	0.0098	0.0098	0.0098	0.0098	0.0098	0.0098	0.0098	0.0098	0.0098	0.0098	0.0098	0.0098	0.0098	0.0098	0.0098	0.0098	0.0098	0.0098	0.0098	0.0098	0.0098	0.0098	0.0098	0.0098	0.0098	0.0098	0.0098	0.0098	0.0098	0.0098	0.0098	0.0098	0.0098	0.0098	0.0098	0.0098	0.0098	0.0098	0.0098	0.0098	0.0098	0.0098	0.0098	0.0098	0.0098	0.0098	0.0098	0.0098	0.0098	0.0098	0.0098	0.0098	0.0098	0.0098	0.0098	0.0098	0.0098	0.0098	0.0098	0.0098	0.0098	0.0098	0.0098	0.0098	0.0098	0.0098	0.0098	0.0098	0.0098	0.0098	0.0098	0.0098	0.0098	0.0098	0.0098	0.0098	0.0098	0.0098	0.0098	0.0098	0.0098	0.0098	0.0098	0.0098	0.0098	0.0098	0.0098	0.0098	0.0098	0.0098	0.0098	0.0098	0.0098	0.0098	0.0098	0.0098	0.0098	0.0098	0.0098	0.0098	0.0098	0.0098	0.0098	0.1157	0.1157	0.1157	0.1157
46	0.0217	0.0217	0.0217	0.0217	0.0217	0.0217	0.0217	0.0217	0.0217	0.0217	0.0217	0.0217	0.0217	0.0217	0.0217	0.0217	0.0217	0.0217	0.2141	0.0217	0.0217	0.0217	0.0217	0.0217	0.0217	0.0217	0.0217	0.0217	0.0217	0.0217	0.0217	0.0217	0.0217	0.0217	0.0217	0.0217	0.0217	0.0217	0.0217	0.0217	0.0217	0.0217	0.0217	0.0217	0.0217	0.0217	0.0217	0.0217	0.0217	0.0217	0.0217	0.0217	0.0217	0.0217	0.0217	0.0217	0.0217	0.0217	0.0217	0.0217	0.0217	0.0217	0.0217	0.0217	0.0217	0.0217	0.0217	0.0217	0.0217	0.0217	0.0217	0.0217	0.0217	0.0217	0.0217	0.0217	0.0217	0.0217	0.0217	0.0217	0.0217	0.0217	0.0217	0.0217	0.0217	0.0217	0.0217	0.0217	0.0217	0.0217	0.0217	0.0217	0.0217	0.0217	0.0217	0.0217	0.0217	0.0217	0.0217	0.0217	0.0217	0.0217	0.0217	0.0217	0.0217	0.0217	0.0217	0.0365	0.0365	0.0365	0.0365	0.0365	0.0365	0.0365	0.0365	0.0365	0.0365	0.0365	0.0365	0.0365	0.0365	0.0365	0.0365	0.0365	0.0365	0.0365	0.0365	0.0365	0.0365	0.0365	0.0365	0.0365	0.0365	0.0365	0.0365	0.0365	0.0365	0.0365	0.0365	0.0365	0.0365	0.0365	0.0365	0.0365	0.0365	0.0365	0.0365	0.0365	0.0365	0.0365	0.0365	0.0365	0.0065	0.0065	0.0065	0.0065	0.0065	0.0065	0.0065	0.0065	0.0065	0.0065	0.0065	0.0065	0.0065	0.0065	0.0065	0.0065	0.0065	0.0065	0.0065	0.0065	0.0065	0.0065	0.0065	0.0065	0.0065	0.0065	0.0065	0.0065	0.0065	0.0065	0.0065	0.0065	0.0065	0.0065	0.0065	0.0065	0.0065	0.0065	0.0065	0.0065	0.0065	0.0065	0.0065	0.0065	0.0065	0.0065	0.0065	0.0065	0.0065	0.0065	0.0065	0.0065	0.0065	0.0065	0.0065	0.0065	0.0065	0.0065	0.0065	0.0065	0.0065	0.0065	0.0065	0.0065	0.0065	0.0065	0.0065	0.0065	0.0065	0.0065	0.0065	0.0065	0.0065	0.0065	0.0065	0.0065	0.0065	0.0065	0.0065	0.0065	0.0065	0.0065	0.0065	0.0065	0.0065	0.0065	0.0065	0.0065	0.0065	0.0065	0.0065	0.0065	0.0065	0.0065	0.0065	0.0065	0.0065	0.0065	0.0065	0.0065	0.0065	0.0065	0.0065	0.0065	0.0065	0.0065	0.0065	0.0065	0.0065	0.0065	0.0065	0.0065	0.0065	0.0065	0.0065	0.0065	0.0065	0.0065	0.0065	0.0065	0.0065	0.0065	0.0065	0.0065	0.0065	0.0065	0.0065	0.0065	0.0065	0.0065	0.0065	0.0065	0.0065	0.0065	0.0065	0.0065	0.0065	0.0065	0.0065	0.0065	0.0065	0.0065	0.0065	0.0065	0.0884	0.0884	0.0884	0.0884
47	0.0047	0.0047	0.0047	0.0047	0.0047	0.0047	0.0047	0.0047	0.0047	0.0047	0.0047	0.0047	0.0047	0.0047	0.0047	0.0047	0.0047	0.0047	0.0584	0.0047	0.0047	0.0047	0.0047	0.0047	0.0047	0.0047	0.0047	0.0047	0.0047	0.0047	0.0047	0.0047	0.0047	0.0047	0.0047	0.0047	0.0047	0.0047	0.0047	0.0047	0.0047	0.0047	0.0047	0.0047	0.0047	0.0047	0.0047	0.0047	0.0047	0.0047	0.0047	0.0047	0.0047	0.0047	0.0047	0.0047	0.0047	0.0047	0.0047	0.0047	0.0047	0.0047	0.0047	0.0047	0.0047	0.0047	0.0047	0.0047	0.0047	0.0047	0.0047	0.0047	0.0047	0.0047	0.0047	0.0047	0.0047	0.0047	0.0047	0.0047	0.0047	0.0047	0.0047	0.0047	0.0047	0.0047	0.0047	0.0047	0.0047	0.0047	0.0047	0.0047	0.0047	0.0047	0.0047	0.0047	0.0047	0.0047	0.0047	0.0047	0.0047	0.0047	0.0047	0.0047	0.0047	0.0047	0.0047	0.0358	0.0358	0.0358	0.0358	0.0358	0.0358	0.0358	0.0358	0.0358	0.0358	0.0358	0.0358	0.0358	0.0358	0.0358	0.0358	0.0358	0.0358	0.0358	0.0358	0.0358	0.0358	0.0358	0.0358	0.0358	0.0358	0.0358	0.0358	0.0358	0.0358	0.0358	0.0358	0.0358	0.0358	0.0358	0.0358	0.0358	0.0358	0.0358	0.0358	0.0358	0.0358	0.0358	0.0358	0.0358	0.0066	0.0066	0.0066	0.0066	0.0066	0.0066	0.0066	0.0066	0.0066	0.0066	0.0066	0.0066	0.0066	0.0066	0.0066	0.0066	0.0066	0.0066	0.0066	0.0066	0.0066	0.0066	0.0066	0.0066	0.0066	0.0066	0.0066	0.0066	0.0066	0.0066	0.0066	0.0066	0.0066	0.0066	0.0066	0.0066	0.0066	0.0066	0.0066	0.0066	0.0066	0.0066	0.0066	0.0066	0.0066	0.0066	0.0066	0.0066	0.0066	0.0066	0.0066	0.0066	0.0066	0.0066	0.0066	0.0066	0.0066	0.0066	0.0066	0.0066	0.0066	0.0066	0.0066	0.0066	0.0066	0.0066	0.0066	0.0066	0.0066	0.0066	0.0066	0.0066	0.0066	0.0066	0.0066	0.0066	0.0066	0.0066	0.0066	0.0066	0.0066	0.0066	0.0066	0.0066	0.0066	0.0066	0.0066	0.0066	0.0066	0.0066	0.0066	0.0066	0.0066	0.0066	0.0066	0.0066	0.0066	0.0066	0.0066	0.0066	0.0066	0.0066	0.0066	0.0066	0.0066	0.0066	0.0066	0.0066	0.0066	0.0066	0.0066	0.0066	0.0066	0.0066	0.0066	0.0066	0.0066	0.0066	0.0066	0.0066	0.0066	0.0066	0.0066	0.0066	0.0066	0.0066	0.0066	0.0066	0.0066	0.0066	0.0066	0.0066	0.0066	0.0066	0.0066	0.0066	0.0066	0.0066	0.0066	0.0066	0.0066	0.0066	0.0066	0.0066	0.1237	0.1237	0.1237	0.1237
48	0.0034	0.0034	0.0034	0.0034	0.0034	0.0034	0.0034	0.0034	0.0034	0.0034	0.0034	0.0034	0.0034	0.0034	0.0034	0.0034	0.0034	0.0034	0.0593	0.0034	0.0034	0.0034	0.0034	0.0034	0.0034	0.0034	0.0034	0.0034	0.0034	0.0034	0.0034	0.0034	0.0034	0.0034	0.0034	0.0034	0.0034	0.0034	0.0034	0.0034	0.0034	0.0034	0.0034	0.0034	0.0034	0.0034	0.0034	0.0034	0.0034	0.0034	0.0034	0.0034	0.0034	0.0034	0.0034	0.0034	0.0034	0.0034	0.0034	0.0034	0.0034	0.0034	0.0034	0.0034	0.0034	0.0034	0.0034	0.0034	0.0034	0.0034	0.0034	0.0034	0.0034	0.0034	0.0034	0.0034	0.0034	0.0034	0.0034	0.0034	0.0034	0.0034	0.0034	0.0034	0.0034	0.0034	0.0034	0.0034	0.0034	0.0034	0.0034	0.0034	0.0034	0.0034	0.0034	0.0034	0.0034	0.0034	0.0034	0.0034	0.0034	0.0034	0.0034	0.0034	0.0034	0.0034	0.0034	0.0088	0.0088	0.0088	0.0088	0.0088	0.0088	0.0088	0.0088	0.0088	0.0088	0.0088	0.0088	0.0088	0.0088	0.0088	0.0088	0.0088	0.0088	0.0088	0.0088	0.0088	0.0088	0.0088	0.0088	0.0088	0.0088	0.0088	0.0088	0.0088	0.0088	0.0088	0.0088	0.0088	0.0088	0.0088	0.0088	0.0088	0.0088	0.0088	0.0088	0.0088	0.0088	0.0088	0.0088	0.0088	0.0298	0.0298	0.0298	0.0298	0.0298	0.0298	0.0298	0.0298	0.0298	0.0298	0.0298	0.0298	0.0298	0.0298	0.0298	0.0298	0.0298	0.0298	0.0298	0.0298	0.0298	0.0298	0.0298	0.0298	0.0298	0.0298	0.0298	0.0298	0.0298	0.0298	0.0298	0.0298	0.0298	0.0298	0.0298	0.0298	0.0298	0.0298	0.0298	0.0298	0.0298	0.0298	0.0298	0.0298	0.0298	0.0298	0.0298	0.0298	0.0298	0.0298	0.0298	0.0298	0.0298	0.0298	0.0298	0.0298	0.0298	0.0298	0.0298	0.0298	0.0298	0.0298	0.0298	0.0298	0.0298	0.0298	0.0298	0.0298	0.0298	0.0298	0.0298	0.0298	0.0298	0.0298	0.0298	0.0298	0.0298	0.0298	0.0298	0.0298	0.0298	0.0298	0.0298	0.0298	0.0298	0.0298	0.0298	0.0298	0.0298	0.0298	0.0298	0.0298	0.0298	0.0298	0.0298	0.0298	0.0298	0.0298	0.0298	0.0298	0.0298	0.0298	0.0298	0.0298	0.0298	0.0298	0.0298	0.0298	0.0298	0.0298	0.0298	0.0298	0.0298	0.0298	0.0298	0.0298	0.0298	0.0298	0.0298	0.0298	0.0298	0.0298	0.0298	0.0298	0.0298	0.0298	0.0298	0.0298	0.0298	0.0298	0.0298	0.0298	0.0298	0.0298	0.0298	0.0298	0.0298	0.0298	0.0298	0.0298	0.0298	0.0298	0.0298	0.0298	0.2294	0.2294	0.2294	0.2294
49	0.0017	0.0017	0.0017	0.0017	0.0017	0.0017	0.0017	0.0017	0.0017	0.0017	0.0017	0.0017	0.0017	0.0017	0.0017	0.0017	0.0017	0.0017	0.2441	0.0017	0.0017	0.0017	0.0017	0.0017	0.0017	0.0017	0.0017	0.0017	0.0017	0.0017	0.0017	0.0017	0.0017	0.0017	0.0017	0.0017	0.0017	0.0017	0.0017	0.0017	0.0017	0.0017	0.0017	0.0017	0.0017	0.0017	0.0017	0.0017	0.0017	0.0017	0.0017	0.0017	0.0017	0.0017	0.0017	0.0017	0.0017	0.0017	0.0017	0.0017	0.0017	0.0017	0.0017	0.0017	0.0017	0.0017	0.0017	0.0017	0.0017	0.0017	0.0017	0.0017	0.0017	0.0017	0.0017	0.0017	0.0017	0.0017	0.0017	0.0017	0.0017	0.0017	0.0017	0.0017	0.0017	0.0017	0.0017	0.0017	0.0017	0.0017	0.0017	0.0017	0.0017	0.0017	0.0017	0.0017	0.0017	0.0017	0.0017	0.0017	0.0017	0.0017	0.0017	0.0017	0.0017	0.0017	0.0017	0.0041	0.0041	0.0041	0.0041	0.0041	0.0041	0.0041	0.0041	0.0041	0.0041	0.0041	0.0041	0.0041	0.0041	0.0041	0.0041	0.0041	0.0041	0.0041	0.0041	0.0041	0.0041	0.0041	0.0041	0.0041	0.0041	0.0041	0.0041	0.0041	0.0041	0.0041	0.0041	0.0041	0.0041	0.0041	0.0041	0.0041	0.0041	0.0041	0.0041	0.0041	0.0041	0.0041	0.0041	0.0041	0.0192	0.0192	0.0192	0.0192	0.0192	0.0192	0.0192	0.0192	0.0192	0.0192	0.0192	0.0192	0.0192	0.0192	0.0192	0.0192	0.0192	0.0192	0.0192	0.0192	0.0192	0.0192	0.0192	0.0192	0.0192	0.0192	0.0192	0.0192	0.0192	0.0192	0.0192	0.0192	0.0192	0.0192	0.0192	0.0192	0.0192	0.0192	0.0192	0.0192	0.0192	0.0192	0.0192	0.0192	0.0192	0.0192	0.0192	0.0192	0.0192	0.0192	0.0192	0.0192	0.0192	0.0192	0.0192	0.0192	0.0192	0.0192	0.0192	0.0192	0.0192	0.0192	0.0192	0.0192	0.0192	0.0192	0.0192	0.0192	0.0192	0.0192	0.0192	0.0192	0.0192	0.0192	0.0192	0.0192	0.0192	0.0192	0.0192	0.0192	0.0192	0.0192	0.0192	0.0192	0.0192	0.0192	0.0192	0.0192	0.0192	0.0192	0.0192	0.0192	0.0192	0.0192	0.0192	0.0192	0.0192	0.0192	0.0192	0.0192	0.0192	0.0192	0.0192	0.0192	0.0192	0.0192	0.0192	0.0192	0.0192	0.0192	0.0192	0.0192	0.0192	0.0192	0.0192	0.0192	0.0192	0.0192	0.0192	0.0192	0.0192	0.0192	0.0192	0.0192	0.0192	0.0192	0.0192	0.0192	0.0192	0.0192	0.0192	0.0192	0.0192	0.0192	0.0192	0.0192	0.0192	0.0192	0.0192	0.0192	0.0192	0.0192	0.0192	0.0192	0.1801	0.1801	0.1801	0.1801
50	0.0418	0.0418	0.0418	0.0418	0.0418	0.0418	0.0418	0.0418	0.0418	0.0418	0.0418	0.0418	0.0418	0.0418	0.0418	0.0418	0.0418	0.0418	0.1137	0.0418	0.0418	0.0418	0.0418	0.0418	0.0418	0.0418	0.0418	0.0418	0.0418	0.0418	0.0418	0.0418	0.0418	0.0418	0.0418	0.0418	0.0418	0.0418	0.0418	0.0418	0.0418	0.0418	0.0418	0.0418	0.0418	0.0418	0.0418	0.0418	0.0418	0.0418	0.0418	0.0418	0.0418	0.0418	0.0418	0.0418	0.0418	0.0418	0.0418	0.0418	0.0418	0.0418	0.0418	0.0418	0.0418	0.0418	0.0418	0.0418	0.0418	0.0418	0.0418	0.0418	0.0418	0.0418	0.0418	0.0418	0.0418	0.0418	0.0418	0.0418	0.0418	0.0418	0.0418	0.0418	0.0418	0.0418	0.0418	0.0418	0.0418	0.0418	0.0418	0.0418	0.0418	0.0418	0.0418	0.0418	0.0418	0.0418	0.0418	0.0418	0.0418	0.0418	0.0418	0.0418	0.0418	0.0418	0.0418	0.032	0.032	0.032	0.032	0.032	0.032	0.032	0.032	0.032	0.032	0.032	0.032	0.032	0.032	0.032	0.032	0.032	0.032	0.032	0.032	0.032	0.032	0.032	0.032	0.032	0.032	0.032	0.032	0.032	0.032	0.032	0.032	0.032	0.032	0.032	0.032	0.032	0.032	0.032	0.032	0.032	0.032	0.032	0.032	0.032	0.0079	0.0079	0.0079	0.0079	0.0079	0.0079	0.0079	0.0079	0.0079	0.0079	0.0079	0.0079	0.0079	0.0079	0.0079	0.0079	0.0079	0.0079	0.0079	0.0079	0.0079	0.0079	0.0079	0.0079	0.0079	0.0079	0.0079	0.0079	0.0079	0.0079	0.0079	0.0079	0.0079	0.0079	0.0079	0.0079	0.0079	0.0079	0.0079	0.0079	0.0079	0.0079	0.0079	0.0079	0.0079	0.0079	0.0079	0.0079	0.0079	0.0079	0.0079	0.0079	0.0079	0.0079	0.0079	0.0079	0.0079	0.0079	0.0079	0.0079	0.0079	0.0079	0.0079	0.0079	0.0079	0.0079	0.0079	0.0079	0.0079	0.0079	0.0079	0.0079	0.0079	0.0079	0.0079	0.0079	0.0079	0.0079	0.0079	0.0079	0.0079	0.0079	0.0079	0.0079	0.0079	0.0079	0.0079	0.0079	0.0079	0.0079	0.0079	0.0079	0.0079	0.0079	0.0079	0.0079	0.0079	0.0079	0.0079	0.0079	0.0079	0.0079	0.0079	0.0079	0.0079	0.0079	0.0079	0.0079	0.0079	0.0079	0.0079	0.0079	0.0079	0.0079	0.0079	0.0079	0.0079	0.0079	0.0079	0.0079	0.0079	0.0079	0.0079	0.0079	0.0079	0.0079	0.0079	0.0079	0.0079	0.0079	0.0079	0.0079	0.0079	0.0079	0.0079	0.0079	0.0079	0.0079	0.0079	0.0079	0.0079	0.0079	0.0079	0.0079	0.0845	0.0845	0.0845	0.0845
51	0.0046	0.0046	0.0046	0.0046	0.0046	0.0046	0.0046	0.0046	0.0046	0.0046	0.0046	0.0046	0.0046	0.0046	0.0046	0.0046	0.0046	0.0046	0.1691	0.0046	0.0046	0.0046	0.0046	0.0046	0.0046	0.0046	0.0046	0.0046	0.0046	0.0046	0.0046	0.0046	0.0046	0.0046	0.0046	0.0046	0.0046	0.0046	0.0046	0.0046	0.0046	0.0046	0.0046	0.0046	0.0046	0.0046	0.0046	0.0046	0.0046	0.0046	0.0046	0.0046	0.0046	0.0046	0.0046	0.0046	0.0046	0.0046	0.0046	0.0046	0.0046	0.0046	0.0046	0.0046	0.0046	0.0046	0.0046	0.0046	0.0046	0.0046	0.0046	0.0046	0.0046	0.0046	0.0046	0.0046	0.0046	0.0046	0.0046	0.0046	0.0046	0.0046	0.0046	0.0046	0.0046	0.0046	0.0046	0.0046	0.0046	0.0046	0.0046	0.0046	0.0046	0.0046	0.0046	0.0046	0.0046	0.0046	0.0046	0.0046	0.0046	0.0046	0.0046	0.0046	0.0046	0.0046	0.0046	0.0099	0.0099	0.0099	0.0099	0.0099	0.0099	0.0099	0.0099	0.0099	0.0099	0.0099	0.0099	0.0099	0.0099	0.0099	0.0099	0.0099	0.0099	0.0099	0.0099	0.0099	0.0099	0.0099	0.0099	0.0099	0.0099	0.0099	0.0099	0.0099	0.0099	0.0099	0.0099	0.0099	0.0099	0.0099	0.0099	0.0099	0.0099	0.0099	0.0099	0.0099	0.0099	0.0099	0.0099	0.0099	0.0292	0.0292	0.0292	0.0292	0.0292	0.0292	0.0292	0.0292	0.0292	0.0292	0.0292	0.0292	0.0292	0.0292	0.0292	0.0292	0.0292	0.0292	0.0292	0.0292	0.0292	0.0292	0.0292	0.0292	0.0292	0.0292	0.0292	0.0292	0.0292	0.0292	0.0292	0.0292	0.0292	0.0292	0.0292	0.0292	0.0292	0.0292	0.0292	0.0292	0.0292	0.0292	0.0292	0.0292	0.0292	0.0292	0.0292	0.0292	0.0292	0.0292	0.0292	0.0292	0.0292	0.0292	0.0292	0.0292	0.0292	0.0292	0.0292	0.0292	0.0292	0.0292	0.0292	0.0292	0.0292	0.0292	0.0292	0.0292	0.0292	0.0292	0.0292	0.0292	0.0292	0.0292	0.0292	0.0292	0.0292	0.0292	0.0292	0.0292	0.0292	0.0292	0.0292	0.0292	0.0292	0.0292	0.0292	0.0292	0.0292	0.0292	0.0292	0.0292	0.0292	0.0292	0.0292	0.0292	0.0292	0.0292	0.0292	0.0292	0.0292	0.0292	0.0292	0.0292	0.0292	0.0292	0.0292	0.0292	0.0292	0.0292	0.0292	0.0292	0.0292	0.0292	0.0292	0.0292	0.0292	0.0292	0.0292	0.0292	0.0292	0.0292	0.0292	0.0292	0.0292	0.0292	0.0292	0.0292	0.0292	0.0292	0.0292	0.0292	0.0292	0.0292	0.0292	0.0292	0.0292	0.0292	0.0292	0.0292	0.0292	0.0292	0.0292	0.0292	0.0826	0.0826	0.0826	0.0826
52	0.0467	0.0467	0.0467	0.0467	0.0467	0.0467	0.0467	0.0467	0.0467	0.0467	0.0467	0.0467	0.0467	0.0467	0.0467	0.0467	0.0467	0.0467	0.1328	0.0467	0.0467	0.0467	0.0467	0.0467	0.0467	0.0467	0.0467	0.0467	0.0467	0.0467	0.0467	0.0467	0.0467	0.0467	0.0467	0.0467	0.0467	0.0467	0.0467	0.0467	0.0467	0.0467	0.0467	0.0467	0.0467	0.0467	0.0467	0.0467	0.0467	0.0467	0.0467	0.0467	0.0467	0.0467	0.0467	0.0467	0.0467	0.0467	0.0467	0.0467	0.0467	0.0467	0.0467	0.0467	0.0467	0.0467	0.0467	0.0467	0.0467	0.0467	0.0467	0.0467	0.0467	0.0467	0.0467	0.0467	0.0467	0.0467	0.0467	0.0467	0.0467	0.0467	0.0467	0.0467	0.0467	0.0467	0.0467	0.0467	0.0467	0.0467	0.0467	0.0467	0.0467	0.0467	0.0467	0.0467	0.0467	0.0467	0.0467	0.0467	0.0467	0.0467	0.0467	0.0467	0.0467	0.0467	0.0467	0.0131	0.0131	0.0131	0.0131	0.0131	0.0131	0.0131	0.0131	0.0131	0.0131	0.0131	0.0131	0.0131	0.0131	0.0131	0.0131	0.0131	0.0131	0.0131	0.0131	0.0131	0.0131	0.0131	0.0131	0.0131	0.0131	0.0131	0.0131	0.0131	0.0131	0.0131	0.0131	0.0131	0.0131	0.0131	0.0131	0.0131	0.0131	0.0131	0.0131	0.0131	0.0131	0.0131	0.0131	0.0131	0.0018	0.0018	0.0018	0.0018	0.0018	0.0018	0.0018	0.0018	0.0018	0.0018	0.0018	0.0018	0.0018	0.0018	0.0018	0.0018	0.0018	0.0018	0.0018	0.0018	0.0018	0.0018	0.0018	0.0018	0.0018	0.0018	0.0018	0.0018	0.0018	0.0018	0.0018	0.0018	0.0018	0.0018	0.0018	0.0018	0.0018	0.0018	0.0018	0.0018	0.0018	0.0018	0.0018	0.0018	0.0018	0.0018	0.0018	0.0018	0.0018	0.0018	0.0018	0.0018	0.0018	0.0018	0.0018	0.0018	0.0018	0.0018	0.0018	0.0018	0.0018	0.0018	0.0018	0.0018	0.0018	0.0018	0.0018	0.0018	0.0018	0.0018	0.0018	0.0018	0.0018	0.0018	0.0018	0.0018	0.0018	0.0018	0.0018	0.0018	0.0018	0.0018	0.0018	0.0018	0.0018	0.0018	0.0018	0.0018	0.0018	0.0018	0.0018	0.0018	0.0018	0.0018	0.0018	0.0018	0.0018	0.0018	0.0018	0.0018	0.0018	0.0018	0.0018	0.0018	0.0018	0.0018	0.0018	0.0018	0.0018	0.0018	0.0018	0.0018	0.0018	0.0018	0.0018	0.0018	0.0018	0.0018	0.0018	0.0018	0.0018	0.0018	0.0018	0.0018	0.0018	0.0018	0.0018	0.0018	0.0018	0.0018	0.0018	0.0018	0.0018	0.0018	0.0018	0.0018	0.0018	0.0018	0.0018	0.0018	0.0018	0.0018	0.0018	0.0018	0.1107	0.1107	0.1107	0.1107
53	0.0037	0.0037	0.0037	0.0037	0.0037	0.0037	0.0037	0.0037	0.0037	0.0037	0.0037	0.0037	0.0037	0.0037	0.0037	0.0037	0.0037	0.0037	0.0742	0.0037	0.0037	0.0037	0.0037	0.0037	0.0037	0.0037	0.0037	0.0037	0.0037	0.0037	0.0037	0.0037	0.0037	0.0037	0.0037	0.0037	0.0037	0.0037	0.0037	0.0037	0.0037	0.0037	0.0037	0.0037	0.0037	0.0037	0.0037	0.0037	0.0037	0.0037	0.0037	0.0037	0.0037	0.0037	0.0037	0.0037	0.0037	0.0037	0.0037	0.0037	0.0037	0.0037	0.0037	0.0037	0.0037	0.0037	0.0037	0.0037	0.0037	0.0037	0.0037	0.0037	0.0037	0.0037	0.0037	0.0037	0.0037	0.0037	0.0037	0.0037	0.0037	0.0037	0.0037	0.0037	0.0037	0.0037	0.0037	0.0037	0.0037	0.0037	0.0037	0.0037	0.0037	0.0037	0.0037	0.0037	0.0037	0.0037	0.0037	0.0037	0.0037	0.0037	0.0037	0.0037	0.0037	0.0037	0.0037	0.0085	0.0085	0.0085	0.0085	0.0085	0.0085	0.0085	0.0085	0.0085	0.0085	0.0085	0.0085	0.0085	0.0085	0.0085	0.0085	0.0085	0.0085	0.0085	0.0085	0.0085	0.0085	0.0085	0.0085	0.0085	0.0085	0.0085	0.0085	0.0085	0.0085	0.0085	0.0085	0.0085	0.0085	0.0085	0.0085	0.0085	0.0085	0.0085	0.0085	0.0085	0.0085	0.0085	0.0085	0.0085	0.0027	0.0027	0.0027	0.0027	0.0027	0.0027	0.0027	0.0027	0.0027	0.0027	0.0027	0.0027	0.0027	0.0027	0.0027	0.0027	0.0027	0.0027	0.0027	0.0027	0.0027	0.0027	0.0027	0.0027	0.0027	0.0027	0.0027	0.0027	0.0027	0.0027	0.0027	0.0027	0.0027	0.0027	0.0027	0.0027	0.0027	0.0027	0.0027	0.0027	0.0027	0.0027	0.0027	0.0027	0.0027	0.0027	0.0027	0.0027	0.0027	0.0027	0.0027	0.0027	0.0027	0.0027	0.0027	0.0027	0.0027	0.0027	0.0027	0.0027	0.0027	0.0027	0.0027	0.0027	0.0027	0.0027	0.0027	0.0027	0.0027	0.0027	0.0027	0.0027	0.0027	0.0027	0.0027	0.0027	0.0027	0.0027	0.0027	0.0027	0.0027	0.0027	0.0027	0.0027	0.0027	0.0027	0.0027	0.0027	0.0027	0.0027	0.0027	0.0027	0.0027	0.0027	0.0027	0.0027	0.0027	0.0027	0.0027	0.0027	0.0027	0.0027	0.0027	0.0027	0.0027	0.0027	0.0027	0.0027	0.0027	0.0027	0.0027	0.0027	0.0027	0.0027	0.0027	0.0027	0.0027	0.0027	0.0027	0.0027	0.0027	0.0027	0.0027	0.0027	0.0027	0.0027	0.0027	0.0027	0.0027	0.0027	0.0027	0.0027	0.0027	0.0027	0.0027	0.0027	0.0027	0.0027	0.0027	0.0027	0.0027	0.0027	0.0027	0.0027	0.0921	0.0921	0.0921	0.0921
54	0.015	0.015	0.015	0.015	0.015	0.015	0.015	0.015	0.015	0.015	0.015	0.015	0.015	0.015	0.015	0.015	0.015	0.015	0.0609	0.015	0.015	0.015	0.015	0.015	0.015	0.015	0.015	0.015	0.015	0.015	0.015	0.015	0.015	0.015	0.015	0.015	0.015	0.015	0.015	0.015	0.015	0.015	0.015	0.015	0.015	0.015	0.015	0.015	0.015	0.015	0.015	0.015	0.015	0.015	0.015	0.015	0.015	0.015	0.015	0.015	0.015	0.015	0.015	0.015	0.015	0.015	0.015	0.015	0.015	0.015	0.015	0.015	0.015	0.015	0.015	0.015	0.015	0.015	0.015	0.015	0.015	0.015	0.015	0.015	0.015	0.015	0.015	0.015	0.015	0.015	0.015	0.015	0.015	0.015	0.015	0.015	0.015	0.015	0.015	0.015	0.015	0.015	0.015	0.015	0.015	0.015	0.015	0.0103	0.0103	0.0103	0.0103	0.0103	0.0103	0.0103	0.0103	0.0103	0.0103	0.0103	0.0103	0.0103	0.0103	0.0103	0.0103	0.0103	0.0103	0.0103	0.0103	0.0103	0.0103	0.0103	0.0103	0.0103	0.0103	0.0103	0.0103	0.0103	0.0103	0.0103	0.0103	0.0103	0.0103	0.0103	0.0103	0.0103	0.0103	0.0103	0.0103	0.0103	0.0103	0.0103	0.0103	0.0103	0.0016	0.0016	0.0016	0.0016	0.0016	0.0016	0.0016	0.0016	0.0016	0.0016	0.0016	0.0016	0.0016	0.0016	0.0016	0.0016	0.0016	0.0016	0.0016	0.0016	0.0016	0.0016	0.0016	0.0016	0.0016	0.0016	0.0016	0.0016	0.0016	0.0016	0.0016	0.0016	0.0016	0.0016	0.0016	0.0016	0.0016	0.0016	0.0016	0.0016	0.0016	0.0016	0.0016	0.0016	0.0016	0.0016	0.0016	0.0016	0.0016	0.0016	0.0016	0.0016	0.0016	0.0016	0.0016	0.0016	0.0016	0.0016	0.0016	0.0016	0.0016	0.0016	0.0016	0.0016	0.0016	0.0016	0.0016	0.0016	0.0016	0.0016	0.0016	0.0016	0.0016	0.0016	0.0016	0.0016	0.0016	0.0016	0.0016	0.0016	0.0016	0.0016	0.0016	0.0016	0.0016	0.0016	0.0016	0.0016	0.0016	0.0016	0.0016	0.0016	0.0016	0.0016	0.0016	0.0016	0.0016	0.0016	0.0016	0.0016	0.0016	0.0016	0.0016	0.0016	0.0016	0.0016	0.0016	0.0016	0.0016	0.0016	0.0016	0.0016	0.0016	0.0016	0.0016	0.0016	0.0016	0.0016	0.0016	0.0016	0.0016	0.0016	0.0016	0.0016	0.0016	0.0016	0.0016	0.0016	0.0016	0.0016	0.0016	0.0016	0.0016	0.0016	0.0016	0.0016	0.0016	0.0016	0.0016	0.0016	0.0016	0.0016	0.0016	0.0016	0.0523	0.0523	0.0523	0.0523
55	0.0015	0.0015	0.0015	0.0015	0.0015	0.0015	0.0015	0.0015	0.0015	0.0015	0.0015	0.0015	0.0015	0.0015	0.0015	0.0015	0.0015	0.0015	0.6738	0.0015	0.0015	0.0015	0.0015	0.0015	0.0015	0.0015	0.0015	0.0015	0.0015	0.0015	0.0015	0.0015	0.0015	0.0015	0.0015	0.0015	0.0015	0.0015	0.0015	0.0015	0.0015	0.0015	0.0015	0.0015	0.0015	0.0015	0.0015	0.0015	0.0015	0.0015	0.0015	0.0015	0.0015	0.0015	0.0015	0.0015	0.0015	0.0015	0.0015	0.0015	0.0015	0.0015	0.0015	0.0015	0.0015	0.0015	0.0015	0.0015	0.0015	0.0015	0.0015	0.0015	0.0015	0.0015	0.0015	0.0015	0.0015	0.0015	0.0015	0.0015	0.0015	0.0015	0.0015	0.0015	0.0015	0.0015	0.0015	0.0015	0.0015	0.0015	0.0015	0.0015	0.0015	0.0015	0.0015	0.0015	0.0015	0.0015	0.0015	0.0015	0.0015	0.0015	0.0015	0.0015	0.0015	0.0015	0.0015	0.0088	0.0088	0.0088	0.0088	0.0088	0.0088	0.0088	0.0088	0.0088	0.0088	0.0088	0.0088	0.0088	0.0088	0.0088	0.0088	0.0088	0.0088	0.0088	0.0088	0.0088	0.0088	0.0088	0.0088	0.0088	0.0088	0.0088	0.0088	0.0088	0.0088	0.0088	0.0088	0.0088	0.0088	0.0088	0.0088	0.0088	0.0088	0.0088	0.0088	0.0088	0.0088	0.0088	0.0088	0.0088	0.0028	0.0028	0.0028	0.0028	0.0028	0.0028	0.0028	0.0028	0.0028	0.0028	0.0028	0.0028	0.0028	0.0028	0.0028	0.0028	0.0028	0.0028	0.0028	0.0028	0.0028	0.0028	0.0028	0.0028	0.0028	0.0028	0.0028	0.0028	0.0028	0.0028	0.0028	0.0028	0.0028	0.0028	0.0028	0.0028	0.0028	0.0028	0.0028	0.0028	0.0028	0.0028	0.0028	0.0028	0.0028	0.0028	0.0028	0.0028	0.0028	0.0028	0.0028	0.0028	0.0028	0.0028	0.0028	0.0028	0.0028	0.0028	0.0028	0.0028	0.0028	0.0028	0.0028	0.0028	0.0028	0.0028	0.0028	0.0028	0.0028	0.0028	0.0028	0.0028	0.0028	0.0028	0.0028	0.0028	0.0028	0.0028	0.0028	0.0028	0.0028	0.0028	0.0028	0.0028	0.0028	0.0028	0.0028	0.0028	0.0028	0.0028	0.0028	0.0028	0.0028	0.0028	0.0028	0.0028	0.0028	0.0028	0.0028	0.0028	0.0028	0.0028	0.0028	0.0028	0.0028	0.0028	0.0028	0.0028	0.0028	0.0028	0.0028	0.0028	0.0028	0.0028	0.0028	0.0028	0.0028	0.0028	0.0028	0.0028	0.0028	0.0028	0.0028	0.0028	0.0028	0.0028	0.0028	0.0028	0.0028	0.0028	0.0028	0.0028	0.0028	0.0028	0.0028	0.0028	0.0028	0.0028	0.0028	0.0028	0.0028	0.0028	0.0028	0.0028	0.0572	0.0572	0.0572	0.0572
56	0.0041	0.0041	0.0041	0.0041	0.0041	0.0041	0.0041	0.0041	0.0041	0.0041	0.0041	0.0041	0.0041	0.0041	0.0041	0.0041	0.0041	0.0041	0.0694	0.0041	0.0041	0.0041	0.0041	0.0041	0.0041	0.0041	0.0041	0.0041	0.0041	0.0041	0.0041	0.0041	0.0041	0.0041	0.0041	0.0041	0.0041	0.0041	0.0041	0.0041	0.0041	0.0041	0.0041	0.0041	0.0041	0.0041	0.0041	0.0041	0.0041	0.0041	0.0041	0.0041	0.0041	0.0041	0.0041	0.0041	0.0041	0.0041	0.0041	0.0041	0.0041	0.0041	0.0041	0.0041	0.0041	0.0041	0.0041	0.0041	0.0041	0.0041	0.0041	0.0041	0.0041	0.0041	0.0041	0.0041	0.0041	0.0041	0.0041	0.0041	0.0041	0.0041	0.0041	0.0041	0.0041	0.0041	0.0041	0.0041	0.0041	0.0041	0.0041	0.0041	0.0041	0.0041	0.0041	0.0041	0.0041	0.0041	0.0041	0.0041	0.0041	0.0041	0.0041	0.0041	0.0041	0.0041	0.0041	0.0088	0.0088	0.0088	0.0088	0.0088	0.0088	0.0088	0.0088	0.0088	0.0088	0.0088	0.0088	0.0088	0.0088	0.0088	0.0088	0.0088	0.0088	0.0088	0.0088	0.0088	0.0088	0.0088	0.0088	0.0088	0.0088	0.0088	0.0088	0.0088	0.0088	0.0088	0.0088	0.0088	0.0088	0.0088	0.0088	0.0088	0.0088	0.0088	0.0088	0.0088	0.0088	0.0088	0.0088	0.0088	0.0041	0.0041	0.0041	0.0041	0.0041	0.0041	0.0041	0.0041	0.0041	0.0041	0.0041	0.0041	0.0041	0.0041	0.0041	0.0041	0.0041	0.0041	0.0041	0.0041	0.0041	0.0041	0.0041	0.0041	0.0041	0.0041	0.0041	0.0041	0.0041	0.0041	0.0041	0.0041	0.0041	0.0041	0.0041	0.0041	0.0041	0.0041	0.0041	0.0041	0.0041	0.0041	0.0041	0.0041	0.0041	0.0041	0.0041	0.0041	0.0041	0.0041	0.0041	0.0041	0.0041	0.0041	0.0041	0.0041	0.0041	0.0041	0.0041	0.0041	0.0041	0.0041	0.0041	0.0041	0.0041	0.0041	0.0041	0.0041	0.0041	0.0041	0.0041	0.0041	0.0041	0.0041	0.0041	0.0041	0.0041	0.0041	0.0041	0.0041	0.0041	0.0041	0.0041	0.0041	0.0041	0.0041	0.0041	0.0041	0.0041	0.0041	0.0041	0.0041	0.0041	0.0041	0.0041	0.0041	0.0041	0.0041	0.0041	0.0041	0.0041	0.0041	0.0041	0.0041	0.0041	0.0041	0.0041	0.0041	0.0041	0.0041	0.0041	0.0041	0.0041	0.0041	0.0041	0.0041	0.0041	0.0041	0.0041	0.0041	0.0041	0.0041	0.0041	0.0041	0.0041	0.0041	0.0041	0.0041	0.0041	0.0041	0.0041	0.0041	0.0041	0.0041	0.0041	0.0041	0.0041	0.0041	0.0041	0.0041	0.0041	0.0041	0.0041	0.0041	0.0958	0.0958	0.0958	0.0958
57	0.0414	0.0414	0.0414	0.0414	0.0414	0.0414	0.0414	0.0414	0.0414	0.0414	0.0414	0.0414	0.0414	0.0414	0.0414	0.0414	0.0414	0.0414	0.1558	0.0414	0.0414	0.0414	0.0414	0.0414	0.0414	0.0414	0.0414	0.0414	0.0414	0.0414	0.0414	0.0414	0.0414	0.0414	0.0414	0.0414	0.0414	0.0414	0.0414	0.0414	0.0414	0.0414	0.0414	0.0414	0.0414	0.0414	0.0414	0.0414	0.0414	0.0414	0.0414	0.0414	0.0414	0.0414	0.0414	0.0414	0.0414	0.0414	0.0414	0.0414	0.0414	0.0414	0.0414	0.0414	0.0414	0.0414	0.0414	0.0414	0.0414	0.0414	0.0414	0.0414	0.0414	0.0414	0.0414	0.0414	0.0414	0.0414	0.0414	0.0414	0.0414	0.0414	0.0414	0.0414	0.0414	0.0414	0.0414	0.0414	0.0414	0.0414	0.0414	0.0414	0.0414	0.0414	0.0414	0.0414	0.0414	0.0414	0.0414	0.0414	0.0414	0.0414	0.0414	0.0414	0.0414	0.0414	0.0414	0.0115	0.0115	0.0115	0.0115	0.0115	0.0115	0.0115	0.0115	0.0115	0.0115	0.0115	0.0115	0.0115	0.0115	0.0115	0.0115	0.0115	0.0115	0.0115	0.0115	0.0115	0.0115	0.0115	0.0115	0.0115	0.0115	0.0115	0.0115	0.0115	0.0115	0.0115	0.0115	0.0115	0.0115	0.0115	0.0115	0.0115	0.0115	0.0115	0.0115	0.0115	0.0115	0.0115	0.0115	0.0115	0.0286	0.0286	0.0286	0.0286	0.0286	0.0286	0.0286	0.0286	0.0286	0.0286	0.0286	0.0286	0.0286	0.0286	0.0286	0.0286	0.0286	0.0286	0.0286	0.0286	0.0286	0.0286	0.0286	0.0286	0.0286	0.0286	0.0286	0.0286	0.0286	0.0286	0.0286	0.0286	0.0286	0.0286	0.0286	0.0286	0.0286	0.0286	0.0286	0.0286	0.0286	0.0286	0.0286	0.0286	0.0286	0.0286	0.0286	0.0286	0.0286	0.0286	0.0286	0.0286	0.0286	0.0286	0.0286	0.0286	0.0286	0.0286	0.0286	0.0286	0.0286	0.0286	0.0286	0.0286	0.0286	0.0286	0.0286	0.0286	0.0286	0.0286	0.0286	0.0286	0.0286	0.0286	0.0286	0.0286	0.0286	0.0286	0.0286	0.0286	0.0286	0.0286	0.0286	0.0286	0.0286	0.0286	0.0286	0.0286	0.0286	0.0286	0.0286	0.0286	0.0286	0.0286	0.0286	0.0286	0.0286	0.0286	0.0286	0.0286	0.0286	0.0286	0.0286	0.0286	0.0286	0.0286	0.0286	0.0286	0.0286	0.0286	0.0286	0.0286	0.0286	0.0286	0.0286	0.0286	0.0286	0.0286	0.0286	0.0286	0.0286	0.0286	0.0286	0.0286	0.0286	0.0286	0.0286	0.0286	0.0286	0.0286	0.0286	0.0286	0.0286	0.0286	0.0286	0.0286	0.0286	0.0286	0.0286	0.0286	0.0286	0.0286	0.0286	0.0286	0.0835	0.0835	0.0835	0.0835
58	0.0029	0.0029	0.0029	0.0029	0.0029	0.0029	0.0029	0.0029	0.0029	0.0029	0.0029	0.0029	0.0029	0.0029	0.0029	0.0029	0.0029	0.0029	0.1154	0.0029	0.0029	0.0029	0.0029	0.0029	0.0029	0.0029	0.0029	0.0029	0.0029	0.0029	0.0029	0.0029	0.0029	0.0029	0.0029	0.0029	0.0029	0.0029	0.0029	0.0029	0.0029	0.0029	0.0029	0.0029	0.0029	0.0029	0.0029	0.0029	0.0029	0.0029	0.0029	0.0029	0.0029	0.0029	0.0029	0.0029	0.0029	0.0029	0.0029	0.0029	0.0029	0.0029	0.0029	0.0029	0.0029	0.0029	0.0029	0.0029	0.0029	0.0029	0.0029	0.0029	0.0029	0.0029	0.0029	0.0029	0.0029	0.0029	0.0029	0.0029	0.0029	0.0029	0.0029	0.0029	0.0029	0.0029	0.0029	0.0029	0.0029	0.0029	0.0029	0.0029	0.0029	0.0029	0.0029	0.0029	0.0029	0.0029	0.0029	0.0029	0.0029	0.0029	0.0029	0.0029	0.0029	0.0029	0.0029	0.0096	0.0096	0.0096	0.0096	0.0096	0.0096	0.0096	0.0096	0.0096	0.0096	0.0096	0.0096	0.0096	0.0096	0.0096	0.0096	0.0096	0.0096	0.0096	0.0096	0.0096	0.0096	0.0096	0.0096	0.0096	0.0096	0.0096	0.0096	0.0096	0.0096	0.0096	0.0096	0.0096	0.0096	0.0096	0.0096	0.0096	0.0096	0.0096	0.0096	0.0096	0.0096	0.0096	0.0096	0.0096	0.0235	0.0235	0.0235	0.0235	0.0235	0.0235	0.0235	0.0235	0.0235	0.0235	0.0235	0.0235	0.0235	0.0235	0.0235	0.0235	0.0235	0.0235	0.0235	0.0235	0.0235	0.0235	0.0235	0.0235	0.0235	0.0235	0.0235	0.0235	0.0235	0.0235	0.0235	0.0235	0.0235	0.0235	0.0235	0.0235	0.0235	0.0235	0.0235	0.0235	0.0235	0.0235	0.0235	0.0235	0.0235	0.0235	0.0235	0.0235	0.0235	0.0235	0.0235	0.0235	0.0235	0.0235	0.0235	0.0235	0.0235	0.0235	0.0235	0.0235	0.0235	0.0235	0.0235	0.0235	0.0235	0.0235	0.0235	0.0235	0.0235	0.0235	0.0235	0.0235	0.0235	0.0235	0.0235	0.0235	0.0235	0.0235	0.0235	0.0235	0.0235	0.0235	0.0235	0.0235	0.0235	0.0235	0.0235	0.0235	0.0235	0.0235	0.0235	0.0235	0.0235	0.0235	0.0235	0.0235	0.0235	0.0235	0.0235	0.0235	0.0235	0.0235	0.0235	0.0235	0.0235	0.0235	0.0235	0.0235	0.0235	0.0235	0.0235	0.0235	0.0235	0.0235	0.0235	0.0235	0.0235	0.0235	0.0235	0.0235	0.0235	0.0235	0.0235	0.0235	0.0235	0.0235	0.0235	0.0235	0.0235	0.0235	0.0235	0.0235	0.0235	0.0235	0.0235	0.0235	0.0235	0.0235	0.0235	0.0235	0.0235	0.0235	0.0235	0.0235	0.0621	0.0621	0.0621	0.0621
59	0.0123	0.0123	0.0123	0.0123	0.0123	0.0123	0.0123	0.0123	0.0123	0.0123	0.0123	0.0123	0.0123	0.0123	0.0123	0.0123	0.0123	0.0123	0.1177	0.0123	0.0123	0.0123	0.0123	0.0123	0.0123	0.0123	0.0123	0.0123	0.0123	0.0123	0.0123	0.0123	0.0123	0.0123	0.0123	0.0123	0.0123	0.0123	0.0123	0.0123	0.0123	0.0123	0.0123	0.0123	0.0123	0.0123	0.0123	0.0123	0.0123	0.0123	0.0123	0.0123	0.0123	0.0123	0.0123	0.0123	0.0123	0.0123	0.0123	0.0123	0.0123	0.0123	0.0123	0.0123	0.0123	0.0123	0.0123	0.0123	0.0123	0.0123	0.0123	0.0123	0.0123	0.0123	0.0123	0.0123	0.0123	0.0123	0.0123	0.0123	0.0123	0.0123	0.0123	0.0123	0.0123	0.0123	0.0123	0.0123	0.0123	0.0123	0.0123	0.0123	0.0123	0.0123	0.0123	0.0123	0.0123	0.0123	0.0123	0.0123	0.0123	0.0123	0.0123	0.0123	0.0123	0.0123	0.0123	0.0078	0.0078	0.0078	0.0078	0.0078	0.0078	0.0078	0.0078	0.0078	0.0078	0.0078	0.0078	0.0078	0.0078	0.0078	0.0078	0.0078	0.0078	0.0078	0.0078	0.0078	0.0078	0.0078	0.0078	0.0078	0.0078	0.0078	0.0078	0.0078	0.0078	0.0078	0.0078	0.0078	0.0078	0.0078	0.0078	0.0078	0.0078	0.0078	0.0078	0.0078	0.0078	0.0078	0.0078	0.0078	0.029	0.029	0.029	0.029	0.029	0.029	0.029	0.029	0.029	0.029	0.029	0.029	0.029	0.029	0.029	0.029	0.029	0.029	0.029	0.029	0.029	0.029	0.029	0.029	0.029	0.029	0.029	0.029	0.029	0.029	0.029	0.029	0.029	0.029	0.029	0.029	0.029	0.029	0.029	0.029	0.029	0.029	0.029	0.029	0.029	0.029	0.029	0.029	0.029	0.029	0.029	0.029	0.029	0.029	0.029	0.029	0.029	0.029	0.029	0.029	0.029	0.029	0.029	0.029	0.029	0.029	0.029	0.029	0.029	0.029	0.029	0.029	0.029	0.029	0.029	0.029	0.029	0.029	0.029	0.029	0.029	0.029	0.029	0.029	0.029	0.029	0.029	0.029	0.029	0.029	0.029	0.029	0.029	0.029	0.029	0.029	0.029	0.029	0.029	0.029	0.029	0.029	0.029	0.029	0.029	0.029	0.029	0.029	0.029	0.029	0.029	0.029	0.029	0.029	0.029	0.029	0.029	0.029	0.029	0.029	0.029	0.029	0.029	0.029	0.029	0.029	0.029	0.029	0.029	0.029	0.029	0.029	0.029	0.029	0.029	0.029	0.029	0.029	0.029	0.029	0.029	0.029	0.029	0.029	0.0995	0.0995	0.0995	0.0995
60	0.0389	0.0389	0.0389	0.0389	0.0389	0.0389	0.0389	0.0389	0.0389	0.0389	0.0389	0.0389	0.0389	0.0389	0.0389	0.0389	0.0389	0.0389	0.0964	0.0389	0.0389	0.0389	0.0389	0.0389	0.0389	0.0389	0.0389	0.0389	0.0389	0.0389	0.0389	0.0389	0.0389	0.0389	0.0389	0.0389	0.0389	0.0389	0.0389	0.0389	0.0389	0.0389	0.0389	0.0389	0.0389	0.0389	0.0389	0.0389	0.0389	0.0389	0.0389	0.0389	0.0389	0.0389	0.0389	0.0389	0.0389	0.0389	0.0389	0.0389	0.0389	0.0389	0.0389	0.0389	0.0389	0.0389	0.0389	0.0389	0.0389	0.0389	0.0389	0.0389	0.0389	0.0389	0.0389	0.0389	0.0389	0.0389	0.0389	0.0389	0.0389	0.0389	0.0389	0.0389	0.0389	0.0389	0.0389	0.0389	0.0389	0.0389	0.0389	0.0389	0.0389	0.0389	0.0389	0.0389	0.0389	0.0389	0.0389	0.0389	0.0389	0.0389	0.0389	0.0389	0.0389	0.0389	0.0389	0.0296	0.0296	0.0296	0.0296	0.0296	0.0296	0.0296	0.0296	0.0296	0.0296	0.0296	0.0296	0.0296	0.0296	0.0296	0.0296	0.0296	0.0296	0.0296	0.0296	0.0296	0.0296	0.0296	0.0296	0.0296	0.0296	0.0296	0.0296	0.0296	0.0296	0.0296	0.0296	0.0296	0.0296	0.0296	0.0296	0.0296	0.0296	0.0296	0.0296	0.0296	0.0296	0.0296	0.0296	0.0296	0.0058	0.0058	0.0058	0.0058	0.0058	0.0058	0.0058	0.0058	0.0058	0.0058	0.0058	0.0058	0.0058	0.0058	0.0058	0.0058	0.0058	0.0058	0.0058	0.0058	0.0058	0.0058	0.0058	0.0058	0.0058	0.0058	0.0058	0.0058	0.0058	0.0058	0.0058	0.0058	0.0058	0.0058	0.0058	0.0058	0.0058	0.0058	0.0058	0.0058	0.0058	0.0058	0.0058	0.0058	0.0058	0.0058	0.0058	0.0058	0.0058	0.0058	0.0058	0.0058	0.0058	0.0058	0.0058	0.0058	0.0058	0.0058	0.0058	0.0058	0.0058	0.0058	0.0058	0.0058	0.0058	0.0058	0.0058	0.0058	0.0058	0.0058	0.0058	0.0058	0.0058	0.0058	0.0058	0.0058	0.0058	0.0058	0.0058	0.0058	0.0058	0.0058	0.0058	0.0058	0.0058	0.0058	0.0058	0.0058	0.0058	0.0058	0.0058	0.0058	0.0058	0.0058	0.0058	0.0058	0.0058	0.0058	0.0058	0.0058	0.0058	0.0058	0.0058	0.0058	0.0058	0.0058	0.0058	0.0058	0.0058	0.0058	0.0058	0.0058	0.0058	0.0058	0.0058	0.0058	0.0058	0.0058	0.0058	0.0058	0.0058	0.0058	0.0058	0.0058	0.0058	0.0058	0.0058	0.0058	0.0058	0.0058	0.0058	0.0058	0.0058	0.0058	0.0058	0.0058	0.0058	0.0058	0.0058	0.0058	0.0058	0.0058	0.0058	0.0058	0.0451	0.0451	0.0451	0.0451
61	0.0069	0.0069	0.0069	0.0069	0.0069	0.0069	0.0069	0.0069	0.0069	0.0069	0.0069	0.0069	0.0069	0.0069	0.0069	0.0069	0.0069	0.0069	0.1526	0.0069	0.0069	0.0069	0.0069	0.0069	0.0069	0.0069	0.0069	0.0069	0.0069	0.0069	0.0069	0.0069	0.0069	0.0069	0.0069	0.0069	0.0069	0.0069	0.0069	0.0069	0.0069	0.0069	0.0069	0.0069	0.0069	0.0069	0.0069	0.0069	0.0069	0.0069	0.0069	0.0069	0.0069	0.0069	0.0069	0.0069	0.0069	0.0069	0.0069	0.0069	0.0069	0.0069	0.0069	0.0069	0.0069	0.0069	0.0069	0.0069	0.0069	0.0069	0.0069	0.0069	0.0069	0.0069	0.0069	0.0069	0.0069	0.0069	0.0069	0.0069	0.0069	0.0069	0.0069	0.0069	0.0069	0.0069	0.0069	0.0069	0.0069	0.0069	0.0069	0.0069	0.0069	0.0069	0.0069	0.0069	0.0069	0.0069	0.0069	0.0069	0.0069	0.0069	0.0069	0.0069	0.0069	0.0069	0.0069	0.0072	0.0072	0.0072	0.0072	0.0072	0.0072	0.0072	0.0072	0.0072	0.0072	0.0072	0.0072	0.0072	0.0072	0.0072	0.0072	0.0072	0.0072	0.0072	0.0072	0.0072	0.0072	0.0072	0.0072	0.0072	0.0072	0.0072	0.0072	0.0072	0.0072	0.0072	0.0072	0.0072	0.0072	0.0072	0.0072	0.0072	0.0072	0.0072	0.0072	0.0072	0.0072	0.0072	0.0072	0.0072	0.0161	0.0161	0.0161	0.0161	0.0161	0.0161	0.0161	0.0161	0.0161	0.0161	0.0161	0.0161	0.0161	0.0161	0.0161	0.0161	0.0161	0.0161	0.0161	0.0161	0.0161	0.0161	0.0161	0.0161	0.0161	0.0161	0.0161	0.0161	0.0161	0.0161	0.0161	0.0161	0.0161	0.0161	0.0161	0.0161	0.0161	0.0161	0.0161	0.0161	0.0161	0.0161	0.0161	0.0161	0.0161	0.0161	0.0161	0.0161	0.0161	0.0161	0.0161	0.0161	0.0161	0.0161	0.0161	0.0161	0.0161	0.0161	0.0161	0.0161	0.0161	0.0161	0.0161	0.0161	0.0161	0.0161	0.0161	0.0161	0.0161	0.0161	0.0161	0.0161	0.0161	0.0161	0.0161	0.0161	0.0161	0.0161	0.0161	0.0161	0.0161	0.0161	0.0161	0.0161	0.0161	0.0161	0.0161	0.0161	0.0161	0.0161	0.0161	0.0161	0.0161	0.0161	0.0161	0.0161	0.0161	0.0161	0.0161	0.0161	0.0161	0.0161	0.0161	0.0161	0.0161	0.0161	0.0161	0.0161	0.0161	0.0161	0.0161	0.0161	0.0161	0.0161	0.0161	0.0161	0.0161	0.0161	0.0161	0.0161	0.0161	0.0161	0.0161	0.0161	0.0161	0.0161	0.0161	0.0161	0.0161	0.0161	0.0161	0.0161	0.0161	0.0161	0.0161	0.0161	0.0161	0.0161	0.0161	0.0161	0.0161	0.0161	0.0161	0.0161	0.0643	0.0643	0.0643	0.0643
62	0.0042	0.0042	0.0042	0.0042	0.0042	0.0042	0.0042	0.0042	0.0042	0.0042	0.0042	0.0042	0.0042	0.0042	0.0042	0.0042	0.0042	0.0042	0.0696	0.0042	0.0042	0.0042	0.0042	0.0042	0.0042	0.0042	0.0042	0.0042	0.0042	0.0042	0.0042	0.0042	0.0042	0.0042	0.0042	0.0042	0.0042	0.0042	0.0042	0.0042	0.0042	0.0042	0.0042	0.0042	0.0042	0.0042	0.0042	0.0042	0.0042	0.0042	0.0042	0.0042	0.0042	0.0042	0.0042	0.0042	0.0042	0.0042	0.0042	0.0042	0.0042	0.0042	0.0042	0.0042	0.0042	0.0042	0.0042	0.0042	0.0042	0.0042	0.0042	0.0042	0.0042	0.0042	0.0042	0.0042	0.0042	0.0042	0.0042	0.0042	0.0042	0.0042	0.0042	0.0042	0.0042	0.0042	0.0042	0.0042	0.0042	0.0042	0.0042	0.0042	0.0042	0.0042	0.0042	0.0042	0.0042	0.0042	0.0042	0.0042	0.0042	0.0042	0.0042	0.0042	0.0042	0.0042	0.0042	0.01	0.01	0.01	0.01	0.01	0.01	0.01	0.01	0.01	0.01	0.01	0.01	0.01	0.01	0.01	0.01	0.01	0.01	0.01	0.01	0.01	0.01	0.01	0.01	0.01	0.01	0.01	0.01	0.01	0.01	0.01	0.01	0.01	0.01	0.01	0.01	0.01	0.01	0.01	0.01	0.01	0.01	0.01	0.01	0.01	0.0027	0.0027	0.0027	0.0027	0.0027	0.0027	0.0027	0.0027	0.0027	0.0027	0.0027	0.0027	0.0027	0.0027	0.0027	0.0027	0.0027	0.0027	0.0027	0.0027	0.0027	0.0027	0.0027	0.0027	0.0027	0.0027	0.0027	0.0027	0.0027	0.0027	0.0027	0.0027	0.0027	0.0027	0.0027	0.0027	0.0027	0.0027	0.0027	0.0027	0.0027	0.0027	0.0027	0.0027	0.0027	0.0027	0.0027	0.0027	0.0027	0.0027	0.0027	0.0027	0.0027	0.0027	0.0027	0.0027	0.0027	0.0027	0.0027	0.0027	0.0027	0.0027	0.0027	0.0027	0.0027	0.0027	0.0027	0.0027	0.0027	0.0027	0.0027	0.0027	0.0027	0.0027	0.0027	0.0027	0.0027	0.0027	0.0027	0.0027	0.0027	0.0027	0.0027	0.0027	0.0027	0.0027	0.0027	0.0027	0.0027	0.0027	0.0027	0.0027	0.0027	0.0027	0.0027	0.0027	0.0027	0.0027	0.0027	0.0027	0.0027	0.0027	0.0027	0.0027	0.0027	0.0027	0.0027	0.0027	0.0027	0.0027	0.0027	0.0027	0.0027	0.0027	0.0027	0.0027	0.0027	0.0027	0.0027	0.0027	0.0027	0.0027	0.0027	0.0027	0.0027	0.0027	0.0027	0.0027	0.0027	0.0027	0.0027	0.0027	0.0027	0.0027	0.0027	0.0027	0.0027	0.0027	0.0027	0.0027	0.0027	0.0027	0.0027	0.0027	0.0735	0.0735	0.0735	0.0735
63	0.0126	0.0126	0.0126	0.0126	0.0126	0.0126	0.0126	0.0126	0.0126	0.0126	0.0126	0.0126	0.0126	0.0126	0.0126	0.0126	0.0126	0.0126	0.0575	0.0126	0.0126	0.0126	0.0126	0.0126	0.0126	0.0126	0.0126	0.0126	0.0126	0.0126	0.0126	0.0126	0.0126	0.0126	0.0126	0.0126	0.0126	0.0126	0.0126	0.0126	0.0126	0.0126	0.0126	0.0126	0.0126	0.0126	0.0126	0.0126	0.0126	0.0126	0.0126	0.0126	0.0126	0.0126	0.0126	0.0126	0.0126	0.0126	0.0126	0.0126	0.0126	0.0126	0.0126	0.0126	0.0126	0.0126	0.0126	0.0126	0.0126	0.0126	0.0126	0.0126	0.0126	0.0126	0.0126	0.0126	0.0126	0.0126	0.0126	0.0126	0.0126	0.0126	0.0126	0.0126	0.0126	0.0126	0.0126	0.0126	0.0126	0.0126	0.0126	0.0126	0.0126	0.0126	0.0126	0.0126	0.0126	0.0126	0.0126	0.0126	0.0126	0.0126	0.0126	0.0126	0.0126	0.0126	0.0126	0.0278	0.0278	0.0278	0.0278	0.0278	0.0278	0.0278	0.0278	0.0278	0.0278	0.0278	0.0278	0.0278	0.0278	0.0278	0.0278	0.0278	0.0278	0.0278	0.0278	0.0278	0.0278	0.0278	0.0278	0.0278	0.0278	0.0278	0.0278	0.0278	0.0278	0.0278	0.0278	0.0278	0.0278	0.0278	0.0278	0.0278	0.0278	0.0278	0.0278	0.0278	0.0278	0.0278	0.0278	0.0278	0.0042	0.0042	0.0042	0.0042	0.0042	0.0042	0.0042	0.0042	0.0042	0.0042	0.0042	0.0042	0.0042	0.0042	0.0042	0.0042	0.0042	0.0042	0.0042	0.0042	0.0042	0.0042	0.0042	0.0042	0.0042	0.0042	0.0042	0.0042	0.0042	0.0042	0.0042	0.0042	0.0042	0.0042	0.0042	0.0042	0.0042	0.0042	0.0042	0.0042	0.0042	0.0042	0.0042	0.0042	0.0042	0.0042	0.0042	0.0042	0.0042	0.0042	0.0042	0.0042	0.0042	0.0042	0.0042	0.0042	0.0042	0.0042	0.0042	0.0042	0.0042	0.0042	0.0042	0.0042	0.0042	0.0042	0.0042	0.0042	0.0042	0.0042	0.0042	0.0042	0.0042	0.0042	0.0042	0.0042	0.0042	0.0042	0.0042	0.0042	0.0042	0.0042	0.0042	0.0042	0.0042	0.0042	0.0042	0.0042	0.0042	0.0042	0.0042	0.0042	0.0042	0.0042	0.0042	0.0042	0.0042	0.0042	0.0042	0.0042	0.0042	0.0042	0.0042	0.0042	0.0042	0.0042	0.0042	0.0042	0.0042	0.0042	0.0042	0.0042	0.0042	0.0042	0.0042	0.0042	0.0042	0.0042	0.0042	0.0042	0.0042	0.0042	0.0042	0.0042	0.0042	0.0042	0.0042	0.0042	0.0042	0.0042	0.0042	0.0042	0.0042	0.0042	0.0042	0.0042	0.0042	0.0042	0.0042	0.0042	0.0042	0.0042	0.0042	0.0042	0.1377	0.1377	0.1377	0.1377
64	0.0077	0.0077	0.0077	0.0077	0.0077	0.0077	0.0077	0.0077	0.0077	0.0077	0.0077	0.0077	0.0077	0.0077	0.0077	0.0077	0.0077	0.0077	0.1257	0.0077	0.0077	0.0077	0.0077	0.0077	0.0077	0.0077	0.0077	0.0077	0.0077	0.0077	0.0077	0.0077	0.0077	0.0077	0.0077	0.0077	0.0077	0.0077	0.0077	0.0077	0.0077	0.0077	0.0077	0.0077	0.0077	0.0077	0.0077	0.0077	0.0077	0.0077	0.0077	0.0077	0.0077	0.0077	0.0077	0.0077	0.0077	0.0077	0.0077	0.0077	0.0077	0.0077	0.0077	0.0077	0.0077	0.0077	0.0077	0.0077	0.0077	0.0077	0.0077	0.0077	0.0077	0.0077	0.0077	0.0077	0.0077	0.0077	0.0077	0.0077	0.0077	0.0077	0.0077	0.0077	0.0077	0.0077	0.0077	0.0077	0.0077	0.0077	0.0077	0.0077	0.0077	0.0077	0.0077	0.0077	0.0077	0.0077	0.0077	0.0077	0.0077	0.0077	0.0077	0.0077	0.0077	0.0077	0.0077	0.0078	0.0078	0.0078	0.0078	0.0078	0.0078	0.0078	0.0078	0.0078	0.0078	0.0078	0.0078	0.0078	0.0078	0.0078	0.0078	0.0078	0.0078	0.0078	0.0078	0.0078	0.0078	0.0078	0.0078	0.0078	0.0078	0.0078	0.0078	0.0078	0.0078	0.0078	0.0078	0.0078	0.0078	0.0078	0.0078	0.0078	0.0078	0.0078	0.0078	0.0078	0.0078	0.0078	0.0078	0.0078	0.0131	0.0131	0.0131	0.0131	0.0131	0.0131	0.0131	0.0131	0.0131	0.0131	0.0131	0.0131	0.0131	0.0131	0.0131	0.0131	0.0131	0.0131	0.0131	0.0131	0.0131	0.0131	0.0131	0.0131	0.0131	0.0131	0.0131	0.0131	0.0131	0.0131	0.0131	0.0131	0.0131	0.0131	0.0131	0.0131	0.0131	0.0131	0.0131	0.0131	0.0131	0.0131	0.0131	0.0131	0.0131	0.0131	0.0131	0.0131	0.0131	0.0131	0.0131	0.0131	0.0131	0.0131	0.0131	0.0131	0.0131	0.0131	0.0131	0.0131	0.0131	0.0131	0.0131	0.0131	0.0131	0.0131	0.0131	0.0131	0.0131	0.0131	0.0131	0.0131	0.0131	0.0131	0.0131	0.0131	0.0131	0.0131	0.0131	0.0131	0.0131	0.0131	0.0131	0.0131	0.0131	0.0131	0.0131	0.0131	0.0131	0.0131	0.0131	0.0131	0.0131	0.0131	0.0131	0.0131	0.0131	0.0131	0.0131	0.0131	0.0131	0.0131	0.0131	0.0131	0.0131	0.0131	0.0131	0.0131	0.0131	0.0131	0.0131	0.0131	0.0131	0.0131	0.0131	0.0131	0.0131	0.0131	0.0131	0.0131	0.0131	0.0131	0.0131	0.0131	0.0131	0.0131	0.0131	0.0131	0.0131	0.0131	0.0131	0.0131	0.0131	0.0131	0.0131	0.0131	0.0131	0.0131	0.0131	0.0131	0.0131	0.0131	0.0131	0.0131	0.8893	0.8893	0.8893	0.8893
65	0.9582	0.9582	0.9582	0.9582	0.9582	0.9582	0.9582	0.9582	0.9582	0.9582	0.9582	0.9582	0.9582	0.9582	0.9582	0.9582	0.9582	0.9582	0.5366	0.9582	0.9582	0.9582	0.9582	0.9582	0.9582	0.9582	0.9582	0.9582	0.9582	0.9582	0.9582	0.9582	0.9582	0.9582	0.9582	0.9582	0.9582	0.9582	0.9582	0.9582	0.9582	0.9582	0.9582	0.9582	0.9582	0.9582	0.9582	0.9582	0.9582	0.9582	0.9582	0.9582	0.9582	0.9582	0.9582	0.9582	0.9582	0.9582	0.9582	0.9582	0.9582	0.9582	0.9582	0.9582	0.9582	0.9582	0.9582	0.9582	0.9582	0.9582	0.9582	0.9582	0.9582	0.9582	0.9582	0.9582	0.9582	0.9582	0.9582	0.9582	0.9582	0.9582	0.9582	0.9582	0.9582	0.9582	0.9582	0.9582	0.9582	0.9582	0.9582	0.9582	0.9582	0.9582	0.9582	0.9582	0.9582	0.9582	0.9582	0.9582	0.9582	0.9582	0.9582	0.9582	0.9582	0.9582	0.9582	0.8936	0.8936	0.8936	0.8936	0.8936	0.8936	0.8936	0.8936	0.8936	0.8936	0.8936	0.8936	0.8936	0.8936	0.8936	0.8936	0.8936	0.8936	0.8936	0.8936	0.8936	0.8936	0.8936	0.8936	0.8936	0.8936	0.8936	0.8936	0.8936	0.8936	0.8936	0.8936	0.8936	0.8936	0.8936	0.8936	0.8936	0.8936	0.8936	0.8936	0.8936	0.8936	0.8936	0.8936	0.8936	0.0029	0.0029	0.0029	0.0029	0.0029	0.0029	0.0029	0.0029	0.0029	0.0029	0.0029	0.0029	0.0029	0.0029	0.0029	0.0029	0.0029	0.0029	0.0029	0.0029	0.0029	0.0029	0.0029	0.0029	0.0029	0.0029	0.0029	0.0029	0.0029	0.0029	0.0029	0.0029	0.0029	0.0029	0.0029	0.0029	0.0029	0.0029	0.0029	0.0029	0.0029	0.0029	0.0029	0.0029	0.0029	0.0029	0.0029	0.0029	0.0029	0.0029	0.0029	0.0029	0.0029	0.0029	0.0029	0.0029	0.0029	0.0029	0.0029	0.0029	0.0029	0.0029	0.0029	0.0029	0.0029	0.0029	0.0029	0.0029	0.0029	0.0029	0.0029	0.0029	0.0029	0.0029	0.0029	0.0029	0.0029	0.0029	0.0029	0.0029	0.0029	0.0029	0.0029	0.0029	0.0029	0.0029	0.0029	0.0029	0.0029	0.0029	0.0029	0.0029	0.0029	0.0029	0.0029	0.0029	0.0029	0.0029	0.0029	0.0029	0.0029	0.0029	0.0029	0.0029	0.0029	0.0029	0.0029	0.0029	0.0029	0.0029	0.0029	0.0029	0.0029	0.0029	0.0029	0.0029	0.0029	0.0029	0.0029	0.0029	0.0029	0.0029	0.0029	0.0029	0.0029	0.0029	0.0029	0.0029	0.0029	0.0029	0.0029	0.0029	0.0029	0.0029	0.0029	0.0029	0.0029	0.0029	0.0029	0.0029	0.0029	0.0029	0.0029	0.0029	0.0893	0.0893	0.0893	0.0893
66	0.0107	0.0107	0.0107	0.0107	0.0107	0.0107	0.0107	0.0107	0.0107	0.0107	0.0107	0.0107	0.0107	0.0107	0.0107	0.0107	0.0107	0.0107	0.0823	0.0107	0.0107	0.0107	0.0107	0.0107	0.0107	0.0107	0.0107	0.0107	0.0107	0.0107	0.0107	0.0107	0.0107	0.0107	0.0107	0.0107	0.0107	0.0107	0.0107	0.0107	0.0107	0.0107	0.0107	0.0107	0.0107	0.0107	0.0107	0.0107	0.0107	0.0107	0.0107	0.0107	0.0107	0.0107	0.0107	0.0107	0.0107	0.0107	0.0107	0.0107	0.0107	0.0107	0.0107	0.0107	0.0107	0.0107	0.0107	0.0107	0.0107	0.0107	0.0107	0.0107	0.0107	0.0107	0.0107	0.0107	0.0107	0.0107	0.0107	0.0107	0.0107	0.0107	0.0107	0.0107	0.0107	0.0107	0.0107	0.0107	0.0107	0.0107	0.0107	0.0107	0.0107	0.0107	0.0107	0.0107	0.0107	0.0107	0.0107	0.0107	0.0107	0.0107	0.0107	0.0107	0.0107	0.0107	0.0107	0.0067	0.0067	0.0067	0.0067	0.0067	0.0067	0.0067	0.0067	0.0067	0.0067	0.0067	0.0067	0.0067	0.0067	0.0067	0.0067	0.0067	0.0067	0.0067	0.0067	0.0067	0.0067	0.0067	0.0067	0.0067	0.0067	0.0067	0.0067	0.0067	0.0067	0.0067	0.0067	0.0067	0.0067	0.0067	0.0067	0.0067	0.0067	0.0067	0.0067	0.0067	0.0067	0.0067	0.0067	0.0067	0.0514	0.0514	0.0514	0.0514	0.0514	0.0514	0.0514	0.0514	0.0514	0.0514	0.0514	0.0514	0.0514	0.0514	0.0514	0.0514	0.0514	0.0514	0.0514	0.0514	0.0514	0.0514	0.0514	0.0514	0.0514	0.0514	0.0514	0.0514	0.0514	0.0514	0.0514	0.0514	0.0514	0.0514	0.0514	0.0514	0.0514	0.0514	0.0514	0.0514	0.0514	0.0514	0.0514	0.0514	0.0514	0.0514	0.0514	0.0514	0.0514	0.0514	0.0514	0.0514	0.0514	0.0514	0.0514	0.0514	0.0514	0.0514	0.0514	0.0514	0.0514	0.0514	0.0514	0.0514	0.0514	0.0514	0.0514	0.0514	0.0514	0.0514	0.0514	0.0514	0.0514	0.0514	0.0514	0.0514	0.0514	0.0514	0.0514	0.0514	0.0514	0.0514	0.0514	0.0514	0.0514	0.0514	0.0514	0.0514	0.0514	0.0514	0.0514	0.0514	0.0514	0.0514	0.0514	0.0514	0.0514	0.0514	0.0514	0.0514	0.0514	0.0514	0.0514	0.0514	0.0514	0.0514	0.0514	0.0514	0.0514	0.0514	0.0514	0.0514	0.0514	0.0514	0.0514	0.0514	0.0514	0.0514	0.0514	0.0514	0.0514	0.0514	0.0514	0.0514	0.0514	0.0514	0.0514	0.0514	0.0514	0.0514	0.0514	0.0514	0.0514	0.0514	0.0514	0.0514	0.0514	0.0514	0.0514	0.0514	0.0514	0.0514	0.0514	0.0514	0.1512	0.1512	0.1512	0.1512
67	0.9768	0.9768	0.9768	0.9768	0.9768	0.9768	0.9768	0.9768	0.9768	0.9768	0.9768	0.9768	0.9768	0.9768	0.9768	0.9768	0.9768	0.9768	0.4416	0.9768	0.9768	0.9768	0.9768	0.9768	0.9768	0.9768	0.9768	0.9768	0.9768	0.9768	0.9768	0.9768	0.9768	0.9768	0.9768	0.9768	0.9768	0.9768	0.9768	0.9768	0.9768	0.9768	0.9768	0.9768	0.9768	0.9768	0.9768	0.9768	0.9768	0.9768	0.9768	0.9768	0.9768	0.9768	0.9768	0.9768	0.9768	0.9768	0.9768	0.9768	0.9768	0.9768	0.9768	0.9768	0.9768	0.9768	0.9768	0.9768	0.9768	0.9768	0.9768	0.9768	0.9768	0.9768	0.9768	0.9768	0.9768	0.9768	0.9768	0.9768	0.9768	0.9768	0.9768	0.9768	0.9768	0.9768	0.9768	0.9768	0.9768	0.9768	0.9768	0.9768	0.9768	0.9768	0.9768	0.9768	0.9768	0.9768	0.9768	0.9768	0.9768	0.9768	0.9768	0.9768	0.9768	0.9768	0.9768	0.0073	0.0073	0.0073	0.0073	0.0073	0.0073	0.0073	0.0073	0.0073	0.0073	0.0073	0.0073	0.0073	0.0073	0.0073	0.0073	0.0073	0.0073	0.0073	0.0073	0.0073	0.0073	0.0073	0.0073	0.0073	0.0073	0.0073	0.0073	0.0073	0.0073	0.0073	0.0073	0.0073	0.0073	0.0073	0.0073	0.0073	0.0073	0.0073	0.0073	0.0073	0.0073	0.0073	0.0073	0.0073	0.0066	0.0066	0.0066	0.0066	0.0066	0.0066	0.0066	0.0066	0.0066	0.0066	0.0066	0.0066	0.0066	0.0066	0.0066	0.0066	0.0066	0.0066	0.0066	0.0066	0.0066	0.0066	0.0066	0.0066	0.0066	0.0066	0.0066	0.0066	0.0066	0.0066	0.0066	0.0066	0.0066	0.0066	0.0066	0.0066	0.0066	0.0066	0.0066	0.0066	0.0066	0.0066	0.0066	0.0066	0.0066	0.0066	0.0066	0.0066	0.0066	0.0066	0.0066	0.0066	0.0066	0.0066	0.0066	0.0066	0.0066	0.0066	0.0066	0.0066	0.0066	0.0066	0.0066	0.0066	0.0066	0.0066	0.0066	0.0066	0.0066	0.0066	0.0066	0.0066	0.0066	0.0066	0.0066	0.0066	0.0066	0.0066	0.0066	0.0066	0.0066	0.0066	0.0066	0.0066	0.0066	0.0066	0.0066	0.0066	0.0066	0.0066	0.0066	0.0066	0.0066	0.0066	0.0066	0.0066	0.0066	0.0066	0.0066	0.0066	0.0066	0.0066	0.0066	0.0066	0.0066	0.0066	0.0066	0.0066	0.0066	0.0066	0.0066	0.0066	0.0066	0.0066	0.0066	0.0066	0.0066	0.0066	0.0066	0.0066	0.0066	0.0066	0.0066	0.0066	0.0066	0.0066	0.0066	0.0066	0.0066	0.0066	0.0066	0.0066	0.0066	0.0066	0.0066	0.0066	0.0066	0.0066	0.0066	0.0066	0.0066	0.0066	0.0066	0.0066	0.0851	0.0851	0.0851	0.0851
68	0.0054	0.0054	0.0054	0.0054	0.0054	0.0054	0.0054	0.0054	0.0054	0.0054	0.0054	0.0054	0.0054	0.0054	0.0054	0.0054	0.0054	0.0054	0.187	0.0054	0.0054	0.0054	0.0054	0.0054	0.0054	0.0054	0.0054	0.0054	0.0054	0.0054	0.0054	0.0054	0.0054	0.0054	0.0054	0.0054	0.0054	0.0054	0.0054	0.0054	0.0054	0.0054	0.0054	0.0054	0.0054	0.0054	0.0054	0.0054	0.0054	0.0054	0.0054	0.0054	0.0054	0.0054	0.0054	0.0054	0.0054	0.0054	0.0054	0.0054	0.0054	0.0054	0.0054	0.0054	0.0054	0.0054	0.0054	0.0054	0.0054	0.0054	0.0054	0.0054	0.0054	0.0054	0.0054	0.0054	0.0054	0.0054	0.0054	0.0054	0.0054	0.0054	0.0054	0.0054	0.0054	0.0054	0.0054	0.0054	0.0054	0.0054	0.0054	0.0054	0.0054	0.0054	0.0054	0.0054	0.0054	0.0054	0.0054	0.0054	0.0054	0.0054	0.0054	0.0054	0.0054	0.0054	0.0054	0.0083	0.0083	0.0083	0.0083	0.0083	0.0083	0.0083	0.0083	0.0083	0.0083	0.0083	0.0083	0.0083	0.0083	0.0083	0.0083	0.0083	0.0083	0.0083	0.0083	0.0083	0.0083	0.0083	0.0083	0.0083	0.0083	0.0083	0.0083	0.0083	0.0083	0.0083	0.0083	0.0083	0.0083	0.0083	0.0083	0.0083	0.0083	0.0083	0.0083	0.0083	0.0083	0.0083	0.0083	0.0083	0.9794	0.9794	0.9794	0.9794	0.9794	0.9794	0.9794	0.9794	0.9794	0.9794	0.9794	0.9794	0.9794	0.9794	0.9794	0.9794	0.9794	0.9794	0.9794	0.9794	0.9794	0.9794	0.9794	0.9794	0.9794	0.9794	0.9794	0.9794	0.9794	0.9794	0.9794	0.9794	0.9794	0.9794	0.9794	0.9794	0.9794	0.9794	0.9794	0.9794	0.9794	0.9794	0.9794	0.9794	0.9794	0.9794	0.9794	0.9794	0.9794	0.9794	0.9794	0.9794	0.9794	0.9794	0.9794	0.9794	0.9794	0.9794	0.9794	0.9794	0.9794	0.9794	0.9794	0.9794	0.9794	0.9794	0.9794	0.9794	0.9794	0.9794	0.9794	0.9794	0.9794	0.9794	0.9794	0.9794	0.9794	0.9794	0.9794	0.9794	0.9794	0.9794	0.9794	0.9794	0.9794	0.9794	0.9794	0.9794	0.9794	0.9794	0.9794	0.9794	0.9794	0.9794	0.9794	0.9794	0.9794	0.9794	0.9794	0.9794	0.9794	0.9794	0.9794	0.9794	0.9794	0.9794	0.9794	0.9794	0.9794	0.9794	0.9794	0.9794	0.9794	0.9794	0.9794	0.9794	0.9794	0.9794	0.9794	0.9794	0.9794	0.9794	0.9794	0.9794	0.9794	0.9794	0.9794	0.9794	0.9794	0.9794	0.9794	0.9794	0.9794	0.9794	0.9794	0.9794	0.9794	0.9794	0.9794	0.9794	0.9794	0.9794	0.9794	0.9794	0.8594	0.8594	0.8594	0.8594
69	0.9578	0.9578	0.9578	0.9578	0.9578	0.9578	0.9578	0.9578	0.9578	0.9578	0.9578	0.9578	0.9578	0.9578	0.9578	0.9578	0.9578	0.9578	0.4322	0.9578	0.9578	0.9578	0.9578	0.9578	0.9578	0.9578	0.9578	0.9578	0.9578	0.9578	0.9578	0.9578	0.9578	0.9578	0.9578	0.9578	0.9578	0.9578	0.9578	0.9578	0.9578	0.9578	0.9578	0.9578	0.9578	0.9578	0.9578	0.9578	0.9578	0.9578	0.9578	0.9578	0.9578	0.9578	0.9578	0.9578	0.9578	0.9578	0.9578	0.9578	0.9578	0.9578	0.9578	0.9578	0.9578	0.9578	0.9578	0.9578	0.9578	0.9578	0.9578	0.9578	0.9578	0.9578	0.9578	0.9578	0.9578	0.9578	0.9578	0.9578	0.9578	0.9578	0.9578	0.9578	0.9578	0.9578	0.9578	0.9578	0.9578	0.9578	0.9578	0.9578	0.9578	0.9578	0.9578	0.9578	0.9578	0.9578	0.9578	0.9578	0.9578	0.9578	0.9578	0.9578	0.9578	0.9578	0.9578	0.0067	0.0067	0.0067	0.0067	0.0067	0.0067	0.0067	0.0067	0.0067	0.0067	0.0067	0.0067	0.0067	0.0067	0.0067	0.0067	0.0067	0.0067	0.0067	0.0067	0.0067	0.0067	0.0067	0.0067	0.0067	0.0067	0.0067	0.0067	0.0067	0.0067	0.0067	0.0067	0.0067	0.0067	0.0067	0.0067	0.0067	0.0067	0.0067	0.0067	0.0067	0.0067	0.0067	0.0067	0.0067	0.0077	0.0077	0.0077	0.0077	0.0077	0.0077	0.0077	0.0077	0.0077	0.0077	0.0077	0.0077	0.0077	0.0077	0.0077	0.0077	0.0077	0.0077	0.0077	0.0077	0.0077	0.0077	0.0077	0.0077	0.0077	0.0077	0.0077	0.0077	0.0077	0.0077	0.0077	0.0077	0.0077	0.0077	0.0077	0.0077	0.0077	0.0077	0.0077	0.0077	0.0077	0.0077	0.0077	0.0077	0.0077	0.0077	0.0077	0.0077	0.0077	0.0077	0.0077	0.0077	0.0077	0.0077	0.0077	0.0077	0.0077	0.0077	0.0077	0.0077	0.0077	0.0077	0.0077	0.0077	0.0077	0.0077	0.0077	0.0077	0.0077	0.0077	0.0077	0.0077	0.0077	0.0077	0.0077	0.0077	0.0077	0.0077	0.0077	0.0077	0.0077	0.0077	0.0077	0.0077	0.0077	0.0077	0.0077	0.0077	0.0077	0.0077	0.0077	0.0077	0.0077	0.0077	0.0077	0.0077	0.0077	0.0077	0.0077	0.0077	0.0077	0.0077	0.0077	0.0077	0.0077	0.0077	0.0077	0.0077	0.0077	0.0077	0.0077	0.0077	0.0077	0.0077	0.0077	0.0077	0.0077	0.0077	0.0077	0.0077	0.0077	0.0077	0.0077	0.0077	0.0077	0.0077	0.0077	0.0077	0.0077	0.0077	0.0077	0.0077	0.0077	0.0077	0.0077	0.0077	0.0077	0.0077	0.0077	0.0077	0.0077	0.0077	0.0077	0.0077	0.096	0.096	0.096	0.096
70	0.0032	0.0032	0.0032	0.0032	0.0032	0.0032	0.0032	0.0032	0.0032	0.0032	0.0032	0.0032	0.0032	0.0032	0.0032	0.0032	0.0032	0.0032	0.0626	0.0032	0.0032	0.0032	0.0032	0.0032	0.0032	0.0032	0.0032	0.0032	0.0032	0.0032	0.0032	0.0032	0.0032	0.0032	0.0032	0.0032	0.0032	0.0032	0.0032	0.0032	0.0032	0.0032	0.0032	0.0032	0.0032	0.0032	0.0032	0.0032	0.0032	0.0032	0.0032	0.0032	0.0032	0.0032	0.0032	0.0032	0.0032	0.0032	0.0032	0.0032	0.0032	0.0032	0.0032	0.0032	0.0032	0.0032	0.0032	0.0032	0.0032	0.0032	0.0032	0.0032	0.0032	0.0032	0.0032	0.0032	0.0032	0.0032	0.0032	0.0032	0.0032	0.0032	0.0032	0.0032	0.0032	0.0032	0.0032	0.0032	0.0032	0.0032	0.0032	0.0032	0.0032	0.0032	0.0032	0.0032	0.0032	0.0032	0.0032	0.0032	0.0032	0.0032	0.0032	0.0032	0.0032	0.0032	0.0032	0.0118	0.0118	0.0118	0.0118	0.0118	0.0118	0.0118	0.0118	0.0118	0.0118	0.0118	0.0118	0.0118	0.0118	0.0118	0.0118	0.0118	0.0118	0.0118	0.0118	0.0118	0.0118	0.0118	0.0118	0.0118	0.0118	0.0118	0.0118	0.0118	0.0118	0.0118	0.0118	0.0118	0.0118	0.0118	0.0118	0.0118	0.0118	0.0118	0.0118	0.0118	0.0118	0.0118	0.0118	0.0118	0.0102	0.0102	0.0102	0.0102	0.0102	0.0102	0.0102	0.0102	0.0102	0.0102	0.0102	0.0102	0.0102	0.0102	0.0102	0.0102	0.0102	0.0102	0.0102	0.0102	0.0102	0.0102	0.0102	0.0102	0.0102	0.0102	0.0102	0.0102	0.0102	0.0102	0.0102	0.0102	0.0102	0.0102	0.0102	0.0102	0.0102	0.0102	0.0102	0.0102	0.0102	0.0102	0.0102	0.0102	0.0102	0.0102	0.0102	0.0102	0.0102	0.0102	0.0102	0.0102	0.0102	0.0102	0.0102	0.0102	0.0102	0.0102	0.0102	0.0102	0.0102	0.0102	0.0102	0.0102	0.0102	0.0102	0.0102	0.0102	0.0102	0.0102	0.0102	0.0102	0.0102	0.0102	0.0102	0.0102	0.0102	0.0102	0.0102	0.0102	0.0102	0.0102	0.0102	0.0102	0.0102	0.0102	0.0102	0.0102	0.0102	0.0102	0.0102	0.0102	0.0102	0.0102	0.0102	0.0102	0.0102	0.0102	0.0102	0.0102	0.0102	0.0102	0.0102	0.0102	0.0102	0.0102	0.0102	0.0102	0.0102	0.0102	0.0102	0.0102	0.0102	0.0102	0.0102	0.0102	0.0102	0.0102	0.0102	0.0102	0.0102	0.0102	0.0102	0.0102	0.0102	0.0102	0.0102	0.0102	0.0102	0.0102	0.0102	0.0102	0.0102	0.0102	0.0102	0.0102	0.0102	0.0102	0.0102	0.0102	0.0102	0.0102	0.0102	0.0102	0.9179	0.9179	0.9179	0.9179
71	0.0244	0.0244	0.0244	0.0244	0.0244	0.0244	0.0244	0.0244	0.0244	0.0244	0.0244	0.0244	0.0244	0.0244	0.0244	0.0244	0.0244	0.0244	0.2144	0.0244	0.0244	0.0244	0.0244	0.0244	0.0244	0.0244	0.0244	0.0244	0.0244	0.0244	0.0244	0.0244	0.0244	0.0244	0.0244	0.0244	0.0244	0.0244	0.0244	0.0244	0.0244	0.0244	0.0244	0.0244	0.0244	0.0244	0.0244	0.0244	0.0244	0.0244	0.0244	0.0244	0.0244	0.0244	0.0244	0.0244	0.0244	0.0244	0.0244	0.0244	0.0244	0.0244	0.0244	0.0244	0.0244	0.0244	0.0244	0.0244	0.0244	0.0244	0.0244	0.0244	0.0244	0.0244	0.0244	0.0244	0.0244	0.0244	0.0244	0.0244	0.0244	0.0244	0.0244	0.0244	0.0244	0.0244	0.0244	0.0244	0.0244	0.0244	0.0244	0.0244	0.0244	0.0244	0.0244	0.0244	0.0244	0.0244	0.0244	0.0244	0.0244	0.0244	0.0244	0.0244	0.0244	0.0244	0.0244	0.0064	0.0064	0.0064	0.0064	0.0064	0.0064	0.0064	0.0064	0.0064	0.0064	0.0064	0.0064	0.0064	0.0064	0.0064	0.0064	0.0064	0.0064	0.0064	0.0064	0.0064	0.0064	0.0064	0.0064	0.0064	0.0064	0.0064	0.0064	0.0064	0.0064	0.0064	0.0064	0.0064	0.0064	0.0064	0.0064	0.0064	0.0064	0.0064	0.0064	0.0064	0.0064	0.0064	0.0064	0.0064	0.0305	0.0305	0.0305	0.0305	0.0305	0.0305	0.0305	0.0305	0.0305	0.0305	0.0305	0.0305	0.0305	0.0305	0.0305	0.0305	0.0305	0.0305	0.0305	0.0305	0.0305	0.0305	0.0305	0.0305	0.0305	0.0305	0.0305	0.0305	0.0305	0.0305	0.0305	0.0305	0.0305	0.0305	0.0305	0.0305	0.0305	0.0305	0.0305	0.0305	0.0305	0.0305	0.0305	0.0305	0.0305	0.0305	0.0305	0.0305	0.0305	0.0305	0.0305	0.0305	0.0305	0.0305	0.0305	0.0305	0.0305	0.0305	0.0305	0.0305	0.0305	0.0305	0.0305	0.0305	0.0305	0.0305	0.0305	0.0305	0.0305	0.0305	0.0305	0.0305	0.0305	0.0305	0.0305	0.0305	0.0305	0.0305	0.0305	0.0305	0.0305	0.0305	0.0305	0.0305	0.0305	0.0305	0.0305	0.0305	0.0305	0.0305	0.0305	0.0305	0.0305	0.0305	0.0305	0.0305	0.0305	0.0305	0.0305	0.0305	0.0305	0.0305	0.0305	0.0305	0.0305	0.0305	0.0305	0.0305	0.0305	0.0305	0.0305	0.0305	0.0305	0.0305	0.0305	0.0305	0.0305	0.0305	0.0305	0.0305	0.0305	0.0305	0.0305	0.0305	0.0305	0.0305	0.0305	0.0305	0.0305	0.0305	0.0305	0.0305	0.0305	0.0305	0.0305	0.0305	0.0305	0.0305	0.0305	0.0305	0.0305	0.0305	0.0305	0.0305	0.0933	0.0933	0.0933	0.0933
72	0.0052	0.0052	0.0052	0.0052	0.0052	0.0052	0.0052	0.0052	0.0052	0.0052	0.0052	0.0052	0.0052	0.0052	0.0052	0.0052	0.0052	0.0052	0.1588	0.0052	0.0052	0.0052	0.0052	0.0052	0.0052	0.0052	0.0052	0.0052	0.0052	0.0052	0.0052	0.0052	0.0052	0.0052	0.0052	0.0052	0.0052	0.0052	0.0052	0.0052	0.0052	0.0052	0.0052	0.0052	0.0052	0.0052	0.0052	0.0052	0.0052	0.0052	0.0052	0.0052	0.0052	0.0052	0.0052	0.0052	0.0052	0.0052	0.0052	0.0052	0.0052	0.0052	0.0052	0.0052	0.0052	0.0052	0.0052	0.0052	0.0052	0.0052	0.0052	0.0052	0.0052	0.0052	0.0052	0.0052	0.0052	0.0052	0.0052	0.0052	0.0052	0.0052	0.0052	0.0052	0.0052	0.0052	0.0052	0.0052	0.0052	0.0052	0.0052	0.0052	0.0052	0.0052	0.0052	0.0052	0.0052	0.0052	0.0052	0.0052	0.0052	0.0052	0.0052	0.0052	0.0052	0.0052	0.0052	0.8814	0.8814	0.8814	0.8814	0.8814	0.8814	0.8814	0.8814	0.8814	0.8814	0.8814	0.8814	0.8814	0.8814	0.8814	0.8814	0.8814	0.8814	0.8814	0.8814	0.8814	0.8814	0.8814	0.8814	0.8814	0.8814	0.8814	0.8814	0.8814	0.8814	0.8814	0.8814	0.8814	0.8814	0.8814	0.8814	0.8814	0.8814	0.8814	0.8814	0.8814	0.8814	0.8814	0.8814	0.8814	0.9576	0.9576	0.9576	0.9576	0.9576	0.9576	0.9576	0.9576	0.9576	0.9576	0.9576	0.9576	0.9576	0.9576	0.9576	0.9576	0.9576	0.9576	0.9576	0.9576	0.9576	0.9576	0.9576	0.9576	0.9576	0.9576	0.9576	0.9576	0.9576	0.9576	0.9576	0.9576	0.9576	0.9576	0.9576	0.9576	0.9576	0.9576	0.9576	0.9576	0.9576	0.9576	0.9576	0.9576	0.9576	0.9576	0.9576	0.9576	0.9576	0.9576	0.9576	0.9576	0.9576	0.9576	0.9576	0.9576	0.9576	0.9576	0.9576	0.9576	0.9576	0.9576	0.9576	0.9576	0.9576	0.9576	0.9576	0.9576	0.9576	0.9576	0.9576	0.9576	0.9576	0.9576	0.9576	0.9576	0.9576	0.9576	0.9576	0.9576	0.9576	0.9576	0.9576	0.9576	0.9576	0.9576	0.9576	0.9576	0.9576	0.9576	0.9576	0.9576	0.9576	0.9576	0.9576	0.9576	0.9576	0.9576	0.9576	0.9576	0.9576	0.9576	0.9576	0.9576	0.9576	0.9576	0.9576	0.9576	0.9576	0.9576	0.9576	0.9576	0.9576	0.9576	0.9576	0.9576	0.9576	0.9576	0.9576	0.9576	0.9576	0.9576	0.9576	0.9576	0.9576	0.9576	0.9576	0.9576	0.9576	0.9576	0.9576	0.9576	0.9576	0.9576	0.9576	0.9576	0.9576	0.9576	0.9576	0.9576	0.9576	0.9576	0.9576	0.9576	0.0782	0.0782	0.0782	0.0782
73	0.0146	0.0146	0.0146	0.0146	0.0146	0.0146	0.0146	0.0146	0.0146	0.0146	0.0146	0.0146	0.0146	0.0146	0.0146	0.0146	0.0146	0.0146	0.0788	0.0146	0.0146	0.0146	0.0146	0.0146	0.0146	0.0146	0.0146	0.0146	0.0146	0.0146	0.0146	0.0146	0.0146	0.0146	0.0146	0.0146	0.0146	0.0146	0.0146	0.0146	0.0146	0.0146	0.0146	0.0146	0.0146	0.0146	0.0146	0.0146	0.0146	0.0146	0.0146	0.0146	0.0146	0.0146	0.0146	0.0146	0.0146	0.0146	0.0146	0.0146	0.0146	0.0146	0.0146	0.0146	0.0146	0.0146	0.0146	0.0146	0.0146	0.0146	0.0146	0.0146	0.0146	0.0146	0.0146	0.0146	0.0146	0.0146	0.0146	0.0146	0.0146	0.0146	0.0146	0.0146	0.0146	0.0146	0.0146	0.0146	0.0146	0.0146	0.0146	0.0146	0.0146	0.0146	0.0146	0.0146	0.0146	0.0146	0.0146	0.0146	0.0146	0.0146	0.0146	0.0146	0.0146	0.0146	0.0146	0.8514	0.8514	0.8514	0.8514	0.8514	0.8514	0.8514	0.8514	0.8514	0.8514	0.8514	0.8514	0.8514	0.8514	0.8514	0.8514	0.8514	0.8514	0.8514	0.8514	0.8514	0.8514	0.8514	0.8514	0.8514	0.8514	0.8514	0.8514	0.8514	0.8514	0.8514	0.8514	0.8514	0.8514	0.8514	0.8514	0.8514	0.8514	0.8514	0.8514	0.8514	0.8514	0.8514	0.8514	0.8514	0.002	0.002	0.002	0.002	0.002	0.002	0.002	0.002	0.002	0.002	0.002	0.002	0.002	0.002	0.002	0.002	0.002	0.002	0.002	0.002	0.002	0.002	0.002	0.002	0.002	0.002	0.002	0.002	0.002	0.002	0.002	0.002	0.002	0.002	0.002	0.002	0.002	0.002	0.002	0.002	0.002	0.002	0.002	0.002	0.002	0.002	0.002	0.002	0.002	0.002	0.002	0.002	0.002	0.002	0.002	0.002	0.002	0.002	0.002	0.002	0.002	0.002	0.002	0.002	0.002	0.002	0.002	0.002	0.002	0.002	0.002	0.002	0.002	0.002	0.002	0.002	0.002	0.002	0.002	0.002	0.002	0.002	0.002	0.002	0.002	0.002	0.002	0.002	0.002	0.002	0.002	0.002	0.002	0.002	0.002	0.002	0.002	0.002	0.002	0.002	0.002	0.002	0.002	0.002	0.002	0.002	0.002	0.002	0.002	0.002	0.002	0.002	0.002	0.002	0.002	0.002	0.002	0.002	0.002	0.002	0.002	0.002	0.002	0.002	0.002	0.002	0.002	0.002	0.002	0.002	0.002	0.002	0.002	0.002	0.002	0.002	0.002	0.002	0.002	0.002	0.002	0.002	0.002	0.002	0.0631	0.0631	0.0631	0.0631
