TP	ID	PID	EL	Perc	Leaf	Mut
1	0	-1	0	1	0	True
1.5	1	0	3.491749248771816	0.7614912188517671	-1	True
1.5	2	0	3.51133801411542	0.7614912188517671	0	True
2.0	3	2	4.48866198588458	0.6881911319715037	-1	True
2.0	4	2	4.48866198588458	0.3118088680284963	0	True
3.0	5	4	7	0.13281833202126375	1	False
3.0	6	4	7	0.8671816679787362	1	True
